"Homo_cov","Homo_len","Heter_cov","Heter_len","Asym_cov","Asym_len","Bimo_cov","Bimo_len","Bimo.fix_cov","Bimo.fix_len"
1,5.32838784799468,1,14.3018065484849,1,9.7775042668863,1,20.5484242685443,1,17.2657490000676
1,8.42229046941094,1,16.0895323670455,1,8.64058516608557,1,20.2883176322336,1,16.8546597381612
0,4.81273741109196,0,13.4079436392046,1,12.0513424684878,1,20.5484242685443,1,17.0602043691144
1,7.04722263767037,1,16.3874866701389,1,9.7775042668863,1,21.0686375411656,1,16.8546597381612
1,5.67215480592981,1,11.620217820644,0,6.3667469644841,1,20.808530904855,0,17.2657490000676
1,7.66944675161325,1,13.9014415767872,0,7.955222166415,0,19.4911045808276,1,17.4112553197933
1,7.12162912649802,1,16.3838418583563,1,10.5008932596678,1,19.9340842303919,1,18.0116434342689
1,5.84338800122914,1,9.92960112627656,1,6.0459688464754,1,21.4845130038668,1,17.2111259483014
1,7.48684087657485,1,14.6461616612579,0,7.00059550644519,1,20.3770638799561,1,17.2111259483014
1,8.58247612680531,1,13.9014415767872,1,11.7737288062942,1,21.2630231790846,1,17.6113846912852
1,6.32313713846893,1,17.8159126939508,0,9.0044028236578,1,20.123198984081,1,17.3293678033991
1,5.78115395517159,1,13.6670015186472,1,8.68281700852717,1,19.2386627650006,1,16.9014821786238
1,8.67173093275738,1,17.8159126939509,1,8.36123119339653,0,19.6809308745408,1,17.1154249910115
1,4.69718758857692,1,14.8872695113836,1,9.32598863878844,1,20.5654670936213,1,17.3293678033991
0,7.94908668836094,0,16.1075375041199,1,9.00440282365781,1,18.7963946554603,0,16.9014821786238
0,5.79262129084214,1,12.0928111185804,1,12.0472263265197,0,18.9275604691402,1,17.181426957362
1,5.111136433096,0,9.94297803083276,1,10.6782233348697,0,19.3949076412177,1,17.374476698456
0,5.62225007640561,1,12.0928111185804,1,6.29741376158985,1,19.6285812272565,1,17.181426957362
1,7.666704649644,0,11.0178945747066,0,9.58302094154977,1,21.9653170876442,1,17.9536259217379
1,6.13336371971521,1,10.4804363027697,1,8.76161914655979,1,19.6285812272565,1,17.181426957362
1,7.06084775572622,1,13.9922606691505,1,7.89776077146228,1,19.9739321992107,1,17.1269106624765
1,5.76016527440823,1,15.6580059869065,1,8.25674989743784,1,21.9226085113288,1,17.5206327466713
1,6.13178884049908,1,14.3254097327017,1,11.1286629052423,1,19.4867631211812,1,16.930049620379
1,6.13178884049908,1,12.3265153513945,1,6.46180426756005,1,20.2175167382254,1,17.1269106624765
1,7.43247132181707,1,17.990049431765,1,8.6157390234134,1,20.2175167382254,1,17.3237717045739
1,6.6941505601008,1,15.2165550367888,1,4.65015287826315,1,19.3010387912343,1,17.0831740544076
1,4.4627670400672,1,9.34349870680013,0,6.39396020761184,1,20.8022306972192,1,16.8890470765166
1,5.83592612931865,1,12.0130697658859,1,8.42840209185196,1,21.0166866837884,1,17.2773010322986
1,7.55237499088296,1,16.0174263545145,1,8.42840209185196,0,20.5877747106499,1,16.6949200986256
1,6.17921590163151,1,12.0130697658859,1,9.8815748663092,0,18.2287588583879,0,16.5007931207346
1,4.64683957519131,1,11.5290628010449,1,9.06755870777581,1,21.8881492337174,1,16.9258745581197
1,5.28778296487287,1,6.66123628504817,1,12.2850795395672,1,21.644947575565,1,17.3288715714082
1,2.56377355872624,1,5.89263209831185,1,11.1150719643703,1,20.9153426011077,1,17.7318685846968
1,8.01179237101951,1,17.4216948993568,1,14.0400909023625,1,21.644947575565,0,16.5228775448311
1,9.6141508452234,1,20.2399102507233,1,11.992577645768,1,21.8881492337174,0,17.5303700780525
1,5.75906550229815,1,15.0061692241731,1,10.1013992812028,1,23.1480869393767,0,17.0053753544631
1,7.24527595450413,1,11.9014445571028,1,10.7531024606353,1,20.3703165066515,1,16.8244671060113
0,6.87372334145263,1,14.7474421685839,1,10.7531024606353,1,21.0647591148328,1,17.5481000998183
1,7.24527595450413,1,13.4538068906379,1,8.14628974290551,1,20.6017973760453,1,17.3671918513665
1,5.57328919577241,1,12.4188986682812,1,8.79799292233796,1,22.6851252005892,1,17.3671918513665
1,7.6418399028654,1,14.8318689011428,1,9.18127356140286,1,22.4983103166693,1,17.3427360097926
1,6.14669731317434,1,10.2410523365034,1,10.4928840701747,1,21.1902690191885,1,17.5467681981431
1,9.13698249255646,1,16.5975675798503,0,7.86966305263103,1,26.945650728104,1,16.9346716330916
1,7.80796685727552,1,15.5381483726258,1,11.3672910760226,1,23.5447433546539,1,17.7508003864936
1,6.31282426758446,1,11.6536112794694,1,11.8044945789465,1,23.0215268356616,1,17.7508003864936
0,8.91848349652473,0,13.2091264349301,1,11.6884000047741,1,20.9047497300151,1,17.6530800753085
1,6.93659827507479,1,13.556735025323,1,10.2273500041773,1,22.6263173548399,1,17.4429243601262
1,7.10175537686228,1,13.556735025323,1,17.1673375070119,1,23.3641320511934,1,17.4429243601262
0,5.28502725719984,0,9.7330405310011,1,11.3231375046249,1,21.8885026584864,1,17.4429243601262
1,7.43206958043727,1,11.8186920733585,1,12.0536625049233,1,21.150687962133,1,17.6530800753085
1,5.9953551880291,1,10.5396057670836,1,9.77684510625126,1,17.430666034342,1,17.0345189728443
1,6.7220649077902,1,12.7095246014832,1,13.268575501341,0,19.015272037464,1,17.4173171520093
1,7.99380691737213,1,12.7095246014832,1,14.1997036066983,1,21.9581117575477,1,17.0345189728443
1,6.90374233773048,1,13.3295014113116,1,9.07849902723332,1,18.7888997513037,1,17.2259180624268
1,8.17548434731241,1,14.2594666260543,1,10.0096271325906,1,22.8636009021888,0,17.2259180624268
1,5.22809885491203,1,15.4699330107078,0,11.9643206141165,1,21.7521111652833,0,16.5397413329606
1,5.79329873111874,1,14.0105053681882,1,14.6562927522927,1,18.7114934755125,1,16.9335446980311
1,5.36939882396371,1,14.0105053681882,0,13.1607526755281,1,22.453792170615,1,17.7211514281721
1,6.21719863827377,1,13.1348487826764,0,6.58037633776407,1,21.2843238283955,1,17.1304463805664
1,5.51069879301539,0,8.4646803266137,0,15.2545087829985,1,21.2843238283955,1,17.3273480631016
1,8.68317092234028,1,14.8961266893856,1,10.8046240957179,1,21.7318917674281,1,17.4446306994927
0,8.0629444278874,1,19.7460284022089,1,8.36487026765256,1,22.0001867275198,1,17.2417861564753
0,3.92810113153489,1,10.7390680783943,1,11.5016966180223,1,20.927006887153,0,17.038941613458
0,2.68764814262914,1,10.3926465274784,0,6.62218896189161,1,21.1953018472447,1,17.64747524251
1,7.44271793343453,1,17.3210775457973,1,7.31926148419599,1,21.7318917674281,1,17.4446306994927
1,6.61330226580925,1,12.7890828251409,0,8.39239600342983,1,20.3099565328442,1,17.2036994447692
1,6.22428448546753,1,11.9897651485696,1,10.9355463074995,0,18.5970686324838,0,17.3991960293688
1,7.39133782649269,1,14.1212789527598,1,10.1726012162786,1,21.2887496187644,1,17.0082028601695
1,7.3913378264927,1,11.4568866975221,1,8.64671103383679,1,21.0440513472843,1,16.8127062755699
1,5.05723114444237,1,14.3877181782835,0,9.40965612505769,1,21.2887496187644,1,17.0082028601695
1,8.62807364647406,1,15.4083739326838,1,13.1157744735205,1,19.5036628883257,1,18.4643744055099
1,7.42014333596769,1,15.0659656230686,1,9.32677295894794,1,22.7907970829874,1,17.0440379127783
1,6.55733597132028,1,14.3811490038382,1,7.86946468411233,1,21.4759434051227,1,17.2469431260257
1,8.45551217354457,1,14.3811490038382,1,12.2413895086192,1,20.161089727258,1,17.6527535525204
1,7.76526628182665,1,14.7235573134534,1,6.12069475430959,1,20.8185165661904,1,17.449848339273
1,8.03501561885948,1,16.3441790841176,1,8.95899277569239,1,22.2707659257569,1,17.5434913023642
1,6.83831116498679,1,13.0199392703987,1,13.0939125183196,0,18.2938434390146,1,17.1355031325418
1,7.18022672323613,1,13.0199392703987,1,7.2361095495977,1,18.5589716047974,1,16.7275149627194
1,6.66735338586212,1,14.9590791617347,0,7.58068619481663,1,24.6569194178023,1,17.7474853872755
1,7.8640578397348,1,15.2360991462113,0,7.2361095495977,1,24.3917912520194,1,17.7474853872755
1,8.32361923746466,1,16.4698251283121,1,5.42195237374301,1,23.2131843245708,0,17.253310247643
1,6.59607562214181,1,12.2347272381747,1,6.69770587344725,1,21.6656387029327,1,17.253310247643
1,7.69542155916544,1,17.4109579927871,0,6.05982912359513,0,19.0863960002026,1,17.4562903682035
1,6.91017446129142,1,16.7051083444309,0,7.97345937315149,1,17.7967746488376,1,16.847350006522
1,5.96787794384259,1,15.0581258315997,1,8.29239774807755,1,20.1180930812947,1,17.253310247643
1,5.81511436532245,1,14.1527016541421,1,7.21265178906676,0,18.9877353157723,1,17.0070282734127
0,4.87212284662152,1,13.3664404511342,1,9.13602559948456,0,22.1122993550766,1,18.4242806295305
1,8.48692366830845,1,14.93896285715,1,8.65518214688011,1,20.4298417954512,1,17.0070282734127
1,6.28661012467293,1,13.8906145864728,1,7.69349524167121,1,22.5930015149696,1,17.4119575180178
1,7.54393214960751,1,14.4147887218114,1,7.21265178906676,1,20.9105439553442,1,17.0070282734127
1,8.03758713990276,1,18.1983557116473,1,7.31512739779765,1,20.0209529291153,1,17.2122913471517
1,7.89144919190453,0,11.0147942465234,1,8.53431529743059,1,20.4609738726124,0,17.2122913471517
1,7.7453112439063,1,13.8882188325729,1,7.72152336434196,1,19.8009424573668,1,17.4101337764294
1,8.03758713990277,1,12.6909585883856,0,6.09593949816471,1,20.6809843443609,1,17.2122913471517
1,8.03758713990276,1,15.8038352232727,1,6.90873143125334,1,21.1210052878579,1,17.2122913471517
1,8.6497148349985,1,15.6140245786524,1,9.72333717219562,1,20.576908316243,1,17.1688347545552
1,5.91822593973581,1,13.0543484182176,1,20.9199072492694,1,19.1413100616214,1,16.9714918263419
1,6.22172470587611,1,8.95886656152185,1,5.30363845756125,1,25.3622358316483,1,17.760863539195
1,6.52522347201641,0,14.0782188823915,1,16.2055619536594,1,23.2088384497159,0,16.9714918263419
1,9.10496298420894,0,13.5662836503045,1,9.72333717219562,1,22.4910393224051,1,17.1688347545552
1,3.92419454360164,0,16.4794285051261,1,10.2916146741408,1,21.2913106536943,1,16.9838196147944
1,6.33908349351034,1,14.451191150649,1,11.053956501855,1,18.7729835871283,1,17.1725287216254
1,5.88629181540246,1,14.7047208199586,0,13.3409819849974,1,21.062371829461,1,17.1725287216254
1,10.7160697152199,1,12.422953796172,1,11.8162983295691,1,20.3755553567612,1,17.1725287216254
1,9.20676412152692,1,13.9441318120297,1,8.3857601048555,1,23.580698896027,1,17.3612378284565
0,5.19796026879284,0,5.14946817541896,1,9.23345330325273,1,20.8775472611292,1,17.3240554429996
1,6.73809664473146,1,15.7194291670684,1,13.5936951408999,1,20.1406926519129,1,17.5379326706909
1,6.16054550375448,1,14.6353306038223,1,8.463998861315,1,20.386310854985,1,17.1101782153082
1,5.39047731578517,1,11.1120102732725,1,16.1585432806923,1,20.6319290580571,1,16.4685465322341
1,7.31564778570844,1,13.5512320405762,1,15.6455736527338,1,20.8775472611292,1,16.8963009876168
1,6.65228033137194,1,16.3151874471256,1,12.6113901279152,1,23.5726018271062,0,17.0850604755539
1,6.16552811200327,1,14.4681850946208,1,12.3311370139616,1,22.4500969781963,1,17.6483042274952
1,5.35427441305547,1,13.2368501929509,1,10.0891121023322,1,22.6745979479783,1,17.4605563101815
1,7.30128329053018,1,17.238688623378,1,13.7324025837299,1,19.5315843710308,0,16.8973125582401
1,7.46353403031975,1,18.7778572504653,1,10.9298714441932,1,21.1030911595046,1,16.8973125582401
0,7.6420339365096,0,18.5035684906528,1,8.88282232221235,1,22.9908664775781,1,16.9865207955467
1,5.26451226737328,1,13.8776763679896,1,15.0089066823588,1,22.3212295898817,1,17.1752599154972
1,7.30238798377584,1,17.4151232853203,1,11.9458645022856,1,21.2051681103876,1,17.3639990354477
1,7.6420339365096,1,17.4151232853203,1,8.2702138861977,1,21.4283804062864,1,17.3639990354477
1,5.9438041728408,1,16.0545667786547,1,5.5134759241318,1,19.6426820390959,1,18.1189555152498
1,6.95291288111634,1,17.0417573377507,1,8.32034644334809,1,22.02889898674,0,17.2992391105608
1,8.1399955681362,1,12.3328507049512,1,8.32034644334808,1,17.4395450311692,1,16.5038717951327
1,7.63124584512769,1,17.9386919344744,1,8.65316030108201,1,23.6351728711898,1,17.2992391105608
1,7.6312458451277,0,12.781318003313,1,8.32034644334809,1,22.2583666845186,1,17.1003972817038
1,5.42666371209081,1,16.8175236885698,0,9.9844157320177,1,23.6351728711898,1,17.4980809394178
1,6.24169336754096,1,17.7030428406453,1,10.4727836937796,1,20.2294140292535,0,17.2362622633181
0,6.24169336754096,1,19.0047371671633,1,9.35069972658891,1,17.2165225780881,0,17.0403956466895
1,6.0894569439424,1,15.88067078352,1,11.5948676609702,0,20.0142074970274,0,17.2362622633181
1,5.3282748259496,1,11.4549100733587,1,10.4727836937796,1,20.4446205614796,1,17.4321288799467
0,5.63274767314672,0,14.3186375916984,1,10.098755704716,1,19.7990009648013,1,17.0403956466895
1,8.07481233736978,0,16.2811775161669,1,12.4772576716565,1,21.2799357411212,1,17.1031822447429
1,7.38759426610427,1,13.2457037419663,1,8.41489470879161,1,20.80173493795,1,17.1031822447429
1,7.73120330173702,1,14.0735602258392,1,15.6691142853361,0,20.5626345363643,1,17.692947149734
1,7.38759426610427,1,15.729273193585,0,7.25421957654449,1,21.2799357411212,1,17.4963588480703
1,6.70037619483876,1,14.6254645484211,1,8.99523227491517,1,20.0844337331931,1,17.2997705464066
1,7.2014509452258,1,12.2487583479497,1,17.8552399872584,1,20.8028234119185,1,17.2163375578409
1,8.06562505865289,1,16.6233149007889,1,11.6605648896382,1,22.8602455076027,0,16.6226707455016
1,6.76936388851225,1,13.7069438655628,1,12.3893501952405,1,20.8028234119184,1,17.4142264952873
1,7.92159603974838,1,14.5818551761306,1,13.1181355008429,1,19.8884135916143,1,17.4142264952873
1,8.06562505865289,1,16.3316777972663,1,19.3128105984632,1,21.4886307771465,1,17.2163375578409
1,7.18129482442177,1,12.9240460673838,1,11.0284249936872,0,22.5320771380319,0,16.8483665251571
1,8.93283014745148,1,17.732993441294,1,10.0831314227998,1,19.2800247675943,1,17.7843868876659
1,7.53160188902772,1,17.1318750195553,1,7.87744642406231,1,21.1383404078443,1,17.7843868876659
1,7.18129482442177,0,12.6234868565144,1,8.1925442810248,1,21.6029193179068,1,17.7843868876659
1,7.18129482442177,1,14.4268421217307,1,11.6586207076122,1,20.6737614977818,0,17.4099787426624
1,6.67011833603314,1,14.9865747255518,1,16.5252659868449,1,18.0861487006569,1,16.6983880023139
1,9.50491862884723,1,18.6418368537352,1,10.9279984751716,1,17.3722217782625,1,17.0778968205484
1,6.83687129443397,1,14.2555222999152,1,10.3949253788218,1,23.3216127982155,1,16.8881424114311
1,5.50284762722734,0,10.9657863845501,1,11.9941446678713,1,20.7038807494362,0,17.2676512296656
1,4.00207100161989,1,9.13815532045843,1,5.33073096349835,1,20.9418563902343,1,16.6983880023139
1,8.09126057464836,1,16.7966503185439,1,10.9612363628652,1,21.2241865264711,1,17.4798998102465
1,8.26341505496002,1,16.5421556167478,1,6.22124226000456,1,19.8400004486578,1,17.2919438983084
1,5.68109785028502,1,12.724735089806,1,9.47998820572123,1,20.7627911672,1,17.4798998102465
0,4.30386200779168,1,12.2157456862137,1,9.77623783715002,1,20.0706981282934,1,17.4798998102465
1,7.74695161402502,1,17.5601344239323,1,15.1087312028682,1,21.2241865264711,1,17.1039879863702
1,5.36494105401653,1,12.9162780214431,1,11.6339063490494,0,18.0432334606524,1,17.6873478832542
1,5.36494105401653,0,14.7999018995702,1,11.052211031597,1,21.5130860492394,0,17.3110213325466
0,5.52751502535037,0,17.4907931540375,1,10.7613633728707,1,21.2817625433336,1,16.7465315064853
1,6.6655328246872,1,12.9162780214431,1,7.56203912688213,0,20.5877920256162,0,16.9346947818391
1,6.99068076735487,1,13.99263452323,1,10.4705157141445,1,20.1251450138046,1,17.3110213325466
1,7.68198210746392,1,24.1899560714471,1,8.763724389756,1,19.4181388260839,0,17.3078955102991
1,7.51853567964554,1,9.21522136055126,1,9.79475078855083,1,20.8252503352204,1,17.1089541825945
1,7.68198210746392,1,17.2785400510336,1,9.79475078855083,1,22.2323618443569,0,17.1089541825945
1,8.49921424655582,1,15.8386617134475,1,7.47494139126247,1,19.4181388260839,1,17.5068368380037
1,9.15299995782935,1,18.1424670535853,0,7.99045459065989,1,19.1367165242566,1,17.1089541825945
0,6.18572263732557,0,12.0353526464157,1,12.3923846979453,1,20.2380591376588,1,17.9750407772903
1,8.24763018310076,1,16.7448384645783,1,10.7618077640051,0,21.1375284326658,1,17.7753181019871
1,8.10035107268824,1,16.2215622625603,1,12.7185000847333,0,21.1375284326658,1,17.9750407772903
1,6.92211818938814,0,13.8668193534789,1,10.109576990429,0,21.3623957564176,1,17.7753181019871
0,5.30204797485049,0,9.94224783834338,0,17.6102308865538,1,20.2380591376588,1,17.5755954266839
1,8.43641704387902,1,19.5504149370367,1,6.61934483682087,1,20.3287744063635,1,16.893849028581
0,8.43641704387902,0,20.7352885695844,1,10.9219189807544,1,21.3452131266817,1,17.286729238548
0,7.77473727573164,1,17.7731044882152,1,9.59805001339026,1,21.3452131266817,1,16.6974089235975
1,8.10557715980533,1,11.5525179173399,1,8.60514828786713,1,21.5993228067612,1,17.4831693435315
1,8.10557715980533,1,11.8487363254768,1,11.9148207062776,1,20.0746647262839,0,16.6974089235975
1,4.8219799885423,1,10.0866691126498,1,10.8553912457574,1,19.4893189849485,1,17.1987962943155
1,8.1474834289163,1,17.6516709471372,1,9.18533105410238,1,19.7717728832811,1,17.5941709217711
1,6.651006880748,1,14.0492891211909,1,7.5152708624474,1,21.4664962732766,1,17.0011089805878
1,3.6580537844114,0,6.48428728670347,1,11.9687647068607,1,21.7489501716092,0,16.80342166686
1,6.4847317087293,1,15.1300036689748,0,5.28852394024077,1,20.0542267816137,1,17.5941709217711
0,8.47977803951774,0,10.3957708186329,1,7.94430008510824,0,19.3814313362407,1,17.3686544344145
1,6.49514913665189,1,11.9777359432074,1,9.07920009726655,1,20.8350386864588,1,17.3686544344145
1,9.2014612769235,1,14.6896761567638,1,7.94430008510824,1,22.7731818200828,1,16.7765412150594
1,8.84061965822062,1,13.3337060499856,1,8.79547509422698,1,20.8350386864588,1,17.3686544344145
1,8.47977803951774,1,13.1077110321893,1,8.5117500911874,0,20.1082350113497,1,17.7633965806512
1,6.25171927514661,1,13.7844223010763,1,13.4674565641845,0,20.1816042362895,1,17.1300543171873
0,6.10633045479437,1,17.8955657943798,1,6.6195972942602,1,19.6574067236586,1,17.1300543171873
1,6.10633045479437,1,14.268086241465,1,13.4674565641845,1,19.6574067236586,1,17.1300543171873
1,6.39710809549886,1,16.6864059434082,1,10.2717889048865,1,20.443702992605,1,17.3247140253372
1,6.25171927514662,1,16.2027420030195,1,12.7826706371921,1,19.6574067236586,0,17.1300543171873
1,5.41193226666177,1,14.9785051206505,1,9.11426731061546,1,19.6314773457881,1,17.1182008962251
1,7.88595844570715,1,12.7998134667377,1,15.6651469401203,1,20.9549477286503,1,17.1182008962251
1,8.04058508189749,0,17.4295332313024,1,15.0955052332069,1,20.7343693315066,1,17.1182008962251
0,5.87581217523278,0,20.6975707121716,1,8.54462560370199,1,19.4108989486445,1,16.9168102974459
1,9.12297153522984,0,20.6975707121716,1,8.54462560370199,1,20.0726341400755,0,16.9168102974459
1,5.07238728690509,1,10.3651153195167,1,12.0948431087905,1,20.6956112019987,1,17.0251688251356
0,3.68900893593097,0,6.28188807243439,1,14.0637710567331,1,20.6956112019987,1,17.2231359044977
1,8.60768751717227,1,19.1597586209249,1,10.4071905819825,0,19.6982323488903,1,16.6292346664115
1,5.22609599256888,1,13.8201537593556,1,15.7514235835411,1,22.9397136214925,1,17.2231359044977
1,7.68543528318953,1,17.5892866028163,1,13.5012202144638,1,21.1943006285529,1,17.4211029838597
1,7.02507555401115,1,14.6451719795928,1,5.69899702345659,1,20.6269616231125,1,17.2759738799028
1,8.25446377596311,1,15.4741439784376,1,7.49868029402182,1,20.1634343956268,1,17.4617370399017
1,9.65947888676533,1,16.5794399768975,0,8.99841635282619,1,19.931670781884,1,17.6475001999007
1,10.3619864421665,1,17.6847359753573,1,9.29836356458706,1,20.6269616231125,1,18.2047896798975
1,7.72758310941227,1,11.3292839842133,1,7.7986275057827,1,20.8587252368553,1,16.9044475599049
1,6.61404943356039,1,14.1371881158309,0,4.02402146320472,1,19.5146764194362,1,17.5704837586622
1,6.43032583818372,0,14.9687874167622,1,13.4134048773491,1,19.0711610462672,1,17.7747917093443
1,6.98149662431375,1,18.2951846204871,1,10.7307239018793,1,19.5146764194362,1,17.161867857298
1,6.43032583818372,1,16.9091857856017,1,9.38938341414435,1,19.5146764194362,1,17.5704837586622
1,7.71639100582046,1,17.7407850865329,0,7.60092943049781,1,20.1799494791897,1,16.7532519559337
1,6.54252019598599,1,14.5518481206437,1,10.0759314851262,1,21.6913742517315,1,17.1082731599316
1,6.54252019598599,1,14.5518481206437,0,8.33870191872516,1,18.1602203037752,1,16.9181812359323
1,6.1686618990725,1,13.3639421516116,0,9.03359374528559,0,21.1869236877377,1,17.2983650839308
1,9.34645742283712,1,16.927660058708,0,9.03359374528559,1,17.6557697397814,1,17.1082731599316
1,7.29023678981296,1,14.5518481206437,1,9.03359374528559,0,18.1602203037752,0,16.9181812359323
1,6.66545856778137,1,12.5369305869567,0,8.27576317823807,1,22.3224030379678,1,17.0401556924592
1,6.66545856778137,1,15.1609393144593,1,9.54895751335162,1,20.8342428354366,0,16.6194111074602
0,6.16554917519777,1,10.7875914352883,1,9.54895751335162,1,19.7712712622001,1,17.0401556924592
1,8.66509613811578,1,18.368061092518,0,10.1855546809084,1,21.2594314647312,1,17.0401556924592
1,5.49900331841963,1,11.9538175364006,1,10.1855546809084,1,19.9838655768474,1,16.8297833999597
1,6.89713452246842,1,17.3485450333571,1,16.7053304695975,1,20.1700318675066,1,17.0614851242338
1,10.142844885983,1,16.2292840634631,1,14.7233421087978,1,20.722635480315,1,17.2598744861435
1,8.38475177241259,1,15.3898383360426,1,19.5367424135971,1,20.722635480315,1,17.6566532099629
1,7.57332418153395,1,15.9494688209896,1,11.0425065815984,0,18.7885228354856,1,17.2598744861435
1,7.16761038609464,1,16.2292840634631,1,13.8739185255979,1,19.6174282546982,1,17.2598744861435
1,7.84721075309517,1,15.6244223364154,1,12.999151755149,1,20.1800886380312,1,17.1725788633668
1,8.50114498251976,0,14.0354980310172,1,7.85995222404356,1,18.9930246004999,1,17.7206398909211
1,7.02979296631442,1,12.7113944431854,1,14.2083751742326,1,19.9426758305249,1,17.3552658725516
1,7.68372719573902,1,14.5651394661499,1,7.85995222404356,1,23.2664551356124,1,16.8072048449973
1,6.53934229424597,1,12.9762151607517,1,11.7899283360653,1,19.9426758305249,1,16.8072048449973
1,8.2216119312294,1,15.7301926514946,1,8.11679700026561,1,21.4775934096379,1,17.0565633686895
1,9.51127654789284,1,18.8762311817935,1,8.98645382172265,1,22.1350707589125,1,17.24196079661
0,4.67503423540495,0,9.43811559089676,1,8.40668260741796,1,20.1626387110886,1,17.24196079661
1,3.86899384999031,1,8.80890788483698,1,5.79771214304687,1,21.0392751767881,1,16.8711659407689
1,7.57677962289768,1,13.5279656802854,1,7.24714017880859,1,22.1350707589125,1,17.6127556524511
1,7.16089793524936,1,11.9600653803128,1,15.9992200933201,1,23.9029343716638,1,17.9437872114672
1,7.47224132373847,1,13.9070527678056,1,19.3478940663406,1,21.4224411821515,1,17.9437872114672
1,6.53821115827116,1,13.6289117124495,1,16.7433698651025,1,17.5889517074507,1,17.3389404515301
1,6.0711960755375,1,13.3507706570934,1,7.81357260371449,1,20.971442420422,1,17.3389404515301
0,7.78358471222757,0,13.3507706570934,1,10.0460219190615,1,19.8439455160983,1,17.7421716248215
1,5.2122934254001,1,15.1516988653219,1,7.18860431633526,1,21.857292867084,1,17.6271766326387
1,7.10767285281831,1,15.1516988653219,0,10.4234762586861,1,22.2988543391463,1,17.2397661571961
1,7.73946599529105,1,17.3555823366414,0,5.03202302143468,1,22.5196350751775,0,16.8523556817535
1,7.58151770967287,1,16.5291260348966,1,9.34518561123584,1,22.7404158112086,1,17.6271766326387
1,6.79177628158195,1,13.7742716957472,0,7.54803453215203,1,22.7404158112086,1,16.4649452063109
1,6.40682756068315,1,12.520675391871,1,8.92411503673628,1,22.1704270508916,1,16.8492233146402
1,5.00045077906977,1,12.0653781048939,1,7.27150114104437,1,21.7036812182413,1,17.2321602081547
1,5.1567148659157,0,9.56124302651967,1,8.92411503673627,1,21.7036812182413,1,17.0406917613974
1,4.21913034484012,0,13.6589186093138,1,10.5767289324282,1,21.0035624692657,1,17.423628654912
1,5.1567148659157,1,10.6994862439625,1,12.8903883863968,1,21.0035624692657,1,17.2321602081547
1,5.54140754058249,1,11.1629339669156,0,5.46952426586438,1,19.8299650072349,1,17.2165953875363
1,6.54893618432476,1,16.7444009503735,1,10.2553579984957,1,24.0603575421117,1,16.9986638003523
1,6.38101474370105,1,10.3655815407074,1,12.9901201314279,1,19.3011659403753,1,16.7807322131683
1,5.87725042182991,1,12.7576388193322,0,7.06480217674149,1,18.2435678066561,0,16.3448690388003
0,4.53387889684022,1,10.099797398638,1,7.97638955438555,1,20.8875631409541,1,17.2165953875363
1,7.34303099263522,1,13.8714522877008,1,11.9711960370108,1,21.2140261804318,1,16.8849700357176
0,7.49926569460618,1,14.6145658031134,1,11.4143962213359,0,20.5579222779442,0,16.8849700357176
1,8.43667390643196,1,15.1099748133884,0,10.300796589986,1,20.9953248796026,1,16.8849700357176
1,7.18679629066426,1,14.1191567928383,1,10.5791964978235,1,20.5579222779442,1,17.526171429479
0,7.81173509854811,0,13.8714522877008,0,13.919995391873,1,21.6514287820902,1,17.0987038336381
1,7.06485092710505,1,16.5238322064384,1,11.0317202425313,1,19.9770044762334,1,17.2991070740605
1,7.06485092710505,1,17.6403073555221,0,7.87980017323666,0,18.8289007707028,1,16.7350057564281
1,5.20567963049846,0,7.81532604358573,1,6.93422415244826,1,19.5177629940212,1,17.2991070740605
1,7.62260231608703,0,20.3198477133229,1,12.2924882702492,1,20.895487440658,1,16.546971983884
1,5.20567963049846,1,7.81532604358573,1,11.9772962633197,1,19.9770044762334,0,17.1110733015164
1,6.69766609122291,0,14.1809891030848,1,10.3113519247603,1,20.3295931492918,1,17.1723629929803
1,7.05970209615388,1,14.784435447897,1,10.8401392029531,1,20.5659837673069,1,17.3743907928977
1,5.61155807643001,1,13.2758195858667,1,9.78256464656744,1,19.6204212952468,0,16.7683073931455
1,5.06850406903355,1,15.3878817927091,0,11.6333201202424,1,20.8023743853219,0,17.5764185928151
1,5.97359408136098,1,13.8792659306788,1,7.13862825560327,1,21.2751556213519,1,17.1723629929803
1,6.07850437596583,1,13.764477166739,1,12.3306215782319,1,20.7845259096826,1,16.7015785562707
1,6.41619906351949,1,12.9386085367347,0,3.15434505489655,1,19.1312113486851,0,16.5003547182433
1,3.71464156309023,1,18.9949784900998,0,5.73517282708463,1,21.4930892929673,0,17.3052500703527
1,5.909657032189,1,14.8656353400781,1,7.16896603385578,0,22.2016526762519,1,17.3052500703527
1,5.23426765708169,1,17.3432412300911,0,6.59544875114732,1,20.7845259096826,1,17.1040262323254
1,7.63009653803202,1,16.7921421020144,1,10.8867763986451,1,21.1995480609522,0,16.9986843594788
1,5.68789014653296,1,14.9263485351239,1,11.8764833439765,1,20.9311993513199,1,16.9986843594788
1,9.57230292953107,1,15.4594324113783,1,9.89706945331372,1,20.3945019320553,1,16.9986843594788
1,7.76882556599623,1,15.1928904732511,1,9.56716713820327,1,19.8578045127907,1,17.2034877854966
1,7.63009653803202,0,12.7940130301062,1,13.8558972346392,1,20.6628506416876,0,16.9986843594788
1,5.9467103632206,1,15.9120070907333,1,8.00349589994028,1,20.5477941607336,0,17.0800741511556
1,6.9378287570907,1,15.9120070907333,1,7.43181762137312,1,21.7684551999851,1,17.0800741511556
1,5.45115116628555,0,17.9325794197153,1,5.71678278567163,1,22.5822292261528,1,17.0800741511556
1,7.9289471509608,1,13.8914347617513,1,8.57517417850744,1,24.4132207850301,1,17.4513801109634
1,8.09413354993915,1,15.6594355496105,1,10.5760481534925,1,25.4304383177396,1,17.6370330908672
1,6.56428610763962,1,15.2490447962871,1,7.57797465006972,1,21.0625438168129,1,17.6816262656662
1,8.32543603895756,1,17.0582535009313,1,11.3669619751046,1,20.2311276135177,0,17.2450429010818
1,8.64564511737901,1,17.5751702736868,1,11.1143628201023,1,21.3396825512447,1,17.463334583374
1,8.32543603895756,1,17.3167118873091,0,12.1247594401116,1,20.7854050823812,1,17.2450429010818
1,8.00522696053612,1,13.6982944780206,1,10.6091645100976,1,21.0625438168129,1,16.8084595364975
1,5.57982719570973,1,14.086186162106,1,11.0157267597299,0,19.5126377472297,1,17.1638557100058
0,5.26983679594808,1,14.3796483738165,1,6.92417110611591,1,20.7476148198392,1,17.361141407822
1,7.28477439439881,1,15.8469594323693,1,10.3862566591739,1,20.9946102343611,1,17.361141407822
1,5.57982719570972,1,14.6731105855271,1,8.81258140778389,0,19.7596331617516,1,17.361141407822
1,6.6647935948755,1,14.9665727972376,1,10.3862566591739,0,19.2656423327079,0,17.1638557100058
1,6.97907420574258,0,10.7404766597482,1,9.2356603304389,1,20.346441705007,1,17.2230155296375
1,7.32802791602971,1,13.6433081894099,1,11.1597562326137,1,19.3889620953596,1,16.8224802847622
1,6.28116678516832,1,13.9335913423761,1,5.77228770652431,1,20.5858116074189,1,17.2230155296375
1,5.4087825094505,1,17.1267060250039,1,9.2356603304389,1,21.5432912170663,1,17.8238183969504
1,7.8514584814604,1,15.9655734131393,1,3.84819180434954,1,21.3039213146544,1,17.8238183969504
1,6.67826876663565,1,13.5567874067579,1,9.8494421904289,1,20.1420537345721,1,17.4143644637486
1,6.49276130089577,1,14.187335658235,1,12.3912337234428,1,20.8880557247414,1,17.0093792436615
1,7.23479116385529,0,13.5567874067579,1,10.8026140153091,1,20.639388394685,1,17.211871853705
1,6.86377623237553,1,13.8720615324964,1,9.8494421904289,1,19.8933864045157,1,17.4143644637486
1,5.56522397219637,1,12.9262391552808,1,7.62537459904173,1,21.6340577149108,1,17.0093792436615
1,7.85356163694951,1,16.8527076020875,1,10.83747508753,1,20.1625448900168,1,17.1890057019046
1,6.14626562891701,1,13.6426680588327,0,11.254301052435,1,22.9119828295645,1,17.6241704032186
1,6.82918403213001,1,18.4577273737149,1,8.75334526300499,1,21.0790242031994,1,17.4065880525616
1,6.65845443132677,1,13.3751647635615,1,5.41873754376499,1,20.1625448900168,1,16.9714233512475
1,7.34137283453977,1,15.2476878304601,1,5.83556350866999,0,21.5372638597907,0,17.4065880525616
1,7.17510660506744,1,16.9255683946648,1,11.52936541006,1,21.1635468320231,1,17.2211990447481
1,6.98628801019725,1,14.2174774515184,0,9.0763089398345,1,22.0938126268373,1,17.6312275934326
1,5.85337644097607,1,5.75469325418603,1,6.62325246960896,1,21.3961132807267,1,17.2211990447481
0,5.85337644097607,0,12.1864092441587,0,11.2840597630375,1,20.4658474859124,1,17.2211990447481
1,6.60865082045686,0,8.80129556522569,1,7.84978070472173,1,22.0938126268373,1,17.4262133190903
1,7.920500203972,0,16.2976963067141,1,9.4208845176192,1,20.2500617123891,1,17.5332883649608
1,6.78900017483314,1,10.667583037122,0,23.2751264552945,1,21.5481425913884,0,17.3362851249051
1,5.09175013112486,1,10.3712612860908,1,15.7938358089498,1,19.7308293607893,1,17.3362851249051
1,8.48625021854143,1,14.5197658005271,0,14.4084116151823,1,20.7692940639888,1,17.7302916050165
1,7.73191686578219,1,15.4087310536206,1,10.8063087113867,1,21.0289102397886,1,17.1392818848493
1,6.2437982749643,0,10.4550257142648,1,9.51063606854958,1,20.3313180497882,1,17.0777055494595
1,8.43756523643824,1,11.0700272268687,1,9.51063606854958,1,19.6459927222673,1,17.0777055494595
1,6.41254957969306,1,15.0675370587935,1,10.1050508228339,1,18.9606673947463,0,16.8767913665247
0,6.41254957969307,0,3.9975098319248,0,9.21342869140741,1,20.1028762739479,1,17.4795339153291
1,7.08755479860812,1,19.6800484033221,1,10.1050508228339,1,19.417550946427,1,16.8767913665247
1,5.88026634535178,0,12.2709827570553,0,7.54089765862118,1,20.3298041478045,1,17.5040987802932
1,7.62845363721312,1,18.0996995666566,1,9.35071309669027,1,22.0652752335926,1,17.6985887667409
1,8.58201034186476,1,15.3387284463192,1,8.74744128400057,1,19.09018194367,1,16.9206288209501
1,6.3570446976776,1,16.5658267220247,1,8.14416947131088,1,19.3381063844969,1,17.1151188073978
1,6.19811858023566,1,14.41840473954,1,6.33435403324179,1,22.0652752335926,1,17.1151188073978
1,8.08669069613942,1,18.1391787363482,0,12.4858407266378,1,21.0860856815144,1,17.2084602812501
1,6.73890891344952,1,17.8368590907424,1,10.5143921908529,1,19.6803466360801,1,17.582557243886
1,6.06501802210457,1,15.7206215715018,0,11.1715417027812,1,18.2746075906458,1,17.0214117999322
1,7.58127252763071,1,17.5345394451366,0,9.85724267892462,1,21.3203755224201,0,17.7696057252039
1,6.73890891344952,1,15.7206215715018,1,10.8429669468171,1,20.3832161587973,1,17.9566542065218
1,8.70005216001555,0,18.3494895693721,1,7.0575193514052,1,23.0779862617588,1,16.7685995549298
1,5.95266726737906,1,12.1468452078942,1,4.36894055086988,1,22.5412889068342,0,16.9591518225995
1,7.93688968983875,0,14.9897238735716,0,7.39359170147211,1,23.6146836166835,1,16.9591518225994
1,7.93688968983875,1,12.922175753079,1,7.0575193514052,1,22.8096375842965,1,17.3402563579388
1,8.24215467790947,1,16.5403849639411,1,6.04930230120445,1,21.1995455195227,0,16.9591518225995
1,6.05596786683448,1,16.4717521543036,1,10.6706584950933,1,20.8833797089199,1,16.8032212840646
1,8.24284515208027,1,15.3916372589395,1,8.24550883711758,1,19.4595129105845,1,17.1851126768842
1,6.56063185573735,1,14.8515798112574,1,9.94311359770061,1,20.8833797089199,1,16.8032212840646
1,7.06529584464023,0,12.421321296688,1,6.54790407653455,1,20.4087574428081,1,16.8032212840646
1,6.39241052610307,1,16.4717521543036,1,10.9131734608909,1,19.6968240436404,1,17.1851126768842
0,5.19753137556883,0,13.2049464008072,1,8.19425287512904,1,20.6362644834764,1,17.1838267746111
0,4.90877963248167,0,9.24346248056504,1,11.95917987181,0,21.9260310136937,0,16.9907500692783
1,6.64129009100462,1,13.2049464008072,1,6.8654551115946,1,21.0661866602155,1,16.9907500692783
0,6.35253834791746,0,12.9408474727911,1,8.19425287512904,1,20.8512255718459,1,16.7976733639456
1,3.32064504550231,1,9.50756140858118,0,13.9523765171116,1,20.2063423067373,1,16.9907500692783
1,8.02242611343696,1,11.3258772018862,1,15.709913414195,1,21.6486435475939,1,17.0937320511301
1,6.94248413662814,1,13.8427388023054,1,11.5954122819058,1,19.7026980601697,1,17.0937320511301
1,6.78820671136974,1,12.3326218420539,1,13.0915945118292,1,21.1621571757378,1,16.8949677249541
1,6.32537443559453,1,12.8359941621377,1,17.2060956441183,1,19.9459412460977,0,17.292496377306
1,6.01681958507772,1,15.3528557625569,1,7.10686559213584,1,21.8918867335219,1,17.6900250296578
1,7.87013877165261,1,16.7435358243881,1,12.091700290839,1,17.1694107346108,1,17.4071070295448
1,4.4269530590546,0,12.8192696155471,0,10.6856886291136,1,19.2194896282956,1,17.4071070295448
1,5.08279795669231,1,14.6505938463396,1,8.43606997035281,1,22.0383481071123,1,17.20702533955
1,5.24675918110174,1,9.94147439573043,1,8.71727230269791,1,19.9882692134274,0,17.6071887195396
1,3.93506938582631,1,7.84853241768191,1,8.15486763800772,0,22.0383481071123,1,17.4071070295448
1,7.09900438504338,1,9.75786161332326,1,9.67825049580012,1,18.5444658511625,1,17.2856486595599
1,7.59428376074409,1,11.4654873956548,1,10.4847713704501,1,18.5444658511625,1,17.8957303769561
1,5.94335250840841,1,8.05023583099169,1,10.8880318077751,1,20.2303263830864,1,17.0822880870945
1,8.25465626167835,1,13.4170597183195,1,11.6945526824251,1,20.712000820779,1,17.4890092320253
0,6.10844563364198,0,7.07444966965936,1,10.8880318077751,1,19.5078147265476,1,17.0822880870945
1,7.63609600359184,1,13.1323397685921,1,10.4050652057662,1,20.6758724976612,1,16.6999237676755
1,5.37997672980334,1,12.506990255802,1,11.0553817811266,1,19.3700279188616,1,16.6999237676755
1,6.24771491202968,0,10.3182669610367,1,11.705698356487,1,20.8935132607945,1,17.0928631504444
1,7.11545309425603,1,11.2562912302218,1,10.4050652057662,1,23.0699208921272,1,17.878741915982
1,7.8096436400371,1,17.1971116017278,1,9.75474863040582,1,18.0641833400619,1,16.3069843849067
1,6.20295061776379,1,11.2800224399052,1,8.40464842298622,1,20.5875578909873,0,17.0742484854463
1,4.96236049421104,0,8.80391995309673,1,9.6406261322489,1,19.4043649087467,1,16.8733749738528
1,7.0300107001323,1,13.2058799296451,1,15.5733191367098,1,21.0608350838836,1,17.2751219970398
1,4.13530041184253,0,8.80391995309673,1,11.8653860089217,1,20.3509192945392,1,17.0742484854463
1,5.99618559717167,1,12.3805124340423,1,5.93269300446086,1,20.5875578909873,1,17.0742484854463
1,6.29396826134921,1,10.5763224635592,1,9.15895649646443,1,19.9395455649602,0,16.7959013481215
1,10.0057956975295,1,22.4424403495037,1,8.56805607733769,1,21.2688486026242,1,17.3957549676972
1,9.84441189595646,1,17.7991768289167,1,11.5225581729714,1,20.8257475900695,1,16.9958525546467
0,7.1008872692145,1,19.3469313357791,0,9.15895649646443,1,20.8257475900695,1,16.9958525546467
1,7.1008872692145,1,12.1240769704215,1,6.49990461039411,1,21.9335001214562,0,17.195803761172
1,5.56137921904991,1,14.8634002401365,0,10.1415370433319,0,20.9177114962917,0,17.5734015107931
1,6.02482748730407,1,16.2925733401496,1,9.29640895638761,1,20.9177114962917,1,17.1394903623784
1,5.87034473121935,1,18.293415680168,1,9.29640895638761,1,19.5043526114072,1,17.3564459365857
1,6.48827575555823,1,13.1483925201208,1,11.268374492591,1,20.6350397193148,1,17.3564459365857
1,5.71586197513463,1,10.8617155600997,1,14.9305962026831,1,19.5043526114072,0,17.5734015107931
1,6.5853412986021,1,10.3648935552077,1,12.1375724561275,1,22.743746415029,0,17.2106094818185
1,5.64457825594466,1,17.8794413827332,1,11.2039130364254,1,20.4693717735261,0,16.9954768632958
1,6.02088347300764,1,14.5108509772907,1,5.6019565182127,1,21.151684165977,1,17.2106094818185
1,6.77349390713359,1,13.2152392828898,1,10.892693229858,1,21.6065590942776,1,17.2106094818185
1,5.26827303888168,1,15.5473403328115,1,11.2039130364254,1,18.6498720603238,1,17.4257421003413
1,9.77700328842802,1,20.4167537638846,1,13.9925499354734,1,22.0701894247746,0,16.7552211005002
1,6.80898443301237,1,15.726418439749,1,10.9745489689988,1,23.5095496046513,0,17.3397055574944
1,4.36473361090537,1,12.9673976608456,1,10.7001852447738,1,21.1106159715236,1,16.9500492528316
1,8.55487787737452,0,18.7613412965426,1,12.6207313143486,1,22.0701894247746,1,16.9500492528316
0,5.58685902195887,0,14.071005972407,1,15.0900048323733,1,21.5904026981491,0,16.3655647958374
1,5.70782892780494,1,14.7930332714915,1,9.36806505422405,1,18.922459946861,0,16.8027373072419
1,9.23325267733152,1,23.5685614833932,1,10.809305831797,0,20.9993153068823,1,17.2449146048009
1,8.22598874889535,1,20.5598089535983,1,8.64744466543758,1,18.2301748268539,1,17.0238259560214
0,6.54721553483508,0,14.7930332714915,1,10.809305831797,1,19.15322165353,1,17.2449146048009
1,5.70782892780494,1,14.5423038940086,1,6.48558349907819,0,18.4609365335229,1,17.0238259560214
1,9.04181598446137,1,15.9773255138973,0,4.14822841516892,1,21.6863995420148,1,16.9123676967526
1,7.58866698695865,1,16.5479442822508,1,7.56441652177863,0,20.0182149618598,1,16.7086042305266
1,5.16675199112079,1,14.5507785930136,0,13.4207389902524,1,19.5415907961012,1,16.7086042305266
0,3.87506399334059,1,15.4067067455438,1,9.02849713889707,1,20.4948391276184,1,16.9123676967526
0,4.19798599278564,0,14.5507785930136,1,10.9806046283883,1,19.0649666303427,1,16.9123676967526
1,6.73876945681553,1,13.7096040234162,1,9.40106539668392,1,21.8860896497373,1,17.3519036747172
1,7.20891616310498,1,15.4867749153405,1,12.2937009033559,1,23.1019835191671,1,17.3519036747172
1,7.05220059434183,1,17.0100642512757,1,9.40106539668392,1,21.6429108758513,1,16.9530093373674
1,5.64176047547347,1,9.90138068357836,1,8.67790652001593,1,21.8860896497373,1,17.3519036747172
1,7.83577843815759,1,15.7406564713297,1,8.67790652001593,1,21.8860896497373,1,17.1524565060423
1,8.02051821928742,1,13.7206345851112,1,6.11370096249798,1,19.5032655375092,1,18.3048815473857
1,8.18761234885591,1,14.8182853519201,0,8.77183181575797,1,20.3159016015721,1,17.1364848528718
1,7.51923583058196,1,15.915936118729,1,7.70857947445397,1,17.8779934093835,1,17.9154159825477
1,6.51667105317103,0,16.7391741938357,0,7.44276638912797,0,20.857658977614,1,17.1364848528718
1,8.3547064784244,1,15.6415234270268,0,4.78463553586798,1,20.0450229135511,1,17.3312176352908
1,6.53344274669922,1,13.1966377087569,1,9.31389184722883,1,21.3913003037673,1,16.7978946908412
0,5.8800984720293,1,15.8806996156228,1,6.11224152474392,1,19.6701611988665,1,16.9909739401613
1,5.0634181286919,1,15.8806996156228,1,5.53012328429211,1,19.9160382138523,1,16.9909739401613
0,4.08340171668702,1,17.6700742202,0,10.1870692079065,1,20.8995462737956,1,16.9909739401613
1,7.51345915870411,1,11.1835912786076,1,8.14965536632522,1,20.8995462737956,1,16.9909739401613
1,5.52038439706994,1,11.1529223395357,0,12.5812354559714,1,19.4512396469655,1,17.1410456821292
1,5.69289640947838,1,10.8594243832321,0,13.21029722877,1,21.6124884966284,1,17.1410456821292
1,8.28057659560491,1,14.381399858875,0,11.9521736831728,1,23.0533210630703,1,17.1410456821292
0,1.89763213649279,0,8.80493868910712,0,13.5248281151692,1,20.1716559301865,0,17.1410456821292
1,5.69289640947838,1,11.7399182521428,1,14.1538898879678,1,19.2111008858919,0,17.1410456821292
0,7.5116693684488,1,13.9160262336024,1,15.720093863024,1,21.390630397347,1,17.6358930879203
1,7.14524647242691,1,17.4690542081392,0,NA,1,22.7706710681435,0,17.1014720852561
1,7.32845792043785,0,16.2847115499603,1,21.0407410166628,1,20.2405965050165,1,16.9233317510347
1,7.5116693684488,1,19.5416538599524,1,8.222818328351,1,18.6305490557538,1,17.1014720852561
1,7.5116693684488,1,17.4690542081392,1,11.6086846988485,1,20.4706032834826,1,17.1014720852561
1,6.52511364191002,1,14.4612185228466,0,12.4339849572717,1,21.6146674156114,1,17.4099712410323
1,5.77938636854888,1,10.7689925170134,1,8.60814343195733,1,23.5359711858879,1,17.2051480499614
1,7.27084091527117,1,17.2303880272215,1,13.7092654657098,1,24.7367860423108,1,17.0003248588904
1,8.76229546199346,1,19.3841865306242,1,18.8103874994623,1,22.3351563294651,1,17.0003248588904
1,5.03365909518773,1,14.1535330223605,0,10.839884321724,1,18.9728747314811,1,17.6147944321033
1,7.38187095976122,1,13.6726931346654,1,7.08268603018934,1,20.2257215046604,1,17.2135432872729
1,3.7729562683224,1,11.1660327266434,1,8.93034325545613,1,21.0036338702242,1,17.2135432872729
1,8.03803726729556,1,15.2678406670431,1,9.23828612633393,1,20.7443297483696,1,17.4091517337192
1,9.18632830548064,1,16.4072317615985,1,8.62240038457833,1,22.559458601352,0,17.0179348408266
1,6.39762149845973,1,13.2169366968432,1,10.7780004807229,1,19.7071132609511,1,17.8003686266117
0,9.10297250489073,1,12.8506874951711,1,14.5757610973668,1,20.6154648902852,0,16.7808102862437
0,5.0391454937788,1,12.8506874951711,1,14.2899618601635,1,19.9045867906202,1,17.5704954761845
0,8.29020710266834,1,13.7852829493653,1,11.7177687253341,1,20.3785055237302,1,16.188546393788
1,6.01446397644566,1,12.6170386316225,1,6.57338245567522,1,21.8002617230602,1,17.1756528812141
0,6.82722937866805,1,10.9814965867826,1,12.0035679625374,1,20.1415461571752,1,15.9911250963028
1,6.09132935017374,1,12.7349791049515,1,11.5782179944405,1,20.6147555602888,1,17.0924362946033
1,6.09132935017374,1,12.7349791049515,1,7.7188119962937,1,21.5848617043024,1,17.0924362946033
1,6.54817905143677,1,15.0740568997385,1,8.54582756732517,1,21.8273882403058,1,17.2889010795987
0,4.72078024638465,1,15.3339544324926,1,10.1998587093881,1,19.4021228802718,1,16.8959715096078
0,4.11164731136728,0,12.2151840394433,1,10.7512024234091,1,21.5848617043024,1,17.0924362946033
1,8.85603223131566,1,15.6271637422427,1,7.13869179985315,1,19.2243215270191,1,17.5768855155581
1,7.04867871472062,1,13.642761997196,1,5.58680227814594,0,19.9637185088275,1,17.17741084475
1,9.94044434127267,0,15.131063305981,1,7.13869179985315,1,20.9495811512388,1,17.3771481801541
1,8.31382617633714,1,12.6505611246727,1,8.06982551287748,1,20.9495811512388,1,17.3771481801541
1,7.95235547301814,1,14.6349628697193,1,5.58680227814594,1,21.1960468118416,1,17.5768855155581
0,6.44233501681113,1,16.317752741612,1,6.86005618674072,1,21.5346656707631,1,16.7819096467582
1,7.76869810850754,1,14.2122362588234,1,8.35137274907566,1,19.8597472297037,1,16.7819096467582
1,9.6635025252167,1,17.6337005433549,1,8.64963606154265,1,20.5775694187292,1,17.9261307590371
1,9.09506120020395,1,16.5809423019606,1,13.1235857485475,1,21.5346656707631,1,17.1633166841845
1,8.14765899184938,1,13.159478017429,1,9.24616268647662,1,21.2953916077546,1,17.3540202028977
1,6.99836121517086,1,8.64551493083368,0,8.41793387861026,1,18.8044891192739,1,17.413536477687
0,6.22076552459632,0,9.95544143550545,1,10.382118450286,0,18.3096341424509,0,17.413536477687
0,6.99836121517086,0,13.8852209495208,1,11.223911838147,1,19.0519166076854,1,17.6184016127186
0,5.83196767930905,1,11.7893385420459,1,7.29554269479556,1,19.5467715845084,1,17.6184016127186
0,7.58155798310177,0,13.361250347652,0,7.01494489884188,1,18.0622066540394,1,17.413536477687
1,6.16777825242111,1,11.2849956711364,1,10.3186789700118,1,21.1659471456453,1,17.1836314090322
1,5.98637300970285,1,14.4679431681236,1,6.44917435625735,1,21.6311327971979,1,16.9688360164193
1,7.61902019416726,1,14.7573020314861,1,11.3505468670129,1,21.3985399714216,1,17.3984268016451
1,8.16323592232206,1,12.4424311245863,1,7.22307527900823,1,21.3985399714216,1,17.1836314090322
1,6.71199398057592,1,15.914737484936,1,13.156315686765,1,19.537797365211,1,17.1836314090322
1,6.01898430883391,0,9.48839301898422,1,8.71984711000143,0,21.5974393959526,1,17.5899082323168
1,6.43408667496038,1,17.9601725002201,0,7.41187004350121,1,20.1889107396948,1,17.5899082323168
1,6.43408667496038,1,17.9601725002201,0,10.0278241765016,1,20.1889107396948,1,17.3944648075133
1,6.43408667496038,1,16.2658166039729,1,7.84786239900128,1,20.1889107396948,1,17.0035779579062
1,6.43408667496038,1,19.3156572172179,1,9.59183182100157,1,21.1279298438667,1,17.1990213827097
1,6.70079108856897,1,14.4964553815737,1,10.4237126386443,1,24.064946225476,1,17.1311463898472
1,9.44983358644341,1,16.107172646193,1,5.3607664998742,1,20.0541218545634,1,17.3194007457796
1,6.01353046410035,1,13.6910967492641,0,9.23243119422778,1,22.7983701083457,1,17.1311463898472
1,7.21623655692043,1,16.3756255236296,1,6.8498683053948,1,21.9539860302589,1,17.1311463898472
1,7.55986686915473,1,12.8857381169544,1,7.44550902760305,1,17.9431616593462,1,17.507655101712
1,7.83437018626304,1,16.2964291053486,1,9.01490062993794,1,20.2679709037928,1,17.3781336927425
0,7.10559156428508,0,11.2821432267798,1,8.66817368263264,1,23.3190632979122,0,16.7719197267166
1,6.7412022532961,1,13.0371432842789,1,7.62799284071673,1,21.575581929844,1,17.1760623707339
1,5.28364500934019,1,12.0342861085651,1,7.28126589341142,1,21.7935171008525,1,17.1760623707339
0,7.46998087527406,1,20.3078578082036,1,7.28126589341142,1,19.6141653907672,1,17.3781336927425
1,6.84311065472112,0,12.0684225349603,1,11.7704357487459,1,20.1888123819703,1,17.5507815992444
1,5.13233299104084,1,7.75827162961736,1,9.11259541838395,0,20.4476433099443,1,17.1607642303723
1,7.86957725292928,1,16.0912300466138,1,12.9095101760439,0,20.1888123819703,1,18.1358076525525
1,7.01418842108914,1,12.6431093223394,1,11.7704357487459,1,21.7417979498142,1,17.7457902836804
1,7.69849948656126,1,14.3671696844766,0,11.3907442729799,1,21.7417979498142,1,17.5507815992444
1,6.08337404564003,1,18.183811375752,1,17.0197376331875,1,21.3142390805107,1,17.2428729216803
0,8.42313329396312,1,21.7195524765926,1,14.5883465427322,1,23.230125739433,1,17.0351274647925
1,9.20305304340415,1,15.910834953783,1,9.72556436182144,1,21.7932107452413,1,17.2428729216803
1,8.11116539418671,1,18.6889172473006,1,12.427110017883,1,22.7511540747024,1,16.8273820079048
1,6.70730984519285,1,17.9312584399776,1,18.1003558956121,1,19.1588665892231,1,16.2041456372417
1,7.44973801795813,1,16.6867025368933,1,10.190948460022,1,22.6300439397093,1,16.449367792162
1,4.65608626122383,1,13.2342813223637,1,9.48812442829636,1,21.875709141719,1,17.0511739308997
1,6.82892651646161,1,15.8235972332609,1,9.83953644415918,1,22.3785990070459,0,17.0511739308997
1,4.34568051047557,1,13.5219830902411,0,12.6508325710618,1,23.1329338050362,1,16.6499698384079
1,6.82892651646161,1,15.8235972332609,1,9.83953644415919,1,19.1098148824212,1,17.4523780233914
1,7.2162981585292,0,15.1312448106788,1,11.7916101396105,1,20.273694803331,1,17.4318254182672
1,5.6897735480711,1,11.4104469064135,0,9.72807836517864,0,21.2391088415849,1,17.8372167070641
1,7.4938480877034,1,10.6662873255604,1,8.84370760470786,1,20.9977553320214,1,17.8372167070641
1,8.0489479460518,1,15.1312448106788,1,7.36975633725655,1,20.9977553320214,1,17.2291297738687
1,5.8285485126582,1,17.8598299404733,0,8.5489173512176,1,21.2391088415849,1,17.8372167070641
1,8.26395619828517,1,17.1906962507134,1,10.5677764300449,1,20.8322603754302,0,17.3388546169073
1,8.26395619828517,1,15.8683350006586,1,7.65252775968765,1,19.1561014946485,1,16.7268950421929
1,8.4142099473449,1,17.1906962507134,0,7.65252775968765,1,20.5928091067471,1,17.3388546169073
1,6.61116495862813,1,16.9262240007025,0,10.2033703462502,1,20.353357838064,1,16.9308815670977
1,7.06192620580733,1,14.2815015005927,1,12.7542129328127,1,21.7900654501627,1,17.7468276667169
1,6.28790490938889,1,14.703343518088,1,11.7241851615297,1,19.6993650417021,1,17.646116852381
0,4.2443358138375,1,7.86457909107035,0,13.3655710841438,1,21.2545780713102,0,16.78533066446
1,8.488671627675,1,16.7549728461933,1,11.9586688647603,1,20.7361737281075,1,17.0005272114402
1,4.71592868204167,1,14.703343518088,1,7.7379622066096,1,19.1809606984995,1,17.646116852381
1,6.60230015485834,1,11.967837747281,0,8.91038072276256,1,19.1809606984995,1,17.646116852381
1,4.73131677849911,1,13.4811376213533,1,11.4667549865338,1,19.6668261393328,1,16.8308034983656
1,7.60390196544499,1,15.5958258756832,0,7.00746138065956,1,23.3543560404577,1,17.6619542884084
1,6.42107277082022,1,14.5384817485182,1,10.1926710991412,1,22.371014733491,1,16.8308034983656
1,6.42107277082022,1,15.0671538121007,1,13.696401789471,1,21.8793440800077,1,17.6619542884084
1,5.91414597312389,1,13.7454736531445,1,12.7408388739265,1,22.6168500602327,1,17.4541665908977
1,6.52122156309833,1,12.6775016797537,0,8.59604500946319,1,21.0695105256145,0,16.9650564818345
1,6.99838411649577,1,18.0020523852503,1,8.93988680984172,1,18.3332104573529,1,17.1825572059606
1,6.83932993202995,1,16.98785225087,1,8.25220320908467,1,18.3332104573529,1,17.1825572059606
1,6.36216737863252,1,14.1988018813242,1,8.25220320908467,1,19.4277304846575,1,17.1825572059606
1,6.83932993202995,1,16.7343022172749,1,6.87683600757056,0,18.3332104573529,0,17.1825572059606
1,8.34461564227421,1,20.038749220522,1,9.81001506735171,1,18.0061599131455,1,17.3574713060698
1,7.49312425020541,1,15.1512494106386,1,8.79518592245326,1,18.4507564542108,1,17.1624435385859
1,9.19610703434301,1,17.1062493345919,1,10.4865678306173,1,21.5629322416681,1,17.7475268410377
1,6.47133457972286,0,6.5981247433426,0,9.81001506735171,1,22.0075287827334,0,17.1624435385859
0,5.4495449092403,1,15.6399993916269,1,10.8248442122502,1,18.0061599131455,1,16.967415771102
1,6.91911004158196,1,12.4607098160931,1,11.6138788261068,1,21.9807161268831,1,16.7907108836344
1,8.36729586423864,1,13.9559949940243,1,11.0736984155902,1,20.1269207908809,1,17.5716741805476
1,6.59729096988047,1,13.9559949940243,1,11.3437886208485,1,20.3917486960241,1,17.3764333563193
0,4.50546700382081,1,12.709924012415,1,10.8036082103319,1,22.2455440320263,1,16.9859517078627
1,7.72365772083567,1,13.2083524050587,1,9.7232473892987,1,20.9214045063104,1,17.181192532091
1,9.85508847288057,1,27.2005699630666,0,10.0961874326405,1,20.644933998712,1,17.9096651467989
1,6.45678210292175,1,15.0527426009204,1,10.7692665948166,0,20.1810028976173,1,17.1224271183681
1,6.96652805841557,1,12.6759937691961,1,6.05771245958431,1,20.4129684481646,1,17.1224271183681
1,6.62669742141969,1,7.1302464951728,1,4.71155413523224,1,20.4129684481646,0,17.3192366254758
1,7.64618933240734,1,12.6759937691961,1,8.75002910828845,1,19.94903734707,1,17.3192366254758
1,5.25511141807065,1,12.8268172148997,1,5.85641688482314,1,20.6882339557018,0,17.0848648943369
1,7.06155596803244,1,14.7039124170801,1,8.65731191669507,1,17.9464198169943,1,17.2726106624065
1,5.91200034532948,1,13.4525156156265,1,8.65731191669508,1,17.9464198169943,1,16.8971191262672
0,4.76244472262653,1,12.5139680145363,1,9.16656555885361,1,22.931536432826,1,17.0848648943369
1,5.58355588170007,1,12.5139680145363,1,6.36567052698167,1,18.4449314785775,1,17.4603564304761
0,7.06895476948199,1,19.6372482855457,1,6.48036970532574,1,20.8646161676039,1,17.1250294920727
1,5.91819469072911,1,11.2981428492181,1,8.10046213165717,1,23.6159941237714,1,16.9259012421649
0,9.20608063002306,0,17.7542244773427,1,4.8602772789943,0,22.2403051456876,0,16.9259012421649
1,7.39774336341139,1,18.2922312796864,1,10.5306007711543,1,23.3867126274241,0,16.7267729922571
1,7.72653195734078,1,15.6021972679678,1,10.5306007711543,1,23.8452756201187,1,16.9259012421649
1,6.60145292353927,1,16.2283998129817,1,13.691029158312,0,16.8153422756843,1,17.7542997841546
1,8.29413316034421,1,21.5395124790485,1,17.3913073092071,0,17.3027435010664,1,17.7542997841546
1,5.9243808288173,1,12.6876580356039,0,5.92044504143222,1,21.4456539168147,1,17.1349637451725
1,8.29413316034421,1,18.8839561460151,1,11.1008344526854,1,17.5464441137575,1,17.5478544378273
0,5.41657675777581,1,11.2123489616965,1,12.210917897954,1,22.176755754888,1,17.1349637451725
1,9.07152158626277,1,12.9786303896366,1,10.3720767615053,0,21.3372728184619,1,17.7198142851092
1,6.80364118969707,1,12.7241474408202,1,12.8865196127793,1,22.8088088749075,1,17.3170912331749
1,7.85035521888124,1,13.233113338453,1,9.1148553358683,1,20.601504790239,1,16.7130066552734
1,5.58247482231555,1,11.960698594371,1,13.5151303255978,1,20.8467607996467,1,17.1157297072077
1,9.07152158626277,1,13.233113338453,1,13.8294356820071,1,22.0730408466847,1,17.3170912331749
1,8.6593226015973,1,19.7996637115775,1,6.07251811947985,1,22.8518009351939,1,17.3997878070057
1,7.95243912391589,1,14.8497477836831,0,10.6269067090897,1,20.1776540172456,1,17.2106596786686
1,4.77146347434953,1,14.8497477836831,1,6.07251811947985,1,20.9069668130497,0,17.0215315503316
1,8.30588086275659,1,13.8597645981042,0,6.07251811947985,1,17.5035070992974,0,17.0215315503316
1,5.12490521319024,1,10.3948234485782,1,7.59064764934981,1,19.9345497519776,1,16.8324034219946
1,6.45511620818589,1,12.6362352065332,0,8.72539677434763,1,19.1844491081361,1,16.7476040300658
0,6.92744178439461,1,16.8483136087109,1,9.30708989263747,1,20.5386455157693,1,16.9316436347918
1,6.45511620818589,1,13.4786508869688,0,9.01624333349255,1,21.2157437195858,1,17.4837624489698
1,6.92744178439461,1,12.3554299797214,1,9.30708989263747,1,22.3442407259468,1,17.6678020536958
0,5.66790691450468,0,11.5130142992858,1,8.14370365605779,1,20.3129461144971,1,17.2997228442438
1,7.72730942893934,1,14.8536372651982,1,9.85128342608172,0,19.6107160239225,0,17.0675951325102
1,7.55559144162958,1,14.8536372651982,0,10.3837852328969,1,20.6707547279183,1,17.4554950218854
1,6.86871949239053,0,16.4171780299559,1,9.05253071585888,1,20.4057450519194,0,17.0675951325102
0,6.69700150508076,1,12.5083261180616,1,7.18877439200558,1,20.6707547279184,0,17.4554950218854
1,6.86871949239053,1,17.720128667254,1,10.6500361363046,1,18.8156869959257,1,16.8736451878226
1,7.29817707832643,1,11.9885121170785,1,10.1713722510849,1,20.7474967626998,1,17.109203457958
1,6.34624093767515,1,14.1682415929109,1,13.2536062665652,1,22.655312556971,1,17.109203457958
1,5.55296082046576,1,9.80878264124602,1,17.5687338882376,1,21.4629276855515,1,17.109203457958
1,6.0289288907914,0,10.0812488257251,1,12.3289360619211,1,22.4168355826871,0,16.8953384147335
1,5.71161684390764,0,10.6261811946832,1,11.404265857277,1,21.2244507112676,1,16.8953384147335
1,5.74704477454826,1,12.7071970033064,1,10.4430204061132,1,20.7593208977209,1,17.2686976218373
1,5.40898331722189,1,15.3445397775775,0,7.52868912998858,1,17.418740523375,1,17.8507885529105
1,5.40898331722189,1,14.8650229095282,0,8.25727194901973,1,18.8504178266661,1,17.2686976218373
1,6.25413696053781,1,12.946955437331,1,17.4859876567477,1,19.3276435944298,0,17.2686976218373
1,6.08510623187463,1,17.2626072497747,1,7.52868912998858,1,21.9523853171301,0,16.6866066907641
1,7.43733472801902,1,10.7440560769699,0,11.8831513485764,1,20.3533235429111,1,17.0014089437043
1,7.9562185462529,1,15.3835348374796,1,16.1488979865269,1,23.6666552824548,1,17.6086021202651
1,8.12917981899753,1,16.6044503007716,1,11.2737589717263,0,18.9333242259638,1,16.799011218184
1,7.61029600076364,1,13.1858870035539,1,10.3596704064512,1,20.3533235429111,1,17.2038066692246
1,8.12917981899753,1,15.3835348374796,1,6.39861995692574,1,21.5366563070338,1,17.6086021202651
1,7.92562304204211,1,15.6965402987929,1,6.93129546242188,1,19.8968889827559,1,17.5742983339203
1,7.59538874862369,1,14.5074084579752,1,11.2220974153497,1,22.0595943069685,1,17.7653233158108
1,7.43027160191448,1,12.3669711445035,1,9.24172728322918,1,21.1945121772834,1,17.9563482977012
1,8.25585733546053,1,17.1234985077741,1,13.8625909248438,0,22.9246764366535,1,18.1473732795917
1,7.43027160191448,1,11.8913184081764,0,3.30061688686756,1,19.2480773854921,0,17.5742983339203
1,6.67114893131001,1,15.2500405702365,1,6.90828926086592,0,17.6671239861579,1,17.2958819241168
1,6.18301608267757,1,22.6027387023147,1,9.61153288468302,1,20.8381462400837,1,17.0769467098875
1,6.99657083039831,1,20.9688057840751,1,8.1097308714513,1,19.705638292253,1,17.9526875668048
1,7.64741462857489,1,20.1518393249553,1,10.5126140926221,0,20.3851430609514,1,17.5148171383462
1,6.50843798176587,1,16.3393291823962,1,11.7140557032074,1,20.1586414713853,1,17.2958819241168
1,5.97131079700922,1,9.8454013470698,1,8.86267657736569,1,20.5435447667197,1,17.17306312968
0,7.90795213657978,1,19.4506709539672,1,9.4535216825234,1,20.7531727745433,0,16.7997356703391
1,7.58517857998469,1,18.0098805129326,1,7.97640891962912,1,19.4954047276013,1,17.17306312968
0,6.45547113190187,1,12.726982229139,1,8.56725402478684,1,19.076148711954,1,16.9863994000096
0,7.90795213657979,0,18.4901439932774,1,8.86267657736569,1,21.3820567980144,1,17.3597268593504
1,6.3069856666444,1,18.439892346997,1,7.45089571367701,1,20.4289942552691,1,17.2283449762405
1,7.04898398036727,1,16.2381141563108,1,11.4424469888611,1,21.1763964841204,1,17.0182432082375
1,6.86348440193655,0,13.2106691441173,1,7.71699913202262,1,19.1833238738503,1,17.4384467442434
1,7.04898398036727,1,16.7885587039824,1,6.12037862194897,1,19.1833238738503,1,17.4384467442434
1,4.08099072547579,1,13.7611136917888,1,11.7085504072067,1,20.1798601789853,1,17.4384467442434
1,6.0867050749662,1,13.8590612773964,1,9.12253947752453,1,20.9052343840059,1,17.2430384021436
1,7.07373833036612,1,14.6906049540402,1,10.2172442148275,1,19.5565095850378,1,17.824264415699
0,2.63208868106646,0,9.97852411972542,1,8.39273631932257,1,20.4556594510165,1,17.4367804066621
1,6.58022170266616,1,13.8590612773964,1,9.12253947752453,1,20.0060845180271,0,16.8555543931067
1,7.73176050063274,1,13.8590612773964,1,9.48744105662551,1,20.0060845180271,1,17.6305224111806
1,6.79191693974067,1,14.6883718947047,1,8.31925797817606,1,21.2746087653335,1,17.0145139842889
1,6.79191693974067,0,13.7251999671831,0,7.35934359607882,1,20.0231611909021,1,17.222008057268
0,7.14022037254788,1,16.3739227678676,1,10.2390867423705,1,20.7740297355609,0,17.222008057268
0,6.44361350693345,0,14.4475789128243,1,11.1990011244678,1,21.0243192504472,1,17.0145139842889
1,7.31437208895149,1,11.5580631302595,1,11.1990011244678,1,23.0266353695374,1,17.222008057268
1,6.09652614642045,1,6.06430878596432,1,10.5809742118404,1,18.9393597938107,1,17.6677606311513
1,5.43744223869932,1,12.1286175719286,1,8.91029407312872,1,22.5815443695436,1,17.4623215540449
1,4.61358735404791,1,17.0903247604449,1,10.8594209016256,1,21.1246705392504,1,17.6677606311513
0,4.94312930790847,1,14.6094711661868,1,9.18874076291399,1,20.3962336241039,1,17.6677606311513
1,5.10790028483876,1,12.6799183706527,1,8.91029407312872,1,21.3674828442993,1,17.6677606311513
1,5.71087893666433,1,10.4075059019273,1,11.985701354779,1,22.4114400751391,1,17.2801588043456
1,5.38454299742637,1,10.4075059019273,1,23.971402709558,1,21.025165431316,1,17.6641623333311
0,5.71087893666433,0,13.6784363282473,1,13.1842714902569,1,19.8699365614635,0,17.4721605688383
1,5.22137502780739,1,11.8942924593455,1,25.7692579127749,1,21.025165431316,1,17.6641623333311
0,5.54771096704535,0,9.21807665599276,1,9.28891854995373,1,20.563073883375,0,17.2801588043456
1,6.52543306104233,1,16.7558261447635,1,11.1727547795079,1,20.0501282416393,1,17.0673009115669
1,7.36202704322724,1,17.0719738078722,0,12.9845528518605,1,20.5451931364946,1,17.0673009115669
1,7.36202704322724,1,17.3881214709809,1,9.66292305254737,1,21.5353229262052,0,16.8539596501723
1,7.19470824679026,1,17.0719738078722,1,9.66292305254737,1,19.8025957942117,1,16.8539596501723
1,7.02738945035328,1,16.4396784816547,0,9.96488939793947,1,21.2877904787775,1,16.8539596501723
1,5.86208745334622,1,10.3694965311931,1,9.66397364147373,1,20.5641385348063,1,16.7802654789613
1,8.17139463193716,1,12.3764958598111,1,8.6467132581607,1,20.3381589904678,1,17.1895402467409
1,8.88195068688822,1,14.7179950765321,1,10.1726038331302,1,20.1121794461292,1,17.5988150145204
1,6.57264350829728,1,11.3729961955021,1,8.39239816233245,0,20.3381589904678,1,17.5988150145204
1,6.75028252203504,1,15.0524949646351,1,10.4269189289585,0,20.3381589904678,1,17.5988150145204
1,7.94136421176209,1,14.7025855726163,1,8.37709163056599,0,20.6055128257654,1,17.1089231853294
0,6.38423397416168,1,13.2323270153547,1,6.58200056687328,0,20.8423578007742,1,17.3033427669809
0,4.20425164152111,1,12.0561201695454,0,8.67627347451478,1,20.3686678507566,1,17.3033427669809
0,4.51567768904119,0,11.762068458093,0,5.68445503502693,1,20.3686678507566,1,17.1089231853294
1,6.69566002168176,1,15.5847407069733,1,5.98363687897571,0,20.8423578007742,1,17.4977623486324
0,6.01295516134258,1,16.6540258564213,1,8.94278280159299,1,20.3536653748533,1,17.3475404173729
1,10.021591935571,1,14.9311955954122,1,10.3400926143419,1,22.2252667886329,1,16.9345037407687
1,7.47064126106199,1,14.3569188417425,1,6.98654906374453,1,19.6518148446859,1,17.1410220790708
1,6.74179821120229,1,18.0897177405955,1,8.38385887649343,1,20.5876155515757,1,16.7279854024667
1,7.47064126106199,1,16.0797491027516,1,10.0606306517921,1,21.0555159050206,1,17.5540587556749
1,6.01177062489931,1,18.4968367517586,1,13.393059097274,0,17.8583333923083,1,17.3801978378002
1,7.1568697915468,1,21.057937225079,1,14.6996990092031,0,17.1142361676288,1,17.3801978378002
1,3.72157229160433,1,10.2444018932817,1,5.87987960368125,1,19.3465278416673,1,17.3801978378002
1,4.43725927075901,1,10.5289686125395,1,15.67967894315,1,17.6103009840818,1,17.3801978378002
1,5.5823584374065,1,13.0900690858599,1,11.4330992293802,1,19.5945602498938,1,17.1757249220614
1,6.684840299887,1,16.9625158598897,1,11.6136613980208,1,19.0458906224693,1,17.0487539061585
1,4.51226720242373,1,11.2213566457732,1,8.53945691030944,1,20.2215628831155,1,17.0487539061585
1,6.51771929238983,1,14.6138598177511,1,10.5889265687837,1,20.691831787374,1,17.6724888051643
1,4.84650921741808,1,15.9186687300504,1,5.80683069901042,1,19.5161595267278,1,16.8408422731565
1,7.68756634487005,1,20.3550190318677,1,6.83156552824755,1,20.2215628831155,1,17.4645771721623
1,7.73456696244647,1,7.51129112375598,1,8.81961239577728,1,18.5581828887003,1,17.1286819508865
0,7.10317374102227,1,16.1606566602023,1,8.21136326503402,1,20.6459784636791,1,17.1286819508865
1,7.10317374102227,1,12.9740483046694,1,9.42786152652054,1,21.8058648942229,1,17.3325948312542
1,7.57671865709042,1,10.4702845967508,1,8.81961239577728,1,19.7180693192441,1,17.3325948312542
1,8.20811187851462,1,15.7054268951261,1,11.8608580494936,1,21.1099330358966,1,16.9247690705188
1,9.83179804680454,1,30.112624728638,0,3.87666496491143,1,19.6942133198415,1,17.1243831510454
1,8.70355892667943,1,16.4250680338025,1,4.65199795789371,1,19.9232158003048,0,17.3307010203351
1,7.25296577223286,1,5.47502267793418,1,7.75332992982285,1,23.5872554877172,1,17.1243831510454
1,7.25296577223286,1,9.23910076901393,1,9.69166241227857,1,21.2972306830844,1,17.5370188896248
1,7.41414278939359,1,10.6078564384975,1,5.427330950876,1,18.7782033979884,1,17.1243831510454
1,6.20070562633662,1,16.1413301791657,1,6.16398682753849,1,20.1760463736363,1,17.3507419201027
1,5.05847037937988,1,8.07066508958286,1,9.24598024130773,1,20.1760463736363,1,17.1600744264752
1,4.89529391552891,1,13.8354258678563,1,7.96181631890388,1,19.9173791124358,0,16.9694069328477
1,3.42670574087024,0,6.34123685610082,1,10.01647859475,1,21.7280499408391,1,17.7320769073577
1,6.69023501788951,1,14.988378023511,1,9.5028130257885,1,19.4000445900349,0,16.7787394392202
1,5.66662241288482,1,9.37426838476365,1,11.713797888477,1,20.2349020356769,1,16.9478271494956
1,6.92587183797034,1,13.3918119782338,1,3.54138075698143,1,21.6632480617247,0,17.1651069847455
1,6.76846565983465,1,13.3918119782338,1,14.1655230279257,1,21.4251903907168,1,16.9478271494956
1,6.45365330356327,1,11.5169583012811,1,11.713797888477,1,23.0915940877725,1,16.7305473142456
1,7.24068419424172,1,16.6058468530099,1,10.6241422709443,1,20.2349020356769,1,17.3823868199955
0,5.28410457347399,0,6.15751899111263,1,4.71154161605188,1,20.8818479888513,1,17.2316246931671
1,5.43507898985896,1,10.1835891006863,1,10.8088307662367,0,19.6953793531211,0,17.2316246931671
1,5.28410457347399,0,8.28896787265162,1,4.98869112287846,1,20.8818479888512,1,17.2316246931671
0,7.09579757009364,0,14.2096592102599,0,4.71154161605188,1,20.1699668074131,1,16.4483690252958
1,4.98215574070405,1,12.0782103287209,1,6.92873767066454,1,19.9326730802671,1,17.2316246931671
1,8.99997438214513,1,15.2419128322169,1,11.063034875876,1,20.3887026699965,1,17.1596152016674
1,8.50906668857358,1,14.9745108527044,0,8.85042790070081,1,20.3887026699965,0,17.1596152016674
1,6.218164118573,1,12.033089078066,1,6.26905309632974,1,20.1516247319733,1,16.9528728498401
1,6.38180001643018,1,14.9745108527044,0,4.79398177954627,0,20.862858546043,1,17.1596152016674
1,6.70907181214455,1,16.3115207502673,1,8.85042790070081,1,20.862858546043,1,16.9528728498401
1,6.30887288044862,0,10.2842155263993,1,8.50484001918545,1,18.2352311517225,1,17.1504055661901
1,8.53553389707754,1,16.7118502303989,1,8.20109573278597,1,16.9688956550751,0,16.9619395709572
1,5.00998728741508,1,11.2483607319993,1,6.98611858718804,1,18.2352311517225,1,17.1504055661901
1,7.42220338876308,1,15.747705024799,1,9.41607287838389,0,19.2482995490404,1,17.1504055661901
1,5.93776271101046,1,15.426323289599,1,7.593607159987,1,20.7679021450173,1,16.9619395709572
1,7.66605907739868,1,13.7598302659956,1,6.33989127620116,1,21.2468325765031,1,17.1967123692905
1,7.81070170150054,1,17.050224460038,1,9.26599494214015,1,20.8041902311593,1,17.3899338565859
1,7.37677382919496,1,11.6659430516049,1,8.29062705349382,1,22.7960807852064,1,17.5831553438813
1,7.08748858099123,1,17.6484779498639,1,7.80294310917065,1,22.3534384398626,1,17.3899338565859
0,6.50891808458378,1,11.0676895617791,1,5.85220733187799,1,21.468153749175,1,17.5831553438813
1,7.16835058311187,1,15.4665278633408,1,10.3833733072147,1,20.0216742978194,1,17.1750092782082
1,6.23334833314076,1,12.6825528479395,0,10.3833733072147,1,21.0103989545018,0,16.9629721266254
1,7.79168541642595,0,12.3732222906727,1,10.7987082395032,1,21.2575801186724,1,16.9629721266254
1,7.16835058311187,1,15.157197306074,0,11.6293781040804,1,19.5273119694781,0,16.9629721266254
1,7.01251687478335,0,12.6825528479395,1,11.2140431717918,1,22.7406671036961,1,16.9629721266254
0,4.58486424960705,1,13.9199052122833,1,8.274169573485,0,19.2696492054916,1,17.0856093523621
1,7.58266010511936,1,14.5122416042954,1,10.271382918809,1,20.771180312413,1,17.4739186558249
1,6.70095544173339,1,10.662055056217,1,8.84480195786327,1,22.7732217883082,1,18.056382611019
1,6.52461450905619,1,15.4007461923135,1,13.1245448407003,0,21.2716906813868,1,17.4739186558248
1,6.52461450905619,1,12.1428960362472,1,6.27695622816103,1,19.2696492054916,1,17.2797640040935
1,6.46755564318858,1,16.9212410379038,1,14.7108157001369,1,19.9540676423428,1,17.0035928042978
1,8.29173800408793,1,16.6392203539387,1,5.9409063404399,1,20.8821638117541,1,16.8081492088461
1,8.45757276416968,1,13.536992830323,0,7.07250754814274,1,19.2579955152843,1,16.8081492088461
1,5.80421660286155,1,16.0751789860086,1,12.7305135866569,1,19.4900195576371,1,17.0035928042978
1,6.7992251633521,1,11.8448687265326,0,5.65800603851419,1,20.1860916846956,1,17.3944799952012
1,6.63682020758678,1,18.2441281146973,1,9.12434427047145,1,20.667081599138,1,16.764993577557
1,6.31307288038743,1,13.0315200819266,1,6.63588674216106,0,20.667081599138,0,17.3637433481841
0,4.04684158999194,0,16.7961814389276,1,15.2072404507858,1,19.9376551897567,1,17.1641600913084
1,9.87429347958034,0,13.9002880873884,1,6.63588674216106,1,21.1533658720589,1,17.7629098619354
1,6.31307288038743,1,13.3211094170805,1,8.5713537086247,1,22.6122186908216,1,17.1641600913084
0,4.64814425131695,0,11.8641992852672,1,6.71543412164763,1,21.4292462540598,1,16.9968548215
1,6.02537217763308,1,14.5432120271017,1,11.8319553571887,1,19.4811329582362,1,17.5511000874185
1,4.30383726973792,1,9.9506187553854,1,9.59347731663947,1,22.5115314184062,1,17.1816032434728
1,7.40260010394922,0,15.6913603450308,1,11.5121727799674,1,23.810273615622,1,17.3663516654457
1,6.02537217763308,1,14.9259281330781,1,7.67478185331157,1,19.9140470239747,1,17.5511000874185
1,5.671998342243,0,10.9218890173801,1,15.5759811303254,1,20.8157805255014,1,17.3496479532193
1,7.26724787599884,1,13.8521519244821,1,14.407782545551,1,20.8157805255014,1,17.161064823293
1,7.79899772058413,1,16.2496397575656,1,11.2925863194859,1,20.5895220415286,1,17.3496479532193
1,6.55824808321847,0,9.85633886934305,1,16.7441797150999,1,20.3632635575557,1,17.161064823293
1,7.44449782419394,1,12.5202142394358,1,11.6819858477441,1,21.7208144613928,0,16.9724816933667
1,7.15846347941545,1,13.6260627364257,1,6.82962915706996,1,19.3683582083173,1,17.0017796205738
0,5.28362780623521,0,8.99320140604096,1,9.95987585406036,1,17.3023999994301,0,17.0017796205738
1,6.9880238727627,1,14.4436265006112,1,13.9438261956845,0,19.8848477605391,0,17.2143018658309
1,5.79494662619346,0,11.4458926985976,1,6.54506127552538,1,19.1101134322064,1,17.0017796205738
1,5.96538623284621,1,14.4436265006112,1,8.82160432788203,1,20.6595820888718,1,17.0017796205738
1,8.37863220456913,1,16.2408586070761,1,6.92086877648632,1,19.8497777792003,1,16.5891959870768
0,8.7137774927519,1,17.0021488542828,1,9.12296338718652,1,21.9515189558215,0,17.167888870347
1,6.7029057636553,1,17.0021488542828,1,11.6396429422725,1,21.0174117662121,1,16.9749912425903
1,8.37863220456913,1,15.4795683598694,1,10.0667182203437,1,25.2208941194545,1,17.7465817536171
0,5.36232461092424,1,15.4795683598694,1,6.92086877648632,1,20.5503581714074,1,16.7820936148336
1,7.48228693992586,1,10.3446316028496,1,15.7798516622106,1,20.3614135847191,1,17.2279986103092
1,7.7940488957561,1,14.2588165336576,1,11.5718912189544,1,21.342686528561,1,17.2279986103092
1,8.57345378533171,1,18.7321707402953,1,12.6238813297685,1,22.3239594724029,1,17.0386799442619
1,8.26169182950147,1,17.6138321886359,1,16.8318417730246,1,22.8145959443238,1,17.4173172763566
1,7.63816791784098,1,11.1833855165942,1,6.31194066488423,1,20.85205005664,1,17.4173172763566
0,4.61877254237697,0,10.2148826795879,1,11.4900026875275,1,24.3138104978305,1,17.0489257157424
1,5.91780231992049,1,12.1153259688136,1,9.52829491160816,0,21.8578700435041,1,16.852961052343
1,5.62912903602193,1,12.59043679112,1,11.209758719539,1,23.5770283615326,1,16.852961052343
1,4.47443590042769,1,14.9659909026521,1,10.0887828475851,1,21.1210879072063,1,17.0489257157424
1,5.34045575212337,1,13.0655476134264,1,8.12707507166578,0,16.4548010439863,0,16.852961052343
1,8.38522885130146,1,17.3797170158754,1,9.95017943003363,1,20.0008649775091,0,17.2294597481609
0,9.27727447378034,1,16.2400634410639,1,12.5087969977566,1,19.5357285826833,0,17.2294597481609
1,6.77954673083948,1,11.9663625355208,1,6.25439849887828,0,20.9311377671606,0,17.0380213065147
1,5.70909198386482,1,10.2568821733035,0,7.6758527031688,1,19.7682967800962,0,16.6551444232222
1,6.06591023285637,1,12.2512759292236,1,8.81301606660122,1,22.0939787542251,1,17.9952135147458
1,6.83614541753099,1,10.1297168733123,1,10.3260807772323,1,21.0937032454902,1,17.0046872474406
1,7.81273762003542,0,13.385697296877,1,8.17481394864221,1,21.3181043438464,1,17.2001434226985
1,7.81273762003542,1,16.6416777204417,1,6.88405385148818,1,20.6449010487776,1,16.8092310721826
1,7.81273762003542,1,13.7474728994953,1,10.3260807772323,1,19.9716977537088,1,17.2001434226985
1,6.83614541753099,1,10.8532680785489,1,9.46557404579625,1,20.6449010487776,1,17.7865119484723
0,9.43773174578851,0,18.7538719887799,1,7.49404548785831,1,21.7807801391708,1,16.8185529285047
1,5.81993457656958,1,10.1491542527515,1,12.1778239177698,1,20.6463645069223,1,17.1922985491382
1,8.17936751301671,1,13.6792948624041,1,8.19661225234503,1,21.7807801391708,1,16.8185529285047
1,6.60641222205195,1,12.1348583456811,1,15.6906577402033,1,21.3270138862714,1,16.8185529285047
1,5.50534351837663,1,12.1348583456811,1,11.0068793102919,0,19.5119488746738,1,16.8185529285047
1,5.62911112236482,0,10.451124730015,1,6.79280540226325,1,19.8983020198446,0,17.4179034544144
1,5.27729167721702,1,9.99672800262306,0,8.62163762594951,1,22.2671474983976,1,17.212986943186
1,3.87001389662582,1,10.678323093711,0,7.83785238722683,0,20.3720711155552,1,17.4179034544144
1,7.38820834810383,1,14.7678936402386,0,4.4414496860952,1,21.0827247591211,1,17.212986943186
1,6.68456945780823,1,13.1775050943668,0,5.48649667105878,1,21.3196093069764,0,16.8031539207292
1,8.32153721873913,0,17.39630312242,1,8.14854732066314,1,19.6837815382504,1,16.6562157505335
1,7.83203502940154,0,11.3975779077924,0,0.354284666115788,1,21.9995205427504,1,17.2305680177933
1,7.01619804717221,1,11.3975779077924,1,9.91997065124208,1,21.3047988414004,1,17.03911726204
1,7.83203502940153,1,11.6975141685238,1,16.2970946413263,1,20.6100771400504,0,17.03911726204
1,8.32153721873913,1,12.8972592114493,1,10.2742553173579,1,21.3047988414004,1,16.6562157505335
1,7.5965356023688,1,15.9908413281725,1,9.16773985749055,1,22.3268836109607,1,17.1063916748232
1,7.42772370009394,1,13.7595611428461,1,10.8654694607295,0,19.1674189490323,1,17.1063916748232
1,7.25891179781908,0,15.247081266397,1,9.16773985749055,1,22.9587765433464,1,16.9051400080606
1,7.09009989554422,1,14.8752012355093,0,8.14910209554716,1,20.2205738363418,1,17.1063916748232
1,7.93415940691852,1,8.55324071041782,1,9.16773985749055,1,22.5375145884226,1,17.1063916748232
1,2.99644423039324,1,8.58580298236529,1,8.12214085988047,0,20.6801871539707,1,17.1057272304735
1,9.38885858856548,1,16.5794816211192,1,6.3992624956634,1,21.9411741755543,1,17.6888770224215
1,9.38885858856549,1,15.0991707620907,1,10.3372701853024,1,19.6713975367038,0,17.1057272304735
1,7.79075499902243,0,13.3227977312565,1,16.9826581615683,1,20.9323845582874,1,17.4944937584388
1,6.39241435817225,1,18.3558546519534,1,14.029152394339,1,22.6977663885044,1,17.6888770224215
1,5.39454924986075,0,8.72716650836314,1,7.79274308132406,1,20.2490516336016,1,16.8714530553262
0,5.39454924986075,0,7.54781968290866,0,9.59106840778346,1,20.4990399253745,1,16.8714530553262
1,5.9939436109564,1,13.2086844450901,1,9.29134752004023,1,20.2490516336016,1,17.0934458586858
1,6.59333797205203,1,13.444553810181,1,6.89358041809436,0,21.9989696760116,1,16.4274674486071
1,6.1437922012303,1,12.0293376196357,1,11.9888355097293,1,19.7490750500559,0,17.3154386620454
1,8.23588433529738,0,11.5993294821275,0,12.0653931382324,1,20.0593946566468,1,16.6942544581066
1,5.6074106112663,1,16.3903568769194,0,6.63596622602782,1,20.7932749489631,1,17.2904778316104
1,6.8340316824808,1,17.1468348866233,1,8.74741002521849,1,22.2610355335958,0,16.2967722091041
1,7.53495800888909,1,12.6079668283995,1,9.65231451058592,0,20.3040214207522,1,17.0917367071092
1,7.35972642728702,1,17.1468348866233,0,6.33433139757201,1,19.5701411284359,1,16.8929955826079
1,6.45841072318452,1,14.2799489248454,1,12.8357558955692,1,20.1192514319117,1,17.6889431187606
1,6.11849436933271,1,16.2162131858414,0,11.0854255461734,1,20.5765071462733,1,17.1183320504135
1,9.34769973092497,1,13.5538498269719,1,10.2102603714755,1,20.3478792890925,1,17.3085357398626
0,6.62836890011043,0,11.8596185986004,1,10.2102603714755,1,19.2047400031884,1,17.4987394293116
1,7.30820160781407,1,14.0379158922209,1,14.586086244965,1,20.8051350034541,0,17.1183320504135
1,6.19323511826306,1,14.7340878593849,0,8.04706209268997,1,22.2558245030625,1,17.3180641444127
1,6.19323511826306,0,12.5853667132246,0,17.1670657977386,1,21.0462688235482,1,17.123479154026
1,6.53730373594434,1,15.3480081868593,1,5.63294346488298,1,19.836713144034,0,17.123479154026
1,6.53730373594434,1,13.5062472044361,1,10.461180720497,1,21.7720022312568,1,17.123479154026
1,6.70933804478498,1,11.664486222013,1,9.92470991431763,1,21.7720022312568,1,17.123479154026
1,6.38128110599324,1,13.1230257705872,1,8.4943443910132,1,20.4399627097161,0,17.3688923995678
1,6.85987718894274,1,18.7471796722674,1,8.4943443910132,1,21.5508302482877,0,16.9696075168192
1,7.1789412442424,1,16.8724617050407,0,4.2471721955066,0,19.1069216634303,1,17.3688923995678
0,5.58362096774409,1,15.5333774427359,1,11.6797235376431,1,18.884748155716,1,17.3688923995678
1,8.13613341014138,1,18.2115459673455,1,20.5279989449486,1,18.6625746480017,1,17.7681772823165
1,8.17696972597195,1,17.3184814228982,1,8.5501344378149,1,20.4786564432108,1,17.3871224047797
1,6.5707792440846,1,16.2688764881771,1,8.78763817219865,1,18.9536501123334,1,17.1939321558378
1,8.17696972597194,1,16.0064752544969,0,6.65010456274493,1,21.1322305850154,1,17.0007419068958
1,7.30086582676066,1,17.8432838902588,1,8.5501344378149,1,19.607224254138,1,17.7735029026637
1,7.00883119369024,1,15.219271553456,1,10.2126605785011,1,21.3500886322836,1,17.1939321558378
0,6.47157592723804,1,11.5455496844263,1,11.426521339506,1,20.3677537049997,1,17.5738773046436
0,5.96066203824556,1,8.46673643524593,1,9.88239683416737,1,21.2935606915905,1,17.3807577738233
1,7.32309907555883,1,18.216311724317,1,15.1324201523188,1,21.0621089449428,1,17.3807577738233
1,6.6418805569022,1,14.1112273920766,1,7.1029727245578,1,19.6733984650565,1,17.5738773046436
0,6.6418805569022,1,16.4203373289618,1,6.48532292242234,1,20.1363019583519,1,17.3807577738233
1,6.55345967137114,0,8.11713005756264,1,11.7126847568641,1,19.592218514932,1,16.9623226156328
1,6.12606012758607,0,5.50805253906036,1,7.68644937169205,1,20.0882240469556,1,17.3917485046361
1,6.69592618596617,1,11.3060025801765,1,9.88257776360407,1,19.0962129829084,1,16.9623226156328
1,6.26852664218109,1,14.2049776007346,1,9.88257776360407,1,19.0962129829084,1,16.7476096711311
0,5.84112709839602,0,14.2049776007346,1,10.9806419595601,1,19.0962129829084,1,17.1770355601345
0,6.62418959712277,0,13.694254250006,1,11.5449096268614,1,21.8018963116577,1,17.106603614862
0,5.01290023566047,1,11.3240948605819,1,11.5449096268614,1,22.4625598362534,1,16.9165302413635
0,6.98225389966995,1,13.9576052932754,1,7.44832879152349,1,20.2603480876011,1,17.2966769883604
1,5.54999668948124,1,11.5874459038513,1,9.68282742898053,1,20.0401269127359,0,16.726456867865
1,6.26612529457559,0,13.694254250006,0,9.68282742898053,1,19.8199057378707,1,17.8668971088558
1,4.56581304115542,1,9.82463826519098,1,8.36278556327591,1,21.402240715181,1,17.2764720952807
1,6.13531127405259,1,11.9488843765836,0,7.78604173132585,0,20.7334206928316,1,17.0907035781271
1,9.13162608231083,0,11.9488843765836,1,6.63255406742572,1,18.9499006332332,0,17.0907035781271
1,8.27553613709419,1,7.16933062595018,1,8.36278556327591,1,23.8545807971288,1,17.6480091295878
1,6.13531127405259,1,8.2314536816465,0,4.32557873962547,1,22.9628207673296,0,17.6480091295878
1,5.84934151654882,1,12.7736426049415,0,6.94400436207874,1,20.9883093861415,0,17.3621672653298
1,6.39771728372527,1,10.4274633509726,1,13.3324883751912,1,20.2808382832379,1,17.3621672653298
1,5.30096574937236,1,8.3419706807781,1,7.49952471104504,1,21.2241330871094,1,17.162602124349
1,6.03213343894097,0,7.03853776190653,1,11.110406979326,1,21.4599567880773,1,16.9630369833682
1,6.94609305090172,1,14.077075523813,1,9.44384593242708,1,21.4599567880773,0,17.3621672653298
0,2.49320410232123,0,12.228107952176,1,12.9688326082185,1,21.0678384965822,0,17.7800485326509
1,7.81203952060653,1,19.1260150021215,1,7.78129956493109,0,21.0678384965822,1,17.1669434108353
1,6.81475787967804,1,13.482272870348,1,9.59693613008168,0,20.8337514021757,1,16.7582066629583
1,5.81747623874955,1,12.228107952176,0,13.4875859125472,1,21.5360126853952,1,17.1669434108354
0,5.81747623874955,1,12.228107952176,1,11.6719493473966,1,21.3019255909887,1,17.1669434108353
0,6.41277717696884,0,9.27772261975111,1,11.540285298593,1,21.3521701093879,1,16.7789572362443
1,8.10035011827643,1,10.0101744055209,1,11.8899909137018,1,20.6073269660372,1,17.2037409637442
0,4.38768964739973,1,3.90640952410573,1,14.337930219464,1,20.6073269660372,1,16.7789572362443
1,10.8004668243686,0,18.067144048989,1,12.9391077590285,1,20.8556080138208,1,16.7789572362443
1,6.24401988283808,1,9.52187321500772,1,8.04322914750419,0,19.8624838226865,1,17.2037409637442
1,5.57079547026931,1,13.064823430991,0,12.2540276219598,1,20.2787758608703,1,17.2217507685795
1,6.02248158948033,1,9.52643375176427,1,6.65218642334959,1,20.5230984616036,1,17.4317721194158
1,6.17304362921734,1,13.064823430991,1,10.1533371724809,1,20.767421062337,1,17.4317721194158
1,7.2269779073764,1,13.064823430991,1,9.45310702265467,1,20.0344532601369,1,17.2217507685795
1,7.07641586763939,0,15.5144778243018,1,7.70253164808899,1,19.7901306594035,1,17.0117294177432
1,6.63956960839419,0,15.9095997989333,1,12.3965164844145,1,22.9299225957465,1,17.0110406375914
1,5.48486185041259,0,8.5440443364642,0,6.71477976239118,1,19.286850781469,1,17.4209452312683
0,6.78390807814189,0,12.3741331769481,1,13.9460810449663,1,20.7869391755833,1,17.2159929344298
1,6.49523113864649,1,16.4988442359309,1,12.6547772445065,1,22.0727292276812,1,17.2159929344298
1,5.773538789908,1,10.017155428958,1,8.00608356285102,1,20.7869391755833,1,17.4209452312683
1,7.08314055431999,1,13.5468592408289,1,9.43574538073063,1,19.8632682317792,1,16.9742944870217
0,6.91841635538231,1,12.993926210591,1,10.4467181000946,1,21.7450515379478,1,16.9742944870217
1,7.41258895219534,1,14.6527253013048,1,12.8056544452773,1,22.9995737420601,1,17.3600739071813
1,7.74203735007068,0,14.0997922710668,1,9.09875447427596,1,19.236007129723,1,16.9742944870217
0,6.09479536069394,1,14.6527253013048,1,10.7837090065493,1,23.2086607760789,1,17.3600739071813
1,4.8019191071801,1,10.3550050205498,1,7.58928245313432,1,20.4939715073211,1,17.3163235252674
1,7.37437577174088,1,15.2089136239325,1,3.62965682541206,1,20.7567147317739,1,16.9040301079991
1,4.97341621815082,0,12.2965684619028,1,11.8788768831668,1,20.2312282828683,1,17.3163235252674
0,5.31641044009226,0,6.4718781378436,1,8.90915766237507,1,19.7057418339626,1,17.1101768166333
1,3.08694799747292,0,4.8539086033827,1,7.9192512554445,1,21.0194579562268,1,17.3163235252674
1,5.77109215841101,1,13.5829962649412,1,10.8369148562099,0,21.759913618707,1,17.1436008579873
1,8.57419406392493,1,15.0279958675945,1,8.89182757432604,1,20.0015367606296,1,16.7583514005044
1,6.26575720056052,1,13.8719961854719,1,8.05821873923297,1,22.6391020477456,1,17.1436008579873
1,7.5848639796259,1,14.7389959470638,1,7.5024795158376,1,20.6609280824086,0,16.9509761292458
1,6.4306455479437,1,12.7159965033492,1,8.61395796262835,1,21.9797107259666,1,16.9509761292458
1,4.39169450927927,1,13.5323265079509,1,9.82196806249886,1,20.4879597491547,1,17.4970022096593
1,8.10774370943865,1,15.865486250701,1,12.8621010342247,1,20.4879597491547,1,17.1286442684033
1,7.09427574575882,1,14.2322744307759,1,4.91098403124943,1,20.0611272543806,1,17.1286442684033
1,6.08080778207899,1,15.632170276426,1,13.3298137991056,1,20.2745435017677,1,17.1286442684033
1,8.10774370943865,1,16.098802224976,1,12.8621010342247,1,20.9147922439288,1,17.4970022096593
1,7.79274603535167,1,15.9541807772614,1,13.7815255853904,1,21.207661405338,1,17.1386986710213
1,6.96373049967596,1,19.1450169327137,1,8.20328903892285,1,19.5763028356966,1,17.5326917439184
1,6.46632117827054,1,13.6142342632631,1,12.4689993391627,0,21.9068150780414,1,17.3356952074698
0,4.97409321405426,1,10.8488429285378,1,11.1564730929351,1,22.3729175265104,1,16.9417021345728
1,8.45595846389224,1,16.8050704187154,1,8.20328903892285,1,24.7034297688552,1,16.5477090616758
1,7.50211867894694,1,14.5929398522912,1,9.4920427827861,0,20.8137562275526,0,17.4961091501937
1,7.02326003986522,1,12.7968857166246,1,10.0193784929409,0,21.6720554534311,1,17.0795351228082
1,7.34249913258636,1,13.6949127844579,1,11.3377177683278,1,20.599181421083,1,17.0795351228082
1,7.82135777166808,1,14.3684330853328,1,10.2830463480183,1,20.599181421083,1,17.287822136501
1,6.5444014007835,1,12.1233654157496,0,9.22837492770871,0,21.4574806469614,0,17.287822136501
1,5.14885848334161,1,15.9574678851746,1,7.29200651535272,1,22.8425923524778,1,16.5422974796696
1,6.25218530120052,1,15.631805275273,0,5.72943369063428,1,19.3102327103421,1,16.7324388300106
1,6.98773651310646,1,12.3751791762578,0,5.2085760823948,1,20.2521952815783,1,16.7324388300106
1,5.88440969524755,1,18.8884313742882,1,9.1150081441909,1,23.0780829952869,1,17.1127215306927
1,6.6199609071535,1,14.6548174455685,1,6.77114890711324,1,21.6651391384326,1,17.1127215306927
1,8.17014128458615,1,19.7369084273754,1,11.6943875719688,1,20.4668314834854,1,17.0883708410118
1,5.91630920607962,1,14.4552005383595,1,6.27503723373938,1,20.2536353221991,0,16.891952785368
1,6.05717371098628,1,11.1193850295073,1,13.9762192933286,1,21.1064199673444,1,17.0883708410118
1,8.87446380911943,1,23.628693187703,1,13.1205323978187,1,22.3855969350622,0,17.2847888966556
0,8.17014128458615,0,17.2350467957363,1,10.268242746119,1,20.893223806058,1,17.2847888966556
1,6.73300682959174,1,14.3688931379784,1,10.3718226846149,1,20.0339211116185,1,17.2880117107073
0,5.81486953464741,0,13.0859562506589,1,10.0014004458786,1,23.9114542299963,0,14.5583256511219
1,6.73300682959174,1,13.8557183830506,1,8.8901337296699,1,24.3422912431494,1,17.4699907813463
0,5.96789241713813,1,13.0859562506589,1,11.1126671620874,1,25.2039652694556,1,17.6519698519853
0,5.66184665215669,1,13.0859562506589,1,11.1126671620874,1,22.188106177384,1,17.6519698519853
1,7.23638509163626,1,11.2777170511802,1,11.1852052652254,0,16.905853623219,1,17.5770225473582
1,6.90745849656189,1,14.5357241992989,0,9.52813781852532,1,22.7759416868367,1,17.7640121489259
1,6.7429951990247,1,14.2851082648283,1,10.3566715418754,1,19.4886923712108,1,17.3900329457906
1,8.22316487685939,1,12.5307967235336,1,9.52813781852532,1,20.6627099839343,1,17.203043344223
0,7.72977498424783,1,15.7888038716523,1,9.52813781852532,1,22.541138164292,1,17.0160537426553
1,8.92342526271227,1,13.9073847410734,1,4.25675281533558,1,21.3534826257832,1,17.0773398100628
1,9.91491695856919,1,20.86107711161,1,10.9459358108629,0,21.3534826257832,1,17.4888419741607
0,6.34554685348428,1,14.9771835673098,1,3.64864527028764,1,19.0380447506983,1,16.8715887280139
1,5.55235349679875,1,10.1630888492459,1,6.68918299552733,0,20.3243991257454,1,17.4888419741607
1,8.72512692354088,1,14.1748344476325,1,11.5540433559108,1,22.3825661258209,1,17.4888419741607
1,6.02129751043995,0,10.1201555271107,1,9.51779099216702,1,19.4682835294543,1,16.6689882771588
1,7.52662188804994,1,15.5694700417088,1,13.7168164298878,1,18.5833615508428,1,17.2643092870573
1,7.02484709551328,1,13.7530318701761,1,15.9562966633388,0,20.131975013413,0,16.6689882771588
1,7.52662188804994,1,13.7530318701761,1,10.9174661380739,1,20.131975013413,1,16.8674286137916
1,7.86113841640772,1,17.3859082132415,1,10.6375311088925,1,20.131975013413,1,17.0658689504245
0,5.97317996869637,1,13.5483920002683,1,12.9242456243865,1,20.9700968122806,1,17.2211867776204
1,5.97317996869637,1,14.1249193194287,1,8.46760920218428,1,20.2710935852046,1,16.8252974264108
0,5.29053082941678,1,10.6657554044666,1,9.35893648662473,1,20.7370957365886,1,17.2211867776204
0,6.99715367761575,0,19.3136651918719,1,13.815572908827,1,20.5040946608966,1,17.0232421020156
1,6.82649139279585,1,18.4488742131313,1,10.2502637710652,1,20.5040946608966,1,17.8150208044349
1,7.06512021404312,1,11.1450770315568,1,6.27677218888331,1,20.4585525477207,0,17.0280190757184
1,7.90620595381016,1,9.02220521602218,1,13.6612100581578,1,20.2361769765498,1,17.2307335885246
1,6.72868591813631,1,14.3293847548587,1,10.707434910448,1,20.2361769765498,1,17.0280190757184
1,5.38294873450905,1,13.2679488470914,1,9.2305473365931,1,20.2361769765498,1,17.6361626141369
1,4.71008014269541,1,12.2065129393241,1,5.90755029541959,1,19.5690502630372,1,17.0280190757184
1,5.94504332397425,1,14.1148141518838,0,4.4305398278969,1,20.6012908995442,1,17.3219739470596
1,8.19451917628884,1,14.8576991072461,1,11.727899544433,1,19.3001567374677,1,17.8930280332264
0,5.14165909100476,1,11.8861592857969,1,9.64293962542267,0,20.6012908995442,0,17.7026766711708
1,6.10572017056815,1,16.3434690179708,0,9.12169964567009,1,18.2158782690707,1,16.9412712229484
1,6.74842755694375,1,13.8671858334297,1,15.8978193824536,1,19.7338681248266,0,16.5605684988372
1,6.02483806347405,1,13.0147691737121,1,9.67240311090756,1,20.9734285605368,1,17.487356911487
1,5.86628969338263,1,17.0375160092231,1,9.67240311090756,1,21.4500973914581,1,17.2886369465837
1,5.39064458310836,1,14.1979300076859,1,13.8637777923008,1,20.0200908986942,1,17.6860768763903
1,5.86628969338263,1,11.1217118393539,0,13.8637777923008,1,20.4967597296155,1,17.2886369465837
1,5.39064458310836,1,12.068240506533,1,9.02757623684706,1,20.2584253141548,1,17.2886369465837
1,8.18755430462417,1,10.210823389998,1,10.5795106659317,1,20.4788447437308,1,17.0971291589476
1,6.39028628653594,1,16.9207930462824,1,8.87313797787821,1,18.203417549983,1,17.4770653624797
1,6.98937562589868,1,15.1703661794256,1,9.89696159071031,1,18.4309602693578,0,17.4770653624797
1,6.39028628653594,0,9.33560995656958,1,9.89696159071031,1,19.7962165856065,1,16.9071610571815
1,6.98937562589868,1,13.128201501426,1,10.238236128321,1,20.7063874631056,1,17.8570015660119
1,7.9063520604732,1,19.9522809141102,1,12.9974865755481,1,21.2483632636131,1,16.8534539269725
1,7.74163639254667,1,17.8520408178881,1,6.49874328777406,0,20.5478677714061,1,16.6479240010339
0,6.588626717061,0,19.9522809141102,1,12.3252027871577,1,19.8473722791991,0,17.0589838529112
1,6.42391104913448,1,15.7518007216659,1,9.41197303746587,0,20.3143692740037,1,17.4700437047886
1,6.588626717061,1,14.7016806735549,1,8.96378384520559,0,19.146876786992,1,17.6755736307273
1,6.1486114320397,1,13.3829000261131,1,9.49839080727519,1,20.9174193941211,1,17.1542367467025
0,9.13507984188756,1,13.3829000261131,1,14.0943863591825,1,19.3761358598174,1,17.3469809798115
1,6.32428604438369,1,12.1879982380673,1,19.3031813180109,1,22.018336204338,1,17.1542367467025
1,6.32428604438369,1,15.0557625293772,1,11.6431887314986,1,21.5779694802512,1,16.5760040473755
1,8.60805600485558,1,12.4269785956764,1,11.0303893245776,1,20.4770526700343,1,18.1179579122476
1,5.86383653036161,1,6.50249041494202,0,3.09271389404745,1,22.4759268402482,0,17.6595743626641
1,6.19891290352513,1,10.6640842805049,1,8.04105612452338,1,21.7508969421757,1,17.6595743626641
0,6.36645109010689,1,15.8660766124585,1,12.3708555761898,1,20.3008371460306,1,17.0773905924664
0,6.53398927668865,0,16.9064750788493,1,6.8039705669044,1,21.7508969421757,1,17.4655131059315
1,7.03660383643393,1,12.4847815966887,1,8.04105612452338,1,21.0258670441031,1,16.8833293357338
1,7.73096461450897,0,15.3116892458396,1,13.0431587235927,1,20.4913917981113,1,17.5701525942241
0,6.98760263234464,1,16.5079149681708,1,12.7170797555029,1,21.1979915152875,1,16.9844808410833
1,7.28494742521038,1,15.3116892458396,1,14.6735535640418,1,20.72692503717,1,17.1797047587969
1,8.32565420024043,0,13.6369732345759,1,7.82589523415561,1,20.72692503717,1,16.9844808410833
0,7.13627502877751,0,13.3977280901096,1,13.3692376916825,1,20.2558585590525,1,17.1797047587969
1,6.4022207232184,1,17.2972418009536,1,9.88143487393059,1,19.826038454499,1,17.5499471647173
1,5.69086286508302,1,12.5798122188753,1,7.65014312820433,1,20.4943318855495,1,17.3591868694486
1,5.51302340054917,1,13.6281299037816,0,8.28765505555469,1,19.6032739774821,1,17.7407074599859
1,6.75789965228609,1,15.7247652735942,0,5.73760734615325,1,18.4894515923979,1,17.3591868694486
0,4.26814714881226,0,11.2694151127425,1,11.4752146923065,1,22.0536832246674,1,16.7869059836426
1,6.97886461837411,1,15.3190227735509,1,9.82610547868479,1,20.9841401988244,1,17.0442545414891
1,7.1411637955456,1,19.1487784669386,1,12.282631848356,0,20.5125864864913,1,17.6187799754719
1,6.81656544120262,1,14.6009435810407,1,10.7473028673115,1,20.5125864864913,1,17.2357630194833
1,6.81656544120262,1,17.7126200819182,1,8.59784229384919,1,20.9841401988244,1,17.2357630194833
1,5.03127449231622,1,12.4467060035101,1,10.7473028673115,1,21.219917054991,1,17.0442545414891
1,6.12569269599598,1,13.1595162084963,0,5.71206380895605,1,20.1014201713719,1,17.6300868799875
1,7.31679960910631,1,15.166900036911,0,2.28482552358242,1,19.8649328752381,1,17.442532764243
1,7.48695773955064,1,16.7281985701224,1,4.95045530109524,1,21.7568312443084,1,17.2549786484984
1,6.46600895688464,1,16.0590706273175,1,6.85447657074726,1,21.047369355907,1,17.0674245327539
1,6.97648334821764,1,11.1521323800816,1,6.47367231681685,0,17.9730345061678,1,17.8176409957321
1,5.9049779536092,1,14.7486392281108,1,6.38184098505185,0,21.2236922891397,1,17.30633565692
1,8.58905884161337,1,11.7989113824886,1,5.71006824978323,1,20.5739874231456,0,17.1161561442065
1,7.87330393814559,1,11.7989113824886,1,8.06127282322339,1,20.5739874231456,1,17.6866946823468
1,7.5154264864117,1,12.3888569516131,1,7.38950008795477,0,20.1408508458163,1,16.7357971187797
1,7.5154264864117,1,14.4536664435486,1,7.38950008795477,0,18.4083045364987,1,16.9259766314931
1,5.60115715031607,1,15.6436805879696,1,9.18070491115605,1,21.6192815611578,1,17.7811489979681
0,6.53468334203541,1,22.0725904186421,1,8.70989953109677,1,22.3823150280222,1,17.7811489979681
1,6.34797810369154,1,12.0006316839219,1,8.70989953109677,1,19.0758366716099,1,17.1817844250029
1,6.16127286534767,1,14.3578986218351,1,6.35587263080034,0,17.2954252489263,0,16.7822080430261
1,5.9745676270038,0,6.42890983067245,0,5.64966456071142,1,20.6019036053386,1,17.3815726159913
1,7.22615649398672,1,15.6188072722807,1,13.9672512495032,1,21.3954453474806,1,17.2545796084704
1,5.7438679823997,1,16.5028907027872,1,8.88825079513843,1,20.4229251044133,1,17.2545796084704
1,6.48501223819321,1,16.7975851796227,1,14.284688777901,1,22.3679655905479,0,16.8624300719142
0,7.22615649398672,0,11.4930845965839,1,15.5544388914922,1,21.1523152867137,0,17.0585048401923
1,6.67029830214159,1,15.6188072722807,1,14.284688777901,1,19.2072748005791,1,17.0585048401923
1,7.19568013000862,1,13.0756816067668,1,9.83000820795681,1,21.7059118789123,1,17.3175610856035
1,6.34912952647819,1,12.4530301016826,1,7.3725061559676,1,21.932015127651,1,17.1089157713191
1,6.13749187559559,1,12.1417043491406,1,8.29406942546356,1,22.610324873867,1,17.5262063998879
1,6.34912952647819,1,14.9436361220192,1,8.90844493846086,1,21.7059118789123,1,17.5262063998879
1,6.98404247912601,1,12.7643558542247,0,3.37906532148515,1,21.932015127651,1,16.9002704570347
1,7.82796729400868,1,13.2683506847465,1,11.7372925734245,1,19.8499307645012,1,17.4199998658937
1,5.63613645168625,1,13.7786718649291,1,6.40215958550429,1,20.9527046958623,1,17.037142725984
1,10.1763574822113,1,16.5854383559331,1,6.04648405297627,1,20.7321499095901,1,17.037142725984
1,9.08044206105006,1,13.7786718649291,0,3.20107979275214,1,18.5266020468677,1,17.037142725984
1,6.10581448932677,1,12.5028689144727,0,7.11351065056032,1,20.5115951233179,1,17.4199998658937
1,4.91774688099367,0,12.6882114763234,0,11.0563079872686,1,20.7669215673335,1,17.3872681829337
1,5.73737136115928,0,12.6882114763234,1,14.5477736674587,1,21.4830223110347,1,16.5785580348902
1,7.37662032149051,1,14.4184221321857,1,10.1834415672211,0,21.2443220631343,0,16.982913108912
1,6.5569958413249,1,14.4184221321857,1,8.14675325377685,1,22.1991230547358,1,17.3872681829337
1,5.73737136115928,1,14.130053689542,1,16.8754174542521,1,22.4378233026362,1,16.7807355719011
1,6.84561694082883,1,17.159586843003,1,8.6550796143321,1,19.9878041425122,1,16.7919540059549
1,7.74635601199052,1,13.317888296062,1,7.98930425938347,1,21.5598786256312,1,17.7570088338833
1,10.0882775970109,1,19.4646059711676,1,9.65374264675503,1,20.4369682805462,1,16.9849649715406
1,4.3235475415761,1,9.47618974912107,1,8.6550796143321,1,21.7844606946482,1,17.3709869027119
0,5.40443442697013,1,13.5740015325248,1,8.6550796143321,1,19.9878041425122,1,16.9849649715406
1,7.08229354816771,1,12.4445159634521,1,7.33204442943404,1,19.8458319250315,1,17.194493706001
1,5.99270992537268,1,13.2930056882329,1,10.5907308425158,1,18.6357202222857,1,16.9873311312299
1,7.99027990049691,1,16.6869645873562,1,10.5907308425158,1,19.8458319250315,1,17.194493706001
1,8.17187717096275,1,17.8182842203973,1,9.77605923924539,1,20.0878542655806,1,17.194493706001
1,5.26632084350933,1,13.5758355964932,1,7.33204442943404,1,21.2979659683265,1,17.4016562807721
1,5.82901435755291,1,8.38874627567465,1,6.95033115399847,1,18.2738575770119,1,17.3638923312557
1,5.38062863774115,1,8.92995571281494,1,11.4680464040975,1,20.1480993797823,1,17.3638923312557
1,4.48385719811762,0,5.68269908997315,1,5.21274836549885,0,20.3823796051286,1,17.3638923312557
1,6.72578579717644,1,13.5302359285075,1,10.0779801732978,1,19.4452587037434,1,17.1571793273122
1,7.9214810500078,1,13.8008406470776,1,7.99288082709824,0,18.7424180277045,0,16.7437533194251
1,6.56413933264813,1,14.9756314037499,1,9.0002619380518,1,19.5231992528888,1,16.9131718853167
1,7.38465674922915,1,16.2778602214673,1,9.56277830918004,1,20.2042410872919,1,17.2848899487302
1,6.72824281596433,1,13.0222881771738,1,10.6878110514365,1,20.4312550320929,1,17.0990309170235
1,8.04107068249396,1,16.928974630326,1,12.0941019792571,1,19.5231992528888,1,16.9131718853167
1,7.54876023254535,1,15.6267458126086,1,11.812843793693,1,19.9772271424909,1,17.0990309170235
1,6.05720773118783,1,7.76099351650048,1,13.4599525350474,1,22.0017399641807,1,17.4497033951056
1,5.2806426374458,1,11.9186686146257,0,10.9804875943808,1,22.0017399641807,0,17.4497033951056
1,7.7656509374203,0,7.20663683675045,0,10.9804875943808,1,22.7433716483665,1,17.6526069229556
1,9.00815508740755,0,20.7883754906263,1,15.585208198476,0,20.2712660344136,0,17.4497033951056
1,7.29971188117508,1,9.97842023550062,0,5.31313915857136,1,22.4961610869712,1,17.4497033951056
1,6.01208250319881,1,5.84608958242912,1,8.22898204328157,0,17.2830039633823,0,16.6834345669279
1,7.91063487263001,0,6.15377850782012,1,6.64648549649665,1,21.6037549542279,1,17.0583432088813
1,7.75242217517741,1,18.7690244488514,1,11.3939751368514,1,20.091492107432,0,16.4959802459512
1,7.27778408281961,1,9.84604561251219,0,15.5084661584922,0,20.9556423056011,1,16.8708888879046
1,6.64493329300921,1,12.6152459410312,1,10.7609765181374,0,20.091492107432,1,17.6207061718115
1,7.12332056257762,1,14.5064743422554,1,8.18947296437784,1,21.878795316663,1,17.7398267397731
1,7.12332056257763,1,11.3150499869592,1,5.80087668310097,0,18.3116004280767,1,17.1418550519155
1,6.47574596597966,1,12.7656974211848,1,12.6254374867492,1,21.6409823240906,1,17.5405028438206
1,8.90415070322203,1,15.6669922896358,0,11.2605253260195,1,19.5006653909388,1,16.942531155963
1,5.6662777202322,1,11.6051794738043,1,9.89561316528989,1,22.3544213018079,1,17.5405028438206
1,5.73949997664363,1,15.8421715964272,1,8.6988147277936,1,21.347988331593,1,17.0434703805647
1,5.91342421836011,1,18.3435671116525,1,7.6444129426065,1,20.6442084964855,1,17.0434703805647
0,5.73949997664363,1,19.1773656167276,1,7.11721205001295,1,20.1750219397472,1,17.248813397198
1,7.13089391037542,1,11.9511119060766,1,9.22601562038716,0,19.0020555479015,0,17.4541564138313
1,6.609121185226,1,15.8421715964272,1,10.2804174055743,1,19.2366488262706,1,17.0434703805647
1,6.95240645524989,1,14.235154943041,0,4.88969196400596,1,20.3106455428576,1,17.2049034904254
0,12.0508378557665,0,8.6427726439892,0,12.9433022576628,1,23.9451821136847,1,17.2049034904254
1,7.26140229770544,1,9.15117103481209,1,11.7927865014261,1,20.3106455428576,1,17.2049034904254
1,4.48043971560548,1,14.235154943041,1,7.47835241553852,1,20.5244418117297,1,17.2049034904254
1,6.79790853402211,1,7.37177666693196,1,9.77938392801191,1,23.3037933070681,1,17.2049034904254
1,5.31165744118076,1,12.034033752545,1,11.7495318140142,1,22.4592759817268,1,17.5789127694044
1,5.31165744118076,1,14.6596411167366,1,11.0374389768013,1,20.6803234287188,1,17.2048933487787
1,7.24316923797377,1,18.1604509356588,1,8.90116046516231,1,18.9013708757107,1,17.2048933487787
1,5.47261675758018,1,10.7212300704491,1,10.3253461395883,1,20.6803234287188,1,17.2048933487787
1,5.6335760739796,1,7.87682209257488,1,11.0374389768013,0,21.1250615669708,0,17.0178836384659
1,10.1926715734023,1,18.7551364736257,1,8.17518298438715,1,20.5477406459729,1,16.8134113906264
0,6.98386755955343,0,12.0315969830806,1,5.03088183654594,1,21.1185112194721,1,17.0135710500386
1,6.98386755955343,1,14.5086904795972,1,6.28860229568242,1,22.5454376532203,1,17.0135710500386
0,7.17262073683865,0,11.3238559840759,1,8.48961309917127,1,21.4038965062218,0,17.0135710500386
1,6.98386755955343,1,10.9699854845735,1,10.376193787876,1,20.2623553592233,0,17.2137307094508
1,4.47582597812186,1,13.2910470652104,0,8.75070403749578,1,21.3880342361248,1,17.0333499689688
1,4.97313997569096,1,11.8771058880604,1,8.75070403749578,1,20.9559527364051,1,17.4161218783839
1,7.29393863101341,1,15.8361411840805,1,10.4335317370142,0,15.7709747397688,1,17.6075078330914
1,6.96239596596734,1,13.8566235360705,1,13.1260560562437,1,18.363463738087,1,16.8419640142613
1,5.96776797082915,0,7.63528235661025,1,9.42383511730315,1,18.1474229882271,1,16.8419640142613
0,7.54618960280279,0,17.040235375064,1,11.6840858556793,1,20.1606900409847,1,17.2523631651861
0,7.95409174349483,1,16.7896436783719,1,11.3682997514717,1,18.6855175989614,1,16.8646696109123
1,5.09877675865053,0,14.5343184081429,1,6.94729429256607,1,20.1606900409847,1,16.6708228337753
1,5.7106299696886,1,12.5295848346059,1,8.21043870939626,1,18.6855175989614,1,17.0585163880492
1,7.34223853245676,1,15.2860934982192,1,9.47358312622646,0,21.1441383356669,0,16.6708228337753
0,3.70721488690557,1,8.97144593628667,0,7.64529310388634,0,19.0788869473176,1,16.9221145765426
1,5.48023070238215,1,12.9294367905308,1,9.17435172466361,1,21.1987632747974,1,17.5056357688372
0,5.9637804702394,0,11.6101065057827,1,8.25691655219725,1,20.963221460633,1,17.311128704739
1,9.02626233333531,1,16.0958294739261,1,7.33948137973089,1,20.2565960181397,1,16.7276075124444
1,6.60851349404906,0,15.0403652461276,1,10.09178689713,1,19.314428761482,1,17.311128704739
1,5.75055830962681,0,8.58206914962203,1,3.30828509585685,1,21.1839654222242,1,16.8270596607272
1,6.09907699505874,1,11.1566898945086,1,14.3359020820464,1,21.9316347900675,0,16.8270596607272
1,6.62185502320663,1,15.4477244693197,0,6.24898295884072,1,21.1839654222242,1,17.4280260771817
1,5.92481765234277,1,12.587034752779,1,5.88139572596774,1,21.4331885448387,1,17.0273817995453
1,6.44759568049066,1,16.5920003559359,1,3.30828509585685,1,21.1839654222242,1,17.2277039383635
1,6.61225619959664,1,11.5869261049294,1,8.35030038468292,1,20.4389917739366,1,17.1278290130035
1,6.0902359733127,1,12.7173579200444,1,9.80252653854081,1,20.9035143142533,1,17.5127240470036
1,6.7862629416913,1,13.5651817813807,0,7.62418730775397,0,19.7422079634615,1,17.3202765300036
1,6.96026968378594,1,12.4347499662657,1,9.07641346161187,1,19.7422079634615,1,17.3202765300036
0,7.13427642588059,0,13.8477897351595,0,10.1655830770053,0,19.5099466933031,1,17.3202765300036
1,6.84193892259044,1,10.6126153552723,1,6.46595493181681,1,22.2937205100812,1,17.4410384005465
1,8.48400426401214,1,12.7975655754755,1,11.4950309898965,1,21.63802284802,1,17.0738586447455
1,6.70510014413863,1,18.4160089988549,1,12.2134704267651,1,20.3266275238976,1,17.257448522646
1,7.7998103717531,1,15.6067872871652,1,15.0872281742392,1,19.4523639744826,1,17.4410384005465
1,5.88406747342778,0,9.98834386378572,1,10.4173718345937,1,21.2008910733125,1,17.624628278447
1,7.56303734058919,1,13.4045491947449,1,13.2018119224816,1,21.1266811299525,1,17.1734195102009
1,6.01605243001413,1,12.248984608991,1,11.0464140575866,1,21.8231651232477,1,17.1734195102009
1,6.35982685458636,1,12.0178716918402,1,9.69929039202727,1,19.7337131433622,1,17.1734195102009
1,7.90681176516143,1,12.7112104432925,0,2.69424733111869,1,22.9839717787396,0,16.9826037378653
0,7.90681176516142,0,10.4000812717848,1,16.7043334529359,1,21.3588424610509,1,17.1734195102009
1,6.74893543832795,1,13.7608875573814,0,11.126268880922,1,19.9280676571147,1,16.7471056329107
1,9.29853327058517,1,22.2795322357603,1,10.8172058564519,0,20.3861841549794,1,17.3245920340456
1,7.49881715369772,1,14.4161679172567,1,12.0534579543321,1,21.0733589017765,1,17.1320965670006
0,6.598959095254,0,20.0952643695093,1,8.34470166069146,1,20.1571259060471,1,17.1320965670006
1,7.64879349677168,1,15.7267286370073,1,12.9806470277423,0,20.3861841549794,1,16.7471056329107
1,7.79535633059979,1,17.0367040112821,1,6.60980658590138,1,20.7336230254992,1,17.1733367242381
1,7.79535633059979,1,14.7818461274359,1,15.5186763321163,1,20.0425022579825,0,17.1733367242381
1,8.12016284437478,1,16.2850847166667,0,18.6798881775474,1,20.0425022579825,0,17.1733367242381
1,7.6329530737123,1,18.0388630707692,1,10.3457842214109,1,21.1943702038436,1,16.9759420492468
1,7.6329530737123,1,14.7818461274359,1,11.4953158015676,1,19.5817550796381,1,17.1733367242381
1,7.29999636965408,1,15.1288457336187,0,11.7135182168681,1,19.6551155958531,1,17.79993749996
1,5.83999709572327,1,12.5204240554086,1,9.42795368674749,1,19.6551155958531,1,17.0088291666284
1,3.64999818482704,1,6.26021202770431,0,11.427822650603,1,20.1018227684861,1,17.0088291666284
1,6.4239968052956,1,12.7812662232296,1,10.2850403855427,1,19.8784691821696,1,17.2066062499613
1,4.23399789439937,1,9.39031804155646,1,9.14225812048242,1,20.1018227684861,1,16.8110520832955
1,7.4915126157064,1,12.8791438766259,1,8.58969702450804,1,20.719008523113,1,17.145169488466
1,5.84703423664889,1,10.7326198971882,1,7.89323510360198,0,21.5823005449093,1,17.145169488466
1,7.12607297591584,1,13.4924364421795,1,7.89323510360198,1,19.4240704904184,0,16.9480985748055
1,6.39519369633473,1,13.4924364421795,0,7.89323510360198,1,21.1506545340111,0,16.9480985748055
1,5.11615495706778,1,10.7326198971882,1,7.66108112996663,1,19.2082474849693,1,17.3422404021266
1,4.98169725329633,1,7.52270198698058,1,10.6652665366203,1,19.16440130999,1,17.0682980796448
1,5.97803670395559,1,12.1520570558917,1,7.87198244369596,1,17.9035854343328,0,16.684740819428
1,8.80099848082352,1,18.2280855838376,1,9.39559194892744,1,18.9122381348586,1,16.8765194495364
1,5.31381040351608,1,11.2840529804709,1,7.61804752615738,1,19.4165644851214,1,16.3011835592113
1,7.14043272972474,1,14.4667345903473,1,8.37985227877312,0,20.1730540105158,0,17.0682980796448
1,6.71515691349089,1,10.712840742494,1,7.12273019470585,1,19.4225868991896,1,17.5223020255851
1,8.05818829618907,1,16.615834621011,1,13.3164086248848,1,20.0700064624959,1,16.7604628070814
1,6.21152014497908,0,3.06081164071256,1,19.5100870550638,1,19.6383934202917,1,17.5223020255851
1,7.8903093733518,1,14.8667993977467,0,6.50336235168795,1,20.0700064624959,1,16.9509226117073
1,7.05091475916544,1,15.5226876064708,0,6.8130462731969,1,19.6383934202917,1,16.7604628070814
1,4.8551865402384,0,12.2701904830872,1,7.86635210665111,0,18.6412839560524,1,17.2635496185714
1,6.82760607221025,1,14.91670215591,1,10.9254890370154,0,17.2254902378712,0,17.2635496185714
0,4.70346196085595,1,13.4731503343703,1,12.2365477214573,0,19.349180815143,1,17.0673729183603
1,5.91725859591555,1,13.7137423046269,1,7.86635210665111,0,23.5965619696865,1,16.8711962181493
1,7.2827798103576,1,15.3978860964232,1,5.68125429924802,1,20.7649745333241,1,17.0673729183603
1,9.0184007241391,1,18.9515651860694,1,7.01437404382896,1,21.8426826319108,1,17.1099726361716
1,8.35037104086953,1,15.959212788269,1,10.1318736188641,1,20.8825647140246,1,17.3161168848002
0,6.68029683269562,0,12.2187722910184,1,8.83291546259943,0,18.9623288782522,1,17.3161168848002
1,4.84321520370433,1,10.9719587919349,1,9.87208198761113,1,18.2422404398376,1,17.5222611334287
1,6.34628199106085,1,9.47578259303469,1,9.87208198761113,1,21.3626236729677,0,17.3161168848002
1,7.08694853583132,1,9.11586534903921,1,11.1309292245162,1,20.2412128294545,1,17.3180914089182
1,8.12406295570907,1,16.2607327847726,1,15.178539851613,1,19.8150820330449,1,17.3180914089182
1,7.43265334245724,1,14.7824843497933,1,12.6487832096775,1,20.6673436258641,1,17.1277827121169
1,9.33402977889979,1,19.7099791330578,1,7.33629426161296,1,20.4542782276593,0,17.5084001057195
1,5.18557209938877,1,8.62311587071277,1,11.1309292245162,1,20.8804090240689,1,17.1277827121169
1,6.82971932172277,1,15.620538392813,0,8.28394982923732,1,20.5644978995743,1,17.2105672004862
1,7.18917823339239,1,18.9090727912999,1,12.1300693928118,0,23.8649728711109,0,17.2105672004862
1,5.21215421920948,1,14.7984047931912,1,11.8342140417676,0,21.8339113501653,0,17.2105672004862
1,6.29053095421834,0,10.4136922618753,0,11.5383586907234,0,18.5334363786287,1,17.014992573208
1,8.26755496840124,1,15.3464938596057,1,12.7217800949002,1,20.5644978995743,0,17.2105672004862
1,5.88601646075952,1,10.6663938159644,1,13.8787233504563,1,20.1446231498157,1,16.8558271898896
1,4.51261261991563,1,10.9330536613635,1,8.63565008472839,1,20.9294785972111,1,17.0589094451894
1,6.86701920421944,1,10.9330536613635,1,9.56089830809214,1,20.9294785972111,1,17.6681562110891
1,7.2594203016034,1,14.9329513423502,1,12.3366429781834,1,21.9759525270717,1,17.4650739557892
0,4.51261261991563,0,11.7330331975609,1,10.4861465314559,1,20.4062416322808,1,17.668156211089
1,5.82514261261513,1,13.556373573675,1,11.22499126313,1,19.4183133402021,1,17.0809346843818
1,6.65730584298872,1,11.724431198854,1,10.1559444761653,1,22.8052284576792,1,17.0809346843818
1,4.49368144401738,0,9.5261003490689,0,13.897608230542,0,16.7087812462204,0,17.6909680659669
1,6.15800790476456,1,13.556373573675,1,10.1559444761653,1,18.9667246578718,1,17.2842791449102
1,5.99157525868985,1,10.9916542489257,1,12.0267763533536,1,18.0635472932112,1,17.4876236054385
1,5.38265923824215,1,9.18900578047088,1,16.7664075479672,1,20.679459039272,1,17.0887765461502
0,3.58843949216144,0,6.22481036741575,1,15.2139624046369,1,19.0083916421591,1,17.0887765461502
1,6.9974570097148,0,9.7818448630819,1,18.6293417199636,1,21.0972258885502,1,17.0887765461502
1,8.97109873040359,1,21.9350460566079,1,13.6615172613066,1,21.3061093131893,1,17.0887765461502
0,5.7415031874583,1,13.0424598174425,1,16.4559185193012,1,21.3061093131893,0,16.8967678209125
1,2.28243732183767,0,7.05718783500901,1,10.9420133093703,1,20.711438134359,1,17.066387746441
1,7.76028689424808,1,17.0345913258838,1,8.56331476385502,0,18.5439620505307,1,16.8724515220496
1,3.49973722681776,0,9.24734957690836,1,5.23313680013362,1,19.2664540784735,1,16.8724515220496
1,5.47784957241041,1,13.3843217560516,1,10.4662736002673,1,20.711438134359,1,17.2603239708324
1,5.17352459616538,1,13.1409704513961,1,11.8934927275764,1,20.711438134359,1,17.066387746441
1,6.70054974764671,1,13.3841036145739,1,13.2960252821067,1,20.7318277881691,1,17.3298851115485
1,5.65824200912389,1,10.1620045962506,1,12.946129879946,0,20.2859820292838,0,16.9531484786888
0,6.10494532563368,1,13.8798111558545,1,11.8964436734639,1,20.7318277881691,1,17.5182534279784
1,8.04065969717606,1,9.17058951368955,1,18.1945609123566,1,22.5152108237106,0,16.9531484786888
0,8.78516522469236,1,17.1019101741778,1,9.79707126049969,1,22.5152108237106,0,17.3298851115485
1,8.31700914310743,1,16.7637383042928,1,9.92164927500577,0,20.328392750464,1,17.0306520717664
1,8.8840779483193,0,17.5257264090334,1,10.318515246006,1,20.5703974260648,1,16.8302914591574
1,5.85971098718932,1,10.6678334663682,0,7.93731942000461,1,19.360374048061,0,16.6299308465484
1,7.74994033789556,1,14.9857660598981,1,8.33418539100484,1,19.360374048061,1,16.8302914591574
1,7.37189446775431,1,11.6838176060223,1,7.93731942000461,1,18.6343600212587,1,16.8302914591574
1,5.74738399084159,1,9.13064134760321,1,5.21615499385972,1,20.7404944201918,1,17.1300657298157
1,4.39505834593769,0,6.2969940328298,1,11.3016691533627,1,20.5074551570436,0,16.7493976024865
1,7.09970963574549,1,14.168236573867,1,11.5914555419105,1,21.2065729464883,1,17.3203997934804
1,5.40930257961562,1,8.81579164596172,1,8.4038052678851,1,20.7404944201918,1,16.7493976024865
1,8.62107598626238,1,19.5206815017724,1,10.1425235991717,0,19.1092195781543,0,16.9397316661511
1,7.18415783571095,1,13.4753368036707,0,9.30652739447879,1,21.4156620176126,1,17.2149084881197
1,6.10653416035431,1,11.6166696583368,1,9.30652739447879,1,22.3079812683464,1,17.4150818426328
1,7.18415783571095,1,10.9196694788366,1,9.6512135942743,1,21.1925822049291,1,17.6152551971458
1,9.33940518642424,1,13.4753368036707,0,8.96184119468328,1,20.7464225795622,1,17.8154285516588
1,4.49009864731934,1,10.2226692993364,0,7.92778259529675,1,21.6387418302961,1,17.0147351336067
1,6.95623936389181,1,18.1686439902521,1,8.31643140140739,1,22.5485151570587,0,17.020771928983
1,8.25042343159261,1,15.8615145946645,0,4.53623530985858,1,20.3426821525638,1,17.020771928983
1,7.11801237235441,1,7.78656171010805,1,9.82850983802692,0,20.0975895965088,0,17.2186878816456
1,7.27978538081701,1,13.554385199077,0,1.51207843661953,1,19.3623119283439,1,17.2186878816456
1,5.33850927926581,1,14.1311675479739,1,8.69445101056227,1,20.0975895965088,1,17.6145197869708
1,6.43375235626566,1,11.9408946835008,1,9.62597058505123,1,21.8766399378044,1,17.4344543058326
1,7.30317835035561,1,13.4335065189384,1,7.21947793878842,1,21.8766399378044,1,17.2340582793287
1,8.69425994089953,1,20.8965656961264,1,6.73817940953586,0,20.2759101862577,1,17.4344543058326
1,6.95540795271963,1,12.6872006012196,1,8.18207499729355,1,20.2759101862577,1,17.2340582793287
1,8.52037474208154,1,15.4236556328552,1,6.73817940953586,1,20.0091218943333,1,17.2340582793287
1,7.32357030160272,1,15.1637677104062,1,8.22921791240947,1,20.8482867132582,0,16.8851269716192
1,7.62249153840283,1,16.0386004629296,1,9.87506149489137,1,19.4427842382071,1,17.0748474993902
1,7.02464906480261,1,16.6218222979452,0,6.2542056134312,1,20.1455354757327,1,17.0748474993902
1,7.32357030160272,1,12.8308803703437,0,2.96251844846741,0,20.3797858882412,0,17.0748474993902
1,8.070873393603,1,16.3302113804374,1,7.57088047941672,1,20.6140363007497,1,17.0748474993902
1,5.07066134214335,1,16.0609985117668,1,10.2051399333747,1,21.6877233353241,1,17.4639647539991
1,5.88850994571486,1,12.9014578209274,1,8.82606696940518,1,20.3599035392839,1,16.9182158554366
1,6.70635854928637,1,15.271113339057,1,9.92932534058083,1,19.9172969406038,0,17.6458810535199
1,7.68777687357218,1,12.9014578209274,1,14.0665442324895,1,20.802510137964,1,16.7362995559158
1,6.70635854928637,1,17.1141787420466,0,3.58558970632086,1,23.6794530293845,1,17.1001321549575
1,7.70235581280445,1,13.4361513749121,0,9.29241999570139,1,21.5421753429639,1,16.747072181582
1,7.89985211569687,1,12.5785246914071,0,8.62867571029414,0,17.5294171908432,1,18.2524269844209
1,6.71487429834234,1,12.0067735690704,1,8.96054785299777,1,15.4174392160428,1,15.0535480283883
0,5.92488908677265,0,7.14688902920857,0,9.62429213840501,1,21.753373140444,1,16.9352415319369
0,7.70235581280444,1,19.4395381594473,0,7.9649314248869,1,20.6973841530438,1,17.1234108822917
1,6.64327777749322,1,13.3676428647142,1,11.2754876261428,1,20.9734024348543,1,17.24587477604
1,4.84779729708965,1,10.7418558734311,1,10.9117622188479,1,20.7429254850207,1,17.4396486499281
1,7.18192192161429,1,14.5611824062066,1,11.2754876261428,1,20.2819715853536,0,17.6334225238162
1,7.541018017695,1,16.2321377642959,1,10.184311404258,1,20.9734024348543,1,17.24587477604
1,6.46372972945286,1,16.7095535808928,1,13.0941146626175,1,20.05149463552,1,17.24587477604
1,7.67102753885548,0,8.03339247791527,0,2.00512393751566,1,20.1828858973158,1,17.0225926458814
1,9.13994770587036,0,10.5438276272638,1,9.02305771882049,1,21.7526659115515,1,16.6267183983028
1,6.52853407562169,1,20.0834811947882,1,8.02049575006265,1,18.8373601708281,1,17.2205297696707
1,5.71246731616898,1,16.8199155006351,1,10.5269006719572,1,20.6313944728117,1,17.0225926458814
1,8.48709429830819,0,5.02087029869704,1,8.02049575006265,1,22.2011744870474,0,16.6267183983028
1,7.53569297126011,0,17.1493381530402,1,11.3021550474325,1,19.9162951141218,1,17.1440059664116
1,7.19316147256647,1,16.8536599090222,1,7.75004917538228,1,18.6715266694892,1,16.3647329679384
1,7.70695872060693,1,15.0795904449146,1,9.36464275358692,1,20.9121098698279,1,17.33882421603
0,7.36442722191329,1,13.8968774688429,1,12.2709111943553,1,20.4142024919748,0,17.33882421603
1,6.85062997387283,1,14.4882339568788,1,10.9792363317916,1,19.9162951141218,1,17.1440059664116
1,6.8395196863752,1,16.7034281646677,1,11.8621507654595,1,24.3889157462597,1,16.9126207706506
1,6.31340278742326,1,12.3077891739657,1,9.07105646770435,1,23.0339759825786,0,16.7063692978378
0,6.13803048777262,0,12.0147465745856,1,11.8621507654595,1,22.5823293946849,1,16.9126207706506
1,5.26116898951938,1,15.8243003665273,1,12.7925155313779,1,22.5823293946849,1,16.500117825025
1,6.13803048777262,1,12.0147465745856,1,10.4666036165819,1,23.0339759825786,1,17.1188722434635
1,9.2302587267481,1,16.6075535639817,1,9.04366695282473,1,21.3502740634792,1,17.1905789238089
1,6.39017911851792,1,18.3557170970325,1,9.54609289464833,1,20.6140577164627,0,16.9952314360384
1,7.27770399608985,0,15.1507506197728,1,9.04366695282473,1,21.1048686144737,1,17.1905789238089
1,4.61512936337405,1,18.938438274716,1,10.5509447782955,1,21.5956795124848,1,16.4091889727267
1,10.6502985308632,1,16.6075535639818,0,11.5557966619427,1,19.6324359204407,0,16.9952314360384
1,6.16111742588174,1,13.2513355046542,1,12.2368171704497,1,20.4919590490651,1,17.3206903102732
1,7.82628429774167,1,13.5911133381068,1,11.4210293590864,1,20.2762542169697,1,16.6946412629139
0,6.32763411306773,1,15.2900025053702,1,7.0701610318154,0,20.4919590490651,0,16.9033242787003
0,7.49325092336968,1,12.5717798377488,1,8.15787811363316,1,19.8448445527789,1,17.9467393576325
1,6.82718417462571,1,13.9308911715595,0,12.2368171704497,1,20.2762542169697,1,17.3206903102732
1,6.33028508868613,1,10.0669430536633,1,16.6189619929195,1,19.9869883710004,1,16.7868704684495
0,3.85992993212569,1,8.9786248856997,1,13.134340929888,1,20.2399882237979,1,17.3936248227308
1,10.4990094153819,0,13.603977099545,1,12.3301976076499,0,22.5169868989752,0,16.3823675655953
1,8.64624304796154,0,14.4202157255177,1,8.04143322238039,1,21.5049874877853,1,17.1913733713037
1,6.79347668054121,1,9.5227839696815,1,12.3301976076499,0,17.9629895486206,1,17.798127725585
1,5.95957237958232,1,10.3245557182789,1,14.9916805129391,1,20.3792528005071,1,16.8292642516896
1,6.12984587614182,1,13.5981953362698,1,6.42500593411676,1,19.2343509577819,0,17.0162560767084
1,7.32176035205828,1,15.1091059291887,1,9.48453256941046,1,20.3792528005071,0,16.8292642516896
1,7.83258084173677,1,17.8791086828733,1,7.95476925176361,1,17.6314883779668,1,16.0812969516145
1,5.95957237958232,1,9.82091885397265,1,13.4619171952923,1,18.7763902206919,0,16.6422724266709
1,5.71154105372776,1,14.1776541773048,1,13.6118635768393,1,19.2669722547136,1,16.8683406528268
1,6.66346456268239,1,12.8274013985139,1,14.2600475566888,1,21.0415618044899,1,17.243192667334
1,7.61538807163701,1,14.4026963071033,0,7.45411576826916,1,18.7599466690633,1,16.8683406528268
1,6.82211848084149,0,12.6023592687154,1,15.5564155163878,1,19.5204850475388,1,16.8683406528268
1,8.72596549875075,1,17.5532861242822,1,14.2600475566888,1,19.5204850475388,1,16.8683406528268
1,7.44483926219088,1,12.3704609954062,1,10.3034255621936,1,21.6573697526447,1,17.6341259859105
1,6.47377327147033,0,11.5457635957125,1,11.417309406755,1,20.5410104870445,1,17.4381912527337
1,7.7685279257644,1,14.0198557947937,1,8.63259979535137,1,21.4340978995247,1,17.4381912527337
1,7.93037225755116,1,12.9202592618687,1,10.8603674844743,1,20.3177386339244,1,16.8503870532034
1,7.12115059861737,1,15.1194523277187,0,4.45553537824587,1,20.7642823401645,1,17.0463217863801
1,5.05620872234876,1,10.4863055961507,1,10.5648756850431,1,19.7653500749375,1,17.4581175253375
1,5.89891017607356,1,14.0737259316759,1,16.0177147482912,0,17.9205840679433,1,17.665952257782
1,7.41577279277818,1,19.8687895506013,1,10.5648756850431,1,19.7653500749375,1,17.4581175253375
1,6.57307133905339,1,13.2458597004009,1,11.2464805679491,1,20.2924260769358,1,17.665952257782
0,6.06745046681851,1,16.0054138046511,1,8.86086347777809,1,21.3465780809325,1,17.4581175253375
0,3.96610326955025,0,12.0955722066541,1,14.288269229327,0,19.4002498606222,1,17.0904205118758
1,7.2711893275088,1,14.8109047428417,1,8.81616612022304,0,20.1369682097598,1,17.6730484838715
1,7.10593502461087,1,12.3424206190348,1,11.2482119464915,0,19.1546770775764,0,17.6730484838715
1,6.61017211591709,1,17.5262372790294,1,13.3762520444763,1,18.4179587284388,0,17.0904205118758
1,8.09746084199843,1,16.7856920418873,1,15.5042921424612,0,17.1900948132096,1,17.2846298358743
1,5.19077495488042,1,9.5193741965683,1,10.2192802949018,1,17.5880799150658,1,17.2456060056317
1,5.67741010690046,1,15.5029808344112,1,10.8032391688962,1,20.3129937047239,1,17.2456060056317
1,5.35298667222043,0,9.24739207666634,1,8.17542423592142,1,21.3038714464177,1,17.0403011722313
1,7.29952728030059,1,12.5111775154898,1,9.92730085790458,1,19.32211596303,1,17.6562156724324
1,8.27279758434067,1,17.1348735538229,1,10.511259731899,1,20.3129937047239,1,17.2456060056317
1,6.27515980297156,1,8.01677305273337,1,11.46253618339,1,20.7807220506641,1,17.0789167254863
1,7.1467097756065,1,11.3340584538644,1,11.46253618339,1,19.3953405806199,0,17.4584482082748
1,8.19256974276843,1,14.098462954807,1,12.2622480101381,1,20.7807220506641,1,17.2686824668806
1,7.1467097756065,1,8.84609440301614,1,8.53025948531348,1,17.5481652872275,1,17.0789167254863
1,6.10084980844457,1,8.56965395292188,1,11.46253618339,1,20.318928227316,1,16.889150984092
1,8.96575152089563,1,15.214999637983,1,7.24548165049413,0,18.0842956049349,1,16.9913947999546
1,7.03196197717304,1,19.0187495474788,1,9.58273379581482,1,21.4332392354784,0,17.2011651061269
1,7.03196197717304,1,16.4829162744816,1,8.88155815221862,1,19.4238730571523,1,18.040246330816
1,6.15296673002641,1,20.603645343102,1,9.34900858128275,1,19.8703988745581,1,17.6207057184715
1,5.80136863116776,1,12.3621872058612,1,8.18038250862241,1,16.5214552440146,1,17.8304760246438
1,8.24113557864126,1,13.8799242937673,1,12.5664388198774,1,22.2473187570998,1,17.3966217934836
0,4.37284744989128,1,10.3419043757482,1,11.1384344085277,1,20.9832665549919,1,17.3966217934836
1,6.89564405559779,0,9.52543824082068,1,9.71042999717799,0,20.4776456741487,1,17.8108270742808
1,5.88652541331519,0,11.702681267294,1,9.99603087944794,0,21.2360769954135,1,17.8108270742808
0,3.53191524798911,1,10.6140597540573,1,12.8520397021473,1,25.2810440421589,1,18.4321349954767
1,7.85842690161497,1,16.2203994545264,1,9.87536471663479,1,20.3039299550462,1,17.249073935387
1,6.82442336192879,1,16.5976180464921,1,14.1800108751679,1,20.5320639994849,0,17.6240538035476
1,5.99722053017985,1,7.16715324734886,1,12.1542950358582,1,19.61952782173,1,17.6240538035476
1,7.4448254857405,1,12.0709949429034,1,9.36893575680737,1,19.3913937772913,1,17.4365638694673
1,8.47882902542668,1,15.0887436786292,1,11.9010805559445,1,21.6727342216785,1,17.249073935387
1,6.99044447545831,1,12.4963772153678,0,12.7185452040466,1,20.9896431518438,1,16.8871439619653
1,6.9904444754583,1,14.6184035349586,1,12.9891525488136,1,23.0078780702903,1,16.6974007713815
1,7.1424106597074,1,12.2605965131911,1,10.553686445911,1,20.9896431518438,1,16.6974007713815
1,5.01488408022009,1,7.54498246965604,1,8.38882768777543,1,20.3841726763099,1,16.6974007713815
1,9.4219034234438,1,20.2771403872006,1,11.0949011354449,1,20.5859961681545,1,17.456373533717
1,9.71144177185239,1,19.649361748281,1,11.5370588696836,0,17.3991346872646,1,16.915304245763
1,7.49168365257184,1,17.0487109286556,1,6.92223532181018,1,21.3200664477749,0,16.915304245763
1,9.71144177185239,1,15.6039049177525,0,10.548168109425,1,24.0157070331258,1,17.7207949241327
1,10.9600557139477,1,23.98377978099,1,10.8777983628446,1,19.6046588025517,1,16.5125589065782
0,4.71698600347116,1,10.6915644806823,1,9.55927734916644,1,22.7904158579663,1,17.3180495849478
1,7.68739107092958,1,13.5266536815603,1,6.44237554705582,0,17.8126475379625,1,17.7671284724592
1,8.15804766710895,1,17.4285730127796,1,7.61371655561142,1,20.929860857106,0,17.0029509037512
1,7.68739107092958,1,17.1684450573649,1,7.61371655561142,1,19.3712541975342,1,17.5760840802822
1,7.68739107092958,1,13.5266536815603,1,7.61371655561142,1,21.1525189513305,1,17.3850396881052
1,7.21673447475022,1,13.2665257261456,1,6.73521079919472,0,20.4845446686569,1,17.5760840802822
1,7.74421912506424,1,14.4445685936466,1,9.60558282343684,1,18.9259411653308,1,17.5658535135988
1,7.23916135603831,1,17.8300143577825,1,8.62039484154588,1,21.5949841501852,1,16.953091181729
1,6.56575099733707,1,11.9619083666136,0,7.14261286870945,1,18.1980203512797,1,17.5658535135988
1,5.72398804896053,1,11.0591228295107,1,6.65001887776397,1,21.5949841501852,1,17.1573452923523
1,7.74421912506424,1,14.4445685936466,1,7.63520685965493,1,18.44066062263,1,16.7488370711058
1,9.43514822500428,1,14.984595234565,1,7.50272731959757,1,20.5061912566907,1,17.1826288997379
1,6.45562773289766,1,11.7736105414439,1,10.8039273402205,1,21.4075623009408,1,16.8049887041393
1,8.44197472763541,1,15.2521772923251,1,9.00327278351709,1,22.0835905841284,1,16.8049887041393
0,9.10409039254799,0,16.3225055233654,1,10.8039273402205,1,20.9568767788157,1,17.1826288997379
1,6.62115664912581,1,13.1115208302444,1,8.70316369073319,1,20.9568767788157,1,17.3714489975372
1,8.80231175811045,1,14.3218590365555,1,8.59054489511524,1,20.0738709114068,0,17.1766568439074
1,6.38599088333503,1,9.72805519464147,1,6.01338142658067,1,20.7356468755191,1,17.5460473136688
0,7.93934001711923,0,16.2134253244025,1,8.01784190210756,1,20.2944628994443,1,17.1766568439074
1,3.79707566036137,1,6.48537012976098,1,9.7359508811306,1,22.0591988037438,1,17.3613520787881
1,9.32009480270518,1,14.0516352811488,0,11.7404113566575,1,20.0738709114068,1,17.5460473136688
1,7.84836873537754,1,17.0920214501869,1,13.0119293239122,1,20.0431985966878,1,16.8357038588627
1,7.6777520237389,0,20.1244768687685,1,13.0119293239122,0,19.5770776990904,1,16.8357038588627
1,8.18960215865483,1,10.7514328476982,1,13.8793912788397,1,22.8399239822722,0,17.0337709630846
1,7.6777520237389,1,17.6433769808381,0,8.67461954927483,1,20.0431985966878,1,17.0337709630846
1,6.82466846554569,1,11.8541439090006,0,8.67461954927482,1,22.1407426358761,1,17.2318380673066
1,4.38226004375225,1,16.8943877403119,1,8.16659490866575,1,22.203977268946,1,17.3439686171605
1,9.14558617826558,1,13.8775327866848,1,8.16659490866575,1,20.18543388086,1,16.9542165134041
1,8.38345399674344,1,12.3691053098712,1,8.95691054498824,1,21.194705574903,1,16.7593404615259
1,9.14558617826557,1,15.0842747681356,1,6.8494021814616,1,21.5984142525202,0,17.7337207209169
1,9.71718531440717,1,18.7045007124882,1,9.4837876358699,1,20.18543388086,1,17.9285967727951
1,6.81103956502149,1,15.7441513614179,1,11.916584480436,1,20.2045618491434,1,17.3738623462548
1,8.0494103950254,1,13.7448940456823,1,11.5321785294542,1,19.9640313509393,1,17.3738623462548
1,6.19185415001954,1,18.2432230060874,1,5.38168331374528,0,20.4450923473475,1,17.5758840014438
0,6.03705779626905,1,16.4938728548188,1,10.7633666274906,0,20.2045618491434,1,17.3738623462548
1,5.72746508876807,0,12.9951725522815,1,9.61014877454515,1,20.6856228455516,1,17.1718406910658
1,9.03156087091575,1,18.2956410114621,1,11.1446568244454,1,19.8213167691869,1,17.5869947533289
1,6.07893520157791,1,14.073570008817,1,4.92438324801077,1,19.8213167691869,1,17.2205990293012
1,4.51578043545787,0,11.8217988074063,1,9.07123229896721,0,20.049147996419,0,16.8542033052735
1,8.6841931451113,1,18.0141696112858,1,10.6263006930759,1,19.8213167691869,1,17.0374011672873
0,4.86314816126233,0,10.1329704063483,1,6.73862970780421,1,20.504810450883,0,17.2205990293012
1,8.46541256140136,1,15.2043308683542,1,13.7147993403996,0,21.8248140848081,1,16.9633039522743
1,5.87395973648258,1,15.4710735151674,1,7.31455964821312,1,22.5140187401178,1,17.5691362362841
1,5.52843269316007,1,17.0715293960468,1,8.22887960423976,1,21.3653443146016,1,17.5691362362841
1,7.42883143143385,1,15.4710735151675,1,14.6291192964262,1,19.2977303486724,0,16.7613598576044
1,7.25606790977259,1,17.0715293960468,1,11.428999450333,1,22.7437536252211,1,17.5691362362841
1,8.2187322153566,1,11.1844547097139,1,15.4586989872826,1,21.3464801884526,1,16.9683915807614
0,4.85652358180163,1,16.1187729639994,1,14.5122480288776,1,19.6861983960174,1,17.1590476659384
1,5.41689168739412,1,14.8029547628566,1,13.5657970704725,1,20.8721139620425,0,17.5403598362926
1,6.35083853004829,1,12.171318360571,1,13.5657970704725,1,20.3977477356324,1,17.1590476659384
1,4.48294484473996,1,15.460863863428,1,14.8277316816792,1,20.8721139620425,1,17.3497037511155
1,6.4095535172511,0,9.03545899475147,1,6.33568213175653,1,18.8214262273168,1,16.5699018480795
1,7.47781243679295,1,13.4074552825344,1,5.57540027594575,1,20.3185851317625,1,16.9644233206529
1,6.10433668309629,1,13.69892170172,1,10.643945981351,1,21.8157440362082,1,17.3589447932262
0,3.81521042693518,1,12.8245224441634,1,12.6713642635131,1,22.4573835666849,1,17.1616840569395
1,7.93563768802517,1,13.9903881209055,1,14.6987825456752,1,20.5324649752547,1,16.7671625843662
1,7.01790838461573,1,15.2923052100484,1,11.497465499876,1,22.0474432771629,1,16.9642687316585
1,6.67557139024423,1,15.9294845938004,1,10.8211439998833,0,21.5628840842582,1,17.5425960747832
1,5.99089740150123,1,15.2923052100484,1,11.1593047498796,1,21.8051636807106,1,16.7714929506169
1,6.67557139024423,1,14.0179464425444,1,11.8356262498723,0,21.0783248913535,0,17.1570445127
1,6.50440289305848,1,14.6551258262964,1,13.5264299998541,1,22.7742820665199,1,17.5425960747832
1,5.25182648156223,1,14.0189836959006,1,12.1018161764271,1,20.0841593094738,0,17.4857624144817
1,8.80951538842696,1,14.3450065725495,1,11.7560499999578,1,20.5800644776089,1,17.4857624144817
0,6.43772278385047,1,14.6710294491983,1,12.1018161764271,1,21.3239222298117,1,17.4857624144817
1,3.89651642180423,1,14.0189836959006,1,8.29838823526433,1,20.8280170616765,1,17.2870605688626
1,8.64010163095721,1,15.323075202496,1,11.4102838234885,1,21.3239222298117,1,17.4857624144817
1,6.58177306116488,1,14.8364849393949,1,10.9809612817162,1,19.1105788343698,1,17.7139789463069
1,6.23536395268251,1,16.3504119740271,0,13.058440443122,1,20.7031270705673,0,17.12351298143
1,7.62100038661196,1,16.6531973809535,1,10.3873958070288,1,19.7930995070259,1,17.3203349697223
0,4.84972751875307,1,13.6253433116892,1,8.60669938296675,1,20.7031270705673,1,17.5171569580146
1,6.75497761540606,1,15.7448411601742,0,5.93565474687362,1,20.2481132887966,1,17.12351298143
1,5.88846385771035,1,13.0836977564129,1,5.18391537073974,1,21.9453946094359,1,17.0865364133398
0,3.81954412392023,1,13.6177262362665,1,12.2528908762939,1,20.9246785810901,1,17.689590639693
1,6.20675920137037,1,15.2198116758273,0,7.54024053925781,1,20.6694995740036,1,17.4885725642419
1,6.20675920137037,1,14.6857831959737,1,9.18966815722045,1,22.7109316306953,1,17.689590639693
1,6.20675920137037,1,15.2198116758273,1,9.42530067407226,1,21.1798575881766,1,17.4885725642419
1,6.86829331249241,1,13.7396459656466,1,12.0731812448493,1,20.670736032155,1,17.3195649798327
1,6.25777835138198,1,15.6254797256373,1,10.4268383478244,1,20.9228181788886,1,17.9100046950543
0,5.34200590971632,1,13.7396459656466,1,12.8963526933618,1,20.9228181788886,1,17.3195649798327
1,8.2419519749909,1,12.1232170285117,1,12.8963526933618,1,20.670736032155,1,17.5163782182399
1,7.78406575415807,1,20.7441713598978,1,10.7012288306619,1,20.4186538854214,1,17.1227517414255
1,6.79363150491214,1,14.0413557398518,1,13.5335081955503,1,16.8288065462023,1,16.6989727424983
1,7.16085482950199,1,16.594329510734,1,10.7652906100968,1,20.3717131875081,1,16.6989727424983
1,6.4264081803223,1,13.6158601113715,1,10.4577108783798,1,24.5789148240587,1,17.5236133717575
1,5.32473820655276,0,9.78639945504825,1,8.30465275636041,1,19.9288498573449,1,16.6989727424983
1,5.6919615311426,0,11.91387759745,1,6.76675409777515,1,21.9217348430793,1,17.1112930571279
1,8.78986646564146,1,17.1562346911744,1,13.4181126528546,1,17.9141560371142,1,16.9445759918354
1,7.43757931708123,1,13.9394406865792,1,5.03179224482049,1,18.1299892423806,1,17.3629605842264
0,3.78640401596863,1,11.5268451831328,1,8.72177322435551,1,22.6624865529757,1,17.1537682880309
1,4.46254759024874,1,12.062977517232,1,9.72813167331961,1,19.2091552687128,0,16.9445759918354
1,6.08529216852101,1,13.40330835248,1,5.36724506114185,1,20.288321295045,1,17.3629605842264
1,4.50390721612784,1,12.707866534109,1,8.28168103076651,1,20.3103274863791,1,17.2293816256134
0,3.92275789791779,0,9.31910212501329,1,6.55633081602348,1,21.7610651639776,1,17.2293816256134
1,4.93976920478537,1,12.707866534109,1,6.55633081602349,1,22.0028547769106,0,17.2293816256134
1,8.13609045494061,1,16.3790279772961,1,8.28168103076651,0,20.3103274863791,0,16.6352650178336
1,6.82850448896802,1,14.6846457727482,1,8.62675107371511,1,21.5192755510445,1,16.8333038870935
1,8.40824259891191,1,16.4126146702795,1,11.3639094911773,1,21.956522484102,1,17.1819281515787
1,7.93230433859615,1,16.6816739271693,1,6.99317507149373,1,22.42870576333,1,16.982138289351
1,5.07667477670153,1,11.8386073031524,1,10.7811449018862,1,20.303881006804,1,16.7823484271234
1,9.0428269459996,1,18.2960294685083,1,8.45008654472158,1,20.303881006804,1,16.982138289351
1,4.75938260315769,1,17.4888516978388,1,5.82764589291144,1,21.484339204874,1,17.581507876034
1,6.63107021898117,1,17.3189774944711,1,10.6783580515704,1,21.5943688175726,1,17.0013093250974
1,7.38890681543616,1,16.0118848533789,1,9.44623981485073,1,23.3938995523703,1,16.6104746279687
1,6.44161106986742,1,16.665431173925,1,8.21412157813107,1,21.5943688175726,1,17.392144022226
1,6.63107021898116,1,14.0512458917407,1,6.98200334141141,1,21.8193101594223,1,17.392144022226
1,7.19944766632241,0,10.7835142890103,1,10.6783580515704,1,21.1444861338731,1,16.805891976533
1,8.97195672916668,1,17.4826004417021,1,10.7308873705812,1,20.9033371269839,1,17.3922979566803
1,5.48286244560186,1,11.8064314671235,1,11.2956709164013,1,20.9033371269839,1,17.3922979566803
1,7.80892530131174,1,12.7146185030561,1,11.5780626893113,1,20.9033371269839,1,17.577322403028
1,6.14745183294754,1,15.2121328518707,1,12.1428462351314,1,20.4439231241931,1,17.2072735103326
1,9.9688408101852,1,22.2505823803482,1,12.1428462351314,1,20.6736301255885,1,17.3922979566803
1,6.12544784668034,1,11.3538616078796,1,10.4023533457713,1,21.0743494282746,1,16.9461694737326
0,4.44094968884324,0,11.3538616078796,1,7.34283765583859,1,21.9524473211194,1,17.1455361734235
1,5.97231165051333,1,12.3556729262219,1,11.0142564837579,1,21.9524473211194,1,17.3449028731145
1,8.57562698535247,1,11.6877987139937,1,8.56664393181169,1,22.8305452139641,1,17.5442695728055
1,7.80994600451743,1,12.689610032336,1,10.0964017767781,1,21.9524473211194,1,17.7436362724965
1,5.46085476349239,1,13.0426701412384,1,6.43736625633823,1,20.4661281964675,1,17.7156935145375
1,3.58368593854188,1,10.6400730099577,1,6.43736625633823,1,20.000988919275,1,17.5311550404278
1,7.16737187708377,1,15.7884954341307,1,7.92291231549321,1,23.9546727754108,1,16.6084626698789
1,6.99672016572463,1,18.534320727023,1,10.3988224140848,1,19.0707103648901,1,17.346616566318
1,6.82606845436549,1,11.6697574947923,1,9.90364039436651,1,20.000988919275,1,17.346616566318
1,6.71526434045835,1,15.4557270862699,1,6.87272625160667,1,21.0854634794388,1,17.5251548969379
1,7.5052954393358,1,15.4557270862698,0,4.58181750107111,1,23.328597892145,1,17.3387170788854
1,4.54267881854535,1,10.6472786594303,1,13.4181798245654,1,19.739582831815,1,17.7115927149904
0,6.12274101630026,0,9.96035745559612,1,11.4545437526778,1,19.739582831815,1,17.7115927149904
1,6.91277211517771,1,12.0211210670988,1,10.472725716734,1,21.3097769207094,1,17.3387170788854
1,7.41336026139351,1,13.6754455249215,1,6.55047883073928,1,19.7787297995878,0,17.3585395816241
1,6.57093295896243,1,16.269064503786,1,8.27428904935488,1,19.7787297995878,1,17.3585395816241
1,6.90790387993486,1,12.9680948943222,1,7.24000291818551,1,20.6263896481416,1,17.5535793522042
0,5.89699111701757,1,13.2038784378553,1,3.79238248095432,1,20.3438363652903,1,17.5535793522042
1,5.89699111701757,1,15.0901467861203,1,7.24000291818552,1,22.0391560623979,1,17.5535793522042
1,6.81236708340285,1,12.1449780029246,1,10.9610946474235,1,24.2058606968057,0,17.8639854765253
1,6.14774590453428,1,12.1449780029246,1,8.28765692853973,1,19.3646885574445,1,17.3171287782643
1,5.31696943094857,1,12.3741285312817,1,6.68359429720946,1,21.7852746271251,1,17.3171287782643
1,6.48005649396856,1,11.6866769462105,1,9.08968824420486,1,22.4454344643107,1,17.3171287782643
1,6.31390119925142,1,14.4364832864953,1,8.82234447231648,1,19.1446352783827,0,16.9525576460903
1,7.0802279420077,1,16.2989886233876,1,10.0504823074337,1,20.8871642912581,1,17.0772331047994
1,6.14861900226985,1,15.7464805344592,1,8.7280504248766,1,21.8259132481685,1,17.4887326976862
0,7.0802279420077,1,13.8127022232098,0,11.9018869430135,1,20.6524770520304,1,17.6944824941295
0,6.89390615406013,0,15.1939724455308,1,13.7532915785934,1,20.6524770520304,1,17.0772331047994
0,6.33494079021742,0,10.2213996451753,1,8.7280504248766,1,20.8871642912581,1,16.8714833083561
0,6.03972044066692,1,13.8652889565946,1,9.98192365577393,1,23.3405167984866,1,17.0165609545361
0,6.03972044066692,0,11.3186032298732,1,10.7699702601771,1,18.8083776143145,1,18.0294514875442
0,5.40396039428093,1,15.5630794410756,1,9.98192365577393,1,18.1285567366886,1,17.624295274341
1,5.56290040587742,1,11.60156831062,1,9.19387705137073,1,23.5671237576952,1,16.6114047413329
1,5.40396039428093,1,12.4504635528605,1,8.93119484990299,1,21.5276611248178,0,16.8139828479345
0,6.46837365826776,1,11.5429325133234,1,8.00780415613004,1,20.6002100335722,1,17.0275856931897
0,5.65982695098429,0,10.9509872562299,1,9.66459122291556,1,19.0155784925282,1,17.0275856931897
1,4.68957090224413,1,6.80737045657531,1,9.38846004511797,1,19.6947062958328,0,17.0275856931897
1,10.5111071946851,0,20.1261387411792,1,9.66459122291556,1,21.2793378368768,1,16.8340904012217
1,6.79179234118114,1,11.8389051418701,1,10.2168535785107,1,23.0903453123557,1,16.6405951092536
1,7.29762000866668,1,15.3528143643751,1,9.01403922865013,1,19.9863016037695,1,16.7079310455044
1,5.55253696311595,1,10.1526675635383,1,11.9303460379193,1,20.6310210103427,1,17.6259492348179
1,6.18711261604349,1,10.4002936016734,1,11.400108436234,1,19.1266757283385,1,16.8915346833671
1,6.34575652927537,1,13.1241800211593,0,7.95356402527952,1,20.416114541485,1,17.2587419590925
1,8.0908395748261,1,17.3338226694557,1,10.3396332328634,0,18.9117692594808,0,17.2587419590925
1,6.13103038360446,1,9.12836253600225,1,10.2285045795769,0,18.7949616817025,1,18.4965224533706
1,7.03265249884041,1,12.072995612132,1,10.5481453476887,1,21.4507714845518,1,16.7803502669754
1,8.11459903712355,1,16.4899452263266,1,7.99101920279447,1,20.0207200522483,1,17.9244650579055
1,8.11459903712355,0,12.072995612132,1,9.90886381146515,1,21.6550645463094,1,16.7803502669754
1,6.85232807579322,1,13.8397754578099,1,7.99101920279447,0,18.1820824964296,1,17.1617218639521
1,6.77345781796565,1,13.054731066168,1,6.60159466646717,1,19.8939268750161,0,17.3217051597131
1,6.17137267859092,0,9.9690673596192,1,13.8980940346677,1,19.8939268750161,1,17.3217051597131
1,7.22502167249669,0,10.9185023462496,0,6.60159466646717,1,20.1365357393455,1,17.3217051597131
1,7.67658552702773,1,10.9185023462496,1,11.1184752277342,1,18.1956648247098,1,17.3217051597131
1,7.67658552702773,1,12.5800135728528,1,10.0761181751341,1,20.8643623323339,1,17.1179203931283
1,6.88524832044725,1,14.6676250661565,1,9.06712054729756,1,22.6077678484711,1,17.519842074893
1,6.355613834259,1,14.6676250661565,1,8.48214502811707,1,20.0723172486426,1,16.9723470100526
1,6.17906900552958,1,14.9080779360935,0,11.4070226240195,1,20.7061798985997,1,16.9723470100526
1,7.06179314917667,1,13.2249078465346,0,8.48214502811707,1,22.3964802984854,1,17.519842074893
0,5.64943451934133,0,13.2249078465346,1,9.3596083068878,1,20.9174674485855,1,17.1548453649994
1,7.02162975118198,1,15.2266127092534,1,8.49527987358621,1,20.6632655168243,0,17.6095555905446
1,8.25041495763883,1,18.2122230444012,1,11.0209036197875,0,20.9063627581987,0,17.2267391646632
1,6.67054826362288,1,15.5251737427682,1,7.80647339734949,1,21.1494599995731,1,17.0353309517225
1,7.89933347007973,1,18.510784077916,1,10.1024949848052,1,21.6356544823219,1,17.0353309517225
1,5.09068156960694,1,11.0467582400466,1,8.72488203233178,1,22.6080434478195,1,17.2267391646632
1,5.6424916927156,1,13.0366254751158,1,8.96073930160316,1,21.9264115313244,1,16.9656652743617
1,7.62498877394,1,14.3946072954404,0,10.1169637276165,1,19.9331013921131,1,17.5644534605156
1,5.48999191723681,1,12.493432746986,1,8.09357098209317,1,21.677247763923,1,17.5644534605156
1,6.70999012106721,1,16.2957818438948,1,8.09357098209318,1,21.9264115313244,1,17.165261336413
1,6.09999101915201,1,13.0366254751158,0,10.1169637276165,1,22.6739028335287,1,17.165261336413
1,7.6640083122315,1,13.2455638809279,1,10.4223259676,1,19.890161143309,1,17.6607516618429
1,8.71593102175347,1,16.4129813307151,1,11.4912824770975,1,20.1553632918864,1,16.7886157773074
1,6.91263494828723,1,16.7009283716048,1,9.88784771285131,1,21.2161718861963,1,17.2246837195751
1,6.46181092992068,1,15.5491402080458,0,6.41373905698463,1,20.9509697376188,0,17.6607516618429
1,6.91263494828724,1,13.8214579627074,1,9.62060858547695,1,20.1553632918864,0,17.8787856329767
1,6.21021994561836,1,9.95131231264375,1,11.8098512832795,1,20.9606968265282,0,17.1057258707687
1,5.27868695377561,0,8.09990537075654,1,8.39121012233018,0,20.4788417270678,1,17.513005058168
1,6.67598644153974,1,14.5798296673618,1,7.76963900215757,1,18.5514213292261,1,16.9020862770691
1,6.8312419401802,1,12.7284227254746,1,7.45885344207127,0,19.9969866276073,1,17.1057258707687
1,6.36547544425882,1,12.0341451222669,1,7.76963900215757,0,19.0332764286865,1,17.1057258707687
0,9.08720877670387,0,17.326698005444,1,11.087203418551,1,19.3349283511507,1,17.1340492749438
1,6.21756389985002,0,9.65344603160451,1,13.1499389382815,1,19.3349283511507,1,16.7574767634065
1,9.08720877670387,1,17.5742222626646,1,9.02446789882061,1,20.4461311299524,1,17.510621786481
0,5.10159089218463,1,11.6336400893695,1,10.8293614785847,1,26.0021450239612,1,17.510621786481
1,8.76835934594233,0,16.0890767193409,1,12.8920969983152,1,21.7795744645145,1,17.6989080422496
1,6.90721922893829,1,13.01683961201,1,13.6870301626369,1,21.2799617572993,1,16.7987634335817
1,7.05111962954117,1,12.1293278202821,1,5.77896829089114,1,20.3679633962722,1,17.2187325194212
1,5.46821522290948,1,15.6793749871939,1,13.3828739368005,1,20.3679633962722,1,17.428717062341
1,8.49012363556998,1,10.9459787646448,0,17.032748646837,1,21.5839612109751,1,17.2187325194212
1,7.6267212319527,0,13.6085141398287,1,13.6870301626369,1,21.2799617572993,1,16.7987634335817
1,8.23764507209873,1,11.4525673119891,0,4.99394136600198,1,21.4035092899067,1,17.1528087397251
1,7.22895383878052,1,15.9437701794359,1,8.41084861642438,1,18.6711464018335,0,17.1528087397251
1,7.22895383878052,1,17.5156911830422,1,8.14800959716112,1,19.5819340311912,1,17.3522600041405
1,8.23764507209873,1,14.3718491758295,1,10.7763997897937,1,21.1758123825673,1,17.1528087397251
1,7.56518424988659,1,13.9227288890848,1,9.46220469347743,1,18.898843309173,1,17.3522600041405
1,6.58858960724907,0,11.8304671715768,1,7.36327408623999,1,22.510413915652,1,17.1745185686209
1,7.41216330815521,0,13.0890275089786,0,12.88572965092,1,19.913058463846,1,17.551980515184
1,5.35322905588987,0,9.06163442929287,1,10.12450186858,0,20.1295047514965,1,17.551980515184
1,7.20626988292868,1,13.3407395764589,1,10.4313049555067,1,19.913058463846,1,17.551980515184
1,7.82395015860827,1,13.8441637114197,1,7.36327408623999,1,19.2637196008945,1,17.7407114884655
1,6.24252794059468,1,16.1152605383752,1,8.73870670677644,1,20.7944038311964,1,17.1597010115044
1,7.80315992574335,1,14.2908914208233,1,10.1041296297103,1,21.2565016941119,0,17.1597010115044
1,5.30614874950547,1,13.0746453424554,1,7.64636836842939,1,21.4875506255696,0,17.3546976139079
1,6.39859113910955,1,15.8111990187832,1,8.73870670677644,1,20.7944038311964,1,17.1597010115044
1,5.61827514653521,1,13.6827683816393,1,10.6502987988838,1,20.5633548997387,1,16.964704409101
1,6.63073345596808,1,14.7045223375772,1,9.12456458306119,0,20.5254093445145,1,17.942269465727
1,5.68348581940121,1,12.3412955333237,1,2.73736937491836,1,21.225139208532,1,17.5344906142332
1,5.68348581940121,1,11.8161340212674,1,14.1430751037448,1,21.6916257845437,0,16.9228223369925
1,4.26261436455091,1,9.97806872907022,1,15.9679880203571,1,21.6916257845437,1,17.5344906142332
1,7.8937303047239,1,17.0677491418306,1,11.17759161425,0,19.5924361924911,0,16.7189329112456
1,7.33133942574977,1,13.5581690699086,1,8.47998362170489,1,19.4811631788991,1,17.0330048137075
0,6.08345186392002,1,12.8049374549137,1,7.00520386140838,1,20.3872637918712,1,17.2310630092157
1,6.39542375437746,1,15.8178639148933,1,8.11128868163076,1,19.9342134853852,1,17.0330048137075
1,5.9274659186913,1,14.3114006849035,1,7.74259374155663,1,21.7464147113293,1,17.2310630092157
1,7.64331131620721,1,13.056014659912,1,7.37389880148251,1,21.2933644048433,0,17.0330048137075
1,6.28207882881417,1,15.2029893255991,1,8.39210436786394,1,23.3219916828205,1,16.5384663188694
1,6.60423671747131,1,18.4036186573042,1,10.9351662975197,1,23.093344705538,1,17.3260123340537
1,9.18149982672841,1,14.9362702146237,1,5.59473624524263,1,22.1787567964078,1,17.1291258302576
1,7.24855249478558,1,12.2690791048694,1,6.10334863117377,1,22.1787567964078,1,17.7197853416458
1,7.73178932777129,1,16.2698657695008,1,10.4265539115885,1,21.9501098191252,1,17.5228988378498
1,5.9225940464163,1,11.6294649625268,1,10.0533687571171,1,20.8027281841868,0,17.3835375745098
1,6.71227325260514,1,16.9969103298468,1,11.6836447717847,1,20.3553576856021,1,17.3835375745098
1,6.12001384796351,1,14.9095704647779,1,6.52110405867056,1,19.6843019377251,0,16.9884571750891
0,3.15871682475536,0,1.78914845577335,1,8.69480541156074,1,19.9079871870175,1,16.9884571750891
1,7.69937226034119,1,17.2951017391424,0,8.69480541156074,1,20.1316724363098,1,16.9884571750891
1,7.20675153347561,1,12.629345221076,1,7.11260059236359,1,20.5889402621918,1,16.6192299988365
1,7.39154003433396,1,14.5237470042374,1,9.48346745648479,1,21.3156087420338,1,17.4013114105465
1,6.83717453175891,1,14.2080133737105,1,9.22003780491576,0,19.1356033025076,0,16.814750351764
1,8.13069403776735,0,19.5754850926677,1,6.58574128922555,1,18.4089348226656,1,17.4013114105465
1,7.76111703605066,1,15.786681526345,1,9.48346745648479,1,21.3156087420338,1,17.205791057619
1,7.55627472662468,1,17.5837358768991,1,8.6219024391152,1,20.9471266408564,1,17.1170812867727
1,6.58752155654459,1,15.8253622892092,1,9.48409268302672,1,22.5584440747684,1,17.1170812867727
1,5.03751648441645,1,12.3086151138294,1,8.3345056911447,1,20.7169384360118,1,16.9247545307416
1,6.58752155654459,1,11.4294283199844,1,10.6336796749088,1,22.5584440747684,1,17.6940615548662
1,8.13752662867273,1,14.6531132307493,1,8.3345056911447,1,21.8678794602347,0,17.1170812867727
0,5.64459134553973,1,15.1569565315184,1,8.46719765084433,1,18.1533057182372,1,17.8446230012244
1,7.05573918192466,1,9.70992527800395,1,7.7615978466073,1,18.7792817774868,1,17.2751137565044
1,6.42856236575358,1,14.6833016399084,1,8.46719765084433,1,21.700503387318,1,17.2751137565044
1,8.4668870183096,1,18.235713326983,0,7.7615978466073,1,19.4052578367363,1,17.0852773415978
1,7.68291599809575,1,12.3150271818587,1,9.87839725931839,1,21.283186014485,0,17.0852773415978
1,5.94707493939272,1,16.8130737583499,1,4.4715326651994,1,20.7621870499262,1,17.3001069811523
1,6.31876712310476,1,18.2750801721194,1,6.09754454345372,1,20.987862996121,1,16.6748019095444
1,9.47815068465714,1,9.01570621824557,1,15.0406098738525,1,22.1162427270953,0,16.8832369334137
1,7.24799758238488,1,19.737086585889,1,7.31705345214447,1,23.2446224580695,1,17.091671957283
1,8.17722804166499,1,13.158057723926,1,9.34956829996237,1,21.2135389423159,1,17.9254120527602
1,7.08754001229246,0,14.0376867206556,1,8.65737666646232,1,21.3981547241182,1,17.3696109179453
1,6.45753645564424,1,10.1652214184057,0,9.52311433310855,1,21.6656316581697,1,17.1652625542047
1,6.45753645564424,1,14.5217448834368,1,8.2245078331392,1,22.2005855262726,1,16.9609141904642
1,7.71754356894068,1,10.8913086625776,1,8.2245078331392,1,23.2704932624785,1,17.1652625542047
1,6.14253467732013,1,10.4072504997964,0,7.79163899981608,1,21.6656316581697,0,17.1652625542047
1,6.13059438605549,1,14.091201537011,1,11.1321035409468,1,19.0608264278314,1,17.5555239126232
1,5.96926295484351,1,14.9858809996784,1,12.5532231419187,1,21.8502156611726,1,17.5555239126232
1,7.42124583575139,1,16.5515700593462,1,15.1586090770339,1,19.0608264278314,1,17.1738820884357
1,6.93725154211543,1,14.9858809996784,1,7.34245127168828,1,21.3853174556157,0,17.5555239126232
1,3.22662862423973,1,11.6308330146757,1,8.52671760583156,1,19.2932755306098,1,17.5555239126232
1,9.57732480420026,1,24.2577170580576,1,9.19145088222622,1,20.2343651149046,1,17.7710181603758
1,5.52537969473092,1,11.6304122881098,1,8.9288379998769,1,19.4356401761584,1,17.1915284377548
1,7.36717292630789,1,15.9502797094077,1,8.14099935282894,1,21.0330900536508,1,16.9983651968812
1,8.65642818841177,1,20.6024446246517,1,6.82793494108234,1,19.9681234686559,0,16.8052019560075
1,9.02478683472716,1,15.6179822154618,1,7.87838647047962,1,20.5006067611533,1,17.3846916786285
1,6.30720257066607,1,17.592362561201,1,9.99700530970531,1,18.8164606256026,0,16.8756882496329
1,6.76870519778798,1,17.8807619474502,0,8.74737964599215,1,18.1363475909422,1,16.674787199042
1,3.53818680793463,1,14.9967680849583,1,9.99700530970532,1,19.7232780051497,0,16.674787199042
1,2.92284997177208,0,12.4011736087155,1,10.9342245574902,1,20.8567997295836,1,17.0765893002238
1,6.30720257066608,1,12.6895729949647,1,8.74737964599215,0,22.8971388335646,0,17.2774903508146
1,7.06598702661863,1,13.3264473949306,1,8.79280287771626,1,19.7890614515918,1,16.8406334434825
1,7.80977513468375,1,18.5411442016425,0,9.0675779676449,1,20.4636885465324,1,17.051141361526
1,7.80977513468375,1,18.2514388234919,1,8.51802778778763,1,19.5641857532783,1,17.8931730337002
1,7.43788108065119,1,16.2235011764372,1,9.06757796764489,1,20.4636885465324,0,17.2616492795696
1,7.06598702661863,1,19.1205549579439,1,8.79280287771626,1,20.688564244846,0,16.2091096893519
1,6.92954862178591,0,9.60715838919073,1,15.8916274782073,1,24.5966103379626,1,16.899404571879
1,7.11190516446449,1,13.8770065621644,0,15.8916274782073,1,21.5220340457173,1,17.105494871536
0,4.74127010964299,0,7.47223430270391,1,5.62828473186508,1,19.1569753593747,1,16.899404571879
1,6.74719207910733,1,12.4537238378398,1,14.8984007608193,1,20.5760105711803,1,16.899404571879
1,10.3943229326789,1,22.7725235891928,0,3.31075572462652,1,19.1569753593747,1,17.105494871536
1,5.22235443367291,1,13.9445430011264,1,16.6901060438058,1,19.5712851549489,1,17.5501959802149
1,8.12366245238008,1,17.1017980202494,1,12.7162712714711,1,21.7703059588757,1,17.1467431990605
1,5.99603657199482,1,15.5231705106879,1,9.13981997636982,1,21.1105997176976,0,17.5501959802149
0,5.41577496825338,1,14.2076475860533,1,6.35813563573553,1,21.7703059588757,1,17.1467431990605
1,7.9302419177996,1,16.5755888503956,1,20.6639408161405,1,22.6499142804464,1,17.3484695896377
1,11.7983162136386,1,15.9222783933062,1,10.3390730492356,1,22.8572131166425,1,17.0245561600652
1,6.23625285578041,1,10.4318375680282,1,9.45286678787257,0,19.3225925315947,1,17.2158433079311
1,6.74189497922206,1,12.9025359394033,1,7.08965009090442,1,22.6215717443059,1,17.2158433079311
1,8.93301084746924,1,16.1968004345701,1,7.38505217802544,1,20.7364407656138,1,17.5984176036629
1,7.58463185162482,1,14.0006241044589,1,8.86206261363053,1,19.7938752762677,1,17.407130455797
1,4.49846998259332,1,9.58327443765824,1,15.4553639862424,0,18.5761549655041,1,17.515534274658
1,5.09826598027243,1,11.7737371662658,0,4.13982963917207,0,19.3094242404582,1,17.3142062944896
1,5.24821497969221,1,15.6070469413291,1,12.4194889175162,1,20.2871166070637,1,17.1128783143211
1,7.04760297272954,0,9.03565875550633,1,9.65960249140149,1,19.5538473321096,1,17.3142062944896
1,7.19755197214931,1,15.8808547824051,1,16.0073412714653,1,21.9980782486233,1,16.9115503341526
1,5.5858350082196,1,13.5093647013044,0,9.67948801911527,1,20.0267705180933,1,16.7981249983646
1,6.05132125890456,1,12.9689901132522,1,12.7485939763957,1,19.0843342584184,1,17.0107594920148
0,6.05132125890456,1,14.0497392893565,1,8.26297757729352,1,20.7335977128496,1,16.7981249983646
1,7.60294209452112,1,17.2919868176696,1,13.9290193445805,1,20.4979886479308,1,16.7981249983646
1,5.8961591753429,1,12.4286155252,1,8.97123279820439,1,19.7911614531746,1,17.0107594920148
1,7.53625050132529,1,25.9069391432416,1,11.962025420183,1,21.2281148720704,1,17.8122029256866
0,4.67247531082168,1,10.3627756572966,1,8.08244960823177,1,20.9998555723707,1,17.0205494623227
0,4.52175030079517,0,3.88604087148623,1,8.40574759256104,1,20.9998555723707,1,17.4163761940047
1,4.82320032084819,1,2.59069391432416,1,11.3154294515245,1,20.7715962726711,0,17.2184628281637
1,6.33045042111324,1,17.8757880088367,1,12.9319193731708,1,18.9455218750736,1,17.0205494623227
1,7.27622825095577,1,15.5909815155194,1,10.0067280877841,1,19.0159410174098,1,17.280667307514
1,7.43104161799738,1,13.6111743389455,0,9.36113272728186,0,20.0723821850437,0,17.280667307514
1,7.89548171912222,1,12.3737948535868,1,10.6523234482862,1,19.2272292509366,0,17.0820389476575
1,7.74066835208061,1,11.3838912652998,1,9.36113272728186,1,23.2417056879453,1,17.4792956673704
1,7.89548171912222,1,12.1263189565151,1,9.36113272728186,1,24.7207233226327,1,17.280667307514
1,7.44848136880898,1,19.3107927797313,1,10.3210612327226,1,20.0195609503348,1,17.2032110449656
1,7.12463435277381,1,14.9219762388833,1,9.71393998373892,1,19.79712138422,1,16.6030990317691
1,5.9911697966507,1,17.5552661633921,1,10.9281824817063,1,22.0215170453683,1,17.0031737072334
1,7.12463435277381,1,19.3107927797313,0,8.49969748577156,1,23.5785940081722,1,17.8033230581621
1,6.47694032070346,1,16.6775028552225,0,11.53530373069,1,20.6868796486793,1,17.6032857204299
1,6.1555616843847,1,10.6850248523725,1,5.36727834754066,0,18.4552945117945,1,17.1525363877398
1,6.00900069189935,1,15.0099158640471,1,12.7988945210585,1,21.4890415548292,1,17.1525363877398
1,7.18148863178215,1,12.7202676813959,1,2.47720539117261,1,19.9721680333118,1,17.5514325828035
1,8.5005375641503,1,13.7378890959075,1,9.49595399949501,1,20.7306047940705,0,17.1525363877398
1,6.59524466184075,1,9.92180879148877,1,7.0187486083224,1,19.4665435261394,1,17.1525363877398
1,6.91158739554777,1,16.7017164749838,1,5.86554942962224,1,23.4388796715261,1,16.9102293928581
1,6.36593575905716,1,16.7017164749838,1,10.6031085843171,1,18.9978287863949,1,18.2402474349931
1,8.36665842618941,1,15.286316773714,0,4.51196109970941,1,22.2052544256563,1,17.8602422800974
1,8.73042618384982,1,17.2678763554917,1,12.4078930242009,1,18.7511037372209,1,17.6702397026495
1,7.8210067896988,1,18.6832760567615,1,10.1519124743462,1,23.4388796715261,1,16.9102293928581
1,6.92836941532437,1,13.6174395603932,1,12.5050276424791,1,20.1386949761316,1,16.9447254592488
1,4.94883529666026,1,15.7124302619922,1,10.9418991871692,1,21.8790760234516,1,16.9447254592488
1,5.27875764977095,1,13.0936918849935,1,10.0040221139833,1,21.3818242956459,1,16.7274853892584
1,5.44371882632629,1,13.0936918849935,1,12.1924019514171,1,20.6359467039373,1,16.9447254592488
1,6.92836941532437,0,11.5224488587943,1,12.8176533335411,1,20.8845725678402,1,16.9447254592488
1,7.33718570674207,1,14.0619895840369,1,9.20151567358747,1,21.9489726336464,0,17.2804462736362
1,7.48392942087691,1,14.061989584037,1,10.7351016191854,1,21.7050951599392,0,17.2804462736362
0,9.83182884703438,1,16.267791871729,1,13.8022735103812,1,21.7050951599392,1,17.2804462736362
1,5.57626113712397,1,13.7862642980754,1,14.5690664831802,1,19.0224429491602,1,16.8785754300633
0,6.7502108502027,1,14.8891654419215,1,7.28453324159008,1,20.7295852651105,1,17.4813816954226
0,5.90931080900837,1,15.2144149695677,1,7.84965759594585,1,20.5462685463438,1,17.2072732055935
1,6.72438816197505,1,14.7462791243502,1,3.92482879797293,1,21.9314102460973,0,17.2072732055935
1,6.72438816197505,1,14.5122112017415,1,4.61744564467403,1,21.0079824462616,1,16.8117037066143
1,6.72438816197505,1,14.9803470469589,1,7.84965759594585,1,23.5474088958097,1,17.2072732055935
1,5.90931080900837,1,14.5122112017415,1,5.31006249137514,1,20.3154115963848,1,17.405057955083
1,6.94193696348788,1,14.1294880816411,1,11.7066129031661,1,20.1796047065963,1,17.41735776377
1,8.67742120435985,1,16.1846863480616,1,10.5059346566875,1,20.9949422704992,1,17.7879398438502
1,8.51964990973513,1,15.9277865647591,0,9.90559553344822,1,21.4026110524507,1,16.4909025635695
1,5.36422401724063,1,11.5604902486155,1,9.00508684858929,1,19.1604327517177,1,18.5291040040106
1,8.04633602586095,1,15.1570872148514,1,6.00339123239286,1,23.4409549622079,1,17.0467756836898
1,9.49911981466372,1,13.7245434163029,1,11.2335415406063,1,20.2226202301099,1,17.5086858237019
1,8.40306752835636,1,14.410770587118,1,10.5916248811431,1,19.7467938717544,1,16.7036887743363
1,5.66293681258799,1,13.9532858065746,1,8.66587490275346,1,19.2709675133989,1,17.3074365613605
0,3.83618300207573,1,14.1820281968463,0,9.30779156221668,1,20.4605334092877,1,17.1061872990191
1,8.40306752835636,1,15.0969977579332,1,12.1964165298012,1,19.5088806925766,1,17.5086858237019
1,6.16910656714473,1,9.28322041975822,1,9.69375475556824,1,19.5832870406383,1,17.4172240452991
1,6.81848620579154,1,10.8681604914243,1,9.25312953940604,1,20.1198154527106,1,17.4172240452991
1,7.14317602511494,1,16.3022407371364,1,9.25312953940604,1,20.3880796587468,1,17.4172240452991
1,8.27959039274687,1,17.4343407883264,1,8.81250432324385,1,20.6563438647829,1,17.4172240452991
1,9.09131494105538,1,13.3587806040423,1,7.05000345859508,1,20.1198154527106,1,17.6086221117309
1,7.38799185762753,1,11.6775721507126,1,12.2251037335108,1,21.0074114984162,1,16.980778452055
1,8.49619063627166,1,7.18619824659235,1,12.2251037335108,1,20.1134790942282,1,16.980778452055
1,6.2797930789834,1,12.5758469315366,1,9.6054386477585,1,22.1248270036511,1,16.7962047732283
1,6.83389246830547,1,12.3512782363306,1,13.0983254287616,1,20.7839283973692,1,16.980778452055
1,7.38799185762753,0,16.8426521404508,1,11.642955936677,1,20.5604452963222,1,16.980778452055
1,6.67314044549162,0,10.9461629987555,1,11.9538737446522,1,19.7991680239554,1,16.5932755763204
1,7.64969758385625,1,14.8755548444625,1,8.64748313442925,1,20.4979621895067,1,16.5932755763204
1,6.8358999685524,1,12.910858921609,0,9.15615861292509,0,20.2650308009896,0,16.8060098785809
1,6.51038092243085,1,8.13945453753611,0,9.91917183066884,1,21.4296877435752,1,17.0187441808414
1,7.16141901467394,1,12.3495172293651,0,10.4278473091647,0,19.100373858404,1,16.8060098785809
0,5.95912611870955,1,10.8270167815713,1,6.49315838322404,1,25.9585731592362,1,17.3839629979106
1,5.61860462621186,1,11.0848028954183,1,9.59858195780945,1,21.3776484840769,1,17.3839629979106
0,5.7888653724607,1,13.9204501477346,1,10.7278268940223,1,18.3236987006373,1,16.6026612901393
1,6.98069059620261,1,18.3028140831325,1,7.3400920853837,0,22.0320662948139,1,17.7746138517962
1,6.98069059620261,1,14.6938084892754,1,3.38773480863863,1,20.0688128626028,1,17.1886375709678
1,7.10829744977005,1,11.8939575398334,1,10.8685115466954,1,23.2167088753955,1,17.2848154504373
1,6.7615512327081,1,14.9307126563866,1,12.2270754900323,1,23.4560563895749,1,17.6689224604471
0,4.85444703886735,0,6.57963608586528,1,11.7742208422533,1,20.8232337336022,1,16.9007084404276
1,6.58817812417712,1,11.3878316870745,0,8.15138366002154,1,21.3019287619609,1,17.2848154504373
1,6.58817812417712,1,7.84495071776245,1,13.1327847855903,1,24.1740989321129,1,18.0530294704568
1,7.30524796528796,1,9.59113216751152,1,14.1500943382093,1,20.0238297489173,1,17.3273878211034
1,5.97702106250833,0,8.18067155464218,1,12.6447651532934,1,19.5635118236548,1,17.3273878211034
1,7.47127632813542,1,13.5404218835457,1,8.42984343552894,1,20.9444655994422,1,17.1259065673697
1,6.97319123959306,1,15.2329746189889,1,9.03197510949529,1,20.9444655994422,1,17.1259065673697
0,3.48659561979653,1,9.02694792236378,1,8.73090927251212,1,20.4841476741797,1,17.3273878211034
1,5.55647961126217,1,11.822446669217,1,7.86585351355296,1,20.4314202856565,1,16.6546967484594
1,6.94559951407771,1,13.9939164656038,1,7.86585351355296,1,20.6662641969858,1,17.2037526852218
0,5.03555964770634,1,14.2351908874245,1,10.0508128228732,1,20.1965763743271,1,16.4716781028719
1,6.59831953837383,1,12.7875443565,1,7.86585351355296,1,19.4920446403389,1,17.2037526852218
1,6.94559951407771,1,16.1653862619906,1,7.86585351355296,1,18.317825083692,1,17.2037526852218
1,5.99680354829004,1,13.3740336825557,1,7.78928140680815,1,22.9799858714957,1,16.836631859761
1,8.807805211551,1,19.7703106611694,1,11.4984630290977,1,20.276458121908,1,17.4526061960937
1,6.55900388094223,1,12.501814094563,1,7.78928140680815,1,19.7357525719904,1,17.6579309748713
1,5.05980299386972,1,11.0481147812417,1,7.41836324457919,1,21.8985747716606,1,16.6313070809835
1,6.37160377005817,1,13.3740336825557,1,10.0147903801819,1,22.7096330965369,1,17.4526061960938
1,7.92882626940031,1,12.6722214478057,1,11.6338437271159,0,20.1933177922978,1,17.1775818723479
1,7.04784557280028,1,14.6006029724718,0,8.05419950338795,1,21.1325418756605,1,17.3796710708461
1,7.92882626940031,1,13.7741537476149,1,7.75589581807728,1,20.8977358548198,1,17.1775818723479
1,6.60735522450026,1,12.3967383728534,1,6.86098476214529,1,22.7761840215452,1,17.5817602693443
1,7.48833592110029,1,12.3967383728534,1,12.8270584683586,1,21.1325418756605,1,17.1775818723479
1,7.75958629704911,1,16.7362738277622,1,6.66077661126531,0,18.895900755967,1,17.0920322588539
1,6.29551341081343,1,12.620796657001,1,5.92069032112472,0,22.4231355637475,1,17.4941977237681
1,7.02754985393127,1,13.7182572358706,0,11.8413806422494,1,19.1478460993799,1,16.8909495263968
1,7.90599358567268,1,17.5593692619144,1,9.62112177182768,1,19.9036821296186,1,17.0920322588539
1,9.80928833777907,1,23.3210373009801,1,7.4008629014059,1,19.9036821296186,0,16.8909495263968
1,6.19460264354223,1,10.8123724986071,1,10.7760864880106,1,20.6560127021621,1,17.1127889468823
1,6.00688741191973,1,10.8123724986071,1,9.85242193189542,1,19.9896897117698,1,17.1127889468823
1,5.25602648542977,1,8.76678851238413,1,8.62086919040849,1,20.6560127021621,1,16.6795537836701
1,6.38231787516472,1,11.3968250660994,1,7.38931644892157,1,19.5454743848415,1,17.1127889468823
1,6.00688741191973,0,11.9812776335916,1,10.4681983026389,1,20.6560127021621,0,16.8961713652762
1,6.73120047197888,1,14.4406024190421,0,7.80477551349195,1,17.4639002212167,1,16.9542634898803
1,7.8530672173087,1,16.7057949553624,1,9.58872420229011,1,21.2219546992,1,17.1447608324632
1,6.54422268109058,1,16.9889440224025,1,14.7175766825848,1,20.3377065867333,1,17.5257555176291
1,6.73120047197888,1,21.5193290950431,1,18.0624804740814,1,19.23239644615,1,16.9542634898803
1,5.98328930842567,1,11.3259626816016,0,1.11496793049885,1,20.3377065867333,1,17.5257555176291
0,6.25933681331268,1,9.51012357618983,1,6.28621626873722,1,19.2833931772132,1,17.178395564444
1,6.75349498278473,1,14.1117962743462,1,5.19296126547857,1,19.5244355919284,0,16.7434994742049
1,8.40068888102491,1,19.0202471523797,1,9.2926675276985,1,20.2475628360739,1,16.9609475193244
1,6.09461742348866,1,11.6575708353295,1,9.2926675276985,1,24.5863263009468,1,17.613291654683
0,7.08293376243277,1,11.6575708353295,1,9.83929502932782,1,22.6579869832255,1,17.178395564444
1,7.85667937037376,1,10.8906655957467,0,4.11879247647153,1,19.7992451798559,1,17.7102802688061
1,5.29471870612144,1,13.6133319946833,1,9.00985854228148,1,20.9115623247916,1,17.517777222406
1,5.46551608373827,1,9.90060508704244,1,6.95046230404571,1,18.9093914639073,1,17.517777222406
1,6.31950297182237,1,14.1083622490355,0,6.95046230404571,1,20.9115623247916,1,17.7102802688061
1,5.97790821658873,1,10.8906655957467,1,8.49500948272254,1,22.0238794697273,1,17.7102802688061
1,5.48657926089953,1,8.14593096159061,1,5.88226447122247,1,20.3682493805983,1,17.589219195743
0,6.05415642582017,0,4.20435146404677,1,7.94105703615034,1,21.0471910266183,1,17.1894642140216
1,6.24334881412705,1,17.6057217556958,1,9.41162315395596,1,19.915621616585,1,17.589219195743
1,6.43254120243393,1,18.9195815882104,1,7.94105703615034,1,20.3682493805983,1,17.3893417048823
1,7.18931075566145,1,17.08017782269,1,6.47049091834472,1,19.0103660885584,1,17.7890966866037
1,8.83198932498126,1,15.2384159359854,1,9.42432780496371,1,21.7346227213762,1,17.3004950290629
1,7.91199043696238,0,12.848076181321,1,12.8170858147506,1,19.3196646412233,1,17.1082673065177
1,8.46398976977371,0,14.0432460586532,0,13.9480051513463,1,20.8564561467751,1,17.1082673065177
1,5.33599355050951,1,11.6529063039889,1,10.5552471415594,0,18.4414980666222,1,16.7238118614274
1,7.91199043696238,1,13.7444535893202,1,10.9322202537579,1,20.1978312158244,1,17.1082673065177
1,6.34909944768134,1,15.8723836541159,1,7.70758444607231,1,21.2628387006478,1,17.0411463107742
1,7.18450726974467,1,14.8142247438415,1,10.0533710166161,1,20.546113800626,1,17.6356049030105
0,6.516181012094,1,11.3752082854497,1,10.3884833838366,1,21.5017470006551,1,17.2392991748529
1,6.34909944768134,1,13.4915261059985,1,8.71292154773392,1,20.3072055006187,1,17.2392991748529
1,8.68824134945867,1,14.8142247438415,1,9.04803391495445,1,21.5017470006551,0,16.8429934466954
1,5.37688428399833,1,10.0848473050438,0,5.67987294452289,1,19.6531403898322,1,17.0025524700959
1,6.93791520515913,1,10.9025376270744,1,6.71257711625432,1,22.3331140793548,1,17.3889741171435
1,5.89722792438526,1,9.81228386436693,1,8.00345733091861,1,20.7697960938,1,16.809341646572
1,6.76446732503015,1,11.1751010677512,1,14.7160344471729,1,19.6531403898322,1,17.1957632936197
1,6.59101944490117,1,10.9025376270744,1,9.81068963144862,1,20.0998026714193,1,17.0025524700959
1,9.72825150925713,1,19.500844015406,1,14.2045156543831,1,21.1237287220922,1,16.8620657347125
1,7.10910687214944,1,14.0839429000154,1,9.00774163448687,1,20.1635592347243,1,17.2635434903008
1,7.67035215152966,1,16.5215484019412,1,11.4329028437718,1,19.4434321191985,1,17.2635434903008
1,4.11579871545494,1,10.0212670634725,0,13.5116124517303,1,18.2432202599887,1,17.6650212458892
1,7.48327039173626,1,12.1880275096287,1,11.0864512424454,1,20.1635592347243,1,17.0628046125067
1,6.25579837410685,1,11.6994199144708,1,10.8379175954049,1,19.1241575648829,1,16.6527770199877
1,7.14948385612211,1,14.6242748930886,1,10.0904750026183,1,23.5947398527776,1,17.7881936349869
1,6.0770612777038,1,10.9682061698164,1,5.60581944589907,0,19.1241575648829,1,16.6527770199877
1,4.82590160288243,1,6.94653057421707,1,7.10070463147216,1,20.1176202955262,1,17.0312492249874
1,5.89832418130074,1,10.9682061698164,1,10.0904750026183,1,22.1045457568127,1,17.2204853274873
1,7.36090663943878,1,14.1778536706233,1,8.04669350015668,1,19.1125330776725,1,17.1166484079585
1,7.63867670130439,1,14.6934119859187,1,7.42771707706771,1,19.6222006264104,1,17.5341276374209
1,7.22202160850597,1,13.6622953553279,1,14.8554341541354,1,21.6608708213621,1,17.3253880226897
1,6.66648148477474,1,13.1467370400325,1,8.35618171170117,1,18.0931979801966,1,16.9079087932273
1,5.8331712991779,1,10.8267246212032,1,7.42771707706771,1,17.0738628827207,1,16.4904295637649
1,7.96261550839238,1,16.2298395512593,1,4.44523641175154,1,22.4883279293566,1,17.4118141261828
1,6.85155287931437,1,16.7894891909579,1,10.3722182940869,1,20.7070742319818,1,17.0068882162715
1,9.07367813747038,0,15.1105402718621,1,8.59412372938632,1,20.2617608076381,1,17.0068882162715
1,9.81438655685572,1,15.1105402718621,1,8.89047282350309,1,21.1523876563255,0,17.4118141261828
1,7.22190708900704,1,19.3079125696015,1,11.8539637646708,1,23.1562980658721,1,17.0068882162715
1,7.71467799168508,1,12.40640279782,1,7.3901469321508,1,23.3623739982624,1,17.0749547428841
1,6.46364912816858,1,14.7038847974162,1,9.54560645402811,1,22.3786950930724,1,17.4674824381228
1,4.37860102230775,1,12.6361509977796,1,9.85352924286773,1,22.6246148193699,0,17.4674824381228
1,7.71467799168508,1,12.8658991977392,1,11.3931431870658,1,23.1164542719649,1,17.6637462857421
1,7.08916355992683,1,15.1633811973355,1,6.77430135447156,1,23.3623739982624,1,16.8786908952647
1,5.36894211068739,1,14.9472069658944,1,11.8732628806743,0,19.3173464012678,0,16.8657067833584
1,6.01972297258889,1,16.4126194135311,0,9.04629552813282,0,18.8681057872849,1,16.8657067833584
1,7.64667512734264,1,19.3434443088045,1,11.5905661454202,0,20.4404479362253,1,17.0552091067669
1,5.53163732616276,1,12.895629539203,1,9.61168899864112,1,18.1942448663104,1,17.0552091067669
1,6.99589426544114,1,16.7057019030584,0,13.8521400274534,1,21.7881697781742,1,17.0552091067669
1,6.0972486836906,1,10.6745296244717,1,8.11200542845678,1,19.0447250384837,1,17.3669680518609
1,5.93245817872599,1,12.359981670441,1,7.86618708213991,1,19.9103943584148,1,17.7404512357719
1,5.76766767376138,1,10.9554382988,1,9.83273385267489,0,19.0447250384837,1,17.1802264599054
1,5.93245817872599,1,12.6408903447692,1,9.09527881372427,1,20.1268116883975,1,17.9271928277274
1,8.56910625815976,1,12.0790729961128,0,7.86618708213991,1,19.4775596984492,1,18.1139344196829
1,6.58035424555085,1,16.4193029537757,1,12.8760907240668,1,20.2669449542106,1,17.4288005133659
1,7.19248022188116,1,19.8164001166258,1,14.083224229448,1,20.7494912626442,1,17.4288005133659
0,7.03944872779858,1,16.9854858142507,0,10.0594458781772,1,20.7494912626442,0,17.2237558014439
1,6.2742912573857,1,11.8898400699755,1,8.04755670254173,1,21.2320375710778,1,17.4288005133659
1,6.73338573963343,1,16.4193029537757,1,14.4856020645751,1,20.2669449542106,1,17.2237558014439
1,7.71752500918294,1,12.4025790977636,0,8.3304508598943,1,21.5223842448253,1,17.1895991388529
0,6.46118372861828,1,15.43994540742,1,8.58288876473959,1,21.9707672499259,1,16.9942627850023
1,6.99961570600313,1,13.9212622525918,1,9.84507828896599,1,19.504660721873,1,17.3849354927035
1,6.28170640282332,1,14.1743761117298,1,10.6023920035018,1,19.7288522244232,0,17.1895991388529
1,5.02536512225866,1,16.7055147031102,1,10.0975161938113,1,22.6433417575766,1,17.3849354927035
1,5.76755031989317,1,13.5996723668081,1,9.14389742223986,1,21.4528578476142,1,17.4607817797051
1,6.4460856516453,1,15.6251554852688,1,7.53026846537401,1,17.0647732878749,1,17.0547170871538
1,5.9371841528312,1,15.0464460228515,1,11.0264645385834,1,21.4528578476142,1,17.4607817797051
1,6.61571948458334,0,13.5996723668081,1,10.7575263791057,1,20.2339454699088,1,17.2577494334295
1,6.61571948458334,1,16.2038649476862,1,12.1022171764939,1,22.1842052742374,1,17.4607817797051
0,6.54178946759,1,17.2158937438643,1,11.2430537952089,0,19.8873680694736,0,17.6937164596148
1,8.45645955566511,1,15.0297485065482,1,9.63690325303616,1,19.6663973131461,1,17.6937164596148
1,8.13734787431926,1,13.3901395785611,0,18.3560061962594,1,21.434163363766,1,18.0825893488371
1,7.97779203364634,1,12.5703351145676,1,10.0958034079426,1,21.434163363766,1,17.4992800150036
1,7.02045698960877,1,15.5762848158772,1,7.57185255595698,1,20.1083388258011,1,17.4992800150036
1,8.41160877526085,1,16.4959877561423,1,9.31200688096239,0,18.3664359050291,0,17.098522427903
1,5.86856426180989,1,13.4324471728587,1,9.64457855528248,1,18.1215500929621,0,16.5285716803062
0,4.49923260072092,0,8.24799387807113,1,10.6422935782427,1,16.8971210326268,1,16.5285716803062
0,7.23789592289887,0,12.4898193010791,1,10.9748652525628,1,20.8152940256997,1,16.9085388453707
1,3.71675736581293,1,8.95496478190579,1,9.97715022960256,1,19.5908649653644,1,17.6684731754998
1,6.89540017238006,1,13.6234554600808,1,13.831540529313,1,20.9039976915752,1,17.5674330445702
1,7.56812214041715,1,14.4930377234902,1,10.2621107152968,0,17.5401359940803,1,17.0126720010574
1,7.90448312443568,1,13.9133162145506,0,14.2777192560651,1,21.3845493626459,1,17.3825126967326
0,7.06358066438934,1,15.0727592324298,1,10.2621107152968,1,18.7415151717571,1,17.0126720010574
1,7.56812214041715,1,15.3626199868996,1,9.3697532617927,1,19.9428943494338,1,17.0126720010574
1,5.8119355160856,1,14.1058789668312,1,6.77845873755185,0,20.0138421688538,1,17.47202839331
1,8.3950179676792,1,20.261171606903,1,9.03794498340247,1,21.081247084526,1,17.0560277172788
1,5.650492862861,1,15.9011726535188,1,5.64871561462654,1,20.0138421688538,1,17.2640280552944
1,8.07213266123,1,19.491760026894,1,10.1676881063278,1,18.6795860242636,1,17.2640280552944
1,6.1348208225348,1,15.1317610735098,1,14.686660598029,1,19.2132884820997,1,17.2640280552944
1,4.47328390412949,1,12.3527678843486,1,11.7577459601477,0,16.9880061074094,0,17.2743338351637
0,6.47854910253237,1,15.038152207033,1,11.4014506280221,1,20.6905202590243,1,17.2743338351637
1,7.09555377896402,1,17.1864596651806,1,11.0451552958964,1,25.0464192609241,1,16.8772227125163
1,7.71255845539568,1,14.7696137747646,1,9.9762692995193,1,18.2947758079794,1,17.07577827384
1,6.01579559520863,1,12.3527678843486,0,9.26367863526792,0,16.3346212571244,0,16.8772227125163
1,8.45759861527361,1,16.3578816261152,1,9.94329542368888,1,19.7781337226177,1,17.4101801707923
1,7.07676618829017,1,12.8018204030467,1,15.7242811351359,1,20.2328034633675,1,17.212337214306
1,6.38634997479844,1,13.0388911512513,1,11.3307319944362,1,21.596812685617,1,18.0037090402511
1,6.04114186805258,1,13.9871741440695,0,10.1745348521468,1,19.5507988522428,1,16.6188083448471
1,5.35072565456086,1,15.8837401297061,1,6.24346456836278,1,20.2328034633675,1,17.212337214306
0,4.7971894634778,1,13.9034161641992,1,9.47601368447086,1,20.9400588165943,1,17.220099985203
1,7.83540945701374,1,13.1904204634711,1,9.47601368447086,1,19.4791244805528,1,17.0244170308257
1,6.87597156431818,1,15.6859054160197,1,9.18886175463841,1,20.2095916485735,0,17.220099985203
1,7.51559682611522,1,17.4683946678401,1,9.76316561430331,0,19.2356354245459,1,17.0244170308257
1,5.75662735617336,1,14.9729097152915,1,9.76316561430331,1,20.4530807045804,1,17.4157829395804
1,5.64003613502155,1,12.0995677867979,1,5.53217186943697,1,21.8839284686217,1,17.1522415193102
0,3.76002409001437,1,8.50239898531741,1,11.937844560364,1,22.6215889787999,1,17.1522415193102
0,5.26403372602011,1,10.4644910588522,1,5.24100492894029,1,21.8839284686217,1,17.3516861881394
1,4.70003011251796,1,11.7725524412087,1,16.0141817273175,1,21.8839284686217,1,16.952796850481
0,2.82001806751077,0,8.17538363972828,1,12.811345381854,1,22.1298153053477,1,17.3516861881394
1,7.28899150385007,1,19.0811697299305,1,8.32349288488619,1,21.5835123017576,1,17.5449804739462
1,4.98720471316057,0,12.0512650925877,1,7.39866034212105,1,19.9412885396674,1,17.3478458618794
1,9.59077829453956,1,16.0683534567836,1,11.4062680274366,1,20.8797021180047,1,17.5449804739462
1,8.24806933330403,1,23.6003941396509,1,8.63177039914123,1,21.5835123017576,1,17.3478458618794
1,8.8235160309764,1,21.0897139120285,1,8.94004791339628,1,22.0527190909263,1,16.9535766377458
1,6.57162073461078,1,14.1609940232071,1,11.7518072217795,1,20.0962915573275,1,17.5839006501717
1,6.57162073461078,1,14.1609940232071,1,12.1308977773208,1,19.6120435679943,1,17.3948264496323
1,7.78218244888119,1,13.3885761673958,1,14.7845316661097,1,19.8541675626609,1,17.3948264496323
1,6.39868334685786,1,10.8138499813581,0,3.79090555541274,1,24.2123994666596,0,16.6385296474743
1,7.9551198366341,1,12.6161583115845,1,9.47726388853186,1,21.0647875359939,0,17.2057522490928
1,7.84766828070085,0,15.4855012724649,1,9.64846910730453,1,19.3650787374244,1,17.3984660846276
1,4.14593795961554,1,12.82393074126,0,12.617228832629,1,20.7995290142707,1,17.3984660846276
1,7.69959906785744,1,16.453345101994,1,11.5039439356323,1,20.0823038758475,1,17.6007738297977
1,8.73608355776132,1,15.7274622298472,1,10.3906590386356,1,22.2339792911169,0,17.6007738297977
1,6.21890693942331,1,14.5176574429359,1,11.8750389012979,1,19.1260036912834,1,17.3984660846276
0,5.7352614685632,1,13.160594470198,1,9.36407513048845,1,20.2936101615244,1,17.3160904595386
0,5.57139685517568,1,18.3216119094913,1,7.8033959420737,1,21.2835423645256,1,17.3160904595386
0,7.3739076024384,1,11.3542383664453,1,9.36407513048844,1,22.0259915167765,1,16.9269648312343
1,8.52095989615104,1,15.2250014459153,1,8.06350914014283,1,18.0662627047717,1,17.1215276453864
0,6.22685530872576,0,11.3542383664453,1,5.98260355558984,1,21.0360593137753,1,17.1215276453864
1,7.05151748522402,1,16.905760188033,1,9.74507210136036,1,20.3284124785702,1,17.7676099017017
1,3.95572932097933,1,12.9141223658585,0,20.659552854884,0,19.0709849025761,1,17.7676099017017
1,9.11537626138715,1,11.7401112416896,1,11.304283637578,1,22.8432676305582,0,17.0195000111037
1,6.87952925387709,0,14.0881334900275,1,7.79605768108828,1,21.7954113172299,1,16.8324725384543
1,7.05151748522402,1,8.21807786918269,1,9.35526921730594,1,19.2805561652418,1,17.7676099017017
1,8.837696178719,1,15.9195392170485,1,8.36294566940644,1,22.9901790763487,1,17.309661744271
1,9.36795794944214,1,17.6252041331609,1,7.46691577625575,1,22.5349280055299,1,17.5019913192073
0,6.36314124867768,0,7.95976960852426,1,7.46691577625575,1,20.258672651436,1,17.5019913192073
1,6.89340301940082,1,15.0667067589924,1,6.57088588310506,1,20.9415492576642,1,17.6943208941437
1,8.30743440799586,1,15.6352617310298,0,6.57088588310506,1,21.3968003284829,1,17.5019913192073
1,5.57857444056174,1,12.4710276891543,0,9.33782721388265,0,21.5606104794719,0,17.5066384861914
1,5.7476221508818,1,14.5887493722182,1,6.71156330997815,1,22.8288816841468,1,17.1041870267387
1,6.59286070248206,1,10.118003596861,0,NA,1,20.799647756667,1,17.1041870267387
1,7.43809925408232,1,13.6475397353009,1,9.04602011344881,1,22.0679189613419,1,17.305412756465
1,6.59286070248206,0,11.529818052237,0,9.62963431431648,1,21.8142647204069,1,17.305412756465
0,2.8185690966831,0,7.67529665655911,1,11.5573412830009,1,21.8518772623807,1,17.2891892695147
1,7.29512001494449,1,19.1882416413978,1,8.09013889810061,1,22.3542192684124,1,17.4950129512946
1,4.64234910041922,1,12.7921610942652,1,9.24587302640069,1,23.6100742834918,1,17.4950129512946
1,3.48176182531442,1,13.4317691489785,1,8.95693949432567,1,21.8518772623807,0,17.2891892695147
1,7.79251456141797,1,14.0713772036917,1,14.1577430716761,1,23.3589032804759,1,17.7008366330746
1,6.7640965160938,1,12.3843961127393,1,12.5716213339077,1,23.299511821488,1,17.4609645578573
1,6.03284283867825,1,13.0538229296441,1,6.50256275891778,1,21.2051736802307,1,17.0189148222153
1,5.66721599997048,1,8.70254861976273,1,6.06905857498993,1,20.6815891449163,1,17.0189148222153
1,6.03284283867826,1,10.0414022535724,0,1.73401673571141,1,18.8490432713162,1,17.2399396900363
1,6.7640965160938,1,14.0579631550013,1,7.80307531070134,0,19.8962123419448,1,16.7978899543943
1,6.48070439516262,1,16.7131090795303,0,11.2672470513698,1,21.8121338514646,1,17.3259876799925
1,7.16288380517974,1,16.974251408898,1,4.92942058497426,1,22.0572140070991,1,17.1197259218973
1,6.31015954265834,1,18.2799630557363,1,5.98572499604018,1,22.7924544740024,1,17.9447729542779
1,6.13961469015406,1,13.840543456486,1,9.15463822923792,1,21.8121338514646,1,17.3259876799925
1,7.84506321519686,1,16.190824420795,1,8.09833381817201,0,21.3219735401958,1,17.5322494380876
1,5.01018065024571,1,8.87685807184391,1,7.64501440256824,1,21.6901933140959,1,17.1398444345536
1,7.05136535960507,1,15.811903440472,1,10.5854045574022,1,20.3622222948655,1,17.3202638496541
1,5.93799188177269,1,17.1989125141976,1,12.0555996348191,1,20.3622222948655,1,17.6811026798553
1,9.27811231526982,1,14.7022961814915,1,8.82117046450181,1,19.4769082820453,1,17.8615220949558
1,7.79361434482666,1,12.4830816635305,1,6.46885834063466,1,19.4769082820453,1,17.8615220949558
0,5.23207153998908,0,13.346598682577,1,13.9124150188276,1,21.2507244860227,1,17.2162748096561
1,8.22182670569713,1,13.6569846984509,1,8.65661378949275,1,20.6067631379614,1,17.8539146174212
0,6.91380882069986,1,15.5193007936942,0,7.72911945490424,1,21.0360707033356,1,17.4288214122445
1,9.34298489283765,1,16.4504588413159,0,9.58410812408126,1,19.9628017899001,1,17.6413680148328
1,5.60579093570259,1,15.8296868095681,1,8.03828423310041,1,17.8162639630291,1,17.0037282070678
0,4.58199573341053,0,9.99096722756563,1,10.9844219087066,1,22.0981048018183,1,17.8994200871461
1,5.68167470942906,1,12.1764913085956,1,7.9637058838123,1,21.4002699133398,1,17.3570134178386
1,6.23151419743832,1,4.68326588792139,1,8.78753752696529,1,22.0981048018183,1,17.3570134178386
1,8.43087214947538,1,14.0497976637642,1,14.2797484813186,1,20.7024350248614,1,16.8146067485311
1,5.86495453876548,1,14.674233115487,1,10.7098113609889,1,22.0981048018183,1,17.1762111947361
1,7.32408148348999,1,14.770018553316,1,11.4053057410704,1,19.3082938946225,1,17.1522650203188
0,5.45047924352743,0,7.385009276658,1,12.5458363151775,1,21.0191553789561,1,17.8036168565335
1,7.32408148348999,1,15.3608192954486,1,8.36389087678498,1,20.2859290285274,1,16.7180304628424
1,7.83506391257069,1,19.4964244903771,1,9.50442145089202,1,19.5527026780987,1,17.1522650203188
1,6.64277157804906,1,13.5884170690507,1,8.74406773482066,0,19.5527026780987,1,16.7180304628424
1,9.67612490232349,1,20.5714784034035,0,12.1221939975301,1,19.5056029959483,1,17.2864991807763
1,6.6731895878093,1,15.4286088025526,0,10.909974597777,1,21.3856611160397,1,17.478571393896
1,8.17465724506639,1,16.163304459817,0,9.69775519802404,1,18.800581200914,1,16.5182103282973
1,8.17465724506639,1,14.326565316656,1,9.94019907797465,1,18.3305666708912,1,17.2864991807763
1,8.34148698476162,1,13.5918696593916,1,7.51576027846863,0,19.9756175259712,1,17.478571393896
1,5.79697685586254,1,19.0843135564333,1,6.05934684549333,1,19.4333429844143,1,17.2282174092561
0,5.33932078829444,1,13.1708642854258,1,10.22514780177,1,20.3268300181804,1,17.4239926070886
0,6.86484101352142,1,15.5900026235652,1,15.5270762915766,0,19.2099712259727,1,17.0324422114236
0,5.33932078829444,1,15.321209474883,0,8.71031109039666,1,22.7839193610374,0,17.0324422114236
1,8.3903612387484,1,13.4396574341079,1,8.33160191255332,1,17.6463689168819,1,17.0324422114236
1,7.6522095486379,1,14.5986213749949,1,10.5259774137683,1,19.2043147869216,0,16.9167602653794
1,5.58404480576279,1,10.5301531229471,1,11.6955304597426,0,18.7524485566411,0,17.3148016833883
1,6.41131070291283,1,13.6413347274543,1,9.35642436779406,1,20.5599134777631,1,17.5138223923928
1,6.20449422862532,1,15.3165863606504,0,13.3329047241065,1,18.0746492112203,1,17.9118638104017
1,8.27265897150043,1,15.5559080225356,1,10.993798632158,1,16.944983635519,0,17.5138223923928
1,7.24134859749756,1,15.8866720020343,1,11.2155947983937,1,20.4326183584119,1,17.2091966235005
1,7.24134859749756,1,16.4976978482664,1,9.06792770933956,1,19.9785601726694,1,17.009089686018
1,7.51460703513898,1,15.5811590789183,1,9.78381673902426,1,21.1137056370256,1,17.4093035609831
1,7.65123625395968,1,14.9701332326862,1,9.30655738590113,1,22.4758801942531,1,17.8095174359482
0,5.60179797164906,0,13.1370556939899,1,10.7383354452705,1,21.3407347298969,1,17.6094104984657
1,8.14655948674566,1,12.6771005353427,1,11.6337648665563,1,20.5124222538011,1,17.4967640950167
1,7.26106389036026,1,12.4073749920375,1,10.6072562018602,1,21.0066974888324,1,17.4967640950167
1,5.84427093614362,1,11.3284728188169,1,9.23857798226532,1,20.5124222538011,0,17.3001712400165
0,7.61526212891442,0,7.82204075584974,1,9.58074753716403,1,20.7595598713167,1,17.3001712400165
1,7.08396477108318,1,11.8679239054272,1,14.0289517508473,0,19.2767341662227,0,16.710392675016
1,5.45626738269168,1,9.15634601015737,1,12.5948943960162,1,21.2282505546489,1,17.5273435904633
0,5.45626738269168,1,11.9032498132046,1,14.9939219000193,1,19.4953321420245,1,17.3347354191395
1,6.94434030524395,1,12.5136728805484,1,15.2938003380197,1,20.1451765467587,1,17.3347354191395
1,8.10173035611794,1,17.7022689529709,1,8.69647470201119,1,19.2787173404465,1,17.1421272478157
1,4.79490163933511,1,11.2928267458608,1,17.3929494040224,1,20.3617913483367,1,17.5273435904633
1,3.98857040175477,1,7.83454725476385,1,7.84382612002588,1,22.653411277146,1,16.666628495227
1,5.07636232950607,1,12.2414800855685,1,10.3090286148912,1,20.6835494269594,1,16.8560220008545
1,7.25194618500867,1,14.6897761026822,1,9.8608099794611,1,22.653411277146,1,16.8560220008545
1,6.88934887575824,1,15.9139241112391,1,9.86080997946111,1,22.653411277146,1,16.666628495227
1,5.62025829338172,1,9.54835446674344,1,10.5331379326062,1,19.9448512331395,1,17.4242025177373
1,6.32912439388502,1,11.2587655736311,1,9.21271458109539,1,17.5030270619677,1,17.1405058355651
1,6.94659994450795,1,12.2822897166885,1,7.29339904336718,1,19.7761474596258,1,17.3288630425493
1,7.25533771981942,1,16.8881483604466,1,8.82885147354975,1,17.7303391017335,1,16.9521486285808
1,6.48349328154076,0,12.0264086809241,1,12.2836194414605,1,20.6853956186891,1,17.5172202495335
1,7.10096883216368,0,15.8646242173893,1,6.90953593582154,1,19.0942113403284,1,17.3288630425493
1,5.42482581562988,1,11.753627927171,1,8.50048862776558,0,19.9824233950659,1,17.8403687996276
1,7.70896300115825,1,14.2543998265691,1,10.92919966427,1,21.3145849547369,1,16.8707835387782
1,5.85310153791645,1,12.2537823070506,1,9.41125526645475,1,20.4264772482896,1,17.0647005909481
1,6.70965298248959,1,12.5038594969905,1,8.50048862776558,0,19.760396468454,1,17.0647005909481
1,4.99655009334331,1,9.75301040765255,1,7.89331086863947,1,20.2044503216777,1,17.6464517474577
1,6.85274162813868,1,17.7250349792487,1,12.7923041613039,1,19.5552937883995,1,17.0642622043673
1,7.00171427222865,1,14.4598969567555,1,10.0787850967849,0,17.4847332696277,0,16.4890623547819
1,7.2996595604086,1,14.4598969567555,1,10.0787850967849,1,22.7761657064888,1,17.6394620539527
1,6.40582369586877,1,17.2585866903211,1,6.20232929032918,1,21.3957920273076,1,17.6394620539527
1,5.36301518723897,1,14.2266728122917,1,11.6293674193672,1,21.1657297474441,1,17.8311953371479
1,9.17384093762541,1,14.3994459064278,1,8.97487729884823,1,20.7548615468642,0,16.7558883273644
1,7.31040449717025,1,13.8456210638729,1,9.9364712951534,1,21.2212629299398,1,17.9114668326998
1,7.16706323251985,1,15.2301831702602,1,12.1801906198655,1,20.2884601637886,1,17.3336775800321
1,6.30701564461747,1,12.1841465362081,1,10.5775339593568,1,21.9208650045532,1,17.1410811624762
1,7.74042829112144,1,16.33783285537,1,6.73115797413618,1,21.9208650045532,1,17.526273997588
1,7.72701093805006,1,14.9383732422731,1,6.19387893086526,0,17.4967878452383,1,17.1103210034115
0,6.43917578170838,1,12.0092804496705,1,7.49785344262637,1,19.8296928912701,1,17.3092782243814
1,8.04896972713548,1,12.8880082874513,1,6.84586618674581,1,18.1966593590478,1,16.9113637824416
1,7.40505214896464,1,14.9383732422731,1,6.19387893086526,1,18.8965308728574,1,16.7124065614717
0,6.7611345707938,1,14.3525546837525,1,8.14984069850692,1,21.2294359188891,1,17.5082354453513
1,6.30960149532094,1,13.6984878128186,1,7.89671700572316,1,19.7125621225754,1,17.3330434765788
1,8.96627580914028,1,19.7574343454114,1,9.55918374377014,1,20.1364881897275,1,17.6832059710551
1,9.63044438759512,1,18.1768395977785,1,7.27329197895554,1,20.3484512233036,1,17.508124723817
1,5.97751720609352,1,13.1716228969409,1,7.27329197895554,1,19.2886360554232,1,17.6832059710551
1,5.97751720609352,1,10.0104334016751,1,9.76699208602601,1,18.8647099882711,1,17.3330434765788
0,7.02748583995766,1,15.0550099295891,1,6.11764922655878,1,20.9528887093176,0,17.6950134570556
1,6.55898678396048,1,13.9187827650918,1,14.988240605069,1,19.872842899559,0,16.7227599704041
1,6.24665407996236,1,15.6231235118377,1,14.3764756824131,1,19.4408245756555,1,17.306112062395
1,6.0904877279633,1,15.0550099295891,1,7.34117907187054,1,21.6009161951728,1,17.306112062395
1,5.30965596796801,1,12.4984988094702,1,17.1294178343646,1,19.0088062517521,1,17.1116613650647
0,6.33268934642357,1,18.7098678235571,1,9.10518278470144,1,22.2089993724022,1,17.6743830100581
1,8.16583626249356,0,16.037029563049,0,6.27943640324237,1,19.2477994560819,1,16.6096611419824
1,6.4993390660663,1,20.4917599972292,1,12.2449009863226,1,20.7283994142421,1,16.6096611419824
1,6.66598878570903,1,14.5521194183222,0,3.13971820162118,1,20.7283994142421,1,17.6743830100582
1,7.49923738392265,1,11.5822991288687,1,9.10518278470144,1,21.4686993933221,1,17.2484942628278
1,6.79225149232058,1,9.68371997958753,1,6.81756387889124,1,19.3378153895209,1,17.2194372510914
1,7.30167035424462,1,11.573226317068,1,10.3886687678343,1,21.6676726653668,0,17.0144439504832
1,6.62244520501256,1,14.1712975311037,1,6.81756387889124,1,18.6388582067671,1,17.0144439504832
1,6.96205777962859,1,10.1560965639576,1,10.3886687678343,1,20.5027440274438,1,16.809450649875
1,7.30167035424462,1,11.1008497326979,1,7.7915015758757,1,22.133644120536,1,17.2194372510914
1,8.26760386938899,0,11.8975983335578,1,12.6491117861638,1,20.6640634114471,1,17.3152714699271
0,8.10861148728535,1,13.7279980771821,1,14.5951289840351,1,22.194734775258,1,17.1115623938103
1,7.15465719466355,1,13.2703981412761,1,12.6491117861638,1,20.9191753054156,1,17.5189805460439
1,8.10861148728536,1,14.4143979810412,1,9.08141359006629,1,22.194734775258,1,17.3152714699271
1,7.63163434097445,1,15.7871977887594,1,10.7030945882924,0,19.6436158355732,1,16.9078533176936
1,6.84074562362896,1,12.0762747336344,0,3.27443335128965,1,22.7865593958557,1,16.9113189516369
1,6.13913068787214,1,15.2391085924434,1,8.73182227010572,1,23.0214723793181,1,17.3139694028664
1,9.99801283453463,1,13.2263961368376,1,6.00312781069768,1,22.5516464123933,0,17.1126441772517
1,5.61291948605453,1,12.9388657860368,1,7.64034448634251,1,22.7865593958557,1,16.9113189516369
1,7.71776429332498,1,16.9642906972483,1,11.4605167295138,1,22.5516464123933,1,17.1126441772517
1,7.2957166697534,1,19.6637166997032,1,13.2879724017002,1,20.6093213620669,0,16.8848382572143
1,5.79915940416296,0,4.26442048909226,1,9.83309957725814,1,23.0579536031045,0,17.296663580561
1,5.98622906236176,1,13.7409104648528,1,11.1618968174282,1,23.0579536031045,1,17.296663580561
1,7.2957166697534,1,14.9254717118229,1,10.8961373693942,1,21.2214794223263,1,17.296663580561
1,6.17329872056057,1,12.5563492178828,1,10.0988590252921,1,21.0174267355732,1,16.8848382572143
1,6.2424047603669,1,13.1555169486483,1,13.9281509963802,1,19.9107426274595,1,17.8406728864624
1,6.2424047603669,1,12.9025262380974,1,13.9281509963802,1,22.5655083111208,1,17.8406728864624
1,6.77746802554121,1,10.87860055369,1,11.6695319158861,1,19.9107426274595,0,17.6356076808709
1,4.10215169966968,1,11.3845819747918,1,11.6695319158861,1,20.5744340483748,1,17.2254772696878
1,5.7073414951926,1,10.87860055369,1,6.39942072806656,1,19.4682816801826,1,18.0457380920539
1,6.46191646848454,1,8.8399764666934,1,5.03901205624483,1,19.0456306163859,1,17.4890584110161
1,6.46191646848454,1,8.31997785100556,1,8.18839459139785,1,21.5103592843887,1,17.2947355397826
1,6.29622630262596,1,11.6999688529766,1,11.6527153800662,0,19.4937631014773,1,17.2947355397826
1,5.79915580505022,1,10.9199709294448,1,9.76308585897436,1,21.0622267992973,1,17.1004126685491
1,7.456057463636,1,13.779963315728,1,14.4871596617039,0,21.286293041843,1,17.8777041534831
1,5.66655658597142,1,8.84022557555606,1,8.4997899765667,1,20.4158973806752,1,17.3712807735977
0,7.08319573246427,1,15.3885408167087,1,9.56226372363753,1,21.3334658022786,1,17.3712807735977
1,4.42699733279017,1,13.0966304823053,1,9.56226372363754,1,20.4158973806752,1,17.5709506675471
1,8.32275498564552,1,14.7337092925934,1,8.76540841333441,1,23.1686026454853,1,17.3712807735977
1,7.26027562577588,0,18.0078669131698,1,6.37484248242502,1,20.4158973806752,1,17.1716108796483
1,6.89495314580219,0,6.05841122314227,1,10.6697837816556,1,22.9946351772975,1,16.7282568363024
1,7.73580109041221,1,10.602219640499,1,7.90354354196713,1,20.6951716595677,1,17.3402662327525
1,6.72678355688018,1,12.4197430074416,1,11.064960958754,1,20.2352789560218,1,17.5442693649026
1,7.5676315014902,1,14.5401869355414,1,7.50836636486877,1,20.6951716595677,1,17.1362631006025
1,6.05410520119216,1,9.39053739587051,1,7.50836636486877,1,19.3154935489299,1,17.7482724970526
0,5.75647065196819,1,10.5980036732823,1,8.44794558501941,1,20.3893882075907,1,16.8668787352667
1,7.32641719341406,1,17.9069717238219,1,7.9029168375988,1,21.7133744548369,1,16.6730065658958
0,5.75647065196819,0,12.4252456859172,1,10.0830318272812,1,21.1837799559384,1,17.0607509046376
1,6.62866317499368,1,13.5215908934982,1,6.26783059533698,1,23.0373607020831,1,16.8668787352667
0,6.27978616578348,1,15.348832906133,1,11.4456036958327,0,19.0654019603446,1,17.2546230740085
1,6.50078999514421,1,12.5018541946154,1,9.37509942524323,1,20.0400822243295,1,17.2429913499325
1,4.9529828534432,1,11.1995777160096,0,9.08212756820438,1,16.4774009400043,1,17.6348775169764
1,4.7982021392731,1,9.89730123740386,1,8.20321199708783,1,20.7080849651405,1,17.2429913499325
1,5.7268864242937,1,11.4600330117308,1,10.2540149963598,1,20.2627498045999,1,17.2429913499325
1,7.89381642267511,1,15.8877730389904,1,9.37509942524323,0,18.9267443229779,1,17.4389344334545
1,7.23031960180187,1,16.8142532781342,1,6.19041351627479,0,23.9671855721189,1,17.3363780957757
1,7.99950253816377,1,19.8257613279493,1,6.51622475397346,1,20.4810494889016,1,17.5290045190621
1,5.99962690362283,1,9.78740116189903,1,9.44852589326152,1,21.570467014907,1,16.9511252492029
0,8.61484888725329,1,16.3123352698317,1,8.14528094246683,0,22.4420010357113,1,17.3363780957757
1,6.30730007816759,1,12.7989092117141,1,9.12271465556285,1,20.2631659837005,1,16.7584988259165
1,5.76179214031991,1,12.4069009103094,1,10.4505564366482,0,20.7449731762444,1,16.9088505125916
1,8.96278777383098,1,12.9031769467218,1,10.0901924215914,1,19.3801723093862,1,16.9088505125916
1,4.64144366859104,0,13.3994529831342,0,7.56764431619353,1,19.9260926561295,0,16.9088505125916
1,8.00248908377766,1,10.9180728010723,0,5.40546022585252,1,20.1990528295012,1,16.7099228595023
1,7.36228995707545,1,11.4143488374847,1,10.810920451705,1,21.0179333496161,1,17.5056334718595
1,7.77899700353611,1,15.7603659017307,1,7.78792349469019,1,19.6609308365714,1,16.727723030906
1,5.78902102588734,1,9.25064955101582,1,9.08591074380522,1,21.8155533940039,1,17.3794524996426
1,5.42720721176938,1,10.2784995011287,0,10.708394805199,1,19.1222751972133,1,16.5104798746604
1,5.42720721176938,1,9.25064955101582,0,4.21845855962385,1,20.4689142956086,1,17.3794524996426
1,6.69355556118223,1,12.3341994013544,1,9.73490436836273,1,20.1995864759295,1,17.3794524996426
1,6.14297806419147,1,15.5668224620426,0,5.56873053565165,1,17.3327988253924,1,17.0155779962451
1,4.16137223703293,1,10.3778816413617,1,8.48568462575489,1,20.3285912149664,1,16.8243917266244
1,5.54849631604391,1,13.1249679581928,1,12.7285269386323,1,20.1146060442826,1,16.8243917266244
0,1.38712407901098,0,3.96801356875596,1,9.01603991486457,0,20.970546727018,0,17.2067642658658
1,9.51170797036098,1,22.5871541606109,1,4.77319760198713,1,22.2544577511212,1,17.2067642658658
0,6.4015510869594,1,16.9729853162663,1,16.9890998103374,1,20.2934165294836,1,17.4829543250465
1,6.71382187168913,1,15.5585698732441,1,13.0685383156442,1,22.0972757765488,1,17.4829543250465
1,6.24541569459454,1,14.7099206074308,1,17.3158132682285,1,22.322758182432,1,17.4829543250465
1,6.24541569459454,1,13.578388253013,1,9.14797682095093,1,22.5482405883151,1,17.2989232268881
0,7.18222804878372,1,16.124336050453,1,12.7418248577531,1,20.5188989353667,1,17.2989232268881
1,8.76806275959157,1,12.4457459409884,1,8.21204075126608,1,20.9722286737721,1,16.7368328748233
1,8.93998555879925,0,12.1266242501938,1,9.85444890151929,1,22.5175507865764,1,17.1260615463308
1,7.22075756672247,1,7.02067719748062,1,10.6756529766459,1,21.4137492774305,0,16.7368328748233
1,8.25229436196854,1,12.764867631783,1,9.44384686395598,1,21.1929889756013,1,16.9314472105771
1,8.93998555879925,1,17.8708146844961,1,11.9074590893358,1,21.8552698810889,1,17.1260615463308
1,8.77912279895427,1,23.8457366426665,1,11.3329588757625,0,20.9451416214396,0,17.2249881112713
1,8.27263494516845,1,14.6521996238072,1,7.31158637145965,1,21.2005701777986,0,17.4102030371989
1,10.467415644907,1,16.950583878522,1,10.6018002386165,1,23.4994271850298,1,17.4102030371989
1,6.07785424542988,0,15.2267956874859,0,7.67716569003264,1,18.6462846142084,1,17.0397731853436
1,4.38956139947714,0,4.59676850942969,1,9.87064160147053,1,24.7765699668249,1,17.4102030371989
1,7.31027596957601,1,18.2929865079811,1,11.6638746822461,1,19.5439086896845,1,16.8410601140955
1,8.24749083747037,0,13.7900975214012,1,13.8705536761846,1,20.0148462484721,1,17.3962598980767
1,6.74794704883939,1,17.1672642613361,0,6.30479712553845,1,20.0148462484721,1,17.2111933034163
1,8.80981975820698,1,20.5444310012711,0,10.4029152571384,1,19.7793774690783,1,17.2111933034163
1,7.12283299599713,1,17.4486948229974,1,10.7181551134154,1,22.1340652630162,1,17.581326492737
1,5.66680874151784,1,11.9596688359094,1,12.5622377062914,1,20.907409918487,1,17.0145088555325
1,8.1460375659319,1,15.0132013046522,1,10.7676323196784,1,22.1874554237004,1,17.4012022386128
1,5.31263319517298,1,9.41505844529038,1,12.921158783614,1,19.840705330809,1,17.594548930153
1,6.02098428786271,1,11.4507467577856,1,12.921158783614,1,21.1207508360225,1,17.2078555470727
1,6.37515983420757,1,12.977512992157,1,10.7676323196784,1,21.5474326710937,1,17.2078555470727
1,5.5918771010654,1,9.73812822204482,1,5.96483983825972,1,19.9410244924954,1,17.2031381604852
1,9.27074361492421,1,13.5743605519413,0,8.79029028796169,1,21.7306036136168,0,17.3921836347762
1,7.06342370660892,1,11.8037917842968,1,12.2436186153752,0,20.707986972976,1,17.7702745833583
1,5.29756777995669,1,11.5086969896893,1,15.0690690650772,1,18.9184078518546,0,16.8250472119031
1,4.41463981663058,0,11.8037917842968,1,10.3599849822406,0,21.986257773777,1,17.2031381604852
1,7.71406207081183,1,12.5032512424474,1,6.57129403722677,0,18.5890939269362,1,17.4404111416699
1,7.36342288577493,1,14.7260514633269,1,8.57125309203492,1,20.1381850875142,1,16.8248672190227
1,6.48682492318268,1,10.5583010491778,1,8.57125309203492,1,22.3511724597685,0,16.2093232963756
1,6.13618573814577,1,15.5596015461567,1,6.85700247362793,1,19.4742888758379,0,16.6196859114737
1,9.11661881095944,0,14.170351408107,1,9.14266996483724,1,18.1464964524853,1,17.4404111416699
1,8.28041992279381,1,18.4073005664517,1,3.97463828423857,1,20.8818925642163,1,16.8513077281242
1,7.43547911434547,1,15.0605186452787,1,11.6181734462358,1,21.142916221269,0,17.2431986055224
1,6.59053830589712,1,13.7218058768094,0,17.4272601693537,1,20.8818925642163,1,17.2431986055224
1,7.60446727603514,1,17.4032659900998,1,7.94927656847714,1,21.4039398783217,0,16.8513077281242
1,7.77345543772481,1,17.4032659900998,0,11.006690633276,0,21.142916221269,1,17.0472531668233
1,5.6445937530744,1,18.9365242096776,1,10.2042702646122,1,19.6302597439818,1,17.1378288610375
1,5.13144886643128,1,14.6758062625002,1,12.5366748965236,1,21.5223329723174,1,17.7155084855669
1,5.6445937530744,1,13.4922734993953,1,12.5366748965236,1,18.920732283356,1,17.3303887358806
1,7.01298011745608,1,17.9896979991937,1,9.03806794865651,1,20.1032780510658,1,16.9452689861944
1,8.38136648183775,1,18.4631111044357,1,13.7028772124792,1,21.0493146652335,1,17.1378288610375
1,6.4212172519364,0,13.032597055739,0,8.20069453300631,1,17.7391240834229,1,17.3932460832743
1,7.20429252656279,1,14.2620873440162,1,6.73628479496947,1,20.6551444806979,1,17.3932460832743
1,6.89106241671223,1,15.4915776322935,1,6.15052089975473,1,19.9261393813792,1,17.3932460832743
0,7.20429252656279,1,17.950558208848,1,7.90781258539894,1,20.6551444806979,1,17.1933237145011
0,8.30059791103973,0,22.1308251889907,1,6.4434028473621,0,19.1971342820604,1,17.3932460832743
0,7.73243518572109,0,9.56705770728986,1,9.74647034511138,1,21.4658791640815,1,17.406371735905
1,7.57778648200667,1,13.1205362842832,1,7.30985275883353,1,21.9275109740618,1,17.406371735905
1,6.49524555600572,1,9.29371320136729,1,7.30985275883353,1,22.8507745940223,1,16.9765847794629
1,7.42313777829225,1,12.027158260593,1,7.30985275883353,1,21.9275109740618,1,17.1914782576839
1,7.42313777829225,1,10.3870912250576,1,10.9647791382503,1,20.542615544121,1,17.1914782576839
1,4.80775069037467,1,13.2609841734531,1,10.8609231960757,1,20.8024228130967,1,17.059197892414
1,11.0112999682775,0,12.4809262808971,1,7.98597293829096,1,21.3224833834241,1,17.059197892414
1,7.28917040153579,1,14.5610806610466,1,6.70821726816441,1,19.5022713872782,1,17.2622835816094
1,8.06461406127363,1,12.480926280897,1,5.43046159803785,1,20.542392527933,1,17.2622835816094
1,7.44425913348336,1,13.5210034709718,1,9.58316752594915,1,19.7623016724419,1,17.2622835816094
1,7.20068863700616,1,17.8422956546027,1,8.63752648752578,0,18.2113897490911,1,17.6695930384683
1,6.86577288644773,1,10.1563836803123,1,6.0087140782788,0,21.0495284112871,1,16.6769192722623
1,7.20068863700616,1,16.1953145172548,1,6.0087140782788,1,19.1574359698231,1,17.4710582852271
1,6.86577288644773,0,7.68591197429041,1,7.13534796795608,1,20.8130168561041,1,17.0739887787447
1,6.69831501116852,1,16.7443082297041,0,4.5065355587091,1,20.5765053009211,1,17.0739887787447
1,8.73323594353576,1,19.7309031250927,1,10.3314324732294,1,21.8524573068363,1,16.8519926007729
1,5.45827246470985,0,7.78120123243093,1,9.50491787537101,1,18.4905407980922,1,17.2393947295263
1,4.83446989731444,0,5.28010083629242,0,7.02537408179596,1,21.3721835198728,1,17.2393947295263
1,7.17372952504723,1,11.9497018926618,1,15.7037773593086,1,18.4905407980922,1,17.433095793903
1,6.54992695765182,1,8.33700132046171,1,11.1579470710877,0,20.411635945946,0,17.433095793903
1,7.78873360891247,1,13.5055244858676,0,6.34253116158068,0,20.9264395280741,0,17.2455614848348
1,6.74025023848194,1,14.4477703802304,0,8.87954362621295,1,21.1490612251812,1,17.2455614848348
1,6.89003357711488,1,13.19144252108,0,7.18820198312477,1,20.4811961338597,1,17.4415337744352
1,7.63895027027954,1,15.3900162745933,0,4.6511895184925,1,21.1490612251812,1,17.2455614848348
1,5.24241685215262,1,10.678786802779,1,11.4165560908452,1,20.2585744367526,1,17.2455614848348
1,5.96024703077571,1,12.5043811166237,0,7.70062133700051,1,20.2458925741135,1,17.5276606522541
1,4.47018527308178,1,10.0578717677191,0,12.7060252060508,1,22.3895753172549,1,17.5276606522541
1,5.9602470307757,1,10.0578717677191,1,10.3958388049507,1,21.4368274314143,0,17.3164840178896
1,7.78143362351272,1,14.9508904655283,1,5.00540386905033,1,20.9604534884939,1,16.8941307491606
1,6.95362153590499,1,16.8537310702319,1,15.016211607151,1,23.1041362316354,1,17.9500139209831
0,5.98483661767074,1,9.69672325184498,1,8.59097503827891,1,19.7190085280447,1,17.0262201372018
1,6.47009364072513,0,9.17257604904255,1,8.83643146794402,1,20.3763088123129,1,17.2265286094041
1,5.49957959461636,1,9.17257604904255,1,2.70002072631623,0,19.2808083385326,0,17.0262201372018
1,6.79359832276138,1,12.5795328672584,0,7.11823646028824,1,19.7190085280447,1,17.4268370816065
1,6.95535066377951,0,12.0553856644559,1,10.8000829052649,1,19.2808083385326,1,17.2265286094041
1,7.28146095127114,1,17.1776566086157,1,7.72355333799356,1,19.7250323307506,1,17.5144084287291
1,6.76135659760892,1,12.3388800991465,1,9.08653333881596,1,20.4379853065608,1,17.0923744906875
1,8.495037776483,1,20.3228613397706,0,5.45192000328958,1,21.8638912581814,1,17.5144084287291
1,7.45482906915855,1,15.242146004828,1,9.99518667269755,1,21.1509382823711,1,17.3033914597083
1,6.76135659760892,1,13.0646965755668,1,8.17788000493437,1,20.6756362984976,1,17.9364423667708
0,4.51812149327646,1,17.5120949221887,1,13.0958153784435,1,22.5874867993943,1,16.6462529187623
1,7.59865887505586,1,13.7178076890479,1,11.3100223722921,1,21.3041068676105,0,17.4785655647004
1,7.39328971627057,1,11.6747299481258,1,12.5005510430597,1,22.844162785751,1,17.686643726185
1,9.03624298655291,1,12.5503346942353,1,8.63133286306502,1,23.1008387721078,1,17.0624092417314
1,7.80402803384115,1,11.966598196829,1,9.52422936614071,1,23.6141907448213,1,17.686643726185
1,6.86114384688463,1,17.1503338841527,1,10.5667325481736,1,20.5170146280674,1,16.9393657774803
1,6.37106214353572,1,12.2910726169761,0,7.21630515485026,1,21.0299399937691,1,17.3379390898916
1,6.53442271131869,1,14.5777838015298,1,7.98948070715565,1,20.2605519452166,1,16.9393657774803
1,8.4947495247143,0,12.5769115150453,0,12.628534020988,1,19.491163896664,1,16.9393657774803
1,7.02450441466759,1,14.5777838015298,1,12.628534020988,1,20.7734773109183,1,17.7365124023029
0,3.82046085846176,1,9.97390872914802,1,12.2066251338921,1,20.9264517569475,1,17.1363998973103
1,7.97313570461585,1,13.810027471128,1,8.54463759372448,0,20.4282029055916,1,17.1363998973103
1,7.80702871076969,1,14.3215099700587,1,10.070465735461,1,19.4317052028798,1,17.1363998973103
1,6.81038674769271,1,11.7640974754054,1,10.3756313638083,1,20.9264517569475,1,17.3333700110725
1,7.80702871076969,1,10.741132477544,1,8.84980322207178,1,19.6808296285578,1,17.7273102385968
1,5.17603551378087,1,13.5127125712863,0,6.81270374491172,0,15.2008546596173,1,17.7734142214557
1,5.55944555183871,1,13.2189579501714,0,9.36746764925362,0,21.9567900638916,1,17.2000782788281
1,8.81843087533037,1,16.4502587824355,1,8.51587968113965,1,18.0962555471634,1,17.3911902597039
1,8.05161079921469,1,15.8627495402057,1,11.0706435854816,1,20.9916564347096,1,17.2000782788281
1,6.3262656279544,1,13.8064671924012,1,10.2190556173676,1,20.5090896201185,1,17.3911902597039
1,4.08316717065869,1,10.6378724999271,1,9.27809273076402,1,19.8763437138629,1,17.2997983528647
1,7.02304753353294,1,15.9568087498907,1,6.46654947901735,1,19.8763437138628,1,17.2997983528647
1,5.38978066526947,1,8.67826440783528,1,9.27809273076402,1,20.1048074347118,0,16.9355920717518
1,7.18637422035929,1,10.9178165130831,1,7.31001245454135,1,20.7901985972588,1,17.2997983528647
1,5.38978066526947,1,17.0765848025146,1,7.02885812936668,0,16.6778516219769,1,17.4819014934212
1,4.63230066998576,1,9.12876213213993,1,7.57443400007801,1,20.0116645184836,0,16.7518295001004
1,5.62493652783985,0,15.6827452013686,0,10.32877363647,0,18.4317962670244,1,16.9693857273744
1,5.29405790855515,1,11.4694703711502,1,10.673066091019,1,20.0116645184836,1,17.1869419546485
1,3.63966481213167,1,7.25619554093174,1,9.98448118192101,1,18.9584190175108,0,16.5342732728264
1,7.44476893390568,1,14.5123910818635,1,10.32877363647,1,21.0649100194564,1,17.8396106364705
1,5.73418674476497,1,14.7293547316344,1,9.1311599229354,1,21.4489415021644,1,17.4083263796441
0,5.41562081450025,0,15.2286548920288,1,11.1603065724766,1,21.4489415021644,1,17.219105440735
1,6.68988453555913,1,14.23005457124,1,11.1603065724766,1,20.5362205871786,1,17.4083263796441
1,5.57490377963261,1,16.4769052930147,1,9.1311599229354,1,18.2544182997143,1,16.6514426240074
1,6.84916750069149,1,15.7279550524231,1,5.83379661743095,1,20.9925810446715,0,17.219105440735
1,7.7198685798865,1,14.3903149571079,1,7.4327911051732,1,22.2931104105787,1,17.2592658341565
1,7.7198685798865,1,14.9659275553922,1,10.4059075472425,1,21.7806251137838,1,17.2592658341565
1,6.57618434582924,1,11.5122519656863,1,17.2440753640018,1,23.574323652566,0,17.2592658341565
0,8.14875016765797,0,16.404959051103,1,11.5951541240702,1,23.0618383557711,1,17.2592658341565
0,6.86210540434356,0,12.9512834613971,1,14.5682705661395,1,21.5243824653863,1,17.2592658341565
1,5.13939345038212,1,14.1532093836687,0,4.950486017724,0,18.8352225505637,0,16.982789870535
1,5.31070656539486,1,16.276190791219,1,11.2211016401744,0,20.7921287895833,0,16.982789870535
1,5.65333279542033,1,16.9838512604024,1,7.92077762835841,1,18.8352225505637,1,17.4127339178903
1,7.53777706056044,1,19.1068326679527,1,5.61055082008721,0,17.367542871299,1,17.1977618942126
1,5.13939345038212,1,11.7943411530572,1,9.57093963426641,1,18.8352225505637,0,16.7678178468573
1,6.86883494119801,1,15.4649893481321,0,7.56648923189108,1,20.8066974086333,1,17.3385457987716
1,7.3972068597517,1,16.5134632022428,1,8.43954568172467,1,20.5729142916824,1,17.3385457987716
1,7.04495891404924,1,16.2513447387151,1,8.43954568172467,1,22.4431792272898,0,17.3385457987716
1,7.04495891404924,1,14.6786339575491,1,9.89463976478065,1,21.5080467594861,1,17.1540931838911
1,6.86883494119801,1,16.2513447387151,1,10.7676962146142,1,20.5729142916823,1,17.5229984136522
0,7.69293956090161,1,9.53012732356243,1,8.28304787827118,0,18.6483260314226,1,17.6346195637679
1,6.46206923115735,1,11.912659154453,1,12.1059930528579,1,21.672378901383,1,17.0401941852139
1,8.30837472577374,1,16.2012164500561,1,7.3273115846245,0,19.9083480605727,1,17.4364777709166
1,7.69293956090161,1,12.8656718868093,1,8.92020540736896,1,19.6563436547427,1,17.4364777709166
1,9.0776686818639,1,10.7213932390077,1,10.5130992301134,0,20.1603524664028,1,17.2383359780652
1,6.52636828428746,1,13.0167525129939,1,12.6950682059439,1,21.1119708901946,0,17.0768460460697
1,8.19979604948937,1,14.0793445548709,1,4.23168940198132,1,21.1119708901946,1,16.8891883972117
1,8.36713882600956,1,14.0793445548709,1,12.6950682059439,1,21.7582557133638,1,17.0768460460697
1,10.7099376972922,1,19.6579527747255,1,13.0205827753271,1,21.1119708901946,1,17.8274766415013
0,5.52231162516631,1,15.141936596748,0,4.88271854074767,1,21.1119708901946,1,17.2645036949276
1,7.17847951221357,1,13.5957295220718,1,9.75605484015708,1,19.9492720134863,0,17.0824889748894
1,7.70373411066822,1,17.5749674309709,1,10.7830079812263,1,18.524324012523,1,17.0824889748894
1,7.87881897681977,1,11.6061105676223,1,8.47236341382063,0,17.5743586785475,1,17.0824889748894
1,7.52864924451667,1,11.9377137266972,1,7.44541027275146,1,19.7117806799925,1,17.274427053259
1,5.42763085069807,1,15.2537453174464,1,8.47236341382062,0,17.5743586785475,1,17.0824889748894
0,5.80902438487488,1,14.7248616226504,0,11.4456986933161,1,21.9651827583319,1,17.1280195552004
1,5.98505542684078,1,16.0337382113304,1,13.9204443567358,1,23.5027455514152,1,16.5694971784004
1,9.32964522419298,1,18.9787105358605,1,12.9924147329534,1,21.0865754479986,1,17.3141936808004
0,6.33711751077259,1,16.3609573585004,0,13.9204443567358,1,21.9651827583319,0,17.5003678064004
1,6.16108646880669,1,17.0153956528404,1,12.9924147329534,1,19.988316310082,1,17.8727160576004
1,3.81235468401738,0,10.5284561726915,1,9.82942143447798,1,20.2521590254105,1,17.1431382075764
1,6.2522616817885,1,13.9563256242655,1,9.57075244936014,1,19.7699647629007,0,17.3401857731807
0,5.64228493234572,0,9.79391271878277,1,8.01873853865309,1,20.4932561566654,1,17.1431382075764
1,7.16722680595267,1,15.915108168022,1,9.57075244936014,1,18.3233819753714,1,17.7342809043894
0,2.89738955985321,1,6.61089108517837,1,10.0880904195958,1,17.8411877128616,1,17.1431382075764
1,6.65441652102753,1,13.1290392163069,1,10.8542484628509,1,19.2780796702329,1,16.9037521202763
1,8.11514209881407,1,19.919921569569,1,11.440964595978,1,19.0564925475866,1,16.68133432922
1,4.21987389138331,1,14.4872156869593,1,8.50738393034263,1,20.8291895287574,0,17.1261699113325
1,5.84290231114613,1,13.1290392163069,1,9.0941000634697,1,22.6018865099282,1,16.9037521202763
1,6.49211367905125,1,12.4499509809806,1,7.04059359752493,0,18.1701440570011,1,16.2364987471075
1,8.07577726890215,1,16.9850918067397,1,7.81654060238468,1,18.8213452937609,1,17.3242705567608
1,4.52243527058521,1,9.70576674670839,0,10.5118994307932,1,19.5184321564928,1,17.1379880776558
0,4.36091972520716,1,10.9189875900469,1,12.1291147278383,1,18.5889830061836,1,17.1379880776558
1,5.97607517898759,1,11.2222928008816,1,7.27746883670298,1,18.3566207186063,1,16.9517055985509
1,5.33001299747542,1,10.6156823792123,1,12.1291147278383,1,19.7507944440701,1,17.6968355149707
1,3.86063720379998,1,9.08613121051886,1,7.30224377775331,1,20.2936293915992,1,17.3121952507461
1,6.17701952607996,1,14.4810216167644,1,8.3840576707538,1,18.9407207654926,1,16.9000001257284
1,6.64029599053596,1,17.888320820709,1,5.9499764115027,1,18.39955731505,1,16.9000001257284
1,5.71374306162397,1,15.3328464177506,1,8.92496461725405,1,20.5642111168206,1,17.3121952507461
0,6.79472147868796,1,16.7525544193942,1,7.03179030450319,1,21.1053745672632,0,17.1060976882372
1,9.01115849450272,1,14.1269134127306,0,8.93901079746115,0,20.5840521063677,0,16.652026595724
1,7.33111199552764,1,16.481398981519,1,7.69748152003599,1,19.8660037770758,1,17.2467418312855
1,7.48384349543446,1,17.1877446521555,1,10.4288459303713,1,20.5840521063677,0,16.8502650075778
1,5.49833399664573,1,12.9496706283363,1,8.93901079746115,1,20.3447026632704,0,17.0485034194317
1,5.19287099683208,1,14.5978105264882,0,4.46950539873058,1,20.3447026632704,1,17.4449802431394
1,4.98742566508452,1,11.7831053692326,0,8.57934454331246,1,19.2333212992455,1,17.101475096205
0,6.19649855358986,1,9.72106192961692,0,1.8650749007201,1,20.0026541512153,1,17.101475096205
1,7.4055714420952,1,12.6668382719251,0,3.35713482129618,0,16.925322743336,1,16.6893913589471
1,7.10330321996886,1,10.3102171980786,0,5.22220972201628,1,17.6946555953059,1,16.895433227576
1,7.8589737752847,1,15.0234593457716,1,17.1586890866249,1,19.2333212992455,1,16.6893913589471
1,5.47745358627784,1,9.26175471087613,1,11.3390962565879,1,20.0203500436143,1,16.7722759364931
1,7.45542293687816,1,16.287913457058,1,6.92944771235926,1,20.4702455502124,1,17.3785027775711
1,6.84681698284729,1,15.6491717528597,1,12.9139707366695,1,19.7954022903153,1,16.9743515501858
1,7.45542293687817,1,15.0104300486613,1,7.55939750439192,1,18.220768017222,1,17.1764271638784
1,6.23821102881642,1,14.371688344463,1,10.0791966725226,1,17.995820263923,1,16.9743515501858
1,6.87974830342705,1,15.7335645083577,1,8.82679023975407,1,19.8068273112217,1,17.2138853913408
1,5.53371059188698,1,12.3007867974433,1,8.21804608528827,1,20.9451507199126,0,17.2138853913408
1,7.1788677948804,1,13.4450460344148,1,15.5229759388778,1,20.0344919929599,1,17.0204709487414
0,6.87974830342706,1,14.0171756529005,1,7.91367400805537,1,21.1728154016508,1,17.0204709487414
1,7.92666652351378,1,16.3056941268435,1,13.6967434754805,1,22.0834741286035,1,17.0204709487414
1,7.79479691159928,1,15.2655801056348,0,7.60114790025003,1,20.3444482052185,0,17.0131700210617
1,7.47664193561564,1,15.2655801056348,1,10.4515783628438,1,21.5003827623331,1,17.0131700210617
1,9.06741681553386,1,19.3364014671374,1,10.4515783628438,1,21.962756585179,1,17.1941611914985
1,6.84033198364835,1,14.502301100353,1,9.81814937115629,1,19.6508874709496,1,17.1941611914985
1,4.77232463975466,1,11.4491850792261,1,13.3020088254376,1,21.0380089394873,1,17.1941611914985
1,7.46913501319512,1,16.0840923255264,1,8.78462900520421,1,22.9735846189545,1,17.0700648563237
1,6.67454618200415,1,12.7332397577084,1,8.08185868478787,1,21.4420123110242,0,17.0700648563237
1,6.51562841576596,1,13.7384955280538,1,5.97354772353886,1,22.9735846189545,0,16.8715757300874
1,7.15129948071874,1,14.7437512983992,1,9.48739932562055,1,17.2848874752134,1,17.0700648563237
1,5.72103958457499,0,12.0630692441448,1,7.73047352457971,0,19.0352558271337,0,17.0700648563237
1,8.75164106488085,1,20.242430036985,1,11.598384314546,1,20.6614689736748,1,17.3723536771184
1,5.35814759074338,1,12.4828318561407,1,12.5649163407581,1,20.6614689736748,1,17.3723536771184
1,7.14419678765784,1,12.145458022191,0,5.47701481520227,1,21.3579229840233,0,17.1496311940784
1,7.14419678765784,1,17.2060655314372,1,14.1758030511117,1,22.2865283311548,1,17.1496311940784
1,6.42977710889205,1,10.1212150184925,1,14.1758030511117,1,20.8936203104576,1,17.1496311940784
1,7.92035936417034,1,19.8321795649218,1,6.10646862428319,1,19.3152948198678,1,16.9014305228005
1,7.42533690390969,1,14.8741346736914,1,13.3579001156195,1,19.780723610708,1,17.8509490914972
1,8.08536685092388,1,13.4968999816829,1,17.1744430057965,0,19.3152948198678,0,17.6610453777579
0,6.27028449663485,1,20.6585203801269,1,17.5560972948142,1,20.2461524015482,1,17.4711416640185
1,8.41538182443098,1,12.3951122280761,1,7.63308578035399,1,20.7115811923884,1,17.8509490914972
1,6.82779547258139,1,12.9649786405153,1,10.9144727966172,1,21.1614231820289,1,17.5283063252605
1,5.68982956048449,1,9.97306049270407,1,12.8989223960022,1,19.3010782869055,1,17.1158755881955
0,3.73903085403267,0,6.48248932025765,1,11.2452143965147,1,20.4637938463576,1,17.322090956728
1,6.82779547258139,1,14.2116112021033,1,10.5837311967198,1,19.7661645106863,1,17.734521693793
1,5.03956332500055,1,8.47710141879846,1,11.9066975963097,1,22.0915956295906,1,16.9096602196631
1,7.52165649434397,1,15.3916737394455,0,15.2706884812754,1,20.4618534558994,0,16.7503246092987
1,5.10904969427138,1,11.325948600724,1,9.05888299736675,1,23.2207550454588,1,16.7503246092987
1,6.67014821196541,1,15.6820826779256,1,14.4942127957868,1,22.0712127164757,1,16.7503246092987
1,5.67672188252376,1,13.6492201085649,1,9.05888299736675,1,19.7721280585095,1,16.532787926061
1,5.25096774133447,1,11.6163575392041,1,8.28240731187817,1,20.9216703874926,1,16.9678612925363
1,7.7534929754163,0,14.5561971206302,1,8.46145203378886,1,15.8154811352818,1,17.8874714197087
1,6.59871742588622,1,13.9620666259106,1,11.3904161993312,1,18.5568311987307,1,17.4855057698276
1,5.77387774765044,1,12.7738056364714,1,5.85792833108459,1,19.6111966077494,0,17.284522944887
1,7.09362123282768,1,16.338588604789,1,11.0649757364931,0,18.5568311987307,0,16.882557295006
1,5.9388456832976,1,12.7738056364714,1,7.15969018243672,1,21.5090543439833,1,17.4855057698276
1,8.29717076061156,1,11.4757927465176,1,6.92741544444613,1,20.0636940880666,1,17.6527805536914
1,7.27821996544874,1,10.9020031091917,1,8.90667700000216,1,20.0636940880666,1,17.2604965413871
1,6.69596236821284,0,6.31168601058467,0,7.42223083333514,1,20.7635903934643,0,16.8682125290829
1,5.82257597235899,1,9.75442383453995,1,7.66963852777964,1,20.0636940880666,1,16.8682125290829
1,7.86047756268464,1,10.3282134718658,1,10.3911231666692,1,20.7635903934643,1,17.2604965413871
1,6.35335375063251,1,13.2257459619838,1,8.2723087599481,1,20.201848154936,1,17.5821312290332
1,7.14752296946157,1,14.1876183955827,1,10.9312651470743,1,19.9722816986299,1,17.3930760545275
1,7.4651906569932,1,14.6685546123821,0,3.84071478140447,1,21.3496804364665,1,17.3930760545275
1,3.17667687531625,1,12.0234054199853,1,8.2723087599481,1,22.0383798053847,1,17.014965705516
0,6.51218759439832,1,15.8708951543806,1,10.6358255485047,1,18.1357500481812,1,17.3930760545275
1,7.13714470148422,1,12.4531321090546,1,5.21473816217489,0,21.2299238621412,0,17.1130599845688
1,7.77155756383837,1,16.1158180234824,1,7.53239956758595,1,18.9714213236155,1,16.9140709149808
1,7.29574791707276,1,18.313429572139,1,10.4294763243498,1,18.5197208159104,1,17.1130599845688
1,5.3925093300103,1,13.9182064748257,1,6.08386118920403,1,22.359175131404,1,17.3120490541569
1,6.81993827030714,1,12.2089530480927,1,8.69123027029147,1,21.2299238621412,1,17.3120490541569
1,7.53932990017454,1,18.0369952345811,1,9.26673685922842,1,18.7221806568151,0,17.0849475621818
1,6.71983751972079,1,19.1822012812212,1,9.26673685922842,1,21.5305077553374,1,16.8862853812262
1,5.90034513926703,1,14.3150755830009,1,5.56004211553705,1,21.5305077553374,1,17.482271924093
0,7.70322837626529,1,14.8876786063209,1,7.41338948738274,1,22.232589529968,0,16.8862853812262
1,5.90034513926703,1,13.7424725596808,1,7.67815339764641,1,20.1263442060763,1,17.2836097431374
1,6.24314399328436,1,12.5738971617069,0,10.4466468073284,1,21.7827710675876,1,16.9790353036461
1,6.24314399328436,1,14.9527425706784,0,6.96443120488561,1,22.6287039245813,1,16.9790353036461
0,5.61882959395592,0,12.5738971617069,0,11.0270160744022,1,23.6861199958234,1,17.7172542298916
0,6.24314399328436,1,16.3120828043765,1,6.38406193781181,1,20.9368382105939,1,17.3481447667689
1,6.71137979278069,1,15.972247745952,1,9.28590827318081,1,19.4564557108549,1,17.7172542298916
1,5.92122667758715,1,8.90629799001827,1,9.22012262666065,1,21.2784482509157,1,16.992186616299
1,6.30324130194761,1,14.8438299833638,1,10.1906618505197,1,21.773295884658,1,16.992186616299
0,5.73021936540692,0,12.9546152582084,1,7.76431379087213,0,20.5361768003024,1,17.4223685559522
0,4.96619011668599,1,11.3352883509323,1,6.79377456701311,1,21.5258720677869,1,16.992186616299
1,7.44928517502899,1,15.1137178012431,0,8.24958340280164,1,21.2784482509158,1,16.992186616299
1,9.41908603887376,1,18.9732985898301,1,9.51728408948804,1,23.8095824078607,1,16.6660773965737
1,6.72791859919555,1,14.9075917491522,1,8.86091966952335,1,17.3370745688306,1,17.4412437871121
1,8.07350231903466,1,19.2443457125419,1,15.7527460791526,1,24.5030653906139,1,17.2474521894775
1,7.06431452915532,1,13.0102618901692,1,9.1891018795057,1,23.5784214136096,1,17.4412437871121
1,5.38233487935644,1,10.2997906630506,1,7.54819082959397,1,21.9602944538521,1,17.2474521894775
1,7.44601365940579,1,14.1960657745071,1,10.0951859548724,1,22.4310850838665,1,17.6313530838689
0,5.36112983477217,1,8.51763946470426,0,9.22988430159759,1,20.5999760974285,1,17.4332479930389
1,6.55249202027709,1,14.1960657745071,1,15.8638636433709,1,22.8888623304761,0,17.2351429022089
1,5.21220956158405,1,12.3892937668426,0,13.2679586835465,1,20.1421988508189,1,17.6313530838689
0,5.36112983477216,1,10.8406320459872,1,14.7101281056712,1,23.5755282003903,1,17.0370378113789
1,6.93149610101842,1,11.9815890964517,1,7.95216886319003,0,22.793693603909,0,17.2569716372955
1,9.35751973637487,1,16.2417096640789,1,7.40374342434933,1,18.1369174912824,1,17.6491755381432
1,7.62464571112026,1,15.7091945931255,1,7.12953070492899,1,22.3035066446851,1,17.2569716372955
1,5.54519688081474,1,11.9815890964517,1,6.85531798550864,1,21.8133196854613,1,17.2569716372955
1,6.41163389344204,1,15.9754521286022,1,9.04901974087141,1,23.0387870835209,1,17.0608696868717
1,8.13270300902932,1,14.7897057279809,1,11.3731901299352,1,18.9370188322466,1,17.0603101154444
1,4.84089464823173,1,14.2707686848939,1,13.0375594172427,1,19.7047358119322,1,17.2610196462143
1,6.9708882934537,1,13.7518316418068,1,13.0375594172427,1,18.4252075124561,0,16.8596005846744
0,6.19634514973662,1,14.0113001633503,1,9.15403108019171,1,17.6574905327704,1,17.2610196462143
1,5.61543779194881,1,14.0113001633503,1,14.1471389421145,1,18.9370188322466,1,17.0603101154444
0,6.23530704577281,1,13.1262813881567,1,9.87254658197575,1,19.45480881522,1,16.9010629830038
1,7.10132191324126,1,13.6513326436829,1,7.77837003428393,0,19.8871379000027,1,17.3083175127147
1,7.44772786022864,1,14.1763838992092,1,13.7617315991177,1,19.8871379000027,1,16.9010629830037
1,7.10132191324126,1,14.7014351547355,1,11.0692188949425,0,19.2386442728287,1,17.3083175127147
1,7.62093083372233,1,12.8637557603935,0,8.3767061907673,1,20.5356315271767,1,17.1046902478592
1,7.31522675951676,1,18.9040864714946,1,12.4831729109043,1,20.883959589444,1,17.0491211340942
1,8.20732758384807,0,8.37180972309047,1,10.1903452333912,0,19.8526529430517,1,17.8514327168752
1,9.27784857304565,1,15.3933275553599,1,8.15227618671298,1,21.6574395742383,1,17.2496990297895
1,7.67206708924929,1,13.7729772863746,1,7.8975175558782,1,19.5948262814537,1,17.2496990297895
1,8.02890741898181,1,19.1741448496588,1,10.6998624950608,1,22.6887462206306,1,17.6508548211799
1,7.44476058406159,1,11.3426938534798,1,10.4607497027664,1,19.8502241548209,1,17.0397417191703
0,4.96317372270773,1,11.0518555495444,1,6.97383313517764,1,19.1150306676053,1,17.2450398121724
0,5.95580846724928,1,13.3785619810275,1,7.6712164486954,1,22.3008691122062,1,17.0397417191703
0,5.62493021906876,0,9.59766402986753,1,6.97383313517764,0,20.0952886505595,0,17.2450398121723
1,8.10651708042262,0,13.3785619810275,1,8.01990810545428,1,15.4390632315274,1,17.4503379051744
1,8.35218023398387,1,18.1480989569797,1,10.0896887088079,0,19.878673531266,1,17.074997736148
1,2.53548328531653,1,5.54525245907714,1,11.6184294222636,1,21.2655577311218,1,17.7153101512535
1,6.11498909988105,1,11.5946187780704,1,5.50346656844065,1,20.5721156311939,1,17.9287476229554
1,6.86071947791532,1,17.6439850970636,0,4.58622214036721,1,21.0344103644792,0,16.8615602644461
1,5.22011264623992,1,13.3590172877768,1,13.4529182784105,1,21.0344103644792,1,17.7153101512535
1,7.47675945769454,1,16.1481701019203,1,5.06575528913579,1,21.4940923174353,1,16.65346610693
1,2.92568848344569,1,12.2503359393878,1,12.3477785172685,1,21.247033785051,1,17.0698027596032
1,9.91483319389929,1,14.4776697465493,0,3.79931646685184,1,21.247033785051,0,17.0698027596032
1,9.10214194849771,1,17.8186704572914,1,8.54846205041664,1,19.0235069935922,1,17.0698027596032
1,7.63929770677486,1,15.3129199242348,1,7.59863293370368,1,20.2587996555137,1,17.0698027596032
1,7.92738997406871,1,15.9272898681575,1,10.2114720369486,1,21.1524952997706,1,17.5578207421918
1,7.73864259373374,1,16.5283196745031,1,5.4984849429723,1,19.2295411816096,1,17.5578207421918
1,7.54989521339877,1,17.1293494808487,1,12.5679655839367,1,18.9891719168395,1,17.9479945364627
1,8.49363211507362,1,19.8339836094037,1,6.67673171646636,1,22.5947108883913,1,17.5578207421918
1,8.68237949540859,1,17.4298643840214,1,7.4622295654624,1,19.2295411816096,1,16.9725600507854
1,7.28175257181949,1,14.6308626863906,0,12.7066921422466,1,17.2048914422831,0,17.3859811182165
1,6.78526944192271,1,16.1549108828897,1,10.89145040764,1,20.8752682833034,1,17.1765114661898
1,8.1092244549808,0,10.973147014793,1,9.75692432351081,1,22.0222610461223,1,17.5954507702432
1,7.61274132508401,1,13.4116241291914,0,16.33717561146,1,21.5634639409948,1,17.8049204222699
0,6.45428068865819,0,11.8875759326924,1,10.2107347571625,1,19.9576740730484,1,16.7575721621364
1,8.12773995181868,1,21.9122394690278,0,11.0911620000014,1,18.9528258064109,1,16.3512308952938
1,6.60378871085268,1,16.2776636055635,0,10.3262542758633,0,20.0676979126703,1,16.5506361501144
1,8.46639578314446,1,13.4603756738314,1,10.7087081379324,1,18.9528258064109,1,16.9494466597557
1,7.61975620483001,1,18.781919544881,1,6.88416951724223,1,18.9528258064109,0,16.3512308952938
1,7.11177245784134,1,15.9646316131488,1,6.50171565517321,1,20.736621176426,0,16.7500414049351
0,6.50859030385957,1,14.3770547525331,1,12.1598547609737,1,21.4431360188836,1,17.2179770694396
0,4.88144272789468,0,12.9100083492134,1,14.5325093484807,0,22.2678720196099,1,18.0188132122043
0,5.78541360343073,1,13.2034176298773,0,7.11796376252118,0,21.7180480191257,1,18.2190222478954
1,8.31653205493167,1,17.3111475591725,1,7.11796376252118,1,19.793664017431,1,17.618395140822
1,5.42382525321631,0,7.9220505779264,1,11.2701092906585,1,21.4431360188836,1,17.8186041765131
0,5.82352072979102,1,10.5912169848304,1,9.16716105437312,1,20.9923327887202,1,17.0353123937297
0,6.15629334292193,0,8.17036738829776,1,11.097089697399,1,19.9806541001072,1,16.8300676660944
0,7.98654271514197,0,16.9459471757287,1,10.3733664562643,1,18.9689754114942,1,17.0353123937297
1,6.82183856918376,1,15.7355223774623,1,9.6496432151296,1,20.4864934444137,1,16.8300676660944
1,7.82015640857651,0,14.8277037787626,1,12.5445361796685,0,20.4864934444137,1,16.8300676660944
1,6.36165673071267,1,10.1572348687811,1,11.9477681504931,1,21.0914201419989,1,16.7389105311489
1,8.37060096146404,0,10.7728248608284,1,6.78850463096198,1,20.1104238563245,1,17.3367287644042
1,7.53354086531763,1,15.3897498011835,1,9.50390648334677,1,20.3556729277431,1,17.7352742532411
1,7.53354086531764,1,16.9287247813018,1,9.77544666858525,0,18.638929427813,1,17.3367287644042
0,7.19871682685907,0,17.5443147733491,1,12.49084852097,1,20.3556729277431,1,17.3367287644042
1,6.74192714630123,1,11.9167410739996,0,5.34716625773207,1,19.3044078245806,1,17.0909289394574
1,7.75321621824641,1,13.085049022431,1,10.6943325154641,1,21.2136349720666,1,17.0909289394574
1,7.41611986093136,1,13.7860337914897,1,11.4234915506094,0,19.3044078245806,0,17.2919986916863
1,5.73063807435605,1,9.58012517713695,1,15.555392749766,1,21.001498622346,1,17.2919986916863
1,6.91047532495876,1,11.4494178946271,1,6.07632529287735,1,22.27431672067,1,17.6941381961441
1,6.70327501955428,1,12.9485437259162,1,11.3414910941891,1,21.6284102103335,1,16.625386622485
1,6.01575963293333,1,12.2670414245522,1,11.8947345621983,1,19.1757038978215,1,16.8256924854065
1,7.39079040617523,1,10.6768693880361,1,12.1713562962029,1,24.7500364262579,1,17.426610074171
1,7.21891155951999,1,14.5387157624322,1,10.2350041581706,1,18.5067839944091,1,16.8256924854065
1,7.90642694614094,1,15.2202180637962,1,12.7245997642121,1,20.9594903069211,1,17.025998348328
1,9.79801312890552,1,10.5771297707886,1,10.656067061788,0,20.1129309408629,1,18.1082000838317
1,7.98356625318228,1,11.9331720490948,1,9.79206162434577,1,22.5073274814419,1,17.7187764261149
1,5.80623000231439,1,10.0347128594661,0,8.06405074946122,1,22.7467671354998,1,17.5240645972565
1,5.98767468988671,1,12.4755889604173,1,10.656067061788,1,22.0284481733261,1,17.7187764261149
1,6.71345344017601,1,13.5604227830623,1,10.9440688742688,1,19.6340516327472,1,18.1082000838317
1,6.4548229680605,1,12.1731311192645,1,15.8708638161835,1,21.7002394578594,1,17.4688125253428
1,8.44092234284835,1,13.8331035446188,1,14.1074345032742,1,22.8423573240625,1,17.6673217585853
1,9.93049687393923,1,12.1731311192645,1,12.3440051903649,1,18.0454622860094,1,17.0717940588577
1,9.26846374900995,1,13.8331035446188,0,8.46446070196452,1,21.2433923113781,1,17.2703032921003
1,6.78583953052514,1,15.493075969973,1,9.87520415229194,1,23.5276280437843,1,17.4688125253428
1,7.22916851390492,1,15.9620928474827,1,8.68155988656202,1,18.7395910889783,1,16.8785771345763
1,6.75770100212851,1,13.0357091587775,1,10.9219624379329,1,20.5243140498334,1,17.2621811603621
1,5.02898679228168,1,14.0998486819431,0,10.0818114811688,1,20.0781333096196,1,17.0703791474692
0,7.54348018842252,1,11.4394998740293,1,10.6419121190115,1,20.7474044199403,1,17.0703791474692
0,5.9719218158345,1,20.2186509401448,0,10.3618618000901,1,21.6397659003678,1,17.2621811603621
1,5.8352847857691,1,14.8443670850803,1,12.4187701352999,1,20.2429458324626,1,16.8077761873129
1,8.51636157923057,1,18.6751714941333,1,13.6205866000064,1,20.4756233707668,1,17.2032532740732
1,7.09696798269214,1,12.9289648805538,1,12.8193756235354,1,21.1736559856793,1,17.4009918174534
1,6.46612638423062,1,12.9289648805538,1,13.6205866000064,0,21.1736559856793,1,16.8077761873129
1,7.72780958115366,1,20.1117231475282,1,12.4187701352999,1,19.5449132175501,1,17.2032532740732
1,8.69837960876646,1,15.3943907689674,1,7.25171496966218,1,20.570128853637,1,17.0976046337154
1,6.13164464224521,1,11.729059633499,0,8.05746107740242,1,19.3457164218729,1,17.2964139899214
1,7.98539767362166,1,12.4621258605926,1,10.071826346753,1,20.570128853637,1,17.4952233461274
0,6.27424102927416,1,9.77421636124913,1,12.4890646699738,0,20.3252463672842,1,17.0976046337154
1,6.55943380333208,1,12.9508366786551,1,9.26608023901279,1,19.8354813945785,1,16.6999859213034
1,4.74032445980228,1,10.9948000367767,1,8.53376283192477,1,21.3148882283198,1,17.9084590956327
1,8.8268110630801,0,13.5078971880399,1,6.54255150447566,1,20.8842844257275,1,17.2979434446452
0,4.74032445980228,1,9.73825146114506,1,8.81822159298893,1,20.238378721839,0,17.0944382276494
1,6.53837856524452,1,14.1361714758557,1,8.24930407086061,1,21.3148882283198,1,17.7049538786369
1,5.55762178045785,1,12.5654857563162,1,9.38713911511725,1,21.530190129616,1,17.5014486616411
1,5.59305319884766,1,9.22810684842299,1,9.61254972684464,0,18.5087482358414,1,17.2058473138963
1,4.9151073565631,1,6.78537268266397,1,8.44739218419681,1,20.624033748509,1,17.0125231867739
1,7.96586364684364,1,19.8132882333788,1,8.73868156985877,1,19.3019803030918,1,17.2058473138963
1,5.59305319884766,1,12.2136708287951,1,9.02997095552073,1,19.3019803030918,1,17.7858196952636
1,6.10151258056109,1,10.5851813849558,1,7.57352402721093,1,21.1528551266759,1,17.2058473138963
1,6.535037092682,0,9.35092911006662,1,9.96489635068913,1,17.7057241522121,1,17.6553846000232
1,6.535037092682,1,12.0657149807311,1,7.75047493942488,0,20.6566781775808,1,17.2447942604877
1,6.7217524381872,1,9.65257198458491,1,9.22675588026772,1,22.4726498854999,0,17.2447942604877
1,4.8545989831352,1,6.63614323940212,1,8.85768564505701,1,20.8836746410706,0,17.4500894302554
1,6.1616064016716,1,10.2558577336215,1,10.7030368211106,1,22.0186569585201,1,17.2447942604877
1,5.25978240530041,1,9.79349212519953,1,19.3562109552825,1,21.1735071566455,1,17.5825365230454
1,6.57472800662552,1,11.1925624287995,1,11.9363300890909,0,18.3358206304971,1,16.9831318688507
0,5.11367733848651,0,11.4723764895194,1,10.9685195413267,1,19.8638056830385,1,17.5825365230454
1,6.86693814025332,1,12.3118186716794,1,20.0014179871252,1,19.2089549462351,1,17.3827349716472
1,8.32798880839232,1,10.3531202466395,1,12.904140636855,1,18.3358206304971,1,17.182933420249
0,5.17871432952467,0,13.7133733319092,1,9.85677774429195,1,18.7016914716477,1,16.9524620989066
1,6.96447789142973,1,14.4896020110738,1,11.3502289176695,1,22.9095720527684,1,17.1591994415762
1,7.32163060381074,1,14.4896020110738,1,5.97380469351027,1,21.2731740489992,0,17.1591994415762
1,7.85735967238226,1,17.8532596207874,1,8.36332657091438,1,19.4030049018344,1,17.1591994415762
1,7.85735967238226,1,13.9721162249641,1,6.27249492818578,1,21.2731740489992,1,16.9524620989066
1,6.25649058603209,1,12.962178100963,1,16.5238989941978,1,19.8330775145678,1,16.5314125481361
1,6.5693151153337,1,12.3986051400516,1,4.4752226442619,1,19.8330775145678,1,16.925017608806
1,5.94366605673049,1,11.2714592182287,1,11.0159326627985,1,19.5788072900221,1,16.925017608806
1,4.69236793952407,1,10.7078862573172,1,8.60619739281134,1,19.8330775145678,1,16.3346100178012
1,6.8821396446353,1,13.5257510618744,1,8.60619739281134,1,20.0873477391136,1,16.7282150784711
1,6.51058125255308,1,11.9090077210114,1,16.8017371684044,1,18.7230825273103,1,17.3914396237558
1,7.89161363945828,1,13.1759234360126,1,12.4332855046192,0,21.0063852745433,1,17.3914396237558
1,7.69432329847183,1,14.4428391510138,1,11.425181274515,1,21.4630458239899,1,17.7958917080292
1,8.2861943214312,1,15.9631380090152,0,11.7612160178831,1,20.0930641756501,1,17.1892135816191
1,6.31329091156663,1,11.4022414350109,1,11.425181274515,1,18.9514128020336,1,17.7958917080292
1,6.77650735282716,1,14.2819594120781,1,7.84917744974411,1,21.435727085399,1,16.5304764714909
0,5.6470894606893,1,9.02018489183883,1,13.8870062572396,1,21.435727085399,1,17.57670915956
1,6.45381652650206,1,10.5235490404786,1,13.8870062572396,1,20.595110336952,1,17.1582160843323
1,5.9697802870144,1,13.5302773377582,0,9.35863465161797,1,21.435727085399,1,16.9489695467185
1,7.74457983180247,1,18.0403697836777,1,12.0756576149909,1,21.0154187111755,1,17.3674626219462
1,1.94812005616419,1,9.7143152333102,1,9.47589638276128,1,20.5510922685666,1,17.2607171722457
0,2.92218008424628,0,7.3593297222047,1,17.4151609196694,0,21.0404039892468,1,16.4387782592816
1,5.84436016849257,1,14.7186594444094,1,15.8785290738162,0,19.5724688272063,1,17.2607171722457
1,5.84436016849257,1,15.0130326332976,1,4.09768492227515,1,20.5510922685666,1,17.0552324440047
1,5.06511214602689,1,10.3030616110866,1,6.40263269105492,1,19.0831571065262,1,17.0552324440047
1,7.40234857359492,1,15.3843438304939,1,13.4515874476226,1,21.0797086669448,1,17.1058241490557
1,7.89583847850126,1,14.6338880338844,1,13.7318288527814,1,20.37705171138,0,17.1058241490557
1,6.9088586686886,1,12.7577485423608,1,10.0886905857169,1,19.2059567854386,1,16.9114397837255
1,7.5668452085637,1,13.5082043389703,1,7.8467593444465,1,19.4401757706269,1,16.9114397837255
1,5.75738222390716,1,11.6320648474466,1,9.24796637024052,1,20.6112706965683,1,17.1058241490557
1,8.17038786350429,1,14.0732039190915,1,12.8161783465819,1,19.9460344173755,1,16.4605063751972
1,7.20916576191555,1,11.9882848199668,1,9.02958019872818,1,20.6338287076298,1,16.8571450830333
1,8.17038786350429,0,15.8975081308256,1,10.4859641017489,1,20.6338287076298,1,17.6504224987054
1,7.84998049630804,1,13.0307443695291,1,9.02958019872819,1,19.9460344173755,1,16.4605063751972
1,6.72855471112118,1,11.9882848199668,1,10.1946873211447,1,20.4045639442117,1,17.0554644369513
1,7.21418486903716,1,14.3900907525308,1,12.6208963488699,0,20.421731640597,1,16.9460614525863
1,7.67466475429485,1,15.3656901255838,1,12.170150050696,1,19.941220307877,1,16.734235684429
1,7.36767816412306,1,12.9266916929514,1,9.91641855982636,1,20.6619873069569,1,17.1578872207436
1,7.52117145920896,1,15.8534898121102,1,19.3820908214788,1,20.421731640597,1,16.9460614525863
1,7.52117145920896,1,17.3168888716896,1,12.170150050696,1,21.3827543060368,0,17.3697129889009
1,6.65852102467085,1,11.7976225689361,1,9.12979155454445,1,20.9773090198154,1,17.1787122680128
1,4.95120794142192,1,9.28749010746034,1,5.42081373551077,0,19.966354368258,0,17.373924907422
1,5.63413317472149,1,7.5303973844273,0,8.84448556846493,0,17.6917064022539,0,17.1787122680128
1,6.31705840802107,1,9.78951659975549,0,6.84734366590834,1,20.2190930311474,0,16.9834996286035
1,10.9268037327932,1,21.5871391686916,0,6.27673169374931,1,22.2410023342621,1,17.373924907422
1,7.59589267372489,1,12.8875731185124,1,7.90167959393946,1,20.3760968647266,1,16.8068773968617
1,7.42709505875323,1,13.9843878520028,1,8.194334393715,1,16.6713519802308,1,16.3969535579138
1,6.75190459886657,1,10.9681473349042,0,12.8768111901236,1,19.6814571988836,1,17.2168012358095
1,7.0894998288099,1,11.2423510182768,1,8.77964399326607,1,18.7552709777597,1,17.0118393163356
1,7.25829744378156,1,15.0812025854933,1,9.36495359281714,1,16.6713519802308,1,16.6019154773877
1,6.27875435300968,0,14.6643204795182,1,8.12547028693054,1,20.9088411072884,0,16.6542144182249
1,8.46901749940841,1,16.6011175239829,1,14.1126589194057,1,21.1464415744167,1,17.9077574389515
1,8.32299995631516,1,17.1544881081157,1,9.83609561049486,1,21.384042041545,1,17.3705247157829
1,5.25663155135694,1,12.4508381429872,0,5.98718863247513,1,18.0576355017491,1,17.0123695670039
1,7.73892978394217,1,12.4508381429872,0,7.69781395603946,0,19.2456378373905,0,16.8332919926144
1,8.5814081112661,1,19.0868273361101,1,9.55574287941233,1,20.5911223357844,1,17.1692290779389
1,8.4359605161599,0,15.1104049744205,1,5.33343788618362,1,19.2906303987875,1,17.1692290779389
1,7.85417013573508,1,10.6037929645056,0,6.66679735772953,1,21.6748656166151,0,17.1692290779389
1,9.74498887211575,1,17.2311635673216,0,7.55570367209347,1,22.975357553612,1,17.3621417642079
1,9.30864608679713,1,11.6641722609562,1,9.55574287941233,1,18.4236357741229,0,17.1692290779389
1,8.40438203318461,1,21.4961475374714,1,8.5106582750836,1,17.5602718489022,1,17.3174348842702
1,6.21924270455662,0,11.4808969802404,1,13.3738915751314,1,20.2618521333487,1,17.1228569642222
1,9.58099551783046,1,23.4503427681506,1,7.29484995007166,1,19.5864570622371,1,17.1228569642222
1,5.88306742322923,1,12.45799459558,1,10.9422749251075,1,20.9372472044603,1,17.3174348842702
1,7.73203147052984,1,15.6335618454338,0,4.37690997004299,1,21.3875105852014,1,16.9282790441743
1,8.38544499833231,0,15.3421041725855,0,13.8763370295634,1,21.8749130802362,1,17.0683534946409
0,5.43501064706724,0,13.6983072969513,1,13.8763370295634,1,21.660453148077,1,17.2559178187578
1,8.07487296135704,1,14.2462395888294,1,7.97889379199896,0,21.2315332837586,0,17.2559178187578
1,8.38544499833231,1,13.6983072969513,1,10.4072527721726,1,23.1616726731912,0,16.693224846407
1,7.29844286891886,1,14.5202057347684,1,10.0603443464335,1,20.5881534872811,1,17.0683534946409
1,6.18340937859239,1,10.4049003030789,1,10.6249798507251,1,21.5185425946248,1,17.0727179017147
1,6.35052855098678,1,7.8036752273092,1,10.2163267795434,1,20.3362050894256,1,17.0727179017147
1,7.18612441295872,1,17.9195505219693,1,12.6682452066338,1,19.8632700873459,1,17.0727179017147
1,7.18612441295872,1,18.497600538807,1,6.94710221008949,0,21.0456075925451,1,17.0727179017147
1,7.35324358535311,1,18.7866255472259,1,15.5288167049059,1,22.4644125987841,1,17.0727179017147
1,8.2474120692337,1,18.0317024825812,1,11.67854486025,1,21.0194560473854,1,17.4869052768594
1,6.97857944319775,1,16.6006149839636,1,14.1633416390266,0,18.6358063925272,1,17.4869052768594
1,7.45439167796123,1,15.7419624847931,1,8.6967887257181,1,19.0691972388651,1,16.9404394869575
1,6.97857944319775,1,19.1765724814752,1,9.9391871151064,1,19.5025880852029,1,16.9404394869575
1,8.88182838225168,1,14.5970924858991,1,7.4543903363298,0,19.285892662034,1,17.4869052768594
1,8.19561523419624,1,14.8410044425923,0,9.41714865431193,1,20.6595289961148,1,17.5745167946787
1,7.53996601546054,1,13.7416707801781,1,10.0449585645994,0,19.1478561427405,1,17.3677577735648
1,7.37605371077661,1,11.5430034553496,1,10.9866734300306,1,19.9036925694276,0,17.9880348369064
0,8.52343984356408,0,9.61916954612467,0,5.0224792822997,1,21.1634199472395,1,17.5745167946787
1,7.04822910140876,1,10.9933366241425,0,8.78933874402447,1,20.6595289961148,1,17.3677577735648
1,6.7081641474099,1,12.6112762523942,1,8.51769106660985,1,19.0655947209376,1,17.0196168715733
0,5.36653131792792,1,15.7640953154927,1,13.565211698675,1,22.5776779590051,1,17.8021279921054
1,7.60258603373122,1,14.5029676902533,1,9.46410118512206,1,19.316457809371,1,17.0196168715733
1,8.79514854882632,1,11.9807124397744,1,14.5116218171872,1,19.316457809371,1,17.0196168715733
1,6.55909383302302,1,15.7640953154927,0,7.25581090859358,1,20.0690470746712,1,17.2152446517063
1,6.23722647238114,1,12.4574770999479,1,11.7450592482508,1,21.1797571096089,1,17.3569122733855
1,6.72963908862176,1,12.1296487552125,0,15.52025686376,0,21.9017942838001,0,16.9436524573525
1,4.59585108491242,1,10.4905070315351,0,7.96986163274163,1,20.6983989934814,0,16.737022549336
0,6.40136401112801,0,11.4739920657415,1,17.6175888723762,1,20.9390780515451,1,17.563542181402
0,5.41653877864678,0,12.1296487552125,0,7.96986163274163,1,20.9390780515451,1,17.3569122733855
1,6.94774063649692,1,9.98400034539448,1,9.48267827546659,0,20.1819672983161,1,16.8086794749704
1,6.57218708857817,0,10.8916367404303,1,8.02380469462558,1,21.3286699857205,1,17.0111936855122
1,6.57218708857817,1,10.8916367404303,1,10.9415518563076,1,20.1819672983161,0,17.4162221065959
1,6.19663354065942,1,11.3454549379483,1,8.38852308983583,0,20.411307835797,1,16.8086794749704
1,6.57218708857817,1,10.2109094441534,1,6.56493111378456,0,20.8699889107587,0,17.6187363171377
1,5.77049435328781,1,16.7859332786165,1,8.87066798012874,1,20.8078207957194,1,17.1410203941993
1,8.43379943942065,1,17.3274149972816,1,7.82705998246653,1,20.5933071792687,1,17.1410203941993
1,7.10214689635423,1,16.2444515599515,1,11.4796879742842,0,19.9497663299165,1,16.9462360715379
1,5.32661017226567,1,13.5370429666262,1,11.4796879742842,0,21.0223344121701,1,17.1410203941993
1,8.87768362044279,1,18.9518601532767,1,5.21803998831102,1,20.378793562818,1,16.9462360715379
1,6.81757904209716,1,12.5815134680125,1,9.16099757928476,1,20.0690363822449,1,17.3633127301322
1,5.48731971680991,1,9.81971782869265,1,7.63416464940397,1,20.0690363822449,1,16.959514759664
0,5.321037301149,0,11.6609149215725,1,7.63416464940397,1,19.8435415914331,1,16.7576157744299
1,6.48501421077535,1,14.1158443787457,1,9.16099757928476,0,21.8729947087388,0,16.3538178039617
1,8.48040319870622,1,15.0364429251856,1,6.41269830549933,1,22.3239842903623,1,17.1614137448981
1,6.96645633842603,1,14.6947580073684,0,11.5394469651494,1,21.7159182251088,1,16.8581507445125
1,7.79579637871484,1,17.2283369741561,0,12.0761654286447,1,19.8275775098819,1,17.4328604289845
1,6.63472032231051,1,11.6544632472232,1,9.39257311116812,1,21.7159182251088,1,17.4328604289845
1,7.79579637871485,1,11.1477474538657,0,10.7343692699064,1,25.2565570661591,0,16.8581507445125
1,8.12753239483037,0,10.8943895571869,0,7.5140584889345,1,18.8834071522685,1,17.4328604289845
0,5.63735048684328,1,12.7151961388643,1,9.76522497468443,1,20.1733285155793,1,16.9901074114738
1,7.08695489774584,1,15.956324566418,1,10.1408105506338,1,19.9273123141698,1,17.4096162364484
1,8.05335783834755,1,16.4549597091186,1,12.0187384303808,1,18.2051989043033,1,17.1998618239611
1,6.60375342744499,0,12.4658785675141,0,4.88261248734222,1,21.6494257240363,1,16.7803529989864
1,6.28161911391109,1,10.7206555680621,1,12.0187384303808,1,21.6494257240363,1,17.1998618239611
1,6.53072628720104,1,11.5797376212719,1,14.0876650176032,1,21.459444712855,1,16.6554638102513
1,7.41325686655254,1,13.6581520661156,1,13.0814032306315,0,21.2127844287992,0,17.0616946348916
1,6.88373851894164,1,13.6581520661156,1,6.79226706205868,1,20.7194638606876,1,16.8585792225715
1,6.17771405546045,1,13.3612357168522,0,10.8173142099453,1,20.7194638606876,1,16.8585792225715
1,8.11928133003373,1,12.7674030183254,1,10.0626178697166,1,21.9527652809666,1,17.2648100472117
1,6.26004780201723,1,12.5992775357497,1,10.722572724827,1,20.0882757091498,1,17.3094100222921
1,8.0257023102785,1,16.9816349394888,1,17.3453382313379,0,18.7781707715965,1,16.9114925505153
1,7.22313207925065,1,13.9687642244182,1,9.77646336675407,1,19.4332232403732,1,17.1104512864037
1,8.50724444889521,1,17.2555322772225,1,12.9301612269973,1,17.6864166569688,0,16.7125338146269
1,6.26004780201723,1,12.5992775357497,1,13.8762705850703,1,23.3635380530329,0,17.5083687581805
1,6.34026276734113,1,15.2715141146642,1,10.2477882114543,1,20.3864214439055,1,17.2695273723835
1,6.18562221204013,1,17.3676042872651,1,9.31617110132207,1,19.4491147108524,1,16.8814481055883
0,6.03098165673912,0,15.2715141146642,1,7.14239784434692,1,19.9177680773789,1,17.0754877389859
1,5.72170054613711,1,17.9664871937226,1,8.38455399118986,1,19.6834413941157,1,17.0754877389859
1,6.95882498854514,1,17.0681628340364,1,6.83185880763618,1,18.9804613443258,1,16.8814481055883
1,5.85270478973286,1,12.5919367257793,1,8.88575015623846,0,17.532325058441,0,16.4827591492135
1,6.43797526870615,1,11.9461963808676,1,8.53032014998892,1,20.679152633033,1,17.373719103225
0,5.6576146300751,0,7.10314379402937,0,7.46403013124031,1,20.0048324384776,1,17.1509791147221
1,5.6576146300751,1,9.04036482876465,1,7.81946013748984,1,22.4773398185141,1,17.8191990802308
1,5.6576146300751,1,12.2690665533235,1,11.0183301937357,1,20.679152633033,1,17.1509791147221
1,5.02454783000176,1,12.5656573796149,0,9.68747391024816,1,19.6398345525659,1,17.3160369985779
1,4.08244511187642,1,18.1235442975214,0,5.74072528014706,1,22.006079679381,1,17.3160369985779
1,5.80963342843953,1,20.298369613224,0,11.4814505602941,1,19.4032100398843,0,17.5042547920407
0,5.96665054812708,1,18.606838812122,1,7.53470193019301,1,20.5863326032919,1,17.5042547920407
1,6.43770190718975,1,14.7404826953174,0,3.22915797008272,0,19.6398345525659,1,17.3160369985779
1,5.33247634578773,1,11.1379708262676,1,10.5288606587499,1,19.9413364337574,1,17.214639605607
0,4.8754069447202,1,8.6066138202977,1,11.5560665766768,1,23.7936400630059,1,17.214639605607
0,4.87540694472021,0,7.34093531731274,1,13.8672798920121,1,19.488124242081,1,17.4059133790026
1,6.55132808196777,1,9.87229232328266,1,11.0424636177133,1,20.6211547212718,1,17.4059133790026
0,7.31311041708031,0,12.9099207304466,1,11.0424636177133,1,20.1679425295955,1,17.0233658322113
1,5.17338942342434,0,10.2574739446585,1,9.75376316061099,1,18.8766043297158,0,17.2124734591822
1,5.0009431093102,1,17.0957899077642,1,9.22653271949689,1,20.0276167888448,1,16.8256763027961
1,5.34583573753849,1,12.4333017511012,1,8.43568705782572,0,19.1068068215416,1,17.2124734591822
1,5.86317467988092,1,11.5008041197686,1,8.43568705782572,1,19.1068068215416,1,17.4058720373753
1,5.0009431093102,1,11.5008041197686,1,7.11761095504045,0,19.5672118051932,0,17.0190748809892
1,7.31648362051101,1,21.2658061359379,1,10.6836433390555,1,21.3570022610383,1,16.9485566404759
1,6.70677665213509,1,16.2151771786527,0,11.527088865823,1,20.9120647139333,1,16.9485566404759
1,5.79221619957121,1,9.03796760777361,1,7.30986123198534,1,23.3592212230106,0,16.5589346487408
1,6.70677665213509,1,17.0126449087503,0,12.0893858836681,1,21.5794710345908,0,17.1433676363434
1,6.55434991004111,1,10.1012579145705,1,8.7156037765979,1,20.4671271668284,1,17.338178632211
1,7.20319106397787,1,15.9301893021107,1,17.971677400274,1,19.8806580191687,1,17.2911103777413
1,7.54620016226253,1,15.9301893021107,0,8.69597293561646,0,20.5992360198616,1,16.7210737718817
1,7.71770471140486,1,16.9922019222514,1,10.7250332872603,1,20.1201840193997,1,16.9110859738349
1,10.6332820468245,1,18.4082187491057,1,8.98583870013701,1,19.8806580191687,1,17.1010981757881
1,7.03168651483554,1,15.2221808886836,1,9.27570446465756,1,20.1201840193997,1,17.1010981757881
1,6.83804261894877,1,15.2835500009506,1,10.8335519715622,1,19.9586290882856,1,17.5538283882027
1,6.25608154499568,1,15.5564705366819,1,11.3752295701403,1,21.2060434063035,1,17.367085533009
1,8.29294530383149,1,17.1939937510695,1,10.021035573695,1,22.2039748607178,1,16.9935998226217
1,8.43843557231976,1,12.2814241079068,1,15.7086503587652,1,19.9586290882857,1,17.7405712433963
1,7.56549396139013,1,14.7377089294881,1,9.47935797511693,1,21.2060434063035,1,17.1803426778154
1,7.63849594360377,1,10.7313055175493,0,9.87462318612823,1,21.2680212480078,1,16.7247427965379
1,8.11590194007901,1,18.1410164701429,1,10.1278186524392,1,21.0368471040077,0,17.1136903034341
1,6.84281928281172,1,13.5418855340503,1,9.11503678719529,1,20.5744988160076,1,16.919216549986
1,8.11590194007901,1,14.3084073567324,0,10.3810141187502,1,20.1121505280074,1,16.7247427965379
1,9.2298492651879,1,22.9956546804628,1,9.36823225350627,1,20.5744988160076,1,17.1136903034341
1,5.84057292089309,1,12.1957883753786,1,7.5750755051167,1,19.6337655355911,1,17.1549509045505
1,7.55838848586165,1,18.4424116895969,0,7.97376368959653,0,19.4080900696648,0,16.7779190165384
1,6.69948070337737,0,13.0881631345527,1,8.77114005855618,1,20.3107919333702,1,17.1549509045505
1,6.87126225987423,1,15.4678291590168,1,7.97376368959653,1,21.6648447289282,0,16.9664349605445
1,7.7301700423585,1,18.7398699426549,1,8.37245187407635,1,20.9878183311492,0,16.7779190165384
1,6.80094526980337,1,13.8971739056878,0,15.341426475503,0,20.7603775428015,0,17.2811902625939
1,7.43359134141298,1,20.2667119457947,1,13.11444521293,1,20.2885507804651,1,16.897163812314
1,5.69381464448654,1,11.8705027111083,1,14.1042146629624,1,19.8167240181287,1,17.0891770374539
1,8.38256044882741,1,16.7924184693727,1,15.0939841129949,1,22.8835979733153,1,16.897163812314
1,5.53565312658414,1,9.84383151652885,1,14.1042146629624,1,23.1195113544835,1,16.897163812314
1,6.12185782200743,1,16.1344283610599,1,9.95749998923248,1,22.5285682643112,1,17.6200177723457
0,5.16531753731877,1,13.6035376377564,1,5.31066666092399,1,21.0097883813239,1,17.8225467122578
1,6.69578199282063,1,13.6035376377564,1,10.621333321848,1,21.2629183618218,1,17.2149598925217
1,5.9305497650697,1,14.8689829994081,1,3.98299999569299,1,22.0223083033155,1,18.0250756521698
1,7.0783981066961,1,14.8689829994081,1,6.30641665984724,1,21.5160483423197,1,17.2149598925217
0,6.94091027452337,1,14.1355701922774,1,14.6155719059001,0,18.599086945168,1,17.2373577435583
1,8.71649197265725,1,15.338597442684,1,9.09413363033786,1,21.1564614001286,1,17.2373577435583
1,6.94091027452337,1,13.5340565670741,1,8.76934314354008,1,21.3889499869432,0,17.6527157614754
1,7.10232679253554,1,15.0378406300823,1,12.3420384983157,1,19.0640641187972,1,17.0296787345998
1,7.74799286458422,1,15.0378406300823,0,7.47018119634896,1,20.923972813314,1,17.4450367525168
1,6.0329811688144,1,14.2267320688484,0,6.19915644041879,1,19.809181665551,1,17.4045836633813
1,6.49705664333858,1,11.4908220556083,1,11.7457700976356,1,18.7801332673406,1,17.1998238555768
1,6.0329811688144,1,14.5003230701724,0,2.9364425244089,1,20.3237058646563,1,17.4045836633813
1,7.73459124206974,1,12.0380040582563,0,8.48305618162571,1,15.178463873604,0,16.5855444321634
1,6.80644029302137,1,14.5003230701724,1,5.54661365721681,1,19.2946574664458,1,17.1998238555768
1,5.05983357554647,1,15.1769477258948,0,12.3747750264715,1,21.9070224677661,1,17.5998870472567
1,5.93221867477862,1,14.6250587176805,1,13.5533250289926,1,21.1926630394693,1,17.3928295525831
0,6.28117271447148,1,14.9010032217876,1,13.2586875283623,1,20.0020639923081,1,17.5998870472567
0,5.05983357554647,1,13.7972252053589,0,5.00883751071465,1,19.7639441828759,1,17.1857720579095
0,7.50251185339648,1,14.0731697094661,1,8.54448751827793,1,20.4783036111726,1,16.9787145632359
1,8.7381243739179,1,20.0886421806289,1,9.82303593707059,1,20.4514649476859,1,17.0505696242427
1,6.95483368536322,1,14.8153736082138,0,8.84073234336353,1,18.8607954517548,1,17.2559981739324
1,4.99321392795309,1,12.0531853083773,1,8.51329781212784,1,20.9059419465234,1,17.2559981739324
1,7.66814996078509,1,17.8286699353081,1,9.16816687459922,1,17.4973644552424,1,17.2559981739324
1,4.81488485909762,0,8.28656489950941,1,10.1504704683063,1,19.7697494494297,1,17.0505696242427
1,4.03287143772369,0,5.73213167242988,1,12.4846346231679,1,18.8491310802799,1,17.3663866023418
1,5.37716191696492,0,8.33764606898892,1,12.862956884476,1,23.3989213410371,1,17.3663866023418
1,6.553416086301,1,20.8441151724723,1,11.7279901005517,1,22.7489513037861,1,17.1755471891293
1,3.86483512781854,1,6.25323455174169,1,12.862956884476,1,22.9656079828698,1,17.3663866023418
1,5.71323453677523,1,14.8514320603865,1,9.45805653270296,1,21.0156978711167,1,17.1755471891293
1,6.50770927890768,1,12.0514259591826,1,8.10220739825762,1,20.5545153760064,1,17.0516295399774
1,6.50770927890768,1,10.875677085116,0,18.9051505959344,1,19.7932370287469,1,17.443621023655
1,6.17398059793805,1,12.9332376147326,1,9.00245266473068,1,20.3007559269199,1,17.443621023655
1,5.50652323599881,1,12.6393003962159,1,11.7031884641499,1,19.2857181305739,1,16.8556337981385
1,3.50415115018106,0,4.99693271478303,1,13.503678997096,1,19.2857181305739,1,17.2476252818162
1,7.12230686533034,1,11.8174110721513,1,13.6493173438471,1,21.035312707592,1,17.2746116562273
1,8.28175216898877,0,11.5425875588455,1,8.04959740790984,1,20.3567542331535,1,16.6720089240334
1,7.4535769520899,1,12.0922345854572,1,3.84980745595688,1,21.035312707592,1,17.4754792336253
1,7.4535769520899,1,10.9929405322338,1,19.2490372797844,1,21.7138711820304,1,16.8728765014314
1,7.95048208222922,1,12.6418816120689,1,11.5494223678706,1,21.2614988657381,1,17.4754792336253
0,7.72367300677342,0,14.4330367277394,1,13.0721432266945,1,20.4923635846967,0,17.123078733953
1,6.90200566562731,0,13.3833613293584,1,10.3487800544665,1,21.4345412207747,1,17.123078733953
1,6.24467179271043,1,12.5961047805726,0,10.6211163716893,1,20.2568191756772,1,16.7382904477968
1,5.42300445156432,1,17.3196440732873,1,11.7104616405805,1,18.8435527215602,1,17.3154728770311
1,7.72367300677342,1,12.8585236301679,1,11.7104616405805,1,21.1989968117552,1,17.3154728770311
1,7.33466354876532,1,13.023003033448,0,10.8930817489967,1,21.6224331537203,1,17.2510053699318
1,6.01818547591001,1,13.023003033448,1,8.40323449208319,1,21.8681426213763,1,17.0504122842349
1,7.89886843713189,0,13.6149577167865,1,10.5818508418825,1,22.3595615566881,1,17.2510053699318
1,6.58239036427657,1,14.2069124001251,1,11.2043126561109,1,21.8681426213763,1,17.0504122842349
1,6.77045866039876,1,13.023003033448,1,7.78077267785481,1,18.9196290095053,1,17.6521915413256
1,8.29403003429146,1,17.9020208023781,0,10.5028145298765,1,19.1630250495838,1,17.0554910241032
1,7.29874643017648,1,16.9074640911348,1,16.2316224552637,1,17.2934616301122,1,16.861678626102
1,7.79638823223397,1,18.2335397061258,1,5.41054081842123,1,17.7608524849801,1,17.0554910241032
1,8.29403003429146,1,17.5705018986303,1,8.59321188808077,1,17.5271570575462,0,17.0554910241032
1,7.79638823223397,1,17.9020208023781,1,4.45573949752336,1,20.3315021867536,0,17.0554910241032
1,5.58130395840389,1,15.5879199600958,1,8.66563485416809,1,19.8766454186552,1,17.4176917677391
0,5.40688820970377,1,19.4113720257796,1,4.95179134523891,1,20.3283873599883,1,17.0262829639697
1,6.10455120450425,1,12.3526912891325,1,9.59409573140038,1,19.8766454186552,0,17.0262829639697
0,5.75571970710401,1,10.882132802331,1,8.35614789509066,1,21.909484154654,1,16.830578562085
1,5.93013545580413,1,13.5291380785737,1,8.97512181324552,1,19.6507744479886,1,17.4176917677391
1,5.52736076968645,1,15.4259504940105,1,8.50325875704757,1,19.419227658831,0,17.2903392692453
1,8.03979748318029,0,10.196814733329,1,9.35358463275233,1,19.6476891606996,1,17.4913897258644
1,5.52736076968645,1,13.8572097658061,1,14.4555398869809,1,21.2469196737798,1,17.2903392692453
1,5.52736076968645,1,12.2884690376016,1,10.2039105084571,0,21.0184581719112,1,17.4913897258644
0,5.02487342698768,1,15.6874072820446,1,11.4793993220142,1,21.0184581719112,1,17.6924401824835
1,7.11576357050158,1,11.7060696945071,1,8.52855210951654,1,19.4588399044127,0,16.4629148454614
1,7.60092926849032,1,10.8845911194539,1,9.21083627827786,1,21.2481585163128,1,16.8596115887255
1,5.98371027519451,1,13.3490268446133,1,9.89312044703918,1,20.5771640368502,1,17.4546567036217
1,8.40953876513823,0,10.4738518319274,1,8.52855210951653,1,21.4718233428003,1,16.4629148454614
1,6.30715407385367,1,14.7866143509563,1,14.3279675439878,1,20.5771640368503,1,17.2563083319896
1,7.25101946256632,1,15.6594132120249,1,11.6673582692215,0,19.6242776011405,1,17.00071618847
1,7.58827618175545,1,15.3639525853829,1,10.0005928021899,1,20.9181860144025,1,17.00071618847
1,7.92553290094458,1,12.7048069456051,1,7.33376805493925,1,20.7025346121922,1,17.00071618847
1,7.25101946256632,1,16.8412557185928,1,13.6674768296595,1,20.2712318077715,1,17.00071618847
1,7.58827618175545,1,13.0002675722471,0,8.66718042856457,1,22.2120944276646,1,17.00071618847
1,7.1119935243915,1,17.7307666439354,1,8.1992063328311,1,21.7427819623118,1,17.1577113567775
1,6.00568342059727,1,13.3707420593611,1,10.4610563556811,1,20.5235605438644,1,17.7632776399579
1,6.00568342059727,1,14.242746976276,1,10.4610563556811,1,20.9299676833469,1,17.7632776399579
1,5.6895948195132,0,16.8587617270206,1,7.63374382711862,1,20.7267641136057,1,17.3595667845043
1,6.00568342059727,1,16.5680934213823,1,9.89559384996857,1,21.7427819623118,1,17.3595667845043
1,6.59578787804875,1,10.5214941823278,0,8.54271257989405,1,20.0947773839039,1,16.9111450565579
1,7.97630161996594,1,13.2903084408351,1,7.47487350740729,1,18.20350421836,0,17.1100997042821
1,7.82291120419736,1,13.0134270149843,1,6.67399420304223,1,23.8773237149917,1,16.9111450565579
1,9.35681536188312,1,16.3360041251931,1,6.67399420304223,0,17.257867635588,1,17.1100997042821
1,5.98222621497445,0,9.13708705307412,0,10.1444711886242,1,23.4045054236057,1,17.1100997042821
1,7.47650380507481,1,18.2108515313691,1,10.9696749584478,1,19.8835066833368,1,17.2340193166925
1,7.14421474707149,1,14.922781115983,1,10.6268726159963,1,22.2870074912126,1,16.6658648337246
1,7.80879286307814,1,16.1874235834392,1,11.6552796433508,1,20.9760070505531,0,17.2340193166925
1,5.3166249280532,1,15.1757096094742,1,11.9980819858023,1,22.5055075646559,1,16.6658648337246
1,7.64264833407648,1,13.911067142018,1,12.6836866707053,1,20.7575069771098,1,17.0446344890365
0,6.04319618248664,0,10.5647583990266,1,14.9319745212249,1,20.2306933049806,1,16.5937342008262
1,7.34983319491619,1,12.4429376699647,1,12.2170700628204,1,19.3005464863608,1,17.4131778650646
1,6.36985543559403,1,15.0254341675046,1,11.1989808909187,1,24.1838172841147,1,16.7985951168858
0,5.87986655593295,1,11.0343032167612,1,11.5383439482192,0,21.8584502375652,0,16.7985951168858
1,5.38987767627187,1,14.0863445320355,1,13.9138853493232,1,20.2306933049806,1,17.0034560329454
1,5.20519050868461,1,9.89789817084798,0,7.77166787427257,1,22.2552455638062,1,17.0850390884786
1,5.85583932227019,1,10.7004304549708,0,5.55119133876612,0,20.6655851663915,1,16.8863758432638
1,8.78375898340529,1,20.865839387193,1,12.2126209452855,0,20.6655851663915,1,17.0850390884786
1,6.83181254264856,1,9.63038740947371,0,7.77166787427256,1,20.6655851663915,1,16.8863758432638
1,4.71720389849543,1,9.36287664809944,1,9.99214440977901,0,20.8926795088793,0,17.0850390884786
1,7.52800668352337,0,11.4730229992312,1,11.5522398542826,1,19.2292104405657,0,16.7308401737751
1,8.1686881033977,1,15.5705312132423,1,7.22014990892661,1,19.7708783403,1,16.9399756759473
1,7.52800668352337,1,13.1120262848357,1,10.1082098724973,1,20.3125462400342,1,17.3582466802917
1,7.68817703849195,1,12.8388590705682,1,9.53059787978313,1,20.8542141397685,1,17.3582466802917
1,6.72715490868045,1,8.19501642802228,1,7.22014990892661,1,20.5833801899014,1,16.9399756759473
1,5.72767150896034,1,11.0571547558102,0,4.67275316523619,1,20.6140479390969,1,17.0745788741011
1,6.8016099168904,1,13.0939990529331,1,10.1701098302199,1,20.1401617795775,1,17.0745788741011
1,5.0117125703403,1,10.4751992423465,1,7.42143149772806,1,21.3248771783761,1,17.0745788741011
1,6.08565097827036,1,20.0774652144974,1,9.07063849722319,1,19.9032186998177,1,17.2686081794887
1,5.90666124361535,1,13.6759545663968,1,8.795770663974,1,20.8509910188567,1,17.0745788741011
1,6.46399539997155,1,19.9695977583522,1,9.34656450269838,1,20.3398570496998,1,16.9894460761686
1,7.1822171110795,1,16.1658648519994,0,11.0459398668254,0,20.8241393604069,0,17.5686317378562
1,7.36177253885649,1,15.9281315453523,0,8.49687682063489,0,23.003409758589,1,17.7616936250854
1,8.97777138884938,1,12.8375985589407,1,11.4707837078571,1,17.434163185457,1,17.375569850627
1,5.92532911664059,1,17.8299979985287,1,14.4446905950793,1,22.7612686032355,1,17.375569850627
1,7.61796780490386,1,16.8830623831107,1,8.92042051180213,1,21.4607153821196,1,16.495117792946
1,6.4329505908077,1,13.5064499064886,1,10.2584835885725,1,21.2324098993311,1,16.6962777660307
0,4.57078068294232,1,13.2467104852099,1,8.92042051180213,1,18.7210495886575,0,16.495117792946
1,5.24793337671155,1,12.7272316426527,1,9.81246256298234,1,21.2324098993311,1,17.2997576852848
1,8.63369684555771,1,17.1428018043893,1,11.5965466653428,1,16.8946057263495,0,17.2997576852848
1,7.18551843916255,1,12.7671483591144,1,12.8792451649983,1,19.1431542495474,0,16.8431071622074
1,7.03263506811654,1,12.7671483591144,1,9.77046184930904,1,21.680198788644,1,17.2216039523694
1,6.26821821288648,1,13.0640587860705,1,13.3233570672396,1,20.9882775507086,1,16.8431071622074
0,6.72686832602452,1,13.6578796399828,1,11.9910213605156,1,19.8350754874828,1,16.8431071622074
1,7.7970519233466,1,14.2517004938951,1,15.0998046762049,1,22.3721200265795,1,17.7893491376124
1,4.71360581476381,0,7.77228423083031,1,12.2008895821216,1,20.170743481283,1,16.5470262833039
1,8.41715324064966,0,10.6868908173917,1,10.5371319118323,1,21.5006826119171,1,16.9106971906293
1,6.90206565733272,1,14.8159168150203,1,10.2598389667841,1,20.6140565248277,1,17.8198744589427
1,8.24881017583667,1,9.71535528853789,1,9.70525307668765,1,21.9439956554618,1,16.5470262833039
0,6.90206565733273,1,10.9297746996051,1,9.15066718659121,1,22.3873086990064,1,17.63803900528
1,12.3121451437773,1,21.961768378848,1,14.7537575742658,0,19.5950524898174,1,16.9504785987132
1,3.9884413846039,1,9.44866779089971,1,12.9095378774826,0,16.4108564602221,1,16.7578595237278
1,7.80347227422503,1,16.343641584259,1,8.85225454455951,1,24.4938156122718,1,17.5283358236693
1,7.10983029429391,1,15.0667945854887,1,10.6964742413427,1,19.3501143336947,1,17.1430976736986
1,5.89595682941447,1,13.7899475867185,1,23.974856058182,1,16.9007327724675,1,16.9504785987132
0,5.18926207063806,1,11.9970432975824,1,9.42477183542064,1,20.9150003915281,1,17.418981862776
1,6.11591601182343,1,11.348554470686,1,8.48229465187858,1,19.4935925979291,1,17.6125261056957
1,5.00393128240099,1,12.6455321244787,1,9.18915253953512,0,17.4630100356448,1,17.9996145915351
1,7.78389310595709,1,17.8334427396495,0,12.2522033860468,0,18.478301316787,1,17.4189818627759
0,4.07727734121562,1,7.45762150930796,1,7.77543676422203,1,21.3211169039849,0,17.0318933769365
0,2.94606643908062,1,9.29164213609301,1,7.58356565995044,1,21.3715193760715,1,17.7035413461278
0,3.92808858544083,0,11.8468437235186,1,7.96274394294796,1,19.7967758430978,0,16.9167172862999
1,6.54681430906805,1,15.5635005779558,1,7.58356565995044,0,20.2467025668046,1,17.1134233012569
0,4.74644037407433,1,12.0791347769209,1,7.58356565995044,0,20.471665928658,0,17.1134233012569
1,7.85617717088165,1,13.9374632041395,1,8.721100508943,1,19.5718124812444,1,17.3101293162138
1,7.49059556487063,1,14.8888331947196,1,9.1136230646789,0,19.6605596331479,0,17.3095344868717
1,6.74153600838357,1,13.7435383335873,1,6.17374465671797,1,21.8947141369148,1,17.1172063259064
1,5.61794667365298,1,11.4529486113228,1,11.7595136318437,0,21.2244677857847,1,17.8865189697674
1,5.99247645189651,1,11.1666248960397,1,9.99558658706719,1,20.5542214346547,0,17.3095344868717
1,6.74153600838357,1,12.598243472455,1,7.64368386069844,0,20.7776368850314,1,17.3095344868717
0,8.18555558188512,1,16.7266777584365,1,10.8331499788603,1,18.1508513116785,1,17.284850047785
0,6.8758666887835,0,10.270767044654,1,6.13878498802084,1,22.4216398556028,1,17.90960366397
1,7.85813335860971,0,13.7921728885354,1,9.02762498238358,1,19.8591667292482,0,17.701352458575
1,6.54844446550809,0,9.97731655766391,1,8.66651998308824,1,21.7810215740141,1,17.90960366397
1,7.85813335860971,1,15.8463262974662,1,9.02762498238358,0,19.2185484476595,0,17.07659884239
1,6.19946126297418,1,10.5031734710417,1,11.0565563355731,1,21.0920193480212,1,16.7222580096525
1,8.67924576816385,1,14.372763697215,1,11.0565563355731,1,20.5580441746535,0,17.3493426850144
1,4.95956901037934,1,13.819965093476,1,10.4746323179113,1,21.0920193480212,1,16.9312862347731
1,7.61648098022542,1,16.3075588103016,1,9.60174629141874,1,20.8250317613374,1,17.1403144598938
1,6.02233379831777,1,12.4379685841284,1,9.60174629141874,1,21.0920193480212,0,17.3493426850144
1,10.0403303734491,1,18.1020830847839,1,14.0612144956663,1,20.8027579912682,1,16.9913726906145
1,7.14735382516713,1,18.1020830847839,1,8.33257155298746,0,18.9536239475999,0,16.9913726906145
1,9.18945491807203,1,19.837899270996,1,6.50982152577145,1,19.1847657030584,1,17.3732012904036
1,8.16840437161958,1,18.1020830847839,1,12.4988573294812,1,20.8027579912682,1,17.1822869905091
1,10.7210307377507,1,17.3581618621215,1,7.81178583092574,1,21.0338997467267,1,17.1822869905091
1,8.11890483751473,1,15.4999189877486,1,9.46799245616848,1,20.0523952761284,1,17.1093234509134
1,7.12475322475782,1,11.6249392408115,1,8.24631601021126,1,20.8138786410446,1,17.1093234509134
1,6.62767741837937,1,11.1082752745532,1,7.94089689872195,1,20.0523952761284,1,16.9006731649267
0,5.79921774108195,0,8.26662346013261,1,8.24631601021126,1,20.3062230644338,1,17.3179737369002
1,6.95906128929834,1,13.9499270889738,1,8.55173512170056,1,19.798567487823,1,17.7352743088737
0,7.53994562920369,1,19.2329693538729,1,15.9023235377477,1,21.6916889106924,1,17.4480053873546
1,5.70093450012962,0,11.8559400126614,1,6.99702235660899,1,22.8455021506228,1,17.6418721138807
1,7.35604451629629,1,18.9695040202582,1,9.54139412264863,0,20.0763503747897,0,17.0602719343022
1,6.62044006466666,1,15.0175240160377,1,12.4038123594432,1,20.0763503747897,1,17.2541386608284
0,6.80434117757407,0,15.0175240160377,1,10.1774870641585,1,19.6148250788176,1,16.8664052077761
1,7.5102356240287,1,16.2915683412758,1,11.4740009773186,1,21.6977914461744,1,17.6817776588917
1,6.65679975766181,1,14.5766664106152,1,10.7416179362131,1,21.6977914461744,0,17.0988619118953
1,7.85160997057547,1,16.0057513528324,0,10.4974902558446,1,20.9580940105094,1,17.0988619118953
1,9.2171073567625,1,13.4333984568415,1,9.03272417363377,1,21.6977914461744,1,17.6817776588917
1,5.80336389129491,1,14.8624833990586,1,6.59144736994896,1,21.2046598223977,1,17.2931671608941
0,4.57844197848914,0,7.85970595427327,1,6.90083268427805,1,20.5835428859567,1,17.4144235918128
1,7.80030855594446,1,14.2223250601135,1,10.3512490264171,1,20.8285850631704,1,17.4144235918128
1,5.76544545439374,1,12.3509664995723,1,9.48864494088232,1,20.5835428859567,0,17.2271717252342
1,5.42630160413528,0,10.8538796511393,1,8.62604085534756,0,20.3385007087429,1,17.4144235918128
1,6.27416122978142,1,13.8480533480053,1,7.33213472704543,1,22.2988381264531,1,17.0399198586555
1,5.74534004695583,0,12.3173182350163,0,4.16391980435931,1,24.5669729025935,1,17.1318497317627
1,6.80369216086875,1,12.5739290315792,0,7.57076328065328,1,22.1345993478813,1,16.9349319187539
1,8.31562375217292,1,12.5739290315792,0,6.05661062452263,1,22.6210740588237,1,17.1318497317627
1,7.86204427478167,1,13.0871506247049,1,5.2995342964573,1,21.4048872814676,1,17.1318497317627
1,6.65249900173833,1,12.3173182350163,1,8.32783960871861,1,21.6481246369388,1,17.3287675447715
0,5.79706331139869,1,18.9631525492953,1,11.8222382579551,1,21.2376451521294,1,17.0648396642837
1,7.10607760752098,0,7.63451596140459,1,12.0971740313959,1,18.9889533124922,1,17.0648396642837
1,7.10607760752098,1,17.9780537155656,1,8.2480732032245,1,21.7373544498266,1,17.263268032473
1,7.10607760752098,1,18.2243284239981,1,10.1726236173102,1,21.487499800978,1,17.263268032473
1,7.29307964982416,1,13.7913836722147,1,15.6713390861266,1,19.4886626101893,1,17.263268032473
1,7.60264103913074,1,17.6987947482628,1,10.4668021699276,1,19.8778394802042,1,17.2170658713618
1,5.18361889031641,1,12.6761638061882,1,7.07216362832945,1,20.8132672204491,1,17.4245003999324
1,6.39312996472358,1,15.5462386302308,1,9.05236944426169,1,21.5148380256327,1,17.631934928503
1,6.73870455741134,1,14.5895470222166,1,9.33525598939487,1,21.2809810905715,1,17.4245003999324
1,5.18361889031642,1,14.8287199242202,0,7.92082326372898,1,21.2809810905715,1,17.4245003999324
1,6.11777814472141,1,11.6636027592963,1,6.6876237221188,0,19.8867831060487,0,17.5308164234282
1,6.77915956577238,1,16.734734393773,1,9.85544548522771,1,22.0175098674111,1,17.3338409579964
1,6.28312349998416,1,15.7205080668777,1,9.85544548522771,1,19.6500356881196,1,17.5308164234282
1,6.28312349998416,0,11.9171593410202,1,9.50346528932672,0,17.9928037626155,1,17.1368654925646
1,6.4484688552469,1,14.1991685765347,1,9.85544548522771,0,20.5970253598362,1,17.5308164234282
1,7.70280401236291,1,16.1080414744309,1,10.8374597220733,1,20.9480094996603,1,17.208447325284
0,6.80712912720444,0,11.2756290321016,1,9.66584245482213,1,22.2572600933891,1,18.0278971979165
1,6.09058921907765,1,14.4972373269878,1,10.2516510884477,1,21.4717097371519,1,17.4133097934421
1,7.16539908126783,1,14.7657046848949,1,9.08003382119655,1,23.0428104496264,1,16.5938599208095
1,6.98626410423613,1,15.8395741165237,1,6.44389496988142,1,20.9480094996603,0,16.7987223889677
1,9.34968988862435,1,19.3056772958013,0,6.92636715744757,1,21.4000542929525,1,17.0440757332581
1,4.91254892453144,1,9.13106358585199,1,4.70992966706434,1,21.9035849821984,1,17.251930315371
1,4.59561028423909,1,9.39195111687633,1,3.32465623557483,1,21.1482889483295,1,17.6676394795968
1,10.4589751296476,1,22.1754401370691,0,4.15582029446854,1,21.4000542929525,1,17.251930315371
0,1.58469320146176,0,0.521775062048686,1,6.92636715744757,1,21.1482889483295,1,17.4597848974839
1,9.69878783345791,1,22.9681349568653,1,12.2838757555918,1,21.4839544450016,1,17.326277009893
1,10.4448484360316,1,22.1068298959828,0,8.04805652952567,1,20.2348873261061,1,17.326277009893
1,7.64712117638027,1,12.9195759132367,1,8.47163845213228,1,20.4847007498852,1,17.326277009893
1,8.57969692959738,1,18.9487113394138,0,8.47163845213228,1,21.2341410212225,1,17.326277009893
1,10.8178787373184,1,22.6810332699044,1,10.1659661425587,1,21.9835812925598,0,17.1096985472693
1,7.13056837989214,1,15.2645136486485,0,7.14164105130506,1,21.3878190710264,1,17.0221649846447
1,6.46725969339054,1,12.0964070423252,1,9.69222714105686,1,21.8198962239764,1,17.2155986776521
1,6.30143252176514,1,14.9765039571645,0,8.41693409618096,1,21.3878190710264,1,17.2155986776521
1,5.96977817851435,1,15.5525233401324,1,9.43716853208168,1,20.9557419180764,1,17.4090323706594
1,7.46222272314293,1,17.56859118052,1,9.43716853208168,1,21.6038576475014,1,17.6024660636667
1,8.08848739643274,1,14.0850494335865,1,9.5393989651229,0,19.7146965717987,1,18.1970368210731
1,5.16286429559537,1,16.0971993526703,1,9.5393989651229,1,18.2895377834759,1,17.6399846734892
1,10.6699195442304,1,17.534449294873,1,9.2214189996188,1,20.6648024306806,1,16.7115644275161
1,9.63734668511135,0,16.6720993295514,1,9.2214189996188,1,21.377381824842,1,17.6399846734892
1,7.74429644339305,1,12.3603495029433,1,8.26747910310651,0,19.9522230365192,1,17.8256687226838
1,5.46637503222702,1,13.2985547793735,1,17.2555038460376,1,21.030902475747,1,16.7297089360105
1,6.77830503996151,1,13.0215015548032,1,21.8850292681452,1,20.541811720497,1,16.9388302977106
1,7.21561504253967,1,9.41980963538953,1,10.9425146340726,1,21.030902475747,1,17.3570730211109
0,6.7783050399615,0,11.0821289828112,1,13.0468443713943,1,22.0090839862468,1,17.1479516594108
1,8.30889004898507,1,14.9608741267951,1,2.52519568478599,1,21.030902475747,1,17.1479516594108
1,4.78005782824269,1,9.31000332573606,1,10.2924526934925,1,23.4261365350221,1,17.3072543939019
1,9.56011565648537,1,19.9891247876098,1,9.32753525347755,1,19.8383498584872,1,17.12115488429
1,6.69208095953976,1,13.6911813613766,1,9.00589610680591,1,21.1046275090289,1,17.12115488429
1,6.21407517671549,1,13.6911813613766,1,7.71933952011935,1,22.3709051595707,1,17.3072543939019
0,2.54936417506276,0,7.66706156237087,1,10.6140918401641,1,20.8935812339386,1,17.12115488429
1,5.96858497206018,1,14.6566566508451,1,12.4953712576286,1,21.7940598689562,1,17.3014593576387
0,9.19484711911973,1,18.5451573949469,1,8.14915516801862,1,22.7314387880511,1,16.9082443722378
1,7.09777672353102,1,18.8442728368009,1,9.77898620162235,1,22.2627493285036,1,17.1048518649382
1,8.54959468970782,1,16.451349301969,0,9.77898620162235,1,21.7940598689562,1,17.6946743430396
1,4.03282768382444,1,14.3575412089911,1,14.1252022912323,0,21.091025679635,1,17.4980668503391
1,8.80053895462933,1,17.473044722298,1,13.8637832820225,1,22.5008813254963,1,16.8315497819625
1,6.95856568505575,1,11.7491162787866,0,10.1442316697726,1,17.8853159253945,0,17.041944154237
0,5.73058350534003,1,13.2554132376054,1,12.1730780037271,0,21.6354628129772,0,17.2523385265116
1,4.29793762900502,1,10.5440787117315,1,12.5112190593862,1,21.3469899754709,1,17.2523385265116
1,11.2565033140608,1,16.8705259387705,0,10.8205137810907,1,20.1930986254454,1,17.041944154237
1,6.64788880337198,1,12.8179424407977,1,12.5345120115084,1,20.2780371409487,1,17.616255153956
1,6.18408260778789,1,9.44479969321934,0,10.5128165257813,1,20.5253302768139,1,17.2374109570967
0,4.94726608623031,1,16.6408375547198,1,9.29979923434498,1,22.5036753637357,1,17.4268330555264
1,5.41107228181441,1,14.167199539829,1,10.1084774286358,1,22.9982616354662,1,17.4268330555264
1,6.49328673817729,1,12.5930662576258,1,13.7475293029447,0,19.7834508692182,1,17.616255153956
1,6.07520083566381,1,13.4251807592717,1,13.6370942633407,1,18.8842758597492,1,17.1215892286307
1,5.64125791883068,1,14.4991952200134,1,22.8159077098201,1,20.9825287330546,0,17.3097385608134
1,7.52167722510757,1,13.4251807592717,1,16.2596123909062,1,20.2831111086195,1,17.4978878929962
1,7.52167722510758,1,11.8141590681591,1,19.931137769498,1,22.61450319007,1,16.7452905642652
1,6.65379139144132,1,12.6196699137154,1,24.3894185863594,1,20.5162503167645,1,16.9334398964479
1,11.2168824539536,0,17.3141943171502,0,9.54060298787112,1,20.0456561161643,1,17.1924475027599
0,6.59816614938445,0,11.4273682493191,1,9.85862308746682,0,21.827492215379,1,17.8138612679199
1,11.4368213255997,1,18.3530459761792,0,9.85862308746682,1,20.491115140968,1,17.3995854244799
1,6.3782272777383,1,13.1587876810341,0,8.2685225894883,1,22.0502217277808,1,17.3995854244799
1,3.95889968963067,1,8.31081327223209,1,8.90456278867971,1,21.827492215379,1,16.9853095810399
1,6.17524378188169,1,14.5953888654712,1,11.0219423533249,1,22.8178153464492,1,17.4673616193012
1,7.89058927684882,1,15.167757056274,0,4.08220087160182,1,22.0399352778203,1,17.4673616193012
1,5.83217468288826,1,13.1644683884642,1,10.6137222661647,1,20.743468496772,1,17.2774989930044
0,6.86138197986854,1,13.1644683884642,1,9.38906200468418,1,23.5956954150782,1,17.4673616193012
0,6.86138197986854,1,13.736836579267,1,12.6548227019656,1,21.0027618529816,1,17.2774989930044
1,7.78504246377554,1,15.6041586085734,1,10.0653017580672,1,20.5069338008288,1,17.3887467042555
1,6.1926474143669,1,12.9221938477249,1,13.6368604464137,1,20.5069338008288,1,16.9935479155224
1,9.20050472991654,1,15.3603436303145,1,14.9356090603578,1,21.0196071458495,1,16.9935479155224
1,8.13890803031079,1,18.042308391163,1,12.0134246789835,1,19.225250438277,0,16.9935479155224
1,8.49277359684604,1,16.0917885650914,1,5.19499445577664,1,21.2759438183599,1,16.9935479155224
1,6.1468493185174,1,16.4476413792354,1,6.95967649315895,1,19.6266949424435,1,17.0879212905041
1,7.45072644668776,1,16.1688677965365,1,9.27956865754527,1,22.1666201702891,1,17.0879212905041
1,6.89192196318618,1,13.9386791349453,1,12.0634392548088,0,22.1666201702891,1,17.0879212905041
1,10.6172851865301,1,20.629245119719,0,6.49569806028169,1,21.9357178768486,1,17.0879212905041
0,2.04894977283914,1,11.708490473354,1,13.9193529863179,1,24.2447408112537,1,17.2736595654009
1,9.44675483010466,1,12.3210130993651,1,10.8084155484636,0,20.1530853209641,1,17.3052148222446
1,9.09687502158227,1,13.1245574319324,1,13.1809945712971,0,20.1530853209641,1,17.5215300075227
1,5.24819712783592,1,13.9281017644996,1,14.4990940284268,1,18.9813943139313,1,17.0888996369666
0,2.97397837244035,0,8.30329143652864,1,17.6625327255381,1,19.9187471195576,1,17.5215300075227
1,10.1465144471494,1,14.7316460970669,1,13.9718542455749,0,22.0277909322166,1,17.7378451928007
1,4.93516033314854,1,18.6092333956522,1,11.8717270653503,1,19.5953412010697,1,17.1920544178613
1,6.80711770089454,1,18.3395343609326,1,10.8242217360547,0,20.9163754393441,1,17.1920544178613
1,7.14747358593927,1,17.2607382220542,1,9.078379520562,0,23.7786162889385,1,17.7715618701487
0,5.95622798828272,1,14.8334469095779,1,6.63420041887223,1,20.4760306932526,1,17.3852235686237
1,4.25444856305909,1,16.1819420831758,1,10.1258848498576,0,22.0172373045727,1,17.5783927193862
1,2.97357593134481,0,5.48176495488149,1,18.0373621178467,0,20.9350683436993,1,17.581465849727
1,6.88617584100903,1,12.5297484683005,1,15.7416978483026,1,21.1508937905416,0,17.581465849727
1,6.26015985546275,1,11.7466391890318,1,10.822417270708,0,20.0717665563303,1,17.581465849727
1,7.5121918265553,1,13.8349306004152,1,18.365314156353,1,20.9350683436993,1,17.581465849727
1,5.16463188075677,1,9.91938420407126,1,14.4298896942774,1,20.9350683436993,1,17.1992600703851
1,4.42648586924878,1,15.1404825738819,1,10.9545085984222,1,20.0011605779702,0,16.9806861547025
1,6.5511990864882,1,17.5310850855474,1,9.55008441913734,1,20.0011605779702,1,17.1672871014574
1,7.08237739079805,1,18.0623300881398,1,7.86477540399546,0,20.9314471164805,1,17.1672871014574
1,8.32179343418771,1,17.2654625842513,1,8.42654507570942,1,16.9777293278119,1,17.7270899417224
0,6.72825852125815,0,14.3436150699933,0,8.98831474742338,1,22.3268769242458,1,17.1672871014574
1,10.36982731814,1,18.0348950743718,1,11.2417896882055,1,20.6055427158032,1,17.2261510779853
1,7.777370488605,1,15.7447496681023,1,13.5477978293759,0,18.3712067586679,1,16.8346476443947
1,3.8886852443025,1,15.4584814923187,1,18.1598141117166,1,19.8607640634247,1,17.2261510779853
1,6.64317062568344,1,12.0232633829145,1,14.1242998646685,1,22.8398786729384,1,17.2261510779853
1,3.72665669245657,1,9.73311797664509,1,9.22403256468145,1,21.5985809189744,1,17.03039936119
1,7.69535261442826,1,14.832831308837,1,9.30200839813546,1,21.3968947968351,1,16.7005176390551
1,8.72139962968537,1,16.1812705187313,1,10.7554472103441,1,19.6502095072976,0,17.0981490114136
1,7.3533369426759,1,14.2934556248793,1,9.88338392301892,1,22.4885731027961,1,17.2969646975928
1,7.86636045030445,1,16.1812705187313,1,2.90687762441733,1,20.7418878132585,0,16.8993333252344
1,7.18232910679971,1,14.2934556248793,1,10.4647594479024,1,21.6152304580273,1,17.2969646975928
0,5.49943598638754,1,9.9811893229635,1,9.55620314558798,1,20.5061555078978,1,17.5275002258249
1,7.49923089052846,1,15.8675317441984,1,10.0871033203429,1,20.7624824517465,1,17.1380002208066
0,3.83294023293677,1,14.3319641560502,1,7.69805253394587,1,23.5820788340825,0,17.3327502233157
1,6.66598301380308,0,8.18969380345724,1,7.69805253394587,1,20.5061555078978,1,17.1380002208066
1,6.499333438458,1,16.6353155382725,1,10.0871033203429,1,19.7371746763516,1,17.5275002258249
1,8.03004595722072,1,13.8536001523502,1,7.56608431322821,1,20.3317844806764,1,17.0629614634367
1,7.1935828366769,1,10.8849715482751,1,7.20579458402687,1,22.2914745511031,0,17.2845583655593
1,8.53192382954702,1,15.5853001713939,1,7.20579458402686,1,20.0868232218731,1,17.2845583655593
1,7.52816808489443,1,12.8640572843251,1,9.72782268843627,0,19.5969007042664,0,17.2845583655593
1,9.36838695009085,1,14.5957573033689,1,7.92637404242955,1,20.5767457394798,1,17.0629614634367
1,7.1682003214334,1,12.067198900888,1,11.6190144663619,1,18.6450320037997,1,17.6569059982795
1,6.67945939042658,1,11.5059338357304,1,7.44808619638584,1,18.4119691037522,1,17.4539530557705
0,7.98276853977811,0,13.1897290312032,1,9.53355033137388,1,19.5772836039897,1,17.4539530557705
1,7.00528667776446,1,10.9446687705729,1,10.4273206749402,1,21.4417868043697,1,17.2510001132616
0,6.02780481575082,1,12.3478314334668,1,7.74600964424128,1,21.4417868043696,1,17.2510001132616
1,6.48164105342366,1,15.2182829886734,1,8.71863935533768,1,19.6390082348255,1,17.0343464170703
1,7.18235900514514,1,14.6214875773528,1,11.7366299014161,1,20.0904796884996,1,16.4848513713584
1,7.53271798100588,1,16.4118738113144,1,10.3953007698257,0,19.6390082348255,1,17.0343464170703
1,5.60574361377181,1,12.8311013433913,1,12.4072944672113,1,20.9934225958479,1,16.851181401833
1,6.13128207756292,1,15.2182829886734,0,5.02998424346405,1,21.219158322685,1,17.2175114323076
1,5.88972923925174,1,15.6648924907014,1,9.59845246437742,1,21.7733665990518,0,16.8299681819911
1,5.88972923925174,1,15.4378650632999,1,11.7314419009057,1,21.5441732664302,1,17.594966735718
1,6.4251591700928,1,13.1675907892852,1,11.3759436614844,1,20.8565932685654,1,17.9774660125814
1,7.49601903177494,1,17.2540844825116,1,13.1534348585913,1,21.7733665990518,0,16.8299681819911
1,5.35429930841067,0,13.8486730714896,1,8.53195774611326,1,21.7733665990518,1,17.0212178204228
1,7.88031411922385,0,19.3198690060545,1,7.00972868916963,1,19.8695330997654,1,16.9897517926772
1,7.88031411922385,1,18.7344184301134,1,11.4232615675357,1,20.6337459112948,1,17.5824175528869
0,7.25818405717987,1,14.9289896864966,0,8.30782659457142,1,19.8695330997654,1,17.1873070460805
1,3.73278037226393,1,12.2944620947619,0,9.08668533781249,1,20.1242707036085,1,17.1873070460805
1,7.88031411922385,1,18.7344184301134,1,9.08668533781249,0,20.6337459112948,1,17.1873070460805
1,5.28167703046837,1,8.49605005255352,1,13.0579934069793,1,20.4234754672802,1,17.1641267494192
1,8.75249336477615,1,20.4534538302214,1,8.4700497775001,1,18.5012660115362,1,17.3709234572435
1,10.4124490029234,1,26.4321557190554,1,17.9988557771877,1,21.3845801951522,1,16.9573300415949
1,9.05430348080292,1,22.970801993941,1,8.4700497775001,1,20.9040278312162,1,17.5777201650678
1,4.2253416243747,1,3.4613537251144,1,17.6459370364585,1,21.6248563771202,1,16.9573300415949
1,6.06923618190325,1,11.3573617644623,1,10.034831923454,1,19.4974681265416,1,17.3122071327746
1,6.06923618190325,1,16.308006636151,1,11.2891859138858,1,19.4974681265416,1,17.1219630983485
1,8.17012562948514,1,13.9782914024151,1,9.5330903272813,1,17.3575021126529,1,17.3122071327746
1,6.30266834274568,1,14.5607202108491,1,6.5226407502451,1,19.7352421280848,1,17.6926952016268
1,4.90207537769109,1,14.2695058066321,1,8.0278655387632,1,18.784146121912,1,17.3122071327746
1,8.11785794746208,1,16.0409777533309,0,6.43102005849283,1,21.4151237717967,1,17.3856971029798
1,7.2542560381576,1,15.3993386431977,1,8.93197230346227,1,20.4940431794614,1,17.7900156402584
1,6.39065412885313,0,12.5119626475981,1,7.8601356270468,1,21.4151237717967,1,17.9921749088977
1,8.11785794746208,1,17.9658950837306,1,12.1474823327087,0,22.1059342160482,1,17.1835378343405
1,6.73609489257492,1,14.4368799779978,1,10.0038089798777,1,21.6453939198805,0,17.3856971029798
1,7.26192876857796,1,16.6305359934318,0,8.8857261651504,0,18.9913158522905,1,17.1797391486105
1,8.99847695236835,0,12.9072816665441,0,7.86045006917151,1,21.9658592990348,1,16.9845148401036
0,8.36700488553548,1,24.3252616023331,1,11.6197957544275,1,21.9658592990348,1,16.9845148401036
1,8.05126885211905,1,15.3894512178026,1,11.6197957544275,0,20.1353710241152,1,16.9845148401036
0,9.78781703590943,1,25.0699124677107,1,11.2780370557678,1,20.5929930928451,1,16.9845148401036
1,5.29687279221816,1,12.6945684112684,1,10.3482539906808,1,21.3125901456018,1,17.2188570790419
1,9.73941126311081,1,18.3941705551032,1,8.56407226814962,1,20.8639040372733,1,17.6057976875597
1,5.46773965648326,1,12.1764227618289,0,10.3482539906808,1,18.8448165497953,0,17.6057976875597
0,8.8850769417853,0,13.2127140607079,1,14.9871264692618,1,23.1073345789156,1,17.6057976875597
1,8.37247634898999,1,14.5080781843067,1,9.99141764617455,1,22.8829915247514,1,17.6057976875597
1,5.28534056813457,1,13.8569483787226,1,9.85381726531497,1,21.0326176457555,1,18.2535294094013
1,5.72578561547912,1,14.4594243951888,1,7.14401751735335,1,20.0428474036023,1,16.8646739108599
1,5.72578561547912,1,12.049520329324,1,9.60747183368209,1,20.5377325246789,1,16.6662659824968
1,5.57897059969761,1,11.7482823210909,0,7.88305381225197,1,19.5479622825257,1,17.0630818392229
1,5.87260063126064,1,14.1581863869557,0,11.5782352867451,0,18.0633069192959,1,16.2694501257707
1,8.11408333261856,1,14.0613819500145,0,13.3679449763674,1,21.9427318474657,1,17.645055715717
1,6.34373787822906,1,11.478679142869,1,10.6943559810939,1,21.9427318474657,1,17.4553239338276
1,7.22891060542381,0,7.17417446429311,1,4.0103834929102,1,21.6933826219263,1,17.8347874976065
1,6.49126666609485,0,8.89597633572345,1,20.3861160889602,1,20.4466364942294,0,16.8861285881593
1,6.93385302969223,1,11.1917121642973,1,15.3731367228225,1,23.6881764262414,1,17.2655921519382
1,7.2837778118706,1,10.1384836037312,1,17.6046555864446,1,19.978246609102,0,17.1365065670714
1,6.96709182005013,1,17.204699448756,1,3.35326773075135,1,20.7274308569433,1,17.1365065670714
0,6.65040582822967,0,5.22285518980093,1,4.6107431297831,1,21.2268870221709,0,17.1365065670714
1,7.60046380369106,1,17.8191530004973,1,6.70653546150269,1,20.9771589395571,1,16.9439615494639
1,7.44212080778083,1,17.5119262246266,1,10.059803192254,1,20.2279746917158,0,17.329051584679
1,5.58023396869945,1,14.9528786006602,1,9.22172461456736,1,21.5142400136218,1,17.6120991188237
1,8.76893909367056,1,15.7539256685527,1,10.5778605872979,1,23.0994998040992,1,17.6120991188237
1,10.3632916561561,1,17.6230354936353,1,10.0354061982057,1,23.0994998040992,1,17.4048979527199
1,5.38093989838876,1,14.4188472220652,1,14.3750413109432,1,24.2318282258688,1,17.4048979527199
1,5.38093989838875,1,10.1465961933052,0,14.9174957000354,1,19.4760488544366,1,17.8193002849275
1,6.73281018087253,1,13.6383828918234,1,10.198056178769,1,19.5368647824264,0,16.9555733466942
1,7.0967458663251,1,14.2313560610331,0,8.01275842617567,1,22.3614717389218,1,17.3282233103578
1,7.27871370905139,1,16.8997353224769,0,10.198056178769,1,22.3614717389218,1,17.141898328526
1,6.36887449541997,1,13.0454097226137,0,9.10540730247234,1,19.7722486954677,0,17.141898328526
1,8.3705207654091,1,18.678654830106,1,7.28432584197787,1,21.1845521737154,1,17.5145482921896
1,5.88879025251847,1,12.1090022896694,1,13.0057327879654,0,18.5206742349771,0,17.1222597281363
1,5.88879025251847,1,13.6226275758781,1,8.02481384789357,1,20.7520807693117,1,17.3260961534713
0,5.21578565223064,1,10.343106122426,1,3.59733034560746,1,18.966955541844,0,16.9184233028014
1,6.22529255266238,1,12.3612731707042,1,13.0057327879654,1,19.413236848711,0,17.1222597281363
1,4.71103220201477,1,9.83856436035642,1,13.0057327879654,1,18.5206742349771,0,17.1222597281363
0,5.7717685725927,0,13.1979148476793,0,6.74068533161343,1,22.3478351934693,1,17.3115640610286
1,6.37932315918141,1,15.6725238816192,0,9.4369594642588,1,20.9934209393196,1,17.3115640610286
0,6.37932315918141,0,9.62347957643285,1,8.98758044215124,1,22.5735709024942,1,17.495729636146
1,7.59443233235882,1,15.9474804409459,1,10.7850965305815,0,17.8331210129705,1,16.7590673356767
1,7.13876639241729,1,11.2732189323928,1,12.1332335969042,1,21.8963637754194,1,17.3115640610286
1,6.36447118054954,1,15.4874194806188,1,13.0617905274748,1,20.1663980118077,1,17.315701279609
1,7.60200724343417,1,17.9654065975178,1,16.842835153849,1,21.2993417203362,1,17.315701279609
1,5.65730771604404,1,11.4606904156579,1,15.8116411648379,1,21.0727529786305,1,17.315701279609
1,5.83409858217041,1,12.3899355844951,1,8.9370145714301,1,21.2993417203362,0,17.315701279609
1,5.65730771604404,1,13.3191807533322,1,14.7804471758267,1,18.8068655615734,1,18.1118254763726
1,5.10981278387197,1,13.9940216224679,1,5.05593000355563,1,20.0092525348748,1,17.0956702918756
1,7.23890144381862,0,15.0915919457987,1,9.5170447125753,1,21.4733441837681,1,17.5126378599702
1,5.96144824785063,1,12.8964512991371,0,6.24556059262754,1,22.4494052830303,1,17.5126378599701
1,5.96144824785063,1,14.2684142033006,1,13.085936479791,1,21.2293289089526,0,17.3041540759229
0,4.04526845389864,0,13.1708438799698,1,13.383344127059,1,19.0331914356127,1,17.0956702918756
1,9.10141734785482,1,15.1385338822812,1,10.3096861783531,1,18.0683293224088,1,16.7485203082703
1,8.64634648046207,1,16.8588218234496,1,9.08234258569204,0,18.5090202814919,1,17.536685969836
1,8.64634648046207,1,14.7944762940476,1,12.2734359266109,1,19.6107476791998,0,17.3396445544445
0,4.09563780653467,0,6.53709417643962,1,9.57328002275647,1,21.1531660359908,0,17.1426031390531
1,6.52268243262928,1,12.3860731764119,0,7.85499899303095,1,19.6107476791998,1,17.1426031390531
1,7.69405547232662,0,11.4997810655828,1,13.0253762474555,1,20.4655262081949,1,16.9491721635757
1,6.49720239885359,1,12.7102843356442,1,12.6052028201183,1,19.7346145579022,1,17.3343806218388
1,7.86503448282277,1,12.7102843356442,1,9.66398882875734,1,19.9782517746664,1,17.3343806218388
1,7.18111844083818,1,12.7102843356442,1,14.7060699568046,1,20.4655262081949,1,16.9491721635758
1,7.35209745133433,1,11.8024068830982,0,10.5043356834319,1,20.4655262081949,1,17.3343806218388
1,5.09159356249267,1,10.3988566681552,1,11.8634209777981,1,21.179622083766,1,17.8896119785286
1,5.09159356249267,1,10.960957028596,1,21.0575722355917,1,20.315147713,1,17.1118027620709
1,5.74857337700786,1,11.8041075692572,1,18.981473564477,1,21.8279778618405,1,17.5007073702997
1,7.39102291329582,1,12.9283082901389,0,15.4224472711376,1,22.9085708252979,1,16.9173504579564
1,6.89828805240943,1,11.8041075692572,1,20.1678156622568,1,20.747384898383,0,17.3062550661853
1,6.99719306554717,1,16.0291893532419,1,8.85460026653021,1,23.4420849248647,1,16.2884721565309
1,6.27953223831156,1,12.5319116761709,1,8.51403871781751,1,19.0603868080676,1,16.914951854859
1,7.17660827235607,1,18.6521476110451,1,10.216846461381,1,18.8413019022277,1,17.5414315531871
1,6.45894744512047,1,13.4062310954386,1,9.19516181524291,1,22.7848302073451,1,16.914951854859
1,6.63836265192937,1,15.1548699339741,1,9.53572336395561,1,22.5657453015053,0,16.7061252887496
1,5.11619596851339,0,8.5965739581505,1,12.2477963602789,1,21.0477055003053,1,17.2403399882995
1,5.66435982228268,1,13.0335153559056,1,15.5580115927867,1,21.4686596103114,1,17.4237478605154
1,6.39524496064174,1,15.8066037295025,1,5.95838741851404,1,20.8372284453023,1,17.6071557327314
1,6.39524496064174,1,11.0923534943877,0,9.59962417427262,1,20.4162743352961,1,17.4237478605154
1,5.84708110687245,1,16.0839125668622,0,6.6204304650156,1,20.8372284453023,1,17.2403399882995
1,6.84803592608744,1,18.7910690501237,1,11.0782125765668,1,21.2379771685871,1,17.270902289016
1,8.91837236885806,1,14.5564619402366,1,10.6067992754363,1,21.8815522343019,1,17.270902289016
0,7.32580587441912,1,13.4978101627649,1,9.89967932374053,1,21.4525021904921,0,17.270902289016
1,6.37026597775576,1,17.7324172726519,1,7.54261281808803,1,18.878201927633,1,17.0811121539719
1,8.12208912163859,1,16.1444396064443,1,8.72114607091428,0,18.0201018400133,0,16.7015318838836
0,6.89973373968809,0,8.59017214454664,1,6.33524376506553,1,20.6485892771698,1,16.9692801416166
1,7.20638857256311,1,13.0154123402222,1,6.0335654905386,1,20.4216817026954,1,16.9692801416166
1,3.21987574518777,1,10.4123298721777,1,7.54195686317325,0,20.194774128221,1,17.1643293386467
1,5.8264418246255,1,10.4123298721777,1,9.95538305938869,0,19.9678665537466,0,16.9692801416166
1,6.89973373968809,1,13.0154123402222,0,9.0503482358079,1,20.8754968516442,1,17.1643293386467
1,5.14885085645171,1,15.4047231685075,1,10.8705922534039,1,20.243118442411,1,16.868965139581
1,6.17862102774205,1,18.8575059476557,1,10.2666704615482,1,19.003743843896,0,16.4898872712758
1,6.35024938962377,1,16.2015191944648,1,9.05882687783662,1,20.243118442411,1,17.0585040737336
1,8.23816137032274,1,22.310288726804,1,8.45490508598084,1,20.0365560093252,1,16.6794262054284
0,3.94745232327965,1,9.29595363616833,1,9.66274866969239,1,19.2103062769819,1,17.0585040737336
0,4.58138982846831,1,15.1134362221837,1,10.6128820266572,0,19.2254110756891,0,16.8643727168096
1,6.34346283941766,1,17.2346202533673,0,11.4292575671693,1,21.502104492547,1,17.4813619625465
1,8.105535850367,1,13.7876962026939,1,8.43588058529164,1,20.9961726221342,1,17.2756988806342
0,7.0482920437974,1,15.1134362221837,1,12.2456331076814,0,19.4783770108956,0,16.8643727168096
1,8.81036505474675,1,18.2952122689592,1,10.6128820266572,1,20.9961726221342,1,17.0700357987219
0,7.3205112663585,1,13.2764138542072,1,7.05568222666172,1,23.0006763336222,1,17.4285421791586
1,7.16475570749981,1,14.6040552396279,1,7.05568222666172,1,22.2743391862447,1,17.0135768891786
1,4.67266676576075,1,12.6125931614968,1,8.06363683047054,1,22.758563951163,1,17.0135768891786
1,5.29568900119551,1,10.9530414297209,1,7.55965952856613,1,20.8216648914896,1,17.4285421791586
1,3.89388897146729,1,12.2806828151416,1,7.55965952856613,1,21.305889656408,1,17.2210595341686
1,8.43679199328144,1,13.9816459363392,1,11.791439654065,1,22.1788877304375,1,17.6592981457976
1,7.53926093016639,1,10.7551122587225,1,8.10661476216969,1,18.9778111507867,1,16.4552550904023
1,8.79580441852746,1,15.3260349686795,1,8.47509725135922,1,20.3497011134942,1,17.0572766181
1,4.12864289032921,0,2.15102245174449,1,8.84357974054875,1,19.2064594779047,1,16.6559289329682
1,8.43679199328144,1,16.4015461945517,0,7.0011672946011,1,18.9778111507867,1,16.4552550904023
1,6.52410085426176,1,14.8913908122139,1,9.87201846470316,1,20.5643052227064,0,17.6443388520406
1,7.02595476612806,1,14.8913908122139,1,7.83954407491134,1,21.865843527941,1,17.844842702632
1,5.85496230510671,1,7.28023550819345,1,8.12989755916731,1,21.605535866894,1,17.4438350014492
1,6.52410085426177,0,12.905872037252,1,10.7430789174711,1,22.1261511889879,1,17.2433311508578
1,6.18953157968424,1,13.8986314247329,1,9.58166498044719,1,19.7833822395656,1,17.844842702632
1,6.57172780245995,1,12.4207775163187,1,13.781077900685,1,19.6119436659724,1,16.6984916952544
1,6.09086967057264,1,11.8561967201224,1,11.9436008472604,1,20.8691195419963,1,16.6984916952544
1,6.25115571453507,1,12.4207775163187,1,11.6373546716896,1,20.1148140163819,0,16.9153552237642
1,5.77029758264776,1,11.0093255258279,1,12.5560931984019,1,19.6119436659724,0,16.6984916952544
1,8.4951603300092,1,12.985358312515,1,11.9436008472604,1,19.3605084907676,1,17.3490822807837
1,6.23826154635205,1,12.6238499706634,1,15.9919588085913,1,19.6109717181408,1,17.3009869758871
0,8.07304435410265,1,11.6139419730103,0,17.5296471555712,1,19.365834571664,1,17.0950228452217
0,9.72434888107819,0,12.3713729712501,1,14.4542704616114,1,18.8755602787105,1,17.0950228452217
1,6.23826154635205,1,15.1486199647961,1,10.7638184288595,1,20.346383157571,1,17.3009869758871
1,6.05478326557699,1,13.6337579683165,0,8.91859241248361,0,18.6304231322337,1,17.3009869758871
1,6.11580680765451,1,13.8585181692678,1,9.05142710896245,1,20.3986247279418,1,16.8107313837791
1,5.93047932863467,1,10.3351660923353,1,8.77714143899389,1,21.8217845926819,1,17.1971849788085
1,6.85711672373384,1,11.7445069231083,0,9.32571277893101,1,20.8730113495219,1,17.3904117763232
0,6.48646176569417,1,10.5700562307975,1,10.4228554588052,1,21.1102046603119,1,17.0039581812938
1,5.55982437059501,1,12.2142872000326,0,8.77714143899389,1,20.6358180387318,1,17.7768653713526
1,5.82628543812959,1,11.9907521384994,0,6.6840640201254,0,19.0130688866073,1,17.0811968974495
1,7.10078537772044,1,12.314826520621,1,9.54866288589344,1,19.9293613630703,1,17.2920758714921
1,6.00835685807114,1,12.9629752848642,1,4.13775391722049,0,21.9910194351121,1,17.0811968974495
1,6.91871395777889,1,14.5833471954722,1,7.00235278298852,1,21.3038000777649,1,17.2920758714921
1,5.82628543812959,1,12.9629752848642,1,6.36577525726229,1,20.6165807204176,1,17.7138338195773
1,7.61261624817514,1,14.0191993888266,1,10.297773286108,1,19.605166200364,1,17.5654451893819
1,9.55626294983687,1,12.7674851576814,1,16.5306360645418,1,20.0267826777911,1,16.9926589332064
1,7.61261624817514,1,16.021942158659,1,6.2328627784338,1,19.605166200364,1,16.9926589332064
1,5.99291066345702,1,18.0246849284914,1,14.0916897599373,1,19.605166200364,1,16.9926589332064
1,5.02108731262615,1,16.021942158659,1,15.717653963007,1,20.4483991552183,1,16.6108014290894
0,6.39980397701896,1,14.4701260214674,1,8.52655839882975,1,20.5590796750241,0,17.0441756745111
1,5.251121211913,1,7.38900052160038,1,10.2906739296221,1,20.3254537696261,1,17.449989381047
1,5.57931628765756,1,12.6228758910673,1,8.82057765396181,1,20.3254537696261,1,17.449989381047
1,6.39980397701896,1,19.396126369201,1,8.23253914369768,0,19.1573242426361,1,17.0441756745111
1,5.90751136340212,1,13.238625934534,1,7.35048137830151,0,19.6245760534321,0,17.449989381047
1,6.03284357990304,1,13.3499348638054,1,9.16104427081475,1,20.9202874046624,1,17.0294175557766
1,5.50053385226454,1,10.630503687845,1,12.8827185058332,1,20.2596467497783,1,17.5615868543946
1,7.62977276281856,1,14.3388189277909,1,12.8827185058332,1,20.9202874046624,1,17.2068073219826
1,6.56515330754155,1,12.6082718158162,1,12.0238706054444,1,20.0394331981503,1,16.4972482571586
1,7.09746303518005,1,14.8332609597837,1,9.73360953774067,1,21.3607145079185,1,17.2068073219826
0,5.86568004091597,1,18.4357406746805,0,6.78001056694221,1,21.3761759041446,1,16.907408246253
0,6.38324004452621,0,10.3863327744679,0,7.26429703600951,1,22.9512625497132,1,17.099537885415
1,6.55576004572962,1,15.3198408423401,1,8.23286997414412,1,24.5263491952817,1,17.099537885415
1,7.41836005174667,1,16.8777907585103,1,8.71715644321142,0,18.0009902350692,0,16.907408246253
1,7.24584005054326,1,12.9829159680849,1,7.74858350507681,1,20.2511140144528,1,17.099537885415
1,4.88354303366381,1,12.7390019577457,1,10.6904866958679,0,17.1425427213549,1,16.778493332719
1,7.4157505326006,1,10.368955081886,0,14.3477584602437,1,18.5710879481345,0,16.9691580296817
1,5.60703089050289,1,15.9978164120527,1,10.4091580986082,0,16.4282701079651,1,16.778493332719
1,6.87313463997129,0,5.33260547068424,1,11.8158010849066,1,19.9996331749141,1,17.1598227266444
1,4.52179910524427,1,13.0352578172281,1,9.00251511230979,1,19.5234514326542,0,17.3504874236071
1,9.69030222349785,1,16.4844359878389,0,11.6291355804938,0,20.7644652173008,1,17.5377558111202
1,7.46629843449834,1,13.0399269754546,1,10.2195433889188,1,18.1085452476461,0,17.1798424272198
1,7.94287067499823,1,14.0240724075644,1,9.51474729313131,1,19.7986761374264,1,17.35879911917
1,8.89601515599803,1,18.4527268520584,1,11.9815336283876,0,18.5914397875833,1,16.8219290433194
1,8.89601515599802,1,15.5002905557291,1,10.2195433889188,1,20.2815706773636,1,17.1798424272198
1,6.30661646489054,1,13.8520931909895,1,10.3813314765734,1,22.018920382567,1,17.3366551705429
1,6.30661646489054,1,12.6207960184571,1,9.68924271146851,1,19.9329173989554,1,16.9085896107764
1,6.30661646489054,1,16.9303361223205,1,7.95902079870628,1,22.018920382567,1,17.3366551705429
1,6.14490835040617,1,9.85037738025921,1,8.99715394636362,1,20.1646955082456,1,17.1226223906596
0,7.60028138076552,1,12.0051474321909,0,7.95902079870628,1,20.3964736175358,0,17.1226223906596
1,5.15504141890377,1,11.6230499833634,1,12.500547393816,1,23.4202883443525,1,17.1577872824809
1,4.97728136997605,1,4.81931340773605,0,5.07834737873776,0,18.8439101621227,1,17.1577872824809
1,6.93264190818093,1,14.7414292471926,1,8.98476843930526,1,21.2666986115384,1,16.9605713367052
1,6.04384166354235,1,5.95326950367394,1,13.2818316059295,0,20.9974998949367,1,17.1577872824809
1,6.93264190818093,1,12.7570060793013,0,7.81284212113501,0,18.8439101621227,0,16.9605713367052
1,6.98651665406498,1,16.262620064473,1,10.5627336644484,1,22.5913218777088,1,17.3877984580756
1,7.30408559288611,1,12.6217349754118,0,7.45604729255178,1,21.3896558203839,1,17.1856147550747
1,7.14530112347555,1,12.8644606480159,1,8.69872184131041,1,20.6686561859889,1,17.1856147550747
1,7.30408559288611,1,11.1653809397874,0,10.873402301638,1,20.187989763059,1,16.9834310520739
0,8.41557687876009,1,18.6898767905137,1,6.83471001817247,1,21.1493226089189,1,17.3877984580756
1,6.15303141128682,1,15.6272875493854,1,9.82596521999499,0,18.0851212480603,1,16.9936128044825
0,7.41983199596352,1,17.0698064000978,1,7.77888913249603,1,19.0246080661414,0,16.9936128044825
1,8.50566106854354,1,15.6272875493854,1,16.3766086999917,0,22.0779402249048,0,17.7933122305758
1,6.69594594757683,1,17.0698064000978,1,17.1954391349912,1,20.6687099977832,1,17.5933873740525
1,6.8769174596735,1,17.7910658254541,1,10.6447956549946,1,20.6687099977832,1,17.3934625175292
0,3.5574434537629,1,15.1463887274181,1,12.4816463259455,1,21.2433364239178,0,17.4556577761575
0,4.91266000757734,1,16.1561479759126,1,9.36123474445913,1,20.5863260190544,1,17.2617060230891
1,5.92907242293817,1,10.4341789011102,1,13.3731924920845,0,19.929315614191,0,16.6798507638838
1,6.09847449216497,1,12.4536973980993,1,12.927419409015,1,18.6152948044641,1,17.4556577761575
0,5.75967035371136,0,15.1463887274181,0,12.035873242876,1,21.9003468287813,0,17.2617060230891
0,3.84077585888995,1,11.5448573991863,1,11.4199032642492,1,22.5529119194348,1,17.783633641551
1,10.6873763029981,1,22.8081329105875,1,10.5414491669993,1,24.4549647319172,0,17.3794601496975
1,6.01164917043644,1,9.01062040912099,0,9.07735900491604,1,15.4881443302142,1,17.5815468956243
1,7.84854197251424,1,20.2738959205222,1,11.1270852318326,1,20.6508591069523,1,17.1773734037708
1,8.34951273671728,1,9.57378418469105,1,12.8839934263324,1,23.9115210712079,1,17.5815468956243
0,6.84254249042664,1,16.9298102407173,1,10.4139821870015,1,19.6849252723104,1,17.1366404406656
1,10.4063667041905,1,15.0183800522492,1,8.03364340140114,1,22.8442342666318,1,17.7635907006899
0,5.13190686781998,1,22.1179778951307,1,11.0090668834016,1,19.6849252723104,1,17.5546072806818
1,7.27020139607831,1,20.479609162158,1,11.0090668834016,1,20.1709728098983,1,17.7635907006899
1,6.84254249042664,1,17.2028716962127,1,13.3894056690019,1,19.6849252723104,1,17.1366404406656
1,3.90486874658773,1,11.7582974702269,1,7.28794704758656,0,21.8542653505357,1,17.0500432207512
1,7.65354274331195,1,15.2166202555877,1,6.92354969520723,1,21.8542653505357,0,17.437544203041
1,6.24778999454037,1,12.9110717320138,1,8.38113910472454,1,21.624220452109,1,17.437544203041
1,7.65354274331196,1,14.2944008461582,1,6.92354969520723,1,21.3941755536823,1,17.437544203041
1,8.27832174276599,1,16.5999493697321,1,8.38113910472454,1,21.8542653505357,1,16.8562927296063
1,6.37001279228508,1,14.6057233538384,1,6.06797410561887,1,22.1905512230881,1,17.4897381745847
1,8.43596288708024,1,19.5778844955706,1,6.50140082744879,1,21.2462724476375,1,17.0922441251623
1,6.88650031598387,1,14.2949632824801,1,7.36825427110863,1,20.301993672187,1,16.6947500757399
1,7.74731285548185,1,22.374725137795,1,9.53538788025823,1,20.7741330599123,1,16.8934971004511
1,6.37001279228508,1,15.2272434965549,0,6.93482754927871,1,21.9544815292255,1,17.0922441251623
1,7.49247860487698,1,14.4201206619765,1,10.7871961427585,0,18.1966898846711,1,17.4162760800578
1,5.21215902947964,1,8.19967645484936,1,11.3702878261508,1,19.0736387947757,1,17.4162760800578
1,7.9811185138907,1,14.4201206619765,1,11.9533795095432,0,19.0736387947757,1,17.4162760800578
1,6.02655887783583,0,10.7444036304923,1,12.8280170346317,1,18.1966898846711,1,17.2309965472912
1,5.53791896882212,0,10.1789087025716,1,12.2449253512394,1,16.2235548369357,1,17.7868351455909
1,7.37435404650122,1,15.7902571132123,1,8.41413533587933,1,21.6072178385741,0,17.4058083183551
1,4.7933301302258,1,8.35954788346534,1,6.2326928413921,1,21.8232900169598,0,17.4058083183551
1,7.00563634417616,1,15.1710313440667,1,12.1537510407146,1,22.2554343737313,1,17.4058083183551
1,4.79333013022579,1,9.5979994217565,1,12.4653856827842,1,22.2554343737313,0,17.4058083183551
1,4.7933301302258,1,11.1460638446205,1,7.47923140967051,1,20.5268569466454,1,17.4058083183551
1,5.72075022608823,1,12.9247931243084,1,6.45411678891917,0,18.1719514007403,1,17.3114179795489
1,5.90529055596205,1,10.9363634128764,1,11.0642002095757,1,20.7022231147674,1,16.894275377632
1,6.6434518754573,1,10.604958460971,1,8.29815015718179,1,22.5424207249689,0,17.1028466785905
1,7.19707286507874,1,12.2619832204977,1,11.3715391042862,0,20.242173712217,1,17.3114179795489
1,6.45891154558348,1,14.9132228357405,1,9.83484463073398,1,21.392297218593,1,17.1028466785905
1,6.08063057818825,0,15.5616203219038,0,5.69937638228318,1,20.1145927403391,1,17.1888541059663
1,6.42809518265615,1,15.5616203219038,1,8.17736611371065,1,22.2196082596769,1,18.0073709681552
0,6.77555978712405,1,12.8785823353687,0,1.73459281199923,1,19.6468115138195,1,17.5981125370608
1,6.42809518265615,1,15.2933165232503,1,12.8855466034228,1,21.0501551933781,1,17.802741752608
0,6.42809518265616,1,13.6834937313292,1,8.67296405999615,1,21.0501551933781,1,17.5981125370608
1,7.87763380911018,1,14.6708409179033,1,14.3548988354199,1,19.3361141084642,0,16.9660050683365
1,7.03958765920484,1,14.9585044653132,1,11.3328148700683,1,19.3361141084642,1,17.1632841970381
0,8.88328918899659,0,15.533831560133,1,13.9771383397509,1,21.5333998026078,0,16.9660050683365
1,7.71002457912911,1,12.0818689912145,1,10.9550543743994,1,22.4123140802653,1,16.3741676822317
0,6.2015415092995,0,9.20523351711582,1,16.6214618094335,1,20.434756955536,1,17.1632841970381
0,5.44862700108798,1,11.5250792461239,1,11.8492935519576,1,19.6588668801917,1,17.1652806562728
1,8.00267090784797,1,15.81873622017,1,13.6722617907203,1,19.6588668801917,1,17.1652806562728
0,6.81078375135998,1,13.3329348141433,0,7.29187295505083,1,20.1694867991577,1,16.9679785797639
1,10.21617562704,1,16.4966820581773,1,11.8492935519576,1,20.1694867991577,1,17.1652806562728
1,6.98105334514398,1,13.7848987061482,0,10.9378094325762,1,19.4035569207087,1,17.1652806562728
0,8.28840709983912,1,14.5593796799633,1,10.7724397950054,1,20.6860636929135,1,17.0602954194178
1,7.82794003873695,1,11.5813247454253,1,17.5052146668838,1,21.167134941586,0,16.5039814383498
1,8.05817356928803,1,15.5520646581426,1,12.6576167591314,1,19.7239211955687,1,17.0602954194178
1,6.67677238598151,1,12.2431147308782,1,10.5031288001303,1,19.7239211955687,1,17.0602954194178
1,10.59074240535,0,11.9122197381518,0,4.5782869128773,0,22.369813063267,0,16.5039814383498
1,7.22475144179947,1,11.4971742981669,1,9.05570289147336,1,21.3040451619171,1,17.3312151349238
1,8.14706013649727,1,15.2462528736561,1,8.743437274526,1,21.3040451619171,1,17.3312151349238
1,7.5321876733654,0,12.496928584964,0,9.68023412536808,1,21.0866569459792,1,17.1468405058289
1,7.37846955758243,1,14.9963143019568,1,5.62078110505243,1,20.2171040822275,1,17.3312151349238
1,7.68590578914837,1,13.2467443000619,1,9.68023412536808,1,21.738821593793,1,16.778091247639
1,6.48481187952016,1,13.1592891315663,0,4.67340771799143,1,20.6914314271911,1,16.8854206214412
1,7.0106074373191,1,15.1617896515873,1,7.54935092906308,1,23.6778235919404,1,16.6978048367586
1,7.53640299511803,1,14.589646645867,1,13.6607302525903,1,23.2511961398333,1,16.6978048367586
1,6.30954669358719,1,11.1567886115454,1,13.6607302525903,1,21.1180588792982,1,17.635883760172
1,6.13428150765421,1,10.2985741029649,1,11.5037728442866,1,19.6248627969236,1,17.0730364061239
1,6.42552843892244,1,14.3979260188697,1,13.6398420360069,1,21.4535649678479,1,17.4614173654557
1,6.42552843892244,1,12.4963131484529,1,8.61463707537279,1,20.7760839688632,1,17.6512153802976
1,9.97647836569536,1,13.3112900929172,1,8.61463707537279,1,20.5502569692016,1,17.4614173654557
1,7.10189985354585,1,10.0513823150599,1,9.57181897263643,1,23.0343539654788,1,17.4614173654557
1,8.11645697548097,1,15.4845619448221,1,6.22168233221368,1,19.1952949712323,1,17.4614173654557
1,5.54499089125817,1,14.6672649840862,1,11.3914818992147,1,20.5788449515203,1,16.9917879660186
1,6.17870413597339,1,11.7913306734811,1,7.69694722919911,0,17.5301271809247,1,17.1990048924334
1,7.28770231422502,1,15.2424518462072,1,9.5442145642069,1,19.8166655088714,1,17.1990048924335
1,5.06970595772176,1,9.77817665605746,1,11.0836040100467,1,19.0544860662225,1,17.1990048924335
1,5.70341920243698,0,7.47742920757335,1,13.2387492342225,0,23.1194430936833,1,17.6134387452632
1,7.57934461233908,1,14.0608270974282,1,6.27502372042667,1,22.4196159477316,1,17.2527431704669
1,6.57829909750184,1,16.1113643824699,0,5.67740241371937,1,23.0790164167825,1,17.6404452641853
1,10.7254876589704,1,20.5053728504162,1,7.76907698719493,0,20.2216143842285,0,17.4465942173261
1,9.43842913989395,1,19.0407033611007,0,6.27502372042668,1,21.7602154786806,1,17.6404452641853
1,6.57829909750184,1,17.2830999739222,1,2.68929588018286,1,20.8810148532794,0,17.2527431704669
1,9.11683144354944,1,17.0964343971912,1,8.37031675824426,1,20.6037864427113,1,17.284437989595
1,5.96100517462848,1,14.4435394045236,1,12.4204700283625,1,19.9169935612875,1,17.284437989595
1,6.48697621944864,1,15.3278377354128,1,16.2006130804728,1,18.5434077984401,1,17.284437989595
1,7.53891830908896,1,18.5702649486732,0,10.5303985023073,1,20.1459245217621,1,16.900339367604
1,6.83762358266208,1,15.3278377354128,1,10.2603882842994,1,19.688062600813,1,17.0923886785995
1,6.75616225180298,1,11.4607172260935,1,9.49276065897298,1,21.8868413359701,1,17.1752264764392
1,7.93114699124698,1,15.4470536525608,1,8.0323359422079,0,19.5135693838769,0,16.5760906691216
1,6.16866988208098,1,10.7132791461308,0,1.0953185375738,1,20.8320538017064,1,17.1752264764392
1,7.34365462152498,1,12.7064473593645,1,6.9370174046341,1,18.1950849660474,1,16.7758026048941
1,7.93114699124698,1,14.4504695459439,1,8.39744212139917,1,22.9416288702337,1,17.1752264764392
1,7.17706415625094,1,17.7360318420904,1,10.7019261421004,1,20.7510829254814,1,16.8932610171239
1,6.0352584950292,1,7.367274765176,1,8.56154091368034,1,20.9896011200272,1,17.1098412865742
1,7.0139490617907,1,19.6460660404693,1,6.7778865566636,1,19.7970101472983,1,17.3264215560245
1,6.52460377840995,1,16.3717217003911,1,10.3451952706971,0,20.2740465363899,0,17.1098412865742
0,4.56722264488696,1,5.18437853845719,1,11.7721187563105,1,21.2281193145729,1,17.3264215560245
1,8.94692717564768,1,17.1703653457233,1,8.47319751396798,1,20.8014568997072,1,16.9481491085493
1,7.01719778482171,1,13.9139167456724,0,10.59149689246,1,21.2909029444062,1,17.1429554201418
1,8.24520739716551,1,14.505998309318,1,8.17058331704055,1,19.3331187656103,1,16.7533427969568
1,7.19262772944226,1,14.8020390911408,1,7.5653549231857,1,21.0461799220567,0,16.9481491085493
1,8.5960672864066,1,12.4337128365583,0,3.63137036312913,0,21.2909029444062,0,17.1429554201418
0,5.76576935236618,0,13.6657297853827,1,9.75946271692042,0,19.711069698278,0,16.872372498465
1,6.72673091109388,1,14.7169397688737,0,6.92607031523385,1,19.4646813270495,1,17.2889742885506
1,5.76576935236618,1,12.6145198018917,1,7.87053444912937,1,18.9719045845926,1,17.0806733935078
1,7.20721169045773,1,14.7169397688737,0,6.2964275593035,1,21.1893999256488,1,17.2889742885506
1,6.08608987194208,1,14.3665364410434,1,9.12981996099007,1,21.1893999256488,1,17.4972751835933
1,7.3615648100842,1,12.6238441761733,1,17.478861035966,1,18.2846569933214,1,17.451032011608
1,8.04636153660366,0,12.8814736491564,1,9.1838083409313,1,19.0259268714291,1,17.0632313002389
1,5.99197135704528,1,11.5933262842408,1,14.8125940982763,1,20.7555565870135,1,17.0632313002389
1,4.27997954074663,1,9.53229050037575,1,15.9976016261384,1,19.0259268714291,1,17.2571316559234
1,5.82077217541542,1,10.5628083923083,1,16.886357272035,1,21.0026465463827,1,17.0632313002389
1,6.69298205685991,1,14.5074586572856,1,8.16889250298808,1,20.747363865445,1,17.322092851014
1,5.60342683830132,1,13.3740634496852,1,9.07654722554231,1,21.6302304129107,1,17.322092851014
1,7.62688652991013,1,17.2276071555267,1,10.589305096466,1,20.9680805023114,1,17.127462594261
1,7.15993429338502,1,14.7341376988057,1,9.6816503739118,1,19.4230640442464,1,17.322092851014
0,5.29212534728458,1,12.4673472836048,1,10.2867535222813,1,19.6437806811128,1,17.322092851014
1,4.88904778170374,0,13.3721242861876,1,9.69635906819315,1,20.6691871490891,1,17.0279633214221
1,6.0691627634943,1,11.8582988952985,1,11.312418912892,1,19.9564565577412,1,17.4063625063426
1,6.57492632711882,1,10.5967777362242,1,12.1204488352414,1,18.5309953750454,1,17.5955620988028
1,7.08068989074335,1,11.6059946634836,1,9.69635906819315,1,20.4316102853064,1,17.0279633214221
1,4.21469636353771,0,7.31682272263098,1,14.140523641115,0,19.9564565577412,1,17.4063625063426
1,6.77094829032973,1,13.9222430750215,1,8.27854413820076,0,16.5937180010745,1,17.810054501747
1,6.45602046287253,1,14.8992425890581,1,8.27854413820076,1,20.8606740584937,1,16.8206070294277
1,6.92841220405833,1,12.2124939254574,1,7.91860743653986,1,21.5718334013969,1,17.4142755128193
1,7.71573177270132,1,13.4337433180032,1,7.55867073487896,1,22.9941520872033,1,17.0184965238915
1,6.14109263541533,1,9.76999514036596,1,8.27854413820076,1,20.3865678298916,1,17.810054501747
1,6.72478743368871,1,15.2576855268691,1,9.88301466680491,1,21.1025127116163,1,17.0172890129506
1,8.48604128536909,1,19.5098273950129,1,8.64763783345429,1,19.5951903750723,1,16.8122614344813
1,7.20512939323791,1,20.0100793795004,1,9.57417045846725,1,19.8464107644963,1,17.0172890129506
1,6.40455946065592,1,19.7599533872567,1,6.48572837509072,1,21.3537331010403,0,17.2223165914199
1,5.92421750110672,1,13.7569295734065,1,7.72110520844133,1,20.3488515433443,0,17.0172890129506
1,5.92138090791047,1,13.6025262277417,1,8.3538958924692,1,21.053398216928,0,17.0766053880138
1,7.89517454388063,0,19.3574411702478,0,8.6233764051295,1,22.0213705487408,1,17.5144670646295
1,5.26344969592042,0,8.37078537091799,1,9.16233743045009,1,21.7793774657876,1,17.0766053880138
1,6.2503465139055,1,13.6025262277417,1,10.2402594810913,1,21.2953912998812,1,17.2955362263217
1,7.23724333189057,1,17.2647448275183,1,9.97077896843098,1,21.7793774657876,1,17.0766053880138
1,6.04093113809718,1,12.4449674365243,1,9.97278319420254,1,21.2385002561929,1,17.0105108567587
1,5.28581474583503,1,9.20927590302798,0,9.67946604143188,1,19.3506335667535,1,17.5775278853173
1,6.79604753035932,1,12.9427661339853,0,9.09283173589055,1,21.7104669285527,1,17.1995165329449
1,6.04093113809718,1,9.95597394921943,1,9.67946604143188,1,21.2385002561929,1,17.3885222091311
1,6.41848933422825,1,12.1960680877938,1,9.38614888866122,1,21.2385002561929,1,17.0105108567587
1,7.60804500112904,1,15.0642362321683,0,11.2531040982914,1,18.631673597745,1,17.4157114257163
0,8.55905062627017,1,12.3815640264397,1,10.149858598459,1,22.1388121573206,1,16.8010392577498
1,5.70603375084678,1,13.2070016282024,1,10.149858598459,1,21.9196159973471,1,17.0059299804053
1,7.29104312608199,1,13.2070016282024,1,10.149858598459,1,20.3852428775328,1,17.2108207030608
1,6.18153656341734,1,13.2070016282024,0,10.3705076984255,1,21.0428313574532,1,17.2108207030608
1,6.67098913648673,1,15.4622970350921,1,8.38003549133793,1,21.0097725013145,1,17.5809440841376
1,6.51584985424286,0,11.1220031305049,1,15.6042040183534,1,17.7415856677767,1,17.7830239011966
1,5.58501416077959,1,11.3932714995416,1,8.95796897349917,1,19.1422371678643,1,17.1767844500195
1,7.75696411219388,1,14.648491927982,1,14.4483370540309,1,21.4766563346771,1,17.3788642670785
1,5.11959631404796,0,10.0369296543581,1,10.6917694199829,1,21.7100982513583,1,17.5809440841376
1,5.79665999653657,1,12.4309957870286,1,10.3448350293331,1,21.7797005226373,1,17.4834149812425
1,5.35076307372607,1,12.4309957870286,1,9.60591824152364,1,19.2310121636053,1,17.6867105042802
1,6.39118922695058,1,12.182375871288,1,9.60591824152364,1,24.5600878233995,1,16.8735284121294
1,4.01307230529455,1,11.9337559555474,1,8.12808466590462,1,22.4747973478279,1,17.4834149812425
1,8.47204153339961,1,14.1713351972126,1,10.7142934232379,1,21.5480015809071,1,17.2801194582048
0,9.40369131488084,0,14.777072343329,1,8.57631552414676,1,21.9291566978077,0,16.8311365319928
1,9.40369131488084,1,13.1708688277498,1,7.25688236658572,1,23.5621790050912,1,17.0339213094867
1,7.96922992786512,1,12.8496281246339,0,5.93744920902468,1,21.6958677967672,1,17.2367060869806
1,8.92553751920894,1,18.6319607807192,0,6.92702407719546,1,20.2961343905241,0,17.0339213094867
1,6.5347685408494,0,9.63722109347545,0,6.26730749841493,1,21.6958677967672,1,17.2367060869806
1,5.82991097836625,1,13.0598967248659,1,6.10163440027404,1,23.6197857904154,1,17.0139396364284
1,6.77530194783105,1,15.1921247615786,1,17.8167724488002,1,22.6038810252362,1,17.0139396364284
1,6.77530194783105,1,13.326425229455,1,10.7388765444823,1,23.3658095991206,1,17.2239882739151
1,8.35095356360572,1,16.7912957891132,1,14.1557918086358,1,22.0959286426466,1,17.2239882739151
1,7.09043227098599,1,15.4586532661677,1,12.2032688005481,1,22.3499048339414,1,17.4340369114019
1,6.12281201094591,1,16.7443160659424,1,7.34195739013238,1,20.008850214807,1,16.9925047830636
0,5.28788310036238,1,14.1682674404128,1,10.3331252157419,1,21.8487444874329,0,16.9925047830636
1,6.54027646623767,1,15.4562917531776,1,15.2277634758301,1,20.4688237829634,1,17.5526972484393
1,5.70534755565414,1,14.1682674404128,1,14.1400660846994,0,18.168955942181,0,16.6190431394798
0,6.54027646623767,0,14.4258723029657,1,8.97350347682845,1,18.6289295103375,1,17.5526972484393
1,8.43583781383774,1,22.1677331027399,1,9.84006635737045,1,22.1894553461274,1,17.4496594656518
1,8.71703240763234,1,16.1764538857832,1,10.6835006165736,1,18.6307691113711,1,17.4496594656518
1,6.46747565727561,1,15.2777620032396,1,11.5269348757768,0,23.4454622525119,1,17.0661504664067
1,5.62389187589183,0,14.3790701206961,0,11.8080796288445,0,18.2121001425762,1,17.6414139652743
1,5.06150268830265,1,13.7799421990005,1,15.1818166656573,1,24.9108036432939,1,17.2579049660292
1,9.84533798085879,1,13.9717026995467,1,6.0294662413857,1,20.2028659881252,1,17.3803837907476
1,8.41617601589542,1,16.5120122812825,1,9.04419936207855,0,19.000314441213,1,16.9665651290631
1,10.6393168502829,0,13.3366253041128,1,12.66187910691,1,20.9243969162726,1,16.9665651290631
1,7.93978869424096,1,14.6067800949807,1,13.8677723551871,1,20.4433762975077,1,17.1734744599053
1,9.36895065920433,1,14.6067800949807,1,7.83830611380141,1,21.164907225655,1,16.9665651290631
1,5.40406479758504,1,13.3521457364296,1,9.35631135271206,0,18.7894445181395,0,17.024260820742
1,8.01893486093264,1,19.1937094961175,1,4.00984772259088,1,19.5511787553614,1,17.2318737575804
1,5.75271413936472,1,14.1866548449564,1,11.3612352140075,1,20.3129129925833,1,17.024260820742
0,6.1013634811444,1,12.795806330745,1,6.01477158388633,0,18.2816216933249,1,17.2318737575804
1,7.32163617737329,1,15.8556730620101,1,4.34400169947346,1,18.0277102809176,1,16.8166478839037
1,5.71247087866183,1,14.5623604306581,1,4.06896483030612,1,19.1198354453613,1,17.4120828077461
1,4.64138258891274,1,14.5623604306581,1,7.32413669455102,1,20.6407314466969,1,17.4120828077461
0,3.92732372908001,0,13.9151444115177,1,6.10344724545919,1,19.7716480173623,1,17.4120828077461
1,6.78355916841093,1,16.8276164976493,1,15.0551698721327,1,20.2061897320296,0,16.8251586681591
0,4.46286787395456,1,15.2095764497984,1,16.6827558042551,1,22.5961691626998,1,17.2164414278838
1,9.11250604587498,1,12.5977354590519,1,11.2953296295716,1,22.1008814236668,1,17.2051637511054
0,7.59375503822915,1,18.5966571062195,1,8.25427934468694,1,19.9620864471829,1,17.2051637511054
1,6.58125436646526,1,17.396872776786,1,18.246301709308,1,19.249154788355,0,16.8050436638704
0,8.26875548607174,0,11.6978972119768,1,18.246301709308,1,18.298579243251,0,16.8050436638704
1,8.1000053741111,1,13.7975197884854,0,9.55758660963751,1,20.9126619922869,1,17.2051637511054
1,6.98974513420397,1,15.1263424623466,0,6.33546430883276,1,20.6549784147383,1,17.3972059105348
1,6.98974513420398,1,16.0524450620821,1,10.5591071813879,1,20.2059571448527,1,17.3972059105348
1,5.80000128157351,1,15.4350433289251,1,7.39137502697155,1,20.2059571448527,1,17.1925328998226
1,7.13846311578278,1,13.8915389960326,0,11.6150178995267,1,20.2059571448527,1,17.1925328998226
1,5.94871926315232,1,15.1263424623466,1,9.85516670262874,0,19.5324252400243,1,16.9878598891105
1,5.6179851901807,1,11.5388806060596,1,8.83631970841404,1,19.9573415303164,1,16.9547631979148
1,8.98877630428913,1,15.4789861788605,1,12.1499395990693,0,19.7252794194987,1,16.9547631979148
1,8.34672085398276,1,12.6646250554313,1,12.1499395990693,1,19.7252794194987,0,17.1615286027674
1,6.42055450306366,1,12.3831889430884,1,9.20449969626462,0,20.4214657519516,1,16.5412323882095
1,7.38363767852321,1,13.2274972801171,1,11.4135796233681,1,19.2611551978635,1,17.36829400762
0,5.81229225669485,0,11.946097195951,1,7.6258600407325,1,21.3809991580083,1,17.4707204529041
1,6.72046292180342,0,12.7795458375289,1,6.35488336727709,1,19.6993475388391,1,17.0824822206174
0,6.17556052273827,0,15.2798917622629,1,11.4387900610988,0,19.9395834844347,1,17.6648395690475
1,5.63065812367313,1,14.1686269068256,1,16.8404409232843,1,20.9005272668171,1,17.6648395690475
1,7.44699945389027,1,16.9467890454188,1,9.53232505091563,0,21.1407632124127,1,16.888363104474
1,6.57993837314857,1,11.2606890317102,1,11.6994485008812,1,22.0594937924318,1,16.7294782771817
1,7.70334248563735,1,14.478028755056,0,8.87544369032366,1,21.8552392202796,1,16.919585984877
1,6.09847946779624,1,8.50296926884242,0,14.5234533114387,1,20.6297117873668,1,16.919585984877
1,8.18480139098969,1,14.937648715534,1,12.5063070181833,1,22.2637483645839,0,16.7294782771817
1,7.0613972785009,1,11.0308790514712,1,10.0857314662769,1,21.038220931671,1,16.919585984877
1,7.14581972764477,1,12.8357932302642,1,8.50750838113695,1,21.9780246274557,1,17.1896426243761
1,9.41156744616628,1,15.6261830629303,1,7.04069659128575,1,20.3057836231928,1,17.0027986828068
1,5.75151343932384,1,13.672910180064,1,10.2676825289584,1,19.3502173350426,1,16.8159547412375
1,6.4486665834843,0,13.1148322135308,1,7.62742130722623,1,18.3946510468923,1,16.8159547412375
1,5.57722515328372,1,13.1148322135308,1,9.38759545504767,1,20.0668920511552,1,17.0027986828068
0,4.13607334411176,1,11.6355681089512,1,8.39477018837623,1,21.0811534020128,1,17.7036015250209
1,5.97432816371699,1,11.8779757778877,1,9.15793111459226,1,20.4423305716488,1,17.150363977364
1,6.74026767188583,1,10.9083451021418,1,14.8816380612124,1,21.7199762323768,0,16.9659514614784
1,5.66795236044945,1,11.6355681089512,1,10.6842529670243,1,21.0811534020128,1,17.5191890091353
1,5.36157655718191,1,12.3627911157607,1,7.2500287990522,1,21.5070352889222,1,16.9659514614784
1,5.50363343690917,1,8.26730548059096,1,6.49997333068769,1,20.7526630898584,1,17.3557938767298
1,6.87954179613647,1,10.4008036691306,1,9.89126376408996,1,19.2524705773385,1,17.5530188071471
1,8.771415790074,1,16.5346109611819,1,8.76083361962253,1,19.0024384919185,1,17.1585689463124
1,6.19158761652282,0,8.00061820702351,1,11.5869089807911,1,21.0026951752784,1,17.3557938767298
1,6.36357616142623,1,9.86742912199566,1,7.91301101127197,1,20.5026310044384,1,16.961344015895
1,7.95508321046825,1,19.913890650764,1,13.0231431181505,1,20.5526097483,1,16.9254329268975
1,7.12642870937781,1,17.8972941291677,1,20.3840500979748,1,19.1512954472796,1,17.3539248997304
1,6.79496690894164,1,16.1327721727708,1,19.2516028703095,1,20.7861621318035,1,17.3539248997304
1,7.12642870937781,1,16.6369213031699,1,13.3062549250669,1,18.6841906802728,1,16.7111869404811
1,7.2921596095959,1,19.1576669551654,1,11.3244722766526,1,21.4868192823137,1,17.5681708861468
1,5.57276765558905,1,16.7561180588513,1,13.6181975194914,1,21.6089662327625,1,16.9665956737878
1,8.13322847031916,1,14.8227198212915,1,19.1234263039666,1,21.368866607954,1,17.5725455192802
1,9.48876654870569,1,15.7894189400714,1,11.8797042191308,1,18.4876711102523,1,16.9665956737878
1,7.53076710214737,1,14.1782537421049,1,13.3284486360979,1,19.4480696094862,1,17.3705622374494
1,10.3924586009634,1,16.1116519796647,1,10.4309598021636,1,20.6485677335286,1,17.5725455192802
1,5.09266285265511,1,11.2913291153398,0,6.75274997054629,1,20.154389643791,1,17.3698924758974
1,7.24725098262458,1,19.3141155920286,1,12.9860576356659,0,19.3482140580393,0,16.3716227933746
0,6.46376438990841,1,14.8570119938681,1,12.4666153302393,0,19.3482140580393,1,17.569546412402
0,5.09266285265511,1,10.9941888754624,0,10.9082884139594,1,20.9605652295426,1,16.9705846028883
0,4.30917625993894,1,10.6970486355851,1,12.9860576356659,1,20.154389643791,1,17.569546412402
1,6.78843759723359,1,16.5796929385408,1,9.27173286906536,0,22.706390637426,0,17.0391303010541
1,6.97190888364531,1,12.7983594613297,1,10.0779705098537,1,21.5933322728463,1,17.2419770903524
1,6.60496631082187,1,15.7070775207229,1,12.0935646118244,1,21.8159439457623,1,17.4448238796507
1,7.33885145646874,1,15.4162057147835,1,8.86861404867122,1,22.929002310342,1,17.2419770903524
1,5.50413859235156,1,16.2888211326015,1,14.1091587137951,1,22.4837789645101,0,17.2419770903524
1,9.17363640858783,1,24.2462648310034,1,7.74039165133929,1,25.7254084124312,1,17.6107921955824
1,7.0566433912214,1,18.8895319032236,1,11.9082948482143,1,21.2168316803557,1,17.2150440563558
1,6.17456296731873,1,18.6075985912352,0,10.1220506209822,1,22.8080940563823,1,17.4129181259691
1,7.05664339122141,1,15.5063321593626,1,10.7174653633929,1,18.8299381163157,1,16.8192959171292
1,6.88022730644087,1,16.6340654073163,1,7.14497690892858,0,18.2995173243068,1,17.0171699867425
1,8.71231401388967,1,16.4919490738091,1,14.1016520170065,1,20.7648746480466,1,17.3061903587954
1,7.01235030386242,1,13.4934128785711,1,14.4150220618289,1,19.5983086565833,1,17.0871246580512
1,7.01235030386242,1,15.5923882152377,1,6.26740089644734,1,18.43174266512,1,17.7443217602839
1,8.71231401388968,1,19.4904852690471,1,7.83425112055918,0,18.8983690617054,1,17.5252560595397
1,6.58735937635561,1,18.5909244104757,1,11.5946916584276,1,21.9314406395099,1,16.8680589573069
1,8.76071907025124,1,15.9369379410841,1,8.7484171541271,1,22.0923454704646,1,17.8396902184937
1,8.41716145965315,1,16.1939853272306,1,11.5604083822394,1,21.3872706150243,0,16.8701418370538
1,10.8220647338398,1,19.7926487332819,1,8.1235302145466,1,20.6821957595839,1,17.6457805422057
1,7.21470982255985,1,18.2503644164028,1,10.9355214426589,1,22.5623953740915,1,17.4518708659177
1,6.52759460136367,1,15.1657957826445,1,7.81108674475634,1,18.0969212896359,1,17.4518708659177
1,6.73333587970431,1,22.2200850450925,1,11.6272008227308,1,20.2950059350734,0,17.3975001906742
1,7.39024669723644,1,17.9275686159269,1,8.11200057399822,1,22.6449539907134,1,17.01929366479
1,7.2260189928534,1,22.2200850450925,1,5.94880042093203,1,20.722269217917,1,17.5866034536163
1,6.89756358408734,1,14.1400541196043,1,10.2752007270644,1,21.5767957836043,1,17.3975001906742
1,6.40488047093825,1,16.6650637838194,1,7.84160055486494,1,21.1495325007607,1,17.2083969277321
1,6.07197539648504,1,13.3308429225894,1,6.40321189152828,1,18.9816801127967,1,17.3478777741474
1,7.62889216481454,1,14.0854189370756,1,6.67001238700863,1,21.4468333741988,1,17.9326376991187
1,7.16181713431569,1,12.073216231779,1,10.4052193237335,1,22.6794100048999,1,17.5427977491378
1,6.38335875015094,1,11.3186402172929,1,6.40321189152828,1,19.9677414173575,1,16.9580378241666
1,5.76059204281914,1,10.8155895409687,1,7.20361337796932,1,19.9677414173575,1,17.3478777741474
1,8.43980411208515,1,18.3852150670425,1,6.95949470571746,1,21.0145599324147,1,16.6696535014844
1,6.81676485976108,1,13.5016423148593,1,8.98934732821839,1,21.6326352245445,1,17.8062207856765
1,5.03142168220461,1,14.0761802857044,1,7.82943154393215,1,20.8085348350381,1,17.4273650242792
0,4.38220598127499,1,13.7889113002819,1,11.0191999507193,1,21.6326352245445,1,17.6167929049778
1,6.81676485976108,1,14.937987241972,1,7.82943154393215,1,21.2205850297913,1,17.6167929049778
0,5.44600103064147,1,14.650354462577,1,7.57106988816209,1,19.932769274818,1,17.5074142997643
1,6.2969386916792,1,16.2089028096596,1,10.2750234196486,1,19.663407527861,1,17.301444719767
1,6.63731375609429,1,13.7152254543274,1,11.0862094790945,1,21.54893975656,1,17.5074142997643
1,5.61618856284901,1,12.4683867766613,1,11.6270001853918,1,20.471492768732,1,16.8895055597726
0,5.27581349843392,1,12.4683867766613,1,15.4125351294728,1,20.471492768732,1,16.6835359797754
1,6.66146783033668,1,11.3054917867618,1,7.92064949505272,0,22.2093901932363,1,17.4021945102334
1,6.66146783033668,1,10.5346628013007,1,9.42934463696753,0,22.2093901932363,1,17.208836793453
1,6.16185774306143,0,8.22217584491764,1,8.67499706601013,1,21.2742579745737,1,17.208836793453
1,7.8272247006456,1,13.6179787431448,1,6.78912813861662,1,21.2742579745737,1,17.208836793453
1,7.16107791761193,1,12.5902067625301,1,7.54347570957403,1,20.8066918652424,1,17.208836793453
1,3.89032481712292,1,9.79807959420232,1,8.42265740774549,1,21.3563191039667,1,17.2460820504638
1,11.0946300340172,1,19.8843379999988,1,8.8905828192869,1,20.3270989061852,1,17.0523058476496
1,5.61935806917755,1,12.1035100869558,1,11.9320979943061,1,22.6428443511937,1,16.8585296448354
1,9.07742457328682,1,16.4261922608686,1,11.4641725827647,1,21.0990140545214,1,17.6336344560922
0,9.65376899063836,0,15.8498346376802,1,10.9962471712233,1,21.0990140545214,1,16.6647534420212
1,5.52261289047313,1,11.9309081875151,1,10.4017310593106,1,23.6317629517248,1,16.7369616374604
1,7.88944698639018,1,17.5823910131802,1,16.0360020497705,1,21.4834208652043,1,16.9271543833406
1,5.04924607128972,1,9.7331093108676,1,15.6025965889659,1,21.4834208652043,1,17.1173471292209
1,7.25829122747897,1,12.8728219917926,1,13.0021638241383,1,22.1995348940445,1,17.1173471292209
1,6.62713546856775,1,12.8728219917926,1,5.2008655296553,1,20.2898974838041,1,17.4977326209813
1,7.22883627103597,1,10.2906360007377,1,7.61119696918554,1,20.8069679228378,1,17.7321634037134
1,9.42891687526431,1,16.1219964011557,1,6.76550841705381,1,20.8069679228378,1,17.9383513502682
1,4.87160705221989,1,9.60459360068848,1,8.73878170536118,1,20.8069679228378,1,17.9383513502682
1,8.64317380232561,1,15.4359540011065,1,7.32930078514163,1,22.0309072124165,1,17.5259754571586
1,6.91453904186049,1,15.0929328010819,1,7.89309315322945,1,19.5830286332591,1,17.3197875106038
0,6.92609414319371,1,14.6924004947536,1,11.8669979241718,1,20.5913495260901,1,16.7776839852469
1,9.17707473973167,1,14.9696155984282,1,6.98058701421871,1,21.4493224230105,1,16.7776839852469
1,7.09924649677356,1,13.3063249763807,1,6.63155766350778,1,22.0928020957008,1,17.154710591657
1,7.61870355751308,1,14.415185391079,1,7.32961636492965,1,21.6638156472406,0,17.154710591657
1,7.61870355751308,1,14.415185391079,1,5.93349896208591,1,20.1623630776299,1,16.966197288452
1,4.99683477452782,1,13.1698600481543,0,11.9020638180699,1,20.2875993418059,1,17.3000263782781
1,6.6624463660371,1,10.3477471806927,1,10.098720815332,1,20.7706374213727,1,17.4988772561894
1,6.82900752518803,1,12.8562919517697,1,11.9020638180699,1,19.5630422224557,1,17.3000263782781
1,6.99556868433895,1,12.542723855385,1,11.1807266169748,1,21.2536755009395,1,17.1011755003669
1,4.99683477452783,1,16.6191091083852,1,11.1807266169748,1,20.0460803020225,1,17.1011755003669
1,5.94487253867864,1,14.737202245705,1,10.9549603936797,1,22.5540484867758,1,17.2010140303548
1,6.44027858356853,1,13.7547220959913,1,6.36094474471727,0,17.9952514522147,1,17.6057437722455
1,10.0732562460944,1,14.0003421334197,1,16.2557476809441,1,17.7553147661852,1,17.6057437722455
0,6.77054928016178,1,18.6671228445596,1,8.12787384047206,1,21.1144283705986,1,17.2010140303548
1,5.77973719038201,1,14.0003421334197,1,17.669290957548,1,18.9549981963328,1,17.4033789013002
1,3.40373794466367,1,9.19386447952012,1,11.1160739533427,1,21.8601286884213,1,17.4678393616349
0,0.170186897233183,0,5.13774779737889,1,8.40483640374689,1,20.709595599557,1,17.0753036456432
0,4.25467243082959,1,10.2754955947578,1,8.67596015870647,1,20.0192757462385,0,17.271571503639
0,4.59504622529595,1,11.3571267099954,1,6.23584636407027,1,20.2493823640113,1,17.2715715036391
1,9.87084003952464,1,18.3877289590402,1,6.23584636407027,1,23.931088248377,1,17.0753036456432
1,7.32605093532936,1,9.37286840472548,1,9.29711211999074,1,20.132771837886,1,17.3116517140926
0,5.20963622067866,0,6.15094489060109,1,8.65593197378448,1,22.3424663078979,1,17.1171387734849
0,7.81445433101799,1,10.8373790929638,1,8.9765220468876,1,19.6417286223278,1,17.5061646547004
1,7.65165319912178,1,10.8373790929638,1,6.7323915351657,1,22.587987915677,1,17.3116517140926
1,5.69803961636728,1,5.85804275295342,1,11.5412426317126,1,17.9230773678741,1,17.7006775953082
0,4.26411677070654,0,11.6432803257101,1,10.848633274303,1,21.3388082851397,1,17.0905328093298
1,5.24814371779267,1,9.74786259826895,1,9.70667187700795,0,20.1399988309184,1,17.0905328093298
1,3.44409431480143,0,5.95702714338658,1,8.56471047971289,0,21.578570175984,0,17.4926629930787
1,6.72418413842185,1,10.8309584425211,1,9.13569117836042,1,20.3797607217627,1,17.8947931768277
1,7.38020210314593,1,14.3510199363404,1,11.4196139729505,1,21.3388082851397,1,17.0905328093298
1,9.76177129319391,1,13.8382151168736,1,6.66110499068197,1,19.9129779144494,1,17.2087338683667
1,7.03421754950737,1,17.5095783111462,1,12.2564331828548,1,19.9129779144494,1,17.2087338683667
1,6.74710662911932,1,14.9678653304959,1,7.46043758956381,1,19.9129779144494,1,17.4111895609357
1,6.74710662911932,1,15.8151029907127,1,6.12821659142741,1,20.7979991550916,1,17.4111895609357
1,8.32621669125362,0,14.6854527770903,0,3.7302187947819,1,19.2492119839678,1,17.4111895609357
0,3.70288509559716,1,16.574102478591,1,13.6042240572898,0,19.3380152870266,1,17.4074567084704
1,5.47383014131753,1,18.6139920144176,0,19.9317701304478,1,20.0048434003724,1,17.0448013603773
1,7.40577019119431,1,13.5142681748511,0,8.22580989510544,1,19.5602913248085,1,17.2261290344238
0,5.31283513716114,0,13.2592819828728,1,11.3895829316845,1,19.5602913248085,1,17.0448013603773
1,7.40577019119431,1,14.0242405588078,0,18.0335063085004,1,21.5607756648458,1,16.8634736863307
1,9.85446689505237,1,14.8078849648399,1,9.24184791155559,1,20.5580963365237,1,16.6166356894776
1,6.7749459903485,1,17.0667148747307,1,9.24184791155559,1,19.5428817026213,1,17.4079040556432
1,4.92723344752618,1,18.0706392791266,0,10.5165855545288,1,20.8118999949993,1,16.6166356894776
1,7.39085017128927,1,13.8039605604439,0,6.69237262560922,0,20.3042926780481,1,17.4079040556432
1,6.00506576417254,1,14.5569038637409,1,10.5165855545288,0,20.0504890195725,0,16.2210015063948
1,8.98151643783562,1,17.036673317943,1,12.2182112203735,0,21.2839381456932,1,17.6588372697911
1,7.22043478335804,1,14.2437760527064,1,8.91599197162393,1,21.0575132718028,1,17.852890426602
1,9.33373276873113,1,21.7845986688451,0,8.58577004674897,1,21.0575132718028,1,17.2707309561693
0,6.51600212156702,1,21.7845986688451,1,9.90665774624882,0,21.2839381456932,1,18.2409967402238
1,7.74875927970131,1,19.5502808566559,1,7.26488234724913,0,21.5103630195835,0,16.8826246425475
1,5.03227374832641,1,6.96571115408926,1,5.27005057015662,1,23.1648024720877,1,17.0953712065189
1,7.38066816421206,1,12.6875453163769,1,9.55196665840887,1,22.0511100455451,1,16.8816790664374
0,6.20647095626924,1,11.1948929262149,1,16.7982861923742,1,18.710032765917,1,17.5227554866819
1,8.55486537215489,1,20.8971334622678,1,9.22258849777408,1,20.9374176190024,0,17.0953712065189
1,8.38712291387735,1,19.6532564704661,1,7.90507585523493,1,20.7146791336938,0,16.8816790664374
1,7.69033674096192,1,18.0065508506065,1,9.4722675870649,0,19.0839641712446,1,16.960129766177
1,6.66495850883366,1,14.5316024408403,1,10.7787872542463,1,19.9715904117676,1,17.7139133113404
1,7.51944036894054,1,17.3747420488308,0,10.1255274206556,1,19.3058707313754,1,17.1485756524678
1,5.46868390468403,1,14.8475068417282,1,10.7787872542463,1,19.5277772915061,1,17.5254674250495
0,6.15226939276953,1,8.5294188239715,1,8.49237783667888,1,19.0839641712446,0,17.1485756524678
1,7.51172412281703,1,14.8662371813343,1,9.0154597475417,1,22.2552336441568,1,18.0181306666636
1,6.54868256860972,1,11.8929897450674,1,10.7058584502058,1,22.9580304960775,1,17.8304418055525
1,6.93389919029265,1,14.5358763550824,1,10.9875915673165,0,19.6783118537807,1,16.704308638886
1,5.97085763608534,1,11.5626289188156,1,7.88852727909899,1,21.786702409543,1,17.6427529444414
1,5.97085763608533,0,9.58046396130432,1,8.73372663043103,0,20.1468430883946,1,17.6427529444414
1,7.03908606073647,1,11.5683421087537,1,7.73971041575425,1,18.195437642472,0,17.1398358111454
1,6.51115460618123,1,12.3754357442482,1,12.3835366652068,1,22.0142331970649,1,17.704885343381
1,7.21506321225488,1,15.065747862563,1,12.125546318015,1,21.7895981644418,1,17.5165354993024
1,7.21506321225488,1,14.7967166507315,0,4.64382624945255,1,19.9925179034569,1,17.3281856552239
1,8.09494896984694,1,13.1825293797426,1,13.6734884011659,1,20.21715293608,1,17.3281856552239
1,7.91498922025512,1,19.7818343832224,1,8.47928203863538,1,22.7861314752314,1,17.7408758635329
1,6.26603313270197,1,8.44024933684156,1,11.5626573254119,1,23.4371638030951,1,17.5271303712012
1,4.94686826265945,1,15.5617097148016,1,11.9480792362589,1,19.9649913878218,1,17.5271303712012
1,6.5958243502126,1,12.9241317970386,1,12.333501147106,0,20.6160237156855,1,17.3133848788695
1,7.75009361149981,1,20.0455921749987,1,10.7918135037178,0,16.9268405244576,1,16.885893894206
1,5.71514336723911,1,10.9206596229398,1,12.9967916796964,1,22.8452833197789,1,17.5325368624937
1,6.9183314445526,1,13.4026277190624,1,10.21176489119,1,21.4745663205922,1,17.3286701547903
1,7.67032399287354,1,14.3954149575115,1,13.4609628111141,1,19.1900379886143,1,17.5325368624937
1,9.77590312817216,1,17.621973482471,1,11.1401071540255,1,19.6469436550099,1,17.1248034470869
1,8.87351207018704,1,17.621973482471,1,6.96256697126591,1,21.0176606541966,1,17.3286701547903
1,8.31202961911506,1,16.982713777891,1,8.84892440537485,1,21.6113883832706,1,17.5061027588144
1,6.85377880874399,1,16.982713777891,1,7.24002905894306,1,21.3600931695116,1,17.5061027588144
1,6.41630356563267,1,13.2677451389774,1,11.2622674250225,1,21.8626835970296,1,17.313728003223
1,5.97882832252135,1,12.4716804306387,0,7.64225289555101,1,20.6062075282348,1,17.3137280032231
0,6.27047848459557,1,10.8795510139614,1,10.4578197518066,1,22.1139788107885,1,17.5061027588144
1,8.06875240411468,1,17.7427568732191,1,8.64134144725212,1,19.8856746106882,1,17.3962261599662
1,5.43089104123104,1,13.9407375432436,1,9.05283389712127,0,22.4897510478022,1,17.5916893752467
1,7.29291082679597,1,13.1803336772485,1,9.46432634699042,1,21.5428141615789,1,17.5916893752467
1,6.05156430308601,1,14.9546093645704,1,5.76089429816808,0,24.1468905986929,1,17.2007629446856
1,4.81021777937606,1,13.1803336772485,1,9.05283389712127,0,23.4366879340254,1,17.0052997294051
1,6.46438615186999,1,11.0126478059285,1,11.524460214622,1,20.0387113714602,0,17.0766115947844
0,5.20742217789527,1,14.6835304079046,1,9.5568694462719,0,20.7141735525207,0,17.2728944866784
1,6.82351871586276,1,10.226030105505,1,12.0866290055792,1,20.4890194921672,1,17.4691773785725
1,5.38698845989166,1,12.8480891069165,1,12.9298821920149,0,18.9129410696928,1,17.0766115947844
1,6.64395243386638,0,9.17720650494039,1,11.524460214622,1,19.1380951300463,1,17.4691773785725
1,5.07916632959533,1,15.1875793045164,1,12.4296991666161,1,20.5214753808952,1,17.2677515895797
0,8.84758005800477,1,19.4201833729882,0,13.4655074305007,1,21.9700501136643,1,17.2677515895797
1,4.91532225444709,1,16.681439563977,1,7.59592726848759,1,20.2800462587671,1,16.8661759712173
0,5.4068544798918,1,15.6855327243366,1,5.52431074071825,1,22.2114792357925,1,17.0669637803985
0,6.38991893078122,1,16.9304162738871,1,11.0486214814365,0,21.7286209915361,1,16.2638125436739
1,6.6297202616568,1,13.8285966122588,1,10.5809432172767,1,19.5678126468138,1,17.1244800623616
1,4.46785495894262,1,13.8285966122588,1,11.8112854518438,1,19.5678126468138,0,16.9230155910397
1,4.17960625191407,1,7.24355060642125,1,8.85846408888284,1,20.7609719545463,0,16.9230155910397
1,6.05322284759968,1,12.7310889446192,1,7.38205340740236,1,21.2382356776393,1,16.9230155910397
1,7.63859073625674,1,18.438128816345,1,7.62812185431578,1,20.7609719545463,1,17.1244800623616
1,8.35552860493401,1,19.9764373028141,1,10.9344838307136,1,19.8592953065547,0,17.2698892483521
1,6.75553376569132,1,15.9271594711626,1,8.8181321215432,1,20.3685080067227,1,17.0484804118347
1,5.86664774388984,1,15.3872557602757,1,13.0508355398839,1,19.8592953065547,0,17.7127069213868
1,6.39997935697073,1,14.307448338502,1,6.70178041237284,1,20.6231143568068,1,17.2698892483521
0,7.82219699185311,1,19.1665817364838,1,12.3453849701605,1,21.1323270569748,1,17.4912980848694
1,7.12634928686835,1,14.8940763756609,1,3.74579537950317,0,21.9231534711205,1,17.4712965855078
1,7.74603183355255,1,17.4843505279497,1,7.05090894965302,1,21.2654588669869,1,17.4712965855078
1,6.04190483017099,1,13.8147954788739,1,12.5594315665694,1,20.1693011934309,1,17.4712965855078
1,6.04190483017099,1,12.9513707614443,1,8.1526134730363,1,19.9500696587197,1,17.4712965855078
0,8.2107937435657,1,20.290480859596,1,7.49159075900633,1,21.2654588669869,1,17.4712965855078
1,6.2680464048546,1,12.4633466013732,1,10.7875601965407,0,18.8421932295226,1,17.2625349429272
1,6.64792800514881,1,12.4633466013732,1,14.7619244794767,1,21.339351368375,1,17.0707289991169
0,7.21775040559014,1,11.8073809907746,1,21.8590035561482,1,19.7502507345599,1,17.6461468305478
0,6.07810560470749,1,13.7752778225703,0,1.4194158153343,1,19.9772651108192,1,17.2625349429272
1,6.83786880529593,1,12.1353637960739,0,7.94872856587206,1,22.9284520021902,1,16.6871171114963
1,5.92059114846784,0,9.88359531213647,1,7.9282609665812,1,23.0118874126723,1,17.8943883691309
1,6.49820979709885,1,9.63016979131245,1,8.4750375849661,0,24.1289693259089,1,17.8943883691309
1,6.93142378357211,1,19.7671906242729,1,10.1153674401208,1,20.7777235861993,1,17.517664403465
1,6.93142378357211,1,14.6986802077927,1,9.02181420335101,1,20.1074744382574,1,17.7060263862979
1,7.79785175651862,1,17.9932119785048,1,13.9428037688152,1,18.9903925250209,1,17.329302420632
1,6.85883224327105,1,14.0849862117119,1,8.51217351328919,0,18.5355205868203,0,17.3169749056436
0,7.51205436167781,1,3.45947029761344,1,11.9170429186049,1,19.1603134155895,1,17.1266784781091
0,6.85883224327105,0,14.5791962542281,1,8.51217351328919,1,20.6181633493844,1,16.9363820505745
1,6.69552671366935,0,8.89578076529171,1,6.46925187009979,1,18.3272563105639,1,17.8878641882473
1,5.8789990656609,1,15.5676163392605,0,8.5121735132892,1,19.1603134155895,1,18.0781606157818
1,5.64303891821556,1,12.5096474350755,1,9.63547168434694,0,19.7832724285989,1,16.8104850518192
1,5.15934986808279,1,11.3976787741799,1,7.78249636043406,1,21.9105060230719,1,17.4408782412625
1,8.54517321901213,1,15.0115769220906,0,10.7472568786947,1,19.3578257097043,1,16.8104850518192
1,10.4799294195432,1,19.1814594004491,1,8.52368648999921,1,22.3359527419665,1,17.4408782412624
1,9.02886226914489,1,16.9575220786579,1,13.7120173969553,1,21.0596125852827,1,17.2307471781147
1,6.75834826370132,1,12.7803951560192,1,7.78006751797539,1,21.5757358608225,1,17.683356702201
1,5.02543845249586,1,7.987746972512,1,10.1945712304505,1,22.3112723106233,1,17.2721158486615
1,8.66454905602734,1,18.9043345016117,1,7.78006751797539,1,20.8401994110218,1,17.0664954218917
1,6.93163924482187,1,13.3129116208533,0,10.7311276110005,1,19.3691265114202,1,17.2721158486615
1,6.23847532033968,1,10.6503292966827,1,5.09728561522525,1,19.6143053280205,1,16.8608749951219
1,6.41074350522171,1,12.8415925304378,1,12.1312571735626,0,22.341828091392,1,17.3683469365811
0,4.4875204536552,0,5.90713256400137,1,14.8001337517463,1,19.1501383640503,1,17.745919696072
1,8.49423514441877,0,21.0602117499179,1,8.9771303084363,1,19.1501383640503,1,17.5571333163266
1,4.64778904128574,1,7.19129181704515,1,3.88200229554002,1,21.2019389030557,1,17.5571333163266
0,7.05181785574388,1,13.612088082264,1,9.4623805953788,1,21.8858724160575,1,17.3683469365811
1,7.86529993357392,1,13.6027102985744,1,8.79432549854705,1,21.4190369665864,1,17.4305753529295
1,7.02856589808734,0,12.033166802585,1,9.47081207535836,1,21.8606665947634,1,17.2369022934525
1,7.6979531264766,1,15.9570255425584,1,11.838515094198,1,21.1982221524979,1,17.4305753529295
1,7.02856589808733,1,12.8179385505797,1,9.13256878695271,1,21.1982221524979,1,17.6242484124065
1,6.52652547679538,1,9.94044214126589,1,10.823785228981,1,21.1982221524979,1,16.6558831150215
1,7.18346021755876,1,18.0878268931444,1,12.8682139062152,1,20.5276817448162,1,17.6192101519056
1,6.87113586027359,1,13.5658701698583,1,8.69473912582108,1,19.5729058497085,1,16.4040922103948
1,7.18346021755876,1,12.5968794434398,1,10.7814765160181,1,21.9598455874778,1,17.2141708380687
1,7.18346021755876,1,16.4728423491136,1,7.3035808656897,1,21.0050696923701,1,16.8091315242318
1,6.71497368163101,1,16.7958392579198,0,9.73810782091961,1,19.8115998234854,0,17.4166904949871
1,6.86620521846781,1,15.3220886079038,1,8.62147689193232,1,20.7465856460041,1,17.2842224885751
1,7.19316737172818,1,15.6285303800619,1,8.62147689193232,1,19.3157866359348,1,16.8726933817043
1,6.70272414183762,1,16.241413924378,1,8.62147689193232,1,21.4619851510387,1,17.0784579351397
1,7.52012952498855,1,15.3220886079038,1,9.63576829098319,1,18.1234541275438,1,17.0784579351397
1,8.1740538315093,1,17.7736227851684,1,8.11433119240689,1,20.2696526426477,1,16.8726933817043
1,6.49996324557674,1,11.5242535499878,1,20.6814889006655,1,20.8001635719127,1,17.0216657882405
1,5.97293919863809,1,10.2716172945543,1,11.5188039446744,1,21.5257506732585,1,17.2046944526302
1,6.14861388095098,1,10.7726717967277,1,10.9952219471892,1,20.5583012047975,1,17.0216657882405
0,3.68916832857058,0,8.26739928586079,1,16.4928329207839,1,23.2187872430654,1,17.0216657882405
1,3.68916832857058,1,8.51792653694748,1,12.3041769409022,1,18.1396775336448,1,17.0216657882405
1,7.65938117553212,1,14.8725894850782,1,14.5433142254377,1,19.8887873212122,1,16.8956596367359
1,4.29672602529851,1,12.8312536734008,1,10.2112631795626,1,20.3460008228493,1,17.3128364178899
1,4.29672602529851,1,11.664776066728,0,10.8301276146876,0,21.2604278261234,1,17.3128364178899
1,5.79123942540234,1,11.3731566650598,1,8.97353430931262,1,20.1173940720308,1,17.7300131990439
1,7.09893865049319,1,10.206679058387,1,11.1395598322501,1,24.0037088359458,1,17.3128364178899
1,6.52243541838933,1,13.6099606855947,1,12.5274354449586,1,20.3915595837378,1,17.5033415186243
1,5.04006373239176,0,12.7766977864767,1,10.3167115429071,1,21.5910630886635,0,17.5033415186243
1,8.00480710438691,1,17.4985208814789,1,8.84289560820609,1,21.5910630886635,1,17.1309299969514
1,6.07772391259006,1,15.8319950832428,1,7.36907967350507,1,20.8713609857081,1,16.944724236115
1,8.89423011598545,1,18.3317837805969,1,11.0536195102576,1,18.7122546768417,1,17.1309299969514
1,6.85030081433825,1,16.5331676328503,1,9.14025321638567,1,20.7567450750801,1,17.241427352484
1,6.50778577362134,1,16.5331676328503,0,6.20231468254742,1,20.5449415539058,1,17.241427352484
1,6.85030081433825,1,15.5747231323952,1,12.7310669799658,1,21.392155638603,1,17.058007912564
1,7.87784593648899,1,14.6162786319401,1,9.14025321638567,1,21.1803521174287,0,17.058007912564
0,5.13772561075369,1,18.6896677588742,0,11.0988789056112,1,20.1213345115573,1,17.058007912564
1,5.5064155372297,0,4.74053614327019,1,9.89020190571788,1,21.6655358710018,1,17.4406934803085
0,5.83032233353734,0,13.544388980772,1,8.14487215765002,1,23.3140005568389,1,17.4406934803085
0,7.6118097132293,0,14.2216084298106,0,17.4532974806786,1,19.310586319806,1,17.0573815356863
1,6.80204272246022,1,16.2532667769264,1,13.3808614018536,1,19.310586319806,1,16.8657255633752
1,5.02055534276826,1,12.415689899041,1,16.5806326066447,1,21.6655358710018,1,17.2490375079974
1,6.80217971355917,1,15.8192674769323,1,5.52068683056221,1,21.0683323786595,1,17.1137690957334
1,7.0022438227815,1,15.0659690256498,1,7.49236069862014,1,19.2560027116781,1,17.3018324923898
1,5.6017950582252,1,11.801675736759,1,11.0413736611244,1,20.3887087535415,1,17.3018324923898
1,7.80250025967081,1,14.3126705743673,1,9.06969979306649,1,21.7479560037776,1,17.3018324923898
1,6.20198738589219,1,12.5549741880415,1,10.2527041139012,1,20.8417911702869,0,17.3018324923898
1,6.72694341284329,1,21.0227344289566,1,19.9501612335236,1,21.0250497452084,1,17.1650970924535
1,6.72694341284329,1,19.5422601733963,1,11.5760194811803,1,19.9066960353569,1,16.9607506984958
0,4.42993834504314,0,6.81018157557748,1,6.65005374450785,1,20.8013790032381,1,17.1650970924535
0,6.23472804117183,1,14.2125528533791,1,15.2704937836847,1,23.2617571649114,1,17.5737898803691
1,6.39879983172898,1,15.9891219600515,1,16.5019852178528,1,22.8144156809708,1,17.3694434864113
1,7.18971661025618,1,14.2798345045397,1,8.44067480708069,1,19.2597910830219,1,17.3363729035562
0,5.64906305091557,1,20.3213029487681,1,11.8794682470025,1,20.1879737858182,1,16.9378355954285
1,7.53208406788742,1,15.6528955145916,1,15.3182616869242,1,21.8122935157116,1,17.3363729035562
0,7.18971661025618,0,15.6528955145916,1,9.37852756342299,1,21.3482021643134,1,16.9378355954285
0,6.84734915262493,1,16.2021199186124,1,10.3163803197653,1,21.8122935157116,1,16.7385669413646
1,4.72379727246034,1,15.6187107276612,1,10.7234210334986,0,23.5074867838046,0,16.913439328437
1,5.19617699970637,0,12.2546807247804,1,8.40484351274218,1,18.1993446068165,1,17.1013664320863
1,6.61331618144447,1,12.7352564394776,1,5.21679942170204,1,16.9355012313431,1,17.2892935357356
1,6.29839636328045,1,12.7352564394776,1,11.3030654136878,1,18.1993446068165,1,17.2892935357356
0,4.40887745429631,1,15.3784228703126,1,13.0419985542551,1,20.4742626826685,1,17.1013664320863
0,3.70241309925033,1,12.9381584255369,1,8.66276794692094,1,20.5496278066922,1,17.1475346141614
1,10.7987048728135,1,26.4154067854711,1,9.28153708598673,1,18.9149983220689,1,16.9570064517818
1,8.17616226084448,1,15.364063130325,1,8.97215251645383,1,21.2501833001021,1,17.338062776541
0,4.31948194912539,1,14.8249731959276,1,8.66276794692094,1,20.7831463044955,1,17.1475346141614
1,6.63349013615684,1,16.1726980319211,1,8.97215251645383,1,20.3161093088888,1,16.9570064517818
1,5.71852448454149,1,6.89737016209319,1,10.9391785101051,0,20.5827974145624,1,16.8556295759501
1,6.5594839675623,1,11.1419056464582,1,9.60513235033615,1,19.5536575438343,1,17.0803713036295
1,4.20479741510404,1,11.407189114231,1,13.0736523657353,1,19.8109425115163,1,16.8556295759501
1,6.39129207095814,1,13.2641733886407,1,14.4076985255042,1,21.0973673499265,1,17.7545964866675
1,6.5594839675623,1,15.9170080663689,1,14.4076985255042,1,21.3546523176085,1,17.0803713036295
1,8.71620482266904,1,14.853821799081,1,11.0598592342194,1,20.0380364664682,1,17.2393432495697
1,6.03429564646318,1,11.8224295951869,1,9.30033617422996,1,21.2307767323294,1,16.8337116436974
1,4.35810241133452,0,9.09417661168225,1,15.3329866656224,1,20.7536806259849,1,17.2393432495697
1,7.87810820510471,1,13.338125697134,1,8.79761529994726,0,21.2307767323294,1,17.0365274466335
1,4.69334105836025,1,10.3067334932399,1,15.081626228481,1,21.4693247855017,1,17.0365274466335
1,7.80470329354964,1,17.0388123770809,1,4.31389342785815,1,20.746388550821,1,17.5568579795167
1,6.84902533923744,1,15.1751922733377,1,6.27475407688459,1,20.5023133913995,1,17.3617817797442
1,7.48614397544557,0,12.2466463960269,0,5.49040981727402,1,20.5023133913995,1,17.1667055799718
1,9.07894056596591,1,20.4998211411755,1,5.09823768746873,1,20.0141630725567,1,16.9716293801994
1,6.53046602113337,1,14.6427293865539,1,8.62778685571631,1,20.0141630725567,1,17.1667055799718
1,6.34806671334969,1,10.579223280115,1,7.72129823061194,1,19.8758139890721,1,17.1595014833842
1,9.09317664344685,1,20.6159222894548,1,10.0376876997955,1,18.2580151760081,1,17.1595014833842
0,6.17649734271862,1,13.2918446339906,1,8.87949296520373,1,18.9513575244641,1,17.3544958184226
0,5.49021986019433,1,8.95165046778959,1,10.8098175228567,0,17.7957869437041,1,17.1595014833842
1,7.37748293713613,1,19.8021358832921,1,10.0376876997955,1,21.0313845698321,1,17.3544958184226
1,5.63222252164094,1,14.970675559344,1,8.21272424857196,1,20.6818828564212,1,17.4864269225032
1,5.79787612521861,1,10.6155699420803,1,8.69582567495855,1,20.4618628260338,1,17.6829036294976
1,6.79179774668466,1,11.4321522453172,1,7.48807210899208,1,22.2220230691334,1,17.4864269225032
1,6.95745135026234,1,14.970675559344,1,4.34791283747927,1,21.7819830083585,1,16.8969968015199
1,8.28268017888373,1,16.6038401658179,1,5.31411569025245,1,20.6818828564212,1,17.4864269225032
1,5.07518555996523,1,12.0778739717852,1,13.6139469617067,1,20.2729303684055,1,16.9086712967279
1,8.12029689594437,0,15.7012361633208,1,13.8808870982107,1,20.0163109966536,1,17.120029687937
1,8.28946974794321,1,16.6070767112047,1,13.0800666886986,1,19.2464528813977,0,17.120029687937
1,4.73683985596755,1,9.9642460267228,1,14.6817075077229,1,18.9898335096457,1,16.9086712967279
1,7.27443263595016,1,13.2856613689637,1,12.8131265521945,1,21.0427884836615,1,16.9086712967279
0,4.22104241451241,1,10.6421532936111,1,10.6733947557701,1,18.1590466888568,1,16.9174944274771
0,7.42903464954185,1,13.1626632842032,0,6.54175807611717,1,21.6595858096003,1,17.2934387480877
1,6.24714277347837,1,9.52192663112571,1,5.85315196284168,1,21.0032347244609,1,17.1054665877824
1,5.74061768373688,1,10.3620966279897,1,10.6733947557701,1,21.0032347244609,1,17.1054665877824
1,7.26019295296135,1,15.6831732747953,1,8.60757641594364,1,22.3159368947397,1,17.2934387480877
1,4.67112940057088,1,9.73024779180565,0,7.93319100152393,1,21.6039194582528,1,17.3290939816026
1,6.83986805083594,1,14.5953716877085,1,11.6353468022351,1,17.8791057585541,1,17.3290939816026
0,5.8389117507136,1,8.75722301262509,1,7.13987190137154,1,19.6173521517468,1,17.3290939816026
1,7.17352015087672,1,18.1631292113706,1,12.4286659023875,1,20.1139939783733,1,17.3290939816026
1,6.17256385075438,1,12.000638943227,0,8.19763070157473,1,21.1072776316263,1,17.1275928887933
0,7.29497287652539,1,13.2462740575037,0,9.22720334482936,1,20.4173445123923,1,17.590009790046
1,5.86769557459651,1,12.4352776866361,1,9.52485506563031,1,20.4173445123923,1,16.9970881117298
1,7.45355924340637,1,12.7056098102587,1,9.82250678643125,1,21.8254372373848,1,16.9970881117298
1,7.77073197716835,1,12.9759419338812,0,5.655382695218,1,22.7641657207132,1,17.3923692306073
1,6.34345467523947,1,14.5979346756163,0,9.52485506563031,1,19.0092517873997,1,17.7876503494847
0,6.56077128520324,1,12.8282750899641,1,13.4322003031041,1,20.707172091281,1,16.5355996687357
0,6.73808942804657,0,13.683493429295,1,9.06673520459525,1,21.9110774454252,0,16.9438860803094
1,7.97931642794989,1,14.538711768626,0,9.06673520459525,1,20.707172091281,1,16.9438860803094
1,7.27004385657657,1,14.538711768626,1,8.73093019701764,0,21.1887342329387,0,16.5355996687357
1,5.49686242814326,1,10.2626200719713,1,16.1186403637249,1,18.5401424538214,1,17.1480292860963
1,6.51471247898893,1,9.76203682848768,1,12.5271670157677,1,21.7942081083712,1,17.4950683926479
1,7.05760518557134,1,11.6602106562492,1,10.549193276436,1,21.3152145235719,1,17.0974532019059
1,7.23856942109881,1,13.5583844840107,1,12.8568293056564,1,22.75219527797,1,17.6938759880189
1,6.87664095004387,1,15.185390622092,1,11.8678424359905,1,20.8362209387725,1,17.2962607972769
1,7.23856942109881,0,8.67736606976683,1,14.1754784652109,1,20.8362209387725,1,17.0974532019059
1,10.2992973481808,1,16.8204663870722,1,8.22702094082625,1,19.0460022176986,1,17.6567308107192
1,9.01188517965817,1,17.0715181241927,1,9.8724251289915,1,21.7668596773698,1,17.0932181252707
1,7.72447301113557,1,14.3099490158674,1,11.1887484795237,1,18.3657878527808,1,17.468893248903
1,8.27622108335954,1,15.5652077014698,1,11.8469101547898,0,20.4064309475342,1,17.6567308107192
1,6.80489289076229,1,16.8204663870722,1,12.1759909924228,1,23.3540265288447,1,17.0932181252707
0,6.18065179148377,1,12.6092355288962,1,8.91341630456082,1,20.5396899250083,1,16.7782489928551
1,7.38663262884646,1,14.3066326193246,1,8.91341630456082,1,20.7871560686831,1,16.9756401574769
1,6.63289460549478,1,13.5791767234267,1,8.91341630456082,1,20.0447576376587,1,16.5808578282333
1,6.02990418681344,1,13.8216620220593,1,8.91341630456082,1,21.5295544997074,1,17.1730313220987
1,7.5373802335168,1,14.3066326193246,1,8.91341630456082,1,20.5396899250083,1,16.7782489928551
1,7.41588391741647,1,17.8694933318799,1,8.68876196612959,1,21.2068824582287,1,17.5244966253354
1,6.31139056801402,1,13.6999448877746,1,11.9470477034282,0,20.5227894757051,1,17.1306877124065
1,7.57366868161682,1,15.4868942209626,1,7.24063497177465,1,19.8386964931816,1,17.327592168871
1,6.31139056801401,1,18.4651431096092,1,7.96469846895212,0,20.9788514640542,1,17.5244966253354
1,8.99373155941997,1,19.6564426650679,1,12.6711112006056,0,21.2068824582287,1,17.5244966253354
1,6.97769915642653,1,13.6168661549285,1,8.73566092355847,1,23.3258421215349,1,16.9137566708212
1,7.3180747250327,1,14.934627395728,1,6.98852873884678,0,19.2245951551111,1,17.5727342034506
1,6.29694801921418,1,13.8364930283951,1,7.86209483120262,1,20.76256276752,1,17.1334158483643
1,7.65845029363887,1,17.3505230038605,1,9.1724439697364,1,19.4809230905126,1,17.5727342034506
1,6.63732358782036,1,16.6916423834607,1,10.0460100620922,0,17.6866275427023,1,17.5727342034506
1,7.01377118824501,1,19.5292105398453,1,5.26900800381065,1,21.3522053155801,1,17.737094136443
1,7.33257896952888,1,13.1051281254225,1,10.5380160076213,1,22.744740444857,1,17.5378009438987
1,6.53555951631922,1,19.7861738364223,1,7.76485390035254,1,21.1201161273672,1,17.9363873289873
1,7.01377118824501,1,13.3620914219995,1,11.3699646398019,1,22.5126512566442,1,17.737094136443
1,7.49198286017081,1,19.7861738364223,1,9.15143495398692,1,21.8163836920057,0,17.3385077513544
1,6.37112021901516,1,14.9980610103193,1,10.4573038072761,1,19.7217383239206,1,17.4469155372958
1,6.37112021901516,1,13.0834149238956,1,9.22703277112594,1,22.3167038928576,1,17.4469155372958
1,6.37112021901516,1,11.8069841996131,1,7.99676173497582,1,21.7977107790702,1,17.2530609202148
1,6.55850610780973,1,13.4025226049662,1,9.22703277112594,1,20.5002279946017,1,18.2223340056201
1,7.12066377419342,1,14.3598456481781,1,11.0724393253511,1,20.5002279946017,1,17.0592063031337
1,7.61814605601787,1,16.850238466812,1,8.93687060709521,1,20.2938555994514,1,17.4656425966662
1,7.06072073484583,1,13.3639822322992,1,7.99614738529572,1,22.8597453878878,1,16.2881835452055
1,7.98976293679923,1,11.9113754679188,1,9.87759382889471,1,20.2938555994514,1,17.4656425966662
1,7.06072073484583,1,14.8165889966795,0,7.05542416349622,1,22.8597453878878,0,16.8769130709359
0,6.31748697328312,0,11.6208541150428,1,7.99614738529572,0,18.6610166431737,1,17.0731562461793
1,7.83624058092262,1,13.117672510569,1,7.28367967723827,0,22.4802532121054,1,17.5472832477998
1,9.17006876490945,1,10.202634174887,1,4.16210267270758,1,21.0453434326093,0,17.1392068931998
1,7.1693264889292,1,9.71679445227331,0,7.28367967723827,1,21.5236466924413,1,17.5472832477998
1,8.66988319591439,1,10.6884738975006,1,6.93683778784597,1,20.0887369129452,1,17.1392068931998
1,7.83624058092261,0,11.660153342728,0,10.405256681769,1,23.1977081018534,1,17.5472832477998
1,6.059801680725,1,10.1210067128713,1,13.7911993992048,1,21.2303708838418,1,17.1300507947804
1,6.62790808829297,1,10.1210067128713,1,4.03644860464531,1,21.7021569034827,1,17.3389538532534
1,7.7641209034289,0,11.3477954053405,1,8.07289720929062,1,20.5226918543804,1,16.9211477363075
1,7.95348970595156,1,12.5745840978098,0,11.1002336627746,1,22.1739429231236,1,17.1300507947804
1,8.14285850847422,1,17.1750416945695,1,11.4366043798284,1,20.7585848642008,1,17.7567599701992
1,6.3014741281492,1,14.7996462002207,0,5.82461172235804,1,19.4475503650965,1,17.0309657731887
0,6.45901098135292,1,16.5407810473055,1,11.03610642131,1,20.159046110161,1,17.2361581319018
0,5.98640042174173,1,16.5407810473055,1,8.89019683938858,0,19.6847156134514,1,17.0309657731887
1,5.98640042174173,1,17.1211593296671,1,12.5688989798252,1,18.9732198683869,1,17.441350490615
1,6.93162154096411,1,11.3173765060511,1,18.3935107021833,1,19.9218808618062,1,17.8517352080412
1,7.67054095443329,1,18.7833903138043,0,18.0523139933706,0,19.5440845140784,1,17.2304393642216
1,7.32188000195904,1,15.4836055289468,1,12.2289868987349,1,22.2091869478164,0,17.6265414185715
1,6.79888857324768,1,10.6608431510781,0,11.3554878345396,1,21.5429113393819,0,17.6265414185715
1,6.1015666682992,1,17.5142423196283,1,15.1406504460527,1,20.6545438614693,1,17.4284903913966
1,5.57857523958784,1,15.4836055289468,1,13.393652317662,0,18.6557170361658,1,16.8343373098717
1,10.7374221224468,1,19.4179731456614,1,10.4998803262328,1,20.2118410339409,1,17.0981345997102
1,8.79872090589391,1,15.91637143087,1,8.67381418254014,1,19.5305430215609,1,17.2800296486433
1,5.07044933559988,1,9.86815028713942,1,6.39123150292432,0,19.0763443466409,1,17.2800296486433
0,2.38609380498818,0,8.27651314405241,1,9.58684725438647,1,21.574437058701,1,17.2800296486433
0,4.77218760997636,0,7.95818571543501,1,6.84774803884748,1,22.482834408541,1,16.9162395507771
1,3.12471357929298,1,5.5379768671778,0,9.6069305021294,1,21.3257322251594,1,17.3157312019784
1,6.06562047745108,1,16.0865042332308,1,12.2968710427256,1,22.2429680197899,1,17.1166998088523
1,6.43323383972084,1,14.2405119441715,1,8.45409884187387,1,21.7843501224746,1,17.5147625951046
1,6.98465388312549,1,13.4493723917175,0,6.14843552136282,1,22.0136590711323,1,17.5147625951046
1,7.53607392653013,1,15.2953646807768,1,10.7597621623849,1,21.0964232765018,0,17.1166998088523
0,3.64755378454794,0,6.28483766302005,1,13.2853481195907,1,20.3181732997821,1,18.4187410060174
1,6.43685961979048,1,17.3461519499353,1,8.04113175659439,1,19.8858717402123,1,17.1908249389496
1,6.00773564513778,1,14.0780363651649,1,8.7403606049939,1,20.534324079567,1,18.0094356503281
1,5.79317365781143,1,14.8322168847273,1,15.0334202405895,1,19.8858717402123,1,18.4187410060174
1,6.22229763246413,1,18.6031194825393,1,6.29305963559561,1,20.534324079567,1,17.6001302946389
1,6.2964721099186,1,11.7990564809075,1,10.4065467302451,1,20.6670612008272,1,17.2167075939807
1,7.95343845463402,1,15.9150064161077,1,6.82929629172333,1,23.1115523106025,0,16.6363691357566
1,5.63368557203243,1,13.1710397926409,1,10.7317513155652,1,19.5559288782021,1,17.0232614412393
1,6.95925864780476,1,14.2686264420276,1,9.75613755960476,1,20.2226082717772,1,17.2167075939807
1,7.1249552822763,1,18.6589730395746,1,7.15450087704349,1,24.6671375622776,1,17.2167075939807
0,4.37949572401253,0,10.2290930539791,1,20.3882576426128,1,17.9645098520591,1,17.3051162045824
1,6.3259382680181,1,13.1901463064468,1,19.3291273754641,1,22.4556373150739,1,16.9289180262219
1,6.81254890401949,1,13.9977062843925,1,20.1234750758256,1,22.883363740123,1,17.1170171154022
1,5.67712408668291,1,12.9209596471315,1,12.9743457725718,0,19.0338259146817,1,17.1170171154022
0,5.51492054134911,1,11.8442130098706,1,18.0052145415282,1,22.6695005275984,1,17.1170171154022
1,9.951129309082,1,17.2726031561946,1,12.5907893873498,1,20.7923206488606,1,17.0717568220155
1,5.4731211199951,1,11.6844080174257,1,9.64400889243817,0,19.0037339263779,1,17.2635743143977
1,9.4535728436279,1,15.4945410665863,1,11.2513437078445,1,20.7923206488605,0,17.0717568220155
1,8.29260775756833,1,14.7325144567542,0,9.64400889243816,0,19.6744539473089,1,17.2635743143977
1,8.79016422302244,1,15.4945410665863,1,9.10823062063604,1,19.8980272876192,1,17.6472092991621
0,6.78018298761367,1,14.3889846945642,1,11.2148408075041,1,19.3446838888091,0,16.6391504195853
0,5.57481712314901,1,12.925698115456,1,9.77704070397795,1,20.2340946423176,1,17.0306598412226
1,6.02682932232326,1,11.7062926328658,1,12.3650808903251,1,20.2340946423176,1,17.0306598412226
0,7.08152445372983,0,16.0961523701905,1,10.0646007246832,1,20.2340946423176,1,17.4221692628599
0,6.62951225455559,1,15.1206279841183,1,6.32632045551515,1,20.2340946423176,1,17.0306598412226
1,7.75634909336129,0,16.0365748053018,0,20.364145339238,1,21.908154432835,1,17.150243663053
1,9.406636134502,1,12.4494462304317,1,16.3386747489235,1,21.2374966440748,1,17.5445021380657
0,7.26126298101908,1,16.0365748053018,1,14.9179204229302,1,22.5788122215953,1,17.7416313755721
1,7.75634909336129,1,15.4035521156189,1,11.6028269956124,1,22.3552596253419,1,17.3473729005594
1,6.93120557279094,1,18.1466504375784,1,14.2075432599335,1,21.4610492403282,1,17.150243663053
1,4.85403088226462,1,8.66319874955253,1,13.7052364701588,0,20.5394672040959,0,16.6458399905299
1,7.57228817633281,1,15.3701913298513,1,15.8137343886448,1,21.0227487853687,1,17.0469445686149
1,7.37812694104223,1,14.811275281493,1,9.75180287299763,0,22.2309527385508,1,17.6486014357425
0,6.79564323517047,0,15.0907333056721,1,11.0696140720514,1,21.747671157278,1,17.2474968576575
1,7.18396570575164,1,16.4880234265677,1,17.9222323071308,1,19.5729040415502,1,16.6458399905299
0,4.52471892841569,0,9.06508741039472,1,22.3900552593348,0,19.4638995641666,1,16.9592682502044
1,6.78707839262353,1,12.9932919548991,1,10.7186434752135,0,22.2117442085195,1,17.7390047214781
1,6.09096778825189,1,16.9214964994035,1,19.0553661781572,0,20.8378218863431,1,17.7390047214781
1,7.30916134590226,1,16.9214964994035,1,17.6262137147955,0,21.5247830474313,1,16.9592682502044
1,5.56888483497315,1,12.6911223745526,1,19.0553661781573,0,21.0668089400392,1,17.1542023680228
1,7.78933479234312,1,14.5251618402049,1,7.54019859814619,1,19.9578758437792,1,16.7470430717178
1,6.31964898246706,1,12.8018375540789,1,8.4102215133169,1,22.2031368762044,1,17.352357881539
1,5.29086891555381,1,11.0785132679529,1,6.67017568297547,1,18.710508603543,1,17.1505862782653
1,6.02571182049184,1,12.063270002882,1,9.28024442848762,1,20.4568227398737,1,17.7559010880864
1,5.14390033456621,1,11.0785132679529,1,8.70022915170714,1,21.9536634281571,1,17.7559010880864
0,5.52720293905305,1,11.9050654141352,1,9.76716230418888,1,20.1513201906333,0,16.8432990111915
1,9.16352066211427,1,16.2605771510139,1,9.76716230418888,1,19.4400971250816,1,17.2261012614459
1,10.4725950424163,1,17.4220469475149,1,9.76716230418888,1,21.099617611369,0,17.6089035117002
0,5.0908448122857,1,11.0339630667594,1,9.36019720818101,1,18.9659484147137,0,17.0347001363187
1,6.10901377474284,1,11.3243305158847,1,9.76716230418888,1,21.8108406769208,1,17.4175023865731
0,6.38721756052644,0,9.46362796990835,1,12.133633359237,1,22.3094022411853,0,17.092830723974
1,6.9194856905703,1,15.1418047518534,1,12.4295756362916,0,19.632273972243,0,17.29876844354
1,6.38721756052644,1,17.2711210450827,1,10.0620374198551,0,18.0706158153601,1,17.7106438826719
1,8.33886737068729,1,17.5077117443304,1,14.205229298619,1,21.4170261515379,1,17.092830723974
1,5.14525859042407,1,10.6465814661469,1,7.6944992034186,1,21.8632141963616,1,16.8868930044081
1,6.839150603664,1,17.0406860910199,1,7.79448942496593,1,20.97440795503,1,17.4836590221326
1,8.08263253160292,1,18.0144395819353,1,6.85915069397002,1,19.7960704294665,1,17.4836590221326
1,4.97392771175564,1,10.2244116546119,1,6.85915069397002,1,20.5030729448046,1,17.2779689159899
1,6.06197439870219,1,10.7112884000696,1,7.79448942496593,1,20.97440795503,1,16.6608985975617
1,5.5956686757251,1,12.4153570091716,1,5.92381196297411,1,20.2674054396919,1,16.6608985975617
1,7.91686457196573,0,25.735110271494,1,13.2237333356664,1,21.8618819481404,1,17.286192069253
1,8.0889703235302,1,25.0835884924688,1,12.1217555576942,1,20.8567379505247,1,17.286192069253
0,8.26107607509467,1,18.2426098127046,1,11.8462611132012,1,20.102879952313,1,17.0701146683873
1,7.40054731727231,1,14.9850009175788,1,11.019777779722,1,20.102879952313,1,17.286192069253
1,7.22844156570784,1,16.6138053651417,1,12.9482388911734,1,20.3541659517169,1,17.5022694701187
0,3.88481906545012,1,9.00549469707131,1,8.52749579631717,1,19.8682846353421,1,17.4530473056339
1,8.20128469372803,1,12.8649924243876,1,7.309282111129,1,19.6259884812526,1,16.8712790621127
1,9.92787094503919,1,23.1569863638977,1,7.00472868983196,1,22.048950022148,1,16.8712790621127
1,9.64010656982067,1,20.2623630684104,0,9.13660263891125,1,19.8682846353421,1,17.4530473056339
1,10.5033996954762,1,19.6191134471911,1,10.3548163240994,1,19.8682846353421,1,17.4530473056339
1,6.4833459973645,0,19.0170842602198,1,6.35806471976161,1,17.3068691241401,1,17.6024619696659
1,5.09405756935782,1,11.5644431312147,0,3.81483883185697,1,19.3297499308578,0,17.0221610256109
1,6.17461523558524,1,18.2461213848054,1,8.2654841356901,1,19.1049853967781,1,17.7958956176842
1,5.55715371202671,0,9.25155450497178,1,9.53709707964243,1,19.3297499308578,1,17.4090283216476
1,5.86588447380597,1,13.1063688820434,1,5.08645177580929,1,17.9811627263794,1,17.6024619696659
1,5.14289604843557,0,9.57179933366319,1,7.93310594551087,1,21.1356090162112,1,17.8249577619168
1,5.85226102063358,1,12.3507088176299,1,8.22692468423349,1,22.5766732673165,1,18.0166239744105
0,6.38428474978209,1,13.2770119789522,1,4.11346234211674,1,21.1356090162111,1,18.0166239744105
1,7.0936497219801,1,10.8068702154262,1,11.4589308101824,1,20.8954316410269,1,16.6749604869544
1,6.91630847893059,1,13.5857796993929,1,5.58255603572987,0,21.3757863913954,0,17.0582929119419
1,5.63659466913637,1,14.482157889468,1,10.8467502247803,1,19.9598140901689,1,17.4086770879705
1,6.0123676470788,0,12.9022861197079,1,9.60712162766259,1,21.8383848280671,1,17.2130739746225
1,4.69716222428031,1,15.2720937743481,1,9.60712162766259,1,20.4294567746434,1,17.4086770879705
1,6.76391360296364,1,15.0087818127214,1,9.91702877694203,1,22.7776701970162,1,16.6262646345786
1,6.76391360296364,1,14.482157889468,1,6.81795728414765,0,20.899099459118,1,17.7998833146665
1,8.0664551580796,1,18.116256189462,1,12.6867258888063,1,19.7129309869315,1,17.1259320793775
1,6.89009711419299,1,13.7433667644195,1,12.3242480062689,1,18.855847030978,1,17.1259320793775
1,6.72204596506633,1,11.8692712965441,1,12.6867258888063,0,20.5700149428851,0,17.1259320793775
0,4.87348332467309,1,13.1186682751277,1,13.4116816538809,0,20.3557439538967,1,16.9313192148391
1,6.0498413685597,1,14.6804144983572,1,14.4991153014929,1,20.3557439538967,1,17.3205449439159
0,7.70621688273922,0,15.9456851289143,1,11.1968789295905,0,19.6493544341461,1,17.2398505978655
1,7.3477881905188,1,15.3203641434666,1,6.84253712363862,0,19.2027781970065,0,16.8480358115504
1,7.88543122884944,1,15.0077036507428,1,10.2638056854579,1,18.3096257227271,1,17.043943204708
1,7.70621688273922,1,14.695043158019,1,9.95278127074708,0,20.3192187898557,1,17.2398505978655
1,7.3477881905188,1,16.2583456216381,0,9.95278127074707,0,18.5329138412969,1,17.4357579910231
1,6.42764011099145,1,12.4359843065291,1,14.6327131937652,1,20.2029909493145,1,16.7348770872175
0,11.7578782518136,0,15.5449803831613,1,11.5700522927446,1,19.2741178022196,1,17.1286389010344
1,7.05472695108818,1,12.7186203134956,1,10.2088696700687,1,19.0418995154458,1,17.5224007148512
0,8.15212892125745,1,13.0012563204622,1,7.48650442471707,1,19.9707726625408,1,16.7348770872175
0,4.23283617065291,0,9.3269882298968,1,14.9730088494341,0,19.0418995154458,1,17.9161625286681
1,6.46773879681335,1,14.0302494285121,1,10.504936037044,1,21.2036969044883,1,17.1806866359141
1,7.51656130440471,1,16.6460586439974,1,9.33772092181687,0,20.9571422893199,1,17.3902072046448
1,6.99215005060903,1,13.5546477529693,1,12.2557587098846,0,19.4778145983091,1,17.3902072046448
1,5.76852379175245,1,13.7924485907407,1,9.04591714301009,1,18.7381507528036,1,18.2282894795674
1,5.76852379175245,1,11.8900418885696,1,13.131170046305,1,21.2036969044883,1,17.1806866359141
1,8.11319598627965,1,18.2869964532556,1,10.1810139784452,1,20.9258724969014,1,17.106930062658
1,9.20535698443268,1,19.144199412002,1,6.63979172507293,1,20.7008631152143,1,17.4957239277184
1,7.80114998680735,1,15.4296532574344,0,9.2957084151021,1,19.5758162067787,1,17.106930062658
1,5.92887398997359,1,17.1440591749271,1,10.1810139784452,1,20.2508443518401,1,16.9125331301278
1,5.92887398997359,1,14.0009816595238,1,7.08244450674446,1,21.3758912602756,1,17.4957239277184
1,10.5232513025424,1,17.2366551285375,1,10.150274295036,1,22.3976111739736,1,17.099247680882
0,4.65451499920145,1,7.69019998042442,1,10.150274295036,1,18.6253819236201,1,17.3052627131818
1,8.0948086942634,1,16.4411171995281,1,11.0458867328333,1,20.0399678925027,1,17.3052627131818
1,7.89243847690681,1,13.2589654834904,1,8.06051194017564,1,21.6903181895323,1,16.6872176162824
1,4.65451499920145,1,11.4027103158017,1,12.5385741291621,1,21.9260825176794,1,17.099247680882
0,6.38678838230909,0,13.3433914926754,1,8.26570954351761,0,19.3987271594044,1,17.0232147801783
1,6.58637551925625,1,17.2857571609658,1,14.6027535268811,1,19.641211248897,0,16.8181158069231
1,7.18513693009773,1,12.4336147999929,1,11.2964697094741,1,22.0660521438225,1,17.2283137534334
1,5.78802697146761,1,10.9173203121889,1,7.99018589206703,0,23.0359885017928,1,17.2283137534334
1,6.78596265620341,1,12.433614799993,1,13.7761825725294,1,19.641211248897,0,16.8181158069231
1,5.49941007614747,1,13.6441907274133,1,8.57926955466182,1,19.7050113227546,1,16.5714275572535
1,5.49941007614747,1,14.8845717026327,1,8.23609877247534,1,20.6662313872792,1,16.5714275572535
1,5.49941007614747,1,12.15573355715,1,13.040489723086,1,20.9065364034104,1,17.3897696588463
1,5.49941007614746,1,13.6441907274133,1,12.6973189408995,1,21.867756467935,1,17.3897696588463
1,5.66605886633375,1,12.6518859472378,1,8.92244033684829,1,20.9065364034104,1,17.1851841334481
1,6.65094808943386,1,14.5295931869118,1,9.86933799963504,1,22.3949217340891,1,17.2992198852035
1,6.30987382843725,1,15.2441633436452,1,9.25250437465785,0,18.4812460912386,1,17.1132067681583
1,6.65094808943386,1,14.5295931869118,0,10.4861716246122,1,20.8729367618695,0,17.1132067681583
1,6.82148521993216,1,13.1004528734451,0,8.94408756216925,0,19.7858046388554,1,17.1132067681583
1,6.30987382843725,1,14.2914031346674,1,8.32725393719206,1,21.7426424602807,0,17.4852330022487
1,5.94109569047134,1,15.8182901512081,1,9.36430102797967,1,20.1862117445214,1,16.8827719591767
1,6.84126170417913,1,12.9128899193536,1,10.0846318762858,1,21.1361511207341,1,17.6501706845938
1,7.3813613124038,0,10.9759564314506,1,7.92363933136742,1,20.4236965885746,1,17.4583210032396
1,6.84126170417913,1,13.8813566633051,1,9.72446645213274,1,20.6611814326277,0,17.074621640531
1,6.48119529869602,1,13.5585344153213,1,10.0846318762858,1,20.1862117445214,1,17.4583210032396
1,8.50235765672244,1,13.5814689313558,0,6.25831144014786,1,19.2183513513729,1,17.0476650625627
1,8.6690705519523,1,8.03801222467994,1,11.7343339502772,1,17.4305977372917,1,16.8471042971208
1,8.83578344718215,1,11.6412590840192,1,10.5609005552495,1,18.5479437460924,1,16.8471042971208
1,7.33536739011348,1,10.8097405780179,1,9.77861162523104,1,21.0061049654541,1,17.4487865934465
1,10.8363381899404,1,9.14670356601511,1,13.2989118103142,1,18.5479437460924,1,17.6493473588885
1,7.82866298061889,1,15.2539290692259,1,9.38897600547632,1,19.9131619892128,1,17.5020280599008
1,6.93904218736674,1,14.1445524096458,1,5.63338560328579,1,20.1205907599338,1,17.1335643112713
1,6.40526971141545,1,10.8164224309056,0,8.63785792503821,1,20.1205907599338,1,17.317796185586
1,6.76111802871631,1,13.5898640798558,1,12.3934483272287,1,20.1205907599338,1,16.9493324369565
1,6.58319387006588,1,12.2031432553807,1,7.135621764162,0,20.3280195306547,1,17.317796185586
1,7.55505758237473,1,19.1933392425424,1,12.0838800220872,1,21.0651727855617,1,16.670724631034
1,5.66629318678105,1,14.7065846144156,1,9.2406141345373,1,20.843434124661,1,16.8715767350224
1,5.85516962634041,1,17.6977543665001,0,8.17438942670607,1,21.7303887682636,1,16.4698725270457
1,5.85516962634042,1,16.700697782472,1,8.88520589859356,1,20.1782181419591,1,17.0724288390108
1,2.83314659339052,1,10.2198299862888,1,11.3730635501998,1,21.0651727855617,1,17.2732809429991
1,8.08274347078414,1,12.8815416454836,1,13.2413723827507,0,18.7887861176291,1,17.1235552838491
1,6.73561955898678,1,13.1341208934343,1,11.0941228071695,1,22.2257591879271,1,17.5312589810836
1,5.05171466924008,1,13.6392793893356,1,11.451997736433,1,20.8509699598079,1,17.1235552838491
0,6.90401004796145,1,14.1444378852369,1,15.7464968875954,1,19.9344438077284,1,17.5312589810836
1,6.0620576030881,1,14.3970171331875,1,11.0941228071695,1,21.0801014978278,1,17.1235552838491
1,10.5865079786514,1,19.0257623088068,1,16.7830374093822,1,22.0297141960624,1,17.3134699636207
1,8.96912481524632,1,16.8582704002085,1,11.1886916062548,1,18.6578191660529,1,16.9060941997708
1,7.49877648487807,1,9.87412980583643,1,12.6805171537554,1,20.9057491860592,1,17.9245336093955
1,8.23395065006219,1,13.0049514515894,1,11.5616479931299,1,20.6809561840586,1,17.3134699636207
1,9.70429898043044,1,16.8582704002085,1,2.98365109500128,1,18.4330261640522,1,17.1097820816957
0,7.40852956791335,0,13.1592003473252,1,8.45930281876272,1,19.1074311889218,1,16.8193272994948
1,6.89165541201242,1,17.3019115677795,1,4.83388732500727,1,22.8817385842643,1,17.1930901283725
1,8.09769510911459,1,14.6213337192503,1,8.45930281876272,1,19.5792196133396,1,16.2586830561783
1,7.92540372381428,1,15.1087115098919,1,10.8762464812663,1,21.4663733110109,0,16.4455644706171
1,8.95915203561614,0,13.8902670332877,1,7.85506690313681,0,19.8151138255485,1,17.1930901283725
1,6.17201557382819,1,12.8496436998994,1,18.1426927148992,1,19.8677341014531,1,17.0881528037365
1,7.93544859492196,1,17.3848120645697,1,8.73537056643293,1,20.5772960336479,1,17.2845683532047
1,8.99350840757822,1,16.3769968724208,1,13.1030558496494,1,21.0503373217777,1,17.2845683532047
1,5.11395576117193,0,8.56642913326624,1,14.446959013716,1,19.3946928133233,1,16.6953217048
0,6.8773887822657,1,19.1484886508304,1,11.4231768945661,1,19.1581721692583,1,16.4989061553318
1,6.54875347506627,1,17.7523261918654,1,12.2219923655658,0,19.1500732523034,1,17.5530629913812
1,4.46505918754518,1,10.5484836792244,1,6.55814224493774,0,20.8909890025128,1,17.3489576077604
1,6.84642408756928,1,16.7232058329167,1,8.04862911878722,0,20.2381455961843,1,17.3489576077604
1,8.78128306883886,1,14.4076850252821,1,8.04862911878723,1,19.3676877210796,1,17.3489576077604
1,8.03710653758133,1,11.8348841279103,1,11.0296028664862,1,21.3262179400652,1,16.940746840519
1,6.99776945360349,1,12.4291431926307,1,9.65021958411082,1,21.4290897533186,1,17.2885121752063
1,6.48573754236421,1,12.4291431926307,1,10.7531018222949,1,22.0532379985609,0,17.0897936444568
1,9.21657440230703,1,11.4348117372202,1,8.82305790547275,1,20.8049415080763,0,16.6923565829578
1,5.46167371988565,0,12.9263089203359,1,9.37449902456479,0,22.2612874136417,1,17.6859492367053
1,6.65641484611063,1,12.6777260564833,1,9.3744990245648,1,20.5968920929956,1,16.6923565829578
1,7.07917894005742,1,9.6592866972741,1,7.1495435428946,1,21.1686087618959,1,17.1211102735461
1,6.57352330148188,1,11.2256575130483,1,6.83869382363831,1,21.3962282109485,1,16.5746918605606
1,6.06786766290636,1,11.7477811183063,1,6.52784410438202,1,20.7133698637906,1,16.7568313315557
1,6.57352330148189,1,11.7477811183063,1,7.77124298140717,1,22.5343254562117,1,16.3925523895654
1,7.07917894005742,1,11.7477811183063,1,7.1495435428946,1,20.2581309656853,1,16.9389708025509
1,5.44294582836948,1,14.3840255681495,1,10.2993760276445,1,21.0373236723451,1,16.8254298663778
1,6.53153499404338,1,14.9593865908755,1,12.5262681417298,1,20.7927036296435,1,16.8254298663778
1,5.00751016209992,1,12.9456230113346,1,12.8046296559905,1,19.0803633307316,1,17.2358062045821
1,7.18468849344772,0,10.6441789204306,1,9.18592997060185,1,21.0373236723451,1,16.8254298663778
1,7.18468849344772,1,14.3840255681495,1,10.0210145133838,1,19.8142234588367,1,17.2358062045821
1,6.48962586548563,1,10.766460167068,1,17.3634865205394,1,21.9316857426885,1,17.5353099152593
1,6.66989325063801,1,10.766460167068,1,7.11618300022108,1,21.1576262458877,0,16.9375152590573
1,7.03042802094276,1,15.6882705291563,0,3.98506248012381,1,22.4477254072224,0,17.136780144458
1,9.01336925761893,1,9.53600757654598,1,11.6705401203626,1,22.4477254072224,1,17.136780144458
1,5.22775416941898,1,12.9197522004817,1,13.9477186804333,1,21.9316857426885,1,16.9375152590573
1,9.01835893321013,1,15.3069323356727,1,11.8173153487058,1,21.109209527924,1,16.846292775503
1,5.41101535992608,1,9.0803835889584,1,9.56639813942847,1,21.7975533168781,1,17.0444844552148
1,9.31897089765047,1,19.4579648334823,1,4.78319906971424,1,20.8797615982727,1,17.6390594943502
1,6.3128512532471,1,7.52374640227982,1,14.6309618603024,1,20.1914178093187,0,17.6390594943502
0,3.60734357328405,0,9.8587021822977,1,16.0377851161007,1,20.1914178093187,1,16.846292775503
0,5.90178201546527,1,18.6417825321462,0,9.6148204966336,0,17.8649639760454,0,17.1360464692853
1,6.61714953249137,1,14.47479584849,0,11.5943423635876,1,20.485158692532,1,17.5392475626802
1,8.22672644580008,1,13.3782204054226,1,11.028764687315,1,18.8177620547678,1,17.5392475626802
1,7.33251704951746,1,15.3520562029439,1,12.7254977161327,1,20.0087596531708,1,16.9344459225878
1,6.97483329100441,1,14.913426025717,1,10.1803981729062,1,20.0087596531708,1,17.5392475626802
0,7.17646616831797,0,12.7252585828205,1,10.7160252006227,1,17.9419981502637,1,17.4533369889522
0,5.50752054777891,1,9.08947041630034,1,9.09238501871014,1,21.3061228034381,0,17.0654850558644
1,7.67714985447969,0,15.9974679326886,1,14.9374896735952,1,17.9419981502637,1,17.2594110224083
0,7.34336073037188,1,14.5431526660805,1,9.09238501871014,0,19.5119229884117,1,16.8715590893205
1,6.34199335804844,1,11.2709433162124,1,13.9633055644477,1,21.5303977803164,0,17.2594110224083
1,4.13937175231891,0,4.91066185977998,1,11.095200012388,1,21.7628737506204,1,17.1445231063798
1,9.04529382914132,1,18.7218983404112,0,7.49675676512701,1,22.2259136176549,1,16.9496989801709
0,5.05923214172311,1,11.6628219169775,1,10.4954594711778,1,19.447674415448,1,17.5341713587975
1,6.59233279073011,1,14.4250692131037,1,7.79662703573209,1,20.373754149517,1,17.1445231063798
1,7.20557305033292,0,14.4250692131037,1,8.69623784754733,1,20.373754149517,0,16.9496989801709
1,5.70735675583079,1,13.6602894070848,1,12.8666411385832,1,19.2908349426475,0,16.1267587247784
0,6.84882810699694,0,14.7754150729693,0,19.943293764804,1,20.6853531312727,1,17.3362656291368
0,4.89202007642639,1,15.6117593223827,1,10.2933129108666,1,19.7556743388559,1,16.3283432088381
0,4.56588540466463,0,13.3815079906137,0,18.0132975940165,1,20.2205137350643,1,16.9330966610173
0,4.89202007642639,1,14.4966336564982,1,14.7966373093707,1,20.2205137350643,1,17.3362656291368
1,7.47618240295505,1,16.1016454696809,1,13.3545704105147,0,22.1250896675983,1,17.3757345335878
1,8.35573327389094,1,15.4702083924385,0,15.8146228545568,0,21.5047600507498,1,17.182670816548
1,6.15685609655121,1,13.2601786220901,1,10.5430819030379,1,19.6437712002041,1,16.9896070995081
1,6.88981515566445,1,17.3645196241657,1,13.0031343470801,1,19.0234415833556,1,16.7965433824683
1,7.91595783842299,1,17.3645196241656,1,11.5973900933417,1,22.7454192844469,1,17.3757345335878
1,6.66180095927955,1,13.1178730644491,1,10.0955485201768,1,20.5147332676453,1,17.5254238171922
1,6.2075872575105,1,10.0313146963434,1,13.9248945105887,0,20.7306778283574,0,17.7180108921063
0,6.35899182476685,1,14.1467258538176,1,21.2354641286478,0,20.0828441462212,1,17.332836742278
0,8.78146490086851,1,15.9472182352126,1,7.65869198082381,1,20.0828441462212,1,17.332836742278
1,5.90477812299779,1,13.8895126564755,1,13.2286497850593,1,20.0828441462212,1,17.7180108921063
1,3.58026611914649,0,5.86651845440986,1,9.41498134342729,1,21.7069608854968,1,17.9494913920649
1,5.44200450110266,1,12.9552282534884,1,7.84581778618941,1,22.1639495357178,1,18.5545304277525
1,4.72595127727337,1,11.2441603709522,1,7.84581778618941,1,20.7929835850548,1,17.9494913920649
0,4.43952998774165,0,10.9997221020185,1,8.47348320908456,1,20.5644892599443,1,17.5461320349398
1,5.87163643540024,1,13.9329813292234,1,9.4149813434273,1,18.9650289841709,1,17.3444523563773
1,8.87851897772675,1,19.118128584317,1,9.35433892721056,0,17.2600367847497,0,17.6476164431276
1,8.00807594069472,1,17.0229912052137,1,12.3807426977787,1,20.8465379348275,1,17.2597567410808
1,7.31172151106909,1,16.7610990328258,1,7.15331800316102,1,17.9325057503893,1,17.6476164431276
1,6.61536708144346,1,15.7135303432742,1,6.87819038765483,1,19.0532873597886,1,17.6476164431276
0,5.57083543700502,1,15.7135303432742,1,9.07921131170437,1,20.3982252910678,1,17.0658268900574
1,6.48225108548701,1,14.313845102577,1,8.61257659776879,1,21.4013342119891,1,17.2324694496416
1,6.30705511020358,1,15.1240627498926,0,5.02400301536513,1,21.6153475541089,0,17.2324694496416
1,5.25587925850298,1,15.1240627498926,1,18.3017252702587,1,20.5452808435095,1,17.4328470013816
1,5.43107523378642,1,14.5839176516822,1,7.53600452304769,0,19.2612007907901,1,17.0320918979016
1,5.08068328321955,1,14.313845102577,1,15.4308664043358,1,22.8994276068283,1,17.2324694496416
1,6.49424177239236,1,16.5946607180597,1,13.341257596025,1,20.9460158319184,1,17.2936351415822
1,9.99114118829593,1,22.039783766173,1,8.41079283227662,0,17.7585786401047,1,16.9135552483606
1,6.82727981200222,1,16.8539522917794,1,8.99084751036466,1,18.8969490657525,1,17.1035951949714
1,6.82727981200222,1,17.6318270129384,1,9.28087484940869,1,21.4013640021775,1,17.483675088193
1,8.49247001005154,1,20.2247427501353,1,8.70082017132064,1,22.0843862575661,1,17.483675088193
1,9.09373549929819,1,24.9696939341577,1,8.46991697523811,1,21.0222544134375,1,16.4874790332747
1,7.97696096429666,1,20.4538982226611,1,9.63818138561578,1,19.1111403758523,1,17.2725970824783
1,5.26479423643579,1,15.9381025111645,1,8.17785087264369,1,19.5889188852486,0,16.6837585455756
1,5.10525501714986,1,13.0161170507843,1,8.76198307783253,1,20.0666973946449,1,17.0763175701774
1,5.58387267500766,1,9.82849654855142,1,9.05404918042694,1,20.0666973946449,1,17.2725970824783
1,7.37958205342453,1,9.66979092771847,1,8.17372327495615,1,20.4081285579781,1,17.0944972147464
1,6.02414861504043,1,14.112667840454,1,8.17372327495615,0,18.0623666547623,1,16.8957239913191
1,6.77716719192049,1,12.2832479352099,1,10.2171540936952,1,19.2352476063702,0,17.0944972147464
1,4.81931889203235,1,19.8622732569352,1,9.92523540530389,1,19.4698237966918,1,16.8957239913191
1,7.07837462267251,1,9.66979092771847,1,7.00604852139098,0,17.3586380837975,1,16.8957239913191
1,6.96443339483076,1,14.9263516721989,1,12.0879365663208,1,21.5736627199563,1,17.0681635436694
1,5.71440688806627,1,13.639597217699,1,10.5382011091002,1,22.5770888929775,1,17.862031615468
1,3.92865473554556,1,13.3822463267991,1,9.60835983476785,0,20.3193800036797,1,17.0681635436694
1,5.5358316728142,1,13.1248954358991,1,10.2282540176561,1,21.0719496334457,1,17.266630561619
1,6.42870774907455,1,13.3822463267991,0,14.2575662064297,1,21.322806176701,1,17.0681635436694
1,6.41684718137465,1,12.6931459701883,0,0.40259007212891,1,21.0698075978442,1,17.1545597408601
1,4.38223709947537,1,12.3591158130781,1,2.01295036064455,0,17.884836681891,1,17.7139475584968
1,5.32128790650581,1,15.36538722707,1,8.45439151470711,1,26.4597583786881,1,17.341022346739
1,5.94732177785943,1,11.3570253417474,1,5.63626100980474,1,20.8248098350786,1,16.9680971349812
1,6.88637258488987,1,15.3653872270701,1,5.63626100980474,1,23.5197852255005,1,17.1545597408601
1,7.561788466443,1,20.4154047688136,1,6.96301150614103,1,23.1160359254494,1,17.8138143508897
1,7.73364729522579,1,18.9743173733679,1,14.4233809770064,1,17.7150929522136,1,17.0476287874106
1,7.21807080887741,1,18.9743173733679,1,8.20640641795193,1,17.931130671143,1,16.664536005671
1,5.67134134983225,1,15.1314176521795,1,8.70376438267629,1,18.7952815468607,1,17.0476287874106
0,5.67134134983225,1,16.0921425824766,1,6.46565354141667,0,22.6839604875906,1,17.4307215691501
1,7.34525582427754,1,14.9744701702501,1,8.11503952412948,1,22.2770754344096,1,17.1308328951776
1,6.51056766242782,1,13.2560883474345,1,9.82346889763042,1,20.884758219759,1,17.3211754829018
0,9.8493203098267,1,15.4654364053403,1,8.54214686750472,1,23.2052869108433,1,17.3211754829018
0,7.1783181919076,0,9.81932470180335,1,4.27107343375236,1,19.7244938742168,1,17.1308328951776
1,6.00975476531799,1,12.2741558772542,1,8.11503952412948,0,21.5809168270843,1,16.9404903074534
1,6.35683032352036,1,12.8778791115323,1,9.37635703160598,1,20.2414155835677,1,16.6780058830106
1,7.85255510552516,1,18.0838302417262,1,8.33453958364976,1,20.2414155835677,1,16.2946034489184
1,6.54379592127096,1,12.3298842557224,1,9.37635703160598,1,21.3659386715437,1,17.2531095341489
1,6.54379592127096,1,13.9738688231521,1,9.72362951425805,1,20.6912248187581,1,16.8697071000567
1,6.73076151902156,1,13.9738688231521,1,9.37635703160598,1,21.8157479067341,0,17.0614083171028
0,5.21565288875237,1,9.38039771247062,1,15.6679025925342,1,20.5472583155236,1,17.0974816548335
1,10.4313057775047,1,19.5764821825474,1,12.2286069014901,1,21.9170755365585,1,16.8810578364179
1,8.09325448254678,1,15.2941267051151,1,8.02502327910286,1,24.4284071084559,1,17.0974816548335
1,5.75520318758882,1,11.6235362958875,1,11.4643189701469,1,17.5793210032813,1,17.0974816548335
1,6.47460358603742,1,13.2549098110998,0,6.11430345074504,1,18.9491382243162,0,16.8810578364179
1,6.25560095625711,1,13.8283557731368,0,6.09831113959361,1,20.4348870362671,1,17.4346093112948
1,6.43958921967644,1,11.4349865047093,0,14.5197884276038,1,21.9897153977222,1,17.245102688346
1,6.99155400993442,1,16.7535848789927,0,6.38870690814569,1,20.4348870362671,1,17.6241159342437
1,6.43958921967644,1,9.83940699242429,1,8.13108151945815,0,19.9906503615656,1,17.245102688346
1,6.43958921967644,1,15.689865204136,1,12.1966222791872,1,20.4348870362671,1,17.4346093112948
1,7.23027533347869,1,17.2243629101158,1,9.10889256031679,0,20.8421869116239,1,17.4161898989319
0,6.92260404269236,1,12.706497228774,1,9.44625895143963,1,22.3779269998488,0,17.2160038081395
1,7.38411097887185,1,17.2243629101158,1,9.10889256031679,1,21.2809697939739,1,17.0158177173472
1,7.07643968808553,1,14.9654300694449,1,9.10889256031679,1,21.5003612351489,0,16.2150733541779
1,7.23027533347869,1,15.8125298846965,1,9.78362534256248,1,19.9646211469239,1,16.8156316265549
1,5.88754184324342,1,14.9717478650366,1,12.6569011399675,1,18.9597281325469,1,16.9087102237298
1,7.50661585013537,1,12.6428093082532,0,18.522294351172,1,22.1607211938859,0,17.1124296240157
1,7.21223875797319,1,14.9717478650366,1,8.64373736388026,1,22.1607211938859,1,17.3161490243016
1,7.65380439621645,1,12.9755148163651,0,15.7439501984962,1,20.9295700164478,1,17.1124296240157
1,5.88754184324342,1,16.9679809137082,0,9.261147175586,1,20.190879309985,1,17.1124296240157
1,5.26649285062085,1,12.0160699572813,1,11.0048411572847,1,22.1363733971307,1,17.7217700592475
0,6.34679907638923,1,13.8056973977274,1,11.9617838666138,1,21.7023268599321,1,16.7586303821145
1,6.61687563283132,1,13.8056973977274,1,7.17707031996827,1,19.9661407111375,1,16.7586303821145
1,7.15702874571551,1,12.7830531460439,1,13.875669285272,1,20.1831639797368,1,17.1438862529677
0,6.75191391105237,1,12.527392083123,1,10.0478984479556,1,19.0980476367402,0,16.7586303821145
1,5.75228894679773,1,11.2056340499501,1,9.70577929486817,0,17.7526043517072,0,17.105517971049
1,8.7212122741772,1,20.1701412899101,0,9.40247369190354,1,18.6869519491655,1,17.6821084644551
1,9.64900081398328,1,26.5733607470245,1,14.8619745452669,0,19.6212995466237,1,16.9133211399136
1,8.90676998213841,1,23.691911991323,1,9.09916808893891,1,20.0884733453529,1,17.2977148021843
1,7.23675061048746,1,17.2886925342087,0,16.0751969571254,1,21.0228209428111,1,17.4899116333197
1,5.69408895411518,1,13.4566505823601,1,9.42911926461354,1,20.2438671081541,1,17.3107180122227
1,6.36398177224637,1,10.9176599064431,1,6.94777208971524,1,21.2435642492975,1,17.3107180122227
1,5.69408895411518,1,11.1715589740348,1,9.67725398210337,1,21.2435642492975,1,17.3107180122227
1,7.03387459037757,1,11.1715589740348,1,8.68471511214405,0,20.49379139344,1,17.3107180122227
1,5.52661574958238,1,9.14036643330119,1,8.18844567716439,1,19.4940942522965,1,16.7336940784819
1,6.55532477015877,1,12.3478533094362,1,9.67312158486038,1,19.0542865631259,1,17.399423611971
1,7.989302063631,1,11.5246630888072,1,9.06855148580661,1,20.0070008912822,1,17.399423611971
1,8.60386376083338,1,13.7198370104847,1,6.04570099053774,1,20.0070008912822,1,17.399423611971
1,7.989302063631,1,14.5430272311138,1,10.8822617829679,0,20.7215366373994,1,17.0127697539272
1,5.53105527482146,1,14.2686304909041,1,9.97540663438726,1,21.1978938014776,1,16.6261158958834
1,8.40008631126293,1,16.445833690559,0,13.5826416792732,1,22.7108258090421,1,17.4753726816813
0,7.48703345134305,1,16.445833690559,1,11.9527246777604,1,21.6666499097758,1,17.2673325307089
1,7.1218123073751,0,13.3428462017743,1,8.96454350832028,1,21.4056059349592,1,17.4753726816813
1,8.03486516729498,1,15.2046386950451,1,13.3109888456877,1,22.4497818342255,1,17.4753726816813
0,6.93920173539112,0,11.170754959625,1,17.9290870166406,1,22.9718697838587,1,17.6834128326537
0,4.82317610687137,0,8.35047271982185,1,9.15212060396545,1,20.4600025917298,1,17.2343476313822
0,8.36017191857704,1,17.1523223434179,0,16.2123279270245,1,20.6898902612998,1,17.4216774969407
1,5.78781132824564,1,12.8642417575634,1,12.8129688455516,1,19.7703395830198,1,17.2343476313822
0,5.62703879134993,1,15.1211262764342,0,6.27573984271917,1,20.4600025917298,1,17.6090073624992
1,5.94858386514135,1,14.2183724688859,1,9.41360976407875,1,19.7703395830198,1,16.8596879002652
1,7.35707963062763,1,16.3560177629905,1,6.66991014118318,0,22.4606735707824,1,17.696872512476
1,5.97762719988495,1,10.7605380019675,1,15.8697861979876,1,19.3778360218515,1,17.1069767620601
1,7.20380713832289,1,12.6974348423216,1,17.0197707050881,1,21.35966016045,1,17.3036086788654
1,8.42998707676083,1,15.0647532027544,1,6.20991633834296,1,21.1394574783835,1,17.5002405956707
1,7.66362461523712,1,12.4822240822822,1,14.4898047894669,0,20.038444068051,1,17.3036086788654
1,7.00872217327538,1,16.4518015551836,1,13.0062738675524,1,22.0421812400782,1,17.1936325879338
1,7.35915828193915,1,17.8227850181156,1,10.8385615562937,1,22.7169418902847,0,17.4033110341281
1,5.6069777386203,1,12.0646544738013,1,7.74182968306692,1,22.9418621070202,1,17.4033110341281
1,7.35915828193915,1,17.2743916329428,1,6.19346374645354,1,22.2671014568137,1,17.1936325879338
1,5.95741384728407,1,12.8872445515605,1,9.59986880700299,1,21.8172610233427,1,17.4033110341281
1,6.50145463542407,1,11.8402432212291,1,6.73545541548595,1,21.3725775736783,1,17.3371528276335
1,6.12994294197127,1,12.115597714746,1,11.0936912725651,1,19.4296159760712,1,17.133186323779
1,6.50145463542407,1,12.9416611952969,0,16.6405369088477,1,18.1343082443331,1,16.9292198199245
1,7.05872217560328,1,15.4198516369495,1,15.4519271296442,1,17.9184236223767,1,16.72525331607
1,10.0308157232257,0,15.1444971434325,1,9.50887823362723,0,16.839000512595,0,16.7252533160699
1,7.06569336083202,1,12.5881597755202,1,6.66807994174341,1,20.3218349964243,1,17.167118621418
1,8.11803066989211,1,16.784213034027,1,12.5516798903405,1,21.0390762315922,1,16.9627481616392
1,8.71936627506931,1,15.8517567543588,1,10.1982399109017,0,20.560915408147,1,17.7802300007544
0,7.21602726212632,0,11.422589425935,1,13.3361598834868,1,20.7999958198696,1,17.5758595409756
1,5.56235434788904,1,13.0543879153543,1,12.1594398937674,1,20.3218349964243,1,17.3714890811968
0,6.30945290412716,0,15.5742906954284,1,6.6282596113897,1,24.8113131890967,1,17.3830263186012
1,7.30568231004198,1,15.0180660277345,1,11.4006065315903,1,19.3838384289818,1,17.3830263186012
1,6.9736058414037,1,13.9056166923468,1,13.521649607235,1,22.4852525776189,1,17.1710381927646
0,5.64529996685062,1,16.1305153631223,1,2.65130384455588,1,23.7775084728844,1,16.959050066928
1,6.14341466980803,1,12.7931673569591,0,7.15852038030088,1,22.743703756672,1,17.5950144444378
0,7.90302273912846,0,13.2232592803965,1,6.87308498282824,1,21.5790663419226,1,17.4967986068348
1,10.0104954695627,1,14.1908148374987,1,9.16411331043765,1,20.1242978244896,1,17.2933474602437
1,7.20053182898371,1,15.4808889136349,1,8.83682354935059,1,21.8215277614948,0,17.2933474602437
1,7.55177728405609,1,14.5133333565328,1,7.52766450500235,1,21.0941435027783,1,17.7002497534259
1,7.02490910144752,1,14.1908148374987,1,8.83682354935059,1,20.609220663634,0,17.0898963136526
1,6.97219640766266,1,16.0144201710216,1,5.97339175350678,1,22.6191329667541,1,17.9111863808507
1,6.97219640766266,0,13.2048727725967,1,12.6495354780144,1,20.8957704550014,1,17.5418835688744
1,5.19206115464241,1,11.5191443335418,0,11.2440315360128,1,21.7574517108778,1,17.9111863808507
1,5.78543957231583,1,12.0810538132268,1,9.83852759401116,1,20.0340891991251,0,17.3572321628862
1,6.37881798998925,1,12.6429632929118,1,11.2440315360128,1,19.3878282572178,1,16.9879293509099
1,9.39529531282911,1,15.9895056326509,1,8.74874086237503,1,21.6224048999517,1,17.0605843651546
1,6.7332949741942,1,12.8440291147524,1,8.74874086237503,1,21.4124786387871,1,17.6772319928108
1,7.20305973983565,1,13.630398244227,1,8.12383080077681,1,21.4124786387871,1,16.6494859467172
1,5.16741242205601,1,13.8925212873852,0,10.3110160163706,1,23.5117412504329,1,17.6772319928108
1,7.04647148462183,1,10.4849217263285,1,7.18646570837949,1,21.2025523776225,1,17.4716827835921
1,7.91912097445393,1,19.1235044861535,0,13.6169818811177,1,20.1124435996769,1,16.9521707384309
1,6.43428579174382,1,14.2260216299434,1,11.1411669936417,1,20.1124435996769,1,17.1448090422767
1,7.09421253961498,1,15.3920889766601,1,9.65567806115618,1,20.1124435996769,0,17.3374473461226
1,5.93934073084045,1,8.39568489636007,1,7.92260763992302,1,21.4995086755167,1,16.9521707384309
1,6.43428579174382,1,10.2613926511067,1,11.3887484823893,1,20.5747986249568,0,16.9521707384309
1,5.89402812803175,1,18.5467422567,1,11.1796104412973,1,20.1227661274317,1,17.2442787661755
0,6.9991584020377,1,20.40141648237,1,9.75242612964235,1,20.5853584522003,1,17.6361941926794
0,5.52565137002976,1,18.5467422567,1,9.99029018158485,1,19.4288776402789,1,18.0281096191834
1,5.34146299102877,1,18.5467422567,1,9.75242612964235,0,20.354062289816,0,16.6564056264195
1,6.07821650703274,1,13.6782224143162,1,9.27669802575736,1,20.354062289816,1,17.8321519059314
1,7.12873614492464,1,14.6392230622113,0,6.16777409920938,1,20.4874034361355,1,16.8962263231944
0,5.34655210869348,0,7.01462771730957,1,10.5733270272161,0,18.8939387244361,1,17.952240468394
1,8.76240484480321,1,17.994045013968,1,10.5733270272161,0,16.3899227489084,1,17.1074291522343
1,6.23764412680906,1,10.6744334828624,0,7.92999527041206,1,18.2110252765649,1,16.8962263231944
1,6.83170547221945,1,14.6392230622113,0,4.99295998507426,1,17.9833874606078,1,17.7410376393541
1,5.18702953956697,1,16.571614619792,0,7.06734954496583,1,20.5938028355525,1,17.0684833830078
1,6.66903797944324,1,13.0399590450823,1,6.45279741062097,0,21.0783629022714,1,18.2733175041613
1,5.3722805945515,1,12.2249616047646,1,9.83283414951767,1,21.5629229689902,1,17.4700947567256
0,5.3722805945515,1,11.409964164447,1,9.21828201517281,1,20.5938028355525,0,16.8676776961489
1,6.11328481448964,0,6.24831370910191,1,8.60372988082796,1,20.1092427688336,1,16.2652606355721
1,7.8873160886644,1,8.13682630764237,1,8.99199804635375,1,19.9099032358436,1,17.4339894114744
1,6.90140157758135,1,12.57509520272,1,10.1909311192009,1,19.9099032358436,1,17.244489526567
1,7.8873160886644,1,18.7393575569945,1,9.29173131456554,1,19.4468822303589,1,17.244489526567
1,6.73708249240084,0,7.39711482512942,1,8.99199804635375,1,18.9838612248741,1,17.4339894114744
1,7.23003974794236,1,17.0133640977977,1,8.99199804635375,1,20.8359452468131,1,17.244489526567
0,5.19941874740649,0,14.3866421442632,1,12.897618521286,1,20.4402988792619,1,17.2959079861633
1,6.09587025558002,1,17.0841375463125,1,7.37006772644913,1,20.4402988792619,1,17.0947927770219
1,5.19941874740649,1,12.2885901648915,1,10.748015434405,1,20.6752448433914,1,17.0947927770219
1,5.19941874740649,1,11.389425030875,1,7.37006772644913,1,19.970406951003,1,16.8936775678804
1,4.30296723923296,1,6.59387764945396,1,3.37794770795585,1,19.5005150227441,1,16.692562358739
1,7.50428959609643,1,15.4068017725782,1,11.6697203820154,1,19.3374406895218,0,16.5080023600651
1,7.82362106827075,1,14.9253392171851,1,12.3990779058913,0,23.4811779801337,0,16.9156073566099
1,7.66395533218359,1,18.7770396603297,1,10.5756840962014,1,21.4093093348278,1,16.7118048583375
1,7.34462386000927,1,15.6475330502747,1,6.19953895294566,1,20.2582711985467,1,16.9156073566099
1,7.50428959609643,1,15.1660704948817,0,7.65825400069759,1,20.4884788258029,1,17.3232123531548
1,6.72292100626145,1,13.1534392712891,1,10.0750496907252,1,18.1702115982664,1,16.7263751200392
1,5.00310400465968,1,16.07642577602,0,6.38086480412597,1,22.031381562898,1,17.504346055855
1,6.41022700597021,1,15.4918284750738,1,9.40337971134354,1,18.1702115982664,1,16.5318823860852
1,7.19196200669829,1,11.1073487179774,0,5.03752484536261,1,21.8042539179196,1,17.6988387898089
1,6.2538800058246,1,14.3226338731814,1,8.06003975258018,1,20.2143604030713,1,17.1153605879471
1,7.4745956995757,1,16.2492376925492,1,9.41230299747482,0,22.2687844368717,1,17.3330481911997
1,7.83052882812692,1,13.2401196013364,1,4.70615149873741,1,19.8997648159279,1,17.3330481911997
1,8.00849539240253,1,15.6474140743066,1,8.23576512279047,1,18.4783530433616,0,17.3330481911997
1,8.54239508522937,1,16.2492376925492,1,8.23576512279047,1,20.6104707022111,1,17.532278630179
1,8.00849539240253,1,14.4437668378215,1,8.23576512279046,1,22.5056863989661,1,17.532278630179
1,3.6245525117462,1,7.53077252108718,1,11.1209366335673,1,24.2716991556096,1,17.1674740104278
1,6.77633730456897,1,13.44780807337,1,7.86602835057196,1,17.9790364115627,1,16.9723890784911
0,2.67901707389936,0,6.72390403668497,1,5.15360478140922,1,21.3501057387307,0,16.9723890784911
1,4.41249870995189,1,12.103027266033,1,6.78105892290687,1,20.226415963008,1,16.9723890784911
1,4.41249870995189,1,9.95137797429376,1,10.0359672059022,1,22.2490575593088,1,16.9723890784911
1,7.70547809326754,1,15.6316400355545,1,13.2188904105622,1,19.9618789319654,1,17.1459166638247
1,8.37551966659515,0,15.8684830663963,1,8.55339967742258,1,20.6833926283015,1,17.1459166638247
0,5.6953533732847,0,13.7368957888207,1,12.9596964809433,1,19.7213743665201,1,17.1459166638247
1,8.54303005992705,1,15.8684830663963,1,13.7372782697999,1,22.3669245864191,1,17.3476333304579
1,7.87298848659944,1,17.7632273131302,1,12.7005025513244,1,21.645410890083,1,17.3476333304579
1,6.20885025330027,1,13.0354056126129,1,8.16173671636143,1,24.3087243791724,1,16.7053620014825
1,6.69902264171872,1,13.5568218371174,1,8.72461511059326,1,23.006471287431,1,16.8930626981284
1,6.8624134378582,1,12.2532812758561,1,6.19166233655005,1,20.1849229219914,1,17.456164788066
1,7.6793674185556,0,11.7318650513516,1,14.6348382500274,1,22.5723869235172,1,17.8315661813577
1,7.18919503013716,1,9.38549204108126,1,16.8863518269547,1,20.836049467862,1,17.456164788066
1,6.77822331291393,0,14.885147528287,1,9.8029962889815,1,24.1292667690572,0,17.0040506225654
1,6.77822331291393,1,14.885147528287,1,10.6199126463966,1,23.6212822054981,1,17.0040506225654
0,5.59940186718977,1,13.3966327754583,1,13.6152726235854,1,21.3353516694821,0,17.0040506225654
1,5.59940186718977,1,13.3966327754583,1,8.71377447909467,0,18.033452006348,1,17.0040506225654
1,6.63087063219841,1,16.3736622811157,0,13.6152726235854,1,19.3034134152457,1,17.0040506225654
1,6.88659617970317,1,13.8266278571638,1,13.3493192789271,0,19.7858637482823,1,17.4050367217512
1,6.71001679048002,1,12.962463616091,1,10.2503701606047,1,20.2744035939189,1,17.4050367217512
1,7.94607251504213,1,15.8430110863335,1,9.77360875778588,1,20.5186735167372,1,17.6074208696785
1,3.17842900601685,1,6.04914968750916,1,11.4422736676518,1,20.7629434395555,1,17.4050367217512
0,4.59106411980212,0,9.21775190477586,1,12.15741577188,1,19.2973239026457,1,17.2026525738239
1,6.84324954314847,1,13.0180669872066,1,9.07517781520844,1,15.9583766932258,1,16.9766788273545
1,6.69764848903893,1,15.1434656789954,1,12.4783694959116,1,18.4661216021613,1,17.1612079450432
1,7.57125481369618,0,17.5345392072578,1,14.4635646429884,1,16.6423071229355,1,17.3457370627318
1,8.15365903013435,1,17.8002140437314,0,10.77677365556,1,17.7821911724516,0,16.7921497096659
1,8.29926008424389,1,17.2688643707842,1,11.3439722690105,1,22.5697041804194,1,17.1612079450432
1,7.80352499395553,1,13.1225048479587,1,7.12846542303197,1,20.704836575868,1,17.1243270369846
0,7.80352499395553,1,14.3375515931401,1,15.0206949985316,1,19.9084967075654,1,16.9019331793614
1,6.82808436971109,0,12.8794954989224,1,10.4381100837254,1,20.9702831986356,1,16.9019331793614
1,6.82808436971109,1,14.5805609421763,1,13.2385786427737,0,21.2357298214031,1,16.9019331793614
1,7.47837811920738,1,14.5805609421763,1,10.1835220329028,1,20.173943330333,1,17.3467208946078
1,7.31127087688499,1,17.7619798009148,1,13.595406922336,1,19.2950923800076,1,17.486107883082
1,7.49873936090768,1,16.6160456202106,0,7.61342787650815,1,20.0668960752079,1,17.2874021116833
1,7.68620784493038,1,17.4754962557387,1,15.2268557530163,1,19.8096281768078,1,17.0886963402847
1,9.3734242011346,0,17.7619798009148,1,11.1482336763155,1,19.8096281768078,1,17.8835194258793
1,8.62355026504384,1,21.4862658882034,1,13.595406922336,1,20.5814318720081,1,17.2874021116833
1,4.49547154968671,1,12.8327460865443,1,10.7114949608554,1,20.0426979339383,1,17.3146100768255
1,5.16146733482549,1,15.097348337111,1,10.1324952332416,1,20.2932316581126,1,16.5275823460607
1,5.32796628111018,1,14.8457258648258,1,8.97449577801398,1,21.5459002789837,1,16.9210962114431
1,6.16046101253364,1,14.5941033925406,1,12.7379940075037,1,19.7921642097641,0,16.9210962114431
1,5.16146733482549,1,13.5876135033999,1,14.1854933265382,1,20.5437653822868,1,16.9210962114431
1,6.19514273870612,1,12.1556203077461,1,6.77403185545912,1,20.3953360142157,1,17.5690938020982
1,6.53931733530091,1,15.975958118752,1,9.1302168486623,1,21.9061016448984,1,17.3738816487416
0,7.57184112508526,1,17.0178684308445,1,7.95212435206071,1,20.1435417424353,1,17.3738816487416
1,8.9485395114644,1,20.8382062418504,1,8.8356937245119,1,22.1578959166788,1,16.7882451886716
1,6.88349193189569,1,16.6705649934803,1,9.13021684866229,1,19.388158927094,1,17.9595181088115
1,7.19151547588115,1,13.462675538821,0,11.3174416612913,1,19.417532573588,1,17.2461894748867
1,6.37429780816738,1,13.2133667325465,1,10.2222053714889,1,21.6296565376677,1,17.6472636487213
1,5.55708014045361,1,15.4571459890167,0,12.7777567143612,0,22.6128227439253,0,17.0456523879694
1,8.17217667713767,0,11.2188962823508,0,8.39681155515162,1,22.3670311923609,1,17.6472636487213
0,4.9033060062826,1,13.7119843450954,1,10.9523628980239,1,21.6296565376677,1,17.0456523879694
0,5.03651846341462,1,15.7582125656348,1,12.3645560844583,0,18.0696222875945,1,17.5350719409604
1,6.41011440798224,1,19.7565650076615,1,8.72792194197058,1,19.6507142377591,1,17.7299060736378
0,6.41011440798224,1,14.1118321483297,0,6.18227804222916,0,19.6507142377591,1,17.3402378082831
1,7.47846680931261,1,12.4654517310245,1,14.1828731557022,0,20.3283250735439,1,17.5350719409604
1,5.03651846341461,1,12.9358461359689,1,10.9099024274632,0,19.876584516354,1,17.7299060736378
1,6.14754030301419,1,15.4974874185997,1,8.34287101144956,1,20.2073243900918,1,16.7568603623231
0,4.99487649619903,1,8.13618089476486,1,11.2197230843632,1,19.9695911619731,1,17.5454184970207
1,6.33965093748338,1,12.7854271203448,1,13.8088899499855,1,22.3469234431603,1,16.9539998959975
1,7.10809347536016,1,10.0733668220898,1,9.49361184061501,1,20.4450576182105,1,17.7425580306951
1,7.68442537876773,1,12.3979899348798,1,7.47981538957546,1,21.6337237588041,1,17.1511394296719
1,5.8192375836281,1,17.0079039219401,1,10.896406942656,0,17.9529574333874,1,17.1123050200638
1,6.81276595156461,1,18.2227542020787,1,8.9895357276912,1,20.6799889422564,1,17.3024417425089
1,6.24503545560089,1,17.7368140900233,1,7.6274848598592,1,20.4527363165173,1,17.4925784649541
0,2.83865247981859,0,17.7368140900233,1,12.8032781576208,0,18.4074626848656,1,17.4925784649541
1,5.96117020761903,1,16.0360236978293,1,14.1653290254528,0,19.0892205620828,0,17.3024417425089
1,6.02540349706352,1,12.5885961186894,1,10.9025994945959,1,19.9498189004463,1,17.2913229989676
1,4.40883182711965,1,9.30461452250953,1,10.6430137923436,1,22.0721400600683,1,17.2913229989676
0,4.9966760707356,0,9.30461452250953,1,10.6430137923436,1,22.2843721760305,1,17.2913229989676
1,6.46628667977548,1,12.3149309856744,1,10.123842387839,1,21.4354437121817,1,16.8983383853547
1,5.29059819254358,1,9.03094938949454,1,10.123842387839,1,21.4354437121817,1,17.0948306921611
1,5.91582741359065,1,11.7083064506199,0,5.02126364725473,1,24.0389109069295,1,17.2187698759511
1,6.22718675114805,1,8.60904886074995,1,12.5531591181368,1,19.6681998329423,1,17.4122392003999
1,6.38286641992675,1,12.0526684050499,1,6.59040853702182,1,22.5820072156004,1,17.0253005515022
1,5.91582741359065,1,8.95341081517994,1,5.96275058111499,1,19.182565269166,1,17.0253005515022
1,6.07150708236935,1,14.4632020860599,1,7.84572444883551,1,20.8822862423832,1,17.0253005515022
1,6.74084452124949,1,12.9386243500914,1,8.13846933317588,1,20.4685350088171,1,17.2459576792715
1,6.88738461953752,1,14.2863977198926,0,6.45464809182914,0,19.5588223417585,1,17.6292011832553
1,5.8616039315213,1,10.7821869584095,1,8.13846933317588,1,20.4685350088171,1,17.2459576792715
1,6.44776432467343,1,10.5126322844493,1,11.5061118158693,0,20.0136786752878,0,17.4375794312634
1,7.32700491440162,1,13.4777336980119,1,8.98037995384924,1,20.4685350088171,1,17.2459576792715
1,5.42312718531009,1,14.4403340129812,1,14.9576363084649,1,20.5444163346304,1,17.0966271119855
1,6.66269911338096,1,13.874046404629,1,9.10464818776123,1,19.377119951981,1,17.2954251016597
0,4.02860876623035,1,6.79545130022643,1,10.73047822129,1,19.377119951981,0,16.8978291223112
1,4.80334122127465,1,13.0246149921007,1,5.85298812070365,1,19.6105792285108,1,17.2954251016597
1,9.45173595154044,1,15.5729092296856,1,5.52782211399789,1,18.4432828458614,1,17.0966271119855
1,5.34495675235609,1,12.2002112828522,1,7.79896799004117,1,22.1113210095538,1,17.1375665265549
1,6.29941331527682,1,12.2002112828522,0,4.52843302647552,1,19.145168191199,1,17.1375665265549
0,6.68119594044512,1,14.4476186244302,0,5.28317186422144,1,18.8755179349849,1,17.5555559540319
0,6.87208725302926,1,14.1265604327762,0,8.55370682778709,1,19.145168191199,1,17.7645506677704
1,7.06297856561341,1,14.7686768160843,1,10.0631845032789,1,19.9541189598412,1,17.1375665265549
1,6.91610673795524,1,12.497186271036,1,12.2275499679225,1,21.5458788695457,0,16.9523174079366
1,6.69300652060184,1,10.7118739466023,1,18.3413249518837,1,20.8725701548724,1,17.154130710412
1,7.36230717266203,1,12.497186271036,1,9.55277341243943,1,20.648133916648,1,17.154130710412
1,8.2547080420756,1,14.2824985954697,1,18.3413249518837,1,21.5458788695457,1,16.9523174079366
1,7.13920695530863,1,11.7320524177072,1,11.4633280949273,1,18.1793352961792,1,17.3559440128875
1,7.78081404452131,1,10.9356269328989,1,16.6981288114968,1,20.4545510238516,1,17.6848254644936
1,6.48401170376776,1,10.9356269328989,1,5.6444379081116,1,21.1598803695017,1,17.3201898879061
1,7.34854659760346,1,20.689023927106,1,6.58517755946354,1,21.1598803695017,1,17.5025076761999
1,6.05174425684991,1,9.4578395095342,1,12.4648003804131,1,18.5736727687848,1,17.1378720996124
1,6.91627915068561,1,9.4578395095342,1,4.2333284310837,1,18.8087825506682,1,18.2317788293749
1,5.40798650562227,1,14.1256975734592,1,11.4218101551376,0,20.980568292581,1,17.1511328540765
1,7.53840543207953,1,11.8953242723867,1,8.78600781164427,0,20.0583455104895,1,16.9539933959837
0,4.75247298978927,1,10.9040472496878,1,21.3792856750011,1,20.5194569015353,1,16.9539933959837
1,6.55513515833003,1,12.6387820394108,0,13.1790117174664,1,20.980568292581,1,16.9539933959837
1,10.8159730112445,1,16.1082516188569,1,15.8148140609597,1,20.7500125970581,1,16.9539933959837
1,5.76138218638985,1,12.7196903526982,1,10.3611200626662,1,20.6648272206961,1,17.3442625104064
1,4.83212699503665,1,12.430606481046,1,10.0373350607079,1,19.0021399730539,0,17.3442625104064
1,7.24819049255497,1,12.7196903526982,1,6.7994850411247,1,20.9023539703593,0,16.9212317174696
1,4.27457388022473,0,13.8760258393071,1,10.0373350607079,0,21.3774074696856,1,17.3442625104064
1,7.06233945428433,1,14.4541935826116,1,11.3324750685412,0,21.6149342193488,1,17.132747113938
1,8.49965680817967,1,15.3139102135239,0,6.92147933179787,0,18.2130305505693,1,17.1411026803656
1,5.31228550511229,1,15.3139102135239,0,3.72695040942962,0,19.4436407229051,1,16.5361225857644
1,6.37474260613475,1,14.3950756007124,1,10.6484297412275,1,20.6742508952409,1,16.7377826172982
1,9.71389349506248,1,13.476240987901,1,7.98632230592062,1,20.1820068263066,1,16.7377826172982
1,5.31228550511229,1,14.3950756007124,1,7.18769007532856,1,18.7052746195037,0,16.9394426488319
1,8.03722812947896,1,7.20328445268872,1,7.12774541134964,1,20.3564453865334,1,16.9453607902376
1,8.5395548875714,0,14.88678786889,1,8.74768755029274,1,21.4749313967825,1,16.7505865282808
1,5.19070983362183,1,4.56208015336952,1,9.7196528336586,1,17.2246845578359,1,17.7244578380646
1,5.35815208631931,0,5.52251808039469,1,11.6635834003903,1,19.2379593762843,1,17.5296835761078
1,6.86513236059661,1,15.1268973506463,1,11.0156065448131,1,20.5801425885832,1,17.3349093141511
1,7.39126500207547,1,18.3891941441523,1,12.2176585699107,1,21.3464671396836,1,17.5126397148566
1,8.02030883203934,1,17.9115527378107,1,12.5156502423476,1,20.4751827666353,1,17.318054829136
1,5.66139446967483,1,17.1950906282983,1,14.6015919494055,1,21.3464671396836,1,17.5126397148566
1,5.97591638465676,1,16.9562699251275,1,10.1317168628528,1,20.6930038598974,1,17.318054829136
1,5.18961159720192,1,20.7774011758604,1,7.74778348335803,1,19.1682562070628,1,17.5126397148566
1,6.76196863305572,1,13.9153345162912,1,11.9439622804326,0,20.1306362835351,1,17.8646738975312
1,7.82964789090662,1,12.7053054279181,1,11.0251959511686,1,22.7281377394751,1,17.275728604206
0,1.77946542975151,0,2.72256544883959,1,11.3314513942566,1,22.7281377394751,0,17.079413506431
1,9.78705986363328,1,16.6378999651308,1,12.8627286096967,1,21.8623039208285,1,17.4720437019811
1,5.69428937520482,0,10.5877545232651,1,10.7189405080806,1,22.0787623754901,1,17.079413506431
1,7.85274210485469,1,13.2564622001906,1,10.2772429060085,1,20.087193365026,1,16.8430383068818
1,5.99288213265226,1,9.79825466970611,1,11.2718148001384,1,18.6351070976747,0,16.6448849150361
1,6.61283545671974,1,14.1210140828117,1,12.9294346236882,1,20.3292077429179,1,17.8338052661101
1,8.26604432089967,1,12.9682782393169,1,11.6033387648484,1,19.1191358534585,1,17.4374984824188
1,6.19953324067475,1,21.0374291437808,1,12.2663866942683,1,19.8451789871341,1,17.4374984824188
1,7.67024639818322,1,15.2349163505709,1,11.6442541070812,1,20.0034402215489,1,17.0052013979679
1,6.73485049596576,1,14.5725286831548,1,9.03023787896094,0,20.4797126077762,1,16.8074664979915
1,6.92192967640925,1,12.143773902629,1,11.6442541070812,1,20.0034402215489,1,17.0052013979679
1,6.73485049596575,0,15.6765081288483,1,9.98078923464104,1,21.432257380231,1,17.2029362979442
1,7.29608803729623,0,13.6893451266,1,7.36677300652077,1,22.6229383457993,0,17.4006711979206
1,6.56366675156327,1,13.2027125350179,1,10.4541473478064,1,22.687439167712,0,17.3262063605353
1,7.55816171392135,1,16.7234358776894,1,8.16730261547378,0,20.0442423714737,1,17.5166042326291
1,5.37027279673359,1,10.8555636399036,1,10.7808394524254,0,22.4671727680255,1,17.3262063605353
1,7.95595969886458,0,14.9630742063537,1,9.14737892933063,1,21.1455743699063,1,17.5166042326291
1,8.3537576838078,1,15.8432550420215,1,8.16730261547377,1,17.6213119749219,1,17.8973999768167
1,6.74237724792398,0,19.6685508725134,1,11.3629090321612,1,20.2006200812563,1,16.8913069449735
1,6.56015083581793,1,17.7563306487968,1,13.7732230692862,0,21.4791403395637,1,17.2887494613258
0,2.3689433573787,1,13.1123672483423,1,8.26393384157175,1,19.9449160295948,1,17.2887494613258
1,6.56015083581793,1,15.2977617897326,0,12.7402313390898,1,20.7120281845792,0,17.0900282031497
1,9.11132060530267,1,13.1123672483423,1,9.29692557176821,1,21.2234362879022,1,17.0900282031497
1,7.79264820919731,1,15.0958039448922,1,13.6813715604497,0,20.3209042234218,1,16.8833738645634
1,5.54143872654031,1,11.1577681331812,1,9.12091437363312,1,20.5442108632396,0,17.4399686073512
1,6.23411856735785,0,12.4704467370848,1,9.47171877261901,1,20.3209042234218,1,17.0689054454926
1,10.0438576918543,1,20.0183487095309,1,6.314479181746,1,20.9908241428752,0,17.2544370264219
1,6.58045848776661,1,13.4549556900126,1,11.5765451665343,1,23.2238905410534,1,17.0689054454926
1,6.5900157718102,1,16.023269544561,1,12.7559598360007,1,20.9440461011527,0,17.4667130172922
1,8.28459125598997,1,14.9782737046984,1,2.17122720612778,1,20.2962920980243,1,17.2726384282112
1,7.34316043144565,1,14.6299417580775,1,14.1129768398306,1,19.432620093853,1,17.2726384282112
0,8.47287742089883,0,13.9332778648357,1,7.8706986222132,1,20.9440461011527,1,17.0785638391302
1,8.84944975071656,1,14.6299417580775,1,11.3989428321708,1,19.432620093853,1,17.2726384282112
1,7.72116319397307,1,14.9800362863979,1,10.7839960734311,1,22.0706152377806,1,17.4064807821124
1,4.88481753088092,1,9.2876224975667,1,13.5570236351705,1,20.0014950592387,1,17.6088817214393
1,9.4544855436405,1,19.1744464465893,0,4.92982677642564,1,20.2313973012989,1,17.6088817214393
1,7.24843891679105,1,13.1824319320302,1,11.0921102469577,1,20.4612995433591,1,17.6088817214393
1,6.9332893986697,1,12.5832304805742,1,7.39474016463847,1,19.7715928171785,1,17.8112826607662
1,7.44958652649969,1,14.0800160423669,1,8.39691159595214,1,22.6586725319503,1,17.4345848076074
1,5.23056075264872,1,9.38667736157794,1,8.06103513211406,1,21.6735128566481,1,17.4345848076074
1,10.1441178233187,1,23.4666934039448,1,10.4121703789807,1,20.6883531813459,1,17.0041012321109
1,7.7665902084784,1,14.9600170450148,1,9.06866452362831,1,20.9346431001714,1,17.2193430198592
1,6.3400736395742,1,16.1333517152121,1,9.74041745130448,1,22.6586725319503,1,17.4345848076074
1,5.04563199672515,1,8.38119243634943,1,7.58702755022905,1,23.506158968031,1,17.2987223500566
1,8.00341627066748,1,18.3144575460969,1,12.864959759084,1,18.8565890622666,1,17.0903040084896
0,3.13177158417423,0,8.38119243634943,1,11.8753474699237,1,20.4064456975214,1,16.8818856669227
1,3.82772082510184,1,10.5540941791067,1,7.58702755022905,1,20.4064456975214,0,17.0903040084896
1,8.35139089113129,1,15.5207267339804,1,14.1844428112978,1,20.9230645759396,0,17.0903040084896
1,8.91988403193952,1,14.1394186183161,1,6.63013378495964,1,24.6530570566765,1,17.6425130767828
1,5.07209092012247,1,14.4222069906825,1,10.5479401124358,1,20.3744273195673,1,17.0544293075567
1,7.87048591053487,1,14.1394186183161,1,15.3698555924064,1,22.0043815051327,1,17.4464851537075
0,5.94658935462634,1,13.8566302459498,1,13.8630070049156,1,22.6156143247197,1,17.4464851537075
1,8.39518497123719,0,15.2705721077814,1,14.1643767224138,1,20.3744273195673,1,17.2504572306321
1,5.74375209925674,1,11.4171606315186,1,8.74443897434911,1,19.3505113448404,1,17.2236851895994
1,6.10273660546029,1,12.3957743999345,1,7.28703247862426,1,20.4255397528871,1,17.023409780418
1,7.17969012407093,1,13.7005927578224,1,10.7848080683639,1,17.200454528747,1,17.2236851895994
1,4.12832182134078,1,10.7647514525747,1,10.201845470074,1,21.5005681609338,1,17.023409780418
0,7.53867463027447,1,13.7005927578224,1,9.03592027349408,1,24.2956420218552,1,17.023409780418
1,5.28838053666178,1,13.2411178479588,1,8.3680073429263,1,20.4132937238841,1,17.0259411359218
1,4.7595424829956,1,12.4135479824614,1,9.91763833235709,1,19.9835401718024,1,17.4085465547066
0,5.11210118543972,0,14.0686877134562,0,4.02904057252007,1,20.8430472759659,1,17.2172438453142
1,5.46465988788384,1,12.1376913606289,1,10.2275645302433,1,21.9174311561703,1,17.2172438453142
1,7.22745340010443,1,13.5169744697913,1,11.4672693217879,1,21.0579240520068,1,16.6433357171371
1,7.22718105308474,1,9.75737696406022,1,11.5450798071772,1,19.4422830901545,1,17.3622649829717
1,5.91314813434206,1,11.2980154320697,1,9.83469761352131,1,19.6765274647347,1,17.3622649829717
1,6.89867282339907,1,10.2709231200634,1,9.83469761352131,1,18.0368168426735,1,17.3622649829717
1,6.07740224918489,1,12.8386539000792,1,8.12431541986543,1,18.5053055918338,1,17.3622649829717
1,8.04845162729891,1,16.1767039140998,1,10.2622931619353,1,21.7847268359563,1,17.1649665172561
1,10.2797166153694,1,20.2381813161131,1,6.54889105415125,1,20.8793518612741,0,17.3364833447185
1,7.41487755862711,1,17.0578956807239,0,13.4252266610101,1,21.108795288321,1,16.5659729738421
1,6.90931772508435,1,15.901428176946,0,7.20378015956637,1,19.7321347260392,1,16.9512281592803
1,6.40375789154159,1,14.4558437972236,0,9.82333658122687,1,21.108795288321,1,16.9512281592803
1,6.90931772508435,1,15.6123113010015,1,10.8056702393496,1,20.6499084342271,1,16.9512281592803
1,10.4733754683984,1,18.2850979279008,1,9.47506756524358,1,19.537587743454,0,17.1482407037564
1,7.29395791549172,1,13.9462611314497,1,13.1974155373036,1,19.8207411890113,0,16.7833845185701
1,7.48098247742741,1,14.256178045482,1,7.44469594411995,1,21.8028153079124,1,17.3306687963496
1,8.60312984904152,1,16.1156795296753,1,10.4902533758054,1,22.0859687534697,1,17.1482407037564
1,8.7901544109772,1,20.1445994120941,1,9.81346283543085,1,20.1038946345686,1,17.1482407037564
1,7.63064146460733,1,11.8663282791978,1,13.3180103928948,1,20.4865739736091,1,17.0567365099695
1,6.96710742420669,1,16.6870241426219,1,7.72444602787897,1,18.5457406497935,1,17.0567365099695
1,7.79652497470749,1,14.8329103489972,1,4.79448374144212,1,20.2709258265185,1,17.2483852348006
0,6.63534040400637,1,17.4286696600718,1,13.3180103928948,1,21.5648147090622,1,17.2483852348006
1,6.1376898737059,1,17.0578469013468,1,9.85532769074214,1,20.0552776794279,0,16.8650877851384
0,9.14339878184534,0,21.0209821241146,1,4.98286366116605,1,20.0788173815714,1,17.0405147978836
1,7.81344986812238,1,14.7839874279488,1,10.7323217317423,1,19.8369039191428,0,17.0405147978837
0,6.6497445686148,0,16.169986249319,0,8.43253850351177,1,22.2560385434285,1,17.2483259539554
1,7.48096263969165,1,16.169986249319,1,11.8822133458575,1,20.3207308439999,1,16.8327036418119
1,9.47588601027608,1,19.6349833027444,1,8.43253850351177,1,21.7722116185714,1,17.2483259539554
1,7.57163949584762,1,13.9169588363216,1,11.172305692682,1,22.2940726134222,1,17.3942308074045
1,7.94098776393775,1,13.9169588363216,1,8.0211425485922,0,18.5783938445185,0,16.9989073799635
1,6.46359469157724,1,13.3602804828687,1,9.16702005553394,1,21.7986487775684,1,17.591892521125
1,6.27892055753218,1,12.5252629526894,1,7.44820379512132,1,21.3032249417146,1,17.3942308074045
1,7.94098776393775,1,18.9270640173973,1,5.44291815797328,1,22.5417845313491,1,17.7895542348455
1,8.44776207366112,1,16.2287468308608,1,11.3508495507834,1,22.3813249862559,1,17.0559030050029
1,5.57871080336112,1,16.8778967040952,1,7.70236219517443,1,18.8206596475334,0,16.6185721587208
1,8.44776207366112,1,13.9567222745403,1,12.1616245186965,1,20.8553255553749,1,17.493233851285
1,5.57871080336112,1,13.9567222745403,0,10.5400745828703,1,21.109658793855,1,17.0559030050029
1,8.28837033642223,1,19.1499212604157,1,8.91852464704407,1,21.109658793855,1,17.7118992744261
1,8.33575921715834,1,13.3289469528455,0,7.64750045774074,1,21.5509019121324,1,16.8220335104148
1,8.16564168211429,0,14.6357064580265,0,10.882981420631,1,21.3264133505476,1,16.8220335104148
1,7.31505400689405,1,12.0221874476646,1,8.23576972372079,1,20.4284591042088,1,17.227383715485
1,7.14493647185,0,13.3289469528455,1,9.70644288867093,1,20.8774362273782,1,17.227383715485
1,6.29434879662977,1,10.7154279424837,1,8.82403898970085,1,20.6529476657935,1,17.227383715485
1,7.34245149182227,0,11.7098839875196,1,10.3657889452217,1,20.9336623471558,1,17.0082599659259
0,4.77259346968447,1,15.2500814721186,1,11.3081333947873,0,23.004024557314,0,17.0082599659259
1,7.15889020452671,1,13.071498404673,1,11.7793056195702,0,20.9336623471558,1,17.2015356473569
1,6.42464505534449,1,13.8884670549651,1,11.0725472823959,1,20.0135013648632,1,17.3948113287878
1,7.52601277911783,1,11.7098839875196,1,13.42840840631,1,20.2435416104363,1,16.8149842844949
1,7.11624442000741,1,18.2916456345688,0,8.15097903441077,1,20.9794634787149,1,17.1918952208655
0,7.73504828261675,0,17.7456263618951,1,12.5399677452473,1,21.1913772512272,0,16.9896376300318
1,6.96154345435508,1,15.5615492712003,0,10.0319741961979,1,20.7675497062027,1,17.1918952208655
1,6.03333766044106,1,16.3805781802108,1,10.9724717770914,1,22.0390323412763,1,16.9896376300318
1,6.6521415230504,0,18.2916456345688,1,14.1074637134032,1,22.0390323412763,1,16.787380039198
1,9.30249179835033,1,21.0253079456403,1,7.61660142915699,1,22.3587133572399,1,16.8835138350349
1,7.8489774548581,1,14.7450211566828,1,12.4635296113478,1,20.853799958195,1,16.8835138350349
1,8.28503175790577,1,19.9330841562564,1,9.34764720851086,1,23.4336514994149,1,17.0753719467967
1,8.28503175790576,1,16.1103008934127,0,7.96281058502777,1,20.8537999581949,1,16.8835138350349
1,7.70362602050887,1,11.4683497885311,0,9.34764720851086,1,22.1437257288049,1,17.0753719467967
1,8.65278745895985,1,18.3667479837765,1,10.2575106694287,1,19.9481708647595,1,17.8601776772943
1,7.02018605160894,1,15.230961742644,1,5.861434668245,1,19.710692640179,1,17.4719129451792
1,5.8773650664633,1,12.5431449645303,1,7.91293680213075,1,20.6606055385009,1,17.4719129451792
1,6.36714548866857,1,13.2150991590587,1,9.378295469192,0,20.18564908934,1,17.6660453112367
1,7.83648675528439,1,14.5590075481156,1,9.9644389360165,1,20.4231273139204,1,17.2777805791216
1,4.57879803442345,0,13.090957462263,1,13.3287136795629,1,20.740613012232,1,17.1688339241229
0,6.45194268486941,0,15.7625814341534,1,11.0106765178998,1,20.0171032559913,0,17.5681091316607
1,5.41130676795499,1,12.5566326678849,1,10.7209218726919,1,20.0171032559913,1,17.1688339241229
1,7.07632423501806,1,11.7551454763178,1,13.038959034355,1,21.2229528497257,0,17.1688339241229
1,6.45194268486941,1,19.5028549947999,1,8.98239400144458,1,19.7759333372444,0,17.1688339241229
0,5.13274058443828,1,9.34714263951467,1,5.93819687603099,0,20.8598975709212,1,16.9147623673894
1,7.69911087665741,1,22.783660183817,1,9.78055956052163,1,17.9492141889322,1,16.521395800706
1,4.49114801138349,1,7.30245518712084,1,6.98611397180117,1,19.6471128284258,0,16.7180790840477
1,6.89712016033893,1,16.3574996191507,1,12.225699450652,1,23.0429101074129,0,17.1114456507312
1,7.53871273339372,1,18.6942852790293,1,8.73264246475146,0,20.1322267254239,1,16.521395800706
1,7.41393195125899,1,17.1814404213414,1,10.2650367748436,1,20.7233928545383,1,17.1564703432784
1,8.01506156892864,1,20.1437577353657,1,7.37799518191881,1,20.9511224463464,1,17.1564703432784
1,7.01317887281256,1,16.8852086899389,1,7.69877758113267,1,18.9015561200734,1,17.1564703432784
1,7.01317887281256,1,15.9965134957316,1,4.49095358899406,1,20.9511224463464,0,17.1564703432784
0,4.80903694135718,0,9.77564713628044,1,9.30268957720197,1,20.9511224463464,1,16.9637010135787
1,7.25532653816995,1,12.556263376859,0,8.74118348072619,1,21.9731349899436,1,17.1427781892705
1,4.53457908635622,1,13.9514037520655,1,10.9889163757701,1,20.1635826966541,1,16.7660138334623
1,7.7994760285327,1,11.4401510766937,1,7.99193918237823,1,21.4561200490038,1,17.3311603671745
1,6.52979388435295,1,14.2304318271068,0,6.49345058568231,1,21.4561200490038,1,17.3311603671745
1,8.88777500925818,1,16.183628352396,1,9.49042777907415,1,21.4561200490038,1,17.1427781892705
0,6.9123872849326,1,14.2170110131408,1,9.17928858012442,1,20.6611221976479,1,17.7732045146789
1,3.4561936424663,1,12.186009439835,1,6.11952572008294,0,17.8753529125718,1,17.9545637444205
1,8.79758381718695,1,17.6987279959508,0,6.88446643509331,1,20.8932696380709,1,17.5918452849372
1,6.12688872982663,1,15.0874402588433,0,8.79681822261923,1,21.58971195934,1,17.5918452849372
1,8.64048410616575,1,17.40858491405,1,7.26693679259849,1,16.9467631508798,1,17.4104860551956
1,6.08661400772845,0,8.49750714079085,1,13.2767881051727,1,19.807022485917,1,16.8510855074502
1,4.17367817672808,1,11.4109381604906,1,15.2541820782835,1,19.5869444582957,1,16.8510855074502
1,4.86929120618276,0,9.22586489571578,1,13.8417578117758,1,20.6873345964022,1,16.8510855074502
0,4.86929120618276,0,10.197008568949,1,12.429333545268,1,20.9074126240235,0,17.2384667834835
1,8.86906612554716,1,15.2955128534235,1,14.6892123716804,1,21.1274906516448,1,16.8510855074502
1,6.87797958362211,1,9.21621901482638,1,10.572486537792,1,22.0229286587747,1,17.6598634320272
1,6.87797958362211,1,8.94515374968442,1,11.7472072642133,1,20.3652888672541,1,16.9083798817282
1,7.05897904634901,1,14.3664590525235,1,14.6840090802666,1,21.7861229742718,1,17.0962507693029
1,6.51598065816832,1,14.3664590525235,1,14.0966487170559,1,19.4180661292422,1,17.2841216568777
1,7.05897904634901,1,15.7217853782332,1,10.8661667193973,1,20.602094551757,1,17.4719925444525
1,6.85849329154121,1,11.3067856519356,0,8.59318916283647,0,18.5561462917678,1,17.6023923252423
1,7.15034406990467,1,11.9990378347072,1,11.2372473667862,0,17.8934267813475,1,17.206832947147
1,7.15034406990466,1,13.3835422002503,1,12.2287691932673,1,20.3233983195552,1,17.4046126361947
1,8.46367257254021,1,14.998797293384,0,9.25420371382389,1,21.2070243334489,1,16.8112735690517
0,5.83701556726911,1,8.99927837603038,0,8.26268188734276,1,20.7652113265021,1,17.206832947147
1,7.27324803926516,1,15.3817718713066,1,10.5289430333548,1,21.9361049417683,1,16.9987646394432
1,6.30348163402981,1,14.5861629814114,1,10.5289430333548,1,19.5284836676718,0,17.1897619949426
1,7.75813124188284,1,15.646974834605,1,7.11415069821271,1,20.8660510421699,1,17.3807593504419
1,5.01045976038267,1,13.2601481649195,1,4.55305644685613,1,21.4010779919691,1,17.3807593504419
1,6.30348163402981,1,12.1993363117259,1,6.54501864235569,1,22.7386453664671,1,16.0437778619464
1,8.39409313735837,1,15.9296755860636,1,8.47744758204992,1,21.9541219341547,1,17.231921511399
1,6.82020067410367,1,15.6502075933257,1,9.15564338861391,1,23.0857777039565,1,16.801123473614
0,5.07143127048734,1,14.5323356223738,1,8.81654548533191,1,20.1434727024719,1,17.662719549184
1,7.16995455482694,1,11.4581877022563,1,13.2248182279979,1,22.1804530881151,1,17.8781185680765
1,5.42118515121061,1,13.69393164416,1,13.5639161312799,1,22.8594465499962,1,17.231921511399
1,6.4251433898992,1,13.6642860828536,1,8.49884582967124,1,20.9036685327445,1,17.0300586987834
1,5.93090159067619,1,12.5255955759491,1,15.4800406183298,1,19.5971892494479,1,17.0300586987834
1,7.41362698834523,1,15.9416670966625,1,10.3200270788865,1,18.5084565133675,0,17.4261065754993
1,5.60140705786084,1,11.9562503224969,1,19.1224031167603,1,22.210147816041,1,17.0300586987834
1,7.41362698834523,1,15.3723218432103,1,11.5341479116967,0,20.0326823438801,0,17.0300586987834
1,7.42053017039178,1,11.258408179531,1,8.36810069571608,1,19.7084408224752,0,17.0882002051282
1,6.08483473972126,1,9.52634538268004,1,7.81022731600167,1,19.481907019918,1,17.6913131535445
1,6.38165594653693,1,9.52634538268003,1,5.85767048700125,1,20.8411098352612,1,17.0882002051282
0,8.45940439424663,0,14.4338566404243,1,12.5521510435741,1,21.5207112429327,1,17.4902755040724
0,5.63960292949776,0,12.4131167107649,1,6.69448055657286,1,22.8799140582758,0,16.8871625556561
1,5.01972933346778,1,15.331169704939,1,12.3693350748299,1,22.1683487149678,0,16.7499456004455
1,7.80846785206099,1,13.6277064043902,1,11.2448500680272,1,20.0160818494369,1,17.5200580418453
1,5.39156113594687,1,15.6150802550305,1,11.6196784036281,1,24.3206155804986,1,17.3275299314953
0,5.57747703718642,1,13.6277064043902,1,10.8700217324263,1,20.4465352225431,1,17.5200580418453
0,6.50705654338416,1,15.8989908051219,1,8.62105171882085,1,20.4465352225431,0,16.9424737107954
0,7.81176136897194,0,12.9939711475143,1,10.3894304228061,1,20.1390800636788,1,17.3401086215541
0,5.38143560973623,0,14.7658763039936,1,11.5767938996983,1,22.1756162498935,1,17.5441098994548
1,5.90221970100102,1,10.9267484649552,1,8.90522607669099,1,21.044207257552,1,17.1361073436535
1,6.07581439808929,1,15.9471464083131,1,11.5767938996983,1,21.2704890560203,1,17.3401086215541
1,6.24940909517755,1,13.5846061996741,1,11.2799530304752,1,20.8179254590837,0,16.9321060657528
1,5.21224328071921,1,13.3934658603139,0,5.85099895866634,1,19.9058199644955,1,17.0919627941878
1,6.88760719237896,1,13.3934658603139,1,11.2144146707771,1,19.9058199644955,1,17.3029746805358
1,8.00451646681879,1,12.500568136293,1,8.53270681472174,1,19.4143182369771,0,16.8809509078398
1,7.44606182959888,1,11.6076704122721,1,11.7019979173327,1,20.1515708282548,1,17.0919627941878
1,7.07375873811893,1,13.9887310096612,1,9.75166493111056,1,20.1515708282547,1,17.5139865668838
1,4.78431080400805,1,13.5843037167731,0,3.35533545404917,1,20.384655673132,1,17.0016114272956
0,7.09397808870159,1,10.2636961415619,1,8.77549272597476,1,20.384655673132,1,17.2064501191907
0,7.25895432332255,0,9.05620247784871,1,5.16205454469104,1,21.1214504564982,1,16.7967727354004
1,5.11426327324998,1,12.6786834689882,1,12.647033634493,1,20.1390574120099,1,17.2064501191907
1,6.26909691559675,1,11.471189805275,1,13.9375472706658,1,20.6302539342541,1,16.7967727354004
1,7.88043595775874,0,17.0032632942515,1,6.78703379605095,1,20.0788630604204,1,17.1654351490406
1,7.57734226707571,1,17.5895827181912,1,11.3117229934182,1,19.2058690143152,1,16.7518102056902
1,6.66806119502663,1,19.6417007019802,1,4.97715811710403,1,20.515360083473,1,16.9586226773654
1,6.97115488570965,1,16.123784158342,1,9.50184731447133,1,20.2971115719467,0,16.7518102056902
1,7.12270173105117,1,18.7622215660706,0,8.59690947499787,1,19.8606145488941,1,16.9586226773654
1,4.49995758422637,1,14.5396283745436,1,12.89800703312,1,19.4912093526381,1,17.275849128399
1,5.39994910107164,1,13.2862121353588,1,4.43368991763501,1,23.7974067677558,1,17.8331345841538
1,5.84994485949428,1,10.7793796569893,1,9.27044255505503,1,20.1711352602882,1,17.4616109469839
1,7.64992789318482,1,20.5560263226307,1,6.44900351656002,1,24.7039746446227,1,17.8331345841538
1,6.89993496248043,1,12.7848456396849,1,13.70413247269,1,21.5309870755886,1,17.6473727655688
1,6.29227388512596,1,12.9761769219969,1,11.5450950559303,1,20.8978030670044,1,17.0843395513159
1,6.13880379036679,1,13.7106775024873,1,14.04133182478,1,19.9143770403218,1,17.2952573235544
1,5.83186360084845,1,12.9761769219969,1,9.67291747929291,1,21.8812290936869,1,17.5061750957928
1,7.82697483271766,1,14.934845136638,1,9.04885828708047,1,21.3895160803456,1,17.2952573235544
1,8.74779540127267,1,16.4038462976188,1,14.04133182478,1,21.3895160803457,1,17.2952573235544
1,6.40619520149024,1,11.7255709096739,1,12.3085644490715,1,21.2862045133707,1,16.9249043675231
1,7.20696960167652,1,15.8158863432811,1,9.05041503608202,1,19.7177473387013,1,17.3185067946748
1,6.886659841602,1,13.3616970831168,1,11.2225146447417,1,19.4936820280342,1,17.121705581099
1,6.24604032145298,1,8.45331856278819,1,9.05041503608202,1,21.0621392027036,1,17.121705581099
1,6.56635008152749,1,12.5436339963954,1,11.9465478476283,1,21.2862045133707,1,17.121705581099
1,6.24047054482512,1,14.9828010023895,0,9.90541054248203,0,16.6532359553784,1,17.5127006849633
1,5.92044641432127,1,13.3775008949907,1,12.6068861449771,1,21.5788409562649,1,17.1278061644147
1,7.36055500158861,1,14.9828010023895,1,5.4029512049902,1,19.2333147653666,1,17.5127006849633
1,6.24047054482512,1,13.9126009307903,1,11.7063942774788,1,20.8751830989954,1,16.742911643866
1,6.24047054482512,1,13.3775008949907,1,9.45516460873285,1,20.8751830989954,1,16.9353589041404
1,10.8835732136847,1,18.6746169951719,0,12.7990422292303,1,22.9501642860287,1,17.212682159976
1,8.53941898304493,1,15.3028111488214,1,13.7650076804929,1,20.4281682106409,1,17.4151843030345
0,8.70685857094777,1,14.7840717878444,0,6.03728407039164,1,18.4105713503307,1,17.4151843030345
1,9.54405651046198,1,16.5996595512639,1,8.21070633573263,0,19.4193697804858,1,17.4151843030345
1,5.52550640079378,1,13.7465930658904,1,6.03728407039164,1,18.9149705654083,1,17.4151843030345
1,7.19506432318684,1,13.3066240872773,1,8.64897088169742,1,19.7572971118457,1,17.5096170838665
1,7.37055369692311,1,15.2471734333386,0,5.76598058779828,1,17.2302009696328,1,17.3083571173852
1,5.96663870703299,0,11.3660747412161,1,12.6130825358087,0,20.446505150631,0,17.107097150904
1,7.01957494945058,1,15.8016161036418,1,5.0452330143235,1,21.5951852152732,1,16.7045772179416
1,7.19506432318685,1,15.5243947684902,1,8.64897088169743,0,19.2978250859888,1,17.7108770503477
0,8.04215815740992,0,18.2270880946601,1,11.585650862074,1,17.7742530695678,1,17.3863805044512
1,9.97823326937898,1,24.2195554134524,1,10.2615764778369,1,22.2770638471917,1,16.972419063869
1,6.99965617404197,1,18.7264603712261,1,11.2546322660147,0,18.9592032742057,1,17.8003419450333
1,7.59537159310937,1,13.4830514672828,1,11.2546322660147,1,21.3291036834814,1,17.1793997841601
1,5.51036762637347,1,13.7327376055658,1,9.93055788177769,0,18.7222132332781,1,17.3863805044512
1,7.05698043290678,1,12.5854221017552,0,10.8754817557105,1,19.5596949842965,1,17.6511836618333
0,7.21039305101345,1,13.5922558698956,0,9.96919160940127,1,20.4911090311678,0,16.8488571317499
1,7.05698043290678,1,12.8371305437903,1,6.64612773960085,1,20.0254020077322,1,17.0494387642708
0,5.82967948805343,1,10.3200461234392,1,13.2922554792017,1,18.6282809374253,1,17.6511836618333
0,5.06261639752008,1,11.5785883336148,0,7.85451460134646,1,21.8882301014747,1,16.0465306016666
1,7.82311402653598,1,17.7859237455338,1,8.66791548141042,1,21.2575499470701,1,16.9505406585577
1,8.00937864621541,1,16.0073313709804,1,12.6078770638697,1,20.7688706379421,1,16.9505406585577
1,7.45058478717712,1,19.0563468702148,1,9.45590779790227,1,19.0584930559939,1,16.397805637083
1,7.07805554781826,1,17.5318391205976,0,10.6378962726401,1,20.7688706379421,1,17.134785665716
0,7.45058478717712,0,18.04000837047,1,7.48592700667263,1,19.0584930559939,0,16.397805637083
1,7.65127750499883,1,11.489472501404,1,11.3644000000604,0,18.7630684152233,1,17.2133109297716
0,5.56456545818096,0,11.1948706423936,1,9.84914666671899,1,19.4331780014812,1,17.2133109297716
0,7.30349216386251,1,13.5516855144765,1,8.71270666671295,1,20.3266574498252,1,17.6090192270077
0,7.12959949329436,1,13.5516855144765,1,14.0160933334078,1,20.5500273119112,1,17.4111650783896
1,7.99906284613513,1,15.9085003865594,1,4.1669466666888,1,21.6668766223412,1,17.4111650783896
1,6.95553387476096,1,13.8704112309772,1,10.9462610579124,1,18.7691394777661,1,16.5514082375783
1,7.82497560910608,1,14.1534808479359,1,8.20969579343431,1,20.495037360779,0,17.30374497565
1,8.52052899658218,1,14.1534808479359,1,10.9462610579124,0,19.2006139485193,1,16.5514082375783
1,7.82497560910608,1,13.3042719970597,1,6.4993425031355,0,18.7691394777661,1,16.7394924220962
1,7.30331056849901,1,11.3227846783487,0,9.2359077676136,1,19.6320884192726,1,16.9275766066141
1,8.0133343485651,1,13.749790681167,1,7.81533050659102,1,20.8967526384683,1,17.3108910870547
0,8.37757681895443,0,10.8719275153414,1,9.21092523991085,0,19.2531878242067,1,17.3108910870547
0,7.83121311337044,0,10.8719275153413,1,9.21092523991085,1,21.1315476119342,1,17.1096016558099
0,6.92060693739713,0,22.0636176046633,1,8.65268734658292,1,17.1400330630133,1,17.3108910870547
1,8.37757681895442,1,17.5869415689345,1,7.81533050659103,1,19.9575727446045,1,17.3108910870547
1,6.43130732441297,0,9.40265785713569,0,9.19702272675391,1,22.5141317524487,1,17.0261766737533
1,4.59379094600927,1,9.13401048978895,1,7.24613911804853,1,21.2026289319177,1,17.4267925954887
1,8.88132916228458,0,15.0442525714171,0,10.5905110186863,1,21.2026289319177,1,16.8258687128856
1,6.58443368927995,1,13.4323683673367,1,9.75441804352687,0,20.1097099148085,1,17.4267925954887
1,5.35942277034414,1,14.7756052040704,1,8.63962740998095,1,20.765461325074,1,17.4267925954887
1,7.8421709794572,1,22.4897496462473,1,12.5301864098908,1,20.254431225245,1,17.6528232748616
1,7.8421709794572,1,24.7140106002718,1,8.59212782392516,1,20.4722208083122,1,17.2470112455544
1,7.16024306820005,1,20.0183485862201,1,9.6661438019158,1,19.6010624760436,1,17.449917260208
1,6.81927911257148,1,16.3112469961794,1,17.9002662998441,1,20.6900103913793,1,17.0441052309008
1,7.33072504601434,1,18.2883678442011,1,10.3821544539096,1,21.561168723648,1,17.6528232748616
1,5.30245882502102,1,13.2538287943081,1,16.9957629878944,1,20.6687584314811,1,17.2072369593976
1,5.47920745252172,1,9.30587979174822,1,11.1686442491877,0,19.3352901455791,1,17.2072369593976
1,7.42344235502943,1,16.0737923675651,1,9.4690679503983,1,20.6687584314811,1,16.8116682936644
1,5.47920745252172,1,12.407839722331,1,11.6542374774133,1,20.0020242885301,1,16.8116682936644
1,5.65595608002242,1,9.86987250639963,1,8.25508487983442,1,21.5577372887491,1,17.009452626531
1,7.20798060054455,1,10.7613464392136,1,10.1394789903594,1,20.7085883340324,1,17.7204294003922
1,6.20687218380225,1,8.60907715137092,1,9.78984178379526,1,20.0546329129577,1,17.5213234520732
1,9.00997575068069,1,14.5278176929384,1,11.88766502318,1,20.4906031936742,1,17.3222175037542
1,7.80864565058993,1,11.030380100194,1,10.4891161969235,1,21.1445586147489,1,17.3222175037542
1,8.20908901728685,1,13.9897503709777,1,9.78984178379526,1,18.9647072111665,1,17.1231115554351
1,8.47103286854778,1,12.0164548032217,1,4.80165946725435,1,20.7779777687804,1,17.2046628073422
1,3.11180799252776,1,8.26131267721491,1,11.4706309495521,0,20.5569354520913,1,17.2046628073422
1,7.088007094091,1,16.5226253544298,1,8.26952463804916,0,18.3465122851997,1,17.4024175522541
0,4.66771198879164,0,14.0191972704253,1,8.80304235663298,1,22.7673586189828,0,16.8091533175182
1,5.53210309782713,1,13.0178260368235,1,13.6047018238873,0,19.4517238686455,0,17.0069080624302
0,3.6656579568662,0,5.92401781119632,1,10.8192062669266,1,21.1177209582095,0,17.5101405048278
1,3.6656579568662,1,11.2244548001615,1,11.3469724262888,0,19.7978633983214,1,17.3041388518299
1,6.72037292092136,1,13.7187780890862,1,8.97202470915862,1,20.2378159182841,1,17.3041388518299
0,4.88754394248826,0,3.42969452227156,1,11.0830893466077,1,22.4375785180976,1,17.0981371988319
0,7.73861124227308,1,18.3956342558202,1,10.0275570278832,0,19.3579108783587,0,17.3041388518299
0,7.64077116985391,1,13.9900443432634,1,11.0899362531527,1,19.9376779941556,1,17.1172009673944
1,8.13908233310525,1,18.3202961637973,1,9.6589767366169,1,20.6583169577998,1,16.9181637468433
1,7.30856372768635,1,14.6562369310378,1,10.0167166157509,1,19.9376779941556,1,17.1172009673944
1,5.64752651684854,1,16.3217184004739,1,11.4476761322867,1,18.0159740911045,1,17.5152754084966
0,4.3186967481783,1,8.32740734718057,1,10.0167166157509,1,19.9376779941556,1,17.3162381879455
1,8.50682264837592,1,13.9883078651876,0,5.78244757716205,0,23.2888771227721,1,17.2449739510648
1,6.94434501908239,1,10.9712218550491,0,7.91282300032701,1,18.5005098638844,1,17.0690048291152
1,6.77073639360533,1,10.6969413086729,0,7.91282300032701,1,21.5476526649948,1,17.2449739510648
1,4.16660701144943,1,11.2455024014253,1,10.9562164619913,0,20.2417343216617,1,17.2449739510648
1,7.98599677194474,1,14.5368689579401,0,10.3475377696584,0,23.5065301799943,0,17.2449739510648
1,6.6902952233399,1,12.4030739095967,1,15.0802878604291,1,20.5152936240297,1,17.0386802681401
1,6.86184125470758,0,14.0944021699962,1,9.28017714487942,1,20.5152936240297,0,17.2238833145329
1,6.86184125470758,1,11.8392978227968,1,15.8536359558357,1,19.8674422464288,1,16.6682741753545
1,8.2342095056491,1,11.5574097793969,1,11.9868954788026,1,21.1631450016306,1,16.6682741753545
1,6.00411109786913,1,12.6849619529966,1,13.1469176219125,1,20.5152936240297,1,17.4090863609258
1,5.73607704721805,1,12.8130954614152,0,4.1947140084907,1,21.1974114736822,1,17.3242612664052
1,7.44139725044503,1,17.7202384040848,1,11.5971504940625,1,22.5222496907873,1,17.1155352270509
1,5.89110615660232,1,14.1761907232679,0,5.92194918845745,1,19.2101541480245,1,17.5329873057595
1,6.20116437537086,1,15.26666693275,1,9.86991531409575,1,22.5222496907873,0,17.1155352270509
1,6.20116437537086,1,15.26666693275,1,13.8178814397341,1,21.8598305822348,1,16.9068091876967
1,7.05799409162169,1,13.9175172247462,1,8.12989769213447,1,20.8158119388046,1,17.1205461285752
1,7.23896829909917,1,13.9175172247462,1,14.633815845842,1,19.8802698291954,0,17.1205461285752
1,6.33409726171177,1,15.1277361138545,1,6.50391815370758,1,22.9207816854253,1,17.3107744188927
1,6.69604567666673,1,13.9175172247462,1,10.1623721151681,1,20.1141553565977,1,17.1205461285752
0,5.79117463927933,1,13.9175172247462,1,9.34938234595464,1,21.7513540484138,1,17.3107744188927
0,5.25792532647519,1,11.1497238927958,1,10.4409882639408,1,19.4782230171229,1,17.3901219068784
1,7.36109545706526,1,11.4431376794483,1,5.01167436669157,1,18.1501623568645,1,16.9760713852861
1,6.83530292441774,1,15.5509306925836,1,15.0350231000747,1,19.2568795737465,1,16.9760713852861
1,6.4847745693194,1,12.6167928260584,1,15.0350231000747,1,19.2568795737465,1,17.3901219068784
1,4.5568686162785,1,11.1497238927958,1,13.7821045084018,1,18.3715058002409,1,16.9760713852861
1,7.53019753144929,1,22.10199111497,0,24.0747847792437,1,20.4406923313843,1,16.935766397627
1,7.37331841621076,1,16.22677828694,1,8.02492825974788,1,23.2378397030474,1,17.3438571541963
1,7.68707664668782,1,17.06609440523,1,9.30891678130755,1,18.0738753245924,1,17.3438571541963
1,5.96140637906402,1,13.9886019715,1,9.62991391169746,1,19.5800316016418,1,17.1398117759116
1,6.58892284001813,1,14.26837401093,0,NA,1,21.731683425998,1,17.547902532481
1,6.88101455927826,1,20.4038425991192,1,17.3999292948987,1,24.1163323316778,1,17.4483978801246
1,7.83671102584469,1,16.9553058218033,1,15.6304449598243,1,21.2791167632452,1,17.4483978801246
1,8.79240749241112,1,15.2310374331453,0,7.96267950783501,0,18.9147704562179,1,17.2627766260807
1,7.45443243921812,1,13.7941471092637,1,14.4507887364413,1,17.0232934105961,1,17.4483978801246
1,6.68987526596498,1,19.8290864695665,1,17.3999292948987,1,17.969031933407,1,17.0771553720368
1,7.08975412913314,1,17.0108314599143,1,6.72072192077408,0,19.4803775612282,1,17.4788679744756
1,6.73526642267648,1,14.5092385981622,1,14.3375400976514,1,23.1600044339047,1,17.6752597494697
1,7.26699798236147,0,13.5086014534613,0,4.03243315246445,1,20.7790693986434,1,17.2824761994815
1,5.31731559684985,1,11.0070085917092,1,5.37657753661927,1,21.6448639569202,1,17.6752597494697
0,7.4442418355898,0,16.2603536013886,1,10.3051069451869,1,21.6448639569202,1,17.2824761994815
1,7.9807641990319,1,15.268765234131,1,7.36793066368644,1,20.8415675912837,1,17.0490895932697
1,7.4602795773559,1,17.9632532166247,1,6.23440286927315,1,20.1228928467567,1,17.7823837693243
1,7.28678470346391,1,17.6638656630143,1,7.65131261228977,1,20.8415675912837,1,17.2324131372834
1,9.54221806405988,1,20.0589660918976,1,8.21807650949642,1,20.1228928467567,1,17.7823837693243
1,9.88920781184388,1,15.5681527877414,1,9.35160430390972,1,20.3624510949323,1,17.415736681297
1,7.46021143742144,1,13.9610120795792,1,8.21413235106503,1,23.5258750125133,1,17.657150804418
1,6.81149739938479,1,14.736623861778,0,7.11891470425635,1,21.7739481498794,1,17.0813741477522
1,7.46021143742144,1,16.5463846869087,1,8.76174117446936,1,22.5247739481511,1,17.4652252521961
1,6.64931888987563,1,18.0976082513064,1,5.74989264574552,1,20.272296553336,1,17.657150804418
1,6.64931888987563,1,16.0293101654428,1,8.21413235106503,1,22.7750492142417,1,17.2732996999741
1,7.88941127104366,1,18.7476625376303,1,10.168982948868,1,21.0145655087766,1,17.1599605559005
1,9.46729352525239,1,23.1588772523669,1,7.83859102308577,1,19.39806046964,0,17.1599605559005
1,7.01281001870547,1,15.1635505819069,1,8.05044483452052,1,20.7836362174714,0,16.9671520103286
1,7.88941127104366,1,17.9205597786172,1,11.863813440346,1,22.6310705479133,0,17.3527691014724
0,6.6621695177702,1,13.7850459835517,1,8.68600626882477,1,21.0145655087766,1,17.3527691014724
0,5.2839789799896,1,12.3296226913292,1,7.20501114168844,1,19.4266423722001,1,16.8239965041579
1,6.79368725998664,1,13.8393724086349,1,8.1447952036478,1,18.9641032681001,1,16.8239965041579
1,9.62439028498107,1,14.0909973615191,1,10.9641473895259,1,19.6579119242501,1,17.0242821768265
0,5.09526544498998,1,14.0909973615191,1,9.71110197358007,1,21.2767987886001,0,17.4248535221636
0,9.05824967998218,0,12.077997738445,0,15.0365449913498,1,19.1953728201501,0,16.6237108314894
1,7.83054471701056,1,21.5613270726464,1,14.1307067351537,1,20.1291953414204,1,17.9104092672526
1,8.36444549317037,1,10.6369213558389,0,11.4811992223123,1,19.691604138346,1,17.5210525440515
1,7.65257779162396,1,12.3618275216506,1,12.3643683932595,1,19.9103997398832,1,17.5210525440515
1,7.83054471701056,1,14.3742180484309,1,12.805952978733,1,23.411129364478,1,17.1316958208503
1,8.54241241855697,1,9.48698391196439,1,11.9227838077859,1,19.9103997398832,1,17.9104092672526
1,4.756986735556,0,6.31114983356344,1,12.6983961559109,1,22.1641039319041,1,17.5381728885794
1,7.29404632785254,1,14.630392795988,1,11.8374879419508,0,19.9958763733483,0,16.9535671256267
1,11.0996357162973,1,22.9496357584125,1,9.03953624658063,1,21.6822755855584,1,17.3433043009285
1,7.92831122592667,1,16.6384859248491,0,9.68521740705068,1,22.405018105077,1,17.1484357132776
1,8.87970857303787,1,15.4910041369284,1,11.6222608884608,1,22.405018105077,0,17.3433043009285
1,6.55720102971372,1,7.63963113091813,1,9.5896336828583,1,20.4399446570587,1,17.4735632885863
1,7.62465236013223,1,19.8064510801581,1,8.17939343537914,1,20.6804145942005,1,17.2604710533597
1,7.01468017132165,1,16.976958068707,1,8.7434895343708,1,21.642294342768,1,17.686655523813
1,7.92963845453752,1,17.5428566709972,0,7.33324928689164,1,18.7566550970656,1,17.2604710533597
1,7.31966626572694,1,16.6940087675618,1,10.7178258808416,1,23.8065237770448,1,17.047378818133
1,7.02070564285934,1,14.9210676077258,1,9.92652906917818,1,21.164793768967,1,17.3611295749848
1,7.53441581184905,1,14.415268705769,1,10.2574133714841,1,20.1196187680304,0,16.7624699344681
1,8.56183614982846,1,18.2087604704451,1,9.2647604645663,1,22.4712625201378,1,17.3611295749848
1,7.87688925784219,1,17.9558610194667,0,10.5882976737901,1,23.2551437708403,1,17.9597892155016
1,5.99328530487992,1,9.35727968620094,0,8.93387616226036,1,22.2099687699037,1,17.5606827884904
1,8.29405222273677,1,18.579543294604,1,13.5738094627448,1,19.8546950808926,0,17.1531069736083
0,6.83039594813616,1,12.5411917238577,1,14.5208194252619,1,19.6238265334404,1,17.1531069736083
1,6.66776747318054,1,9.98650452084963,1,12.3111295127221,1,20.5473007232494,1,16.9439227422228
1,8.29405222273677,1,17.1860775475087,1,9.47009962517082,1,22.3942491028673,1,17.7806596677647
1,8.4566806976924,1,19.7407647505167,1,8.20741967514805,1,21.7016434605106,1,17.3622912049937
1,8.04749020125859,1,14.5874255890639,1,11.5246329220366,1,18.7961123700858,0,16.9858286276614
1,8.39738107957418,1,15.1484804194125,1,11.7926476411537,1,21.3304196559401,1,17.4104743433529
1,4.54858141810268,1,16.2705900801097,1,13.4007359558565,1,21.5416119297613,1,16.9858286276614
1,6.47298124883843,1,15.4290078345868,1,11.2566182029195,1,20.6968428344765,1,16.7735057698156
1,6.12309037052284,1,15.4290078345868,1,10.9886034838024,1,17.7401510009799,0,16.7735057698156
1,7.85344432048108,1,15.2884046434542,1,8.59756151538631,1,19.4976679166103,1,15.9810399526321
1,9.04853367359776,1,11.3134194361561,1,9.62926889723267,1,20.7162721613984,1,16.5879148875422
1,8.70707957270728,1,14.676868457716,1,14.7878058064645,1,20.5131714539337,1,16.7902065325122
1,6.99980906825487,1,17.7345493864068,1,11.6926836609254,1,19.4976679166103,1,16.7902065325122
1,7.51199021959059,1,15.2884046434542,1,3.78292706676998,1,20.5131714539337,0,16.7902065325122
1,6.81580977867527,1,16.9249163625631,1,9.32086045202585,1,20.914378938951,1,17.2864165988557
1,6.64541453420839,0,12.7550094326563,1,13.4220390509172,1,20.4547222589741,1,16.8979577988814
1,5.6230430674071,1,15.6984731478847,1,10.81219812435,1,22.0635206388934,1,17.2864165988557
1,10.2237146680129,1,16.1890504337561,1,7.82952277970171,1,18.3862671990778,1,17.0921871988685
1,8.86055271227785,0,10.0568343603636,1,15.6590455594034,1,19.0757522190433,0,17.2864165988557
1,5.30948493796672,0,6.55249063434387,1,6.73461551308679,1,21.2663881706713,1,17.3888206061425
1,5.76458364693529,1,4.09530664646492,0,10.5829672348507,1,22.9774768740587,1,17.1889491049225
1,6.67478106487244,1,12.2859199393948,1,4.81043965220485,1,21.9997119006945,1,17.3888206061425
1,7.4332789131534,1,11.7398790531994,1,13.4692310261736,1,21.9997119006945,1,17.3888206061425
1,9.40537331868389,1,24.2988194356919,1,11.5450551652916,1,22.4885943873766,1,17.3888206061425
1,5.76537458197834,1,9.64884239387459,0,2.17734070001245,1,16.7222181681367,1,17.0677630430054
1,6.88641963958524,1,12.7781966837799,1,17.7816157167683,0,18.3670265125436,0,17.2733987423188
1,7.36686752141677,1,14.3428738287325,1,15.6042750167559,1,20.5601043050861,1,17.2733987423188
1,7.04656893352908,1,12.2566376354623,1,11.6124837333997,1,19.4635654088149,1,17.0677630430054
1,7.36686752141677,1,13.0389762079386,1,17.4187256000996,1,20.0118348569505,1,17.2733987423188
1,6.60643137892253,1,16.1440746344008,1,11.1161829951717,1,21.7739073591706,1,17.8143056925594
1,6.45279343987782,1,16.3780467305516,1,11.1161829951717,1,20.384083485181,1,17.607162603111
1,6.91370725701195,1,18.2498234997575,1,10.5461223287526,1,20.6157207975126,1,17.607162603111
1,5.68460374465427,1,10.9966885190846,1,13.1113953276384,1,21.3106327345074,0,16.7785902453175
1,7.06734519605666,1,17.5479072113053,0,11.9712739948003,1,21.0789954221758,0,16.9857333347659
1,6.39292015191477,1,11.6370457020669,0,7.54416558823035,0,18.5243392098835,1,17.1989499687685
1,6.7125661595105,1,13.8654161556542,0,7.20124897058352,1,20.2277267234361,1,17.0140150228677
1,6.07327414431903,1,7.42790151195759,1,9.25874867646452,1,18.7372626490776,1,17.1989499687685
1,7.03221216710624,1,15.3509964580457,0,9.25874867646453,1,21.2923439194064,1,17.7537548064707
1,6.7125661595105,1,12.6274325703279,1,10.6304151470519,1,19.5889564058539,1,17.3838849146692
1,5.62646641040211,1,11.410397411553,1,5.82160736427706,1,20.5703154055577,1,16.9249078061289
1,6.28840363515529,1,16.0782872617338,1,8.15025030998789,1,20.1182205614795,1,16.732579308332
1,7.11582516609678,1,17.3749233312285,1,10.7699736239126,1,18.987983451284,1,17.1172363039258
1,6.95034085990848,1,14.7816511922392,1,6.98592883713248,1,20.3442679835186,1,16.9249078061289
1,6.95034085990848,1,16.5969416895317,1,10.7699736239126,1,21.0224102496359,0,16.9249078061289
1,7.91442837041031,1,11.2038148904111,1,17.2875871241369,1,22.6447044836746,1,17.1508878596993
1,6.6193400916159,1,13.5487994023576,1,15.8469548637922,1,20.5436494284883,1,17.1508878596993
1,5.32425181282148,1,14.8515685756612,1,14.4063226034474,1,21.9443527986125,1,17.3435944648645
1,8.20222576569796,0,13.2882455676968,1,9.12400431551671,1,21.7109022369251,1,16.9581812545341
1,7.62663097512266,0,15.3726762449826,1,10.5646365758615,1,20.3101988668009,1,16.9581812545341
1,7.38260620029007,1,16.6223830734038,1,11.4197571493759,1,16.3274557254953,0,17.1839090905221
1,9.35130118703409,1,16.8470098716931,0,6.03307924872691,1,19.5929468705943,1,16.7647893566069
1,7.05449036916607,1,15.4992490819576,1,15.9445665859211,0,19.8261962381014,1,16.7647893566069
1,7.87477994697608,1,19.0932778545855,0,5.38667790064903,1,19.1264481355802,1,17.8125886913949
1,8.20289577810008,1,16.1731294768253,0,13.1434940775836,1,17.9602012980448,1,17.1839090905221
1,6.32220874512068,1,14.7127000807577,1,10.5373029870751,1,21.8997578757758,1,17.2046626296211
1,7.4285952755168,1,16.4436059726115,1,11.8017793455241,0,16.6529408847045,1,17.3937248563202
1,5.68998787060861,1,10.0969510358141,1,7.58685815069405,1,22.1278803536485,1,17.0156004029219
1,6.32220874512068,1,15.0011843960667,1,11.8017793455241,1,22.1278803536485,1,17.0156004029219
1,4.5836013402125,1,13.2702785042128,1,12.2232714650071,1,20.3029005306671,1,17.3937248563202
1,7.04287654664375,1,11.0661501850586,1,9.53505946184659,1,22.8289070739513,0,16.810839959854
1,4.57786975531844,1,10.5128426758057,0,2.38376486546165,1,21.6759319692063,1,17.2110980541362
1,5.28215740998282,1,8.85292014804688,0,7.49183243430804,1,20.7535518854103,1,17.4112271012774
1,5.28215740998282,1,11.896111448938,1,10.2161351376928,1,20.5229568644613,1,18.0116142427007
1,4.57786975531844,1,8.02295888416749,1,9.53505946184659,1,21.6759319692063,1,17.4112271012774
0,7.68402839172233,1,16.1875206801982,1,13.1259237845832,1,19.1714421014881,1,17.5551281699228
1,7.21357767386178,1,13.9155879531528,1,10.938269820486,1,20.1939190135674,0,17.1468693752735
1,6.74312695600122,1,11.6436552261075,1,9.84444283843738,1,21.9832536097063,1,17.1468693752735
0,5.17495789646606,1,10.2236972717041,1,5.46913491024299,1,17.1264882773293,1,16.9427399779488
0,8.31129601553639,1,16.1875206801982,0,15.3135777486804,1,19.6826805575277,1,16.9427399779488
0,7.0317176908194,1,13.8945638323485,0,12.2213629598166,1,18.2747257548718,1,17.2413245719033
1,6.86021238128721,1,12.2599092638369,1,13.3582339328228,1,22.4385873192729,1,17.4465784358546
1,8.06074954801247,1,13.8945638323485,1,10.8002742435588,1,19.6626796096722,1,17.0360707079521
1,6.17419114315849,0,10.6252546953253,1,11.0844919868104,1,18.968702682272,1,16.8308168440009
1,6.68870707175503,0,6.53861827404637,1,8.52653229754644,1,20.5879821795391,1,17.4465784358546
1,6.32051782808971,0,11.8452488063318,1,14.499321448729,0,19.8309596200112,1,17.6210968157898
0,6.03960592461905,0,13.1053816580692,1,13.5931138581835,1,18.9592690872634,1,17.25012635651
1,6.74188568329569,1,16.1297005022391,1,6.34345313381895,1,18.9592690872634,1,17.8065820454297
1,5.7586940211484,1,13.1053816580692,1,13.5931138581835,0,18.9592690872634,1,17.0646411268701
1,5.61823806941307,1,10.0810628138994,1,8.15586831491007,1,20.9205727859458,1,17.25012635651
1,7.0927328429614,1,11.7118779619756,1,8.62280095920981,1,21.6110045325822,1,16.8867780905018
1,8.21263802869215,0,12.8013549816943,1,12.7467492440493,1,20.6913873184297,1,17.4690807832777
0,6.71943111438449,0,11.1671394521163,1,10.872227296395,1,20.4614830148916,1,17.2749798856857
1,8.39928889298061,1,14.1632012563426,1,10.1224185173333,1,22.3007174431965,1,17.0808789880938
1,6.90608197867295,1,11.4395087070459,1,6.7482790115555,1,18.3923442830487,0,17.2749798856857
1,5.920791367034,1,15.2464793058103,1,8.54242092885183,1,23.5388129672003,1,17.1131916282367
1,7.83072406607722,1,18.2957751669723,0,10.2509051146222,1,20.1761254004574,0,17.3076597149212
0,6.30277790684264,0,12.1971834446482,1,6.83393674308147,1,19.9359334314043,1,16.9187235415522
1,8.40370387579019,1,15.2464793058103,1,7.85902725454369,1,19.9359334314043,1,17.5021278016057
1,6.87575771655561,1,14.0267609613454,1,7.85902725454369,1,19.9359334314043,1,17.3076597149212
1,7.38546029364167,1,15.9733913534826,1,13.1079276298421,1,19.8013083506596,1,16.9756231613243
1,10.0114017313809,1,20.1631333478387,1,10.9937457540611,1,19.5737071052497,1,16.7735324094038
1,9.35491637194612,1,17.5445446013662,1,8.03389112796775,1,19.3461058598399,1,16.9756231613243
0,8.20606699293519,0,17.5445446013662,1,8.03389112796775,1,21.6221183139387,1,17.5818954170859
1,9.68315905166353,1,19.377556723897,1,12.2622548795297,1,20.0289095960695,0,17.1777139132449
1,6.59960385897174,1,12.1318729622473,0,8.20459265701498,1,19.3279318973802,1,17.2945984772193
1,7.66980989015634,1,14.3376680462922,1,10.93945687602,1,20.2374816337275,1,17.4867606825217
1,5.52939782778713,1,14.8891168173035,1,4.92275559420899,1,21.1470313700748,1,17.1024362719169
0,2.31877973423331,1,11.8561485767416,1,8.75156550081598,1,20.0100941996407,1,17.2945984772193
1,6.95633920269994,0,14.0619436607866,1,9.57202476651748,1,19.5553193314671,1,16.9102740666144
1,7.5114750758193,1,15.181755678048,1,10.0342526969017,1,20.5246657415512,1,17.1629515115685
1,10.4136359005677,1,16.6415398778603,1,14.0479537756624,1,19.4091947773364,1,17.351555374333
1,10.4136359005677,1,16.0576261979354,1,14.3824288655591,1,20.7477599343941,1,17.5401592370975
1,4.60931425107094,0,10.5104462386486,0,16.7237544948361,1,20.3015715487082,1,17.351555374333
1,8.36505178898059,1,14.3058851581606,1,12.041103236282,1,18.5168180059646,1,17.1629515115685
1,4.26011043170507,1,12.0891694804552,1,9.32450372822456,1,21.9052712657999,1,17.3842954896178
0,4.7926242356682,1,15.7684819310286,1,8.99148573793083,1,21.9052712657999,1,17.3842954896178
1,6.03515644491551,1,14.4544417701095,1,7.65941377675589,1,21.9052712657999,1,17.0144168621791
0,5.68014724227342,1,14.9800578344771,1,9.6575217185183,1,21.6925987292388,1,17.0144168621791
1,4.43761503302611,1,11.03793735172,1,5.66130583499348,1,21.2672536561164,1,16.4595989210211
1,5.86572038294998,1,14.3687746883721,1,9.53526899601576,1,20.5625103525811,1,17.3146756049641
0,6.02425336627295,1,10.3643620703012,1,7.24680443697198,1,21.6800380891344,1,17.1222903204645
1,7.4510502161797,1,14.3687746883721,1,8.00962595665324,1,21.4565325418237,1,17.6994461739633
0,5.23158844965809,0,11.3065768039649,1,8.7724474763345,1,23.0210713729984,1,17.3146756049641
0,3.80479159975133,1,13.1910062712924,1,9.91667975585639,1,21.9035436364451,1,16.9299050359649
1,6.5372804169934,1,15.5849826757915,1,9.08671955941059,1,21.2798803346343,1,17.2065843864027
1,8.435200538056,1,23.3774740136872,1,11.994469818422,1,20.7906876832634,1,17.2065843864027
1,6.5372804169934,1,19.4812283447393,1,9.08671955941059,0,22.2582656373761,1,16.6199962823208
1,6.5372804169934,1,14.6109212585545,1,15.6291576421862,0,20.5460913575779,1,16.6199962823208
1,7.1699204573476,1,18.8318540665813,1,13.0848761655512,1,22.9920546144324,1,17.7931724904846
1,6.72766597680367,1,12.3284607935094,1,10.7859913113582,1,18.6165238832524,1,17.2938706488547
1,5.71851608028312,1,14.1326257876815,1,11.797177996798,1,21.0032577144386,1,17.1079150504799
1,5.38213278144294,1,13.8319316219862,1,9.4377423974384,0,19.5712174157269,1,16.9219594521051
1,5.71851608028312,1,6.3145774796024,1,12.1342402252779,1,20.0485641819641,1,17.2938706488547
1,7.06404927564385,1,9.02082497086057,1,7.0783067980788,1,18.3778505001338,1,17.1079150504799
1,6.74316605243788,1,14.5298594233905,1,18.681879247619,1,21.2038294484737,1,17.569690983859
1,7.72997084059952,1,17.1452341196008,1,15.7628356151785,1,22.5572653707167,1,17.1748664673678
1,7.2365684465187,1,16.854636931133,1,14.0114094357142,1,18.7225302576949,1,17.569690983859
1,8.55230816406755,1,20.0512060042789,1,15.1790268886904,0,19.3992482188164,1,17.7671032421046
1,5.92082872896984,1,12.7862762925837,1,9.34093962380948,0,19.8503935262307,1,17.7671032421046
1,6.39896846086151,1,18.893208359919,0,9.08251846128831,1,21.7271576869136,1,17.2226603902053
1,6.9178037414719,1,16.4710021599294,1,6.14405660616562,1,20.7395596102357,1,16.8356343140209
1,7.78252920915589,1,13.0799134799439,1,8.01398687760733,1,22.2209567252526,1,17.2226603902053
1,8.30136448976628,1,17.6821052599242,1,12.8223790041717,1,18.270564418541,1,17.2226603902053
1,6.9178037414719,1,16.4710021599294,1,5.07552502248464,1,20.9864591294052,1,16.8356343140209
1,5.57731532475536,1,12.9442971837718,1,13.7799000402342,1,19.8430352612761,1,17.1472482125786
1,6.9293917671203,1,12.6501086114134,0,11.9825217741167,1,19.8430352612761,1,16.9381354294983
1,7.09840132241592,1,18.2396914862239,1,9.58601741929334,0,19.8430352612761,0,16.9381354294983
1,5.9153344353466,1,15.003617190281,1,11.9825217741167,1,20.6161405311959,1,17.1472482125786
1,6.25335354593783,1,13.2384857561303,1,11.0838326410579,1,21.1315440444758,0,16.9381354294983
1,7.40581746223889,1,12.987940628211,1,13.9547395046511,1,21.3300698498723,1,17.2198374137056
1,3.51776329456347,1,14.5718358267733,1,7.71182972625455,1,22.2006849457854,1,16.6393934559402
0,6.10979940634708,1,12.987940628211,1,12.4858195567931,1,21.7653773978289,1,17.4133187329607
1,6.29494484290306,1,12.6711615884985,1,11.3841295958996,0,21.3300698498723,1,17.8002813714709
1,7.22067202568292,1,11.7208244693611,1,4.03952985660953,1,20.4594547539591,1,18.3807253292363
0,6.55939232843775,0,11.1540318566695,1,10.817228078695,1,18.862813904115,1,17.0797917642507
1,6.39940714969537,1,13.8745274314669,1,11.8234818534574,1,21.0117420704066,1,17.0797917642507
0,5.75946643472583,1,11.9701805291087,1,6.03752264857398,1,20.2954326816428,1,16.8834723186846
1,6.0794367922106,1,11.4260814141492,1,8.30159364178922,1,19.8178930891335,1,17.2761112098168
0,6.87936268592252,1,18.2273203511428,1,6.28908609226457,1,20.2954326816428,1,17.0797917642507
1,5.8878850252397,1,9.6187338220501,1,7.9234514060794,1,19.4169042596438,1,16.8245956927883
1,6.62387065339466,1,13.2257590053189,1,11.8851771091191,1,20.71136454362,1,17.1943670266957
1,5.8878850252397,1,13.826929869197,1,6.73493369516749,1,20.4956211629573,1,17.009481359742
1,6.8078670604334,1,15.6304424608314,1,12.677522249727,1,20.4956211629573,1,16.8245956927883
1,7.35985628154963,1,17.1333696205267,1,8.71579654668734,1,19.8483910209692,0,16.6397100258345
0,7.93037514573375,1,15.4267991559506,1,16.8277387647575,1,20.9844531165746,1,17.8692688576387
0,5.78256521043086,0,6.28499224872062,1,9.91634605780354,1,20.5075337275616,1,17.4537044656006
0,5.45213291269195,0,3.42817759021125,1,9.91634605780354,1,21.2229128110811,1,17.6614866616196
1,6.11299750816976,1,13.712710360845,1,8.41386938237876,1,20.5075337275616,1,17.4537044656006
1,6.93907825251703,1,8.28476250967718,1,7.51238337712389,1,22.1767515891073,1,17.4537044656006
1,10.0735454867588,1,12.7796738722172,1,7.49155120118659,1,19.3152496328731,1,16.7798932844289
1,4.0294181947035,1,21.1013219750564,1,8.04648091979301,1,20.451440787748,0,17.1656379576341
1,6.88358941595182,1,20.2097168211807,1,9.15634035700584,1,19.769726094823,1,16.7798932844289
0,2.51838637168969,1,26.4509528983101,1,8.04648091979301,1,17.7245820160482,1,16.9727656210315
1,5.20466516815869,1,24.0733391546417,1,9.71127007561225,1,19.5424878638481,1,16.9727656210315
1,6.75968736350639,1,13.0809941395348,0,11.535362711847,1,20.1131067244854,1,17.3824257509254
1,6.75968736350639,1,14.2978308036775,0,3.52469416195326,1,21.2690323983064,1,17.8063873546065
0,6.75968736350639,1,17.3399224640345,1,7.69024180789801,1,21.7314026678348,1,17.8063873546065
1,5.69236830611064,1,8.82206581503507,1,9.29237551787677,1,21.0378472635422,1,17.1704449490848
1,6.22602783480851,1,10.6473208112492,0,7.36981506590226,1,21.2690323983064,1,17.5944065527659
1,7.69583992585568,1,15.1168779576341,1,9.63398537746301,0,21.1563990468247,1,16.907490370668
1,6.77966850611095,1,12.8164834858202,1,8.61988165351953,0,20.7201846334881,0,17.4710733830236
1,5.68026280241729,1,13.4737390491956,1,9.63398537746301,1,23.555578320176,1,17.0953513747866
1,4.94732566662151,1,9.85883345063091,1,8.1128297915478,1,21.374506253493,1,17.6589343871422
1,5.86349708636623,1,17.7459002111356,1,9.63398537746301,1,21.5926134601613,1,17.0953513747866
1,6.49616699304329,1,12.0517923029032,0,8.81832462844497,1,20.6066541707906,1,17.3972664343502
1,7.99528245297635,1,16.4109512209745,1,10.581989554134,1,18.344948225216,1,17.3972664343502
1,6.49616699304329,1,11.5389500772477,1,10.8759337084155,1,20.3553535101712,0,17.2039634739686
1,6.8293037619173,1,16.1545301081468,1,11.4638220169785,1,22.6170594557458,1,16.8173575532052
1,6.6627353774803,1,13.5903189798695,1,8.52438047416346,1,19.3501508676936,1,17.3972664343502
1,6.84242170557056,1,14.7392778208215,1,12.0269041244181,1,20.846978744822,1,17.1299966424776
1,7.58214297103765,1,17.4191465155163,1,14.4869526953218,1,19.1301687305426,0,16.9210942443986
1,6.28763075647025,1,15.0742614076583,0,10.6602104739161,1,20.846978744822,1,17.1299966424776
0,11.0958189820063,0,20.433998797048,1,5.46677460200823,1,20.846978744822,1,16.9210942443986
1,7.9520036037712,1,19.0940644497006,1,9.293516823414,1,21.337495891759,1,17.1299966424776
1,6.8606489065007,0,15.0760512844304,1,13.1447187638637,1,23.2270788889927,0,17.2942764400601
1,6.33290668292372,1,13.1915448738766,1,8.87268516560797,1,20.8613578910397,1,17.0999587272504
1,5.10150816124411,0,14.7619668826715,1,9.52992110380115,1,21.7216200721135,1,17.0999587272504
0,7.38839113007768,0,14.1337980791535,1,6.90097735102842,0,18.2805713478183,1,16.9056410144408
1,9.32344594985992,1,15.3901356861894,1,8.54406719651137,0,21.2914889815766,1,17.4885941528698
1,5.2839161971194,1,11.765106521569,1,6.17630158347938,0,20.9685869209465,1,17.3607629330879
0,3.34648025817562,1,8.21337625090663,1,6.99980846127663,1,19.2618414738927,0,16.3514162509316
0,5.98843835673532,1,10.2112245281542,1,11.5290962891615,1,20.9685869209465,1,16.7551549237941
0,5.98843835673532,1,11.765106521569,1,9.05857565576976,1,19.5056622520433,1,16.9570242602253
1,4.57939403750348,1,9.9892413862378,1,9.47032909466839,1,19.7494830301938,1,16.5532855873628
1,6.10236430366842,1,16.636711149426,1,9.9464860811087,1,21.4985893020557,1,17.2065586213163
1,7.48926528177488,1,19.9171894042424,0,9.30477730168234,1,21.951191182099,1,17.0174755595436
1,6.79581479272165,1,14.7621521466738,1,11.2299036399614,1,20.3670846019475,1,17.2065586213163
1,6.79581479272165,1,16.87103102477,1,10.5881948605351,1,20.8196864819908,0,17.2065586213163
1,7.07319498834294,1,17.105350900114,1,8.98392291196915,1,21.4985893020557,1,17.2065586213163
1,5.71771221132836,1,15.4289088826452,1,8.66242962722336,1,20.7024294374167,1,17.1326755772792
0,3.63854413448169,0,13.7413719736059,1,9.25983856703187,1,18.8622134874241,0,16.3626676861655
1,6.06424022413614,1,15.1878321813539,0,10.4546564466489,1,20.7024294374167,1,17.517679522836
1,4.50486416650114,1,14.9467554800625,1,7.7663162175106,1,20.2423754499186,1,17.517679522836
1,8.14340830098282,1,14.7056787787712,1,9.55854303693612,1,20.0123484561695,1,16.9401736045007
1,8.05033838411592,1,14.6387504878078,1,9.65197102493356,1,18.8363220068912,1,16.9914081621622
1,5.05119271160214,1,13.6174423142398,0,10.2746788329938,0,20.7199542075803,1,16.9914081621622
1,5.36689225607728,1,14.2983144299518,1,12.1428022571745,1,20.9554082326665,1,17.1741114757338
1,5.52474202831485,1,12.9365701985278,1,14.6336334894154,1,22.1326783580972,1,17.1741114757338
1,6.47184066174025,1,14.9791865456638,1,13.0768639692648,1,18.3654139567189,0,16.8087048485906
1,8.67941996867065,1,14.584174731853,1,8.85132965148597,1,16.2615957973006,1,17.3288994484281
0,4.50662190680976,1,12.6209204410267,1,8.85132965148597,1,19.6171631840452,1,17.525818760342
0,4.00588613938646,1,14.3037098331635,1,10.682639234552,1,18.5846809112007,1,17.1319801365141
1,7.84486035629848,1,17.6692886174373,1,11.9035122899294,1,21.424007161523,1,17.3288994484281
1,8.01177227877291,1,17.9497535161268,1,11.2930757622407,1,20.1334043204674,1,17.525818760342
0,7.96352204255726,1,15.4978092452265,1,9.90294147551168,0,19.5723264755214,0,16.7880678761008
1,4.97720127659829,1,6.140641399052,1,11.1946294940567,1,21.0588322837889,1,17.360388371877
1,8.36169814468512,1,13.1585172836828,1,10.33350414836,1,21.554334219878,1,16.9788413746928
1,9.15805034894085,0,14.9129862548406,1,12.0557548397533,1,20.5633303476997,1,17.360388371877
1,7.5653459404294,1,14.3281632644547,1,12.0557548397533,1,21.3065832518334,1,17.360388371877
1,5.80774239973868,1,10.4402737128107,0,12.1203084994406,1,22.4212564019864,1,17.1058553762956
1,6.86369556332753,1,14.5145268690295,1,10.1002570828671,1,20.9901123763277,1,16.7299025108825
1,7.56766433905343,1,16.5516534471389,1,11.254572178052,1,20.5130643677748,1,17.4818082417087
1,6.15972678760163,1,12.2227594686564,1,10.3888358566633,1,21.705684389157,1,17.4818082417087
1,8.79960969657376,1,15.0238085135569,1,12.697466047033,1,22.1827323977099,0,17.1058553762956
0,4.29480946514504,0,11.1487502826131,1,6.85830496392981,1,20.7574459163071,1,16.9039107600857
0,5.67528393608451,1,14.6172503705372,1,9.84017668737755,1,19.9187612328199,0,17.0960006550866
1,6.44221419771755,1,14.3695003642569,1,9.84017668737755,1,21.1767882580506,0,16.9039107600857
0,6.13544209306434,1,13.8740003516963,1,10.7347382044119,1,20.3381035745635,1,17.2880905500876
1,6.59560025004416,1,14.8650003768175,1,5.96374344689549,1,20.5477747454353,1,16.9039107600857
1,5.43213047944794,1,15.0935167300558,1,9.89153742400688,1,20.0536868222432,1,16.9820862437236
0,4.37588288622195,0,9.1081566474475,0,6.3305839513644,0,18.073075778071,0,16.3755831635906
1,10.4115834189419,1,9.10815664744749,1,5.53926095744385,1,18.5682285391141,1,16.9820862437236
1,7.54462566589992,1,12.2309532122866,1,17.0134443692918,1,21.2915687248508,1,16.9820862437236
1,6.63927058599192,1,14.8332836829859,1,5.53926095744385,1,20.0536868222432,1,17.1842539371012
1,6.40416669868311,1,14.1540996313864,0,14.5365613585295,1,22.6681611117666,1,17.4071081715914
1,3.87620615972925,1,11.1742891826735,1,7.26828067926474,1,20.123775680854,1,17.7939327976268
0,6.23563599608619,1,14.6507347061719,1,12.3001673033711,0,19.4298523815142,1,17.6005204846091
1,6.57269740128004,1,13.4091470192082,1,10.3433225051075,1,18.0420057828346,1,17.2136958585737
1,7.24682021166773,1,13.4091470192082,1,10.6228717620023,1,20.5863912137472,1,17.2136958585737
1,6.494038287326,1,11.9018572874836,0,15.3660575018952,1,22.672186959564,0,18.030920574905
1,7.99266250747816,1,14.7479535953601,0,6.50102432772487,1,20.2856409638205,1,17.2636473589516
1,5.99449688060862,0,11.1256492035172,1,10.93354091481,1,21.0016047625435,1,17.2636473589516
1,7.16009349628252,1,11.9018572874836,1,8.86503317417028,1,19.8083317646717,1,17.45546566294
1,5.82798307836949,1,11.9018572874836,1,20.6850774063973,1,21.4789139616923,0,17.6472839669283
