"Homo_cov","Homo_len","Heter_cov","Heter_len","Asym_cov","Asym_len","Bimo_cov","Bimo_len","Bimo.fix_cov","Bimo.fix_len"
1,6.18780524283252,1,12.2161264268308,1,9.09535280640586,1,10.9244787250488,1,3.28871409525097
1,7.39098959560551,1,13.4079436392046,1,8.64058516608556,1,10.6643720887382,1,6.57742819050195
0,5.84403828489738,1,12.2161264268308,1,9.09535280640586,1,11.1845853613595,1,10.4827761786125
1,6.3596887218001,1,12.8120350330177,1,17.5085541523313,1,10.4042654524275,1,2.67208020239142
1,6.53157220076767,1,13.4079436392046,1,8.41320134592542,1,10.4042654524275,0,10.4827761786125
1,6.39120562634438,1,12.9084814641595,0,8.5916399397282,0,21.927492653431,1,8.40543360265883
1,6.93902325145961,1,14.1496816049441,1,8.90984882638479,1,8.19512351693888,1,7.0045280022157
1,7.48684087657484,1,10.9225612389042,1,6.364177733132,1,23.2564316021238,1,11.6075035465289
1,6.93902325145961,1,12.4120014078457,1,6.6823866197886,1,22.3704723029953,1,7.00452800221569
1,8.21726437672849,1,19.6109622243962,1,9.546266599698,0,10.8530014143245,1,3.20206994387003
1,6.50379819956804,1,14.1551087157418,0,7.39647374800463,0,9.95103246465546,1,3.4230849982023
1,6.32313713846893,1,12.4467335259109,1,8.0396453782659,1,9.95103246465546,1,3.85097062297758
1,7.76842562726182,1,14.8872695113836,1,7.71805956313526,1,17.6907243816097,0,4.06491343536522
1,7.4071035050636,1,14.6432159128363,1,7.39647374800463,1,25.6515503533341,1,6.84616999640459
0,7.04578138286537,1,13.9110551171945,1,7.07488793287399,1,14.8159816695981,1,2.99519937342701
1,6.6444773630248,1,13.4364567984226,1,8.2140179498998,0,21.2642963295279,1,4.63319378625493
1,6.13336371971521,0,13.9739150703596,1,11.7734257281897,0,21.2642963295279,1,7.72198964375822
1,6.30373493415174,1,13.1677276624542,1,7.39261615490982,1,22.4326642597217,1,7.52893990266426
1,6.64447736302481,0,11.0178945747066,0,8.2140179498998,1,24.0683793619931,1,6.37064145610053
1,6.1333637197152,1,13.9739150703595,1,6.29741376158985,1,22.9000114317993,1,6.75674093828844
1,7.43247132181707,1,12.3265153513945,1,7.89776077146228,1,9.98696609960534,1,3.34663771565632
1,6.68922418963536,1,11.9933662878433,1,7.17978251951117,1,11.9356424117235,1,3.34663771565632
1,7.43247132181707,1,13.6591116055993,1,8.97472814938896,1,11.4484733336939,1,2.75605458936403
1,7.43247132181707,1,12.6596644149457,1,6.82079339353561,1,12.9099805677825,1,3.14977667355889
1,6.31760062354451,1,12.3265153513945,1,7.17978251951117,1,10.9613042556644,1,3.54349875775375
1,6.6941505601008,1,13.0808981895202,1,7.84713298206907,1,8.79269544934006,1,2.91190466836493
1,6.17921590163151,0,6.67392764771438,0,8.71903664674341,1,18.6576708315265,1,10.6769837840048
1,6.00757101547508,1,12.0130697658859,1,8.71903664674341,1,14.7974630732796,1,8.73571400509479
1,7.03744033241366,0,13.6148124013373,1,7.55649842717762,1,15.2263750464181,1,8.5415870272038
1,6.35086078778794,1,12.8139410836116,1,9.00967120163486,0,8.36378347620152,1,3.49428560203792
1,6.4094338968156,1,11.5290628010449,1,8.48255492017737,1,22.1313508918698,0,3.02247759966422
1,6.56966974423599,1,11.2728614054661,1,7.89755113257893,1,20.1857376266505,1,3.22397610630851
1,6.4094338968156,1,10.248055823151,1,7.31254734498049,1,17.9969227032787,1,3.62697311959707
1,6.72990559165638,1,15.6282851303053,1,8.77505681397659,1,22.1313508918698,1,3.42547461295279
1,6.4094338968156,1,12.2976669877812,1,7.02004545118127,1,12.1600829076208,0,4.63446565281848
1,6.13061811534964,1,10.866536334746,1,13.6857667680813,1,12.2684860778697,0,3.25634847213122
1,7.43105226102988,1,12.6776257238704,1,8.79799292233796,1,14.1203330330198,0,7.95996293187632
1,6.50217072840114,1,12.6776257238704,1,8.47214133262174,1,13.1944095554447,1,3.61816496903469
1,7.24527595450413,1,12.9363527794596,1,6.84288338404063,1,15.7406991187762,1,3.79907321748643
1,6.50217072840114,1,12.6776257238704,1,7.82043815318929,1,11.8055243390821,1,3.61816496903469
1,6.81120513081481,1,15.1850086368843,1,6.99525604678314,1,10.7259386393424,1,2.65241844855652
1,10.6321250822475,1,17.3038470513333,1,7.43245954970708,1,14.3884542722885,1,3.46854720195852
1,7.6418399028654,1,11.3004715437279,0,8.30686655555497,0,10.7259386393424,1,2.85645063690702
1,6.81120513081481,1,12.7130304866938,0,7.43245954970708,1,11.2491551583347,1,2.65241844855652
1,5.81444340435411,1,10.9473318079864,1,7.43245954970708,1,11.2491551583347,1,7.14112659226755
0,6.93659827507479,0,14.2519522061088,1,8.03577500328218,1,12.5428498380091,1,10.5077857591122
1,7.26691247864978,1,14.9471693868946,1,8.03577500328218,1,12.0509733737734,1,5.04373716437385
1,6.4411269697123,1,14.2519522061088,1,7.67051250313299,1,9.34565282047735,1,3.3624914429159
0,7.43206958043727,1,12.8615178445372,0,8.40103750343137,1,14.018479230716,1,3.99295858846263
0,6.7714411732873,1,13.556735025323,1,8.03577500328218,1,13.2806645343626,1,3.78280287328038
1,5.45032289820827,1,10.8495941719978,1,8.38015294821537,1,14.9405708865788,1,19.522707137417
1,5.9953551880291,1,15.4994202457112,1,9.31128105357263,1,14.0350817419377,1,3.25378452290283
1,7.26709719761103,1,15.189431840797,1,10.2424091589299,1,15.84606003122,1,3.44518361248536
1,5.63200032814855,1,11.1595825769121,1,10.4751911852692,1,14.261454028098,1,3.63658270206788
1,6.17703261796938,1,13.6394898162259,1,8.14737092187605,1,13.3559648834568,1,4.01938088123292
1,6.49979857637712,1,11.6754211401568,1,8.97324046058737,1,9.82353407464407,1,2.95352523802869
1,7.34759839068718,1,13.7186198396843,1,9.27234847594028,1,9.82353407464406,1,2.95352523802869
1,6.78239851448047,1,11.6754211401568,0,9.27234847594028,1,14.5014074435222,1,3.15042692056393
1,9.60839789551401,1,20.7238725237784,1,8.67413244523446,1,8.88795940086844,1,2.5597218729582
1,6.92369848353215,0,10.7997645546451,0,9.27234847594028,1,11.6946834221953,1,3.15042692056393
0,7.02923360379928,0,14.2032835875538,1,8.36487026765256,1,17.7074673660525,1,18.0531643285447
0,8.68317092234028,0,14.8961266893856,1,8.01633400650037,1,9.12202864311796,1,3.2455126882777
0,5.37529628525827,1,11.7783327311421,1,7.66779774534818,1,11.5366832839433,1,10.5479162369025
1,5.5820384500759,1,11.4319111802262,1,8.36487026765256,1,11.2683883238516,1,8.31662626371162
1,7.85620226306978,1,14.5497051384697,1,9.06194278995694,1,10.4635034435765,1,6.89671446259013
1,7.3913378264927,1,15.1870358548548,0,8.13808097302286,1,14.681896288803,1,3.12794535359439
1,5.64075781495495,1,11.4568866975221,1,8.13808097302286,1,24.7145254194851,0,2.54145559979544
1,6.80781115598011,1,14.1212789527598,1,8.13808097302286,1,15.4159911032432,1,3.5189385227937
1,7.58584671666355,1,13.854839727236,1,9.15534109465072,1,11.2561204880823,1,3.51893852279369
1,5.44624892478409,1,9.59181211885569,0,8.64671103383679,1,14.681896288803,1,4.88741461499124
1,8.28295070061509,1,14.7235573134534,0,6.12069475430959,1,11.3953985414937,1,4.26100947819458
1,6.72989744424976,1,12.3266991461471,1,8.45238799404657,1,9.86140258398492,1,4.05810426494722
1,6.3847744983908,1,13.0115157653775,1,8.7438496490137,1,17.7505246511728,1,3.85519905169986
1,7.42014333596769,1,13.0115157653775,1,6.99507971921096,1,13.5868213379348,1,4.05810426494722
1,7.42014333596769,1,12.6691074557623,1,7.5780030291452,1,15.99738641402,1,3.44938862520514
1,6.66735338586212,1,12.4658993014456,1,9.9927227113492,1,16.9682026101005,1,10.4036983304718
1,6.32543782761278,1,15.7901391151644,1,9.64814606613026,1,12.4610237917925,1,11.0156805852055
1,6.66735338586212,1,13.8509992238285,1,7.92526284003557,1,10.8702547970956,1,7.34378705680363
1,7.00926894411146,1,15.7901391151644,0,6.89153290437876,1,12.1958956260097,1,3.4678994434906
1,6.83831116498678,1,12.4658993014456,0,6.89153290437876,1,13.7866646207066,1,6.93579888698122
1,6.1249273634174,1,10.3524615092248,1,5.74089074866907,1,14.9596076758345,0,5.27748313457314
1,6.1249273634174,1,10.5877447253435,1,6.69770587344725,1,21.6656387029327,1,4.05960241121011
1,6.75312504171661,1,13.4111433187684,0,8.93027449792967,1,21.9235629732057,1,5.88642349625466
1,6.75312504171661,1,14.8228426154809,0,7.01664424837331,1,11.8645164325584,1,4.87152289345213
1,6.75312504171661,1,15.9992586960746,1,7.97345937315149,1,13.1541377839234,1,4.66854277289163
1,6.1294448715561,1,11.5318309774491,1,7.69349524167121,1,12.9789583171102,1,7.28872640289118
0,6.60094063090657,1,13.1043533834649,1,8.17433869427566,0,19.7087885556118,1,4.65668631295825
1,7.07243639025704,1,14.93896285715,1,7.69349524167121,1,9.37369211791291,0,3.84682782374812
1,6.60094063090657,1,14.4147887218114,1,23.5613291776181,1,23.794756914702,1,4.04929244605066
1,6.91527113714022,1,15.2010499248193,1,7.69349524167121,1,23.5544058347555,1,9.51583724821903
1,7.7453112439063,1,16.5221913697851,1,8.53431529743059,1,12.3205864179171,1,4.35253344410734
1,6.86848355591691,0,9.81753400233604,1,7.31512739779765,1,9.68046075693489,1,5.34174559049537
1,6.86848355591691,1,13.8882188325729,1,6.90873143125334,1,16.2807749093905,1,6.92448502471622
1,6.86848355591691,1,13.409314734898,0,5.28314756507608,1,14.5206911354023,1,3.36332129771931
0,5.55324202393282,0,11.7331503930358,1,6.90873143125334,1,18.4808796268757,1,3.75900615627452
1,6.67697285508656,1,14.0782188823915,1,7.95545768634187,1,13.8774497946755,1,4.73623027711867
1,6.22172470587611,1,12.5424131861306,1,10.3126303341469,1,12.4418515400539,1,4.53888734890539
1,6.82872223815671,1,13.0543484182176,1,7.071517943415,1,12.2025851642836,1,4.34154442069211
1,6.22172470587611,0,13.310316034261,1,9.72333717219562,1,15.3130480492971,1,3.94685856426556
1,6.98047162122686,1,14.334186498435,1,8.2501042673175,1,11.7240524127431,1,3.55217270783901
1,6.03722237477175,0,18.7611955289127,1,7.62341827714137,1,17.628289465962,1,12.8322192645113
1,6.64094461224892,1,14.9582504892683,1,7.62341827714137,1,9.61543061779743,1,4.15160035028307
1,6.94280573098751,1,14.451191150649,0,8.76693101871257,1,21.9781271263941,1,4.15160035028307
1,8.30118076531116,1,10.9017757803142,1,9.14810193256964,1,16.7125341690289,1,7.92578248690405
1,8.15025020594186,1,14.451191150649,1,8.00458919099844,1,22.4360047748607,1,7.92578248690405
1,10.9734716785627,1,20.0558234200528,1,8.72048367529425,1,12.5265283566775,1,3.63591287075299
1,6.35306255074681,1,15.1773798854454,1,16.4150280946715,1,10.8072009351728,1,6.20243960304922
1,6.3530625507468,1,13.5512320405762,1,7.69454441937727,1,17.1932742150476,1,4.4914217815184
1,7.7006818796931,1,12.1961088365186,1,20.2623003043602,1,21.3687836672734,1,10.2661069291849
1,6.3530625507468,1,13.5512320405762,1,8.463998861315,1,17.4388924181197,1,4.06366732613569
1,6.81453107116151,1,13.2368501929509,1,7.56683407674914,1,11.4495494588801,1,3.94270626358936
1,6.00327737221371,1,11.6976815658636,1,8.40759341861016,1,10.1025436401883,1,5.06919376747204
1,6.00327737221371,1,11.6976815658636,1,7.28658096279547,1,12.347553338008,1,9.9506396176303
1,7.30128329053018,1,13.5446839183684,1,8.9680996465175,1,13.6945591566998,1,4.5059500155307
1,7.95028624968842,1,13.5446839183684,1,7.28658096279547,1,14.3680620660457,0,4.31820209821692
0,6.45327310194144,0,18.7756797919859,1,7.04499701416841,0,14.7320115293219,1,3.0198259192083
1,5.77398119647392,1,11.4286746559914,1,6.73869279616109,1,15.4016484170183,0,2.83108679925777
1,6.79291905467521,1,13.8776763679896,1,6.73869279616109,1,13.6159500498278,0,3.20856503915881
1,6.28345012557456,1,13.8776763679896,1,6.12608436014645,1,13.8391623457266,1,3.77478239901037
1,6.28345012557456,1,11.9728972586577,1,16.2341235543881,1,13.392737753929,1,3.96352151896089
1,7.29207936312202,1,15.4721217934842,1,8.98597415881593,1,17.4395450311692,1,2.78378560399829
1,6.10499667610216,1,14.3509535475795,0,7.65471872788024,1,19.2752866133975,1,8.94788229856593
1,6.7833296401135,1,14.5751871967605,1,9.31878801654986,1,21.5699635911829,1,9.74324961399401
1,9.83582797816458,1,20.8537293738265,1,7.32190487014632,1,14.2269972622696,1,2.98262743285531
1,6.27457991710499,1,14.7994208459414,1,7.32190487014631,1,26.1593175467538,1,9.14672412742295
1,6.8506390619352,1,12.7566043998767,1,8.60264374846179,1,14.6340441913749,0,3.72146571594368
0,7.91629402712512,0,17.7030428406453,1,7.10653179220757,1,17.8621421747664,0,3.91733233257229
1,6.8506390619352,1,13.7979598610912,1,8.97667173752535,0,23.242305480419,1,3.91733233257229
1,5.78498409674528,1,11.1945712080551,1,7.85458777033468,1,12.0515658046617,1,3.32973248268645
0,6.39392979113952,0,14.0582987263948,1,8.60264374846179,1,16.1404899169576,1,5.09253203234398
1,6.52857167702238,1,15.177368871003,1,9.86573862410051,1,20.80173493795,1,4.91470754159278
1,6.70037619483876,1,12.9697515806753,1,7.54438835960627,1,13.3896224887954,1,4.12835433493793
1,7.04398523047151,1,12.6937994193843,1,8.70506349185339,0,13.1505220872097,1,6.88059055822989
1,7.21578974828789,1,13.5216559032572,1,22.6331650788188,1,11.9550200792816,1,4.52153093826535
1,7.21578974828789,1,12.6937994193843,1,7.83455714266805,1,13.1505220872097,1,4.12835433493793
1,6.04921879398967,1,12.2487583479497,0,8.38103101442742,1,11.8873276639534,1,4.15566768637539
1,6.62533486960773,1,14.8734922796533,1,8.74542366722861,0,16.0021718553219,1,7.12400174807209
1,6.3372768317987,1,13.1236696585176,1,8.74542366722862,1,12.1159301190294,1,3.3641119365896
1,6.19324781289419,1,14.8734922796533,1,8.01663836162623,1,10.5157129334972,1,4.15566768637539
1,6.3372768317987,1,13.4153067620402,1,13.8469208064453,0,14.8591595799417,1,4.35355662382184
1,6.13037363060395,1,12.322927645645,1,8.82273999494979,0,16.2602618521879,1,2.99526516002794
1,6.48068069520989,1,12.6234868565144,1,8.50764213798729,0,12.3113411166566,1,3.55687737753317
1,6.65583422751286,0,10.5195723804287,1,7.24725071013732,1,12.7759200267191,1,3.36967330503143
1,5.95522009830098,0,12.6234868565144,1,7.56234856709982,1,12.3113411166566,0,4.11848959503841
1,6.4806806952099,1,12.322927645645,1,7.56234856709982,1,13.2404989367816,1,3.55687737753317
1,7.50388312803728,1,13.1589436614601,1,8.26263299342244,1,15.4684166518776,1,3.60533377322687
1,8.1708949616406,1,14.9865747255518,1,7.99609644524753,1,15.9443679334738,1,3.41557936410967
1,7.17037721123563,1,12.7934174486418,1,6.1303406080231,1,17.6101974190607,1,3.60533377322687
1,6.16985946083066,0,10.9657863845501,1,13.060290860571,1,17.8481730598588,0,3.41557936410967
1,8.50440087844226,1,17.1797320024619,1,6.66341370437294,1,14.5165140886851,1,4.17459700057849
1,7.23048817309002,1,13.2337244933982,1,7.99874004857729,1,18.2251166912089,1,6.76641282977284
1,8.09126057464836,1,14.7606927041749,1,9.77623783715002,1,13.8418607781334,1,6.76641282977284
1,6.19756129122002,1,13.4882191951943,1,8.88748894286365,1,22.6083726042845,0,10.5255310685355
0,4.47601648810335,1,12.9792297916021,1,8.88748894286365,1,11.0734886225067,1,3.19525050294829
1,6.36971577153169,1,12.724735089806,1,8.29498968000608,1,13.3804654188622,1,3.00729459101015
1,5.6900889966842,1,11.3017432687627,1,8.43458210306084,1,10.409557765761,1,3.95142878242912
1,6.50295885335337,0,12.9162780214431,1,7.56203912688213,1,14.3420573661596,1,3.19877568101405
0,6.99068076735488,0,13.4544562723365,1,8.1437344443346,1,15.2673513897828,1,4.13959205778288
1,7.80355062402404,1,15.3380801504636,1,6.98034380942966,1,16.6552924252176,1,3.76326550707535
1,7.15325473868871,1,15.0689910250169,1,6.98034380942966,1,10.6408812716668,1,3.19877568101405
1,8.82610710219258,1,16.9905643835164,1,7.73269799096118,1,12.3825812804013,1,4.37670920950091
1,9.15299995782935,1,17.2785400510336,1,9.02148098945471,1,13.2268481858832,1,3.58094389868256
1,7.51853567964554,1,15.262710378413,1,8.24821119035859,1,10.4126251676102,0,3.38200257097798
1,7.51853567964554,1,15.262710378413,1,9.79475078855083,0,13.5082704877105,1,4.37670920950091
1,8.6626606743742,1,17.8544913860681,0,9.02148098945471,1,13.2268481858832,1,4.17776788179633
0,8.54218840392578,0,12.2969907474247,1,8.15288466970084,1,11.2433661875882,1,3.99445350606452
1,6.03844352691305,1,12.8202669494428,1,7.17453850933674,0,11.2433661875882,1,4.39389885667097
1,5.449327085263,1,13.6051812524699,1,7.17453850933674,1,12.5925701300988,1,4.39389885667097
0,7.36395552062568,0,12.0353526464157,1,6.8484231225487,1,12.5925701300988,1,3.99445350606452
0,7.21667641021316,0,13.6051812524699,0,7.82676928291281,1,9.66929492132586,1,4.39389885667097
1,6.12053785536321,1,15.9957940393937,0,6.61934483682087,1,22.6157615270794,1,4.12524220465349
0,7.77473727573164,0,15.9957940393937,1,12.2457879481186,1,22.6157615270794,1,9.82200524917498
0,7.11305750758427,1,14.810920406846,1,11.2528862225955,1,20.582884086443,0,3.92880209966999
1,6.78221762351058,1,13.0336099580245,1,7.28127932050296,1,23.1239808872385,1,10.214885459142
1,5.62427802925268,1,12.7373915498875,1,8.93611552970818,1,20.3287744063635,1,3.53592188970299
1,6.1521813646919,1,11.887860025623,1,7.23692749717157,1,11.2981559333035,1,3.55837164709977
1,7.3161075688228,1,13.6890509385962,1,7.23692749717157,1,12.992879323299,1,4.15143358828306
1,5.6533558486358,1,11.1673836604338,1,7.79361422772324,1,12.992879323299,1,3.16299701964424
1,6.1521813646919,1,19.4528618601104,1,8.3503009582749,1,12.992879323299,0,3.16299701964424
1,6.8172820527667,1,12.6083363908123,1,8.62864432355072,1,10.1683403399731,1,4.15143358828306
0,6.67556994600332,1,12.2037309610038,1,9.64665010334572,0,9.20617988471434,1,3.75005038924858
1,6.67556994600332,1,13.559701067782,1,9.64665010334571,1,16.9587524192106,1,3.15793716989354
1,6.31472832730045,1,12.2037309610038,1,7.94430008510824,1,23.9845212785979,1,6.31587433978709
1,6.67556994600332,1,14.9156711745602,1,8.5117500911874,1,18.6546276611317,1,2.76319502365685
1,6.31472832730044,1,12.6557209965965,1,8.22802508814782,1,22.0463781449738,1,4.73690575484031
1,6.68788573620336,1,12.817094420299,1,7.76090717258092,0,16.2501228915578,1,4.47717328744668
0,6.68788573620336,0,13.7844223010763,1,6.84785926992434,1,14.4154315973497,1,3.89319416299711
1,8.72332922113481,1,13.542590330882,1,8.6739550752375,1,17.2985179168196,1,3.5038747466974
1,6.8332745565556,1,14.268086241465,1,8.44569309957335,1,15.9880241352423,0,3.11455533039769
1,6.54249691585111,1,13.542590330882,1,9.13047902656578,1,17.2985179168196,0,3.30921503854755
1,8.04058508189749,1,15.2508415773896,1,9.68390901752893,1,19.1903205515008,1,4.02781197558237
1,5.5665589028521,1,13.3444863802159,1,8.25980475024526,1,17.8668501686387,1,4.02781197558237
0,6.49431871999412,0,15.5231780341287,1,8.82944645715873,1,18.7491637572134,1,3.82642137680325
1,7.11282526475547,0,16.8848603178242,1,9.96872987098566,1,16.5433797857765,0,9.8681393401768
1,8.34983835427816,0,17.9742061447806,1,9.68390901752892,1,9.92602787146592,1,2.81946838290766
1,6.14834822655162,1,11.6214929340036,1,9.5633643185785,1,12.7165803771317,1,7.72071609511964
1,5.68722210956025,1,11.9355873376253,1,9.00081347630918,1,14.4619933700714,1,6.73088069830943
1,7.37801787186195,0,15.0765313738425,1,9.28208889744384,0,9.97378853108372,1,4.55324282532697
1,6.60947434354299,1,11.9355873376253,1,9.28208889744384,1,18.4515087825049,1,11.4820906029984
1,7.07060046053437,1,14.4483425665991,1,9.00081347630918,1,12.4672356638546,1,3.16747326979267
1,6.6738217763106,1,15.1978199788227,1,9.29836356458706,0,7.18467202602794,1,3.15797371998223
1,7.20070244286143,1,13.8161999807479,1,7.7986275057827,1,13.2105259833417,1,4.64407899997386
1,7.37632933171171,1,13.5398759811329,0,7.19873308226095,0,11.5881806871418,1,3.34373687998118
1,7.90320999826255,1,13.263551981518,1,8.69846914106532,1,14.137580438313,1,6.50171059996341
1,7.72758310941227,1,15.1978199788227,1,8.39852192930444,1,12.5152351421132,1,3.52950003998014
1,6.79777302893707,1,11.6423902130372,1,6.2595889427629,0,8.6485497767956,1,3.2689272109139
1,6.61404943356039,0,15.5231869507163,1,7.15381593458618,1,12.8619458219012,1,4.49477491500661
1,6.43032583818372,1,13.5827885818768,1,6.70670243867454,1,11.0878843292251,1,4.08615901364237
1,6.24660224280704,1,11.9195899800143,1,8.04804292640945,1,11.7531573889786,1,5.10769876705297
1,6.79777302893707,1,13.8599883488539,0,7.60092943049781,1,18.6276456730982,1,12.8714008929735
0,7.66409508672644,1,15.7397540896759,1,7.29636417888451,1,25.2225281996878,0,3.42165463198631
1,6.54252019598599,1,14.2548716283857,1,7.29636417888451,1,17.1513191757877,1,3.04147078398783
1,6.91637849289947,1,13.3639421516116,1,13.5503906179284,0,14.1246157918252,1,4.37211425198251
1,6.35559104752925,1,13.3639421516116,1,7.29636417888451,1,18.664670867769,1,3.80183847998479
1,6.91637849289947,1,13.6609186438696,1,6.25402643904387,0,9.0801101518876,0,2.8513788599886
1,7.16536796036498,1,12.8284871122348,1,15.9149291889194,1,22.5349973526151,1,4.41781814248943
1,7.83191381714311,1,13.994713213347,1,8.27576317823807,1,16.1571679131957,1,4.62819043498893
0,5.8322762468087,1,11.3707044858445,1,6.36597167556775,1,11.6926873056022,1,3.99707355749044
1,6.83209503197591,1,15.7440523650154,0,7.6391660106813,1,16.3697622278431,1,3.78670126499095
1,8.83173260231032,1,15.4524958397374,1,6.36597167556775,1,15.5193849692538,1,3.99707355749044
1,9.33141729510434,1,22.6650346403536,0,6.79538866559899,1,9.670563224147,1,3.7693978762842
1,6.76189659065532,1,12.8715011537811,1,7.07852985999895,1,13.2624867074016,1,2.77745106673573
1,6.22094486340289,1,12.3118706688341,1,7.64481224879887,1,21.2752390931234,1,3.37261915246482
1,7.16761038609464,1,10.9127944564666,1,8.21109463759878,1,14.0913921266142,1,4.1661766001036
1,7.70856211334706,1,13.1513163962546,1,9.90994180399853,1,13.81509032021,1,3.17422979055512
1,7.68372719573902,1,15.8892430539817,1,9.06917564312718,1,19.9426758305249,1,10.413159523531
1,7.35676008102672,0,9.7983665499554,0,6.65072880495993,1,8.07203545521246,1,3.83642719287983
1,6.37585873688982,1,11.3872908553536,1,9.06917564312718,1,20.1800886380312,1,6.94210634902064
1,6.86630940895827,1,13.5058565958845,1,20.8591039791925,1,16.1440709104249,1,4.38448822043408
1,6.37585873688982,1,12.7113944431854,1,8.16225807881446,1,19.9426758305249,1,3.10567915614081
1,6.77073923748303,1,15.1009849454348,1,6.95725457165624,1,13.8070243347672,1,4.07874341425183
1,6.77073923748303,1,15.7301926514946,1,8.11679700026561,1,19.2860022453891,1,11.1238456752323
1,9.18886039372698,1,17.9324196227039,1,4.63816971443749,1,23.6691845738866,1,5.00573055385451
1,8.54402808539526,1,18.8762311817935,1,8.40668260741796,1,10.9579558212438,1,3.70794855841075
0,6.44832308331718,1,14.7863810924049,1,9.27633942887499,1,16.6560928482906,1,5.56192283761613
1,7.93925640647212,1,13.3507706570934,0,9.30187214727915,1,13.3044634710204,1,9.27431698570215
1,6.84955454676026,1,12.5163474910251,1,11.5343214626262,1,10.1474721389139,1,7.66139229253655
1,6.84955454676026,1,14.1851938231617,1,13.7667707779731,0,9.69647337718438,1,5.24200525278817
1,6.69388285251571,1,14.4633348785179,1,12.2784712344085,1,13.0789640901557,1,4.83877407949677
0,6.22686776978206,0,11.9600653803128,1,11.9063963485173,1,9.69647337718438,1,10.0807793322849
1,8.21331085214561,1,14.600727997492,1,7.54803453215203,1,18.3248010905856,1,3.68039951670479
1,5.37024171101828,0,12.1213590922575,0,8.26689496378555,1,15.2338707861495,1,3.68039951670479
1,5.84408656787284,1,12.9478153940023,1,7.18860431633526,1,12.8052826898068,1,4.26151522986871
1,6.94972456720013,1,14.0497571296621,1,8.26689496378555,1,13.4676248979003,1,6.58597808252437
1,8.37125913776379,1,14.0497571296621,0,7.18860431633526,1,13.026063425838,1,4.45522046759001
1,5.93803530014535,1,13.2036213223367,1,9.91568337415142,1,21.9370541345664,1,3.82936893514549
1,6.25056347383722,1,12.520675391871,1,9.58516059501304,1,21.9370541345664,1,5.16964806244641
1,6.09429938699128,0,8.19535116558829,1,7.93254669932113,1,21.0035624692657,1,3.82936893514549
1,5.93803530014535,0,12.0653781048939,1,8.59359225759789,1,21.4703083019161,1,5.16964806244641
1,6.40682756068314,1,13.4312699658253,1,7.93254669932113,1,16.3361041427622,1,3.44643204163094
1,7.2206219468196,1,13.8207753876098,0,7.2926990211525,1,11.1047804040515,1,3.92276856931207
1,6.54893618432476,1,12.4918546772627,1,7.74849270997453,1,17.7147687397965,1,2.83311063339205
1,6.54893618432476,1,12.2260705351933,1,9.79956430967367,1,15.5995724723581,1,3.26897380776006
1,6.54893618432476,1,13.0234229614016,0,7.2926990211525,1,13.4843762049197,1,16.1269374516163
1,7.55646482806703,1,14.8839119558875,1,7.74849270997453,1,17.4503692063667,1,3.48690539494406
1,6.09315337686752,1,12.1375207517382,1,7.79519741944888,1,11.8098702447764,1,4.27467595840951
0,7.49926569460618,1,15.853088328801,1,6.68159778809904,0,11.8098702447764,1,4.48840975632999
1,7.49926569460618,1,14.8622703082509,0,6.12479797242412,1,11.5911689439473,1,3.84720836256857
1,6.56185748278041,1,14.1191567928383,1,8.3519972351238,1,9.84155853731371,1,4.27467595840952
0,7.0305615886933,0,15.3576793185259,1,6.9599976959365,1,12.465974147264,1,3.84720836256856
1,7.06485092710505,1,15.8539471169882,1,7.87980017323666,1,14.006865207474,1,3.76067545088272
1,6.87893379744439,1,13.1744067591874,0,7.87980017323667,0,9.18482964424526,1,4.32477676851513
1,7.06485092710505,1,10.4948664013866,1,7.5646081663072,1,15.3845896541108,0,3.38460790579445
1,6.87893379744439,0,16.9704222660719,1,7.5646081663072,1,15.8438311363231,1,6.20511449395648
1,6.50709953812307,1,14.7374719679045,1,8.5101841870956,1,17.451176324066,1,3.57264167833858
1,6.8786840936884,0,12.3706500686485,1,9.51817100747102,1,12.0559215187661,1,6.6669173972747
1,6.87868409368839,1,12.3706500686485,1,9.2537773683746,1,12.7650933728112,1,3.43447259859606
1,7.05970209615388,1,13.5775427582727,1,8.72499009018177,0,8.03728101251073,0,15.1520849938062
1,7.78377410601582,1,16.8964976547394,1,8.72499009018177,1,13.0014839908262,0,4.44461159818314
1,6.33563008629194,1,12.0689268962424,1,9.2537773683746,1,12.0559215187661,1,3.63650039851347
1,7.42928312618046,1,20.3714262067737,1,6.30869010979309,1,21.7292770873955,1,2.61590989435565
1,6.58504640729632,1,13.4891876234042,1,14.91144935042,0,18.4226479654005,0,3.01835757041036
1,7.59813046995729,1,19.8208471201041,0,4.87489690302193,1,18.1864601709723,1,2.817133732383
1,5.74080968841217,1,10.7362921900564,1,7.45572467521002,0,20.5483381152544,1,3.21958140843772
1,5.74080968841218,1,12.1127399067303,0,7.45572467521002,1,22.4378404706801,0,2.817133732383
0,6.38153528635405,1,14.3932646588695,1,5.27843704176732,1,18.7844096742615,1,3.6864616683207
1,7.63009653803202,1,14.1267227207423,1,6.92794861731961,1,13.95413290088,1,6.96331648460577
1,7.4913675100678,1,15.7259743495055,1,7.91765556265098,1,15.2958764490415,1,4.09606852035634
1,7.35263848210358,1,14.3932646588695,1,7.25785093243007,1,12.3440406430861,1,3.6864616683207
1,5.68789014653296,0,10.3951355869613,1,7.58775324754052,1,13.4174354816153,1,5.32488907646324
1,8.5896927468742,1,21.7211525365565,1,10.2902090142089,1,14.4444889644761,1,6.31220131673143
1,6.77264235811235,1,13.133720138383,1,9.1468524570746,1,14.4444889644761,1,4.8269774775005
1,9.08525194380925,0,21.9737240776793,1,8.57517417850744,1,17.9030285756887,1,4.64132449759664
1,6.77264235811235,1,13.3862916795058,1,11.1477264320597,1,11.7997233794312,1,3.71305959807731
1,11.2326751305278,1,20.20572328982,1,10.0043698749253,1,12.206610392515,1,3.15610065836571
1,5.763763411586,1,14.4736696371538,1,17.6819408501627,1,11.08554937727,0,9.82312570314787
1,6.56428610763962,1,15.5075031826648,1,8.33577211507669,1,13.5797979871557,1,3.05608355209045
1,7.8451224213254,1,13.4398360916428,1,7.83057380507204,1,11.08554937727,1,2.6195001875061
1,6.72439064685034,1,14.7321280235316,0,8.33577211507669,1,12.4712430494287,1,3.05608355209045
1,7.52491334290395,1,18.35054543282,1,8.08317296007437,1,10.5312719084065,1,3.4926669166748
1,6.35480319511385,1,14.086186162106,1,6.92417110611591,1,12.5967661406167,1,3.55114256069086
1,6.35480319511385,1,16.4338838557903,1,7.8683762569499,1,11.855779897051,1,3.94571395632317
1,7.43976959427964,1,14.6731105855271,1,14.7925473630658,0,12.8437615551386,1,4.14299965413933
1,6.6647935948755,1,13.7927239503955,1,8.1831113072279,1,13.3377523841824,1,3.3538568628747
0,6.50979839499468,0,12.6188751035533,0,8.1831113072279,0,9.87981658087582,0,4.14299965413934
1,6.45564364031188,1,11.3210429656806,1,10.0052986913088,1,25.133839753244,1,3.80508482631526
1,7.15355106088614,1,15.3850071072069,1,8.08120278913404,1,17.9527426808885,1,4.00535244875289
1,6.28116678516832,1,15.9655734131393,1,7.31156442826413,1,25.6125795580677,1,4.0053524487529
1,6.97907420574258,1,13.0627418834776,1,8.85084115000395,1,21.0645514122426,1,7.61016965263051
1,7.67698162631683,1,13.3530250364438,1,7.69638360869908,1,17.9527426808885,1,4.20562007119055
1,5.56522397219637,1,12.6109650295422,1,7.30765065741499,1,14.9200398033867,1,3.23988176069742
1,6.12174636941601,1,12.6109650295422,1,6.67220277416151,1,13.925370483161,1,5.26480786113331
1,7.04928369811541,0,15.4484321611892,1,7.62537459904173,1,12.1846991727658,1,4.04985220087178
1,6.30725383515589,1,12.9262391552808,1,6.67220277416151,1,13.925370483161,1,3.23988176069742
1,7.23479116385529,1,12.6109650295422,1,8.2608224822952,1,13.4280358230481,1,3.23988176069742
1,8.19502083855602,1,14.4451779446464,1,7.91969333319499,1,11.6851112430779,1,3.48131761051232
1,6.65845443132677,1,13.1076614682903,0,11.254301052435,1,13.7471896977387,0,3.69889996116933
1,8.53648004016252,1,14.9801845351889,1,8.75334526300499,1,13.2889500411474,1,5.65714111708251
1,6.82918403213002,1,12.0376482872053,1,10.00382315772,1,12.1433508996692,1,3.2637352598553
1,7.68283203614627,1,17.1202108973587,1,9.58699719281499,0,13.9763095260344,1,3.48131761051232
1,7.17510660506744,1,15.2330115551983,1,7.84978070472173,1,22.0938126268373,1,10.8657565401387
1,6.60865082045686,1,13.2019433478385,0,7.84978070472173,1,14.6516862683237,1,4.51031403552926
1,6.41983222558666,1,13.8789660836251,1,8.34039199876684,1,15.3493856144343,1,7.58552815066284
0,10.3850227178608,1,27.7579321672503,0,6.37794682258641,1,10.6980566403633,1,4.51031403552926
1,5.85337644097607,0,10.8323637725855,1,6.86855811663152,0,14.4191198196201,1,3.89527121250254
1,6.0346668220739,0,16.5940180577453,1,8.86671484011219,1,12.4615764383933,1,3.54605832100331
1,6.0346668220739,1,12.1491917922778,1,13.5771570989218,1,12.4615764383933,1,4.13706804117053
1,5.84608348388409,1,11.8528700412466,0,7.48129064634466,0,10.1250308561945,0,8.27413608234105
1,6.97758351302295,1,13.6308005474336,1,17.7334296802244,0,12.4615764383933,1,9.45615552267549
1,6.97758351302295,1,14.2234440494959,1,10.2521390338797,1,12.2019602625934,1,3.74306156105905
1,7.25630610333689,1,15.9900393276992,1,9.21342869140741,1,13.2496229987384,1,3.81736947576154
1,6.91880349387936,1,14.4525355461896,1,9.80784344569175,1,15.0771572054609,1,7.63473895152307
0,6.75005218915059,1,15.6825385713973,1,9.80784344569176,1,11.8789723436965,1,4.42011202456599
1,10.2938295884547,1,20.9100514285297,0,6.83576967427001,1,14.8487154296206,1,7.43382476858825
1,7.08755479860812,1,18.1425446218125,1,8.02459918283871,1,16.9046914121835,1,11.050280061415
1,5.88026634535178,0,11.0438844813498,0,8.74744128400057,1,11.6524487188635,1,3.30632976961094
1,6.99274916744536,1,15.0319538773928,1,6.63598993958664,1,9.1732043105947,1,4.86224966119256
1,7.31060140232924,1,12.8845318949081,1,7.84253356496603,1,20.5777285886313,0,8.3630694172512
1,6.3570446976776,1,12.5777573259817,1,7.84253356496603,1,11.9003731596904,1,3.30632976961094
1,6.51597081511954,1,11.9642081881289,1,9.04907719034542,1,14.3796175679592,1,4.08428971540175
1,5.72807257643209,1,12.395105469838,0,7.55721938717554,1,12.4173615680029,1,4.30211507031252
1,5.55959985359585,1,13.3020644066554,1,8.21436889910385,1,12.8859412498144,1,5.05030899558426
1,5.89654529926833,1,13.3020644066554,0,7.88579414313969,0,7.96585459079433,1,18.1437026878398
1,6.90738163628576,1,14.2090233434728,0,8.542943655068,1,14.7602599770601,1,6.73374532744569
1,6.23349074494081,1,13.6043840522612,1,8.542943655068,1,12.4173615680029,1,5.79850292085601
1,7.32635971369731,0,12.922175753079,1,8.06573640160594,1,12.075690485804,1,3.81104535339314
1,7.78425719580339,1,13.4390627832021,1,7.72966405153902,1,12.3440391632664,1,4.00159762106279
1,7.63162470176803,0,13.4390627832021,1,9.41002580187359,1,24.4197296490704,1,3.62049308572348
1,6.71582973755587,1,11.8884016928327,1,8.06573640160594,1,26.8348677462312,1,4.00159762106279
1,7.32635971369731,1,11.8884016928327,1,8.73788110173976,1,12.075690485804,1,4.76380669174142
1,6.72885318537164,1,13.2314074682111,1,8.97305373451031,1,13.2894234511309,1,3.0551311425572
1,7.90640249281168,1,14.5815510874163,1,8.73053876871273,1,12.8148011850191,1,8.97444773126177
1,6.56063185573736,1,12.1512925728469,1,8.48802380291515,1,10.44168985446,1,3.24607683896702
1,6.89707451500594,0,11.3412064013238,1,4.60778435015394,1,9.25513418918043,1,3.43702253537685
1,6.89707451500594,1,13.5014361920522,1,8.00299387132,1,15.1879125155781,1,3.43702253537685
0,6.20816247637388,0,12.1485506887426,1,7.97278658120664,1,14.4023929207596,1,3.47538069598875
0,7.21879357717893,0,12.4126496167588,1,7.97278658120663,1,12.0378209486946,0,2.89615057999063
1,6.0637866048303,1,12.1485506887426,1,21.7036968043958,1,16.3370427160855,0,3.08922728532334
0,6.93004183409177,0,13.7331442568395,1,8.63718546297385,1,15.6921594509768,1,3.08922728532334
1,7.50754532026609,1,12.6767485447749,0,7.08692140551701,1,11.3929376835859,1,7.91614491864105
1,8.33098096395377,1,15.101169602515,0,6.35877447717417,1,20.6756708038818,1,7.35428006850944
1,6.94248413662814,1,14.5977972824311,1,8.22900226457834,1,14.3513479697532,1,7.15551574233351
1,7.09676156188655,1,14.5977972824312,1,8.60304782205917,1,11.918916110473,1,3.37899354499082
1,6.47965186085293,1,13.5910526422635,1,7.10686559213584,1,19.9459412460977,0,10.7332736135003
1,6.17109701033613,1,14.0944249623473,1,8.60304782205917,1,13.1351320401131,1,4.17405084969455
1,7.54221632283375,1,14.9122115935956,0,6.74885597628225,1,9.99413460671372,1,2.60106196993198
1,8.19806122047147,1,20.406184285973,0,8.71727230269791,1,14.8630719792153,1,3.60147041990582
1,7.54221632283376,1,16.7435358243881,1,8.43606997035281,1,14.0942923940834,1,8.60351266977503
1,5.73864285433003,1,12.5576518682911,1,9.56087929973319,1,11.787953638688,0,3.40138872991106
1,6.39448775196775,1,13.3425051100593,0,7.59246297331753,0,11.787953638688,1,3.80155210990059
1,6.76881813457625,1,12.6852200973202,1,7.6619483091751,1,13.0052098176984,1,4.06721144930821
1,6.43863188410912,1,13.1731131779864,1,14.9206361810252,1,11.8010237234671,1,7.11762003628937
1,6.10844563364198,1,10.9775943149887,1,8.0652087465001,1,14.6910703496223,1,8.94786518847806
1,6.43863188410912,1,13.4170597183195,1,8.0652087465001,1,12.5235353800059,1,10.9814709131322
1,6.27353875887555,0,11.7094339359879,1,8.87172962115011,1,13.7277214742372,1,5.8974566014969
1,8.67738182226345,1,15.6337378197525,1,7.80379890432465,1,13.7113680773964,1,7.07290888983904
1,8.50383418581818,1,20.6365339220733,1,8.77927376736524,1,14.5819311299295,1,10.6093633347586
0,5.72707200269388,0,10.9436164738268,1,11.3805400688068,1,12.62316426173,1,3.3399847535351
1,6.07416727558441,1,15.0083883069624,0,7.15348232896427,0,14.1466496036629,0,2.35763629661302
1,8.33028654937291,1,16.2590873325426,1,7.80379890432465,1,24.1581247077936,1,9.03760580368322
1,6.82324567954017,1,13.4810024281794,1,7.41586625557608,1,12.3052070153028,1,3.61572320868274
1,6.82324567954018,1,13.7561249267136,0,7.16867071372354,1,10.885375436614,1,3.61572320868274
1,7.0300107001323,1,12.6556349325766,0,10.135017215954,1,13.0151228046472,1,4.41921725505668
1,5.99618559717167,1,10.1795324457681,1,7.66306179742862,0,12.0685684188546,1,3.21397618549577
1,6.40971563835592,1,14.0312474252479,1,7.41586625557608,1,14.1983157868878,0,3.21397618549577
1,7.26227107078755,1,15.7355041531003,1,9.4544067060278,1,13.2930303766401,1,2.59936568482832
1,7.1008872692145,1,13.9297905617609,1,7.97715565821095,1,11.9637273389761,0,3.5991217174546
1,7.42365487236061,1,12.8979542238527,1,8.27260586777432,1,13.0714798703628,1,2.59936568482832
0,6.77811966606838,1,14.7036678151921,0,9.74985691559117,1,13.5145808829175,1,3.19921930440408
1,6.77811966606838,1,12.6399951393756,1,7.97715565821095,1,13.5145808829175,1,2.79931689135357
1,5.87034473121935,1,12.5767232801155,0,7.32444342018418,0,11.5895428560535,1,3.25433361310983
1,6.48827575555823,1,15.1492348601391,1,7.32444342018418,1,15.2642759567534,1,3.68824476152447
1,6.17931024338879,1,13.4342271401234,1,6.47931533323985,1,10.4588557481459,1,3.25433361310983
1,6.64275851164295,1,15.4350694801417,1,7.0427340578694,1,11.5895428560535,1,3.47128918731715
1,6.02482748730407,1,12.2908886601129,1,6.47931533323985,1,10.176183971169,1,3.25433361310983
1,6.20903608153913,1,13.2152392828898,1,6.22439613134744,1,12.9639354565665,1,3.22698927784098
1,6.77349390713359,1,14.5108509772907,1,9.33659419702116,1,10.0072484226128,0,3.22698927784098
1,6.20903608153913,1,12.9561169440096,1,9.33659419702116,1,9.55237349431218,1,3.22698927784098
1,6.39718869007061,1,13.9926062995303,0,8.40293477731905,1,13.4188103848671,1,3.01185665931824
1,6.39718869007062,1,12.9561169440096,1,7.7804951641843,1,13.8736853131677,1,3.22698927784097
1,8.03110984406587,1,17.1059288292006,1,7.68218427829913,1,18.4717889750831,1,3.70173489429656
1,7.33275246632101,1,16.55412467342,0,7.40782055407416,1,14.6334951620788,1,3.50690674196517
1,7.33275246632101,1,9.65657272616165,1,8.50527545097404,1,16.3127487052682,1,3.70173489429657
1,7.68193115519345,0,16.2782225955296,1,7.9565480025241,1,17.5122155218321,1,3.31207858963377
1,10.1261819773004,0,18.4854392186523,1,7.40782055407416,1,17.0324287952065,1,3.11725043730237
1,6.37933821342905,1,12.7871982516282,1,8.64744466543758,1,9.69199168009954,0,2.87415243413348
1,9.06537535592549,1,18.0525151787693,1,7.56651408225788,0,10.1535150934376,1,3.09524108291298
1,7.55447946327124,1,15.5452214039402,1,8.64744466543758,1,9.23046826676146,1,3.97959567803098
0,6.21146089202302,0,11.2828219867308,0,7.92682427665111,0,12.691893866797,1,3.31632973169248
1,6.04358357061699,1,13.2886570065941,1,7.56651408225789,0,11.9996087467899,1,3.53741838047198
1,7.10428398779108,1,14.2654692088369,0,8.05244339415144,0,11.6772920610849,1,2.85268852716308
1,6.78136198834603,1,12.8389222879532,1,9.02849713889707,1,7.62598665213707,1,15.0784965007191
1,7.75012798668118,1,13.9801598246601,0,7.80842995796504,1,24.3078324536869,1,3.46397892584088
1,8.71889398501632,1,18.2598005873112,1,8.29645683033785,1,19.0649666303427,1,16.5048407643007
0,8.07304998612623,0,16.262634898074,1,8.78448370271066,1,14.298724972757,1,3.66774239206682
1,6.58205388805238,1,13.9634855794054,1,8.67790652001593,1,23.1019835191671,1,3.78949620482329
1,7.52234730063129,1,13.455722467427,1,8.31632708168193,1,20.6701957803074,1,3.59004903614838
1,6.42533831928922,1,14.4712486913838,1,8.67790652001593,1,21.8860896497373,1,4.38783771084802
1,5.95519161299977,1,12.1863146874811,1,9.40106539668392,1,26.9928439013427,1,3.78949620482329
1,7.67906286939444,1,14.725130247373,1,8.31632708168193,1,23.5883410669391,1,3.59004903614838
1,6.85085931230801,1,11.2509203597912,1,6.64532713314998,1,8.66811801667077,1,14.0207603341678
1,7.35214170101347,1,13.1718092017068,0,7.70857947445397,0,15.4400852171948,1,4.67358677805593
1,8.3547064784244,1,15.0926980436223,0,6.11370096249798,1,53.9048589161713,1,16.1628209407768
1,6.34957692360255,0,15.3671107353245,0,7.17695330380197,1,25.7334753619913,1,3.11572451870395
1,6.51667105317104,1,12.6229838183023,0,6.64532713314998,1,17.3362360333415,1,2.92099173628496
1,6.53344274669923,1,11.4072631041797,1,8.14965536632522,1,13.5232358242207,1,3.47542648776025
1,6.86011488403418,1,14.3149968366177,1,5.23906416406621,1,11.8020967193199,1,5.4062189809604
1,6.53344274669923,1,14.9860123133342,1,7.85859624609932,1,11.8020967193199,1,4.0546642357203
0,7.67679522737159,1,17.4464023946278,1,8.14965536632522,1,10.8185886593765,1,4.0546642357203
1,6.04343454069678,1,11.6309349297519,0,7.85859624609932,1,13.2773588092349,1,3.47542648776026
1,6.38294445911212,1,12.32691416475,1,11.6376427967735,1,20.6519334523338,1,11.7595545958793
1,6.38294445911212,1,11.7399182521428,1,12.2667045695721,1,22.8131823019966,1,12.1581835652311
1,7.07299250874586,1,14.381399858875,1,9.43592659197854,1,18.4906846026709,1,6.97600696365722
0,7.93555257078804,0,16.435885553,1,8.1778030463814,1,12.7273543369034,0,3.18903175481472
1,6.21043244670368,1,12.0334162084464,1,8.49233393278069,1,21.3723497355547,1,6.57737799430538
0,6.77882357640501,1,13.6199405690577,1,8.94836112202902,1,17.9405287203555,1,2.85024534754268
1,6.77882357640501,1,15.1003688917814,1,15.4782462651313,1,13.8004067079658,0,8.19445537418521
0,6.59561212839407,0,14.8042832272366,1,9.67390391570705,1,23.6906981820079,1,4.27536802131402
1,6.77882357640501,1,13.6199405690577,1,7.25542793678029,1,14.7204338218302,1,6.23491169774961
1,6.59561212839407,1,15.1003688917814,1,7.25542793678029,1,11.960352480237,1,3.56280668442835
1,7.08440909693088,1,13.2304765209022,0,8.2893233048478,0,9.12619290881369,1,13.9279769928259
1,5.59295455020859,1,13.2304765209022,1,7.65168305062874,1,12.7286374780822,1,3.8916406303484
1,6.52511364191002,1,17.2303880272215,1,7.3328629235192,1,21.1343414730422,1,10.2411595535484
1,6.8979772785906,1,15.0765895238188,1,7.01404279640967,1,20.1736895879039,1,6.554342114271
1,6.8979772785906,1,14.7689040233327,0,9.56460381328592,1,14.6499412483588,1,3.2771710571355
1,6.39762149845973,1,12.9890584779322,1,8.31445751370053,1,9.85355663047556,1,8.0199463042976
1,6.23357992157615,1,12.7611802590211,1,13.2415434477453,1,14.7803349457133,1,8.21555475074388
1,6.56166307534331,1,13.2169366968432,1,11.7018290933563,1,14.0024225801495,1,3.52095203603309
1,6.88974622911048,1,14.8120842292209,1,7.39062890106714,1,13.2245102145856,0,3.71656048247938
1,6.23357992157615,1,11.6217891644656,1,7.69857177194494,1,21.0036338702242,1,11.1496814474381
0,7.31488862000148,1,14.2525806764625,0,9.71717406491119,1,12.0849276943051,0,2.96131946227829
0,6.33957013733461,1,12.6170386316225,1,9.7171740649112,1,13.9806026267451,1,4.54068984216005
0,7.31488862000148,1,14.486229540011,1,8.85977635330138,1,17.7719524916251,1,3.94842594970439
1,6.98978245911252,1,13.5516340858168,1,8.85977635330138,1,13.2697245270801,1,3.15874075976351
0,6.82722937866804,1,12.8506874951711,1,9.14557559050465,1,22.2741804561702,0,7.30458800695312
1,7.30959522020849,1,13.5146717032138,1,8.27015571031468,1,12.1263268001699,1,3.14343655992704
1,5.9390461164194,1,12.4750815721974,1,7.99448385330419,1,13.3389594801869,1,2.55404220494072
1,7.46187845396283,1,13.774569235968,1,8.54582756732517,1,16.491804448231,1,2.55404220494072
0,10.5075431290497,1,20.791802620329,1,7.99448385330419,1,11.3987471921597,1,3.33990134492248
0,6.70046228519112,1,13.774569235968,1,8.27015571031468,1,16.9768575202378,1,12.3772814547127
1,6.50647265974211,1,12.8986113428035,1,8.38020341721892,1,12.5697486907433,0,3.59527203727325
1,9.39823828629416,1,21.3323187592519,1,6.20755808682883,0,20.703115490636,1,7.59001874535465
1,7.59088476969913,0,16.8674148328969,1,8.06982551287748,1,15.527336617977,1,3.39553470186918
1,7.22941406638013,1,14.6349628697193,1,8.69058132156036,1,18.9778558664163,1,6.5913320683343
1,5.7835312531041,1,12.154460688411,1,7.13869179985315,1,19.7172528482247,0,2.59658536025291
1,6.25285457514022,1,17.3705109830063,1,7.75484612414168,1,20.5775694187292,1,11.2515076040765
1,7.2002567834948,1,13.9490466984748,1,8.64963606154265,1,10.2887847093646,1,15.2562814970529
1,8.90558075853304,1,16.8441318623092,1,8.64963606154265,1,16.0313622215681,0,5.53040204268167
1,8.90558075853304,1,16.317752741612,1,6.26352956180674,1,15.0742659695342,1,4.95829148654219
1,8.71610031686212,1,15.0018049398691,1,8.94789937400964,1,18.4241028516529,1,8.96306537951857
1,6.80396229252723,1,13.8852209495208,1,8.13733608265659,1,14.3507943278669,0,3.68757243056901
0,6.80396229252723,1,13.6232356485864,1,8.69853167456394,1,13.6085118626324,1,3.89243756560062
0,6.41516444723996,1,14.4091915513895,1,8.69853167456394,1,16.0827867467474,1,3.07297702547418
0,5.63756875666542,1,11.0033826392429,1,8.97912947051761,1,19.2993440960969,1,3.4827072955374
0,6.80396229252723,0,13.6232356485864,0,8.13733608265659,1,9.89709953645994,1,4.50703297069546
1,5.98637300970285,1,10.7062779444115,1,8.5129101502597,1,13.4903838950267,1,4.08111245964516
1,5.98637300970285,1,11.5743545344989,1,6.96510830475794,1,22.5615041003032,1,3.00713549658064
1,6.53058873785765,1,14.1785843047611,1,7.73900922750882,0,12.7926054176977,1,4.08111245964516
1,6.53058873785765,1,13.8892254413987,1,7.99697620175911,1,19.3052045394347,1,3.00713549658064
1,6.89339922329419,1,13.5998665780362,1,9.54477804726087,1,11.8622341145924,1,3.65152167441935
1,4.77367721045447,1,9.82726419823365,1,9.1558394655015,1,13.8505317865348,1,5.47241589449856
1,6.22653549189715,1,13.5548471699775,1,8.28385475450136,1,22.7712132761674,1,12.1174923378182
1,6.84918904108686,1,12.5382336322291,0,7.84786239900128,1,10.5639649219333,1,4.29975534567744
1,6.01898430883391,1,13.215975990728,1,6.97587768800114,1,19.249891635523,1,3.71342507126688
1,5.81143312577067,1,12.5382336322291,1,7.84786239900129,1,22.7712132761674,1,3.71342507126688
1,7.21623655692042,1,14.4964553815737,1,8.93461083312366,1,15.1989134055638,1,3.95334147458012
1,6.87260624468612,1,13.154190994391,1,8.33897011091542,1,15.832201464129,1,4.14159583051251
1,7.04442140080327,1,15.3018140138834,1,8.93461083312366,0,13.7212412689118,1,4.32985018644489
1,7.21623655692042,1,15.5702668913199,1,8.04114974981129,1,15.1989134055638,1,3.95334147458012
1,7.55986686915473,1,15.8387197687565,1,8.63679047201954,1,12.032473112738,1,4.3298501864449
1,6.37681294230712,1,12.535714696422,1,9.36162757724325,1,17.870684022699,1,4.84971172820721
0,6.37681294230713,1,14.0400004599926,1,8.32144673532733,1,13.29404543152,0,12.3263506425267
1,6.55900759780161,1,15.5442862235633,1,8.32144673532733,1,16.7810081676564,1,3.83935511816404
1,5.83022897582366,1,14.0400004599926,1,8.66817368263264,1,15.0375267995882,1,9.69942345641442
0,6.37681294230713,1,16.2964291053486,1,9.01490062993794,0,12.4223047474859,1,4.84971172820721
1,7.52742172019323,1,13.505139503408,1,9.49228689414995,1,21.2241360938662,1,7.80034737744195
1,8.04065501929731,1,19.5393507708882,1,8.35321246685196,1,15.2710247504647,1,4.68020842646518
1,6.32987735561703,1,14.3671696844766,1,9.87197836991595,1,16.5651793903346,1,3.12013895097678
1,6.84311065472112,1,14.3671696844766,1,9.11259541838395,1,16.5651793903346,1,6.24027790195356
1,5.98772182288098,1,13.2177961097185,0,6.45475508802197,1,23.553614445632,1,10.3354602751106
1,6.23935799552824,1,12.122540917168,1,9.72556436182144,1,11.9742916182644,1,3.32392731020342
1,7.9551814442985,1,14.9006232106856,1,9.18525523060914,1,13.6506924448215,1,3.53167276709114
1,7.33124564474568,1,14.6480702749113,1,10.2658734930337,1,14.3691499419173,1,5.81687279285599
1,6.55132589530465,1,14.1429644033626,1,8.64494609939684,1,18.4404090921272,1,4.36265459464199
1,5.92739009575182,1,12.880199724491,1,7.83448240257838,1,16.0455507684744,1,6.02461824974371
1,7.13933226720987,1,14.9604919296285,1,8.7853003965707,1,13.829471296489,1,4.41324501740933
1,6.2081150149651,1,12.9465795544862,1,8.08247636484504,1,15.5895858251331,1,4.01204092491757
1,6.82892651646162,1,13.8096848581186,1,8.7853003965707,1,20.6184844784018,1,3.81143887867169
1,6.05291213959098,1,12.9465795544862,0,9.13671241243353,0,10.0577973065375,0,3.20963273993406
1,7.13933226720987,1,13.8096848581186,1,8.7853003965707,1,14.8352510271428,1,7.4222757110975
1,6.6611983001808,0,14.3870852298257,1,9.72807836517864,1,11.5849684590463,1,3.44582595477374
1,6.2448734064195,1,12.6507128745019,0,7.66454659074681,0,8.44737283472127,1,3.85121724357065
1,7.3550731231163,1,12.6507128745019,1,7.36975633725655,1,11.8263219686098,1,10.9455647975166
1,6.6611983001808,1,14.8831916170611,1,7.07496608376628,1,12.5503824973002,1,3.64852159917219
1,6.1060984418324,0,16.1234575851495,0,8.54891735121759,1,15.2052711024983,1,3.44582595477374
1,6.91167245674759,1,14.0170292505817,1,8.38133992727695,1,15.5643324644019,1,4.07973049809583
1,7.06192620580732,1,16.9262240007025,1,8.7457460110716,1,20.8322603754302,1,4.48770354790541
1,6.76141870768786,1,15.3393905006366,0,6.5593095083037,1,17.4799426138667,1,4.07973049809583
1,6.4609112095684,1,14.5459737506037,0,9.83896426245555,1,13.648722314937,1,3.26378439847667
1,6.4609112095684,1,13.7525570005708,1,9.11015209486625,1,14.6065273896695,1,4.6916900728102
1,6.28790490938889,1,12.3097759686318,1,8.20692961307078,1,16.3297368108847,1,3.4431447516841
1,6.44510253212362,1,11.967837747281,0,7.73796220660959,1,12.7009064084659,1,3.4431447516841
1,7.23109064579723,1,12.6517141899827,1,8.91038072276256,1,11.9232998936618,1,3.01275165772359
1,6.28790490938889,1,14.3614052967372,1,7.97244590984019,1,15.811332467682,1,3.65834129866436
1,6.13070728665417,1,10.9420230832283,0,9.37934812922375,1,11.4048955504591,0,3.4431447516841
1,5.57619477465966,1,12.4237934941883,1,8.60006623990037,1,12.0459310103413,1,4.57132934523511
1,6.75902396928444,1,12.9524655577708,1,9.2371081835967,1,12.0459310103413,1,4.57132934523511
1,6.42107277082022,1,13.216801589562,1,6.6889404088114,1,12.291766337083,1,4.57132934523511
1,6.25209717158811,1,12.6881295259796,1,7.64450332435588,1,12.5376016638246,1,3.32460316017099
1,5.23824357619544,1,10.5734412716496,1,7.64450332435589,1,11.3084250301163,1,7.68814480789541
1,6.04405900970089,1,11.9168515789685,0,8.5960450094632,1,11.4924602866988,0,3.69751231014341
1,7.4755466698932,1,12.4239516461587,1,7.56451960832761,1,13.6815003413081,1,3.9150130342695
1,6.52122156309833,1,12.9310517133488,1,7.22067780794908,1,12.0397203003512,1,3.26251086189125
1,6.68027574756414,1,11.1562014781833,1,8.25220320908467,1,17.2386904300482,1,4.35001448252166
1,6.68027574756414,1,12.4239516461586,1,6.87683600757056,1,13.6815003413081,0,2.610008689513
1,6.47133457972286,1,12.7074995056969,1,7.78035677755481,1,12.8932996908943,1,3.12044427974289
1,7.32282597179165,1,12.951874496191,1,7.78035677755481,1,12.8932996908943,1,3.31547204722682
0,6.64163285813662,1,12.7074995056969,1,7.44208039592199,1,12.8932996908943,1,2.5353609772911
1,7.15252769337789,0,15.6399993916269,0,15.5607135551096,1,13.3378962319596,1,3.70552758219468
1,6.98222941496413,1,13.6849994676735,1,8.79518592245326,1,19.7845460774068,1,2.92541651225896
1,6.43638143402973,1,14.454423386668,0,7.29243554197403,1,12.9765673520153,1,3.31909401188122
1,7.40183864913419,1,15.4512801719555,1,7.02234533671573,1,17.4786417394492,1,3.70957566033783
0,6.43638143402973,1,15.4512801719555,0,5.94198451568254,1,15.3600184983039,1,5.07626142993598
1,5.63183375477601,1,11.9622814234494,1,7.29243554197403,1,24.0993393680285,1,16.5954700594061
1,6.75820050573121,1,15.2020659756336,1,7.83261595249062,1,12.1820836365858,1,3.90481648456614
1,10.3648344283744,1,16.9013250255948,0,10.0961874326405,0,13.4540019317449,1,3.34576162083055
1,7.30635869541145,1,12.1478273621463,1,8.41348952720043,1,13.4540019317449,1,3.54257112793824
1,6.96652805841557,1,12.940076972721,1,10.4327270137285,1,20.644933998712,1,8.46280880563023
1,7.64618933240734,1,16.373158618545,1,9.08656868937647,1,10.670415325177,0,10.2340943695994
1,6.28686678442381,1,12.4119105656712,1,9.42310827046448,1,13.4540019317449,1,7.47876127009183
1,6.40466704077361,1,12.2011188141729,1,9.93044602209141,1,19.6912106325354,1,8.44855956313362
1,5.74777811351478,1,11.8882696138095,1,8.91193873777434,1,13.9583265243289,1,5.06913573788017
1,6.89733373621773,1,14.7039124170801,1,8.91193873777434,1,11.7150240472046,1,7.88532225892471
1,10.3460006043266,1,20.3351980236215,1,10.4396996642499,1,15.4538615090784,1,12.391220692596
1,6.73311150440302,1,14.3910632167167,1,8.65731191669507,1,21.4360014480765,1,5.25688150594981
0,9.20608063002306,1,20.4442584890613,1,8.37047753604574,1,12.3812008027539,1,3.78343674824862
1,5.58940609679971,1,11.5671462503899,1,8.91050834482289,0,11.0055118246702,1,4.18169324806426
0,7.89092625430548,0,15.333193866796,1,8.10046213165717,1,10.5469488319756,1,4.38082149797208
1,6.2469832846585,1,13.9881768609367,1,9.18052374921146,1,14.9032972625742,1,6.37210399705031
1,6.5757718785879,1,13.7191734597648,1,9.18052374921145,1,11.9226378100593,1,4.77907799778773
1,7.61706106562224,1,13.8679052947299,1,8.51063974705881,0,22.6641569802701,1,9.90937662371422
1,8.6326692077052,0,15.3432143686373,1,7.40055630179027,1,12.4287312472449,1,3.30312554123807
1,6.43218489985878,0,12.0975344060409,0,8.88066756214833,1,14.3783361487735,1,3.92246158022021
1,8.12486513666372,1,15.0481525538558,1,9.25069537723784,1,13.6472343107003,1,3.50957088756545
1,6.60145292353927,1,15.9333379982003,1,7.40055630179027,1,20.9582526914326,1,3.50957088756545
1,7.32699820428916,1,14.5055280825351,1,9.7434660486868,0,10.5460084045271,1,2.8190613635401
1,7.50145054248652,1,17.5593234683319,1,11.0006874743238,1,15.2058725832717,1,2.4163383116058
1,6.45473651330235,1,16.2869087242499,1,7.85763391023129,0,11.7722884515652,1,3.42314594144154
1,8.19925989527596,1,18.0682893659647,1,9.42916069227755,1,14.2248485456412,1,3.42314594144154
1,6.97809352789444,1,17.8138064171483,1,9.1148553358683,1,14.4701045550489,1,2.61769983757295
1,6.89211390739376,1,12.8697814125253,1,7.59064764934981,1,22.3655924046578,1,3.59343443840334
1,7.24555564623447,1,13.6122688017095,0,6.45205050194734,1,22.8518009351939,1,3.40430631006632
1,6.18523042971235,1,12.3747898197359,1,6.83158288441483,1,22.3655924046578,0,3.21517818172931
1,7.95243912391589,1,13.8597645981042,0,8.34971241428479,1,19.6914454867096,1,4.91733133676247
1,6.89211390739377,1,12.1272940233412,0,6.45205050194734,1,14.1000473855451,1,3.21517818172931
1,5.51046505576844,1,11.5130142992858,1,8.72539677434763,1,10.8335712610651,1,6.44138616540991
0,6.45511620818589,0,12.3554299797214,1,8.14370365605779,1,11.962068267426,1,7.91370300321789
1,5.82534877324093,1,11.5130142992858,0,8.43455021520271,1,13.9933628788758,1,5.15310893232793
1,5.66790691450468,1,11.232209072474,1,8.43455021520271,1,18.0559521017752,0,3.31271288506796
0,8.50186037175703,1,18.2523397427702,1,8.14370365605779,1,23.6984371335799,1,4.41695051342394
1,6.35356553046124,1,11.4659656082232,1,6.65627258519035,1,23.5858611639068,1,5.23664850656562
1,6.35356553046124,1,11.9871458631424,0,7.98752710222842,1,13.2504837999477,1,3.87899889375231
1,7.21215546701005,1,15.3748175201174,1,8.78627981245126,1,24.1158805159047,1,3.87899889375231
0,6.69700150508076,1,21.6289805791483,1,7.45502529541319,1,13.5154934759466,1,3.29714905968947
1,7.21215546701005,1,15.3748175201174,1,8.52002890904365,1,22.2608127839121,1,3.6850489490647
1,6.98086503144267,1,12.8059106705156,1,9.24670204644082,1,10.7314638427758,1,3.20797564836712
1,6.50489696111703,1,13.3508430394737,1,10.1713722510849,1,14.3086184570343,1,2.56638051869369
1,6.98086503144267,1,9.53631645676696,1,16.3358402820454,1,12.639279637047,1,3.42184069159159
1,9.51936140651273,0,14.713173961869,1,8.93847864489279,1,21.7014046598354,0,2.56638051869369
1,9.67801742995461,0,10.8986473791622,1,8.63025524334476,1,14.5470954313183,1,3.42184069159159
1,6.76122914652736,1,12.7071970033064,1,8.01441100934268,1,22.9068368526575,1,10.477636759317
1,7.60638278984328,1,12.946955437331,0,8.74299382837384,0,7.63561228421917,1,5.04478806930079
1,7.60638278984328,1,15.8240566456268,1,8.01441100934268,1,13.6009343812654,1,3.68657589679673
1,6.25413696053781,1,11.2686463991585,1,8.01441100934268,1,14.5553859167928,0,6.79106086252029
1,7.4373520611801,1,18.9409162879473,1,8.25727194901973,1,11.6920313102106,0,6.59703055216256
1,6.57252836429588,1,13.1858870035539,1,8.22679708747595,1,13.0166604053501,1,3.23836360832462
1,6.7454896370405,1,14.1626193741875,1,10.0549742180262,1,22.483322518332,1,10.9294771780956
1,7.09141218252976,1,13.9184362815291,1,7.61740471062588,1,22.2466559655075,1,3.84555678488549
1,6.7454896370405,1,13.4300700962123,1,7.31270852220085,1,19.879990437262,1,10.1198862760144
1,6.57252836429587,1,12.6975208182371,1,7.00801233377581,1,18.6966576731393,1,3.6431590593652
1,6.60468586836843,1,13.7939293534847,1,7.59141883979539,1,15.1389372694882,1,3.82049963780877
1,5.94421728153158,1,13.0804502489941,1,7.59141883979539,0,14.0575846073819,1,4.01152461969921
1,5.94421728153158,1,13.5561029853211,1,7.26135715110864,0,13.4087730101181,1,4.01152461969921
1,7.26515445520527,1,14.0317557216482,1,8.25154221716891,1,17.3016425937008,0,4.39357458348009
1,6.43956872165922,1,13.7939293534847,1,20.7938863872656,1,12.1111498155905,1,4.20254960158965
1,6.99657083039831,1,14.4330741111166,1,8.41009127409764,1,8.83356199307895,1,6.13018599842115
1,6.02030513313343,1,12.799141192877,1,7.20864966351226,1,14.4961017322321,0,3.06509299921058
1,5.85759418358928,1,12.5268190398371,1,6.90828926086592,1,11.7780826574386,1,3.2840282134399
1,6.99657083039831,1,12.5268190398371,0,6.00720805292689,0,13.3635937844015,1,3.50296342766923
1,6.50843798176587,1,13.6161076519968,1,6.60792885821958,1,12.0045842470047,1,3.94083385612789
1,6.61685791019941,1,14.6480361505185,1,7.97640891962912,1,13.2065644928912,1,3.1732834043974
0,6.61685791019941,0,13.6875091898287,1,7.38556381447141,1,12.7873084772439,1,3.17328340439739
1,7.58517857998469,1,14.8881678906909,1,9.15809912994455,1,10.0621443755362,1,3.35994713406783
1,8.55349924976997,1,14.8881678906909,1,8.56725402478684,1,11.7391684381255,1,3.54661086373826
1,6.61685791019941,0,15.6085631112082,1,6.7947187093137,1,13.6258205085386,1,3.35994713406783
1,6.49248524507512,1,14.862002787132,1,8.24920596871383,1,25.909943933512,1,19.1192608882669
1,7.60548271565942,1,14.3115582394604,1,8.24920596871383,1,13.9515082718911,1,3.78183182405278
1,6.67798482350583,1,13.2106691441173,1,8.51530938705944,1,16.6919831110126,1,2.73132298403812
1,6.86348440193655,1,14.0363359656246,1,8.78141280540505,1,12.7058378904723,1,2.94142475204105
1,7.23448355879799,1,18.1646700731613,1,8.24920596871383,1,15.4463127295937,1,3.36162828804692
1,6.25121061753285,1,12.7503363752047,1,6.56822842381766,1,10.5650109252503,1,5.03729211748017
1,7.07373833036612,1,13.8590612773964,1,9.12253947752453,1,13.0376730566918,1,4.8435501129617
1,7.40274941549943,1,20.2342294649988,1,8.75763789842355,1,16.1846975876175,1,3.48735608133243
1,6.25121061753285,1,13.5818800518485,1,9.12253947752453,1,11.0145858582397,0,5.23103412199864
1,6.90923278779947,1,12.7503363752047,1,8.75763789842355,1,11.464160791229,1,4.2623240994063
1,6.61776522333706,1,14.2067859309439,1,7.6793150567779,1,15.2676604080628,1,3.52739924064526
1,5.92115835772263,1,12.7620280396615,0,7.35934359607882,1,16.268818467608,1,3.52739924064526
0,7.31437208895149,1,14.2067859309439,1,7.6793150567779,1,22.7763458546511,0,3.52739924064526
0,6.61776522333706,0,14.6883718947047,1,6.71940067468066,1,23.52721439931,1,3.31990516766613
1,6.26946179052985,1,13.2436140034223,1,7.99928651747697,1,22.2757668248786,1,3.31990516766613
0,4.77835833097819,1,13.5068695687387,1,8.0749540037729,1,10.6837414221497,1,3.28702523370257
1,6.75561005414158,1,13.2312191693767,1,8.91029407312872,1,11.4121783372962,1,3.69790338791538
1,6.42606810028102,1,12.1286175719286,1,8.35340069355818,1,12.6262398625405,1,18.6949560166833
1,5.76698419255989,0,11.0260159744806,1,8.63184738334345,1,12.1406152524428,1,4.51965969634103
1,5.76698419255989,1,11.3016663738426,1,9.74563414248454,0,23.552793589739,1,10.2719538553205
1,6.20038284552127,1,14.5705082626982,1,6.89177827899793,1,20.3320281094045,1,7.10406528623098
1,6.20038284552127,1,12.7863643937964,1,8.38999094834531,1,15.7111126299944,1,9.60008822463646
1,6.03721487590229,1,15.7599375086328,1,7.79070588060636,1,10.8591513766138,1,12.0961111630419
1,6.03721487590229,1,12.4890070823128,1,16.7799818966906,1,12.7075175683778,1,2.49602293840548
0,5.87404690628331,1,14.2731509512146,1,8.68963348221478,1,13.8627464382304,1,11.9041093985492
1,7.36202704322724,1,12.6459065243498,1,9.05899036176315,1,10.1488303445335,1,3.41346018231338
1,7.86398343253819,1,14.858940166111,1,8.75702401637105,1,9.40623300225055,1,3.41346018231338
1,7.52934583966423,1,14.5427925030022,1,9.05899036176316,1,11.3864925816717,0,3.20011892091879
1,7.36202704322724,1,14.2266448398935,1,10.2668557433316,1,11.1389601342441,1,2.77343639812962
1,6.52543306104233,1,11.6974635350235,0,10.5688220887237,1,11.3864925816717,1,2.77343639812962
1,6.39500449455952,1,11.7074960836051,1,7.88376797067593,1,23.2758930668687,1,13.0967925689454
1,6.92792153577281,1,12.0419959717081,1,8.13808306650419,1,10.8470181282495,1,3.47883552612613
1,7.81611660446163,1,14.7179950765321,1,8.39239816233245,1,11.5249567612651,1,4.29738506168522
1,6.03972646708399,1,8.36249720257506,0,8.90102835398896,0,11.5249567612651,1,3.68347291001591
1,7.99375561819939,1,16.0559946289441,1,8.13808306650419,0,12.2028953942807,1,4.70665982946477
1,7.00708606920184,1,13.2323270153547,1,7.77872794266842,1,11.1317138254135,1,3.49955246972648
0,4.67139071280123,0,12.64422359245,1,8.07790978661721,1,11.3685588004223,0,3.30513288807501
0,5.60566885536147,1,12.3501718809977,0,9.27463716241235,1,12.0790937254487,1,3.49955246972648
1,8.7199293305623,0,14.9966372840686,1,8.97545531846357,1,10.4211789003871,1,3.30513288807501
1,6.8513730454418,1,11.4680167466407,1,7.47954609871964,0,11.1317138254135,1,12.4428532256941
1,6.92400897366721,1,18.6639944942652,1,8.66332083904321,1,9.12405689217561,1,3.09777507453087
1,5.64853363641273,1,13.4955037112379,1,10.3400926143419,1,20.3536653748533,1,4.33688510434321
1,6.01295516134258,0,12.6340885807334,1,9.50170672669256,1,12.1654091895675,1,3.51081175113498
1,6.37737668627243,1,14.9311955954122,1,7.26601102629431,1,13.3351600731797,1,3.51081175113498
1,6.19516592380751,1,13.2083653344031,1,8.942782801593,1,16.8444127240165,1,3.71733008943704
1,7.1568697915468,1,15.0820361206647,1,7.51317949359271,1,13.8898148606842,1,4.49840414625417
1,7.44314458320867,1,17.6431365939851,1,7.51317949359271,1,41.9174769902791,1,9.81469995546364
1,5.29608364574463,1,15.6511695591804,1,7.18651951561042,1,12.4016204113252,1,4.08945831477651
1,5.00980885408276,1,11.6672354895708,1,7.839839471575,1,42.1655093985056,1,6.3386603879036
0,6.01177062489931,1,11.6672354895708,1,7.839839471575,1,10.6653935537397,1,3.47603956756004
1,7.01908231488135,1,15.3967451651307,1,8.19787863389706,1,9.8756469894285,1,2.91076286202705
1,5.51499324740678,1,12.5261655580724,1,7.17314380465993,1,13.6377982234965,1,3.53449776103286
1,6.51771929238983,1,14.3528980352913,1,8.19787863389706,1,22.572907404408,1,3.32658612803092
1,9.19165541234463,1,17.2234776423496,1,6.83156552824755,1,13.167529319238,1,3.11867449502899
1,7.85468735236722,1,14.0919362528315,1,16.7373355442065,1,15.2837393884013,1,5.40570245805025
0,5.52469068746176,1,15.25019713005,0,7.60311413429076,0,9.97502330267643,1,4.8939091288247
0,6.78747713031017,1,13.6568929522836,1,6.69074043817587,1,12.5267734498727,1,3.05869320551544
1,7.26102204637832,1,13.2016631872075,1,7.90723869966239,1,10.2070005887852,1,3.05869320551544
1,7.26102204637832,1,13.4292780697455,1,6.9948650035475,1,10.9029324471114,1,4.28217048772161
1,5.99823560352992,1,12.9740483046694,1,7.29898956891913,1,14.8465463109603,1,3.87434472698622
1,6.60825770358993,1,15.3985012816899,1,6.97799693684057,1,13.0531413864066,0,3.50740377792496
1,6.9306117379114,1,14.7141234469481,1,9.30399591578742,1,14.4271562691862,1,3.09476803934555
1,7.09178875507213,1,11.976612107981,1,6.97799693684057,0,15.3431661910393,1,3.50740377792496
1,6.76943472075067,1,11.976612107981,1,10.4669954052608,1,13.2821438668699,1,3.30108590863526
1,6.44708068642921,1,12.6609899427228,1,6.97799693684057,1,13.0531413864066,1,3.92003951650437
1,7.50611733714433,1,14.12366390677,1,6.16398682753849,1,23.2800535080419,1,8.38936971961011
1,6.52705855403855,1,11.8177595954606,1,10.7869769481924,1,15.002701149627,0,10.6773796431401
1,7.01658794559144,1,13.8354258678563,1,7.19131796546156,1,24.5733898140442,1,3.43201488529504
1,5.54799977093277,1,12.1059976343743,1,8.21864910338465,1,26.125393381247,1,3.43201488529505
1,6.69023501788951,1,12.394235673288,1,8.21864910338465,1,17.5893737616317,1,3.81334987255005
1,5.9814347691562,1,12.0526307804104,1,7.08276151396286,1,13.331229576446,1,3.25919752874915
1,6.29624712542758,1,12.3204670199751,1,7.35517541834605,1,10.4745375243504,1,6.5183950574983
1,6.45365330356327,1,13.6596482177985,0,7.35517541834605,1,11.9028835503982,1,3.25919752874915
1,6.13884094729189,1,11.7847945408457,1,6.81034760957967,1,13.331229576446,1,2.60735802299932
1,7.5554965505131,1,15.2666656551865,1,7.08276151396286,1,10.9506528663663,1,6.30111522224836
1,6.03897665539885,0,9.47310614017328,1,6.92873767066453,1,26.3396037132101,1,3.32883658845273
1,6.18995107178382,1,12.0782103287209,1,6.92873767066454,1,10.9155114487177,0,3.13302267148492
1,6.18995107178382,1,11.1308997147036,1,7.20588717749111,1,23.4920789874577,1,2.93720875451712
0,6.64287432093873,0,13.4991762497469,0,6.92873767066454,1,21.1191417159973,1,4.69953400722738
1,6.34092548816879,1,13.0255209427383,1,8.31448520479744,1,12.3392738115939,1,3.32883658845273
1,5.56362052714426,1,11.7656870985534,1,9.21919572989667,1,11.3797410251143,1,3.5146199810644
1,6.87270771000173,1,13.6375009551415,1,8.48166007150494,1,11.8538969011608,0,3.10113527740976
1,7.03634360785892,1,13.1026969961163,1,7.74412441311321,1,13.5134424673233,0,2.89439292558245
1,7.52725130143047,1,15.5093148117295,1,8.11289224230907,0,22.5224041122055,1,8.06295172126539
1,7.03634360785892,1,15.5093148117295,1,8.48166007150494,1,11.6168189631376,1,3.5146199810644
1,6.67998304988677,0,12.2125059375992,1,7.593607159987,0,11.9035536684855,0,3.5808539094243
1,7.79331355820123,1,16.0690867599989,1,7.89735144638648,1,21.2744363436762,1,19.0350655185186
1,9.09219915123477,1,22.1753397287985,1,6.98611858718805,0,9.87741687384967,1,3.95778589989001
1,7.236648304044,1,13.8194146135991,1,8.50484001918544,1,14.4362246617803,1,3.39238791419144
1,6.86553813460585,1,12.5338876727992,1,8.80858430558493,0,10.1306839731792,0,3.39238791419144
1,6.65356070868565,1,12.2641965414308,1,7.31525916484749,1,13.5005915329863,1,2.70510082213559
1,7.37677382919496,1,13.4607035210826,1,7.80294310917065,1,10.1807739429077,1,3.28476528402179
1,6.36427546048192,1,11.6659430516049,1,8.77831099781699,1,17.0417302957368,1,3.09154379672639
1,8.09998694970426,1,17.6484779498639,1,6.82757522052432,1,15.9351244323773,1,5.02375866968038
0,6.0749902122782,1,11.9650697965179,1,7.80294310917065,1,11.951343324283,1,2.70510082213559
1,6.23334833314076,1,12.0638917334059,1,7.89136371348314,1,10.8759712235068,1,3.6046315769079
1,5.61001349982668,1,15.157197306074,0,7.47602878119455,1,17.0555003277721,0,11.2379690338893
1,7.01251687478335,1,10.8265695043386,1,7.47602878119455,1,15.5724133427484,1,6.99722600223299
1,7.01251687478335,1,12.3732222906727,0,8.30669864577172,1,17.0555003277721,1,12.7222290949691
0,5.61001349982668,0,10.207908389805,1,7.47602878119455,0,10.6287900593362,1,12.9342662465519
0,6.52461450905619,1,12.7352324282592,1,8.55948576567414,1,13.2635247778059,1,3.88309303462774
1,6.52461450905619,1,13.0314006242653,0,8.55948576567414,1,12.0122488553714,0,5.43633024847884
1,6.348273576379,1,11.2543914482291,1,8.274169573485,1,20.0204147589523,1,15.532372138511
1,6.52461450905619,1,12.4390642322532,1,7.13290480472845,1,16.7670973606225,1,4.07724768635913
1,6.348273576379,1,10.958223252223,1,9.13011815005241,1,13.2635247778059,1,4.07724768635913
1,6.46755564318858,1,14.6650755661833,1,9.33570996354842,1,14.1534665835222,1,5.66786426809927
1,6.63339040327034,1,13.536992830323,1,8.48700905777129,1,14.385490625875,1,5.47242067264757
1,5.63838184277979,1,11.8448687265326,0,6.22380664236561,0,8.81691360940728,0,3.51798471813058
1,6.46755564318858,1,14.1010341982531,1,8.769909359697,1,12.9933463717581,1,11.7266157271019
0,5.80421660286155,1,11.5628480425676,1,8.48700905777129,1,11.3691780752883,1,6.44963864990607
1,6.96056753478614,1,16.2170027686198,1,9.12434427047145,1,21.6396501449798,1,2.99374885313519
1,6.63682020758678,1,13.3211094170805,1,6.63588674216106,1,20.667081599138,1,3.59249862376222
1,6.15119921678775,0,12.7419307467727,1,7.74186786585457,1,16.5336652793104,1,4.39083165126494
0,7.28431486198549,0,13.0315200819266,1,8.01836314677795,1,15.0748124605477,1,4.59041490814062
1,6.15119921678775,1,14.4794667576962,1,7.46537258493119,1,21.3965080085194,1,4.19124839438926
1,6.1975256684226,0,11.4814831792908,1,11.192390202746,1,13.6367930707653,1,3.32547159551087
1,6.36967915921212,1,12.6296314972199,1,7.99456443053289,1,9.52410944624879,1,11.4544021623152
1,6.02537217763308,1,12.6296314972199,1,8.3143470077542,0,12.5545079064189,1,4.43396212734783
1,7.05829312237018,1,15.6913603450308,1,7.67478185331157,1,11.6886797749417,1,3.87971686142935
1,7.2304466131597,1,14.5432120271017,1,9.27369473941815,0,9.74056647911808,1,4.98820739326631
1,6.20374818682828,0,11.9874391654172,1,8.95618914993713,1,12.2179581345334,1,3.77166259852593
1,6.73549803141356,1,13.3193768504636,1,8.17739009342086,1,15.6118353941261,1,3.39449633867334
1,7.08999792780375,1,15.716864683547,1,10.1243877347115,1,15.6118353941261,0,4.33741198830482
1,5.4947483940479,0,8.52440118429669,0,8.56678962167899,1,11.5391826826149,1,4.52599511823112
1,6.20374818682828,1,11.4546640913987,1,8.17739009342086,1,16.0643523620718,1,3.20591320874704
1,8.18110111933194,1,12.8084989722401,1,10.5290116171495,1,13.9452179099885,1,4.67548939565778
1,7.49934269272094,0,10.9008501891406,1,8.82160432788203,1,22.9837850738699,1,17.6393463563453
1,7.15846347941545,1,12.8084989722401,1,7.11419703861454,1,15.7529313427647,1,4.46296715040062
1,6.3062654461517,0,10.9008501891406,1,7.68333280170371,1,20.6595820888718,1,14.2389904322305
1,5.9653862328462,1,13.0810202269687,1,7.96790068324829,1,14.7199522383212,1,3.61287816937192
1,7.7083416282036,1,16.4946220228117,1,7.5500386652578,1,9.57459869349663,1,3.08636204410732
0,6.53533311956392,0,9.64300979795143,1,7.86462360964355,1,12.1433934649226,0,3.47215729962073
1,7.03805105183807,1,15.4795683598694,0,8.49379349841503,0,12.6104470597273,1,2.7005667885939
1,7.37319634002083,1,15.2258049441338,1,7.86462360964355,1,16.8139294129697,0,2.89346441635062
0,5.86504254319839,1,13.956987865456,1,7.86462360964355,1,12.1433934649226,1,3.08636204410732
1,7.94992987367122,1,11.7425547924239,1,7.36393077569827,1,12.0205935620631,1,3.59705465489973
1,6.54700107243512,1,13.420062619913,1,8.06525751624097,1,12.511230033984,1,3.21841732280502
1,6.39112009452,1,14.5384011715725,1,8.41592088651231,1,12.7565482699445,0,2.83977999071031
1,6.39112009452,1,14.5384011715725,1,14.7278615513965,1,11.7752753261026,1,2.83977999071032
1,6.54700107243512,1,12.5813087061685,1,8.76658425678366,1,12.7565482699445,1,3.02909865675767
1,5.91780231992049,0,11.6402151465072,1,8.12707507166578,1,11.297326089901,1,3.33139927778874
1,6.35081224576833,1,12.3528813799668,1,8.68756300764274,1,10.0693558627379,1,2.54754062419139
1,6.20647560381905,1,12.3528813799668,1,8.68756300764274,1,16.2092069985536,1,3.91929326798675
1,5.48479239407265,1,10.6899935018944,1,7.56658713568883,1,13.99886058966,1,3.72332860458741
1,6.35081224576833,1,13.5406584357329,1,7.00609919971188,1,16.2092069985536,1,3.72332860458741
1,6.42272848184793,1,15.6702366536581,1,9.09730690745932,1,20.6985695697478,1,10.9119911738352
0,7.85000147781413,1,15.1004098662524,1,10.5187611117498,1,19.5357285826833,1,17.4208981898071
1,7.13636497983103,1,13.675842897738,1,7.10727102145259,0,17.2100466085543,1,9.95479896560407
1,6.06591023285637,1,12.2512759292236,0,8.52872522574311,1,17.2100466085543,1,10.9119911738352
1,6.06591023285637,1,13.3909295040351,1,9.09730690745932,1,13.488955449948,1,9.76336052395784
1,6.67338005044692,1,12.3003704890221,1,9.03532068007823,1,22.8889120323404,1,3.71366732990082
1,6.67338005044692,0,13.385697296877,1,9.03532068007823,1,23.1133131306967,0,10.9455458144445
1,7.3244415187832,1,13.385697296877,1,8.60506731436022,1,19.5228955569962,1,4.10457968041669
1,7.3244415187832,1,15.9181265152051,1,9.46557404579625,1,21.9913076389153,1,4.49549203093257
1,6.34784931627878,1,11.9385948864038,1,9.03532068007823,1,23.7865164257655,1,19.1547051752779
0,8.80854962940261,0,16.9888016839535,1,6.79147872337159,1,11.7979225753842,1,5.41931149918486
1,6.44911669295548,1,11.4729569813712,1,8.89917901683174,1,12.7054550811829,1,4.29807463728454
1,8.02207198392023,1,13.2380272861975,1,6.08891195888488,1,19.0581826217744,1,4.29807463728455
1,6.60641222205196,1,12.3554921337844,1,7.49404548785831,1,13.8398707134314,1,4.67182025791798
1,5.97723010566606,1,13.2380272861975,0,8.89917901683174,1,12.4785719547332,1,5.04556587855142
1,6.15684029008652,1,12.2687116395828,1,7.57659064098593,1,12.5548810363305,1,14.5490722972167
1,5.80502084493872,1,12.0415132758869,1,9.1441611184313,0,16.3450338020152,1,2.86883115719766
1,5.80502084493872,1,11.3599181847989,0,9.1441611184313,1,11.6073428449094,1,3.68849720211128
1,7.03638890295603,1,13.4047034580627,0,8.88289937219041,1,12.5548810363305,1,3.07374766842607
1,6.68456945780823,1,13.6319018217587,0,7.05406714850415,0,12.5548810363305,0,3.07374766842607
1,8.81103940807673,0,20.0957294690024,1,6.73140865619999,1,23.3889639454504,1,11.4870453451955
1,5.54769147915942,1,15.2967492973004,1,6.3771239900842,1,12.9681384252002,1,3.2546628478054
1,6.03719366849701,1,13.4971317329121,1,8.14854732066314,1,13.8944340270003,1,7.08367796287058
1,6.36352846138875,1,14.3969405151062,1,8.85711665289471,1,13.8944340270003,1,3.82901511506518
1,5.54769147915942,1,15.2967492973004,1,7.79426265454735,1,19.2206337373504,1,6.50932569561081
1,6.41485228644476,1,14.5033212046215,1,7.47001025425156,1,18.3248950391847,0,3.01877500143939
1,6.75247609099449,1,15.247081266397,1,8.14910209554716,1,14.5335374448707,1,3.62253000172728
0,6.92128799326935,0,17.1064814208357,1,8.14910209554716,1,10.1102869181709,1,5.23254333582828
1,6.58366418871963,1,14.1314411737338,1,7.47001025425156,0,10.9528108280185,1,3.22002666820202
1,6.58366418871963,1,12.6439210501829,1,8.48864801619495,1,14.9547993997945,1,3.62253000172728
1,7.59099205032954,1,13.3227977312565,1,8.86051730168778,1,14.1230546417361,1,2.5269824317745
1,6.79194025555801,1,15.6912951057021,1,8.36826634048291,1,11.3488831942522,0,3.30451548770511
1,6.39241435817225,1,14.2109842466736,1,9.35276826289266,1,13.1142650244692,0,2.9157489597398
1,6.39241435817225,0,11.2503625286166,1,9.5988937434951,1,11.3488831942522,1,3.49889875168776
1,6.59217730686513,1,15.0991707620907,1,9.10664278229022,1,10.3400935769854,1,3.49889875168776
1,5.69424643040857,0,10.6141214290903,1,8.0924639690673,1,18.7491218829644,1,7.10376970750579
1,6.74318656232594,0,12.0293376196357,0,9.59106840778346,1,21.249004800693,1,3.10789924703378
1,6.59333797205203,1,13.4445538101811,1,8.0924639690673,1,20.9990165089202,1,2.88590644367423
1,7.34258092342158,1,13.6804231752719,1,8.39218485681053,0,23.7488877184216,1,2.66391364031467
1,7.19273233314767,1,13.2086844450901,1,9.8907892955267,1,22.7489345513302,0,3.77387765711245
1,6.8340316824808,1,16.3903568769194,0,9.0490448536743,1,12.7205917334833,1,7.55216273104823
1,6.65880010087873,1,12.8601261649675,1,9.35067968213011,1,11.986711441167,1,4.17356361452665
1,6.8340316824808,1,13.1122855015355,1,7.84250553985106,1,10.7635776206397,1,14.1106198395901
1,6.48356851927666,1,14.8774008575114,0,8.44577519676268,1,11.986711441167,1,3.77608136552412
1,6.65880010087873,1,13.1122855015355,0,6.93760105448363,0,12.7205917334833,1,6.95593935754442
1,6.62836890011043,1,13.0697837617229,1,7.58476484738182,1,13.2604157164872,1,4.94529592567502
1,6.45841072318452,1,12.5857176964739,0,9.04337347187833,1,17.1470892885611,1,3.23346272063367
1,6.79832707703634,1,13.0697837617229,1,7.87648657228112,1,17.3757171457419,1,6.27672175181829
0,6.79832707703634,1,13.7958828595964,1,7.29304312248252,1,10.0596257159558,1,4.18448116787886
1,6.96828525396225,1,13.3118167943474,1,7.87648657228112,1,18.9761121460076,1,3.80407378898079
1,7.05340666246626,1,14.4271276956477,0,11.265886929766,1,15.4823126977826,1,3.89169980773318
1,6.53730373594434,0,12.8923268769618,1,10.1929453174073,1,16.9337795131997,1,4.67003976927982
1,6.70933804478498,1,13.8132073681733,1,9.12000370504863,1,27.0940472211196,1,13.8155343174528
1,6.19323511826306,1,12.2784065494874,1,8.5835328988693,1,12.0955567951427,1,3.11335984618654
0,8.0856125155101,1,14.4271276956477,1,7.77882668960031,1,15.2404015618798,1,3.50252982695986
1,6.85987718894274,1,13.1230257705872,1,9.20220642359763,1,10.886501878001,0,2.59535173786646
1,6.22174907834341,1,13.1230257705872,1,7.07862032584433,1,11.7751959088582,0,2.99463662061514
1,6.85987718894274,1,16.8724617050407,1,8.84827540730542,1,10.886501878001,1,3.59356394473817
0,6.06221705069358,0,13.1230257705872,1,8.4943443910132,1,10.6643283702867,1,3.79320638611252
1,6.70034516129291,1,18.2115459673455,1,9.20220642359763,1,10.2199813548581,1,4.19249126886121
1,6.27874461101417,1,12.5952592166533,1,8.31263070343116,1,15.0322052615058,1,4.63656597460793
1,5.5486580283381,1,13.6448641513744,1,7.12511203151242,1,18.7357920650652,1,4.82975622354993
1,6.5707792440846,1,12.8576604503335,1,7.60011950027992,1,15.9036374505786,0,2.89785373412995
1,5.40264071180289,1,14.1696666187349,1,8.5501344378149,1,20.696514490479,1,5.40932697037592
1,6.5707792440846,1,11.5456542819322,1,8.78763817219865,1,18.7357920650652,1,3.09104398307196
1,6.47157592723804,1,12.0586852259563,1,13.2794707459124,1,12.9612978122725,1,2.8967929623039
0,6.98248981623052,1,11.8021174551913,1,8.02944742776099,1,15.2758152787497,1,3.28303202394441
1,6.47157592723804,1,14.1112273920766,1,8.64709722989645,1,9.72097335920438,1,12.9390085649574
1,6.30127129757388,1,12.3152529967214,1,7.41179762562553,1,23.37662641142,1,4.82798827050648
1,5.96066203824556,1,13.8546596213115,0,7.41179762562553,1,13.6556530522157,1,3.08991249312415
1,7.69319178813134,1,14.4948751027904,0,7.68644937169205,1,20.5842295789792,1,3.00598122302353
1,8.12059133191642,0,11.0161050781207,1,8.05247077034405,1,14.1361576626724,0,8.58851778006723
1,7.26579224434627,1,14.2049776007346,1,8.05247077034406,1,10.1681134064837,1,3.86483300103025
1,8.40552436110647,1,14.7847726048462,1,9.15053496630006,1,24.8002766011797,1,2.57655533402017
0,7.83565830272637,0,14.4948751027904,1,8.78451356764806,1,14.632163194696,1,8.58851778006723
1,6.2661252945756,1,14.4843073798141,1,8.19316167067583,1,12.5526069673181,1,10.0738887954187
0,6.98225389966995,0,13.4309032067367,1,9.31041098940435,1,14.3143763662399,1,4.75183433746166
1,7.34031820221712,1,11.3240948605819,1,8.93799454982818,1,14.3143763662399,1,3.04117397597546
1,6.44515744584918,1,13.694254250006,0,6.33107947279496,1,10.3503952186658,1,3.42132072297239
1,6.98225389966995,0,11.0607438173126,1,8.56557811025201,1,18.4985786886793,1,7.41286156644018
1,6.2779929315887,1,13.01100743228,1,8.65115747925094,1,17.1663805736348,1,7.24497216898867
1,6.56335624666091,1,13.276538196204,0,6.92092598340076,1,11.1470003724901,1,2.78652775730333
1,7.41944619187755,0,13.276538196204,1,6.92092598340076,1,11.5928803873897,1,3.52960182591756
1,5.99262961651648,1,10.6212305569632,1,7.78604173132585,0,13.8222804618877,1,3.52960182591756
1,5.70726630144427,1,11.9488843765836,1,6.92092598340076,1,16.943440566185,0,3.15806479161045
1,7.12888497329387,1,14.3377621075874,0,6.94400436207874,1,21.2241330871094,1,4.78956338353926
1,6.21492536133312,1,11.9915828536185,1,8.88832558346079,1,13.4419509551693,1,9.17999648511692
1,6.39771728372527,1,12.7736426049415,1,8.33280523449449,0,10.3762428425868,0,2.99347711471204
1,6.03213343894097,0,10.4274633509726,1,6.66624418759559,1,22.8748989938846,1,3.19304225569284
1,7.31167689568602,1,14.5984486913617,1,7.77728488552819,1,11.5553613474262,1,3.39260739667364
0,4.98640820464247,1,19.1260150021215,1,8.81880617358857,1,12.1725289091364,0,3.67863073089329
1,7.97825312742795,1,20.6937211498364,1,8.81880617358857,0,15.449748230827,1,9.60531357511025
1,5.65126263192813,1,10.3468605749182,1,7.52192291276672,1,9.59757087066523,1,19.2106271502205
1,6.98097148649946,1,13.168731640805,1,8.04067621709546,1,14.0452256643881,1,3.06552560907774
1,5.48504902510671,1,11.6010254930901,1,9.33755947791731,1,11.002093437104,1,3.47426235695477
0,6.41277717696884,0,12.451680358087,1,6.99411230217756,1,12.1657713413955,1,2.97348609249899
1,6.41277717696884,1,12.2075297628304,1,7.69352353239531,1,10.4278040069104,1,3.18587795624892
1,10.1254376478455,1,23.682607739891,1,8.04322914750419,1,12.414052389179,1,3.39826981999885
1,7.59407823588415,0,16.846391072706,1,8.04322914750419,1,12.414052389179,1,3.39826981999885
1,5.7377480004458,1,12.2075297628304,1,6.99411230217755,0,14.6485818192313,1,3.8230535474987
1,6.02248158948033,1,13.609191073949,0,8.05264672300213,1,10.5058718315352,1,3.5703629642177
1,7.37753994711341,1,14.1535587169069,1,7.35241657317586,1,12.2161300366688,1,3.36034161338137
1,6.77529178816537,1,13.609191073949,1,9.10299194774154,1,10.2615492308018,1,3.36034161338136
1,7.52810198685042,1,15.5144778243018,1,9.45310702265467,1,12.7047752381356,1,2.94029891170869
1,7.07641586763939,0,14.4257425383859,1,8.40276179791526,1,14.6593560440026,1,2.94029891170869
1,6.4952311386465,0,15.6149775804346,1,9.0391266032189,1,13.5007955470283,1,3.27923674941521
1,9.38200053360049,1,21.5074219504099,0,7.74782280275905,1,12.643602178963,1,2.86933215573831
0,6.92824654788959,0,13.5526220509432,1,8.52260508303496,1,17.3581657033221,1,3.07428445257676
1,6.20655419915109,1,15.025733143437,1,7.74782280275905,1,21.0012375175996,1,3.68914134309211
1,7.21692348738499,1,12.6687553954469,1,10.0721696435868,0,11.3578121268651,1,4.91885512412282
1,7.08314055431999,1,14.3762587861858,1,8.42477266136663,1,15.4724405173859,1,3.66490449151606
0,6.25951955963162,1,14.6527253013048,1,9.43574538073063,1,14.2179183132735,1,3.47201478143627
1,7.41258895219533,1,13.27039272571,1,9.43574538073063,1,16.5178756874795,1,3.08623536127668
1,7.08314055431999,0,12.993926210591,1,8.7617635678213,1,11.9179609390675,1,3.85779420159585
0,5.60062276388092,1,12.1645266652341,1,9.09875447427596,1,15.0542664493484,1,3.47201478143626
1,4.97341621815082,1,13.5909440894716,1,5.279500836963,1,10.7724722025662,1,3.29834733814617
1,6.688387327858,1,13.5909440894716,1,8.24922005775469,1,15.5018502427173,1,3.50449404678031
1,6.688387327858,1,13.2673501825794,1,8.90915766237507,1,14.4508773449059,1,3.29834733814617
1,6.34539310591657,0,13.9145379963637,1,8.57918886006488,1,13.9253908960002,1,3.50449404678031
1,7.88886710465303,1,15.8561014377168,1,7.9192512554445,1,14.1881341204531,1,2.8860539208779
1,6.59553389532687,1,14.1609961060025,1,13.3377413614891,1,25.4964644421213,1,5.7787418622429
1,6.92531059009321,1,14.1609961060025,0,6.66887068074453,1,20.441130975149,1,5.58611713350147
1,6.4306455479437,1,13.2939963444105,1,6.39100106904684,0,16.7045801517347,1,5.20086767601861
1,6.92531059009321,1,13.5829962649412,1,9.44756679772142,1,24.8370731203423,1,9.24598697958864
1,6.4306455479437,1,13.0049964238799,1,8.05821873923297,1,23.738087584044,1,6.74186550595006
1,6.41863043663894,1,17.4986980706261,1,7.01569147321348,1,12.3781423484476,1,4.60447426569981
1,6.24971910935896,1,12.8323785851258,1,8.41882976785617,1,13.6586398327698,1,3.31522147130386
1,5.74298512751905,1,10.4992188423757,1,7.48340423809437,1,16.6464672961882,1,7.91969573700368
1,5.91189645479902,1,12.5990626108508,1,8.18497338541572,1,16.8598835435752,1,8.28805367825966
1,6.92536441847885,1,13.7656424822259,1,7.01569147321348,1,21.9818734808639,1,11.4190961789355
1,6.46632117827054,1,13.1887894425361,1,9.1876837235936,1,14.9152783510069,1,3.15194458317633
1,7.62694292821653,0,15.316013546171,1,7.21889435425211,1,10.4873050905517,1,3.54593765607337
1,6.63212428540568,1,14.890568725444,1,9.1876837235936,1,15.3813807994759,0,2.95494804672781
0,5.63730564259483,1,12.5506222114457,1,8.53142060047977,1,18.8771491629931,1,3.34894111962486
1,6.96373049967596,1,14.2524014943535,1,5.25010498491063,0,15.8474832479449,0,3.54593765607337
1,7.34249913258637,1,12.5723789496662,1,8.43737136247653,0,19.9554570016741,1,3.74916624647009
1,6.06554276170178,1,11.8988586487913,1,10.0193784929409,1,15.6639608722819,1,4.58231430124122
1,6.86364049350464,1,13.0213924835829,1,8.17370350739914,1,12.8744883881769,1,3.54087923277731
1,7.50211867894694,1,13.6949127844579,1,9.22837492770871,1,11.8016143558288,1,4.16574027385565
1,6.06554276170178,1,11.4498451148746,1,8.17370350739914,1,18.6680081628565,1,3.33259221908452
1,6.25218530120052,1,14.6548174455685,1,7.8128641235922,1,12.7164947116887,1,7.60565401364119
1,6.6199609071535,1,13.6778296158639,1,10.6775809689093,1,20.2521952815783,1,3.99296835716162
1,6.98773651310647,1,13.6778296158639,1,10.6775809689093,1,13.4229666401158,1,7.79579536398222
1,10.2977169666832,1,21.8193948634019,1,7.55243531947246,1,14.6004198541611,1,3.04226160545648
1,6.80384871012998,0,12.3751791762578,1,4.68771847415532,1,18.3682701391059,1,3.61268565647956
1,6.90236074042623,1,15.0111697898348,1,8.55686895509916,1,13.218161999751,1,3.33910694594483
0,7.3249542551462,1,12.5093081581957,1,7.1307241292493,1,12.3653773546058,1,3.92836111287627
1,5.35285118645299,1,11.9533389067203,1,6.56026619890935,1,12.3653773546058,1,3.53552500158864
1,5.91630920607963,0,12.7872927839334,1,8.27163998992918,1,12.5785735158921,1,4.3211972241639
0,5.91630920607963,0,12.231323532458,1,8.84209792026913,1,11.9389850320332,0,3.53552500158864
1,6.88602971208246,1,11.5464319858755,1,9.6309782071424,1,12.9251103945926,1,3.63958141278048
0,7.34509835955463,0,14.3688931379784,1,8.8901337296699,1,24.3422912431494,0,2.18374884766829
1,7.65114412453607,1,14.3688931379784,1,8.51971149093366,1,18.0951545524297,1,3.27562327150243
1,10.2525331268783,1,17.9611164224731,1,7.40844477472492,1,25.8502207891852,1,3.45760234214146
1,5.96789241713813,1,9.49373296616433,1,8.51971149093366,1,22.8343616971136,1,3.27562327150243
1,6.08514200887595,1,12.5307967235336,1,7.04253664847524,0,10.8009620370566,1,5.23570884389395
1,7.07192179409908,1,13.7838763958869,0,9.52813781852532,1,14.0882113526825,1,3.55280242978517
1,7.72977498424783,1,14.7863401337696,1,7.45680351015025,1,11.270569082146,1,4.48775043762338
1,6.90745849656189,1,13.2826445269456,1,9.11387095685031,1,14.0882113526825,1,3.55280242978518
0,6.90745849656189,1,13.7838763958869,1,8.6996040951753,1,15.7318360104954,1,2.80484402351461
1,6.94044187099843,1,12.837585914837,1,8.81755940319512,1,13.3780855004907,0,3.08626623073425
1,6.94044187099843,1,17.6516806329008,1,6.9932367680513,1,13.1208146254812,1,2.8805151486853
1,6.94044187099843,1,12.5701362082779,1,8.20945185814718,0,6.4317718752359,0,3.2920173127832
1,5.75065183597013,1,12.5701362082779,1,7.90539808562321,1,13.8926272505095,1,2.88051514868529
1,7.3370385493412,1,13.9073847410734,0,7.60134431309924,1,17.4944195006417,1,2.8805151486853
1,5.18500618954551,0,11.4176113639198,1,9.23785596298563,0,14.158751657785,1,3.96880673265686
1,6.52307230297662,1,13.2340495354525,1,9.23785596298563,1,11.9464467112561,1,10.7157781781735
1,7.19210535969217,1,15.8289612090706,1,9.23785596298563,1,13.4950601738263,1,3.37348572275833
1,5.85403924626107,1,12.455576033367,1,9.23785596298563,1,15.7073651203552,1,7.54073279204804
1,8.0283966805866,1,16.607434711156,1,7.27831075871595,1,13.0525991845205,1,11.9064201979706
0,6.82649139279585,1,14.4131829790089,1,8.02194555996406,1,10.2520473304483,1,7.12600832177397
1,6.99715367761575,1,15.5662376173296,0,5.3479637066427,1,16.5430763741325,1,9.50134442903196
0,6.14384225351626,1,13.5483920002683,1,8.02194555996406,1,15.1450699199804,1,3.36505948528215
0,6.48516682315606,0,14.701446638589,1,7.57628191774383,1,14.9120688442884,1,3.95889351209665
1,7.33847824725554,1,14.4131829790089,1,8.46760920218428,1,16.5430763741325,1,4.15683818770149
1,5.21473158655564,1,11.1450770315568,1,7.01521597581076,1,12.2306564143983,1,3.44614671770492
1,6.89690306608971,1,15.9215386165097,1,7.75365976273821,1,11.3411541297147,1,3.24343220489875
1,7.40155450994994,1,16.7176155473352,1,10.3382130169843,1,11.7859052720565,1,3.85157574331726
1,6.39225162222949,1,11.6757949854405,1,8.12288165620193,1,22.2375571170877,1,9.3248675890839
1,6.39225162222949,1,11.4104360084986,1,9.2305473365931,1,12.8977831279109,1,3.64886123051109
1,6.42707386375595,1,12.6290442411592,1,9.12169964567009,1,15.1798985575589,1,3.0456217928896
1,6.42707386375595,1,12.3814159227051,1,7.55797970641236,1,11.4933517650089,1,4.3780813272788
0,5.62368963078646,0,13.8671858334297,1,7.55797970641236,0,12.5776302334059,1,5.3298381375568
1,6.58775071034985,1,13.3719291965215,1,8.07921968616494,0,7.58994927877945,1,6.4719463098904
1,6.58775071034985,1,12.8766725596133,1,8.07921968616494,1,10.1922176029324,1,3.4263245170008
1,6.50048317374832,1,13.4880335073016,1,7.4155090516958,1,11.6783863575716,1,3.37823940335544
1,10.3056440559425,1,20.8236306779393,1,7.4155090516958,0,15.7300714204026,1,3.37823940335544
1,6.02483806347405,1,15.8543551752492,1,9.02757623684706,1,10.9633831111897,1,14.3078374730348
1,6.34193480365689,1,13.4880335073016,0,8.38274936278655,1,10.725048695729,1,2.5833595437424
1,6.34193480365689,1,13.9612978408911,1,7.73792248872605,1,10.9633831111897,1,3.5769593682587
1,6.58998273299019,1,12.2529880679976,1,8.87313797787821,1,20.4788447437308,1,11.208118004199
1,5.59150050071895,1,13.128201501426,1,6.82549075221401,1,20.0237593049813,1,18.8068420748423
1,5.99089339362744,1,13.7116771237116,1,8.53186344026751,1,11.8322214074889,0,4.36926634061993
1,7.18907207235293,0,11.3777746345692,1,8.53186344026751,1,16.8381612337343,1,9.11846888477203
1,6.39028628653594,1,12.2529880679976,1,7.84931436504611,1,14.1076486012368,1,6.64888356181294
1,8.40049906425278,1,15.4017607056289,1,6.05055409551378,1,19.8473722791991,1,3.69953866689641
1,8.07106772839973,1,14.7016806735549,1,10.3083514219864,0,11.6749248701171,1,3.49400874095772
0,7.57692072462015,0,14.0016006414808,1,8.29150005681517,1,8.17244740908196,1,3.69953866689641
1,7.57692072462015,1,14.0016006414808,1,8.06740546068503,1,12.8424173571288,1,3.49400874095773
1,7.2474893887671,1,12.6014405773327,1,8.96378384520559,1,12.1419218649218,1,3.28847881501903
1,6.49996065672769,1,13.6218803837223,1,7.04719317959128,1,14.7522852569064,1,3.46939619596231
0,6.49996065672769,1,15.0557625293772,1,6.1279940692098,1,18.7155857736873,1,7.32428085814264
1,5.97293681969571,1,15.0557625293772,1,20.5287801318528,1,19.5963192218608,1,3.27665196285329
1,7.02698449375966,1,12.9049393108948,1,7.35359288305176,1,13.4311850846462,1,2.50567503041722
1,5.79726220735172,1,15.2947428869864,1,7.35359288305176,0,14.0917351707763,1,3.66214042907133
1,6.53398927668865,1,17.94687354524,1,9.27814168214236,1,12.8088615326146,0,3.88122513465145
0,6.70152746327041,1,13.7852796796771,1,8.96887029273761,1,12.3255082672329,1,4.07528639138402
0,6.86906564985217,0,11.7044827468956,1,8.35032751392812,1,10.1504185730153,1,4.46340890484916
0,7.53921839617921,0,8.58328734772347,1,8.96887029273761,1,11.6004783691604,1,3.4931026211863
1,6.70152746327041,1,14.3054789128724,1,7.42251334571389,1,14.0172446960688,1,4.26934764811659
1,6.09556825374746,0,12.4407475122446,1,8.15197420224543,0,8.95026308423251,1,3.51403051884482
1,9.06901618240475,1,19.3788567017657,1,8.80413213842506,1,13.4253946263488,1,3.70925443655842
1,6.24424065018032,1,13.1584829456434,1,6.84765832988616,1,13.6609278654075,1,3.51403051884482
1,6.24424065018032,1,12.6799926567109,1,8.80413213842506,1,11.7766619529375,1,4.88059794284003
0,5.500878668016,0,13.1584829456434,1,7.17373729797598,1,11.7766619529375,0,3.12358268341762
1,5.69086286508302,1,12.3177327976488,1,8.92516698290505,1,11.8065172818926,1,3.24292501956732
1,5.69086286508302,1,10.2210974278362,1,9.88143487393059,1,10.9154593738253,1,4.00596620064199
1,6.75789965228609,1,15.200606431141,0,10.2001908376058,1,13.8113975750442,1,3.62444561010465
1,6.04654179415071,1,13.8902093250082,1,8.92516698290505,1,11.360988327859,1,3.24292501956732
0,5.86870232961686,1,13.1039710613285,1,8.28765505555469,1,21.6081542706337,1,4.00596620064199
1,6.49196708685964,1,13.1647851960203,1,8.90490809005809,1,11.7888428083283,1,3.83016955988518
1,6.65426626403113,1,12.6860657343468,1,7.98371070143139,1,24.2850161851564,1,4.2131865158737
1,6.16736873251666,1,11.4892670801632,1,9.51903968247589,1,23.8134624728232,1,4.2131865158737
1,6.49196708685964,1,13.6435046576938,1,7.98371070143139,1,12.9677270891612,1,3.83016955988519
1,6.00506955534517,1,12.9254254651836,1,7.67664490522249,1,11.5530659521618,1,4.40469499386796
1,6.63616708732898,1,14.0516867989028,1,6.85447657074726,1,22.9392677249773,1,3.37597408340187
1,6.80632521777331,1,13.3825588560979,1,21.3250382201026,1,13.0068012873583,1,3.18841996765732
1,7.14664147866198,1,14.0516867989028,1,4.56965104716484,1,17.5000599139002,1,3.18841996765732
1,6.46600895688464,1,13.3825588560979,1,7.99688933253847,1,12.7703139912245,1,3.18841996765732
1,7.48695773955064,1,14.9438573893094,1,7.61608507860806,0,21.9933185404422,1,17.442532764243
1,6.26285540534308,1,12.9788025207375,1,8.733045558492,0,11.6946875878933,1,4.18394927969493
1,6.79967158294392,1,12.3888569516131,1,7.72538645558908,1,13.6438021858755,1,3.2330517161279
1,6.26285540534308,1,12.3888569516131,1,11.0842501319322,0,12.3443924538874,1,4.37412879240834
1,6.44179413121003,1,12.9788025207375,1,7.72538645558908,0,11.4781192992286,1,3.61341074155471
1,7.5154264864117,1,14.1586936589864,1,6.04595461741754,1,12.3443924538874,1,3.42323122884131
1,6.90809381872315,1,16.9294625541041,1,8.47449684106713,1,8.90205711341794,1,3.3963992468029
0,6.90809381872315,1,21.4296994355748,1,8.00369146100784,1,21.364937072203,1,3.5961874377913
1,7.09479905706701,1,12.0006316839219,1,9.65151029121534,1,18.0584587157907,1,3.3963992468029
1,7.09479905706701,1,14.1436016274794,1,7.29748339091891,1,21.1105925832482,1,9.58983316744347
1,5.60115715031607,1,10.0719587347202,1,9.4161076011857,1,13.2259134256495,1,3.79597562877971
1,7.4114425579351,1,14.7347238417743,1,17.1416265334813,1,23.8267459551488,1,3.13719629244916
1,6.29972617424483,1,12.0824735502549,1,9.20568832353623,1,23.583615894382,1,2.94112152417109
1,7.04087043003834,1,13.8506404112678,1,10.4754384371274,1,24.5561361374493,1,3.72542059728338
1,7.04087043003834,0,11.7877790734194,1,7.61850068154722,1,22.6110956513147,1,2.74504675589302
1,6.85558436608996,1,13.5559459344323,1,18.7288141754703,1,18.4778846182787,1,3.52934582900531
1,7.19568013000862,1,13.0756816067668,1,7.9868816689649,1,23.966944366299,1,3.33832502855007
1,6.77240482824341,1,14.009658864393,1,7.67969391246626,1,22.3842216251283,0,2.92103439998131
1,6.34912952647819,1,13.3870073593088,1,8.29406942546355,1,11.3051624369335,1,3.33832502855007
1,6.13749187559559,1,14.009658864393,1,7.98688166896491,1,14.0184014217975,1,3.12967971426569
1,6.34912952647819,1,13.0756816067668,1,20.2743919289109,1,22.3842216251283,1,3.33832502855007
1,6.73205187284746,1,11.7373871441988,1,10.3145904433125,1,12.7921776037896,1,12.2514284771121
1,5.3230177599259,1,11.2270659640163,1,9.24756384572841,1,12.3510680312452,1,5.74285709864628
1,7.20172991048798,1,14.0338324550204,1,7.46918618308833,1,13.0127323900619,1,4.0199999690524
1,7.35828925636815,1,12.5028689144727,1,10.6702659758405,1,17.4238281155066,1,4.40285710896215
1,6.10581448932677,1,11.4822265541076,1,6.04648405297627,1,15.8799446116009,1,10.9114284874279
1,5.9012962571924,0,10.6696323778174,0,8.43770872712602,1,14.0833146261227,1,3.03266305516285
1,8.85194438578861,0,13.5533168042546,1,8.43770872712603,1,12.8898133866208,1,3.43701812918456
1,7.86839500958987,1,15.2835274601169,1,9.01961967382437,1,10.2641106597166,0,3.23484059217371
1,6.72092073735802,1,12.6882114763234,1,9.01961967382437,1,15.2768158656247,1,3.03266305516285
1,6.88484563339114,1,12.9765799189672,1,8.14675325377685,1,21.4830223110347,1,3.03266305516285
1,6.6654691265965,1,14.8545677148384,1,9.32085496928072,0,10.3307751747816,1,20.2661513864973
1,7.56620819775818,1,14.342341241913,1,9.65374264675503,0,15.2715806931554,1,6.75538379549909
1,7.74635601199052,1,15.8790206606894,1,6.99064122696054,1,11.4536855198666,1,8.49248248577028
1,6.48532131236416,1,11.7812088772856,1,7.65641658190916,1,13.4749241410195,1,8.29947152018459
1,5.94487786966715,1,11.2689824043602,1,8.32219193685779,1,20.2123862115292,1,18.5290526962261
1,6.5375017367702,1,13.2930056882329,1,8.41827323379464,1,20.8139212872281,1,3.52176377110864
1,6.5375017367702,1,13.8586655047535,1,8.96138763597494,0,18.8777425628348,1,3.31460119633755
1,7.26389081863355,1,18.1011141286576,1,8.14671603270449,1,22.7501000116215,1,3.31460119633754
1,7.44548808909939,1,18.3839440369179,1,8.14671603270449,1,23.2341446927198,1,3.52176377110864
1,5.629515384441,1,13.0101757799726,1,8.68983043488479,1,26.1384127793098,1,4.14325149542193
1,6.42686198396859,1,9.2005604313851,1,7.99288082709824,0,10.3083299152375,1,3.30740806309632
1,7.62255723679996,1,16.236283114209,1,10.4254967309977,1,14.9939344221636,1,3.1006950591528
1,6.57632389057252,1,11.9066076170866,1,6.95033115399847,1,20.6166598304749,1,3.1006950591528
1,7.02470961038428,1,16.236283114209,1,9.73046361559785,1,11.9482914926616,1,3.72083407098336
1,7.77201914340388,1,12.4478170542269,1,7.99288082709824,1,11.0111705912764,0,10.5423632011195
1,6.07182888269952,1,13.4563644497463,1,9.0002619380518,1,12.7127809088578,1,4.46061676096265
1,6.23593236601572,1,13.4563644497463,1,8.43774556692357,1,22.4743805353022,1,10.7798238389931
1,6.56413933264813,1,13.2393263134601,1,7.03145463910297,1,10.8966693504496,1,8.54951545851174
1,7.38465674922915,1,18.2312034480434,0,7.31271282466709,1,14.9829203568682,1,7.80607933168463
1,6.07182888269952,1,10.8519068143115,1,6.46893826797473,1,13.1668087984599,1,11.8949780292337
1,4.97001659994899,0,9.7012418956256,1,7.792604099238,1,11.6188963855786,1,4.66678114055149
1,4.97001659994899,1,10.5327769152507,0,7.792604099238,1,8.15794852604452,1,3.65226350130117
1,6.05720773118783,1,12.4730252943758,0,7.08418554476182,1,9.14679077162567,1,3.65226350130117
1,7.14439886242668,0,14.6904520133759,1,8.50102265371418,0,13.5965808767409,1,3.24645644560104
1,6.52314678743305,1,11.9186686146257,0,7.43839482199991,1,11.3716858241833,1,3.24645644560104
1,6.48672059555661,1,12.6152459410313,1,7.5959834245676,1,15.1226284679595,1,8.81035308590575
1,6.64493329300921,1,11.0768013140762,1,6.96298480585363,1,15.7707411165864,1,3.93654074051108
1,8.22706026753522,1,9.84604561251219,1,8.86198066199554,1,13.8264031707059,1,3.74908641953436
1,6.17029520065141,0,10.7691123886852,0,10.4444772087805,1,11.4499901257408,1,4.1239950614878
1,6.80314599046181,1,12.9229348664223,1,9.4949792807095,1,18.3631917110937,1,10.6848962956729
1,6.63763961512915,1,14.7966038291005,1,9.89561316528989,1,15.4578445172076,1,9.56754700572031
1,7.12332056257762,1,13.345956394875,1,8.18947296437784,1,9.7503326954694,1,5.58106908667018
1,6.15195866768067,1,13.6360858817201,1,8.87192904474266,1,14.5065925469179,1,8.77025142191028
1,7.6090015100261,1,15.3768628027907,0,8.87192904474266,1,22.3544213018079,1,8.37160363000527
1,5.18059677278372,1,13.9262153685652,1,9.21315708492507,1,10.4637716731867,0,5.38174519071767
1,5.73949997664364,1,12.2290447411017,1,7.11721205001295,1,22.9901412801771,1,3.90151731603289
1,6.78304542694248,1,13.3407760812018,1,8.96241517409038,1,14.3101899805184,1,3.49083128276627
0,4.86987876806127,1,11.3952462360266,1,7.38081249630973,1,11.7296639184577,1,4.3122033492995
0,6.08734846007658,1,12.7849104111518,1,8.17161383520005,1,10.3221042482428,1,4.1068603326662
1,8.00051511895779,1,15.0083730913521,1,7.6444129426065,1,12.6680370319343,1,3.49083128276627
1,6.02541892788323,1,12.2015613797495,1,8.34123923271605,1,22.2348119627072,1,3.62208494535271
0,8.49738566752764,0,12.2015613797495,0,8.05361029365687,1,25.0141634580456,1,3.25987645081744
1,5.71642308542768,1,10.1679678164579,1,7.7659813545977,1,12.1863873257145,1,3.98429343988799
1,6.02541892788323,1,16.2687485063326,1,8.34123923271605,1,12.6139798634589,1,3.62208494535271
1,6.02541892788323,1,9.40537023022354,1,8.9164971108344,0,24.3727746514291,1,2.89766795628217
1,6.5993319723761,1,12.9092362072755,1,9.96929972098178,1,24.4605976038609,1,7.6673981228253
0,4.98973880838193,1,15.7536441851498,1,8.54511404655581,1,22.6816450508528,1,10.8465631981431
1,7.24316923797377,1,15.5348435714671,1,8.90116046516231,1,9.33950090329233,1,9.53749522595343
1,5.95549470677843,1,13.3468374346408,1,8.54511404655581,1,20.2355852904667,1,3.55318449594343
1,6.11645402317785,1,12.034033752545,1,9.61325330237529,0,24.4605976038609,1,9.91151464657905
1,7.36137391412388,1,14.8625609790996,1,6.60303241046654,1,11.4154114699849,1,3.2025545505955
0,7.17262073683866,0,9.9083739860664,1,14.7782153948537,1,13.4131084772323,1,3.40271421000771
1,6.41760802769774,1,13.4470789810901,1,6.28860229568242,1,14.2692643374812,1,4.00319318824437
0,6.7951143822682,1,11.3238559840759,1,8.17518298438715,1,14.5546496242308,0,3.40271421000771
1,6.41760802769775,1,12.0315969830806,1,9.74733355830775,1,11.7007967567346,1,3.2025545505955
1,6.63085330092128,1,12.1598941234904,0,6.39474525816999,1,13.1784857414506,1,3.25356123002775
1,6.29931063587522,1,11.5943176526304,1,8.4141384975921,1,12.3143227420113,1,3.25356123002775
1,6.96239596596734,1,15.8361411840805,1,8.75070403749578,0,21.3880342361248,1,11.8659291918659
1,7.12816729849038,1,15.5533529486505,1,8.4141384975921,1,10.1539152434128,1,3.25356123002775
1,5.96776797082915,0,10.7459529463404,1,8.75070403749578,0,10.3699559932726,0,3.25356123002776
0,7.95409174349483,0,16.0378685882956,1,7.26308039677362,1,14.5058623465622,1,2.52000810277999
0,7.54618960280279,1,15.7872768916035,1,7.57886650098117,1,8.85103465213964,1,4.2646290970123
1,8.15804281384085,1,15.0355018015271,1,7.26308039677362,1,10.817931241504,1,2.90770165705384
1,7.13828746211075,1,14.0331350147586,1,8.21043870939626,1,9.09689672581018,1,3.68308876560153
1,6.32248318072666,1,14.5343184081429,1,9.78936923043401,1,12.2931036835273,1,3.48924198846461
1,5.64141395833457,1,10.2907762210347,1,8.5627282763527,1,12.2481743365496,1,3.50112715376743
1,6.12496372619182,1,12.6655707335812,1,9.48016344881906,1,16.4879269915091,1,3.50112715376744
1,6.12496372619182,1,11.6101065057827,1,8.86854000050816,1,21.9053887172906,1,3.50112715376743
1,8.22034605357323,1,13.9849010183292,1,8.25691655219725,1,12.9547997790428,1,3.69563421786562
0,6.28614698214423,1,14.776499189178,1,10.3975986212854,1,12.7192579648784,1,3.69563421786563
1,7.14463305135452,1,12.587034752779,1,15.0710765477923,1,12.2119330081057,1,3.80612063754543
1,6.62185502320663,1,12.587034752779,1,8.82209358895161,1,11.2150405176481,1,5.80934202572724
1,6.62185502320663,1,13.1591726960871,1,8.45450635607862,1,14.7041642342498,1,4.00644277636361
1,6.44759568049066,1,11.4427588661627,1,12.4979659176814,1,12.959602375949,1,4.80773133163633
1,6.09907699505873,1,12.0148968094708,1,9.92485528757056,1,13.7072717437922,1,3.80612063754543
1,6.78626294169129,1,10.4564942898143,1,8.35030038468292,1,13.9356762095022,1,5.77342551000119
1,8.00431013635383,1,18.086909041841,1,10.1655830770053,1,12.0775860482352,1,3.46405530600072
1,6.78626294169129,1,12.7173579200444,0,8.35030038468291,1,11.1485409676018,1,3.07916027200064
1,6.438249457502,1,10.1738863360355,1,9.43947000007634,1,11.8453247780769,1,3.46405530600072
0,5.7422224891234,1,11.0217101973718,0,9.43947000007634,1,11.8453247780769,1,2.8867127550006
1,6.84193892259044,1,12.7975655754755,1,7.90283380555388,1,13.5510850159317,1,3.85538743591028
1,6.70510014413863,1,14.6703800499353,1,8.26205352398815,1,13.1139532412242,1,4.03897731381076
1,9.85239204853023,1,15.9189230329085,1,7.90283380555388,1,11.5839920297481,1,3.48820768010929
1,6.2945838087832,1,13.4218370669621,1,7.54361408711961,1,9.39833315621071,1,3.12102792430831
1,6.84193892259044,1,12.1732940839888,1,8.62127324242241,1,9.83546493091819,0,3.67179755800978
1,6.35982685458636,1,13.1734362775941,1,8.6215914595798,1,15.0904865213947,1,3.05305235736904
1,6.53171406687248,1,11.7867587746895,1,8.6215914595798,1,14.8583251902963,1,3.24386812970461
1,6.7036012791586,1,11.7867587746895,1,7.81331726024419,1,16.0191318457882,1,3.62549967437574
1,6.7036012791586,1,13.4045491947449,1,21.2845539158376,1,13.465357203706,1,2.86223658503348
0,9.45379667573649,0,20.1068237921173,1,9.96871512513914,1,16.0191318457882,1,3.2438681297046
0,6.74893543832795,1,13.3240339841312,1,7.72657561175135,1,18.5537181635206,1,3.27242293976416
1,8.69862789828936,1,16.1635822102575,1,9.27189073410162,0,24.0511161378971,1,4.23490027498892
1,7.04888812447586,1,12.887180410881,1,9.89001678304173,1,16.7212521720618,1,3.07992747271921
0,8.09872252599354,1,17.9109965032583,1,8.96282770963157,1,20.6152424039118,1,3.84990934089901
1,7.34884081062376,1,12.887180410881,0,9.58095375857168,0,13.0563201891441,1,3.65741387385406
1,6.49613027549982,1,13.0280677733333,1,7.18457237597976,1,13.8224153503328,1,4.34268284980733
1,6.49613027549982,1,13.0280677733333,1,7.47195527101895,1,11.2883058694384,1,3.7504988248336
1,6.82093678927482,1,13.0280677733333,0,7.18457237597976,1,12.2098002261273,1,3.55310414984236
1,6.49613027549982,1,13.7796870679487,0,8.04672106109733,1,13.5920417611606,1,3.94789349982485
1,6.49613027549983,1,13.0280677733333,0,8.33410395613652,1,12.9009209936439,1,4.14528817481609
1,6.71599666008176,1,14.0854770623347,0,6.85669359036181,1,21.6652978727017,1,13.0532874999706
1,6.27799687790251,1,13.0421083910506,1,7.42808472289197,1,16.0814582147889,1,9.69107708331153
1,4.96399753136478,1,10.9553710484825,0,8.85656255421734,1,14.9646902832064,1,4.35109583332354
1,6.13199695050943,1,11.9987397197666,1,5.99960689156659,1,11.1676793158256,1,7.51552916664976
1,5.5479972409371,1,12.7812662232296,1,7.99947585542212,1,12.2844472474082,1,3.75776458332488
1,6.39519369633473,1,11.3459124627418,1,7.89323510360198,1,13.812672348742,1,3.94141827321058
1,6.39519369633473,1,12.2658513110722,1,9.05400497177874,0,13.812672348742,1,6.89748197811852
1,6.57791351623001,1,12.2658513110722,1,7.42892715633127,1,11.654442294251,0,3.15313461856847
1,6.57791351623,1,13.1857901594027,0,8.82185099814339,1,14.4601413650893,1,4.92677284151323
1,6.39519369633473,1,12.2658513110722,1,7.42892715633127,1,10.5753272670056,1,3.350205532229
1,5.31381040351608,1,11.5733876722778,1,7.11017769108022,1,9.0778743047321,1,4.02735123227573
1,6.6422630043951,1,13.5987305149264,1,8.6337871963117,1,10.5908533555208,0,3.83557260216736
1,7.47254587994449,1,14.4667345903473,1,7.61804752615738,1,13.1124851068353,1,3.26023671184226
1,6.47620642928523,1,13.8880652067334,1,8.12591736123454,1,12.8603219317038,1,3.26023671184226
1,6.64226300439511,1,13.5987305149264,1,7.61804752615738,1,11.5995060560466,1,3.26023671184226
1,6.37939906781635,1,15.7413170093789,1,8.98083372375955,1,11.6535521395137,1,7.04701277115921
1,7.72243045051453,1,19.2393874559075,1,9.9098854882864,1,13.1641977872285,1,6.09471374802959
1,7.05091475916544,1,13.1177641744824,1,9.60020156677745,1,22.6596847157212,1,3.99965589714442
1,7.8903093733518,1,18.8021286500914,1,8.36146588074165,1,23.5229108001296,1,9.33253042667031
1,5.87576229930453,1,19.2393874559075,1,8.0517819592327,1,24.386136884538,1,3.80919609251849
1,7.13105523097515,1,11.789006542574,1,8.74039122961234,1,21.4728713924147,1,6.67000780717531
1,6.52415691344535,1,12.5107824533438,1,8.74039122961234,1,14.6298684212056,1,4.11971070443181
1,8.04140270726985,1,12.5107824533438,1,10.0514499140542,0,25.4842869272615,1,15.8903127170941
1,7.2827798103576,1,14.91670215591,1,9.61443035257358,0,11.5623153651464,1,4.11971070443181
1,6.82760607221025,1,13.7137423046269,1,7.86635210665111,1,22.4167338712022,1,7.45471460801946
1,7.1813190951478,1,15.4604873886355,0,7.79374893758774,1,12.9615918914635,1,4.53517346982861
1,6.68029683269562,1,13.4655857901019,1,9.35249872510528,1,11.5214150146343,1,10.3072124314287
0,5.51124488697389,0,12.4681349908351,1,8.31333220009358,1,11.2813855351627,1,3.71059647531432
1,6.17927457024345,1,12.7174976906518,1,8.83291546259943,1,11.0413560556912,1,3.9167407239429
1,6.17927457024345,1,12.9668603904685,1,7.79374893758773,1,12.4815329325205,1,7.00890445337149
1,6.91409613251836,1,8.86949060987599,1,8.85414824677427,1,11.5055315030583,1,2.85463045201948
1,7.08694853583132,1,14.0433601323037,1,7.08331859741941,1,12.3577930958775,1,3.42555654242337
1,6.7412437292054,1,14.7824843497933,1,8.60117258258072,1,13.849250883311,1,3.23524784562207
1,7.43265334245724,1,14.5361096106301,1,8.60117258258072,1,12.7839238922871,0,3.04493914882078
1,6.04983411595357,1,12.0723622189979,1,8.34819691838717,1,13.6361854851062,1,2.85463045201948
1,5.93107204254872,1,14.524360259984,0,8.28394982923732,1,12.9480171960282,1,7.4318358365736
1,6.29053095421834,1,16.9907610588492,1,7.69223912714894,0,13.963547956501,1,3.7159179182868
1,6.47026041005315,1,14.524360259984,1,8.28394982923732,1,17.0101402379194,1,8.80085822752137
1,5.75134258671391,0,15.0724493263985,1,6.21296237192799,0,13.2018998861464,1,6.84511195473884
1,5.5716131308791,1,13.1541375939478,1,8.57980518028151,1,13.7096652663828,0,3.32476866373029
1,6.67081865552745,1,13.3329922699556,1,8.94406615918297,1,14.6506350180478,1,7.92020795669509
1,5.29741481468356,1,9.599754434368,1,8.63565008472839,1,13.080924123257,1,3.65548059539774
1,7.06321975291142,1,14.9329513423502,1,7.40198578691005,1,15.9587274303735,1,14.2157578709912
1,6.67081865552745,1,15.4662710331484,1,8.94406615918297,1,15.1738719829781,1,7.31096119079546
0,6.67081865552745,0,12.7996725791573,1,8.01881793581922,1,9.67988385121015,1,6.90479668019572
1,6.65730584298872,1,13.1899850987108,0,7.75058920549455,1,13.7734548110736,1,10.1672230264178
1,7.15660378121287,1,13.556373573675,1,6.41428072178859,1,21.9020510930186,1,5.08361151320887
1,8.15519965766118,1,19.418589173102,0,7.75058920549455,1,13.7734548110736,1,4.0668892105671
1,6.82373848906344,1,13.1899850987108,1,8.55237429571812,1,9.0317736466056,1,4.27023367109546
1,6.15800790476456,1,10.6252657739615,1,8.01785090223574,1,11.0639227170919,1,7.72708950007749
1,6.10034713667444,1,15.4138161478866,1,8.69369280264968,1,13.3685391769031,1,4.80021813094105
1,7.71514490814709,1,17.1923333957197,1,9.93564891731392,1,11.9063552044293,1,5.37624430665398
1,6.45919108589058,0,16.0066552304976,0,8.38320377398361,1,17.5462076696853,1,3.6481657795152
1,7.71514490814709,1,15.1173966065811,1,6.52026960198726,1,12.1152386290684,1,3.26414832903992
0,5.92092516206637,1,10.9675230283039,1,7.14124765931938,1,12.7418889029858,1,5.18423558141634
1,9.28191177547319,1,18.2513478491612,1,7.61183534564891,1,14.931501910817,1,3.102979590262
1,7.15163694175803,1,14.601078279329,1,7.13609563654585,0,14.690671234836,0,3.102979590262
1,9.58623675171821,1,19.9548069817496,1,6.66035592744279,1,11.800703123065,1,6.20595918052399
1,6.39082450114548,1,13.1409704513961,1,8.56331476385502,1,15.8948246147406,1,3.29691581465337
1,6.6951494773905,1,13.1409704513961,1,8.08757505475196,1,11.800703123065,1,3.29691581465337
1,7.29615416965976,1,13.6319573852142,1,7.34780344537477,0,10.4773753338059,1,3.20226137930788
1,5.95604422013041,1,13.1362498439337,1,8.74738505401758,1,15.8275244404302,0,3.01389306287801
0,6.10494532563367,1,12.6405423026532,1,6.99790804321406,1,14.9358329226595,1,3.20226137930788
1,7.8917585916728,1,14.375518697135,1,10.8467574669818,1,11.814912610462,0,3.57899801216764
0,6.99835195865324,1,14.375518697135,1,9.09728045617828,1,14.2670642843315,1,6.96962770790539
1,7.56091740282493,1,16.7637383042928,1,6.74672150700392,1,14.0362711848442,1,8.61550634218772
1,6.99384859761307,0,16.7637383042928,0,6.74672150700392,1,14.5202805360457,1,6.81226082870657
1,6.42677979240119,1,13.2077938155035,0,7.14358747800415,1,18.8763646968595,1,4.20757286478935
1,6.61580272747182,1,14.2237779551576,1,6.74672150700392,1,11.1322150776351,1,4.00721225218033
1,6.23775685733057,1,14.7317700249846,1,7.14358747800415,1,8.71216832162745,1,3.40613041435329
1,5.91642469645458,1,10.3900401541692,1,14.4893194273881,1,14.681473578338,1,3.997015336957
1,8.79011669187537,1,21.7246294132628,1,9.56295082207616,1,20.0413766307472,1,9.32636911956634
1,6.42354681329354,1,12.5939880656596,1,9.85273721062392,1,14.681473578338,1,4.37768346428624
1,6.08546540206756,1,12.9088377673011,1,8.40380526788511,1,13.9823557888934,1,12.1813800745356
1,7.94491316381043,1,14.79793597715,1,8.69359165643287,1,17.4779447361167,0,3.80668127329238
1,7.00455388981818,1,11.8490030515036,0,7.58309639550124,1,12.7155493229575,0,3.60312038123436
1,6.64534599803263,1,13.0106700173372,1,8.27246879509226,1,13.3847887610079,1,3.60312038123436
1,6.28613810624708,1,10.9196694788366,1,8.96184119468328,1,14.2771080117417,1,3.40294702672134
1,8.80059334874591,1,14.6370037695044,1,8.27246879509226,1,15.1694272624756,0,3.20277367220832
1,6.10653416035431,1,11.1520028720034,0,7.23841019570573,1,14.2771080117417,1,4.20364044477343
1,6.30914733004141,1,13.2659940246285,1,7.93841179225251,1,10.5389799103644,1,3.76040310058928
1,5.66205529619101,1,13.2659940246285,1,14.7427647570404,1,14.2153682511892,1,7.32289024851596
1,6.47092033850401,1,12.4008205012832,1,9.07247061971715,1,13.2349980269692,0,7.12497429585337
1,6.14737432157881,1,13.2659940246285,0,4.53623530985858,1,18.8721268162339,1,10.68746144378
1,6.14737432157881,0,10.6704734545925,1,8.69445101056227,1,12.2546278027493,1,4.35415095857706
1,5.91209675981169,1,11.194588765782,1,8.66337352654611,0,21.076275062031,1,4.00792053007645
1,6.95540795271963,1,13.682275158178,1,7.70077646804099,1,23.2105813974266,1,3.40673245056499
1,6.78152275390164,1,11.4433574050216,1,9.14467205579867,1,24.5445228570488,1,4.20831655658028
1,6.25986715744767,1,12.6872006012196,1,8.18207499729355,1,11.4718965527511,0,2.80554437105352
1,7.12929315153762,1,14.1798124366572,1,8.18207499729355,1,18.4083921427866,1,3.00594039755734
1,6.87518844640255,1,12.8308803703437,1,8.22921791240947,1,14.7577759880367,1,3.79441055542004
1,6.87518844640255,1,13.1224912878515,1,8.55838662890585,1,9.13576608783226,1,3.22524897210704
1,6.27734597280233,1,12.5392694528359,1,7.24171176292034,1,10.3070181503749,1,3.79441055542004
1,7.47303092000277,1,13.1224912878515,0,11.5209050773733,1,15.4605272255623,0,3.79441055542004
1,7.47303092000277,1,13.7057131228671,1,18.7626168402936,1,14.5235255755282,1,3.41496949987804
1,7.03349799071497,1,14.2179331087772,1,7.72280859822953,1,12.6142880623824,1,3.45640969089566
1,6.54278882857207,1,13.1647528784974,1,8.27443778381736,1,12.8355913617224,1,3.63832599041648
1,7.52420715285788,1,15.7977034541969,1,8.27443778381736,1,10.401255068982,1,3.27449339137483
1,7.03349799071497,1,15.007818281487,0,5.51629185587824,1,14.3847144571027,1,3.45640969089566
1,7.85134659428648,1,16.8508836844767,1,9.65351074778692,1,12.1716814637023,1,3.45640969089565
1,6.71487429834234,1,12.2926491302387,0,9.95616428110863,1,24.9213401026445,1,3.57521765674223
1,6.51737799544992,1,12.0067735690704,0,6.96931499677604,1,23.8653511152444,1,2.0698628539034
1,5.92488908677265,1,12.2926491302388,1,9.624292138405,1,18.5854061782434,0,1.50535480283883
0,4.93740757231054,0,11.7208980079021,0,7.63305928218328,1,24.0765489127244,1,3.57521765674223
1,7.70235581280444,1,15.4372803030905,1,9.29241999570139,1,25.1325379001246,1,3.19887895603252
1,5.20689339317036,1,7.87736097384946,1,8.36568436778339,1,24.8915105820249,1,3.29415585609754
1,5.92508558533179,1,11.9353954149234,1,8.36568436778339,1,17.5162481873508,1,3.68170360387372
1,5.92508558533179,1,9.30960842364027,1,10.184311404258,1,16.1333864883495,1,5.03812072109035
1,7.00237387357393,1,10.7418558734311,1,7.2745081458986,1,15.4419556388488,1,4.65057297331417
1,7.36146996965465,1,14.799890314505,1,10.184311404258,1,13.3676630903467,1,3.48792972998563
1,7.83424089074603,1,18.5772201051791,0,5.01280984378916,1,21.7526659115515,1,6.72986220883683
1,6.52853407562169,1,13.556349806482,1,7.51921476568374,1,15.6978001423567,1,3.56286822820773
1,6.85496077940277,1,13.0542627766123,1,7.01793378130482,1,10.7642058119018,1,4.75049097094365
1,6.03889401995006,1,12.3011322318078,1,7.51921476568374,1,17.7160887320883,1,5.14636521852228
1,5.22282726049735,0,10.5438276272638,1,7.01793378130482,1,25.3407345155187,1,7.71954782778342
1,4.45290948301734,0,9.75738205259182,1,6.45837431281857,1,11.45186969062,1,3.70154674274797
1,6.33683272583237,1,15.3752686889326,1,9.36464275358692,1,19.4183877362687,0,3.11709199389303
1,6.16556697648554,0,11.8271297607174,1,10.0104801848688,1,13.6924528909587,1,4.0911832419846
0,7.02189572321965,1,14.7839122008967,1,7.10421174410043,1,15.9330360912974,1,3.70154674274797
1,6.679364224526,1,15.9666251769684,1,8.07296789102321,1,20.4142024919748,1,3.50672849312966
1,5.78728588847132,1,13.1869169721061,1,8.37328289326555,1,17.8400402218011,1,7.21880154844844
1,6.66414738672455,1,14.3590873696266,1,8.14069170178595,1,14.4526908125983,1,4.74378387469469
0,6.31340278742326,1,13.7730021708664,1,7.44291812734715,1,11.0653414033956,1,3.50627503781782
1,6.13803048777262,1,15.2382151677671,1,7.44291812734716,1,10.1620482276082,1,3.91877798344344
1,5.61191358882068,1,15.2382151677671,1,7.44291812734716,1,13.5493976368109,1,3.09377209219219
1,6.74518906954669,1,14.2766688532475,0,7.53638912735394,1,24.0497340025398,0,3.51625477987001
1,6.39017911851792,1,13.4025870867221,1,6.02911130188316,1,21.1048686144737,1,2.93021231655834
1,6.21267414300353,0,13.4025870867221,1,7.03396318553035,1,24.5405449005509,1,6.2511196086578
1,6.74518906954669,1,15.4421112086146,1,7.03396318553035,1,21.8410849614903,1,3.32090729209945
1,7.10019902057546,1,16.0248323862982,0,13.0630744874135,1,21.5956795124848,1,3.1255598043289
1,7.32673423618369,1,12.2320020042962,1,8.15787811363316,1,15.5307479108704,1,7.51258856831126
1,7.49325092336968,1,13.2513355046542,1,8.15787811363316,1,14.0208140862025,1,3.75629428415563
0,7.1602175489977,1,14.2706690050122,1,20.9385538249918,1,13.3736995899162,0,7.30390555252484
0,6.82718417462571,1,13.5911133381068,1,8.97366592499647,1,18.3349107281109,1,6.05180745780629
1,6.9937008618117,1,13.2513355046542,0,12.2368171704497,1,16.1778624071567,1,11.4775658682533
1,6.02149069411608,1,12.7877384735723,1,9.11362431869777,1,11.1319935230888,1,3.03377177140654
0,6.33028508868613,1,10.0669430536633,1,9.38167209277712,1,11.3849933758863,0,2.83152031997944
0,6.79347668054121,0,18.5014088553812,1,8.30948099645973,1,15.6859908734434,1,2.83152031997944
1,8.80064024524657,0,14.9643748094995,1,7.77338544830104,0,12.1439929342787,1,3.43827467426074
1,5.86709349683105,1,14.9643748094995,1,9.38167209277712,1,8.85499484791158,1,2.42701741712523
1,6.47039286926081,1,12.5909216076572,1,8.87262724235172,1,13.0518810070663,1,3.17886102531915
1,6.9812133589393,1,13.3463769041167,1,8.87262724235172,1,17.1735276408767,1,9.16259942591991
1,7.32176035205828,1,15.612742793495,1,8.26072191529298,1,17.4025080094218,1,3.36585285033793
1,8.51367482797475,1,16.1163796578013,1,7.95476925176361,0,7.78533253053078,0,2.61788555026283
1,6.30011937270132,1,12.3391031755041,1,9.17857990588109,1,9.84615584743599,1,3.17886102531915
1,7.77404198979612,1,14.4026963071033,1,8.75048372796814,1,12.1686140556086,1,4.87307618859441
1,6.50481064452328,1,12.8274013985139,1,10.0468516876671,1,13.6896908125597,1,9.18387435542792
1,6.34615672636418,1,11.027064360126,1,8.75048372796814,1,11.4080756771331,1,8.99644834817429
1,6.18750280820507,0,12.1522750091184,1,11.6673116372909,1,16.985357119287,1,11.4329864424715
1,7.93269590795522,1,14.8527805667003,1,10.3709436775919,1,9.63348612735681,1,4.49822417408714
1,5.98824027611006,1,11.8206627289437,1,18.6575543964046,1,14.5126704528032,1,7.83738932707133
1,6.15008460789682,0,11.8206627289437,1,7.24024498964954,0,13.1730393340829,1,3.13495573082853
1,6.9593062668306,1,13.7449566615624,1,8.07565787307064,1,14.0661267465631,1,4.31056412988923
1,5.8263959443233,1,11.8206627289437,1,7.5187159507899,1,13.842854893443,1,8.03332406024811
1,7.12115059861737,1,13.4700575283312,0,8.07565787307064,1,14.2893985996831,1,11.1682797910766
1,5.56182959458364,1,14.0737259316759,1,8.86086347777809,1,15.5487420589508,1,3.11752098666742
1,6.23599075756347,0,11.8660826482758,0,7.49765371196608,1,9.22383003497081,0,3.32535571911191
1,7.41577279277818,1,12.6939488795509,1,9.8832708021371,1,14.4945900549541,1,3.11752098666742
1,6.23599075756347,1,13.5218151108259,1,7.83845615341908,1,20.0288880759366,1,3.7410251840009
1,6.40453104830843,1,12.4179934691258,1,6.81604882906007,1,17.393508065945,1,7.27421563555731
1,6.44491781301916,1,12.0955722066541,1,7.90414893537239,1,13.0153575014301,1,3.49576783197459
1,7.60169793330465,1,14.0703595056996,1,7.60014320708883,0,11.541920803155,1,2.91313985997882
1,7.76695223620258,1,12.8361174437962,1,7.90414893537239,0,10.5596296709716,1,3.301558507976
1,7.43644363040672,1,14.564056330461,1,7.90414893537239,1,13.7520758505677,1,3.49576783197459
1,6.77542641881502,1,15.0577531552224,0,8.51216039193949,0,9.0861929726965,1,14.9541179478913
1,9.8949147577408,1,15.7749629543132,1,10.2192802949018,1,23.2856269298054,1,17.2456060056317
1,6.81289212828055,1,12.5111775154898,1,8.7593831099158,1,10.6519357232089,1,5.13262083500943
1,5.35298667222043,1,10.8792847960781,1,8.46740367291861,1,14.6154466899842,1,3.28487733440604
1,7.13731556296058,1,12.5111775154898,1,8.75938310991581,1,11.8905329003262,1,8.62280300281584
1,7.4617389976406,1,11.6952311557839,1,8.75938310991581,1,14.6154466899842,1,3.90079183460717
1,6.62377979202554,1,12.4398202542414,1,8.26368887639743,1,11.0830517603542,1,2.65672037952008
1,5.92653981391758,1,12.7162607043357,1,7.46397704964929,1,11.5448455837023,1,9.2985213283203
1,7.32101977013349,1,15.204224755184,1,7.99711826748138,1,13.1611239654206,1,3.60554908649154
1,6.79808978655252,1,12.7162607043357,1,7.73054765856534,1,16.3936807288573,1,17.2686824668806
1,7.32101977013349,1,12.4398202542414,1,7.19740644073324,1,12.9302270537466,1,3.41578334509725
1,6.50456482888506,1,12.9961455241105,1,7.94665729409034,1,12.7259857960653,1,3.56609520492875
1,6.85616292774372,1,12.3621872058612,1,7.4792068650262,1,13.395774522174,1,3.35632489875647
1,6.68036387831439,1,12.3621872058612,1,7.71293207955827,1,12.9492487047682,1,3.77586551110103
1,7.20776102660237,0,13.9470830014844,1,8.41410772315448,1,13.1725116134711,1,7.76150132837435
1,6.32876577945574,1,12.9961455241105,1,7.4792068650262,1,15.8516665179059,0,8.60058255306346
1,8.57750845940213,1,15.5128565636223,1,6.85442117447858,1,18.7079725911976,1,10.7693373007279
1,6.39108473445649,1,11.1583705106757,1,8.56802646809823,1,15.4214368657169,1,7.45569505435011
1,6.55927117483692,1,12.2469920239123,1,8.56802646809823,1,14.9158159848738,0,3.10653960597921
1,6.55927117483692,0,11.1583705106757,1,10.2816317617179,0,14.6630055444522,1,6.42018185235704
1,7.23201693635866,1,12.2469920239123,1,8.85362735036817,1,15.4214368657169,1,3.10653960597921
1,7.4448254857405,1,15.8431808625607,1,8.86250679697994,1,11.4067022219361,1,3.37481881344527
1,7.03122406986603,1,13.957087902732,1,9.11572127689366,1,12.7755064885684,1,4.49975841792703
1,4.96321699049367,1,8.67602761521178,1,8.86250679697994,1,15.7412490662718,0,4.31226848384674
1,6.61762265399156,1,12.8254321268348,1,8.60929231706623,1,13.916176710762,1,4.68724835200733
1,7.85842690161497,1,16.2203994545264,1,8.86250679697994,1,9.12536177754884,1,3.93728861568615
1,6.53454592271102,1,12.2605965131911,1,6.49457627440678,1,15.3385853801936,1,9.10767314802625
1,6.68651210696012,1,13.6752807262516,1,7.84761299824153,1,13.7239974454363,1,3.41537743050985
1,6.53454592271102,1,11.3174737044841,1,7.57700565347458,1,14.9349383965043,1,3.41537743050984
1,5.77471500146556,1,12.7321579175446,1,9.20064972207628,1,16.7513498231061,1,4.36409338342925
0,7.29437684395649,1,13.4395000240748,1,8.11822034300848,1,13.320350461747,1,7.58972762335521
1,5.96559994556647,1,11.8474092894047,1,7.91112608206878,1,13.9683193968181,1,3.22196271347867
1,5.96559994556647,1,12.1363704915853,1,6.59260506839065,1,10.5375041063715,1,4.43019873103317
1,7.76915341748191,1,16.4707885242944,0,8.90001684232738,1,12.0078535165629,0,3.22196271347867
0,7.76915341748191,0,13.8701377046689,1,7.91112608206878,1,10.0473876363077,1,4.22882606144075
0,5.82686506311143,1,13.8701377046689,1,9.22964709574691,1,13.9683193968181,1,3.82608072225592
1,9.09936085946767,1,24.9722837198036,1,7.32088130347252,1,9.12898186320579,1,3.43879905918564
1,5.96165021827192,1,15.087421414048,1,7.61371655561142,1,16.9220151610644,0,3.43879905918564
1,6.2754212823915,1,14.3070375478041,1,7.61371655561142,1,19.3712541975342,1,3.62984345136262
1,5.96165021827192,0,11.4456300382433,1,7.61371655561142,1,20.4845446686569,1,3.62984345136262
1,6.11853575033171,1,11.7057579936579,1,7.32088130347252,1,13.3594856534719,1,3.62984345136262
0,6.39739840766177,0,11.0591228295107,1,7.88150385512767,1,14.3157760096733,1,9.59994319929234
1,6.39739840766177,1,13.7674794408194,1,10.3444738098551,1,15.5289773664253,1,3.26806576997186
1,6.39739840766176,1,12.1876047508893,1,8.37409784607314,1,20.6244230647836,1,5.923369208074
1,8.08092430441486,1,18.0557107420582,1,7.38890986418219,1,13.3452149242717,1,6.74038565056696
1,6.22904581798645,1,11.5105155980621,1,6.65001887776397,0,13.5878551956221,1,11.846738416148
1,7.77985906272282,1,12.5763567147242,1,7.20261822681367,1,10.8164525310017,1,3.77640195598635
1,6.62115664912581,1,12.3087746569641,1,7.80283641238148,1,12.8445373805645,1,3.77640195598635
1,6.9522144815821,1,14.1818490612847,1,8.10294550516538,1,16.2246787965025,0,3.77640195598635
0,7.61433014649468,0,14.984595234565,1,8.70316369073318,1,10.3657670088766,0,3.77640195598635
1,6.12456990044137,1,12.8439387724843,1,8.40305459794928,1,12.1685090973769,1,3.02112156478908
1,6.90377392792976,1,15.4027540581823,1,8.87689639161908,1,12.3531513300965,0,4.61738087201811
1,7.24896262432625,1,13.2409640149287,1,8.01784190210756,1,13.6767032583211,0,4.61738087201811
0,6.55858523153328,0,14.8623065473689,1,8.59054489511524,1,16.103215126733,1,3.69390469761449
1,5.35042479414557,0,6.48537012976098,1,8.87689639161908,1,13.2355192822463,1,6.8337236905868
1,5.52301914234381,1,13.5111877703354,0,7.73149040560371,1,19.4120949472945,1,4.43268563713738
1,6.65405175390705,1,13.2325327356286,1,6.93969563941986,1,14.2166873767204,1,2.7729394591068
1,7.50713531210026,0,17.0920214501869,1,7.3734266168836,1,20.7423799430839,1,3.36714077177255
1,5.97158490735248,1,12.4054994396518,1,8.67461954927482,1,21.9076821870774,1,3.76327498021637
1,6.99528517718434,1,14.8865993275822,1,7.80715759434734,1,13.9836269279217,1,3.16907366755063
1,6.48343504226841,1,13.2325327356286,0,8.24088857181108,1,23.3060448798696,1,3.36714077177255
1,4.95385917989385,1,11.7657343191458,1,7.11284072690243,1,9.6890082628128,1,3.70264498568594
1,7.43078876984078,1,15.687645758861,1,8.43003345410658,1,24.8280836734578,1,3.31289288192953
1,7.62132181522131,1,14.7825892727729,1,7.37627927234326,1,24.0206663182234,1,3.70264498568594
1,7.24025572446025,1,15.9893312542238,1,8.16659490866575,1,19.5798708644342,0,3.31289288192953
0,6.28759049755758,1,11.4640488237831,1,9.22034909042907,1,17.9650361539654,1,3.89752103756415
1,6.19185415001954,1,14.7445227035501,1,8.84133687258153,1,14.4318298922453,1,4.64649806934721
0,6.81103956502149,1,15.494244196951,1,8.45693092159973,1,12.9886469030208,1,3.83841144859117
1,6.03705779626905,1,14.7445227035501,1,8.07252497061792,0,11.0644029173881,1,3.83841144859117
0,6.19185415001954,1,12.7452653878145,1,8.84133687258153,0,12.5075859066126,1,3.63638979340216
1,6.03705779626905,0,13.2450797167484,1,8.07252497061792,0,12.0265249102044,1,3.83841144859117
1,6.07893520157791,1,14.9179842093461,0,8.81205423328243,1,12.3028862705298,1,3.480759378263
1,6.77367065318681,1,13.229155808288,1,8.0345200362281,1,16.4038483607064,1,4.03035296430453
1,7.29472224189349,0,12.9476844081117,1,8.55287616759765,1,13.669873633922,1,4.94634227437374
1,7.29472224189349,1,14.9179842093461,1,8.0345200362281,1,14.3533673156181,1,3.66395724027684
1,10.0736640483291,0,12.6662130079353,1,6.73862970780421,1,15.4925234517783,0,3.480759378263
1,6.73777734478884,1,15.2043308683542,1,9.14319956026639,0,13.7840931061946,1,4.24082598806858
1,5.70119621482132,1,12.5369044002219,1,8.68603958225308,1,15.3922373019173,1,3.23110551471892
1,8.11988551807886,1,15.7378161619807,1,8.68603958225308,1,12.4056837955751,1,2.82721732537905
1,6.39225030146633,1,13.3371323406616,1,5.94307971417316,1,11.7164791402654,1,4.24082598806858
1,7.25606790977259,1,17.0715293960468,1,7.77171962622644,1,15.3922373019173,1,3.63499370405878
1,6.53762789857911,1,16.4477275142851,1,7.25612401443878,1,9.72450764140616,1,4.95705821460444
0,6.72441726710995,1,16.1187729639994,1,7.57160766724047,1,11.6219725470464,1,3.0504973628335
1,6.35083853004829,1,13.4871365617138,0,6.30967305603372,1,14.9425361319168,1,5.14771429978153
1,6.16404916151745,1,14.1450456622852,1,6.9406403616371,1,17.077184150762,1,3.43180953318769
1,3.92257673914747,1,12.5002729108567,1,8.51805862564553,1,14.7053530187118,1,3.62246561836478
1,5.64651143186406,0,11.0757239290502,1,9.37680955499967,1,14.3299495139799,1,4.73425767087987
1,7.32520401971554,1,12.5330560249779,1,7.8562458433781,1,13.2605502965187,1,3.5506932531599
1,6.4095535172511,1,12.2415896057923,1,8.86995498445915,1,19.4630657577936,1,3.5506932531599
1,9.61433027587665,1,18.653850827874,1,9.12338226972941,1,13.6883099835032,1,3.94521472573322
1,6.71477035140591,1,13.1159888633489,1,9.12338226972941,1,12.1911510790575,1,3.74795398944657
1,6.84673988742998,1,13.3807670587923,1,8.11585799991245,1,16.9595717516638,1,3.27718827770675
1,7.01790838461573,1,20.7083299719405,1,9.1303402499015,0,22.5320024700676,1,17.7353718558248
1,5.81972890431548,1,12.7435876750403,1,9.13034024990151,1,15.2636145764974,1,5.39772186916406
1,6.50440289305848,1,14.0179464425444,1,8.11585799991245,1,9.93346345454592,1,3.6627398397899
1,6.16206589868698,1,15.2923052100484,1,8.11585799991245,0,10.9025818403553,1,16.3859413885337
1,5.92948151144122,1,10.7587549294121,1,8.29838823526433,1,10.4140085308383,1,6.95456459666885
1,7.11537781372947,1,16.9531895857403,1,11.4102838234885,1,13.8853447077843,1,3.57663322114398
0,6.60713654132022,1,15.323075202496,1,7.26108970585629,1,22.315732566082,1,4.37144060362042
1,5.92948151144122,0,10.4327320527632,1,9.68145294114172,1,18.5964438050683,1,3.57663322114398
1,5.92948151144122,1,12.7148921893052,0,7.26108970585629,1,7.43857752202733,1,3.9740369123822
1,6.23536395268252,1,13.9281287186156,1,8.01313390827939,1,17.7455374890577,1,2.95232982438448
1,6.23536395268251,1,12.7169870909099,0,7.41956843359203,1,14.7879479075481,1,3.34597380096907
1,6.4085685069237,1,13.9281287186156,1,8.30991664562307,1,13.8779203440067,1,4.13326175413827
0,6.06215939844133,1,14.2309141255421,1,9.20026485765411,1,11.3753445442678,1,3.34597380096907
1,6.58177306116487,1,14.2309141255421,1,4.7485237974989,1,12.7403858895799,1,5.51101567218435
1,6.8433498886904,1,10.9475838369986,1,8.71840312351684,1,15.5659194322743,1,2.61323498086373
0,6.04761152954036,0,9.6125126373646,1,8.71840312351684,1,13.2693083684962,0,3.21628920721691
1,6.36590687320038,1,13.3507119963397,1,12.0172583594421,1,12.7589503543232,1,3.01527113176585
1,5.25187317039031,1,12.0156407967057,1,8.01150557296142,1,13.2693083684962,1,2.81425305631479
1,5.72931618588034,1,13.0836977564129,1,5.41954788759155,1,14.0348453897556,1,3.2162892072169
1,6.7156645722148,1,12.1232170285117,1,9.60366689931198,1,13.1082716301471,1,4.72351772177256
1,6.7156645722148,1,12.9314314970791,1,10.7012288306619,1,14.1166002170815,1,3.34582505292223
0,6.5630358319372,1,11.8538122056559,1,8.50610496796204,1,11.5957787497455,1,5.11714419858694
1,7.02092205277002,1,12.9314314970791,1,10.4268383478244,1,13.6124359236143,1,5.51077067540132
1,7.32617953332524,1,16.4336941942047,1,11.2500097963369,1,13.8645180703479,1,13.9737399269105
1,6.24279651802737,1,12.3393732259304,1,7.0743338294922,1,14.3930582303046,0,3.29856251703671
1,6.79363150491214,1,13.1903644828911,1,9.53497168322862,1,8.41440327310116,1,3.09240235972191
1,5.6919615311426,1,12.3393732259304,1,9.22739195151156,1,22.143166508161,1,3.5047226743515
0,5.50834986884768,0,10.637390712009,1,7.99707302464336,1,11.5144465842437,1,3.09240235972191
1,5.32473820655276,1,11.91387759745,1,7.6894932929263,1,11.5144465842437,1,3.5047226743515
1,7.70803674679328,1,14.2075068536288,0,9.05722604067687,1,8.41749500539099,1,3.55626903532347
1,7.57280803193725,1,13.1352421854304,1,8.38632040803414,1,11.2233266738547,1,3.13788444293248
1,7.43757931708123,1,15.0117053547776,1,7.37996195907005,1,20.0724880897785,1,5.02061510869197
1,5.95006345366499,1,11.5268451831328,1,7.71541477539141,1,10.3599938527889,1,2.92869214673698
1,6.22052088337703,1,12.8671760183808,1,6.03815069378458,1,15.7558239844498,1,5.43899970108296
1,7.11907914807303,1,11.8606754318351,1,7.9366109878179,1,11.605901420788,1,3.16862190815878
0,8.28137778449312,0,18.073410181844,1,7.5915409448693,1,12.8148494854535,0,3.3666607774187
1,5.81149318210044,1,13.8374546704743,1,7.5915409448693,1,12.5730598725204,1,3.16862190815878
1,8.42666511404564,1,14.6846457727482,1,7.2464709019207,1,12.0894806466542,1,3.16862190815878
1,8.13609045494061,1,13.2726606022917,1,7.2464709019207,1,12.3312702595873,1,3.16862190815878
1,6.9804278179646,1,14.5291998720507,1,7.86732195543044,1,10.388032143016,1,3.99579724455318
1,6.66313564442076,1,15.3363776427202,1,7.2845573661393,1,12.276765259928,0,2.79705807118723
1,6.98042781796461,1,12.9148443307117,1,8.15870425007601,1,12.512856899542,1,14.5846599426191
1,7.29771999150845,1,14.2601406151609,1,7.86732195543044,1,24.553530519856,1,22.3764645694978
1,6.82178173119268,1,12.6457850738219,1,11.3639094911773,1,17.234689691822,1,2.99684793341489
1,6.82052936809491,1,14.7047922122868,1,7.80341549922452,1,16.6456592968789,1,3.71292962272241
1,7.76782511366365,1,15.0315653725598,1,7.80341549922452,1,23.1689582105206,1,2.93126022846506
1,5.87323362252618,1,12.7441532506485,1,7.80341549922452,1,11.6969497761851,1,4.29918166841543
1,6.63107021898116,1,13.0709264109216,1,9.03553373594418,1,10.7971844087863,1,3.90834697128675
1,8.14674341189115,1,17.9725238150172,1,8.21412157813107,0,16.1957766131794,1,11.5296235652959
1,7.14433591396606,1,16.3473666467864,1,7.62457786857086,1,11.4853500697714,0,3.51546448060559
1,6.6458938734568,1,11.3523379491572,1,8.18936141439093,1,12.4041780753531,1,4.07053781964858
1,7.14433591396606,1,14.076899056955,1,9.60132027894108,1,11.7150570711668,1,3.70048892695326
1,6.14745183294754,1,13.3957587800055,1,11.8604544622213,1,12.863592078144,1,4.4405867123439
1,7.4766306076389,1,18.6178342366178,1,7.62457786857086,1,14.7012480893074,1,4.81063560503923
1,5.66603925817931,1,11.6877987139937,1,8.26069236281842,1,12.9519439194604,1,3.58860059443749
1,5.97231165051333,0,10.6859873956514,1,7.03688608684532,1,13.3909928658828,1,3.78796729412846
1,6.12544784668034,0,12.0217358201078,1,8.26069236281841,1,12.0738460266156,1,3.38923389474652
1,6.43172023901435,1,14.3592955629066,1,7.03688608684532,1,13.3909928658828,1,5.38290089165623
1,6.58485643518136,1,11.0199245017655,1,8.56664393181169,1,12.9519439194604,1,5.5822675913472
1,6.48476503164722,1,13.7291264644615,1,6.93254827605656,0,9.07021590525262,1,3.87530795630508
1,6.99672016572463,1,18.534320727023,1,6.43736625633823,1,10.6982033754262,1,3.13715405986602
1,7.16737187708377,1,12.3562138180153,1,7.67532130563405,1,13.9541783157733,0,3.87530795630509
1,7.3380235884429,1,13.7291264644615,1,8.6656853450707,1,13.721608677177,1,3.50623100808555
1,6.65541674300635,1,12.3562138180153,1,8.6656853450707,1,9.53535518244506,0,3.50623100808555
1,7.30778766461644,1,13.0515028728501,1,9.49090768079016,1,10.76704518099,1,3.54231854299809
1,6.71526434045835,1,12.3645816690159,1,63.1636269790518,1,14.5803736825906,1,3.54231854299809
1,7.70280321405516,1,13.0515028728501,1,8.50908964484635,1,12.1129258286138,1,3.54231854299809
1,5.9252332415809,0,10.6472786594303,1,8.50908964484635,1,10.0941048571781,1,3.35588072494556
1,6.32024879101962,1,11.6776604651817,1,10.472725716734,0,13.4588064762375,1,3.72875636105062
1,5.72850565653135,1,11.0818265460571,1,9.99809926797047,1,18.3659633853316,0,3.51071587044083
1,7.2448748009073,1,18.3911163955841,1,9.30857518052423,0,15.2578772739678,1,3.12063632928074
1,6.06547657750379,1,11.3176100895902,1,6.55047883073927,1,22.3217093452491,1,3.51071587044084
1,7.41336026139351,1,15.3259303296534,1,5.86095474329304,0,14.9753239911165,1,3.90079541160093
1,6.57093295896243,1,13.2038784378553,1,10.3428613116936,1,13.5625575768602,1,3.12063632928074
1,7.97545414642285,1,14.8947843432094,1,10.9610946474235,1,21.7852746271251,0,7.4737082095667
1,6.14774590453428,1,11.9158274745675,1,7.75296938476297,1,14.7435696971453,1,3.64571132173986
1,5.98159060981714,1,12.3741285312817,1,7.48562561287459,1,21.5652213480632,1,3.64571132173985
1,7.47698826227142,1,14.4364832864953,1,8.02031315665135,1,21.3451680690014,1,13.8537030226114
1,6.31390119925142,1,13.519881173067,1,7.75296938476297,1,22.8855410224345,1,10.9371339652196
1,6.89390615406013,1,14.3652103121382,1,7.40561854231954,1,19.2443536166647,1,6.37824368974437
1,6.52126257816499,1,14.3652103121382,1,7.40561854231954,0,11.7343619613809,1,5.96674409685763
0,7.0802279420077,1,12.4314320008888,0,8.46356404836518,1,14.0812343536571,1,5.76099430041427
0,6.33494079021742,0,12.707686045353,1,9.25702317789942,1,11.2649874829257,1,5.76099430041427
0,5.96229721432228,0,12.9839400898172,1,7.93459129534236,1,8.68342785142189,1,3.0862469466505
1,7.1523005218424,1,14.7141841988351,1,7.88046604403205,1,14.0496314709337,1,2.63351538582107
0,6.03972044066692,0,13.8652889565946,1,8.14314824549978,1,24.2469446353211,1,8.71085858386968
1,6.9933605102459,1,11.8845333913668,1,8.14314824549978,1,12.2367757972648,1,3.64640591882917
1,6.03972044066692,1,13.0163937143541,1,7.35510164109658,0,16.3157010630198,1,3.24124970562593
1,6.19866045226342,1,13.0163937143541,1,7.61778384256431,1,13.1432036340993,0,2.83609349242269
0,6.95350168263784,1,13.0227956560571,1,10.4929847563083,1,17.8836988203539,1,10.6422410582436
0,6.79179234118115,1,13.9107135416974,1,11.8736406452963,1,10.6396689184384,1,13.3511751457965
1,5.49811760952759,1,13.0227956560571,1,10.7691159341059,1,14.2616838693962,1,8.12680226265874
1,10.1876885117717,0,18.0543303413519,1,10.7691159341059,1,19.6947062958328,1,11.6097175180839
1,7.11521102409453,1,15.9825219415246,1,8.56006651172521,0,11.9979245250476,1,6.96583051085035
1,7.93219566159422,1,14.1146841736997,1,9.27915802949278,1,14.3987334134683,0,3.48846911939104
1,8.40812740128987,1,14.1146841736997,1,8.74892042780748,1,9.88569756745588,1,3.67207275725372
1,6.18711261604349,1,11.6384237923488,1,13.7861776438178,1,11.39004284946,1,3.48846911939104
1,6.34575652927538,1,12.6289279448892,0,9.01403922865012,1,12.0347622560332,1,2.93765820580298
1,7.93219566159422,1,15.3528143643751,1,9.27915802949278,1,11.6049493183178,1,3.48846911939104
1,5.59005711446289,1,12.072995612132,1,8.94994150712981,1,21.859357608067,1,13.1573200956966
1,6.49167922969884,1,12.661922227358,1,7.99101920279447,1,15.3219796318227,1,6.10194555162741
1,7.39330134493479,1,15.9010186111007,1,7.67137843468269,1,17.977789434672,1,2.86028697732534
1,7.39330134493479,1,12.9563855349709,1,9.26958227524159,1,14.7091004465498,1,16.2082928715103
1,6.49167922969884,1,15.0176286882618,1,7.67137843468269,0,10.8275322731547,1,8.7715467304644
1,6.02085139374724,1,12.3426548261952,1,8.33885642080064,1,13.8287052667795,1,3.66812579852748
1,4.96720239984148,1,11.6305785862224,1,10.0761181751341,1,12.8582698094616,1,3.66812579852748
1,5.87033010890356,1,12.1052960795376,0,5.55923761386709,1,12.3730520808027,1,5.0946191646215
1,6.17137267859092,1,14.4788835461136,1,8.68630877166733,1,19.8939268750161,1,19.9709071253163
1,6.17137267859092,1,12.5800135728528,1,9.38121347340071,1,12.8582698094616,1,5.0946191646215
1,6.355613834259,1,13.7058135864086,1,8.77463278770731,1,15.423991148957,1,7.11743584292529
1,6.00252417680017,1,12.0226434968496,1,7.89716950893658,1,14.3675533990284,1,7.48243255281889
1,6.00252417680017,1,11.0608320171016,0,8.48214502811707,1,15.6352786989427,1,10.2199078770209
1,6.355613834259,1,12.5035492367236,0,8.77463278770731,1,10.5643774992856,1,4.19746216377645
0,5.64943451934133,0,10.3394734072907,1,7.3121939897561,1,13.3111156490998,1,3.28497038904244
1,6.84608900740243,1,13.13668547465,1,10.5616993022964,1,11.425570344597,0,4.97661353645827
1,6.84608900740243,1,15.5251737427682,1,7.34726907985835,0,11.1824731032226,1,4.21098068469546
1,6.67054826362288,1,14.9280516757387,1,8.49527987358621,1,14.5858344824642,1,4.40238889763616
1,6.31946677606378,1,17.6151009773716,1,6.42886044487605,1,19.2046820685779,1,4.21098068469546
1,5.26622231338649,1,12.8381244411353,1,8.26567771484064,1,11.9117648273458,1,4.01957247175476
1,6.4049905701096,1,13.5798182032457,1,8.09357098209318,1,13.7040072070778,1,3.59272911692365
1,6.099991019152,1,12.493432746986,1,8.3826270885965,1,10.7140419982608,1,7.38505429589862
1,6.70999012106721,1,13.8514145673106,1,7.80451487558985,1,11.9598608352679,1,3.59272911692365
1,6.862489896546,1,13.8514145673106,1,9.24979540810649,1,15.4481535788877,1,6.98586217179599
1,5.6424916927156,1,12.7650291110509,1,7.80451487558985,1,19.1856100899089,1,10.9777834128223
1,6.91263494828724,1,15.2611931671561,1,8.28441294860515,0,10.6080859430981,1,3.05247559587408
1,5.86071223876527,1,15.8370872489356,1,6.94821731173335,1,11.9340966859854,1,3.4885435381418
1,7.21318429386494,1,13.8214579627074,1,7.21545643910771,1,11.6688945374079,1,3.05247559587407
1,7.06290962107609,1,14.3973520444869,0,10.1550868402257,1,10.3428837945207,0,2.61640765360634
1,7.06290962107609,1,13.5335109218177,1,6.68097818435899,1,9.28207520021087,1,3.05247559587407
1,6.67598644153974,1,11.5712933867951,1,9.63435236267539,1,12.2873050362406,0,3.6655126865933
1,6.67598644153974,1,16.6626624769849,1,7.45885344207127,0,11.8054499367802,1,4.88735024879106
1,7.45226393474204,1,16.8940883447208,1,7.76963900215757,0,10.1189570886688,1,4.88735024879106
1,6.0549644469779,1,12.9598485932105,1,7.45885344207127,1,13.4919427848917,1,3.6655126865933
1,6.8312419401802,1,15.2741072705695,1,8.39121012233018,0,11.0826672875896,1,5.09098984249069
0,7.01468747675387,0,14.6039311760171,1,14.1813066981467,1,19.557168906911,1,3.38915260383503
1,6.69583804599232,0,9.40592177438388,1,10.3136775986521,1,13.3344333456211,1,3.76572511537226
1,7.17411219213463,1,17.326698005444,1,8.2509420789217,1,19.557168906911,1,10.5440303230423
0,5.42044032294617,1,11.1385915749283,1,7.73525819898909,1,22.4462961317956,1,4.14229762690948
1,7.65238633827694,0,15.8415524621202,1,9.02446789882061,1,10.2230655649762,1,3.38915260383503
1,6.61941842773253,1,11.8334905563728,1,9.12468677509127,1,11.5519792396768,1,3.98970631547565
1,6.61941842773253,1,11.8334905563728,1,11.2537803559459,1,11.8559786933525,1,3.98970631547565
1,5.75601602411524,1,10.9459787646448,0,7.90806187174577,1,10.9439803323254,1,4.82964448715473
1,7.62672123195269,1,12.7210023481007,1,16.1202799693279,1,10.9439803323254,1,2.93978360087679
1,6.61941842773253,0,13.6085141398287,1,7.29974942007302,1,11.5519792396768,0,3.14976814379656
1,5.54780178325017,1,11.9016875987338,1,16.033180175059,1,15.255692791742,1,3.78957402389275
1,6.22026260546231,1,14.1472890324572,1,9.19936567421417,1,11.3848453669717,1,3.19122023064652
1,7.06083863322749,1,13.2490484589678,1,8.41084861642438,1,12.9787237183477,1,3.39067149506193
1,5.88403219435624,1,12.7999281722232,1,9.98788273200395,1,20.7204185678884,1,3.78957402389275
1,6.22026260546231,1,11.2280071686168,1,8.9365266549509,1,9.33557320091676,1,2.99176896623112
1,6.58858960724907,1,13.5924516439393,1,7.97688026009333,0,10.6058680948745,0,3.20842654578632
1,7.00037645770214,0,12.0821792390572,1,7.97688026009333,1,12.7703309713795,1,3.39715751906786
1,6.58858960724908,1,11.8304671715768,1,7.97688026009333,0,12.553884683729,1,2.64223362594167
1,7.00037645770214,1,13.8441637114197,1,7.97688026009333,1,12.3374383960785,1,4.7182743320387
1,7.00037645770214,1,12.8373154414982,1,7.97688026009333,1,11.688099533127,1,4.15208141219406
1,6.55465433762441,1,13.3787068620473,1,7.64636836842939,1,11.5524465728869,1,3.70493544566573
1,7.64709672722848,1,13.6827683816393,1,8.46562212218968,1,12.2455933672601,1,3.50993884326227
0,5.77433834505008,0,14.5949529404153,1,7.10019919925586,1,9.70405512122499,1,3.70493544566573
1,6.08646474207981,1,12.4665223032714,1,8.19253753760292,1,12.2455933672601,1,3.70493544566574
1,6.71071753613928,1,15.5071374991912,1,9.55796046053673,1,11.7834955043446,1,3.50993884326227
1,7.10435727425151,1,13.9167800694927,1,8.21210812475507,0,14.9275704323742,1,3.67000966344416
1,6.31498424377912,1,12.3412955333237,1,15.9679880203571,1,12.128650976304,1,3.46612023769726
1,6.4728588498736,1,12.86645704538,1,9.12456458306119,1,10.9624345362748,1,3.46612023769726
1,6.4728588498736,1,12.6038762893519,1,10.2651351559438,1,14.2278405683566,1,3.46612023769726
1,7.42010648644047,1,14.1793608255208,1,7.07153755187242,1,7.46378521618708,1,4.48556736643175
1,6.55140969960618,1,12.302783044917,1,7.74259374155663,1,10.8732073556646,1,3.7631057146563
0,6.70739564483489,1,14.0603234799052,1,7.00520386140838,1,14.2710846543098,1,3.7631057146563
1,6.08345186392002,1,12.5538602499153,1,8.84867856177901,1,11.7793079686367,1,7.13009503829615
1,5.77147997346258,1,12.8049374549137,1,9.21737350185314,1,16.989386493226,1,5.54562947423034
1,6.86338159006361,1,12.8049374549137,1,8.11128868163076,1,18.1220122594411,0,6.7339786472797
1,6.44315777314274,1,13.6026746597466,1,8.13779817489836,1,20.3495809781473,0,2.75641105314491
1,5.79884199582847,1,11.7356408829186,1,7.62918578896722,1,13.0328777051056,1,5.51282210628982
1,6.60423671747131,1,14.9362702146237,1,6.35765482413935,1,12.3469367732579,1,3.54395706832917
1,6.60423671747131,1,12.5357982158449,1,8.13779817489837,1,12.3469367732579,1,5.90659511388194
1,6.60423671747131,1,14.4028319926728,1,9.15502294676066,1,13.4901716596707,1,3.15018406073704
1,5.72517424486909,1,10.7348907346401,1,8.42309274244947,1,15.6579674504632,1,6.32128639073083
1,4.93549503868025,1,11.6294649625268,1,8.69480541156074,1,10.2895214674472,0,4.14834419391711
1,4.73807523713304,1,11.6294649625268,1,7.87966740422692,1,11.6316329632012,0,2.96310299565507
1,8.48905146653003,1,18.4878673763246,1,8.1513800733382,1,11.4079477139089,1,10.8647109840686
1,6.71227325260514,1,13.7168048275957,1,7.87966740422693,1,17.2237641955095,1,8.29668838783421
1,6.09802052832551,1,12.3136115905491,1,7.37603024393261,1,13.0800326371571,1,5.27904952904219
1,6.28280902918386,1,13.5765461126567,1,8.69317850177772,1,17.4400435162095,1,3.5193663526948
1,6.65238603090056,1,13.2608124821298,1,8.69317850177772,0,8.2355761048767,1,5.08352917611471
1,7.20675153347561,0,15.1552142652912,1,7.11260059236359,1,18.4089348226656,1,3.71488670562229
1,6.46759753004221,1,13.5765461126567,1,9.7468971080538,1,11.626695677473,1,3.71488670562229
1,7.36252409260866,1,14.0669887015193,1,7.47231544723317,1,14.7320451100528,1,3.07722809649846
1,6.97502282457663,1,13.1878019076743,1,8.04710894317419,1,13.3509158809854,1,3.07722809649846
1,5.81251902048052,1,12.3086151138294,1,6.32272845535115,1,10.8188456276951,1,2.69257458443616
1,6.78127219056061,1,13.7739264369043,1,8.6219024391152,1,14.7320451100528,1,3.65420836459193
1,6.97502282457663,1,14.3600509661343,1,7.47231544723317,1,14.0414804955191,0,4.42351538871654
0,5.17420873341142,1,10.8940625070288,1,8.11439774872582,1,13.5628146170738,1,4.74591037266605
1,6.42856236575359,1,16.1042663147383,1,6.35039823813325,1,12.9368385578242,1,2.65770980869299
1,5.48779714149696,1,12.5518546276636,1,5.99759833601473,1,16.6926949133216,1,7.97312942607896
1,7.36932759001021,1,15.1569565315184,0,7.05599804237028,0,9.5982995751599,1,3.41705546831956
1,7.21253338596744,1,14.6833016399084,1,8.11439774872582,1,17.3186709725711,1,3.22721905341291
1,6.87630539867283,1,13.4017254595542,1,6.09754454345372,1,13.9919086640807,1,3.54339540577818
1,7.80553585795294,1,14.3763964020673,1,6.91055048258089,1,13.0892048793013,1,3.33496038190888
0,6.50461321496078,1,19.9807543215172,1,8.13005939127163,1,16.474344072224,1,3.33496038190887
1,9.1064585009451,1,14.8637318733238,1,8.94306533039879,1,11.5094732559373,1,3.33496038190887
1,7.06215149052885,1,10.9650481032716,1,8.53656236083521,1,15.7973162336395,0,4.3771355012554
1,6.77253823396835,1,15.7318902903899,1,10.3888519997548,1,11.5015081642135,1,3.47392218358905
1,6.45753645564424,1,14.2797158020462,1,11.254589666401,1,9.62916962585319,1,3.67827054732958
1,6.9300391231304,1,15.005803046218,1,7.79163899981608,1,14.1762775047283,1,3.47392218358905
1,6.9300391231304,1,14.7637739648274,1,6.92590133316985,1,12.8388928344709,1,3.67827054732958
1,7.24504090145451,1,12.5855122323119,0,9.09024549978543,1,10.6990773620591,0,3.47392218358905
1,6.29192581726748,1,13.4201919400105,1,7.10559800485963,1,21.1528683528373,0,7.44201557165548
1,6.77592011090344,1,14.3148714026778,1,8.05301107217425,1,22.3151138667294,1,8.58694104421786
1,7.58257726696337,1,15.433220731012,1,8.2898643390029,1,22.082664763951,1,10.4951501651552
1,6.93725154211543,1,13.8675316713441,1,6.86874473803098,1,23.0124611750647,1,10.6859710772489
1,5.80793152363152,1,12.5255124773431,1,7.34245127168828,1,16.0389880917118,1,6.2970900990931
1,7.18299360315019,1,13.6241972517858,1,8.66622511752758,1,15.4420154824272,1,5.21540750358854
1,6.2620969873617,1,12.6273047699478,1,8.14099935282894,1,11.9808740811935,1,6.37438694883045
1,6.07791766420401,1,12.2950072760018,1,8.14099935282894,1,15.1757738361785,1,3.863264817473
1,6.9988142799925,1,12.9596022638938,1,7.35316070578098,1,16.5069820674222,1,3.67010157659935
1,5.34120037157322,1,12.2950072760018,1,7.6157735881303,1,16.5069820674222,1,5.98806046708314
1,6.76870519778798,1,13.8431705399615,1,9.37219247784873,1,11.7886259341125,1,3.41531786004476
1,6.46103677970671,1,14.4199693124599,0,8.12256681413557,1,10.201695519905,1,3.61621891063563
1,8.61471570627562,1,19.8995576511946,1,8.74737964599215,1,13.3755563483199,0,3.21441680945389
1,6.61487098874735,0,17.3039631749518,1,7.1853475663507,1,13.8289650380935,1,3.61621891063562
1,6.76870519778799,1,12.6895729949647,1,7.81016039820728,1,19.4965736602629,0,13.2594693389973
1,6.32219891855351,1,11.8779205041773,1,8.243252697859,1,13.0427905021855,1,3.15761877065297
1,6.88003999960235,0,14.4852689075332,0,8.79280287771626,1,10.5691578207365,1,3.3681266886965
0,6.50814594556979,0,14.4852689075332,1,7.69370251800173,0,8.77015223422819,1,3.57863460674003
1,6.69409297258607,1,13.6161527730812,1,8.243252697859,1,11.9184120106178,1,3.9996504428271
1,6.88003999960235,1,16.2235011764372,1,8.51802778778763,1,14.8417960886938,1,4.21015836087062
0,6.38247899375018,0,8.89551702702846,0,9.27011602895426,1,13.9538462494211,1,3.50353509417003
1,6.56483553642876,1,12.809544518921,0,7.614738166641,1,13.2443286435183,1,3.70962539382709
1,6.01776590839303,1,12.4537238378398,1,16.22270305067,1,10.4062582199073,1,3.91571569348415
1,5.83540936571445,1,12.4537238378398,1,8.60796488402895,1,13.4808345121526,1,7.8314313869683
1,7.47661824982164,1,16.0119306486512,0,5.29720915940243,1,11.3522816944443,1,4.12180599314121
1,7.54340084863864,1,12.6290200764918,1,7.94766954466941,1,16.0528518686659,1,4.6397069832752
1,6.38287764115578,1,12.6290200764918,1,7.55028606743594,1,15.8329497882732,1,4.03452781154365
1,6.76971871031673,1,11.5766017367842,1,9.53720345360329,1,12.9742227431683,0,3.63107503038929
1,7.15655977947769,1,12.102810906638,1,9.13981997636982,1,14.5135373059171,0,3.83280142096647
1,7.15655977947769,1,12.8921246614188,1,7.94766954466941,1,15.6130477078805,1,3.42934863981211
1,7.75317922610537,1,11.2554036918199,1,7.97585635226748,1,12.253351361499,1,3.06059436585442
1,5.89915810681931,1,9.33374940297262,1,8.27125843938849,1,21.9146476272964,1,5.73861443597704
1,7.07898972818317,1,16.7458445170979,1,7.97585635226748,1,9.19001352112428,1,3.25188151372032
1,7.58463185162482,1,16.1968004345701,1,8.56666052650951,1,12.7246341061721,1,4.01703010518392
1,6.74189497922206,1,13.1770579806672,1,7.97585635226748,1,18.144385669912,1,3.25188151372032
1,6.29785797563065,1,14.7856234181013,1,10.2115797766244,1,8.55480820779794,1,13.6903026514569
1,6.74770497388998,1,14.5118155770253,1,8.00367063573266,1,23.2201937068801,1,5.43585546454904
1,7.04760297272954,1,14.7856234181013,1,9.65960249140149,1,14.1765393157794,1,2.81859172235877
1,6.14790897621087,0,10.952313643038,1,8.83163656356707,1,14.4209624074308,1,3.82523162320118
1,7.04760297272954,1,15.0594312591772,1,10.7635570618474,1,24.442309165137,1,3.42257566286421
1,6.20648334246621,1,10.8074917610435,1,14.1651044182175,1,12.2516713757747,0,4.04005537935352
1,7.13745584383615,1,11.3478663490957,1,8.26297757729352,1,13.6653257652872,1,3.40215189840296
0,5.89615917534291,1,11.3478663490957,1,7.31863728274569,1,18.6131161285809,1,4.2526898730037
1,6.82713167671284,1,14.5901138774087,1,8.02689250365656,1,15.7858073495559,1,3.18951740475278
1,5.43067292465794,1,10.8074917610435,1,7.79080743001961,1,12.958498570531,1,2.97688291110259
1,7.6869755113518,1,16.0623022688098,1,8.40574759256103,1,13.2390393825816,0,3.76035395097828
1,6.17972541108674,1,12.1762613973235,1,7.11255565524395,1,14.38033588108,1,7.3227945361156
1,6.93335046121927,1,11.6581226144587,1,8.40574759256104,1,19.1737811747733,1,11.0831484870939
1,9.79712565172288,1,19.948343140296,1,6.78925767091468,1,15.9781509789777,1,7.52070790195656
1,7.23480048127228,1,14.2488165287829,1,7.11255565524396,1,10.9564463855847,1,4.1561806826602
1,8.20510845320545,1,13.8586502360172,1,8.71553736677966,0,10.5644116763388,1,4.36982391684261
1,6.19253468166449,1,10.6414635740846,0,10.9751211285373,1,12.6772940116065,1,8.34239111397226
1,7.43104161799738,1,12.1263189565151,1,7.74714432602636,1,11.6208528439727,1,5.16433735626854
1,4.79921437828998,1,11.3838912652998,1,7.74714432602636,0,11.6208528439727,1,4.36982391684261
1,6.19253468166449,1,12.3737948535868,1,14.2030979310483,1,15.6353292809814,1,4.96570899641206
1,5.9911697966507,1,12.2886863143745,1,9.10681873475524,0,9.56490134293776,1,4.00074675464315
1,5.66732278061553,1,10.8257474674251,1,8.80325811026339,1,13.3463739668899,1,7.00130682062553
1,6.47694032070346,1,13.4590373919339,1,7.89257623678787,1,12.2341761363157,1,4.20078409237532
1,6.31501681268588,1,12.8738618531542,0,8.19613686127971,1,17.127846590842,1,8.40156818475064
1,5.66732278061553,1,11.9960985449846,1,8.19613686127971,1,20.2420005164497,1,12.0022402639295
1,5.5693177144433,1,11.4482409132563,1,9.08308643429958,1,22.7531028227603,0,8.17737199880618
1,6.59524466184075,1,12.4658623277679,1,10.3216891298859,1,15.4215474687598,1,9.37406058399732
1,6.4486836693554,1,11.9570516205121,1,12.3860269558631,1,11.3765514113802,1,6.98068341361503
1,7.3280496242675,1,13.9922944495354,1,9.90882156469045,1,18.7081067653807,1,11.169093461784
1,5.862439699414,1,11.7026462668842,1,9.90882156469045,0,10.6181146506215,1,4.38785814570087
1,6.54781963788736,0,12.7385973114283,1,5.18875526466583,1,15.7904031471334,1,5.51007474598748
1,6.36593575905716,1,15.286316773714,1,7.89593192449147,1,13.8166027537417,1,3.99005412640473
1,7.8210067896988,1,15.00323683346,0,7.89593192449147,1,16.2838532454813,1,3.61004897150904
1,8.002890668529,1,15.00323683346,1,7.44473581452053,1,13.0764276062198,1,3.61004897150904
1,7.09347127437798,1,12.1724374309204,1,8.12152997947694,1,13.3231526553938,1,2.85003866171766
1,6.59844706221369,1,14.6649349111927,1,7.81564227654943,1,9.94503455611436,0,2.8241209098748
1,5.93860235599232,1,12.5699442095937,1,7.81564227654943,1,20.3873208400344,1,2.38964076989406
1,5.60868000288163,1,11.5224488587943,1,8.44089365867339,1,25.3598381180916,1,2.8241209098748
1,5.60868000288163,1,11.2605750210944,1,6.56513951230152,1,22.6249536151602,1,2.60688083988443
0,5.77364117943698,1,12.3080703718939,1,6.8777652033635,1,21.6304501595487,0,3.25860104985554
1,6.45672342193303,1,12.1319125823064,1,7.66792972798956,1,18.778565475453,1,3.61683759215641
1,6.89695456433755,1,11.5804620103834,1,7.66792972798956,1,14.8765258961381,1,3.61683759215641
0,6.30997970779818,0,12.9590884401909,1,8.818119187188,1,17.3153006332099,1,3.81777301394288
1,5.86974856539366,1,11.5804620103834,1,8.43472270078852,0,9.5112214745801,0,4.62151470108875
0,6.45672342193302,1,15.164890727883,1,6.9011367551906,1,13.413261053895,0,4.21964385751581
0,7.13192683845838,1,14.7462791243502,1,8.77314672488066,1,12.4662752977816,1,4.15347973928118
1,6.52061882373338,1,12.6396678208716,1,11.0818695472177,1,14.7748447973708,1,2.76898649285412
1,6.31684948549171,1,11.4693282078279,1,9.00401900711436,0,12.9279891976994,1,14.8338562117185
1,6.31684948549171,1,12.1715319756541,1,7.84965759594585,1,12.9279891976994,1,3.9556949897916
1,6.92815750021671,1,14.044075356524,1,8.08052987817956,1,11.0811335980281,1,4.15347973928118
1,6.31085178498898,1,13.3587887317334,1,7.50423904049108,1,16.9182544509848,1,10.5615892822861
1,7.09970825811261,1,14.9001874315488,1,7.50423904049108,1,11.0070571126889,1,3.1499476806818
1,5.67976660649008,1,12.5880893818257,0,7.50423904049108,0,11.4147258946404,1,6.85576848148393
1,6.78416566886316,1,12.8449891651283,1,8.10457816373036,0,15.287579323179,1,7.41164160160425
1,6.78416566886316,1,14.3863878649437,1,7.20406947887143,1,16.5105856690334,1,3.89111184084223
1,7.48969062310024,1,15.0969977579332,1,9.62874989194829,1,14.2747907506658,1,3.42123745980383
1,6.57631371784411,1,12.3520890746726,1,8.34491657302185,1,14.7506171090213,1,3.21998819746243
1,6.57631371784411,1,13.9532858065746,1,8.66587490275346,1,11.6577457797104,1,3.42123745980383
1,6.02828757469044,0,12.809573855216,0,9.9497082216799,1,15.7022698257324,0,3.21998819746243
1,6.94166447994656,1,12.3520890746726,1,8.02395824329024,1,10.7060930629994,0,3.62248672214523
1,6.98083111545324,1,11.7738405323763,1,8.37187910708166,1,9.38924721126496,1,12.4408743180708
1,6.16910656714472,1,12.4531005630903,1,6.60937824243289,1,10.1940398293734,1,3.06236906290973
1,5.51972692849791,1,11.3210005119003,1,7.05000345859508,1,9.12098300522882,1,3.44516519577344
1,6.00676165748302,1,12.2266805528523,1,7.93125389091947,1,11.267096653518,1,3.25376712934159
1,6.98083111545324,1,13.3587806040423,1,8.81250432324385,1,9.92577562333725,1,3.25376712934159
1,7.20329206118685,1,14.8215338835967,1,7.2768474604231,1,9.83325644606714,1,5.72178404362723
1,8.68089043271235,1,14.3723964931847,1,7.2768474604231,1,13.6324691638658,1,4.79891564949381
1,6.2797930789834,1,13.9232591027727,1,7.2768474604231,1,20.3369621952752,1,10.1515523354677
1,6.2797930789834,1,12.1267095411246,1,7.85899525725695,1,12.5150536586309,1,4.06062093418707
1,6.46449287542409,0,14.8215338835967,0,7.2768474604231,1,17.8786480837584,1,5.35263668597387
1,5.53382378406623,0,11.5075046909993,1,7.88446991668549,1,14.2088146995444,0,3.61648313842879
1,6.51038092243085,0,15.7175673828283,1,7.88446991668549,1,12.3453635914075,1,17.0187441808414
1,5.53382378406623,1,13.1915297677309,1,15.0059266156272,1,10.9477752603047,1,4.46742034747086
1,5.53382378406623,1,8.13945453753611,1,7.63013217743757,0,7.68673582106502,1,5.53109185877345
1,6.18486187630931,1,12.6301880754871,1,7.63013217743757,1,20.963824966541,1,3.61648313842879
0,8.00225507369568,1,19.3339585385202,1,17.2209852772464,1,16.3604452684262,1,9.76627134714077
1,6.64016910370492,1,11.3425890092652,1,8.18702578754335,1,11.5613813230212,0,2.92988140414223
1,7.15095134245146,1,13.1470918061937,0,7.62240331943691,1,12.4339384040039,1,3.71118311191349
1,7.3212120887003,1,14.1782362615815,1,8.46933702159657,1,13.5246347552323,1,3.32053225802786
1,6.12938686495839,1,12.3737334646529,1,6.77546961727726,1,12.6520776742496,0,3.71118311191349
1,7.10829744977005,1,14.1715238772483,1,7.69852901224256,1,18.1904110776295,1,9.41062174523811
1,6.06805879858419,1,13.1592721717306,0,7.24567436446359,1,15.5575884216568,1,7.29803319018466
0,9.7088940777347,1,22.2695375213902,1,11.3213661944744,0,11.9673757089668,0,3.07285608007775
1,7.10829744977005,1,12.9062092453511,0,9.50994760335846,1,16.2756309641948,1,5.37749814013606
1,7.455043666832,0,13.6653980244894,1,9.05709295557948,1,17.2330210209122,1,5.1854446351312
1,7.63730469098287,1,12.9762376383979,1,11.1394359683775,1,18.8730349357611,1,3.42518131347393
1,6.64113451389815,0,12.6941455158241,1,9.63410678346165,1,14.2698556831364,1,3.42518131347393
1,7.47127632813542,1,13.8225140061195,1,7.22558008759624,1,11.2777891689304,1,4.23110632840898
1,7.30524796528796,1,13.8225140061195,1,7.52664592457941,1,13.809537757874,1,3.62666256720769
1,8.63347486806759,1,17.7718037221537,1,7.52664592457941,1,11.9682660568241,1,3.42518131347393
1,6.77195952622577,1,12.5462699346792,1,7.86585351355295,1,10.8028199211517,0,3.47735426616185
1,7.2928794897816,1,13.2700932001415,1,8.73983723728106,1,10.0982881871635,1,3.66037291174932
0,5.03555964770634,1,11.5811722473962,1,7.86585351355295,1,7.74984907386969,1,4.20942884851171
1,7.11923950192965,1,11.0986234037547,1,7.86585351355296,1,13.6209468571043,1,4.02641020292425
1,6.25103956266994,1,12.5462699346792,1,8.30284537541701,1,17.1436055270451,1,3.84339155733678
1,5.62200332652191,1,12.2110742318987,0,5.56377243343439,1,17.5729303723202,1,4.10649557555147
1,6.93380410271036,1,13.0832938198915,0,8.53111773126606,1,11.3548165482685,1,3.49052123921875
1,8.05820476801474,1,17.1536518971911,1,7.41836324457919,1,8.65128879868073,1,2.87454690288603
1,5.43460321563785,1,11.9203343692345,1,7.04744508235023,1,11.895522098186,1,14.7833840719853
1,5.80940343740597,1,12.2110742318987,1,7.78928140680815,1,20.0061053469492,1,4.10649557555147
1,3.23026255420013,1,10.4683568481873,0,6.86098476214529,1,13.1491371670776,1,3.43551637446958
1,7.92882626940031,1,14.8760860474241,0,8.05419950338795,1,11.7403010420336,1,3.63760557296779
1,5.72637452790022,1,12.1212552979011,0,6.86098476214529,1,11.9751070628743,1,3.63760557296779
1,8.07565638550032,1,14.8760860474241,1,8.35250318869861,1,11.5054950211929,1,3.03133797747316
1,6.60735522450026,1,13.4986706726626,1,7.45759213276662,1,11.9751070628743,1,3.03133797747316
1,7.02754985393127,1,11.2489709334139,1,7.7709060464762,1,11.3375404535802,0,3.01624098685657
1,7.17395714255484,1,13.992622380588,1,9.62112177182767,0,15.8725566350123,1,3.01624098685657
1,7.75958629704911,1,14.8157178147403,0,8.51099233661679,0,11.3375404535802,1,3.41840645177079
1,6.58832798806057,1,12.8951618017184,1,8.51099233661679,0,12.8492125140576,1,3.82057191668499
1,6.58832798806057,1,12.3464315122836,1,6.66077661126532,1,11.3375404535802,0,3.41840645177078
1,7.13317880165468,1,16.6568981735299,1,8.00509281966503,1,12.6601368174542,0,12.7804373147602
1,6.00688741191973,1,12.2735039173378,1,7.08142826354983,0,10.6611678462772,1,3.46588130569768
1,4.31745032731731,1,11.3968250660994,1,6.46565189280637,1,19.5454743848415,1,16.6795537836701
1,6.57003310678721,1,13.7346353360685,1,6.7735400781781,1,14.436998125167,1,3.24926372409157
1,5.81917218029724,0,11.3968250660994,1,8.00509281966503,1,13.5485674713106,1,4.33235163212209
1,6.17026709931397,1,14.157453352002,0,6.91280116909287,1,10.6109773496,1,3.23845482390972
1,7.29213384464379,1,15.2900496201622,1,8.9197434439908,0,11.9373495183,0,3.23845482390972
1,5.60933372664907,1,13.0248570838419,1,10.0347113744897,0,10.8320393777167,0,3.23845482390972
1,3.92653360865435,1,13.874304284962,1,8.69674985789103,1,10.1688532933667,1,3.42895216649264
1,5.60933372664907,1,13.591155217922,1,7.58178192739218,1,12.60053560265,1,3.42895216649265
1,7.24765315225679,1,13.498239914592,1,7.65278502281052,1,12.2931631504734,1,3.26172067679316
1,6.91821437260875,1,14.7253526341004,1,7.37947127199586,1,11.8110783210431,1,3.69661676703224
0,6.75349498278474,1,13.8050180944691,1,7.92609877362519,0,11.3289934916128,1,4.13151285727133
1,6.75349498278473,1,12.5779053749607,1,10.1126087801425,1,13.7394176387644,1,3.04427263167361
0,6.4240562031367,1,12.8846835548378,1,7.65278502281053,1,13.4983752240492,1,3.04427263167361
1,7.68588199275694,1,13.1183017403312,1,16.7325944356656,1,11.5680983073315,1,4.42757006720152
1,5.63631346135509,1,12.6232714859791,1,8.49500948272254,1,13.7927325972029,1,2.88754569600099
1,7.51508461514011,1,13.1183017403312,1,7.72273589338412,1,12.0130251653058,1,2.69504264960092
1,6.83189510467283,1,13.1183017403312,1,11.3266793102967,1,14.6825863131515,1,2.50253960320086
1,6.49030034943919,1,11.6332109772749,1,8.49500948272254,1,15.1275131711258,1,2.31003655680079
1,7.7568879205821,1,16.5546338896841,1,7.35283058902809,1,11.0893802183257,1,2.99816236291074
0,6.24334881412705,0,14.7152301241637,1,7.05871736546697,1,11.9946357463523,1,3.19803985377145
1,6.62173359074081,1,14.4524581576608,1,8.23517025971146,1,10.4104385723058,0,2.79828487205002
1,8.13527269719586,1,18.3940376552046,1,15.2938876251784,1,13.8051468024055,1,3.19803985377146
1,7.18931075566145,0,12.8758263586432,1,6.47049091834472,1,10.8630663363191,1,2.79828487205002
1,7.17599132654728,1,11.9516987733219,1,6.03156979517678,0,10.3184572515624,1,3.84455445090286
1,7.35999110415105,0,12.250491242655,1,7.91643535616952,1,23.9300391578789,1,11.7258910752537
1,7.35999110415105,0,12.848076181321,0,8.29340846836807,1,23.2714142269281,1,4.61346534108343
1,6.25599243852839,1,13.1468686506541,1,6.03156979517678,1,11.635707113464,1,3.46009900581257
1,9.01598910258504,1,13.1468686506541,1,7.91643535616952,0,9.22074903331112,1,3.26787128326743
1,7.017425705332,1,15.0787644714101,1,8.37780918051338,1,12.9010482003931,1,3.96305728157539
1,6.516181012094,1,13.4915261059985,1,8.04269681329285,1,13.3788648004076,1,4.35936300973293
0,6.85034414091934,1,10.8461288303125,1,8.04269681329285,1,10.273056900313,0,2.575987233024
1,6.85034414091933,1,13.4915261059985,1,8.37780918051338,1,13.3788648004076,1,3.36859868933908
1,7.017425705332,1,14.2851452887043,1,8.37780918051338,1,12.1843233003712,1,4.35936300973292
1,6.24412368464322,1,11.9927913897818,0,5.93804898745575,1,10.7198947580903,1,3.4777948234287
1,6.93791520515913,1,12.5379182711355,1,6.71257711625432,0,15.1865175739613,1,3.86421647047633
1,6.07067580451424,1,11.4476645084281,1,7.74528128798575,1,10.2732324765032,1,6.18274635276213
1,6.93791520515913,1,12.5379182711355,0,8.77798545971719,1,11.389888180471,1,14.4908117642862
1,5.72378004425628,1,11.1751010677512,1,7.74528128798576,1,13.3998684476129,1,3.09137317638107
1,7.67035215152966,0,15.4381681788631,1,10.739999641119,1,12.4822033357817,1,7.22659960059105
1,7.10910687214944,1,13.5422527884764,1,7.6219352291812,1,14.4025423105174,1,7.22659960059105
1,6.92202511235604,1,13.8130978442459,1,7.6219352291812,1,10.5618643610461,1,11.241377156475
1,6.54786159276922,1,11.6463373980897,0,9.35419323581329,1,22.08389820946,1,16.8620657347125
1,8.6057609504967,1,13.8130978442459,1,9.7006448371397,1,12.0021185920978,1,4.01477755588392
1,6.0770612777038,1,12.4306336591253,1,8.96931111343851,1,12.6666498157017,1,7.19097189499469
1,7.68569514533127,1,16.0867023823974,1,8.22186852065197,0,14.6535752769882,0,2.8385415374979
1,5.54084998849464,1,11.6994199144708,1,5.97954074229235,1,9.68626162377186,1,2.8385415374979
1,6.61327256691295,1,14.9898817654158,1,7.8481472242587,1,12.9150154983625,1,3.40624984499749
1,6.97074675971906,1,13.8930611484341,1,7.8481472242587,1,13.4117468636841,1,3.40624984499749
1,6.52759645384194,1,12.6311787247371,1,7.7372052886122,1,11.7223536209725,1,7.30588651559204
1,6.11094136104352,1,13.6622953553279,1,8.04669350015668,1,8.66434832854485,1,3.33983383569922
1,6.11094136104352,1,13.1467370400325,1,21.6641748081141,1,18.8576993033035,1,3.13109422096802
1,6.52759645384194,1,13.6622953553279,1,11.451063827146,1,19.6222006264104,1,3.33983383569922
1,5.8331712991779,1,12.6311787247371,1,15.4744105772244,1,20.1318681751483,1,3.13109422096801
1,5.55531314539003,1,11.7526424336705,1,8.00142554115278,1,13.136746018139,1,3.84679614415666
1,6.29602156477537,1,11.7526424336705,1,8.00142554115278,1,15.3633131398574,1,4.25172205406789
0,6.29602156477537,0,9.51404387487612,1,11.8539637646708,1,18.2578503980915,0,3.44187023424543
1,7.77743840354604,1,15.6701899115607,1,10.0758691999702,1,17.3672235494041,1,3.23940727928982
1,4.62942762115836,1,8.39474459547893,1,8.00142554115278,1,24.9375517632469,1,2.63201841442297
1,7.08916355992683,1,13.7848919975777,1,8.00599250983003,1,12.2959863148749,1,3.53274925714843
1,6.88065874934075,1,14.4741365974566,0,7.69806972099041,1,14.0174243989574,1,4.1215408000065
1,8.54869723402942,1,20.2178415964473,1,7.69806972099041,1,13.0337454937674,1,5.88791542858072
1,7.08916355992683,1,14.7038847974162,1,7.69806972099042,1,14.5092638515524,1,12.5608862476389
1,7.29766837051291,1,14.4741365974566,1,8.62183808750926,1,9.59086932560244,1,5.29912388572265
1,7.3212846963919,1,12.3094645601483,1,6.78472164609961,0,19.3173464012678,1,3.97954879157895
1,6.99589426544114,1,15.2402894554217,0,9.32899226338697,1,21.7881697781742,1,3.6005441447619
1,6.50780861901502,1,16.9987843925858,1,9.04629552813282,1,19.0927260942764,1,10.2331254640601
1,6.50780861901502,0,10.5509696229843,1,9.04629552813281,1,23.5851322341061,1,3.6005441447619
1,6.67050383449039,1,14.9472069658944,1,9.32899226338697,1,13.7018387264807,1,3.97954879157895
1,6.75641070354904,1,12.359981670441,1,7.86618708213991,0,11.4701184890868,0,3.36134865519888
1,6.0972486836906,1,12.0790729961128,1,7.86618708213991,1,10.6044491691557,1,2.8011238793324
1,6.59162019858443,1,12.6408903447692,1,6.1454586579218,0,9.30594518925908,1,3.36134865519888
1,6.26203918865521,1,12.359981670441,1,6.88291369687242,1,14.06712644888,1,2.8011238793324
1,8.40431575319515,1,16.0117944367076,0,6.88291369687242,1,12.1193704790351,1,3.54809024715438
1,6.73338573963343,1,15.8531200933006,1,8.04755670254174,1,23.6447691132457,1,7.17656491726831
1,7.34551171596374,1,16.7023943840132,1,7.24280103228756,1,24.3685885758961,1,3.28071539075123
0,6.73338573963343,1,11.8898400699755,0,7.24280103228756,1,18.3367597204763,0,3.48576010267318
1,4.59094482247734,1,11.8898400699755,1,7.24280103228756,1,14.2351160987908,1,4.51098366228293
1,6.42732275146827,1,12.739114360688,1,9.254690207923,0,11.0985650939725,1,4.71602837420489
1,10.9481168734921,1,25.5644997729413,0,8.3304508598943,1,14.5724476657671,1,3.51605436931082
0,6.99961570600313,1,13.9212622525918,1,8.83532666958486,1,19.504660721873,1,4.29739978471322
1,7.35857035759303,1,13.4150345343157,1,7.82557505020374,1,9.64023460966134,1,3.12538166160962
1,5.92275175123342,1,13.1619206751777,1,8.3304508598943,1,13.0031071479153,0,3.51605436931082
1,6.10222907702837,1,14.6806038300059,0,7.82557505020374,1,10.9853836249629,1,3.51605436931082
1,6.95498715045941,1,16.7825744101036,1,8.60602110328458,1,19.0150330922035,1,4.66974396433974
1,7.12462098339744,1,14.4677365604341,1,6.72345398694108,1,19.5025980432856,1,4.4667116180641
1,7.46388864927351,1,16.7825744101036,1,7.26133030589636,1,14.8707310080053,1,4.06064692551282
1,8.82095931277779,0,14.1783818292254,1,8.33708294380694,1,16.0896433857106,1,4.06064692551282
1,6.4460856516453,1,13.8890270980167,1,6.99239214641872,1,13.895601105841,1,3.24851754041025
0,7.02045698960878,1,16.1228211252062,0,8.03075271086347,0,11.4904793290292,0,3.49985600300073
1,7.65868035230048,1,13.9366758878901,1,7.80130263341023,1,10.1646547910643,1,2.91654666916727
1,8.29690371499219,1,14.2099440425546,1,15.6026052668205,1,22.5390171454034,1,3.69429244761188
1,10.2115738030673,1,23.2277931464835,1,7.80130263341022,1,17.2357189935438,1,3.11098311377842
1,7.49912451162755,1,15.8495529705417,1,8.48965286576995,1,12.8163038669941,1,6.8052755613903
1,6.84665830544488,1,12.9611332369689,1,7.64914850936197,1,10.2852041068163,1,3.79967165064511
1,6.45542068799088,1,13.9037611087485,1,7.64914850936197,1,12.7340622274869,1,3.03973732051609
0,7.04227711417187,0,12.9611332369689,1,8.31429185800214,1,12.4891764154198,1,3.60968806811286
0,7.43351473162587,0,14.1394180766934,1,8.31429185800214,1,12.7340622274869,1,3.22972090304834
0,6.06418307053689,1,13.9037611087485,1,8.97943520664231,1,10.0403182947492,1,3.03973732051609
1,6.22267820434298,1,13.333594705611,1,8.47739580828863,1,15.3776534742622,1,9.80077843539179
1,6.72721968037079,1,13.0437339511412,1,8.47739580828863,1,11.052688434626,0,4.8079290437771
1,6.89540017238007,1,13.6234554600808,0,8.92357453504067,1,17.5401359940803,0,10.5404598267421
0,7.06358066438934,1,12.7538731966714,1,9.81593198854473,1,16.3387568164036,1,4.99284939161469
1,5.88631722032445,1,12.4640124422016,1,8.92357453504067,1,17.299860158545,1,4.62300869593952
1,5.9733781693102,1,16.1576431801885,1,8.66136394242737,1,9.33979301213178,1,3.95200642229632
1,6.9420340886578,1,17.4399958135368,1,9.03794498340247,1,12.5420077591484,1,4.7840077743587
1,5.3276075564118,1,13.8494084401615,1,7.90820186047716,1,13.6094126748206,1,3.74400608428072
1,7.4263620483316,1,14.3623494935009,1,8.66136394242737,1,8.00553686754153,1,3.95200642229632
0,6.2962634757594,1,14.1058789668312,1,7.90820186047716,1,12.0083053013123,1,4.36800709832751
1,6.63280027164028,0,12.0842294520801,1,10.6888599637707,1,23.5218546102592,1,7.74366689162512
0,6.7870514407482,1,13.1583831811539,1,10.332564631645,1,22.8684697599742,1,8.93500025956745
1,7.09555377896402,1,12.0842294520801,1,9.26367863526792,1,17.2058010575044,0,3.17688898117953
1,5.86154442610071,1,12.0842294520801,1,19.9525385990386,1,21.5617000594042,1,10.7220003114809
1,5.86154442610071,1,12.3527678843486,1,11.0451552958964,1,12.1965172053196,1,3.7725556651507
1,7.93978645515482,1,14.6983863886832,1,8.09337999602583,1,13.640092222495,1,3.56117321675296
1,6.21374592142551,1,12.090608158433,1,8.32461942448371,1,13.8674270928699,1,3.56117321675296
1,5.52332970793379,1,9.95697142459187,0,8.09337999602583,1,16.140775796619,1,8.70509008539612
1,6.21374592142551,1,13.2759618994558,0,7.63090113911007,1,10.0027342964963,1,3.36333026026669
1,6.04114186805258,1,14.4613156404787,1,7.63090113911007,1,12.2760830002455,1,2.96764434729413
0,6.23634630252114,1,11.7644290620147,1,7.17879824581126,1,11.9309637443386,1,4.89207385943268
1,6.87597156431818,1,12.833922613107,1,8.32740596514106,1,14.8528324164215,1,12.1323431713931
1,6.87597156431818,1,17.111896817476,1,7.75310210547616,1,9.49607318426949,1,3.71797613316884
1,8.31512840336152,1,25.3113473758499,1,8.61455789497351,1,14.3658543044077,1,3.52229317879153
1,6.07643998707188,1,14.2599140145633,1,7.75310210547616,1,13.1484090243731,1,5.47912272256461
1,6.2040397485237,1,12.7535984779761,1,6.40567269092702,1,13.5237760199347,1,3.98889337658377
0,6.76804336202586,1,12.426583132387,1,7.86150739341043,1,15.2449838770173,1,4.18833804541296
0,6.95604456652658,0,13.4076291691544,1,6.40567269092702,1,15.7367575504695,1,3.98889337658377
1,6.39204095302442,1,11.4455370956196,1,8.15267433390711,1,12.2943418363043,0,3.5900040389254
0,6.76804336202586,0,13.0806138235652,1,9.31734209589385,1,14.9990970402913,0,4.38778271424214
1,6.32991367439611,1,13.5576732291612,1,6.47382779935592,1,12.9031867021377,1,4.92836530167029
1,6.13809810850532,0,12.8044691608744,1,8.32349288488619,1,12.9031867021377,1,4.13982685340304
1,7.48080706974086,1,14.0598092746857,1,9.24832542765132,1,10.3225493617102,0,4.13982685340305
1,6.90536037206849,1,13.3066052063989,0,8.32349288488619,1,10.7917561508788,1,4.13982685340305
1,7.28899150385007,1,13.3066052063989,1,7.39866034212105,1,9.85334257254152,1,4.13982685340304
1,6.7445581223637,1,12.1012130743769,1,7.58181111082549,1,17.9171756053281,1,4.53778081294754
1,5.53399640809329,1,11.3287952185657,1,7.96090166636676,1,13.3168197066628,1,4.15963241186858
1,8.30099461213993,1,17.2506654464522,1,7.96090166636676,1,15.4959356586622,1,4.53778081294754
1,7.09043289786952,1,14.4184666418108,0,7.58181111082549,1,18.4014235946613,1,3.21426140917118
1,7.09043289786953,1,12.8736309301882,1,7.20272055528421,1,15.011687669329,1,9.64278422751354
1,7.55152985501402,1,17.1792279741408,1,6.67970938198006,1,22.712129383399,1,4.45077039374196
1,7.69959906785744,1,15.2435403150827,0,8.90627917597341,1,20.5604539681296,1,3.23692392272142
1,6.51504536511014,1,16.2113841446117,1,7.42189931331118,1,24.1465796602453,1,19.2192357911584
1,6.66311457795355,1,14.0337355281713,1,7.42189931331118,1,23.6684295679632,1,3.4392316678915
1,6.21890693942331,1,14.0337355281714,1,9.27737414163897,1,10.5193020302059,1,3.03461617755133
0,7.53777221582592,0,12.386441854304,1,8.32362233821195,0,8.90938982701071,0,3.50213065473813
1,7.04617837566336,1,14.9669505739506,1,8.58373553628108,1,11.1367372837634,1,4.08581909719449
0,7.04617837566336,1,12.9025435982333,1,7.02305634786633,1,13.8590508420167,1,3.50213065473813
1,7.86550144260097,1,15.7411031898446,1,8.8438487343502,1,9.8993220300119,1,3.69669346889025
0,5.7352614685632,1,13.160594470198,1,6.50282995172809,1,14.106533892767,1,3.69669346889025
1,6.53555279118324,1,16.4361557383654,1,7.40625479703387,1,11.3168481839463,1,11.2216483589695
1,5.6756116344486,1,11.5053090168558,0,8.96546633325153,0,23.2624101558896,1,12.156785722217
1,7.5674821792648,1,15.2621446141964,1,6.62664902892504,1,18.8614136399105,1,12.3438131948665
1,6.70754102253016,0,14.3229357148612,1,8.57566344919711,1,12.783847022606,1,11.782730776918
1,7.22350571657095,1,14.557737939695,1,9.35526921730594,1,9.84984934528658,1,1.87027472649492
1,7.42366479012395,1,13.9295968149175,1,9.25897556255713,0,13.6575321245636,1,3.65426192379054
1,8.30743440799586,1,15.6352617310298,1,7.46691577625575,1,12.747029982926,1,3.65426192379054
1,8.837696178719,0,15.9195392170485,1,7.16823914520552,1,24.8111833596238,1,9.23181959694452
1,7.24691086654958,1,17.3409266471421,1,7.76559240730598,1,24.5835578242144,1,5.19289852328129
1,7.95392656084709,1,15.6352617310298,1,13.4404483972604,1,23.6730556825769,1,3.84659149872688
1,6.76190841280211,1,14.3534469629889,0,7.29517751084582,0,12.6827120467482,0,3.01838594589506
1,7.43809925408232,1,13.1769349168423,1,8.17059881214731,1,11.4144408420734,1,6.03677189179013
1,6.25476528184195,1,12.7063300983836,1,9.62963431431648,1,15.2192544560978,1,3.62206313507408
1,6.42381299216201,1,12.0004228706956,1,8.17059881214732,1,12.4290578058132,1,3.2196116756214
1,5.91666986120185,0,11.0592132337783,0,8.46240591258115,1,15.7265629379678,1,3.62206313507408
1,8.45570729004929,0,15.0307892857616,1,6.93440476980052,1,10.0468401206348,1,3.29317890847899
1,6.63192728631317,1,14.3911812310483,1,17.3360119245013,1,15.0702601809522,1,2.46988418135925
1,6.46612910415534,1,13.1119651216218,1,8.66800596225065,0,13.8144051658728,1,3.08735522669905
1,7.62671637926015,1,16.9496134499014,1,8.37907243017563,1,11.8050371417459,0,3.49900259025892
1,7.29512001494449,1,15.6703973404749,1,7.80120536602558,1,15.0702601809522,1,2.67570786313918
1,7.12972335480158,1,13.3885363380965,0,6.50256275891778,1,15.445743791773,1,6.63074603462934
1,6.21565625803214,1,13.3885363380965,1,7.36957112677349,1,12.5660288475441,1,3.53639788513566
1,6.03284283867825,1,12.3843961127393,1,8.23657949462919,1,14.3985747211443,1,3.31537301731467
1,6.21565625803214,1,12.7191095211917,1,12.5716213339077,1,8.3773525650294,1,3.97844762077761
1,6.21565625803214,1,11.7149692958344,1,8.23657949462919,1,14.6603669888015,0,2.21024867820978
1,6.31015954265834,1,11.7514048215447,1,8.098333818172,1,14.4597291824316,1,3.50644988761752
1,6.13961469015406,1,13.5794011271184,1,19.7176823398971,1,14.704809338066,1,2.88766461333208
1,6.82179410017118,1,14.1016857858537,1,7.7462323478167,1,12.7441680929906,1,2.88766461333207
1,5.7985249851455,1,12.0125471509124,1,8.098333818172,1,16.6654505831415,1,2.88766461333207
1,4.77525587011983,1,12.5348318096477,1,6.68992793675079,1,12.4990879373561,1,3.71271164571267
1,6.12355412807809,1,11.6508762192951,1,14.4079117586863,1,21.6901933140959,1,3.78880771711184
1,6.30911637438348,1,12.2056798487854,1,7.64501440256824,1,12.3943961794834,1,3.60838830201127
1,6.12355412807809,1,13.8700907372561,1,8.23309243353502,1,11.066425160253,1,3.60838830201128
1,6.49467862068888,1,12.4830816635305,1,8.23309243353502,1,9.29579713461252,1,5.95384069831861
0,6.68024086699427,1,12.7604834782756,1,7.05693637160145,1,7.52516910897204,1,3.9692271322124
0,5.04521184213233,0,12.1050546190815,1,10.8207672368659,1,14.5964572227226,1,3.82583884659025
1,6.91380882069986,1,13.9673707143248,1,8.03828423310041,1,16.5283412669065,1,4.03838544917859
0,5.60579093570259,1,12.7258266508293,1,6.80162512031574,1,14.3818034400355,1,3.6132922440019
1,7.10066851855661,1,14.2777567301987,0,8.03828423310041,1,13.7378420919742,1,3.40074564141356
1,6.54008942498635,1,19.2439329841808,1,8.65661378949275,1,18.0309177457162,1,3.82583884659025
0,6.964633514784,1,15.6108862930713,1,8.23831643152996,1,22.563328060804,1,3.97764890825468
1,6.964633514784,1,13.1131444861799,1,8.51292697924763,1,22.0981048018183,1,3.61604446204971
1,6.41479402677474,1,11.8642735827342,1,8.7875375269653,1,24.1916094672537,1,9.40171560132924
1,7.33119317345685,1,16.5475394706556,1,9.61136917011829,1,22.7959396902968,0,3.07363779274225
1,6.96463351478401,1,13.4253622120413,1,9.06214807468296,1,12.7936396221053,1,3.43524223894722
1,6.13178914896836,1,14.4746181822497,1,10.2647751669634,0,8.55430742166818,1,4.12522829602605
1,5.62080671988767,1,10.3390129873212,1,8.74406773482066,1,22.7300168632897,1,2.82252462359677
1,6.64277157804906,1,15.0654189243823,1,10.6449520249991,1,20.7747465954799,1,3.69099373854962
1,7.83506391257069,1,17.7240222639792,1,9.88459830892771,1,14.4201182250978,1,3.69099373854962
1,5.7911341962479,1,13.883817440117,1,8.74406773482066,1,13.6868918746691,1,3.69099373854962
1,7.84099776567593,0,14.6939131452882,1,7.75820415841924,1,15.0404649607312,1,5.57009418047235
1,7.84099776567593,1,13.9592174880238,0,8.48553579827104,1,12.9253995756284,1,3.64937204927499
1,7.6741680259807,1,15.7959566311848,0,9.21286743812284,0,10.8103341905256,1,3.26522762303552
1,7.00684906719977,1,15.4286088025526,1,7.51576027846863,1,16.2155012857884,1,5.18594975423288
1,9.50929516262825,1,21.3061740606679,1,8.72797967822164,1,10.5753269255141,1,3.26522762303552
1,6.86484101352142,1,12.6332779880615,1,6.81676520117999,1,12.0620749558433,1,3.32817836315174
1,6.71228899099873,1,13.4396574341079,1,8.71031109039665,1,13.8490490233757,1,3.32817836315175
0,7.62760112613492,1,15.321209474883,1,7.95289273470999,1,10.9452161636356,1,3.13240316531929
1,6.40718494595333,1,12.6332779880615,0,7.57418355686666,1,20.550201776622,0,3.32817836315175
0,6.40718494595333,1,13.1708642854258,1,7.95289273470999,1,11.3919596805187,1,3.13240316531929
1,5.99767775433781,1,13.4020130655691,1,7.2512288850404,1,9.48919083589066,1,3.58237276208035
1,6.41131070291284,1,12.4447264180284,1,8.42078193101466,0,10.8447895267322,1,9.75201474121872
1,6.20449422862532,1,13.4020130655691,1,6.54949705745585,0,12.2003882175737,1,8.95593190520087
1,6.41131070291284,1,13.6413347274543,0,7.48513949423525,1,24.1748433200072,1,20.6981537364642
1,5.99767775433781,1,13.4020130655691,1,9.12251375859922,1,7.68172591476863,1,13.5334082123035
1,6.55820250339402,1,12.8315427708739,1,8.829298032778,1,12.7136292007896,1,3.20171099972103
1,6.55820250339402,1,13.442568617106,1,8.35203867965486,1,13.1676873865321,1,3.20171099972103
1,7.24134859749756,1,14.3591073864541,1,8.59066835621643,1,11.8055128293046,1,3.20171099972103
1,7.9244946916011,1,15.2756461558023,1,7.63614964997016,1,12.9406582936609,1,3.40181793720359
0,5.32853953400764,0,11.3039781552937,1,8.829298032778,1,12.2595710150471,1,3.60192487468616
1,7.08396477108318,1,13.4862771652582,1,8.8964084273666,1,14.5811194334249,0,3.53867139000338
1,6.55266741325194,1,12.4073749920375,1,7.86989976267045,1,13.5925689633622,1,3.34207853500319
1,5.84427093614362,1,11.0587472755117,1,8.8964084273666,1,10.3797799356584,1,3.93185710000375
1,9.20915420240813,1,17.2624347715305,1,7.86989976267046,1,15.0753946684562,1,3.53867139000338
1,6.19846917469778,1,13.4862771652582,1,8.8964084273666,0,11.3683304057211,1,2.94889282500282
1,6.77899886940481,1,11.2928267458608,1,12.5948943960162,1,17.112569324666,1,3.4669470838279
1,6.44831599772653,1,11.2928267458608,1,7.49696095000965,1,12.5636584915269,1,3.27433891250413
1,6.11763312604824,1,10.6824036785169,1,9.59611001601235,1,14.5131917057294,1,3.85216342647545
1,6.61365743356567,1,12.5136728805484,1,8.09671782601042,1,11.4805844836367,1,2.88912256985659
1,6.11763312604825,1,11.2928267458608,1,7.79683938801003,1,14.5131917057294,1,3.4669470838279
1,5.80155694800694,1,13.220798492414,1,6.94738884916578,1,21.9147130833261,1,3.40908310129642
1,6.16415425725737,1,13.9552872975481,1,7.84382612002588,1,20.1910839644128,1,3.78787011255158
1,6.70805022113302,0,12.2414800855685,1,8.74026339088598,1,23.1458767396927,1,3.40908310129642
1,6.5267515665078,1,12.7311392889912,1,8.0679354377409,1,22.8996440084194,1,3.21968959566885
1,6.34545291188259,1,11.9966504838571,1,9.18848202631603,1,26.3469022462459,1,4.35605062943432
1,6.48349328154076,1,11.7705276451598,1,6.5256728282759,1,24.7770123344737,1,5.83907341651117
1,6.48349328154076,1,12.2822897166885,1,5.37408350563898,1,11.5929140280565,0,5.65071620952695
1,6.79223105685222,0,14.8411000743319,0,5.37408350563898,1,15.4572187040753,1,5.08564458857425
1,6.02038661857356,1,11.2587655736311,0,7.29339904336719,0,13.6387223859488,1,2.82535810476347
0,6.94659994450795,0,14.0734569670389,1,7.67726215091283,1,13.8660344257146,1,3.95550134666886
1,6.28137726020302,1,13.7542454466895,1,7.58972198907641,1,15.3198579362172,1,3.87834104339729
1,7.56620442706273,0,14.2543998265691,1,8.50048862776558,1,12.4335078902632,1,4.26617514773702
1,6.42413583429854,1,13.5041682567497,1,6.9825442299503,1,13.0995886700987,1,6.39926272160554
1,6.56689440839406,1,13.5041682567497,1,6.07177759126113,0,11.5454001838158,1,6.20534566943567
1,5.28206724153436,1,12.5038594969905,1,6.67895535038724,1,12.6555348168751,1,4.65400925207676
1,6.10787840768882,1,13.2937762344365,1,8.14055719355705,1,15.414172750856,1,3.25946581431735
1,6.70376898404871,1,13.7602245233641,1,7.75291161291147,1,12.4233631126302,0,3.45119909751249
1,6.70376898404871,1,13.5270003789003,1,7.75291161291147,1,19.3252315085359,1,3.83466566390277
1,5.95890576359885,1,13.2937762344365,1,7.75291161291147,1,10.122740313995,0,3.06773253112221
1,6.40582369586877,1,14.4598969567555,1,8.14055719355705,1,17.7147955494913,1,2.68426596473194
1,7.74042829112144,0,11.0764968510983,1,7.69275197044134,1,17.9564532484106,1,3.27413909845051
1,7.45374576182064,1,12.4610589574856,1,8.01328330254306,1,8.162024203823,1,3.0815426808946
1,7.74042829112144,1,14.3994459064278,1,8.97487729884823,1,10.9604325022766,1,3.46673551600642
1,6.88038070321906,1,12.7379713787631,1,8.97487729884823,1,24.9524739945446,1,3.0815426808946
1,6.30701564461747,1,12.1841465362081,1,7.69275197044134,1,9.56122835304981,1,5.20010327400963
1,5.95623759808025,1,14.3525546837525,1,8.4758343264472,1,19.1298213774605,1,12.136390479164
1,7.08309335987922,1,11.42346189115,1,7.49785344262637,1,22.395888441905,0,4.57601608230774
1,5.47329941445212,1,11.7163711704102,1,6.51987255880554,1,15.3971733038097,1,3.58122997745823
1,6.43917578170838,1,14.0596454044923,1,5.86788530292498,1,13.2975587623811,1,4.17810164036793
0,5.63427880899483,1,11.7163711704102,1,6.51987255880554,1,15.6304638084129,1,7.56037439685626
1,6.30960149532094,1,12.3813255231245,1,7.89671700572316,1,11.2340407795322,1,2.80129995581071
1,6.47564363993465,1,14.7522176445738,1,7.89671700572316,1,12.5058189809887,1,3.15146245028705
0,7.13981221838948,0,13.4350553548797,1,8.3123336902349,1,11.6579668466844,1,3.32654369752522
1,5.14730648302498,1,12.3813255231245,1,7.89671700572316,1,9.75029954449965,1,3.32654369752522
1,6.14355935070723,1,10.8007307754916,1,7.48110032121141,0,21.1963033576079,1,18.558612207246
0,7.49598489595483,1,15.0550099295891,1,10.4000036851499,1,10.5844489356347,0,4.0834646439359
1,7.33981854395577,1,15.6231235118377,1,9.17647383983817,1,10.5844489356347,1,2.91676045995421
1,7.80831759995295,1,13.9187827650918,1,10.094121223822,1,13.6085772029589,1,7.58357719588095
1,7.02748583995766,1,13.6347259739675,1,10.7058861464779,1,10.1524306117312,1,2.91676045995421
1,7.02748583995766,1,15.907180302962,1,8.5647089171823,1,13.1765588790554,1,3.69456324927534
0,4.99949158928177,1,12.4732452157048,1,7.53532368389084,1,13.3253996234413,1,3.19416560422737
1,6.66598878570903,0,15.1460834762129,1,15.0706473677817,1,13.078632963748,1,3.40710997784253
1,5.49944074820995,1,12.1762631867594,1,8.16326732421508,1,10.1174330474277,1,3.40710997784254
1,5.8327401874954,1,11.879281157814,0,6.9073800435666,1,11.8447996652812,1,3.19416560422738
1,6.4993390660663,1,12.7702272446501,1,7.84929550405296,1,11.3512663458945,1,2.98122123061222
1,6.45263891770455,1,10.8646614405128,1,7.46685567688088,1,13.7461579274908,1,3.89487271155639
1,8.99973322732477,1,17.4779336216946,1,7.14220977788606,1,10.0183862861373,1,2.86990620851523
1,7.81108921616866,1,17.9503102060647,1,7.46685567688088,1,12.8142150171524,1,10.8646449322362
1,5.94322005578051,1,11.573226317068,1,6.81756387889124,1,13.9791436550753,1,3.68987941094816
1,6.45263891770455,1,14.1712975311037,1,6.1682720809016,1,9.55241483096815,0,4.09986601216463
1,8.10861148728536,1,15.5583978208064,1,8.43274119077584,1,15.306713638109,1,7.33352674020443
0,5.0877562273163,1,11.2111984296987,1,6.81106019254971,1,15.8169374260459,1,2.85192706563505
1,6.04171051993811,1,10.5247985258396,1,6.48672399290449,1,13.5209303803296,1,4.88901782680295
1,6.35969528414538,1,11.2111984296987,0,8.10840499113061,1,22.704958563195,1,9.9817447297227
0,5.88271813783447,1,11.6687983656048,1,8.10840499113061,0,17.6027206838253,1,4.68530875068616
1,4.91130455029771,1,12.651335435236,1,16.3721667564482,1,23.491298346243,1,3.22120360983561
1,6.48993815575055,1,12.3638050844352,1,8.18608337822412,1,5.40299861963589,1,6.84505767090067
1,6.13913068787214,1,10.0635622780286,1,7.0946055944609,1,15.269343925058,0,3.62385406106506
1,5.61291948605453,1,11.2136836812319,1,7.64034448634251,1,19.7326906108441,1,3.82517928667978
0,6.48993815575055,1,13.5139264876385,1,9.82330005386894,1,14.5646049746707,1,4.0265045122945
1,6.92157735335579,1,12.5563492178828,1,8.50430233708812,1,14.6917934462259,1,3.91234057179356
1,5.98622906236177,1,11.3717879709127,1,9.30158068119013,1,16.1201622534979,0,3.29460258677352
1,6.36036837875938,1,12.3194369684888,1,7.70702399298611,1,13.4674773257071,1,3.50051524844687
1,5.79915940416296,1,13.0301737166708,1,7.1755050969181,1,9.99858165090373,1,3.50051524844687
1,5.98622906236177,1,14.2147349636409,1,8.77006178512212,1,13.4674773257071,1,3.50051524844687
1,6.42075918209167,1,12.3965448169955,1,22.2097542915251,1,11.5039846291988,1,3.48610849505587
1,7.31253129071551,1,14.9264519225048,1,9.03447632197632,1,11.7252151028373,1,3.48610849505587
1,5.7073414951926,1,11.1315912642409,1,8.65803980856064,1,17.0347464701598,1,16.6102816529133
1,7.84759455588982,1,10.625609843139,1,7.90516678172928,1,12.8313674710295,1,3.28104328946435
1,6.06405033864213,1,11.3845819747918,1,7.90516678172928,1,11.061523681922,1,4.30636931742196
1,6.79329680020169,1,14.5599612392597,1,7.24357983085195,1,16.3568357058373,1,8.35588346304103
1,5.13639514161591,1,14.8199605471036,1,8.81827109842846,1,21.5103592843887,1,12.4366637589448
1,5.9648459709088,1,12.2199674686644,1,7.24357983085195,1,21.286293041843,1,12.2423408877113
1,5.46777547333307,1,13.2599647000401,1,8.50333284491315,1,18.8215643738401,1,7.96723772057401
1,7.29036729777742,1,12.4799667765083,1,7.24357983085194,1,11.4273783698315,1,5.44104039453835
1,7.08319573246427,1,13.0966304823053,1,8.23417153979899,1,11.0108210592406,1,2.1963688334434
0,6.37487615921784,1,12.44179895819,1,9.29664528686982,1,17.2044079050634,1,2.7953785152916
1,5.66655658597142,1,10.4773043858442,1,8.76540841333441,1,16.0574473780592,1,2.99504840924099
1,7.08319573246427,1,16.043372340824,1,7.43731622949586,1,13.5341342186499,1,3.99339787898799
1,7.96859519902231,0,16.3707881028816,1,7.17169779272815,1,12.3871736916456,1,4.19306777293739
1,5.38142684550415,0,8.78469627355628,1,7.50836636486877,1,15.6363519205623,1,4.08006264300059
1,6.39044437903617,1,11.2080607628132,1,7.11318918777041,1,17.4759227347461,1,6.52810022880095
1,6.55861396795818,1,16.6606308636412,1,6.3228348335737,1,12.6470493475136,1,6.32409709665092
1,6.72678355688018,1,15.4489486190128,1,6.71801201067206,1,17.7058690865191,1,4.69207203945069
1,6.05410520119216,1,11.5109813239703,1,8.29872071906549,1,10.3475858297839,1,6.73210336095099
1,9.07080223946503,1,15.71428130866,1,9.53800307986062,1,14.8286459691569,1,3.29582687930498
1,7.67529420262426,1,14.6179361010791,1,8.72045995872971,1,18.5358074614461,1,2.71421037119234
0,4.88427812894271,0,9.13621006317443,1,8.99297433244001,1,14.0342542208092,1,3.68357121804675
1,6.97754018420387,1,12.7906940884442,1,7.6304024638885,0,17.2118212142,1,2.52033820182146
0,5.5820321473631,1,11.3289004783363,0,9.26548870615031,1,20.3893882075907,1,9.11199196043143
1,5.5721057101236,1,10.6786671245673,1,6.15240899781587,1,12.0240493345977,1,3.13508933635136
1,5.10776356761331,1,14.3250412646635,1,7.91024014004898,1,12.0240493345977,1,3.13508933635136
1,5.4173249959535,1,11.9809436031731,1,7.91024014004898,1,9.79737353189444,1,2.9391462528294
1,5.57210571012361,1,13.2832200817789,1,7.03132456893242,1,12.0240493345977,1,2.9391462528294
1,6.50078999514421,1,15.1064071518269,1,7.91024014004898,1,11.1333790135164,1,3.13508933635136
1,7.07648301452949,1,13.5517862241679,1,5.86460227857612,0,14.5981948484724,1,3.46727561915515
1,8.30717571270853,1,15.0575402490754,1,10.7517708440562,1,15.2518453640757,1,2.88939634929596
1,5.69195372907807,1,10.5402781743528,1,7.81946970476815,1,11.3299422704562,1,3.08202277258235
0,7.99950253816377,0,15.3084992532267,1,11.7292045571522,0,15.6876123744778,1,3.27464919586875
1,5.84579031635045,1,12.2969912034116,1,7.16784722937081,0,10.676291754853,1,2.88939634929595
1,6.40199126702213,1,13.3994529831342,1,9.3694643914777,0,13.9209688419535,1,7.16139551121526
1,8.00248908377766,1,14.6401430741651,1,8.2883723463072,0,10.0995264147506,1,8.75281673592976
1,7.04219039372434,1,11.6624868556909,0,7.2072803011367,1,10.0995264147506,1,10.5431656137336
1,6.08189170367102,1,11.4143488374847,0,7.56764431619353,1,14.4668891886968,1,13.9249357162519
0,5.1215930136177,1,15.6326951469899,1,9.3694643914777,1,13.1020883218386,1,3.38177010251832
1,6.69355556118223,1,16.1029825517683,1,7.46342668241143,1,11.8504240658786,1,3.04140418743745
1,8.32171772471304,1,11.9915827513168,1,8.11242030696895,1,15.3516857217064,1,3.47589049992852
1,6.87446246824121,1,13.7046660015049,0,7.46342668241143,1,12.1197518855577,1,4.12761996866511
1,6.51264865412325,1,11.9915827513168,0,9.73490436836274,1,16.1596691807436,1,3.25864734368298
1,6.15083484000529,1,12.676816051392,1,10.3838979929203,1,14.0050466233111,1,3.47589049992852
1,6.73745981233903,1,13.430199771174,0,8.75086227030974,1,10.9132437048767,1,2.86779404431098
1,5.74665689875976,1,12.8197361452116,0,7.15979640298069,1,11.983169558296,1,5.92677435824268
1,6.34113864690732,1,13.430199771174,0,7.95532933664521,1,13.2670805823992,1,6.88270570634634
1,8.71906563949757,0,18.3139087788737,1,10.0767504930839,1,14.3370064358184,1,11.8535487164854
1,7.53010214320245,0,13.7354315841553,1,8.4856846257549,1,17.3327988253924,1,11.0888036380024
1,7.02609265641886,1,14.4270375188264,1,18.9493805576841,1,21.8717933706656,1,5.88899514106829
1,6.24541569459454,1,12.7297389871997,1,8.16783644727762,1,20.7443813412499,1,9.38558600607758
1,6.55768647932427,1,13.0126220758042,1,8.82126336305983,1,22.7737229941983,1,5.33690184659313
1,6.71382187168913,1,14.7099206074308,1,8.16783644727762,1,22.7737229941983,1,10.6738036931863
0,7.02609265641886,1,14.1441544302219,1,8.16783644727762,1,21.4208285588993,1,11.4099280858198
1,7.39268036593015,1,14.0413543949612,1,9.03324482639268,1,24.504393503039,1,11.8714744809793
1,7.22075756672247,0,11.4883808686047,1,8.21204075126607,1,18.323105051822,1,9.34148811618046
1,5.50152957464569,1,10.8501374870155,1,7.39083667613947,1,14.5701799207259,1,3.50305804356767
1,6.36114357068408,1,13.7222327041667,1,6.98023463857616,1,13.6871387134092,1,5.83843007261279
1,7.39268036593015,1,15.9560845397287,1,7.39083667613947,1,18.9853859573095,1,3.89228671507519
1,7.9349763759779,1,15.2267956874859,1,8.4083243271786,1,13.282284930669,1,3.51908359262531
1,6.92200066840626,1,13.2157094646104,1,7.31158637145965,1,14.5594277124641,1,3.70429851855296
1,7.2596592375968,0,12.066517337253,1,8.04274500860562,1,19.4125702832855,1,3.70429851855296
1,6.75317138381098,0,13.2157094646104,0,7.67716569003264,1,13.5377134870281,1,6.29730748154003
1,6.07785424542988,0,10.3427291462168,1,8.04274500860562,1,15.3257133815412,1,5.74166270375708
1,6.56050407526052,1,14.9158197680462,1,7.25051669436922,1,15.3054706605963,1,8.14293016505716
1,6.93539002241826,0,13.2272363980787,0,8.19623626319999,1,12.9507828666584,1,8.32799675971755
1,6.74794704883939,1,13.5086669597399,1,8.19623626319998,1,14.3635955430211,1,8.14293016505716
1,7.310275969576,0,16.6044031380137,0,7.88099640692306,1,10.5960950727205,1,3.14613210922663
1,6.74794704883939,1,12.1015141514337,0,8.19623626319999,1,23.3114091599851,1,6.47733081311364
1,6.72933538055244,1,15.2676623437141,1,10.4087112423557,1,13.6538187222772,1,3.48024044772257
1,7.6147742464146,1,14.5042792265284,1,8.97302693306529,1,11.733750464457,1,3.48024044772257
1,5.66680874151784,1,10.9418246796618,1,8.61410585574268,1,16.4272506502397,0,4.25362721388314
1,5.48972096834541,1,10.6873636405999,0,10.4087112423557,1,12.5871141345993,0,2.90020037310214
1,6.55224760738,1,13.2319740312189,1,9.33194801038791,1,16.0005688151686,1,9.66733457700713
1,5.5918771010654,1,10.9185074004745,1,6.59271771597127,1,13.0383621681701,1,3.02472758865673
1,7.79919700938069,1,13.8694553465487,1,6.27877877711549,1,15.8505579299322,0,3.21377306294778
1,7.06342370660892,1,15.0498345249784,1,8.16241241025014,0,13.8053246486507,1,2.64663664007464
1,6.18049574328281,1,14.4596449357635,1,8.47635134910592,1,10.2261664064079,1,4.34804590869405
1,5.15041311940234,0,14.4596449357635,1,9.10422922681747,0,16.6175204104128,1,3.78090948582092
1,7.01278370073803,1,13.3368013252772,1,19.4281736752791,1,12.6140280218495,1,11.4901532227472
1,6.31150533066423,1,11.3918511320076,1,7.71412778283142,1,13.4992229707513,1,5.3347139962755
1,6.48682492318268,1,11.6697011596176,1,8.28554465563375,0,11.2862355984969,1,8.82279622460948
1,5.25958777555352,1,11.1140011043977,1,7.1427109100291,1,11.9501318101732,1,5.3347139962755
1,6.66214451570113,0,11.6697011596176,1,8.28554465563375,0,11.286235598497,1,4.30880745853021
1,6.92851462927646,1,14.0564840689268,1,7.94927656847714,1,12.0070882244244,1,4.11485421268149
1,7.09750279096613,1,13.3871276846921,1,8.56075938143692,1,13.3122065096879,1,3.72296333528325
1,6.42155014420745,1,13.7218058768095,0,7.64353516199725,1,11.485040910319,1,3.33107245788501
1,6.42155014420745,1,14.0564840689268,1,8.25501797495703,1,11.7460645673717,1,2.54729070308854
1,6.25256198251778,1,12.3830931083402,0,9.1722421943967,1,14.8783484520041,0,3.52701789658414
1,7.69717329964692,1,15.3859259203631,1,7.58031505371191,1,15.6096041337687,1,3.27351787233301
1,6.32878693526524,1,12.3087407362904,1,8.16341621168975,1,13.0080034448073,1,3.46607774717613
1,7.01298011745608,1,13.4922734993953,1,6.41411273775624,1,14.190549212517,1,3.08095799748989
1,6.49983523081295,1,12.7821538415324,1,7.87186563270083,1,12.0619668306395,1,3.46607774717613
1,7.52612500409921,1,14.9125128151211,1,9.62116910663435,1,11.5889485235555,1,3.08095799748989
1,5.48152692238473,0,11.0654125944953,0,9.37222232343578,1,9.23406459137084,0,2.59899079405249
1,7.20429252656278,1,14.2620873440162,1,7.3220486901842,1,21.3841495800167,1,2.79891316282575
1,7.98736780118917,1,15.4915776322935,1,7.3220486901842,1,11.1780781895542,1,2.99883553159902
1,7.51752263641334,1,17.2128640358816,1,7.90781258539894,1,22.3561563791083,1,2.99883553159902
0,7.51752263641334,0,19.1800484971253,1,8.78645842822104,1,19.9261393813792,1,3.19875790037229
1,7.42313777829225,0,12.5738472724381,1,8.52816155197246,1,11.5407952495062,1,3.65318912975783
1,6.03129944486245,1,12.8471917783607,1,8.52816155197246,1,12.9256906794469,1,4.51276304264202
1,6.49524555600572,1,11.2071247428253,1,7.71595568987984,0,8.7710043896247,1,8.3808456506209
0,6.80454296343456,1,12.8471917783607,1,8.12205862092615,0,9.6942680095852,1,3.86808260797888
1,6.95919166714899,1,12.027158260593,0,7.30985275883353,1,11.5407952495062,1,3.22340217331573
1,6.51372674179794,0,13.0009648759344,1,7.98597293829096,1,13.7816051136766,1,2.84319964873567
0,7.75443659737849,0,15.6011578511213,1,7.34709510322768,1,24.7028770905524,1,3.65554240551728
1,6.82390420569308,1,15.0811192560839,1,7.66653402075932,1,9.62112055105724,1,2.64011395954026
1,7.44425913348336,1,11.9608876858597,1,7.02765618569605,1,13.7816051136766,1,3.04628533793107
1,6.66881547374551,1,14.5610806610466,1,7.98597293829096,0,17.1619988208048,1,3.45245671632188
1,7.03323076172694,1,13.9993396674575,1,8.26198185763335,1,11.589066203967,1,3.97069506482435
1,6.86577288644773,1,12.6268553863342,1,7.5108925978485,0,20.8130168561041,1,4.36776457130678
1,6.02848351005167,1,13.7248428112329,1,6.75980333806365,1,11.589066203967,1,3.77216031158313
1,6.36339926061009,0,12.3523585301096,1,9.0130711174182,1,12.062089314333,1,3.97069506482435
1,5.86102563477245,1,13.1758490987836,0,7.5108925978485,1,12.771623979882,1,3.77216031158313
1,7.01777888319837,1,16.9519026849388,1,8.26514597858349,1,15.8490349697933,1,6.3921351244311
1,6.86182824134952,1,15.5624024648619,1,7.85188867965431,1,10.3258864197138,1,3.6803202231573
1,7.01777888319838,0,15.2845024208465,0,8.26514597858349,1,16.5694456502385,1,4.4551244806641
1,7.17372952504723,1,13.0613020687234,0,7.85188867965431,1,12.0068446740859,1,3.0992170300272
1,6.86182824134952,1,13.8950022007695,1,8.26514597858348,1,14.6483505023848,0,3.2929180944039
1,8.23808362481126,1,13.19144252108,1,7.61103739389682,1,15.583518797502,1,4.1154180816083
1,6.44068356121608,1,12.8773605562924,0,7.61103739389682,1,13.1346801293231,1,3.13555663360632
1,6.29090022258315,1,12.5632785915047,0,7.61103739389682,1,12.2441933408944,1,2.93958434400593
1,7.63895027027954,1,12.5632785915047,1,8.03387280466886,1,21.8169263165028,1,3.33152892320671
1,5.39220019078556,1,13.8196064506552,1,8.03387280466886,1,11.3537065524657,1,3.7234735024075
1,6.2913718658188,1,11.1452092561211,0,8.08565240385054,1,16.6730880022111,1,6.33529903093522
1,5.46355977821106,1,10.6015405119201,0,7.70062133700051,1,15.7203401163705,1,3.80117941856113
1,5.79468461325416,1,11.4170436282216,1,7.31559027015049,1,21.6750144028744,1,10.5588317182254
1,7.11918395342653,1,11.9607123724227,1,7.70062133700051,1,23.3423232030955,1,17.9500139209831
1,7.28474637094808,1,13.8635529771263,0,7.31559027015049,1,14.0530313161493,0,3.37882614983211
0,6.308341299707,1,12.0553856644559,1,8.3455186086138,1,12.2696053063389,1,4.6070948606546
1,7.27885534581577,1,13.365753671462,1,8.3455186086138,1,12.9269055906071,1,3.20493555523798
1,6.14658895868887,1,11.5312384616535,1,10.0637136162696,1,12.2696053063389,0,3.60555249964273
1,6.63184598174326,1,12.5795328672584,1,14.7273857799067,1,12.9269055906071,1,3.8058609718451
1,7.4406076868339,0,13.1036800700608,1,8.83643146794402,1,10.9550047378026,1,4.20647791624985
1,5.89451600817188,1,15.242146004828,1,7.26922667105277,1,13.546106540395,1,2.95423756629167
1,5.89451600817188,1,14.2743907029341,1,7.72355333799357,1,18.7744283630036,0,2.32118665922916
1,6.2412522439467,1,15.242146004828,0,9.08653333881596,1,20.2003343146241,1,2.32118665922917
1,7.10809283338374,1,13.5485742265138,1,7.72355333799357,1,15.9226164597625,0,2.74322059727083
1,6.2412522439467,1,11.8550024481995,1,7.72355333799356,1,9.50603967747015,1,3.1652545353125
1,5.54496728720292,1,9.63165220720381,1,9.5242293661407,1,17.4539670722592,0,3.53732874523699
1,6.57181308112939,1,13.1340711916416,1,9.5242293661407,1,22.844162785751,1,11.4442988816491
1,6.57181308112939,1,13.7178076890478,1,9.5242293661407,1,23.1008387721078,1,10.1958299127419
1,7.18792055748527,1,15.4690171812667,1,8.63133286306502,1,21.5607828539672,1,3.74540690672152
1,5.54496728720292,1,13.1340711916416,1,8.03606852768122,1,22.3308108130375,1,10.1958299127419
1,7.02450441466759,1,15.1494615976682,1,8.24720589125744,1,15.6442236539014,0,2.19215321826215
1,8.9848312280632,1,23.1529507436062,0,7.47403033895206,1,17.1829997510065,1,3.78644646790735
1,6.69778327910166,1,13.434428209253,1,7.47403033895206,1,20.2605519452166,1,2.98929984308475
1,6.69778327910166,0,8.57516694207636,0,9.02038144356283,1,11.0278953625862,1,5.18145306134691
1,7.18786498245056,1,15.4353004957375,1,8.50493107535924,1,11.7972834111388,1,3.78644646790735
1,5.64763779076956,1,11.7640974754054,1,11.5962938771975,1,13.2035945609312,1,3.54546204771937
1,6.81038674769271,1,14.0657687205934,1,7.32397508033527,1,12.7053457095753,1,3.34849193395718
1,6.81038674769271,1,13.810027471128,1,8.84980322207178,1,13.7018434122871,1,3.54546204771937
1,6.31206576615422,1,12.5313212238014,1,8.54463759372448,0,13.4527189866091,1,3.54546204771937
1,6.81038674769271,1,15.0887337184547,1,7.93430633702988,1,13.2035945609312,1,3.93940227524374
1,6.13456060892548,1,12.9252033290565,0,8.51587968113965,1,24.1283407295512,1,18.1556381832074
1,5.75115057086763,1,12.9252033290565,0,8.79974233717764,0,16.1659882887993,1,2.86667971313801
1,7.85990578018577,1,12.9252033290565,1,7.66429171302569,0,11.8228869574801,1,7.26225527328297
1,6.3262656279544,1,12.3376940868266,1,9.08360499321563,1,12.0641703647756,0,2.48445575138628
1,7.47649574212792,1,12.6314487079415,1,8.79974233717764,1,16.1659882887993,1,3.24890367488975
1,5.06312729161677,1,12.317536578863,1,8.15347543006535,1,9.36701255480893,1,4.3704753733553
1,7.34970090718564,1,13.9972006577988,1,7.59116677971602,1,14.1647506926379,1,4.18837223279883
1,6.20641409940121,1,11.477704539395,1,7.87232110489068,1,15.0786055760339,1,3.82416595168589
1,5.87976072574851,1,13.4373126314869,1,7.02885812936668,1,15.3070692968829,1,4.00626909224236
1,6.36974078622755,1,13.4373126314869,1,7.87232110489068,0,12.5655046466949,1,4.18837223279883
1,6.12125445676689,1,12.1716828428532,1,8.60731136372501,1,11.0590777602146,1,3.69845586365853
1,6.78301169533629,0,15.2146035535666,1,14.460283091058,1,11.0590777602146,1,6.52668681822093
1,6.61757238569394,1,13.1079661384573,1,7.57443400007801,1,13.4288801374035,1,4.35112454548062
1,4.63230066998576,1,11.7035411950512,1,8.26301890917601,1,14.4821256383763,1,12.4007049546198
1,7.27932962426333,1,14.7464619057645,1,8.60731136372501,1,11.8490118859442,0,4.35112454548062
1,6.37131860529441,1,11.9832038494652,0,7.35565660458685,1,22.8180228746429,1,8.51494225091289
0,6.05275267502969,0,11.4839036890709,0,7.35565660458685,1,16.4289764697429,1,6.81195380073031
1,6.84916750069149,1,13.7307544108456,1,7.1020132733942,1,22.3616624171501,1,9.08260506764042
1,7.00845046582385,1,13.2314542504512,1,6.0874399486236,1,11.8653718948143,1,6.43351192291196
1,7.00845046582385,1,15.2286548920288,1,6.5947266110089,1,22.3616624171501,1,7.94727943418537
1,7.29098699211503,1,13.5268960596814,1,8.32472603779398,1,14.8620736070525,1,10.4407904428848
1,6.29026328731493,1,12.3756708631128,1,8.62203768200092,1,11.0184338810906,1,4.04846976356757
1,5.43250011177198,1,13.2390897605393,1,7.13547946096628,1,24.5992942461558,1,5.11385654345376
0,9.00651334320092,0,16.9805716493873,1,6.54085617255242,1,16.6557721458347,1,7.24463010322617
0,6.29026328731493,1,13.5268960596814,1,9.21666097041477,1,16.6557721458347,1,7.67078481518065
1,5.99595902544581,1,12.7378884453018,0,8.25081002954001,0,8.56146479571079,1,3.86949642619784
1,7.70909017557318,1,17.6915117295858,1,8.25081002954001,1,12.7198905536275,1,4.0844684498755
1,6.85252460050949,1,13.4455489144852,1,7.59074522717681,1,13.4537303932598,1,3.86949642619784
1,7.19515083053497,1,13.2096620914241,1,8.25081002954001,0,22.259808468848,1,14.8330696337584
1,7.02383771552223,1,15.3326434989744,1,8.58084243072161,0,9.5399179152206,1,3.22458035516487
1,7.22108288690047,1,16.7755816657704,1,7.85750804850228,1,18.0013000052221,1,10.5137990481913
1,7.3972068597517,1,15.7271078116598,0,6.98445159866869,1,9.81889091193931,1,7.00919936546088
1,7.74945480545416,0,14.4165154940215,0,6.98445159866869,1,16.8323844204674,1,6.45584152081923
1,7.3972068597517,1,17.0377001292981,1,10.1856585813918,1,11.6891558475468,1,4.42686275713319
1,7.74945480545416,1,17.5619370563534,0,7.56648923189108,1,11.4553727305959,1,3.87350491249154
1,7.07750439602948,1,13.1039250698983,1,7.3273115846245,1,13.6082379148219,1,4.55726123558046
1,7.07750439602948,1,14.5334441684327,1,9.23878417191785,0,9.82817182737135,1,5.34982840698576
1,6.61592802237539,1,15.0099505346108,1,7.64589034917339,0,13.6082379148219,1,4.35911944272914
1,7.07750439602948,1,11.4361527882749,1,6.69015405552672,1,13.8602423206519,1,5.54797019983709
0,5.84663406628522,0,9.05362095738431,1,8.60162664282007,0,11.3401982623516,1,3.96283585702649
1,6.86105383732784,1,10.094624397832,1,8.78889337334581,1,16.5879771280101,1,7.31864830545842
1,6.52636828428746,1,12.2198084815861,1,7.4868350958131,1,13.3565530121639,1,3.37783767944235
1,6.19168273124707,1,12.7511045025246,1,8.78889337334581,1,16.1571205792306,1,6.56801771002679
1,7.36308216688841,1,13.8136965444017,1,9.11440794272899,1,10.9868419938768,1,3.37783767944235
1,9.37119548513071,1,18.5953607328484,1,7.16132052642992,1,17.6651184999588,1,10.5088283360429
1,8.05390384297132,1,10.6113010903975,1,14.3773439749683,1,12.1120580081881,1,14.7792320344549
1,7.52864924451667,1,16.5801579537461,1,8.21562512855333,0,12.349549341682,1,4.03069964576042
1,6.82830977991047,1,9.61649161317274,1,8.21562512855334,1,11.8745666746943,1,5.95008042945586
1,6.30305518145582,1,8.9532852950229,1,10.7830079812263,1,12.349549341682,1,3.83876156739088
1,7.87881897681977,1,11.9377137266972,1,7.95888684328604,0,22.0866940149313,1,15.7389224263026
1,7.56933480453393,1,15.0520807698204,0,7.73358019818657,1,18.4507535169988,1,7.07461677280017
1,6.5131485527385,1,11.7798892981203,1,8.35226661404149,1,25.0403083444984,1,2.79261188400007
0,6.5131485527385,1,13.0887658868003,1,9.28029623782388,1,12.5201541722492,1,3.72348251200009
0,7.74536584649983,1,14.7248616226504,0,8.35226661404149,1,14.0577169653324,0,2.79261188400007
1,6.16108646880669,1,11.1254510037803,1,8.66160982196895,1,10.7629395515826,1,4.84052726560012
1,6.40475586914919,0,13.7114778062959,1,9.3120834642423,1,12.778147956509,1,3.7439037464822
1,6.55725005650989,1,15.915108168022,1,8.53607650888877,1,12.5370508252541,1,4.33504644329518
0,9.60713380372379,0,13.4666299883263,1,8.53607650888877,1,12.778147956509,1,12.6110441986769
0,6.55725005650989,1,14.9357168961437,0,9.57075244936014,1,14.948022137803,1,5.12323670571249
1,10.2171105531666,1,13.4666299883263,1,10.3467594047137,1,9.16169098768571,1,4.33504644329518
1,6.65441652102753,1,14.9399411771768,1,8.21402586377909,1,17.5053826890621,1,3.336266865844
1,7.30362788893266,1,16.5244803929379,1,7.33395166408847,1,13.5168144814277,1,3.336266865844
1,5.193690943241,1,11.0917745103282,1,15.5479775278676,1,12.4088788681959,1,3.55868465690027
1,6.32981083707497,1,13.5817647065243,1,7.62730973065201,1,20.8291895287574,1,4.0035202390128
0,6.9790222049801,1,14.2608529418505,1,7.33395166408847,1,20.607602406111,1,6.89495152274427
1,7.10668399663389,1,13.6487344875587,1,7.81654060238468,1,23.0038664701522,1,4.28449701941395
1,6.78365290587781,1,12.1322084333855,0,7.54700471954383,1,22.5391418949976,1,3.72564958209909
1,5.65304408823151,1,11.8289032225508,1,8.08607648522553,1,24.1656779080387,1,3.72564958209909
1,6.78365290587781,1,12.1322084333855,1,7.27746883670298,1,14.174099542215,1,9.12784147614277
1,6.62213736049977,1,12.1322084333855,1,9.16422001658893,1,23.7009533328841,1,3.35308462388918
1,4.94161562086397,1,8.80218961019015,1,7.30224377775331,1,18.1289755898287,0,3.91585368766877
1,6.79472147868796,1,12.2094888141347,1,7.03179030450319,1,20.2936293915992,1,3.91585368766877
1,6.94914696683996,1,13.3452552154496,1,8.3840576707538,1,16.5054852385007,1,3.70975612515989
1,6.64029599053596,1,12.2094888141347,1,8.65451114400393,1,20.2936293915992,0,3.29756100014212
1,7.56684891944796,1,14.4810216167644,1,6.49088335800294,1,16.5054852385007,1,3.29756100014212
1,7.17838049562081,1,15.5396047540036,0,7.44917566455096,0,15.5577138013244,1,10.3083974164005
1,7.78930649524811,1,12.9496706283363,1,8.93901079746115,1,22.7381970942434,1,10.9031126519621
1,7.48384349543446,1,13.8914648558517,1,8.69070494197612,1,22.9775465373407,1,11.8943047112314
1,5.65106549655255,1,13.420567742094,1,7.94578737552102,1,20.823401549465,1,3.37005300151556
1,6.41472299608668,1,15.0687076402459,1,6.2076463871258,1,11.4887732686703,1,6.74010600303112
1,8.16124199741103,1,20.3258567619263,1,8.57934454331246,1,13.5915470514668,0,3.70875363532157
0,7.10330321996886,1,13.5505711746175,0,7.83331458302441,0,13.0786584834869,1,3.70875363532157
1,7.25443733103203,1,14.1397264430792,1,11.5634643844646,1,16.925322743336,1,3.09062802943464
1,6.80103499784253,1,14.43430407731,1,7.83331458302442,1,15.3866570393964,0,4.94500484709543
1,7.10330321996886,1,14.43430407731,1,10.0714044638885,1,12.3093256315171,0,3.29666989806362
1,5.78175656329327,1,11.8167215276695,1,8.18934729642458,1,23.6195140963989,1,19.8034101418834
1,6.99896847135501,1,12.7748340839671,1,12.5989958406532,1,23.1696185898009,1,3.83943666016107
1,6.69466549433957,1,14.6910591965621,1,10.3941715685389,1,23.844461849698,1,3.233209819083
1,6.23821102881642,1,13.7329466402646,1,8.50432219244091,1,23.844461849698,1,4.04151227385375
1,6.69466549433958,1,14.0523174923638,1,8.18934729642458,1,21.5949843167076,1,3.233209819083
1,5.23459110043363,1,14.3032404621434,1,7.00055777635667,1,9.56191663300358,1,3.86828885198669
1,6.13194957479368,1,12.5868516066862,1,9.13116231698697,1,15.7088630399345,1,4.06170329458603
1,7.32842754060708,1,14.8753700806291,1,9.43553439421987,1,13.4322162225527,1,4.06170329458602
0,6.73018855770038,1,14.5893052713863,1,8.21804608528827,1,17.9855098573163,1,3.48145996678802
1,6.28150932052035,1,14.3032404621434,1,8.82679023975407,1,16.391857085149,1,3.28804552418869
1,6.84033198364835,1,14.502301100353,1,8.86800588362504,1,13.1776539511074,0,4.34378809048384
1,6.99940947164017,1,14.2478747652591,1,7.60114790025003,1,9.94103719118629,1,4.52477926092066
1,6.84033198364835,1,12.4668904196017,1,8.55129138778129,1,14.3335885082221,1,4.34378809048383
1,6.68125449565653,1,13.2301694248835,1,6.96771890856253,1,13.8712146853762,1,5.79171745397845
1,5.09047961573831,1,10.6859060739443,1,9.81814937115629,1,12.4840932168386,1,6.69667330616258
1,7.31021724695693,1,17.0893480958718,1,8.78462900520421,1,19.2540518711238,0,3.77129339849013
0,5.08536851962221,1,12.3981545009266,1,7.73047352457971,1,12.2525784634424,0,3.77129339849013
0,6.03887511705138,1,14.7437512983992,1,7.73047352457971,1,19.2540518711238,1,3.37431514601749
1,6.19779288328957,1,14.0735807848356,1,8.43324384499604,1,21.4420123110242,1,3.96978252472645
1,5.08536851962221,1,11.727983987363,1,7.73047352457971,0,12.2525784634424,0,3.96978252472645
1,7.85861646642362,1,18.2181870332865,1,8.37661089383876,1,8.58959946096591,1,4.00900469471964
1,6.25117218920061,1,12.8202056900905,1,9.98749760419237,1,8.82175079774878,1,4.00900469471963
1,6.78698694827495,1,13.49495335799,1,8.37661089383876,1,12.0718695127089,1,3.3408372455997
1,7.32280170734928,1,14.844448693789,1,7.73225620969732,0,7.66099411383446,1,2.89539227951974
1,5.89396234981772,1,12.145458022191,1,9.34314292005093,1,13.0004748598403,1,2.89539227951973
1,7.09532193040259,1,13.2214530432812,1,7.63308578035399,0,15.5918644931463,1,5.50720769844062
1,6.7653069568955,1,14.323240796888,1,8.39639435838938,1,11.6357197710047,1,5.12740027096196
1,6.60029947014195,1,14.323240796888,1,9.15970293642478,1,12.333862957265,1,4.36778541600463
1,6.4352919833884,0,11.5687714128711,0,5.72481433526549,1,14.1955781206257,1,3.6081705610473
1,5.94026952312775,1,12.3951122280761,1,7.63308578035399,1,16.5227220748267,1,7.59614854957327
1,6.01496267822646,1,12.4663256158801,1,8.93002319723229,1,20.2312507344672,1,3.71187663358457
1,6.66522891371041,1,12.4663256158801,1,7.60705679764232,1,12.7898711539735,1,12.3729221119486
0,8.61602762016223,1,14.7102642267385,1,8.5992815973348,1,16.0454747204395,1,3.71187663358457
1,5.85239611935548,1,12.7156521281977,1,9.26076479712978,1,12.3247849301927,1,7.8361840042341
1,6.66522891371041,1,15.2089172513737,1,8.93002319723229,1,10.9295262588501,1,4.12430737064953
1,9.50850915322729,1,23.2327150784083,0,8.54123254037437,1,10.1159724950514,1,2.61044019885174
1,5.96055797664994,1,13.0684022316047,1,8.28240731187817,1,14.9440502767804,1,4.13319698151526
1,6.9539843060916,1,12.7779932931246,1,9.05888299736675,1,11.7253317556277,1,3.48058693180232
1,6.9539843060916,1,15.9724916164057,1,8.28240731187817,1,10.345880960848,1,3.69812361503997
1,6.52823016490232,1,14.8108558624853,1,8.28240731187818,1,10.5757894266446,1,3.26305024856468
1,6.10381361894475,0,11.2884793996724,1,8.78689249662689,1,20.876435098572,1,10.0491412470274
1,7.42355710412199,1,14.5561971206302,1,9.76321388514099,1,11.8088925810104,1,3.01474237410821
1,6.43374949023906,1,13.367936131191,1,8.13601157095082,1,11.3871464174029,1,3.4167080239893
1,6.43374949023906,1,14.5561971206302,1,8.13601157095082,0,14.3393695626555,1,3.8186736738704
1,6.43374949023906,1,12.7738056364714,1,8.13601157095082,1,12.2306387446179,1,3.21572519904875
1,8.44273515992054,1,13.1971616584952,1,9.15408469444667,1,9.7985482755674,1,3.72669811689041
1,6.69596236821284,1,12.6233720211693,1,7.91704622222415,1,10.731743349431,1,9.41481629530208
1,6.69596236821284,1,11.1888979278547,1,8.90667700000217,1,9.09865197016973,1,3.53055611073828
1,6.84152676752181,1,11.4757927465176,1,8.41186161111316,1,10.9650421178969,1,3.13827209843402
1,6.11370477097694,1,11.4757927465176,1,8.90667700000217,1,7.69885935937439,1,3.13827209843403
1,6.35335375063251,1,14.1876183955827,1,8.56774835851767,1,10.7896234463863,1,5.29354488616053
1,5.71801837556926,1,11.5424692031859,1,7.97686916137852,1,14.4626867472837,1,3.59204831560893
1,5.87685221933507,1,13.4662140703836,1,11.5221443442134,1,12.626155096835,1,3.4029931411032
1,6.67102143816413,1,10.8210648779868,1,8.86318795708725,1,12.626155096835,1,3.4029931411032
0,5.24151684427182,1,10.5805967695871,1,7.97686916137852,1,10.7896234463863,1,3.4029931411032
1,6.97854148589568,1,14.6507436577112,1,6.95298421623318,1,12.6476142157437,1,3.58180325258417
1,6.97854148589568,1,15.1391017796349,1,9.27064562164424,1,9.71156091566032,1,3.78079232217219
1,7.13714470148422,1,14.8949227186731,1,8.98093794596786,1,10.1632614233654,1,4.1787704613482
1,5.70971576118738,1,11.720594926169,1,6.95298421623318,1,18.0680203082052,1,3.58180325258417
1,7.13714470148422,1,14.1623855357875,1,8.4015225946151,1,16.0353680235321,1,3.78079232217218
0,6.39204056753928,1,13.1698695363608,1,8.20768121817374,1,11.4673356522993,1,3.57591925720085
1,6.22814209144853,1,12.3109650013808,1,9.00197294896476,1,12.6374719433502,1,3.57591925720085
1,6.39204056753928,1,12.8835680247008,1,7.94291730791008,1,12.8714992015604,1,3.57591925720085
0,6.22814209144854,0,14.3150755830009,1,7.14862557711907,1,12.40344468514,1,2.78127053337844
1,5.73644666317628,1,12.0246634897207,1,8.20768121817374,1,12.40344468514,1,3.57591925720085
1,9.05255879026232,1,14.9527425706784,0,7.83498510549631,1,15.015308211638,1,4.06020409435016
1,6.24314399328436,1,11.5543919864333,0,7.25461583842251,1,12.6889928549054,0,4.24475882591153
0,6.55530119294858,0,11.8942270448578,0,6.96443120488561,1,11.2086103551664,1,3.69109463122742
0,6.71137979278069,1,13.5934023369804,1,5.2233234036642,1,12.0545432121601,1,3.32198516810467
1,8.11608719126967,1,17.33158797965,1,6.96443120488561,1,12.0545432121601,1,3.32198516810467
1,6.8762632384883,1,14.5739421654844,1,7.27904417894262,1,12.8660384772979,1,3.44145551722513
1,5.15719742886622,1,11.065400533053,1,7.27904417894262,1,13.113462294169,1,4.08672842670483
0,5.92122667758715,0,12.4148396224497,1,7.27904417894262,1,13.6083099279112,1,3.01127357757198
0,8.7863363602906,1,19.4319228873126,1,5.8232353431541,1,12.8660384772979,1,8.60363879306281
1,5.73021936540692,0,13.2245030760877,0,8.24958340280164,1,12.1237670266846,1,3.01127357757198
1,7.06431452915532,1,18.4312043444063,1,8.532737459541,1,12.251532695307,1,4.06962355032615
1,6.55972063421566,1,13.5523561355929,1,7.22000861961162,1,25.4277093676182,1,20.1543261539962
1,7.06431452915532,1,14.9075917491522,1,8.532737459541,1,21.4979724653499,1,4.84478994086446
1,5.8869287742961,1,11.1129320311862,1,7.87637303957631,1,22.4226164423542,0,4.26341514796073
1,5.8869287742961,1,11.1129320311862,1,7.22000861961162,1,13.8696596550645,0,5.81374792903735
1,7.89277447897013,1,14.7122863481255,1,8.65301653274774,1,23.1177509537808,1,3.76399672576976
1,9.67981775722752,1,26.5853595413496,1,10.6720537237222,1,22.2021964605618,1,10.8957799956493
1,7.29709338621767,1,14.1960657745071,1,7.21084711062311,1,22.6599737071713,1,5.74504763406963
1,6.99925283984144,1,14.1960657745071,0,8.94145041717266,1,14.8777605148094,1,8.32041381485947
1,7.74385420578202,1,17.551499503027,1,9.51831818602251,1,15.335537761419,1,4.16020690742973
1,7.27807090606934,1,14.377906915742,1,9.04901974087141,1,17.1565435728347,1,4.11814095890007
1,7.79793311364572,1,15.4429370576488,1,15.6301250069597,1,24.0191610019686,1,14.9037482322098
0,6.23834649091658,0,11.4490740254983,1,9.87165789913244,1,23.2838805631328,1,3.52983510762863
1,6.93149610101842,1,13.5791343093119,1,8.77480702145106,1,22.0584131650732,1,3.33373315720482
0,6.23834649091658,1,12.5141041674051,1,9.04901974087141,1,25.4897218796401,1,3.72593705805244
1,7.35815986531223,1,12.7139575556327,1,8.87663619897378,1,23.7992263702558,1,3.41206202308887
1,6.00270936380735,1,12.9734260771762,1,13.3149542984607,1,19.1929244921418,1,3.6127715538588
1,6.77725250752443,1,13.2328945987198,1,7.76705667410206,1,11.5157546952851,1,5.01773826924834
0,6.58361672159516,1,12.1950205125457,1,7.48966179288413,1,12.539377334866,1,3.010642961549
1,6.19634514973662,1,13.7518316418068,1,7.76705667410206,1,22.7756037306749,1,3.81348108462874
0,7.27452488673495,1,13.1262813881567,1,7.47920195604223,1,11.672885289132,0,3.46166350254294
1,5.88890109878544,1,15.2264864102617,1,8.07753811252561,1,10.5920625771753,1,3.25803623768747
1,5.71569812529175,1,19.4268964544719,1,8.07753811252561,1,12.1052143739147,1,16.2901811884374
1,7.10132191324126,1,14.9639607824986,1,8.07753811252561,1,12.96987254348,1,2.85078170797653
1,6.5817129927602,1,14.1763838992092,0,7.18003387780055,1,13.8345307130453,1,4.07254529710934
1,6.42312593518545,1,12.4226853955536,1,7.64275892504342,1,16.2430796806787,1,3.8109800182093
1,8.5641679135806,0,18.093911337002,1,7.8975175558782,1,21.6574395742383,1,13.6392969072754
1,6.95838642978424,1,14.5831524208673,1,7.8975175558782,1,17.5322129886691,1,3.61040212251407
1,7.49364692438303,1,16.4735610680167,1,8.15227618671298,1,13.1491597415018,1,4.01155791390453
0,6.06628560545292,1,13.5029189082104,1,8.15227618671298,1,15.2117730342864,1,4.01155791390453
1,7.11388233588108,1,13.6694002849628,1,6.97383313517764,1,11.0279023082339,1,5.33775041805334
0,5.62493021906876,1,12.5060470692213,1,7.6712164486954,1,10.5377733167568,1,5.1324523250513
0,5.62493021906876,1,12.2152087652859,1,5.92775816490099,1,14.9489342400503,1,6.56953897606565
0,6.28668671542979,0,11.3426938534798,1,6.97383313517763,1,12.008160291188,1,4.31125995304309
1,6.94844321179082,0,13.6694002849628,1,7.32252479193652,1,19.6051596590824,1,8.41722181308412
1,8.20303415837702,1,13.6110742177348,1,7.64370356727868,1,24.270473497476,1,3.4149995472296
1,6.86071947791532,1,16.1316435173153,1,7.94945170996984,1,20.3409682645513,0,3.20156207552775
1,7.30815770473589,1,12.6028464979026,1,7.94945170996983,1,20.1098208979087,1,3.4149995472296
1,8.05388808277016,1,13.3590172877768,1,11.6184294222636,1,23.5770313975481,1,2.9881246038259
1,6.56242732670161,1,12.6028464979026,1,7.03220728189639,1,12.4819577987019,1,3.20156207552775
1,6.82660646137328,1,10.0230021322264,1,8.23185234484566,1,12.5999851516,1,3.330693221386
1,7.15168295953391,1,15.8697533760252,1,8.54846205041665,1,9.63528276298824,1,3.53886154772262
1,7.15168295953391,1,15.0345031983396,0,7.59863293370368,1,10.3764583601412,1,3.53886154772263
1,6.9891447104536,1,15.3129199242348,1,6.96541352256171,1,22.9764435117412,1,4.1633665267325
1,6.66406821229296,1,14.4776697465493,1,7.91524263927467,1,12.3529266192157,1,3.53886154772263
1,6.60615831172392,1,15.6267749649847,1,7.4622295654624,1,9.61477059080482,1,7.21821519401218
1,6.60615831172392,1,12.6216259332569,1,8.64047633895647,1,12.2588325032761,1,3.90173794270929
1,6.79490569205889,1,12.6216259332569,1,6.67673171646636,1,19.7102797111499,0,8.38873657682496
1,7.54989521339877,1,13.823685545948,1,7.4622295654624,1,12.2588325032761,1,4.29191173698021
1,7.3611478330638,1,10.8185365142202,1,7.85497848996042,1,16.5854792691383,1,3.90173794270928
1,6.61977506529045,0,12.497195211292,0,8.16858780572998,1,25.9220364397065,1,10.6829522533619
1,6.61977506529045,1,14.021243407791,1,7.71477737207832,1,13.9933117063902,0,3.35151443242727
1,6.12329193539366,0,11.2779566540928,0,7.94168258890415,1,27.0690292025254,1,18.6427990303767
1,6.12329193539366,1,12.497195211292,1,18.3793225628925,1,11.0111305230612,1,4.18939304053409
0,5.1303256756001,1,15.8501012435899,1,7.03406172160082,1,16.0578986794642,1,3.14204478040057
1,7.95841203615579,1,16.5906955979782,1,7.64907724138025,1,23.6352886527006,0,6.58037340908164
1,7.11177245784135,1,14.3994716510754,1,7.26662337931124,1,13.1554908538617,1,3.19048407713049
1,6.77311662651557,1,13.1473436814167,1,8.03153110344926,1,9.81087453508328,0,2.99107882230984
1,7.45042828916712,1,15.3385676283195,1,8.03153110344926,1,22.5204165464412,1,11.565504779598
1,6.94244454217846,1,14.0864396586607,1,6.88416951724223,1,16.723081593892,1,3.38988933195115
0,6.87017865407399,1,13.4968269105413,1,8.89745470315147,1,13.7456000121049,1,3.40355360674969
1,10.4860621562182,1,17.0177382785086,1,11.8632729375353,0,12.3710400108944,1,4.40459878520548
0,5.78541360343073,1,15.8441011558528,0,7.41454558595956,0,12.0961280106523,1,6.00627107073476
1,7.41256117939562,1,14.963873313861,1,6.52480011564441,1,12.0961280106523,1,4.60480782089664
1,9.03970875536051,0,15.5506918751889,1,8.60087287971309,1,13.4706880118628,1,3.60376264244085
1,4.82520289039827,1,13.0120665813631,1,8.20219673286016,1,15.9339393456551,1,5.13111819088245
0,6.15629334292193,0,14.2224913796294,1,7.96095565248192,1,13.1518229519693,1,3.28391564216476
0,7.65377010201105,0,13.9198851800628,1,7.96095565248191,1,11.887224591203,0,2.87342618689417
1,6.32267964948739,1,14.525097579196,1,8.4434378132384,0,9.1051081975172,1,3.28391564216476
0,6.32267964948739,0,14.8277037787626,0,5.30730376832128,0,13.6576622962758,1,7.79929965014132
1,6.02683269225411,1,12.3117998409468,1,9.50390648334677,1,10.790959142418,0,3.18836391069503
1,6.86389278840051,1,12.9273898329941,1,8.14620555715437,1,13.243449856604,1,3.38763665511347
1,6.69648076917123,1,13.5429798250414,1,7.60312518667742,1,11.7719554280924,1,3.38763665511348
1,6.86389278840051,1,15.6975447972071,1,8.68928592763134,1,8.09321935681354,1,2.78981842185815
0,6.69648076917123,0,18.1599047653965,1,11.4046877800161,1,12.2624535709296,1,3.38763665511347
1,6.06773443167111,0,12.6177258430584,1,9.72212046860376,1,18.2437260759773,1,8.24385984138532
1,6.74192714630123,1,14.019695381176,1,8.0207493865981,1,23.1228621195526,1,4.0213950445782
1,6.40483078898617,1,13.085049022431,1,7.53464336316791,1,15.273817179888,1,11.259906124819
1,8.7645052901916,1,23.3661589686267,0,6.31937830459244,1,13.364590032402,1,8.44492959361422
1,6.74192714630123,1,14.7206801502348,1,9.23601444517357,1,21.8500440212286,1,6.83637157578294
1,6.70327501955428,1,10.9040368218241,1,8.02203028613374,1,20.9594903069211,1,4.80734071011613
1,7.04703271286475,1,13.1757111597042,1,8.57527375414296,1,18.2838106932716,1,3.80581139550861
1,10.4846096459695,1,25.2155851504683,1,8.02203028613373,1,16.054077681897,1,5.60856416180216
1,6.70327501955428,1,14.9930506300082,1,8.02203028613374,1,13.3783980682475,1,3.20489380674409
1,7.04703271286475,1,11.8127065569762,1,7.46878681812451,1,16.500024284172,1,3.40519966966559
1,5.62478531474206,1,11.3907551377723,1,7.77604893698046,1,12.2114223569525,1,3.11538926173449
1,6.71345344017601,1,14.3740481500461,1,8.64005437442274,1,17.4790947462261,1,4.08894840602651
1,6.53200875260368,1,14.9164650613686,1,9.21605799938425,1,12.6903016650683,1,3.8942365771681
1,7.07634281532066,1,15.458881972691,1,9.50405981186501,1,12.2114223569525,1,4.08894840602651
1,6.71345344017601,1,14.9164650613686,1,10.3680652493073,1,13.1691809731841,1,3.5048129194513
1,6.62033124929282,1,11.8964690483722,1,16.928921403929,1,13.2485672479562,1,4.16869389809317
1,7.2823643742221,1,13.5564414737264,1,7.75908897680081,1,15.9896501268437,1,5.55825853079089
1,7.11685609298978,1,13.279779402834,1,8.46446070196452,1,10.2790607958281,1,4.76422159782076
1,6.28931468682818,1,12.7264552610493,0,9.52251828971008,1,10.7359079423094,1,2.97763849863798
1,7.77888921791907,1,13.5564414737264,1,9.52251828971008,0,9.59379007610624,1,3.17614773188051
1,6.2862334903521,1,14.6319184435258,1,8.12145924871931,0,14.5008740569475,1,10.932714734896
1,6.44338932761091,1,14.8979533243172,0,7.00125797303388,1,12.2699703558787,1,3.83604025785825
0,5.65761014131689,1,11.7055347548207,0,7.84140892979795,1,10.7083377651305,0,4.02784227075117
0,7.38632435116372,1,16.2281277282741,1,8.96161020548337,1,15.6163259074819,1,7.4802785028236
0,8.95788272375175,1,19.686581178562,0,8.96161020548337,1,21.4166755302609,1,10.3573086962173
1,5.51986398653833,1,12.4501143294222,1,7.61150427647415,1,15.3567175280751,1,6.72311047492517
1,6.93925758307676,1,15.323217636212,1,8.81332074118059,1,11.1685218386001,1,10.4801427991481
1,6.623836783846,1,15.0837923606461,1,8.41271525294511,0,13.0299421450334,1,7.71180319182593
1,6.623836783846,1,13.6472407072513,1,8.01210976470963,0,10.9358443002959,1,4.35024795436335
1,6.623836783846,1,8.37988464480342,1,8.41271525294511,1,10.9358443002959,1,2.76833960732213
1,7.70020489956375,1,13.1951920876863,1,6.44596886192194,1,13.4685367494052,1,3.77737776791386
1,6.27424102927416,1,13.4395474967176,1,7.25171496966218,1,11.5094768585826,1,4.97023390514982
1,6.84462657739,1,11.9734150425302,1,8.05746107740243,1,13.713419235758,1,3.77737776791387
1,5.56125909412937,1,11.729059633499,1,8.46033413127255,1,13.713419235758,1,2.5845216306779
1,6.70203019036104,1,13.6839029057488,1,6.04309580805182,1,11.0197118858769,1,3.97618712411986
1,6.86529749350675,1,10.3665257489609,1,7.96484530979646,1,12.9181140777696,1,3.45958868892905
1,8.33643267068677,1,18.2199543466585,1,9.67159787618141,1,16.5782463998043,1,10.582271283783
0,7.19221642176898,1,11.9372114685004,1,10.5249741593739,1,13.7793216829542,1,7.93670346283723
1,6.2114596369823,1,11.9372114685004,1,9.10268035405309,1,22.6066996360968,1,6.51216694386645
1,6.04800017285118,1,12.8796229002241,1,10.2405153983097,1,12.0569064725849,1,4.27360955691235
1,6.10151258056109,1,13.5707453653279,1,8.15610279853485,1,11.6340703196718,1,6.3796961950402
1,5.93202611998994,1,12.4850857361017,1,10.1951284981686,1,12.1628916978387,1,3.28651016108132
1,7.7963771862725,1,18.456213696846,1,9.02997095552072,1,15.33581996684,1,4.25313079669346
1,6.94894488341679,1,15.4706497164738,0,8.73868156985877,1,8.19673136158692,1,3.28651016108132
1,6.10151258056109,1,11.9422559214886,1,10.1951284981686,1,14.0137665214228,1,7.34631683065235
1,5.7881757106612,1,9.6525719845849,1,8.4886154098463,1,11.122826711005,1,6.98003577210218
1,7.0951831291976,1,14.1772151023591,1,7.75047493942488,0,14.7547701268434,1,8.62239713024386
1,6.9084677836924,1,12.970643604286,1,7.75047493942488,1,12.7118019554343,1,3.6953130558188
1,5.4147450196508,1,9.04928623554835,1,8.11954517463559,1,13.8467842728838,0,3.90060822558651
1,6.7217524381872,1,12.6690007297677,1,8.4886154098463,1,14.0737807363737,1,3.6953130558188
1,6.42862293981162,1,12.0320046109594,1,9.35550196171987,1,22.4832086302524,1,8.59146671012448
1,6.13641280618382,1,13.7108889752793,1,8.06508789803437,0,11.7873132624624,1,13.9861085978771
1,6.72083307343942,1,13.4310749145594,1,6.77467383434887,1,13.7518654728728,1,3.39662637377014
1,6.28251787299772,1,14.8301452181593,1,9.35550196171987,1,18.3358206304971,1,4.39563413076136
1,5.55199253892821,1,16.7888436431992,0,7.41988086619162,0,12.6604475782004,1,4.19583257936312
0,10.5360050152398,1,27.9442324499281,1,7.76594610156335,1,21.2731740489992,1,5.7886455947486
1,7.85735967238226,1,15.0070877971836,1,7.46725586688784,1,21.0394029056036,1,7.44254433610534
1,6.42874882285821,1,14.230859118019,1,6.86987539753681,1,12.6236417433622,1,4.34148419606145
1,6.0715961104772,1,13.9721162249641,1,7.16856563221232,1,16.5977511810873,1,6.20212028008778
1,7.32163060381074,1,14.4896020110738,1,7.46725586688784,1,16.1302088942961,1,3.30779748271349
1,6.7257273799845,1,13.8075375423301,0,6.54071001853662,0,12.4592410027413,1,3.73924807636413
1,7.35137643858771,1,16.0618293859759,1,7.91770160138643,1,14.4934027991072,1,3.54244554602918
1,6.25649058603209,1,15.2164699446087,1,8.60619739281134,1,12.7135112272871,1,2.95203795502431
1,5.63084152742888,1,11.8350321791401,1,7.57345370567398,1,16.2732943709274,1,3.54244554602917
1,7.50778870323851,1,16.0618293859759,1,8.9504452885238,1,10.6793494309211,1,4.13285313703404
1,6.70787159353954,1,13.6826897220131,1,6.38466012399366,1,22.8330274723296,0,3.43784271632382
1,6.70787159353954,1,13.1759234360126,1,7.39276435409793,1,24.659669670116,1,2.83116458991373
1,7.29974261649891,1,16.2165211520155,1,14.7855287081959,1,25.5729907690092,1,3.23561667418712
1,5.91871022959371,1,15.2029885800145,1,7.39276435409793,1,11.8731742856114,1,2.83116458991373
1,7.49703295748537,1,14.4428391510138,1,7.39276435409793,1,20.0930641756501,1,3.43784271632382
1,6.45381652650206,1,12.0269131891184,1,9.35863465161797,1,13.6600221622641,1,3.13869806420714
1,7.58323441863992,1,17.5392484007977,1,8.15106889011888,1,11.3483261040348,1,3.55719113943476
1,5.48574404752675,1,11.7763524976785,1,9.0567432112432,1,12.819405413817,1,4.81267036511761
1,6.61516193966461,1,13.0291559548783,0,11.7737661746162,1,15.1311014720463,1,3.13869806420714
1,6.93785276598971,1,15.033641486398,1,8.45296033049365,1,10.297555168476,1,3.97568421466238
1,8.76654025273885,1,17.6623913332913,1,7.68315922926591,1,12.9667605980242,1,5.13711820602551
1,7.40285621342391,1,10.891807988863,1,7.68315922926591,1,14.1900398997246,1,2.87678619537428
1,6.62360819095824,1,12.3636739333039,1,7.68315922926591,1,11.7434812963238,1,3.49324038009735
1,6.42879618534182,1,12.3636739333039,1,16.1346343814584,1,13.9453840393845,1,4.31517929306143
1,6.03917217410898,1,13.5411666888566,1,7.68315922926591,1,10.5202019946234,1,5.13711820602551
1,7.40234857359493,1,15.0091159321892,1,8.68748355992291,1,19.4401757706269,1,4.27645603726392
1,8.06033511347003,1,13.5082043389703,1,8.12700074960531,1,18.5032998298738,1,4.27645603726392
1,6.9088586686886,1,13.883432237275,1,7.8467593444465,0,13.8189201261083,0,2.91576547995268
1,7.07335530365737,1,13.1329764406655,1,9.52820777539932,1,21.3139276521331,1,6.99783715188642
1,6.25087212881349,1,13.5082043389703,1,7.2862765341289,1,19.9086137410034,1,4.08207167193374
1,7.04896207831743,1,14.3338188064821,1,6.11681239268684,1,14.2144153319227,0,3.17310966268861
1,6.72855471112118,1,13.8125890317009,1,8.73830341812405,1,14.672944858759,1,7.93277415672153
1,6.8887583947193,1,14.0732039190915,1,7.86447307631165,1,13.5266210416684,1,3.56974837052469
1,7.20916576191555,1,14.5944336938726,1,8.44702663751992,1,11.4632381709054,1,4.16470643227881
1,6.40814734392493,1,13.2913592569197,1,8.15574985691578,1,15.1314743855952,0,3.17310966268861
1,10.5910373609269,1,20.2436869908485,1,7.66268706895673,1,10.3309936534785,0,3.81286382683191
1,6.75370498377947,1,12.438892006425,1,8.56417966530458,1,9.85048232075854,1,3.60103805867459
0,5.98623850834999,0,11.9510923198985,1,8.11343336713066,1,14.1750843152379,1,3.17738652235993
1,6.60021168869357,1,12.1949921631617,0,7.21194077078281,1,10.5712493198384,1,3.60103805867458
1,7.67466475429485,1,15.609589968847,1,5.4089555780871,1,12.9738059834381,1,3.38921229051725
1,10.7560724244683,1,15.5628212611498,1,8.55917958238542,1,12.1314558186884,1,4.29467806700319
1,6.14632709969617,1,13.3037020458216,1,19.1155010673274,1,12.8896718073564,1,4.09946542759396
1,7.17071494964553,1,11.7976225689361,0,7.41795563806737,1,9.09859186401631,1,3.51382750936625
1,5.97559579137128,1,12.2996490612313,0,7.9885676102264,1,12.1314558186884,0,3.12340223054778
0,6.99998364132064,1,13.3037020458216,1,7.9885676102264,1,15.1643197733605,1,3.51382750936625
1,6.75190459886657,1,15.0812025854933,1,9.36495359281714,1,22.4600158622554,1,6.35381950369161
1,6.5831069838949,1,12.3391657517672,1,9.95026319236821,1,16.6713519802308,1,13.1175628463311
1,6.41430936892324,1,11.5165547016494,0,9.65760839259267,1,12.9666070957351,1,3.27939071158277
1,6.5831069838949,1,12.3391657517672,1,7.90167959393946,1,12.9666070957351,1,3.07442879210884
1,6.24551175395157,1,12.3391657517672,1,10.5355727919193,1,16.2082588696689,1,12.9126009268571
1,8.03096487012866,1,16.8778028160493,1,8.55312661782161,1,20.6712406401602,1,3.58155148779029
1,7.44689469775567,1,15.4943763557174,1,9.40843927960378,1,11.6424228892856,1,3.22339633901127
1,7.15485961156917,1,14.6643204795182,1,8.55312661782161,1,14.9688294290815,1,3.22339633901127
1,6.86282452538268,1,13.2808940191863,1,8.12547028693054,1,11.6424228892856,1,3.40247391340078
1,6.86282452538268,1,11.620782266788,1,8.12547028693054,1,17.8200350346208,1,5.01417208290642
1,7.56327494552267,1,16.1707842708711,1,9.11128972223036,1,15.1724059316306,1,10.9960231173317
0,6.25424658956682,1,14.8453101503079,1,8.22238340786642,1,12.1379247453045,0,14.2755387839043
1,5.96335139935441,1,13.5198360297447,0,9.55574287941233,1,16.9063951809598,1,6.94485670568315
1,7.41782735041647,1,15.6405946226458,0,8.22238340786642,1,15.3891545877967,1,3.2795156665726
1,6.69058937488544,1,12.9896463815194,1,8.66683656504839,1,9.97043818364296,1,14.6613641564422
1,6.38733034522031,1,14.1679154224243,1,7.05168828506927,1,24.539354250389,1,17.7065907243662
1,5.88306742322923,0,11.7251713840753,1,7.78117328007643,1,13.0576380414914,1,5.8373376014394
1,8.06820675185723,1,15.8778362492687,0,7.05168828506927,1,13.0576380414914,0,4.47529216110354
1,6.38733034522031,1,12.7022689994149,1,7.78117328007643,1,13.9581648029736,1,3.30782464081566
1,7.22776854853877,1,13.6793666147545,0,8.75381994008599,1,11.4817162088976,1,4.8644480011995
1,5.59029666555488,0,10.684679691622,0,8.32580221773805,1,15.2266551833016,1,3.93885080645559
0,7.14315685043123,0,14.2462395888294,1,7.63198536625988,1,14.5832753868241,1,3.75128648233865
1,6.05615472101778,1,12.8764088591342,1,7.63198536625988,1,14.5832753868241,0,3.00102918587092
1,5.74558268404251,1,13.6983072969513,1,8.32580221773805,1,14.5832753868241,1,11.8165524193668
1,6.21144073950541,1,12.8764088591342,1,9.3665274949553,1,14.5832753868241,1,3.00102918587092
1,6.85188606816994,1,13.8732004041052,1,8.58171449481643,1,15.8433225696688,1,3.33604832562241
1,6.51764772338117,1,12.4280753620109,1,8.1730614236347,1,13.9515825613501,1,3.33604832562241
1,6.51764772338116,1,15.3183254461995,1,7.35575528127123,1,17.025660074868,0,3.33604832562241
1,7.5203627577475,1,17.0524754967127,1,7.35575528127123,1,17.9715300790273,1,3.72852459922505
1,7.18612441295872,1,16.7634504882938,1,8.58171449481643,1,23.8832176050231,1,3.53228646242373
1,7.13718352145225,1,13.1660049872815,1,7.20591065845214,1,18.8525018156962,1,3.825260529313
1,5.7097468171618,1,12.0211349883875,1,9.9391871151064,1,10.6180757352771,1,6.37543421552166
0,5.86835089541629,1,11.1624824892169,1,9.69070743722874,1,13.2184208133042,1,8.56129737512908
1,7.45439167796123,1,14.3108749861755,1,6.70895130269682,1,20.8027606242164,1,10.3828500081353
1,7.93020391272472,1,12.879787487558,1,17.8905368071915,1,14.3018979291488,1,4.55388158251547
1,7.04822910140876,1,14.5661710269888,0,8.78933874402447,1,10.8336554491821,1,11.9920232246043
1,6.72040449204091,1,14.5661710269888,1,7.21981396830581,1,10.8336554491821,1,16.3339626679955
1,6.88431679672484,1,13.4668373645745,1,8.47543378888074,1,12.093382826994,1,12.8190593090597
0,8.03170292951231,1,14.2913376113852,0,10.0449585645994,0,9.07003712024551,1,3.7216623800496
1,6.22866757798914,1,13.4668373645745,0,8.78933874402447,1,16.6284013871168,1,3.51490335893573
1,6.11188288986236,1,12.6112762523942,1,9.46410118512206,1,10.5362497142024,1,3.52130004239447
1,9.54050012076075,1,25.5378344110982,0,9.77957122462613,1,12.7940175101029,1,2.9344167019954
1,6.11188288986236,1,13.5571219713237,1,9.14863114561799,1,11.2888389795025,1,3.32567226226145
1,6.7081641474099,1,12.926558158704,1,9.14863114561799,1,11.7905651563693,1,3.52130004239448
1,5.81374226108858,1,12.926558158704,0,8.51769106660985,1,14.0483329522698,1,2.93441670199539
1,6.23722647238114,1,13.1131337894189,1,8.38932803446488,1,14.681422541888,1,3.71933834429689
1,5.9089513948874,1,14.4244471683608,1,8.80879443618812,0,12.5153110193143,1,4.13259816032988
1,5.41653877864678,1,12.1296487552125,0,6.29199602584866,0,15.4034597160792,1,4.13259816032988
1,6.72963908862176,0,12.1296487552125,1,6.7114624275719,1,16.8475340644616,0,3.09944862024741
0,5.41653877864678,1,14.4244471683608,0,5.45306322240217,1,13.4780272515693,1,4.13259816032988
1,6.57218708857817,1,13.16072772802,1,7.65908629941532,0,10.7790052616007,1,4.45531263191987
1,6.19663354065942,1,13.6145459255379,1,7.65908629941532,1,14.6777943987754,1,10.3282247376324
1,6.75996386253755,1,14.0683641230559,1,7.29436790420507,1,12.6137295614476,1,4.8603410530035
1,6.00885676670004,1,14.7490914193327,0,8.02380469462558,0,17.4298808485458,1,14.3785089484687
1,7.51107095837505,1,13.6145459255379,1,7.65908629941532,0,14.2191133238136,0,6.68296894787981
1,6.21437853430995,1,12.4540795292961,1,8.34886398129764,1,21.6658752615223,1,3.5061178079044
1,7.25010829002827,1,13.8077838259587,1,7.30525598363543,1,22.0949024944237,1,10.5183534237132
1,7.10214689635423,1,14.3492655446238,1,7.82705998246654,0,10.9401944389865,1,5.45396103451795
1,6.0664171406359,1,15.4322289819539,1,6.26164798597323,0,22.3094161108744,1,3.11654916258169
1,7.98991525839851,1,15.4322289819539,1,6.26164798597323,1,22.0949024944237,1,7.59658858379287
1,6.65129662643625,1,14.1158443787457,1,8.55026440733245,1,19.8435415914331,1,3.43228274897962
1,6.31873179511444,1,13.5021120144524,1,9.77173075123708,1,14.8826561935748,1,3.43228274897962
0,6.48501421077534,0,11.6609149215725,1,6.71806489147549,0,12.176718703834,1,4.0379797046819
1,6.98386145775806,1,12.5815134680125,1,7.63416464940397,0,12.4022134946457,1,2.62468680804324
0,7.31642628907987,1,15.9570414716256,1,5.80196513354702,1,11.0492447497753,1,2.82658579327733
1,6.30298430619498,1,14.1880422140109,0,9.92929157466345,1,16.2869386688316,1,3.44825810683209
1,6.80058833036827,1,12.9212527306171,0,11.0027285016541,1,13.4544275959913,1,4.02296779130411
1,6.13711629813722,1,12.1611790405808,1,8.31913618417748,1,13.6904701853947,1,3.6398280016561
1,6.13711629813722,1,11.4011053505445,0,9.12421387942046,1,22.1880034039155,1,3.6398280016561
0,5.97124829007946,0,11.6544632472232,1,9.39257311116813,1,14.8706831324115,1,3.8313978964801
0,5.31521617330938,1,15.2083718523672,1,7.13612594303862,1,15.7450368902082,1,5.45361472467059
1,6.60375342744499,1,14.7097367096666,1,8.26288267088683,1,12.0547938690657,0,4.40484266223394
1,7.08695489774584,1,14.7097367096666,1,11.267567278482,1,13.2848748761132,1,6.50238678710725
1,6.28161911391109,1,13.7124664242655,1,7.88729709493743,1,14.2689396817512,1,5.03410589969593
1,6.12055195714413,1,12.7151961388643,1,9.01405382278563,1,12.0547938690657,1,3.56582501228462
1,5.82470182371985,1,10.9859049227451,1,7.79852884903034,1,11.8396936346786,0,2.6405003601618
1,7.06024463481194,1,14.5489011139057,1,7.79852884903034,1,12.579674486846,0,2.84361577248193
1,6.70723240307134,1,13.9550684153789,1,9.05635608274491,1,15.2929376114599,1,3.04673118480207
1,6.88373851894164,1,13.3612357168522,1,9.55948697623074,1,22.4460858490782,1,8.5308473174458
1,6.35422017133074,1,11.8766539705353,1,9.81105242297365,1,14.7996170433483,1,2.84361577248193
1,6.58107589442837,1,12.325380198016,1,8.19961443663245,1,12.2276460838303,1,3.58125724599147
1,7.22313207925065,1,13.1470722112171,1,8.8303540086811,1,10.9175411462771,1,9.3510605867555
1,6.4205618482228,1,12.0514828602824,1,8.19961443663245,1,12.0092952609048,1,3.9791747177683
1,7.54416017166179,1,13.6948668866845,1,6.93813529253515,0,11.1358919692026,1,14.7229464557427
1,6.26004780201723,1,11.2297908470813,1,8.19961443663245,1,15.5029084277134,1,3.58125724599147
1,7.42274665444815,1,14.0737483017493,1,9.00563206461134,0,10.5447007468477,1,5.43310973513188
1,6.80418443324414,1,14.6726312082068,1,8.6950930279006,1,12.8879675794805,1,3.29867376775864
0,6.49490332264213,0,13.4748653952919,1,8.07401495447913,1,12.4193142129539,1,8.53774386949294
1,6.18562221204013,1,13.7743068485206,1,8.07401495447913,1,9.84172069705783,1,4.26887193474647
1,6.80418443324414,1,14.3731897549781,1,7.14239784434692,1,10.0760473803211,1,3.4927134011562
1,7.99869654596824,1,14.5291577605146,1,8.88575015623846,0,10.7891231128868,1,2.8956198505375
1,5.26743431075958,1,12.9148068982352,1,9.59661016873754,1,12.3625369001828,1,3.56383981604616
1,7.41342606699496,0,17.4349893126175,1,9.241180162488,1,13.7111772892936,1,3.11835983904039
1,6.82815558802167,1,12.9148068982352,1,9.241180162488,1,14.1607240856639,1,3.34109982754327
1,6.04779494939062,1,13.560547243147,1,10.6629001874862,1,16.4084580675153,1,3.78657980454904
1,6.28068478750219,1,13.532246408816,1,8.25229259021139,0,7.80860891849004,1,6.21118718427251
1,8.16489022375285,1,19.8150750986234,0,7.8934972602022,1,23.1892022427886,1,7.90514732543774
1,7.06577038593997,0,16.91530801102,1,8.25229259021139,1,16.8003404003877,1,9.78732526006577
1,6.75173614656486,1,15.4654244672183,1,8.61108792022058,1,22.006079679381,1,11.6695031946938
1,5.96665054812708,0,10.8741265785129,0,6.45831594016544,1,20.8229571159734,1,18.2571259658919
1,6.09425868090026,1,13.6693278322375,1,10.5288606587499,1,15.1826084211562,1,3.63420169451702
0,5.48483281281023,1,11.3911065268646,1,7.44724290496946,0,10.1972743127168,1,3.82547546791266
0,5.94190221387775,0,10.6316994250736,1,12.0696695356402,1,22.434003487977,1,3.44292792112139
1,7.31311041708031,1,11.6442422274616,1,11.0424636177133,1,19.0349120504047,1,3.82547546791266
0,7.0083974830353,0,12.6567850298496,1,7.70404438445117,1,29.0055802672834,1,4.39929678809956
1,6.03562099399507,1,10.8791390322136,1,7.38122617559751,1,8.0570872139031,1,3.67457298566812
1,6.03562099399507,1,17.0957899077642,1,7.11761095504045,1,13.1215420340708,1,3.86797156386118
1,6.20806730810921,1,13.6766319262114,1,6.8539957344834,1,12.6611370504192,1,3.48117440747506
1,6.38051362222336,1,11.8116366635462,1,13.4443762484097,1,10.1289096403353,1,3.48117440747506
1,5.86317467988092,1,12.1224692073237,1,7.38122617559751,1,14.2725544931998,1,3.287775829282
1,7.16405687841703,1,11.6961933747659,1,8.7156037765979,1,15.7952829222262,1,2.92216493801308
1,7.31648362051101,1,13.8227739883596,0,8.43445526767539,1,10.6785011305191,1,3.31178692974816
1,5.33493597328928,1,10.632903067969,1,8.7156037765979,1,12.2357825453865,1,3.5065979256157
1,6.55434991004111,1,13.025306258262,0,7.87215824983036,1,12.2357825453865,0,2.72735394214554
1,6.09706968375917,1,10.8987256446682,1,9.55904930336544,1,12.903188866044,1,2.92216493801308
1,6.51717286740855,1,12.7441514416886,1,7.24664411301372,0,5.98815000577372,0,3.80024403906403
1,6.17416376912388,1,13.8061640618293,0,8.11624140657536,1,13.6529820131641,1,3.80024403906403
1,7.20319106397787,1,13.0981556484021,1,8.69597293561646,1,13.4134560129331,1,3.42021963515763
1,8.06071380968952,1,15.2221808886836,1,9.27570446465756,1,13.1739300127022,1,3.61023183711083
1,5.48814557255456,1,13.8061640618293,1,9.27570446465756,1,13.4134560129331,0,3.42021963515763
1,6.11059127650741,1,13.1001857151005,1,7.04180878151544,1,10.9772459985571,1,4.29508566945385
1,5.52863020255433,1,12.8272651793693,1,8.12516397867165,1,21.2060434063035,1,3.73485710387291
1,6.83804261894877,1,13.1001857151005,1,7.58348638009355,1,16.2163861342321,0,3.17462853829198
1,7.27451342441359,1,12.0085035721755,1,6.77096998222638,1,12.9731089073857,1,3.54811424867926
1,6.54706208197223,1,12.554344643638,1,7.04180878151543,0,13.9710403618,1,3.17462853829197
1,6.84281928281172,1,13.0308709855956,1,7.84905945564039,1,14.1016227840052,1,2.91710630172172
1,7.16108994712854,1,14.5639146309598,1,6.83627759039647,1,12.2522296320045,1,3.11158005516984
1,5.2514659612276,1,8.68724732373039,1,8.35545038826235,1,12.9457520640048,1,2.91710630172172
1,6.20627795417807,1,11.242320066004,0,7.08947305670745,1,22.4238919680082,1,4.66737008275475
1,7.16108994712854,1,16.8634800990061,1,7.34266852301843,1,15.4886676480057,1,3.69500131551418
1,5.49700980789938,1,10.1135806039725,1,7.5750755051167,1,11.9607996940958,1,3.58180293611495
1,6.01235447738995,1,12.4932466284366,1,7.17638732063687,1,12.4121506259484,1,3.770318880121
1,6.1841360338868,0,8.0313728325664,1,8.37245187407635,1,11.7351242281694,1,3.58180293611495
1,7.21482537286794,1,13.6830796406687,1,8.37245187407635,1,14.2175543533591,1,3.95883482412704
1,6.87126225987423,1,14.5754543998427,1,8.37245187407635,1,15.5716071489171,1,3.770318880121
1,6.16829919819375,1,13.6076494493193,1,15.0939841129949,1,10.3801887714007,1,4.2242909530785
1,6.32646071609615,1,11.8705027111083,1,7.67071323775148,1,12.2674958207463,1,3.07221160223891
1,6.80094526980337,1,12.4495516238453,1,8.66048268778394,1,8.49288172205516,1,3.26422482737885
1,6.64278375190096,1,15.6343206438988,1,8.66048268778393,1,16.2780233006057,1,3.07221160223891
1,6.64278375190096,1,12.7390760802138,1,8.16559796276771,1,19.1089838746241,1,2.88019837709898
1,5.9305497650697,1,13.2871762973435,1,8.62983332400149,1,15.6940587908685,1,8.91127335612888
1,5.9305497650697,1,13.9198989781693,1,6.63833332615499,1,13.4158889663876,1,7.29104183683272
1,6.12185782200743,0,11.0726469144529,1,8.96174999030924,1,14.1752789078812,1,4.25310773815242
1,6.12185782200743,1,13.6035376377564,1,6.63833332615499,0,8.35328935643,0,5.26575243771252
1,7.0783981066961,1,12.9708149569305,1,7.30216665877049,1,14.4284088883791,1,6.27839713727262
0,6.13382768446251,1,8.72194756544776,0,11.0428765511246,1,11.1594521671008,1,3.53054315229508
1,6.45666072048686,1,14.1355701922774,0,6.49580973595562,1,12.3218951011738,1,3.11518513437801
1,6.29524420247468,1,13.2332997544725,1,7.47018119634896,1,11.3919407539154,0,2.69982711646094
0,7.42515982855988,1,16.5416246930906,1,7.79497168314674,1,12.5543836879884,0,3.32286414333654
1,6.7794937565112,1,14.1355701922774,0,6.8206002227534,1,14.1818037956906,0,3.32286414333654
1,7.73459124206974,1,15.0475050728204,0,7.17797061522176,1,12.3485807785253,1,4.70947557950318
1,6.1876729936558,1,11.4908220556083,1,8.8093275732267,1,11.8340565794201,0,4.70947557950318
1,6.34236481849719,1,15.0475050728204,1,14.6822126220445,1,12.0913186789727,1,4.2999559638942
1,5.878289343973,1,12.0380040582563,1,7.50424200682275,1,11.0622702807623,1,4.50471577169869
1,7.11582394270417,1,14.2267320688484,1,14.0296698388425,1,15.6929880727093,1,12.0808286604647
1,5.75774165493219,1,12.1415581807159,0,9.72303752079902,1,25.2406997998174,1,3.51997740945134
1,6.80460377401076,1,14.0731697094661,1,8.24985001764766,1,19.7639441828759,1,3.31291991477773
0,6.45564973431791,1,14.3491142135733,1,17.9728875384467,1,19.5258243734437,1,6.21172484020825
1,5.75774165493219,1,14.9010032217876,0,7.07130001512656,1,12.3822300904765,1,3.31291991477773
1,7.85146589308935,1,14.3491142135733,1,7.66057501638711,1,9.76291218672183,1,4.14114989347217
1,8.38146623620696,1,15.3175896627295,1,7.2035596871851,1,15.4522179604738,1,3.28685679503474
1,6.41984647879682,1,12.8065093901509,0,7.53099421842078,1,11.8164019697741,1,4.3139995434831
1,5.17154299680855,0,9.29099700854085,1,7.85842874965647,0,16.8156489569862,1,3.90314244410376
1,6.59817554765229,1,13.5598334719245,1,8.84073234336353,1,12.725355967449,1,7.80628488820752
1,7.84647902964056,1,17.5775619080503,1,8.51329781212784,1,14.7705024622176,1,3.28685679503475
1,6.553416086301,0,11.7248147845157,0,7.94476748747049,1,9.96620723784913,1,4.0076276774635
1,5.54519822687007,0,10.4220575862361,1,8.32308974877861,1,23.3989213410371,1,4.77098533031369
1,7.39359763582677,1,17.4569464569455,1,8.70141201008673,1,19.0657877593636,1,4.77098533031369
1,6.553416086301,1,11.7248147845157,0,8.70141201008672,1,13.8660274613553,1,3.81678826425095
1,6.553416086301,1,13.8092263017629,1,8.70141201008673,1,15.1659675358574,1,4.96182474352624
1,7.00830230036212,1,12.9332376147325,1,7.20196213178455,1,15.2255669451899,1,3.33192761125994
1,6.67457361939249,1,13.5211120517658,1,7.20196213178455,1,12.1804535561519,1,3.72391909493758
1,7.17516664084693,1,14.1089864887991,1,7.65208476502108,1,13.1954913524979,1,3.52792335309876
1,6.8414379598773,1,12.9332376147325,1,8.55233003149415,1,23.0921098668713,1,2.74394038574348
1,7.00830230036211,0,17.0483586739656,1,9.45257529796722,1,17.5094019869684,1,3.33192761125994
1,6.29413164843147,1,9.61882296570456,1,7.34963241591768,0,9.27363248399216,1,4.01735154795985
1,4.30651112787416,0,7.14541134595196,1,8.04959740790983,1,12.6664248561844,1,4.41908670275583
1,6.29413164843147,1,11.5425875588455,1,6.9996499199216,1,9.49981864213831,1,3.81648397056186
1,7.12230686533034,1,13.1915286386805,1,9.09954489589808,1,14.0235418050613,1,2.6112785061739
1,5.79722651829214,1,11.8174110721513,1,8.39957990390591,1,12.8926110143306,1,3.21388123836788
0,8.87400728437798,0,21.2559268172163,1,7.62541688223844,1,12.4838536780336,1,3.07830628924998
1,6.57333872916887,0,15.2202932765252,1,16.0678427161453,1,14.1326645411701,1,3.07830628924998
1,6.57333872916887,1,12.8585236301679,0,7.89775319946124,1,23.0833520839112,1,6.92618915081246
1,6.40900526093965,1,16.2699686749063,1,8.17008951668404,1,10.8350428148971,1,3.46309457540623
1,6.73767219739809,1,11.8088482317868,1,7.89775319946124,1,15.5459309952872,1,3.46309457540623
1,6.39432206815439,1,12.1350710084402,0,8.40323449208319,0,15.2339869946666,1,3.41008245684699
1,7.33466354876532,1,13.023003033448,1,17.4289307983948,1,18.4282100741935,1,10.8320266276316
0,6.58239036427657,0,12.7270256917787,1,9.95938902765415,1,15.9711153976343,1,3.41008245684699
1,7.14659525264313,1,12.4310483501094,1,17.740161705509,1,15.7254059299784,1,9.8290611991472
0,6.39432206815438,1,11.8390936667709,1,6.84707995651223,0,10.3197976415483,1,18.8557500555069
1,6.96698522880483,1,12.2661994386665,0,7.001876353251,1,18.6956341947159,1,2.9071859700176
1,5.80582102400402,1,12.2661994386665,1,8.59321188808077,1,14.2554210734709,1,5.81437194003519
0,5.80582102400402,1,14.5868317649007,1,8.59321188808077,1,12.3858576539993,1,2.9071859700176
1,6.63522402743317,1,12.2661994386665,1,7.63841056718291,1,14.2554210734709,1,12.5978058700762
1,6.801104628119,1,11.2716427274232,1,8.27494478111482,1,23.135847315961,1,3.29481076601994
1,6.80221419930474,1,14.4114731706546,1,8.35614789509066,1,14.6816130933248,1,3.52267923392477
1,6.27896695320438,1,13.823249775934,1,16.7122957901813,1,12.8746453279926,1,4.1097924395789
1,6.62779845060462,1,12.9409146838531,1,9.28460877232295,1,11.0676775626603,0,4.50120124334832
1,6.4533827019045,1,12.0585795917722,1,5.8802522224712,1,15.3592260053245,1,4.3054968414636
1,6.62779845060462,1,12.6468029864928,1,8.35614789509065,1,14.4557421226583,1,3.13127043015535
1,5.35986498878686,1,11.5040986734994,1,8.50325875704757,1,15.5353821270648,0,3.41785776252523
1,8.03979748318029,0,13.595752977772,1,9.77874757060471,1,13.707690112116,0,3.2168073059061
1,6.19734389328481,1,12.5499258256357,1,8.92842169489995,1,20.561535168174,1,3.41785776252523
1,5.86235233148563,1,11.2426418854653,1,8.07809581919519,1,8.90999857287541,0,3.2168073059061
0,6.3648396741844,1,15.4259504940105,1,9.35358463275233,1,15.3069206251962,1,3.01575684928697
1,6.30715407385367,1,11.0899607632172,1,8.18741002513587,1,10.7359116714001,1,8.13228323691465
1,7.11576357050158,1,13.9651357759032,1,20.127382978459,1,11.1832413243751,1,5.35540603406575
1,6.79231977184241,1,13.3490268446133,1,8.18741002513587,1,11.1832413243751,1,5.15705766243369
1,7.11576357050158,0,16.6349411448258,1,8.18741002513588,1,12.9725599362752,1,4.95870929080162
1,6.63059787251283,1,10.8845911194539,1,8.52855210951654,1,14.5382137216877,1,3.3719223177451
1,7.08239110297175,0,14.477570705457,1,10.6672989890025,1,14.6642953503028,1,3.75597218117361
1,6.91376274337719,1,15.0684919587409,1,8.33382733515824,1,7.97910188178241,1,4.54670316668384
1,9.10593141810654,1,22.1595469981484,1,7.33376805493925,1,12.7234327304098,1,3.95365492755116
1,7.58827618175545,0,16.2503344653089,1,9.0005335219709,1,15.0955981547235,0,3.55828943479605
1,7.92553290094458,1,15.9548738386669,0,5.33364949450127,1,12.2921299259891,1,3.75597218117361
1,6.6378606227654,1,13.9520786706377,1,7.63374382711861,1,19.7107462648995,1,3.4315422713555
1,5.6895948195132,1,12.7894054480846,1,8.48193758568735,1,13.4114356029213,1,3.4315422713555
1,5.6895948195132,1,11.6267322255314,1,8.76466883854359,1,13.4114356029213,1,3.43154227135551
1,6.79590492330744,0,8.72004916914856,0,7.91647507997486,0,10.9729927660265,1,2.01855427726795
1,6.6378606227654,1,15.6960885044674,1,7.63374382711861,1,13.4114356029213,1,3.22968684362871
1,6.74917829381733,1,12.7365455891336,0,7.47487350740729,1,13.0025030131143,1,11.5393695680042
1,7.05595912535448,1,14.6747155700887,1,6.94095397116391,1,10.1655932647984,0,5.17282084082948
1,7.05595912535448,1,14.1209527183873,1,7.74183327552898,1,15.3665944700441,1,3.38222901131158
1,7.82291120419736,1,16.8897669768946,1,7.47487350740729,0,6.85586522509661,1,10.1466870339347
1,5.6754453834373,1,12.1827827374322,0,8.27575281177236,1,16.0758219071231,1,3.78013830676
1,5.48276945705486,1,12.8993531680531,1,8.57005856128737,1,12.0175040393794,1,3.21954207015134
1,6.47963663106484,1,10.8759252201232,1,5.14203513677242,1,13.7655046269255,1,3.21954207015134
1,6.6457811600665,1,12.1405676875794,1,7.54165153393288,1,11.1435037456063,1,2.65138758718346
1,7.14421474707149,1,12.8993531680531,1,7.88445387638438,1,14.4210048472552,1,3.4089268978073
1,8.14108192108146,1,13.911067142018,1,8.22725621883587,1,19.228006463007,1,2.84077241483942
0,4.7365591700571,0,13.3820273054337,1,8.48407643251415,1,23.9512805794597,1,5.94096656572791
1,6.85984431525511,1,12.9124824876992,1,8.14471337521358,1,21.8584502375652,1,5.94096656572791
1,6.85984431525511,1,15.4949789852391,1,8.14471337521358,1,26.0441109213543,1,7.17013206208541
0,6.53318506214772,1,14.3211169409028,1,7.80535031791301,1,24.4163539887696,1,6.35068839784708
1,6.04319618248664,1,15.9645238029736,1,8.14471337521358,1,24.8814273980795,1,11.4722112993367
1,5.85583932227019,1,11.2354519777193,1,8.04922744121087,0,11.1276227819031,1,4.56925463994197
1,6.99447474604495,1,13.3755380687135,1,7.77166787427257,1,13.3985662067813,1,3.37727516865275
1,7.48246135623413,1,16.853177966579,0,7.77166787427256,1,13.3985662067813,1,10.529151996388
1,7.31979915283774,1,11.2354519777193,1,7.77166787427256,0,11.5818114668787,1,4.37059139472709
1,5.85583932227019,1,11.2354519777193,1,8.88190614202579,1,13.3985662067813,1,8.34385629902445
1,6.56698455371187,0,10.9266885706964,1,8.952985887069,1,12.1875277440205,1,4.81011654996035
1,8.80936952327203,1,14.2046951419053,1,9.53059787978312,1,15.1667011925589,1,3.97357454127159
1,7.04749561861762,1,12.8388590705682,1,7.22014990892661,1,13.0000295936219,1,3.34616803475502
1,6.40681419874329,1,11.4730229992312,0,6.93134391256955,1,17.8750406912301,0,3.13703253258283
1,7.2076659735862,1,8.46818364228969,1,10.3970158688543,1,17.604206741363,1,7.73801358037099
1,6.26464071292537,1,11.9300880260057,1,10.1701098302199,1,11.3732678284673,1,6.40296707778793
1,6.8016099168904,1,14.5488878365923,1,7.69629933097725,1,12.557983227266,1,4.07461541313777
1,6.8016099168904,1,10.1842214856146,1,7.42143149772806,1,15.6382432641425,1,3.88058610775026
1,6.98059965154541,1,15.4218211067879,1,7.42143149772806,1,10.6624385891881,1,3.49252749697524
1,6.8016099168904,1,13.9669323231286,1,7.69629933097725,1,13.5057555463049,1,3.68655680236274
1,6.46399539997156,1,17.3545313852346,1,9.77140834373012,1,20.0977158943462,1,4.05429963181297
1,6.28443997219457,1,14.0262650921759,0,9.34656450269838,1,21.5505628264676,0,10.6184037976054
1,6.82310625552553,1,16.6413314652935,0,8.49687682063489,1,12.1070577676784,1,4.05429963181297
1,6.64355082774854,1,13.3130651722348,1,9.77140834373012,1,10.8963519909106,1,5.40573284241729
1,6.28443997219457,1,14.0262650921759,1,8.92172066166663,1,23.9719743800033,1,7.33635171470919
1,7.11010328457694,1,15.0648864341603,1,7.58235743503181,1,22.3739373132736,1,3.0173995962706
1,6.4329505908077,1,12.4674922213741,1,7.58235743503181,1,15.0681618640414,1,4.02319946169414
1,5.24793337671155,1,9.87009800858779,1,8.47439948621203,0,10.9586631738483,1,4.62667938094826
1,5.75579789703847,1,10.9090556937023,1,8.47439948621203,1,19.8625770026,1,2.8162396231859
1,6.4329505908077,1,14.2856681703244,1,7.1363364094417,0,11.4152741394253,1,4.22435943477885
1,6.57398495497851,1,14.2517004938951,1,8.43812614258508,1,16.8367501230959,1,3.97421629670063
1,7.03263506811654,1,16.033163055632,1,7.10579043586112,1,14.9916268219347,1,3.40647111145769
1,6.26821821288648,1,12.1733275052021,1,9.77046184930904,1,16.6061097104508,1,3.59571950653866
0,6.87975169707053,1,12.4702379321582,1,8.43812614258508,1,11.9933014575478,1,3.78496790161965
1,6.87975169707053,1,14.2517004938951,1,9.77046184930904,1,24.678524153031,1,3.78496790161964
0,4.54526274995082,1,15.0588006972337,1,10.5371319118323,1,12.4127652192511,1,2.90936725860288
1,6.56537952770674,0,12.1441941106724,1,7.76420246135012,1,12.8560782627958,1,3.27303816592825
1,6.73372259251973,1,13.8443812861665,0,9.70525307668765,1,14.4076739152022,1,2.54569635127752
0,6.73372259251973,1,12.1441941106724,1,9.42796013163943,1,12.4127652192511,1,3.81854452691629
0,4.71360581476381,1,11.1726585818186,0,8.87337424154299,1,19.0624608724213,1,3.09120271226557
1,8.32370375917337,1,16.599010984013,1,8.85225454455951,0,11.7570314938905,1,6.93428669947358
1,6.06936732439724,1,11.4916229889321,1,8.85225454455951,0,10.7772788693996,1,11.1719063491519
1,6.93641979931114,1,14.3006863862266,1,9.5899424232728,1,16.6557946163448,1,10.4014300492104
1,6.93641979931114,1,13.7899475867185,1,9.22109848391615,1,12.0019696500132,1,11.1719063491519
1,6.24277781938002,1,13.5345781869645,1,14.7537575742658,1,21.7994958949219,1,15.4095259988302
1,6.85723916477172,1,13.6182653648232,1,8.24667535599306,1,14.21407793599,1,3.29025212963546
1,6.48657758829758,1,12.6455321244787,1,7.77543676422203,1,9.74679629896455,0,4.06442910131439
1,6.11591601182343,1,9.07884357654883,1,8.48229465187858,1,20.3058256228428,1,8.51594668846824
1,6.67190837653465,1,11.9970432975824,1,9.42477183542064,0,11.9804371174773,1,4.25797334423412
1,7.41323152948294,1,16.2122206724086,0,7.304198172451,1,15.8385439858174,1,3.67734061547492
0,10.1475621790555,1,21.6030679664162,1,7.20438737695292,1,20.2467025668046,1,3.73741428418253
0,6.54681430906805,1,13.0082989905302,1,7.20438737695292,1,18.8969223956843,1,4.13082631409649
1,6.71048466679475,1,12.3114258303232,1,13.2712399049133,0,18.8969223956843,1,15.3430691666441
1,6.05580323588794,1,14.4020453109442,1,7.20438737695292,0,9.22349783598874,1,4.52423834401044
1,6.71048466679475,1,16.2603737381628,1,15.5463096028984,1,15.0725452441767,1,2.75388420939765
1,8.2396551213577,1,14.0298620488704,1,8.23165954229063,1,10.7239416180807,1,3.46190689737433
1,5.99247645189651,1,12.8845671877381,1,8.52564738308672,1,15.6390815263677,1,3.46190689737434
1,5.80521156277474,1,10.8803011807566,1,7.64368386069844,0,13.1815115722242,1,3.65423505833958
1,7.30333067574887,1,12.8845671877381,1,7.93767170149453,1,22.7883759384215,1,10.1933925311578
1,6.92880089750534,1,11.4529486113228,1,6.76172033831015,0,13.8517579233542,1,8.07778276054012
0,7.85813335860971,0,14.3790738625156,1,7.94430998449755,1,9.60927422382977,1,3.12376808092499
1,7.69442224697201,0,12.6183709405749,1,7.22209998590687,1,14.9477599037352,1,4.16502410789998
1,6.8758666887835,0,14.6725243495057,1,71.8598948597733,1,12.5988262045768,0,2.91551687552999
1,6.7121555771458,0,15.8463262974662,1,7.5832049852022,1,15.8019176125201,1,4.37327531329499
1,7.69442224697201,1,14.6725243495057,1,8.66651998308824,1,11.9582079229882,1,3.74852169710999
1,6.55371619228699,1,12.1615692822589,1,9.31078428258786,1,17.087205547764,1,10.6604394811534
1,6.55371619228699,1,14.6491629990845,1,9.31078428258786,1,9.61155312061724,1,5.22570562801639
1,5.49095140434856,0,9.95037486730271,1,9.31078428258786,1,13.3493793341906,1,7.5250161043436
1,6.55371619228699,1,13.819965093476,1,9.89270830024961,1,11.2134786407201,1,4.18056450241312
1,6.02233379831778,1,11.0559720747808,1,9.60174629141873,1,8.27661518719818,1,3.34445160193049
1,7.48770400731795,1,16.1182931576843,1,9.11375013608003,1,18.2601986812243,1,7.63657199578181
1,7.14735382516713,1,13.8865294896972,1,8.59296441401832,1,12.7127965502194,1,3.8182859978909
1,7.48770400731795,1,14.878424453247,1,8.33257155298746,0,11.0948042620097,1,16.2277154910363
1,7.31752891624254,1,14.6304507123596,1,8.0721786919566,1,19.6470492139755,1,3.81828599789091
1,7.48770400731795,1,16.6142406394592,1,8.0721786919566,1,20.5716162358096,1,3.81828599789091
1,6.62767741837937,1,14.4665910552321,1,7.63547778723265,1,12.6913894152711,1,3.54705486177473
1,5.96490967654143,1,11.6249392408115,1,7.63547778723265,1,16.244978451547,1,4.59030629170848
1,6.2962935474604,1,12.3999351901989,1,7.33005867574334,1,16.244978451547,1,3.33840457578798
0,8.28459677297421,0,18.0832388190401,1,7.63547778723265,1,22.0830175825718,1,6.05085829361573
1,6.46198548291989,1,13.9499270889738,1,7.33005867574334,1,13.4528727801874,1,3.33840457578798
1,7.7238467421111,1,15.0175240160377,1,9.22334765189367,1,20.5378756707619,1,8.1424025140988
1,7.7238467421111,1,15.2809893496524,1,8.26920823962881,1,23.307027446595,1,11.2442701385174
1,7.7238467421111,1,14.2271280151936,1,10.8135800056684,1,23.5377900945811,1,10.6626699589389
1,6.62044006466666,1,12.6463360135055,1,10.4955335349135,1,21.9224515586784,1,4.0712012570494
0,6.43653895175925,0,13.4367320143495,1,9.54139412264863,1,23.307027446595,1,7.94853578757264
1,6.65679975766181,1,10.8610455608505,1,9.52097953437073,1,25.3962786244996,1,3.8861049799762
1,5.97405106456829,1,11.7184965261809,1,9.27685185400225,1,22.9306205056162,1,3.8861049799762
1,6.65679975766181,1,12.2901305030677,0,9.03272417363377,1,23.6703179412812,1,4.85763122497025
1,7.33954845075533,1,13.4333984568415,1,7.81208577179137,1,25.1497128126113,1,3.49749448197858
1,5.80336389129491,1,11.146862549294,1,8.54446881289681,1,23.9168837531695,1,3.30318923297977
0,6.10458930465219,1,13.0995099237888,1,8.19473881258019,1,16.6628680505363,1,9.36259332893161
1,7.80030855594446,1,15.3451401964383,1,7.76343676981281,1,7.10622313919933,1,3.37053359841538
1,5.76544545439373,1,10.479607939031,1,6.46953064151067,1,11.0268979746196,1,5.05580039762307
1,6.61330508003987,0,13.8480533480053,1,8.19473881258019,0,23.2790068353081,1,14.6056455931333
1,6.27416122978142,1,11.976694787464,1,6.90083268427805,1,10.7818557974059,0,7.49007466314529
1,5.74534004695583,1,14.8834262006447,1,6.05661062452263,0,15.323953394687,1,4.92294532521917
1,6.65249900173833,1,13.3437614212677,0,9.08491593678394,1,12.8915798399748,1,3.93835626017533
1,6.50130584260791,1,13.0871506247049,0,7.57076328065328,1,14.5942413282734,1,4.7260275122104
1,5.89653320608625,1,13.6003722178305,1,7.19222511662062,1,14.5942413282734,1,3.15068500814027
1,7.10607847912958,1,13.6003722178305,1,7.94930144468595,1,13.134817195446,1,4.33219188619287
0,6.17106739600506,0,14.2839330890796,1,7.42326588290205,1,21.2376451521294,1,3.77013899559756
1,6.91907556521779,1,12.8062848384851,1,8.52300897666532,1,13.4921510378234,1,3.17485389102952
1,6.54507148061143,1,13.0525595469175,1,5.77365124225715,1,22.7367730452209,1,9.52456167308858
1,7.66708373443053,1,14.0376583806471,1,6.5984585625796,1,14.7414242820663,1,2.97642552284018
1,7.85408577673371,1,15.2690319228092,1,7.97313742978369,1,12.9924417401262,1,3.57171062740822
1,6.56591726106746,1,14.1112012182095,1,8.76948289912852,1,20.5794102853878,1,3.11151792855936
1,7.0842791500991,1,13.6328554142024,1,7.35505017346263,1,14.7329869088572,1,3.31895245712998
1,5.87476807569194,1,12.4369909041847,1,9.05236944426169,1,18.708554804898,1,3.31895245712998
1,7.42985374278686,1,14.8287199242202,1,8.76948289912852,1,15.9022715841633,1,9.74942284281933
1,6.73870455741134,1,15.7854115322344,1,8.48659635399534,1,17.7731270646531,1,3.31895245712999
1,6.28312349998416,1,12.4242725044678,1,8.79950489752474,1,12.547613150245,1,5.71228849752154
1,6.94450492103512,1,13.4384988313632,1,8.09554450572276,1,16.0988244191823,1,8.6669204789982
1,6.61381421050964,1,14.4527251582585,1,8.09554450572276,1,10.6536338068118,1,7.09111675554399
1,5.95243278945867,0,10.1422632689533,1,7.39158411392078,1,10.6536338068118,1,5.51531303208977
1,5.95243278945867,1,14.1991685765347,1,8.79950489752474,1,11.1271286426701,1,4.53043570493088
1,6.44885917314104,1,15.0341720428021,1,8.20132087075817,1,15.7110071247453,1,3.07293702237214
0,5.73231926501426,0,10.2017596004729,1,7.90841655394538,1,23.3046605683721,1,4.09724936316285
1,6.62799415017274,1,11.5440963900088,1,8.20132087075817,1,21.4717097371519,1,3.27779949053028
1,6.62799415017274,1,14.4972373269878,1,8.20132087075817,1,15.7110071247453,0,4.30211183132099
1,6.44885917314104,1,12.6179658216375,1,8.49422518757097,1,15.4491570059995,1,3.07293702237214
1,7.1311194065779,1,14.8705892683875,0,8.86574996153288,0,16.616512745116,1,6.4434920455
1,5.54642620511614,1,11.7399388960954,1,7.48047653004337,1,12.8400325757715,1,6.02778288127419
1,6.18030348570084,1,12.2617139581441,1,7.20342184374547,1,14.8541553327553,1,7.0670557918387
1,6.97265008643172,1,15.6532518614606,0,5.81814841225595,1,17.371808778985,1,11.0162928519839
0,8.71581260803965,1,14.8705892683875,1,9.14280464783078,1,8.30825637255803,1,6.23563746338709
1,6.52803027251974,1,15.2163894089232,1,8.47163845213228,1,13.9895517316289,1,3.68183386460226
1,7.08757572445001,1,17.5132029046098,0,8.89522037473889,1,8.74346983226809,1,6.06419695346255
0,6.71454542316317,1,14.9292877219624,1,8.47163845213228,1,20.7345141736643,1,4.76472617772058
1,6.52803027251974,1,14.6421860350016,0,9.31880229734551,1,10.9917906462799,1,4.98130464034424
1,7.46060602573685,1,18.0874062785314,1,8.89522037473889,1,11.7412309176171,1,3.24867693935493
1,5.63812383526355,1,12.960436116777,1,11.4776374038831,1,11.4500445531758,1,3.09493908811722
1,6.30143252176515,1,12.0964070423252,1,6.88658244232988,1,12.0981602826008,1,3.28837278112455
1,6.63308686501594,1,11.8083973508413,0,7.14164105130505,1,12.0981602826008,1,3.6752401671392
1,6.63308686501594,1,13.5364554997449,1,7.9068168782306,1,12.3141988590758,1,7.54391402728574
1,5.80395100688895,1,11.8083973508413,1,8.16187548720578,1,12.0981602826008,1,3.67524016713921
1,6.71172358427398,1,13.797599445146,1,8.26747910310651,0,12.1138497007438,1,4.45641718067096
1,6.19543715471444,0,9.77329960697841,0,7.31353920659422,1,14.9641672773894,1,4.8277852790602
1,8.26058287295259,1,16.0971993526703,1,7.31353920659422,1,13.5390084890666,1,2.97094478711397
1,6.88381906079382,0,13.797599445146,1,5.72363937907374,1,12.3513761654642,1,3.71368098389247
0,6.36753263123429,1,13.797599445146,1,7.94949913760242,1,16.6268525304326,1,2.78526073791935
1,5.90368503480518,1,12.7444483302329,1,7.57558705435796,1,16.6290856784976,1,6.90100493610433
1,8.30889004898507,1,13.2985547793735,1,7.99645300182229,1,14.4281772798729,0,2.92769906380184
1,7.43427004382874,1,13.0215015548032,1,8.83818489675095,0,10.5154512378735,1,3.55506314890223
0,6.55965003867242,0,11.3591822073815,1,7.99645300182229,1,24.2099923848715,1,3.55506314890223
1,6.34099503738334,1,14.1297144530843,1,9.25905084421528,1,19.8081755876221,1,3.3459417872021
1,7.32942200330545,1,12.869710479694,1,6.43278293343279,1,13.5069616057785,1,3.72199019223697
1,7.32942200330545,1,13.1435341069215,1,5.78950464008951,1,21.9488126093901,1,4.09418921146066
1,5.73606939389122,1,12.869710479694,1,7.39770037344771,1,14.1401004310494,0,3.90808970184881
1,6.37341043765691,1,12.869710479694,1,7.07606122677607,1,19.2052110332163,1,3.90808970184881
1,10.5161272221339,1,16.1555940064243,1,8.04097866679099,1,21.1046275090289,1,4.09418921146066
1,6.77515050882507,1,11.9646176741593,1,8.69243217921986,1,13.8263390566496,1,7.66769221531714
0,7.58171604558995,1,13.4601948834292,1,7.06260114561614,1,9.60813392072262,1,2.94911239050659
1,7.09777672353102,1,14.3575412089911,1,14.1252022912323,1,14.2950285161971,1,11.0100195912246
1,7.259089830884,0,14.6566566508451,0,7.60587815681738,1,15.9354416246131,1,3.53893486860791
1,6.61383740147209,1,15.2548875345531,1,10.3222632128236,1,12.654615407781,1,4.12875734670923
1,6.95856568505575,1,12.6528944540778,1,8.11538533581806,1,21.3469899754709,1,2.94552121184344
1,7.36789307829432,1,14.1591914128966,0,7.77724428015897,1,14.1351690378118,1,6.52222554051047
1,6.75390198843646,1,15.3642289799517,1,7.77724428015897,0,13.2697505252927,1,2.94552121184344
1,7.36789307829432,1,17.1717853305342,1,7.43910322449989,1,12.69280485028,1,3.15591558411797
1,8.18654786477147,1,13.5566726293691,0,7.43910322449989,1,13.8466962003054,1,3.3663099563925
1,7.11169499895608,1,13.4925709903133,1,7.27810374861781,1,10.6336048422048,0,3.78844196859269
1,7.26629706415077,1,13.4925709903133,1,7.27810374861781,1,13.6011224725875,1,3.40959777173342
1,6.49328673817729,1,14.3920757230009,1,6.87376465147237,1,19.7834508692182,1,3.78844196859269
1,6.33868467298259,1,14.3920757230009,1,7.27810374861781,1,17.3105195105659,1,3.97786406702233
1,7.73010325973486,1,12.143313891282,1,11.7258338172176,0,11.3754842498005,1,3.22017567330379
1,5.78590555777506,1,12.35116629853,1,7.60530256994002,1,9.55870753394711,1,5.83262929766539
1,7.52167722510758,1,15.0362024503843,1,6.55629531891381,1,10.7244035746724,1,3.38668797928958
1,7.66632486405195,1,15.0362024503843,1,7.60530256994002,1,10.7244035746724,1,4.1392853080206
1,6.36449611355257,1,13.1566771440863,1,7.86755438269657,1,13.522074072413,1,3.38668797928958
1,6.65379139144132,1,13.1566771440863,1,7.34305075718346,1,11.4238211991075,1,5.08003196893437
1,7.91779937926134,1,19.7381815215512,0,7.63248239029689,1,10.4682870828858,1,3.72848259095998
0,5.938349534446,1,13.8513554537201,1,7.31446229070119,1,19.3774675789589,1,4.14275843439999
1,7.91779937926134,1,14.8902071127492,1,7.6324823902969,1,15.1456068433242,1,7.04268933847997
1,7.03804389267675,1,12.4662199083481,1,8.2685225894883,0,12.2501231821004,1,8.49265479051997
1,5.71841066279985,1,12.4662199083481,1,6.67842209150978,1,13.5865002565114,1,4.14275843439999
1,6.00370923238497,1,12.30591610226,1,8.57262183036382,1,24.3735754837071,0,3.03780202074804
1,6.51831288087512,1,14.0230206746684,1,8.16440174320364,1,22.0399352778203,1,3.41752727334154
1,6.17524378188169,1,14.5953888654712,1,7.75618165604346,1,10.8903209608053,0,2.84793939445128
1,6.68984743037183,1,17.1710457240838,1,8.16440174320364,1,23.5956954150782,1,5.12629091001231
1,7.20445107886197,1,12.8782842930628,1,8.57262183036382,1,16.3354814412079,0,3.60738989963829
1,7.07731133070504,1,16.0917885650914,1,8.117178837151,1,13.0731702980284,1,3.75438849296426
1,6.90037854743741,1,14.1412687390197,1,8.76655314412309,1,12.816833625518,1,3.75438849296425
1,6.36958019763453,1,15.3603436303145,1,8.76655314412309,1,13.3295069705387,1,3.95198788733079
1,6.90037854743741,1,14.1412687390197,1,8.76655314412308,1,13.8421803155594,1,3.55678909859772
1,6.19264741436691,1,12.9221938477249,1,6.81843022320684,1,13.0731702980284,1,3.95198788733079
1,6.70565380201899,1,13.1023583868486,1,8.35161179179074,1,13.8541376064307,1,3.34328894814211
1,7.07819012435337,1,13.1023583868486,1,9.04757944110664,1,11.0833100851446,1,3.15755067324533
1,6.5193856408518,1,12.5448112214508,1,10.2075255232998,0,13.8541376064307,1,3.71476549793568
1,8.38206725252373,1,15.3325470484398,0,13.4553745534406,0,11.3142123785851,1,2.78607412345176
1,5.58804483501582,1,10.3146225598595,1,5.79973041096579,1,11.0833100851446,1,2.78607412345176
1,7.52241588323149,1,14.1959498753554,1,8.96307630848201,1,14.9976448900198,1,3.24472777917087
1,6.99759617044789,1,14.7316460970669,1,10.2811757656117,1,15.4663212928329,1,3.24472777917087
1,6.12289664914191,1,15.2673423187785,1,11.3356553313155,1,17.575365105492,1,6.92208592889785
1,11.1961538727166,1,20.3564564250379,1,8.17221663420418,1,11.2482336675149,1,3.67735814972699
1,6.9975961704479,1,15.2673423187785,1,17.6625327255381,1,19.9187471195576,1,3.02841259389281
1,6.80711770089454,1,11.5970584929427,1,8.03087419126638,1,12.109480517515,0,5.02239791982464
1,5.27551621819327,1,12.4061555971015,1,8.72921107746346,0,10.1279291601035,1,4.82922876906215
1,6.29658387332745,1,12.9455536665407,1,8.72921107746346,0,13.8708595018808,1,3.67021386448724
0,6.46676181584981,1,9.16976718046632,1,9.42754796366054,1,14.3112042479723,1,4.44289046753718
1,7.99836329855109,1,16.9910391873346,1,8.38004263436492,1,13.4305147557894,1,5.21556707058713
1,6.41666385184932,1,10.963529909763,1,9.5106091166828,0,14.2444794915892,1,5.73308669012836
1,6.72967184462246,1,13.3128577475693,1,9.1826570781765,1,15.1077812789583,1,8.0263213661797
1,6.72967184462246,1,12.7907848947235,1,15.08579377129,0,13.3811777042202,1,9.55514448354726
1,6.88617584100903,1,14.357003453261,1,9.5106091166828,1,11.8703995763244,1,5.35088091078647
1,6.26015985546275,1,12.2687120418776,1,9.1826570781765,1,19.6401156626458,1,2.67544045539323
1,6.72825852125815,1,14.6092375712895,1,8.98831474742338,1,14.8845846161639,1,5.59802840264916
1,7.08237739079805,1,15.406105075178,1,8.98831474742338,1,23.4897350973836,1,5.41142745589419
1,8.85297173849757,1,21.2498001036938,1,7.58389056813848,1,17.2103009624395,1,5.97123029615911
1,6.9053179560281,1,13.5467475661048,1,7.58389056813848,1,22.3268769242458,1,10.2630520715235
0,6.37413965171825,0,14.0779925686972,0,10.3927389267083,0,12.7914399045158,1,5.4114274558942
1,6.96722772937532,1,15.7447496681024,1,8.64753052938886,1,12.9094966412261,1,3.71928261911046
1,6.80519917752938,1,15.172213316535,1,6.0532713705722,1,11.9164584380548,1,3.71928261911046
1,5.83302786645375,1,16.031017843886,1,15.2773039352536,1,11.9164584380548,1,3.52353090231517
1,6.96722772937532,1,13.4546042618329,1,10.0887856176203,1,14.6473134967757,1,3.71928261911046
1,5.99505641829969,1,14.0271406134003,1,9.22403256468145,1,14.3990539459829,1,3.52353090231517
1,5.98527425566643,1,12.6753285730062,1,9.30200839813546,1,24.8902653759102,0,2.98223529268842
1,8.03736828618063,1,20.2265881484141,1,7.8485695859268,1,20.086880829682,1,3.5786823512261
1,7.01132127092353,1,14.2934556248793,1,9.01132063569372,1,23.5802514087571,0,2.78341960650919
1,5.64325858391406,1,12.945016414985,1,12.7902615474363,1,24.671929714718,0,2.98223529268842
1,8.72139962968537,1,18.608461096541,1,8.13925734836853,1,23.5802514087571,1,2.98223529268842
0,6.33268386311292,1,13.564180361976,1,8.22895270870076,1,16.4049244063183,1,3.31075004265582
1,6.66598301380308,1,14.3319641560502,1,8.22895270870076,1,13.5853280239823,1,3.31075004265582
1,6.83263258914816,0,12.0286127738278,1,7.69805253394587,1,15.8922705186208,1,3.89500005018332
1,5.33278641104246,1,13.8201082933341,1,8.4944027960782,1,16.9175782940157,1,3.50550004516498
1,6.99928216449323,1,13.8201082933341,1,7.69805253394588,1,9.48409692240274,1,15.3852501982241
1,6.35711971613307,1,14.3483715863627,1,9.00724323003358,1,12.7379854577732,1,3.32395353183833
1,7.1935828366769,1,14.1009858693564,1,7.56608431322821,1,14.9426367870032,1,3.54555043396088
1,7.1935828366769,1,14.3483715863627,1,8.64695350083224,1,10.5333341285432,1,3.54555043396088
1,6.02253446791554,1,14.1009858693564,1,7.20579458402686,1,15.1875980458065,1,3.54555043396088
0,5.85524184380678,1,15.8326858884002,1,7.92637404242955,1,13.4728692341832,1,3.54555043396088
1,6.02780481575082,1,10.3834037054153,1,8.63977998780758,1,12.1192708024698,1,5.47972944774192
1,6.3536321030887,1,10.6640362379941,1,6.85223930067498,1,13.0515224026598,1,6.08858827526879
0,7.00528667776447,0,12.9090964986244,1,8.34185653995215,1,12.5853966025648,1,4.87087062021503
1,5.539063884744,1,9.54150610767891,1,8.04393309209671,1,13.2845853027073,1,5.68268239025087
1,9.61190497646752,1,19.6442772805154,1,14.5982489449163,1,13.2845853027073,1,3.85610590767023
1,6.8320000292844,1,12.2343059320707,1,9.05397163823529,1,14.8985579712469,1,4.02963033522094
1,6.48164105342366,1,13.726294460372,1,7.37731022374727,1,21.6706297763591,1,3.66330030474631
1,7.35753849307551,1,15.8150783999939,1,8.38330707244008,1,15.350029424921,1,4.39596036569557
1,6.65682054135403,1,12.8311013433913,1,10.3953007698257,1,21.4448940495221,1,3.66330030474631
1,7.35753849307551,1,14.3230898716926,1,6.37131337505446,1,13.0926721565503,1,8.42559070091651
1,5.88972923925174,1,12.2594810796793,1,7.82096126727049,1,24.0652999252678,1,16.6387185435594
1,6.78211245732018,1,14.0757004988911,1,7.4654630278491,1,13.5224066246743,1,3.05999421490747
1,7.49601903177494,1,14.0757004988911,1,8.17645950669188,1,12.6056332941879,1,3.05999421490747
1,6.4251591700928,1,12.9405633618837,1,8.53195774611327,1,22.6901399295382,1,11.6662279443347
1,5.88972923925173,0,12.0324536522779,1,8.53195774611326,1,11.6888599637015,1,15.4912207129691
1,6.22130062043988,0,16.3926161263493,1,9.6059244999732,1,9.68002894603953,1,4.34621557487092
1,5.5991705583959,0,16.0998908383787,1,10.3847832432143,1,16.0484690421182,1,3.55599456125803
1,5.80654724574389,1,13.7580885346146,1,9.86554408105356,1,15.5389938344319,1,3.55599456125803
1,9.12457424331183,1,17.8562425662019,0,9.34630491889284,1,10.444241757569,1,3.3584393078548
1,6.22130062043988,1,16.0998908383787,1,11.9425007296964,1,14.7747810229024,1,3.55599456125803
1,7.24344278464234,1,11.642735257203,1,7.05837481458342,1,14.6568471000481,1,7.03108806602714
1,6.33801243656204,1,13.5307463799926,1,7.41129355531259,0,10.0915996426561,1,4.54952757213521
1,7.24344278464234,1,15.1040889823174,1,5.64669985166673,1,20.9040278312162,1,10.3398353912164
1,7.84706301669586,1,13.8454149004576,1,8.82296851822927,1,16.8193327377601,1,14.0621761320543
1,8.14887313272263,1,12.2720722981329,1,6.70545607385425,1,12.4943614623361,1,2.89515390954059
1,6.30266834274568,1,15.1431490192831,1,8.5296071349359,1,12.1264740787027,1,3.61463665409579
1,6.06923618190325,1,13.6870769981982,1,8.0278655387632,1,12.1264740787027,1,3.4243926196697
1,7.46982914695784,1,16.308006636151,1,8.27873633684955,1,13.5531180879618,1,4.94634489507846
1,7.46982914695784,1,15.4343634235001,1,9.0313487311086,1,11.8887000771595,1,4.56585682622627
1,6.30266834274568,1,15.1431490192831,1,8.78047793302225,1,10.9376040709867,1,4.18536875737408
1,6.73609489257492,1,14.1160604229312,1,8.57469341132378,1,8.98053577526958,1,2.8302297609502
1,7.2542560381576,1,15.0785190881311,1,7.50285673490831,1,14.5070193292816,1,9.0971670887685
1,5.69977260140955,0,11.8703235374649,1,7.50285673490831,1,13.5859387369463,1,3.6388668355074
1,7.94513756560119,1,15.0785190881311,1,7.8601356270468,1,13.1253984407786,1,9.0971670887685
1,6.56337451071402,1,13.474421312798,1,9.64653008773925,1,14.5070193292816,0,10.3101227006043
1,6.6304567017451,1,12.1626308011666,1,17.0879349329815,0,13.0422289588019,1,16.3988419145828
1,6.78832471845332,1,13.4037155767958,0,8.20220876783114,1,14.4150951649916,1,3.31881324461794
0,7.89340083541083,0,14.3965833972992,1,7.86045006917151,1,12.584606890072,1,3.31881324461794
1,6.6304567017451,1,12.6590647114183,1,8.20220876783114,1,13.0422289588019,1,4.29493478715263
0,8.99847695236835,1,15.3894512178026,1,8.8857261651504,1,13.2710399931669,1,5.07583202118038
1,7.00554143486918,1,15.5443694831858,1,8.92090861265585,1,14.5822985206749,0,3.09552486814236
1,6.66380770633898,1,15.0262238337463,1,10.705090335187,1,12.3388679790326,1,4.83675760647244
1,7.51814202766449,1,14.7671510090265,0,10.3482539906808,1,10.3197804915545,1,5.03022791073133
0,5.12600592795306,0,12.1764227618289,1,8.20723592364338,1,16.1526998998245,1,3.28899517240125
1,7.51814202766449,1,16.3215879573451,1,9.99141764617456,1,14.8066415748391,1,10.4473964299805
1,6.31304567860519,1,13.2544723622564,1,7.6367083806191,0,12.372128026915,1,3.57134271053503
1,6.60667571016822,1,12.6519963457902,1,7.39036294898622,1,20.0428474036023,1,10.7140281316051
1,7.19393577329428,1,13.2544723622564,1,7.88305381225197,1,22.0223878879087,1,3.76975063889809
1,7.48756580485731,1,13.5557103704895,0,6.89767208572048,1,13.3618982690682,1,3.96815856726115
1,6.60667571016822,1,12.9532343540233,0,8.62209010715059,1,20.7851750852172,1,18.6503452661274
1,7.81902575688698,1,15.7831838214448,1,8.02076698582041,1,14.960953532363,1,3.60490385589918
1,7.3764393932896,1,12.9135140357276,1,7.01817111259286,1,10.9713659237329,1,3.98436741967804
1,6.19620909036327,1,12.9135140357276,1,9.35756148345715,1,13.9635566302055,1,3.41517207400975
1,7.08138181755802,1,12.3395800785841,1,8.68916423463878,1,16.7063981111387,1,3.79463563778861
1,7.22891060542381,1,13.7744149714428,1,9.69176010786633,1,11.9687628258904,1,3.03570851023089
1,5.85869084867852,1,11.6746174830844,1,9.64064472591012,1,11.7372198828474,0,3.27326529932825
1,6.49206283231944,1,14.1324316900496,1,9.2214862595662,1,14.7339568742127,0,3.27326529932825
0,4.11691789366599,0,8.90957650024864,1,11.7364370576297,1,13.2355883785301,1,4.42853540497352
1,6.96709182005014,1,14.7468852417909,1,8.80232779322228,1,14.7339568742127,1,4.23599038736598
1,7.12543481596037,1,14.4396584659202,1,8.38316932687836,1,14.2345007089852,1,3.65835533454334
1,6.97529246087431,1,14.9528786006602,1,7.86558864183687,1,13.8144067455887,1,3.72962098986855
1,6.17811617963153,1,14.1518315327677,1,8.67927022547516,1,20.1554459074983,1,3.72962098986854
1,7.77246874211709,1,15.4869099792552,1,8.67927022547516,1,15.6261322204201,1,4.35122448817997
1,6.57670432025292,1,14.1518315327677,1,11.1203149763901,1,13.8144067455887,0,2.4864139932457
1,6.97529246087431,1,13.0837687755777,1,8.13681583638296,1,10.8703528489879,1,4.97282798649139
1,6.55084233814625,1,12.452436553404,1,6.1916769656812,1,11.0630439129403,1,4.28547458213151
1,6.91477802359882,1,14.527842645638,0,9.46962359457124,1,11.0630439129403,1,3.54017465480429
1,6.55084233814625,0,11.2664902149846,0,6.55589325778009,1,13.1814991303118,1,7.26667429144038
1,6.73281018087254,1,12.452436553404,1,7.64854213407677,1,11.2984278259815,1,3.35384967297249
1,6.55084233814625,1,12.1559499687992,1,7.64854213407677,1,16.0061060868072,1,3.7264996366361
1,6.22529255266238,1,12.8658149327738,1,8.57824928567934,1,22.0909246899125,0,16.1030776014615
1,7.90780405338194,1,15.3885237431216,1,8.30153156678646,1,20.7520807693117,1,3.2613828053593
1,5.88879025251847,1,12.1090022896694,1,8.85496700457222,1,12.4958765922737,1,3.66905565602921
1,6.05704140259042,1,12.1090022896694,0,7.47137841010781,1,10.9338920182395,1,3.2613828053593
1,6.56179485280629,1,13.8748984569129,1,8.57824928567933,1,11.157032671673,1,4.28056493203408
0,6.37932315918141,1,14.0227845256593,0,8.53820142004368,1,22.5735709024942,1,2.76248362675989
1,6.37932315918141,1,13.1979148476793,0,8.98758044215124,1,14.8985567956462,1,2.76248362675989
0,6.07554586588706,0,11.2732189323928,1,8.53820142004368,1,15.3500282136961,0,2.39415247652524
1,6.53121180582858,1,13.1979148476793,1,7.19006435372099,1,11.738256869297,1,2.76248362675989
1,7.13876639241729,1,12.0980886103727,1,6.29130630950587,1,16.7044424678457,1,2.76248362675989
1,6.54126204667592,1,11.7704388052703,1,8.9370145714301,1,14.7282682108708,1,3.58255888543634
1,6.71805291280229,1,13.0094323637198,1,10.655671219782,1,18.1270993364563,1,7.96124196763631
1,5.83409858217041,1,13.9386775325569,1,11.3431338791228,1,8.38378344311105,1,3.98062098381816
1,6.36447118054954,1,13.9386775325569,1,8.59328324175971,1,14.0485019857537,1,7.96124196763631
1,6.54126204667592,1,11.7704388052703,1,7.90582058241893,1,11.7826145686966,1,5.37383832815451
1,7.45181030981329,1,12.8964512991371,1,5.05593000355563,1,13.1768248400395,1,3.75270811285075
1,6.1743571138453,0,10.4269180716427,1,7.73259882896743,1,13.6648553896706,1,3.75270811285075
1,7.87762804180262,1,14.5428067841333,1,7.73259882896743,1,13.4208401148551,1,3.54422432880348
1,7.02599257782396,1,11.7988809758063,1,9.21963706530732,1,13.4208401148551,1,3.96119189689801
1,11.0712610317226,0,15.0915919457987,0,9.21963706530732,1,10.4926568170685,1,3.54422432880348
1,6.97775330002202,1,12.7301307646456,1,8.5914051486276,1,24.0176572700312,1,3.34970406165406
1,6.97775330002202,1,15.1385338822812,1,7.36406155596652,0,23.3566208314065,1,11.2313606773107
1,6.97775330002202,1,12.0420155881783,1,8.83687386715982,1,13.8817652111189,1,4.53195255400255
1,9.40479792611664,0,13.7623035293466,1,8.34593643009539,1,16.0852200065347,0,2.75857981547981
1,6.52268243262928,1,12.7301307646456,1,13.500779519272,1,22.4752389132402,1,2.95562123087123
1,7.52307646183047,0,12.1050327006135,1,16.806937093491,1,22.4146239423087,1,5.20031418655165
1,8.37797151431121,1,13.3155359706748,1,7.98329511940823,1,13.1564097052681,1,7.12635647786708
1,5.813286356869,1,12.1050327006135,1,8.82364197408278,1,15.8364190896746,1,10.7858368313664
1,6.66818140934974,1,12.4076585181288,1,7.56312169207096,1,16.8109679567315,1,12.5192748935503
1,5.47132833587671,1,12.1050327006135,0,8.82364197408279,1,15.5927818729104,1,4.62250149915702
1,6.24130823789424,1,13.2093584703593,1,7.71122363556879,1,14.4799457103298,1,3.88904608228883
1,6.73404309878063,1,13.2093584703593,1,19.8712301378119,1,12.7509969687979,1,12.6393997674387
1,7.39102291329582,1,12.6472581099185,1,10.0839078311284,1,13.6154713395639,1,7.58363986046322
1,6.89828805240943,1,11.5230573890368,1,8.3043946844587,0,7.34803215151065,1,3.50014147405995
1,6.56979814515183,1,11.2420072088164,1,10.3804933555734,1,14.2638271176383,1,5.05575990697548
1,5.92070182469376,1,13.1147912890161,1,7.83291562039211,1,12.9260094445516,1,3.5500516238593
1,6.45894744512047,1,13.1147912890161,1,7.49235407167941,1,20.1558113372668,1,8.35306264437482
1,5.20304099745815,1,14.2805505147064,1,8.17347716910481,1,13.1450943503914,1,3.13239849164056
1,7.17660827235607,1,13.1147912890161,1,8.17347716910481,1,25.4138490774234,1,10.6501548715779
1,6.81777785873827,1,13.4062310954386,1,7.49235407167941,1,21.0321509606263,0,2.92357192553118
0,5.11619596851339,0,8.5965739581505,1,8.60655960452028,1,15.996256180232,1,10.8210644607412
1,5.66435982228268,1,11.0923534943877,1,9.26860265102184,1,19.784843170287,1,3.66815744431904
1,6.5779662452315,1,14.4200595427041,1,6.6204304650156,1,10.9448068601588,0,3.66815744431904
1,6.21252367605197,1,9.15119163286989,1,6.28940894176482,1,17.8905496752595,1,11.7381038218209
1,5.84708110687245,1,12.7562065185459,1,6.95145198826638,0,10.9448068601588,1,11.7381038218209
1,5.73323937998018,1,11.9098324965572,1,8.95685272147953,1,11.7988762047706,1,3.98559283592678
1,7.00729257553133,1,14.0271360515008,1,7.77831946865328,1,17.1620017523936,1,3.41622243079438
0,6.05175267886797,0,10.5865177747175,1,8.95685272147953,1,15.6603265990592,1,3.98559283592678
1,6.68877927664355,1,12.4391583852931,0,8.24973276978378,1,10.940776117151,1,13.2853094530893
0,6.52952262719965,1,12.7038213296611,1,8.95685272147953,0,12.0134012266756,1,5.8834941863681
1,8.73966273693824,1,15.8788030550711,1,7.24027858864632,1,15.8835302132075,1,3.70593474357144
1,7.0530611561256,1,14.05664532744,1,6.93860031411939,1,14.2951771918868,1,3.51088554654136
1,6.59307890681306,1,13.2757205870266,1,7.84363513770018,1,24.0522028942857,1,5.6564267138722
1,5.97976924106301,1,13.0154123402222,1,9.0503482358079,1,12.4799165960916,1,5.46137751684213
1,7.0530611561256,1,14.3169535742444,0,8.14531341222711,1,12.4799165960916,1,3.90098394060151
1,6.5218777515055,1,13.0143350906357,1,9.05882687783661,0,14.252807882922,1,4.35939548550969
1,6.5218777515055,1,14.076729791912,1,9.05882687783662,1,21.482493040926,1,16.868965139581
1,6.86513447526895,1,13.2799337659548,1,7.85098329412507,1,11.1543713866346,1,3.41170081474671
0,7.2083911990324,1,12.7487364153166,1,7.24706150226929,1,10.741246520463,1,3.22216188059412
1,8.58141809408618,1,19.3887032982939,1,7.85098329412507,1,13.6331205836645,1,3.6012397488993
0,6.34346283941766,1,12.727104187102,1,8.43588058529164,0,15.9368539180055,1,3.49627239250929
1,6.87208474270246,1,13.7876962026939,0,7.89163022495024,1,13.1542286307347,1,3.08494622868468
1,6.87208474270246,1,14.0528442065918,1,8.16375540512094,1,12.6482967603218,1,3.08494622868468
0,7.22449934489233,1,14.0528442065918,1,8.16375540512094,0,10.1186374082574,0,7.40387094884322
1,6.87208474270246,1,14.5831402143878,1,8.98013094563303,1,11.3834670842896,1,3.29060931059698
0,6.69748903092374,1,12.944503507852,1,6.55170492475731,1,11.6213943580407,1,9.12923637955925
1,6.85324458978243,1,14.2721448932727,1,6.0477276228529,1,10.8950572106632,1,5.18706612474957
1,6.07446679548897,1,12.6125931614968,1,7.55965952856613,1,11.1371695931223,1,5.18706612474957
1,6.38597791320635,1,12.2806828151416,1,7.55965952856613,1,9.20027053344889,1,7.2618925746494
1,6.69748903092373,1,11.9487724687865,1,8.06363683047054,1,13.0740686527958,1,6.63944463967946
1,6.28271744180532,1,13.175012516935,1,8.47509725135922,1,18.7491628236688,1,3.61212916618588
1,5.56469259131329,1,10.7551122587225,1,8.84357974054875,1,10.517823047424,1,2.2074122682247
1,6.82123607967435,1,16.4015461945517,1,8.10661476216969,1,13.9475479541927,1,3.81280300875176
1,9.15481684377347,1,14.7882793557434,1,9.58054471892782,1,11.4324163558956,1,3.01010763848823
1,7.35975471754338,1,16.1326683880837,0,9.58054471892782,1,11.8897130101315,1,3.21078148105412
1,6.18953157968424,1,13.236791833079,1,8.42025104342329,1,11.7138447471112,0,4.01007701182741
1,6.356816216973,1,12.574952241425,1,6.67813013788744,1,12.2344600692051,1,4.21058086241877
1,6.02224694239548,1,11.5821928539441,1,7.25883710639939,1,13.0153830523458,1,3.80957316123603
1,7.36052404070558,0,11.5821928539441,1,8.71060452767926,1,16.9199979680496,1,4.21058086241877
1,6.18953157968424,1,13.8986314247329,1,7.83954407491134,1,8.59015281454823,1,3.60906931064467
1,5.44972549472288,1,9.59787353533717,1,9.49363144269413,1,14.5832401618769,1,6.7227693838037
1,6.57172780245995,1,12.1384871182205,1,10.7186161449773,1,13.8289346362626,1,3.90354351317634
1,4.64829527491069,0,10.7270351277298,1,11.6373546716896,1,18.3547677899485,1,10.8431764254898
1,6.73201384642238,1,12.985358312515,1,9.79987761826491,1,12.3203235850339,1,14.3129928816466
1,6.25115571453507,1,13.5499391087113,1,20.2122475876714,0,11.8174532346244,0,3.46981645615675
1,5.68782670402687,1,11.1089879741838,1,9.2261300818796,1,12.0117201773612,1,3.50139022131047
0,7.33913123100241,1,14.6436659659695,0,7.68844173489966,1,20.8366574505246,1,9.88627827193546
0,7.88956607332759,1,17.1684359601022,1,9.84120542067157,1,15.1985030815591,1,3.29542609064515
1,6.23826154635205,1,10.351556975944,1,8.91859241248361,1,12.0117201773612,1,3.50139022131047
1,6.42173982712711,1,14.138711967143,0,9.2261300818796,1,14.9533659350823,1,3.08946195997983
1,7.96908159785285,1,13.1538477538813,1,8.50285576902533,1,21.5845912818919,0,3.09162876023523
1,6.85711672373384,1,13.6236280308056,1,7.67999875911966,1,13.2828254042412,1,3.47808235526463
1,5.18916941255534,1,12.6840674769569,1,8.50285576902533,1,11.622472228711,1,4.83066993786755
1,5.37449689157518,1,13.3887378923434,1,8.22857009905677,1,16.1291451337214,1,3.47808235526464
1,6.11580680765451,1,11.5096167846461,0,7.67999875911966,1,13.2828254042412,1,3.28485555774993
1,5.82628543812959,1,11.0185289921346,0,8.27550783444098,1,18.5549226483758,1,5.06109537702208
0,4.91592833842185,1,13.2870496669858,1,9.23037412303032,1,17.1804839336813,1,4.8502164029795
1,6.55457111789579,1,10.0463058457698,1,14.3229943288402,0,16.4932645763341,1,15.6050440791514
1,7.28285679766199,1,16.2037191060803,1,7.95721907157786,1,18.5549226483758,1,4.42845845489432
1,6.37249969795424,1,13.6111240491074,1,7.95721907157786,1,23.8236043880381,1,12.4418594685126
1,7.45064568970333,1,17.0233135435752,1,10.0267792522631,1,23.3997144972086,1,19.4747327099669
1,8.58443959900601,1,21.529484775698,1,11.3817494214878,1,23.8213309746358,1,4.00950379322847
1,7.28867513123151,1,14.0191993888266,1,10.297773286108,1,24.242947452063,1,10.3101526111589
1,7.77458680664695,1,14.7702279275138,1,10.0267792522631,1,23.6105227359222,1,10.8829388673344
1,5.99291066345702,1,11.2654280803071,1,11.1107553876429,1,24.6645639294901,1,6.30064881793045
0,6.72799905276353,1,13.8543759780007,1,9.40861616422593,1,23.8298423505961,1,3.04360279901983
1,5.08702367404072,1,10.4677507389339,1,9.70263541935799,1,11.447669364502,1,2.84069594575184
1,5.74341382552984,1,13.5465009562674,1,14.4069435014709,1,19.6245760534321,1,3.04360279901983
1,7.05619412850809,1,16.0095011301341,1,9.70263541935798,1,10.980417553706,1,4.05813706535977
1,5.74341382552984,1,12.315000869334,1,10.2906739296221,1,15.1856838508701,0,3.04360279901983
1,5.14566070050554,1,12.3610507998198,1,8.87476163735179,1,15.8553757172178,1,2.8382362592961
1,6.03284357990304,1,12.3610507998198,1,9.73360953774067,1,15.8553757172178,1,4.25735438894415
1,7.98464591457756,1,11.6193877518306,1,8.0159137369629,1,15.4149486139618,1,3.19301579170812
1,6.56515330754155,1,13.3499348638054,1,8.30219637042587,1,10.3500369265172,1,5.4990827523862
1,6.74258988342105,1,13.5971558798017,1,9.16104427081475,1,23.3426364725707,1,3.19301579170812
1,6.03820004211939,1,13.5022326068083,1,7.74858350507682,1,18.2260026130075,1,2.68981494826753
0,8.45348005896714,0,15.0601825229784,0,6.29572409787491,1,15.3008416998088,1,3.45833350491538
1,7.9359200553569,1,15.5794991617018,1,7.74858350507681,1,13.9507674321786,1,2.49768530910556
1,6.90080004813644,1,12.9829159680849,1,8.71715644321142,1,16.650915967439,1,18.0601860812248
1,7.07332004933985,0,11.9442826906381,1,5.81143762880761,1,11.4756312748566,1,4.22685206156325
1,6.51139071155175,1,11.8502343792983,1,8.72118651505011,0,9.99981658745704,1,14.4905169691664
1,6.33051874734198,1,14.8127929741229,1,9.28384370956947,1,11.6664526853665,0,2.85997045444074
1,6.33051874734197,0,9.7764433629211,1,9.00251511230979,1,9.28554397406725,1,3.43196454532888
1,7.05400660418106,1,13.9240253956755,1,7.87720072327107,1,13.8092705255359,1,2.85997045444074
1,5.60703089050289,1,9.77644336292111,1,9.84650090408883,1,12.1426344276264,0,3.05063515140345
1,6.98972619399844,1,12.5478542593997,0,7.4003590057688,1,17.6256507077088,1,3.93704722290454
1,5.87772429949869,1,13.5319996915095,1,9.16234924523756,0,9.17499625880735,1,4.65287399070536
0,6.51315395349855,0,13.5319996915095,1,7.4003590057688,1,15.9355198179285,1,10.0215747492116
1,7.94287067499824,1,14.2701087655919,1,5.99076681419379,1,14.9697307380541,1,8.7688779055601
1,6.35429653999859,1,12.0557815433448,1,8.45755314945005,1,14.2453889281482,1,6.44244091020742
1,6.14490835040617,1,12.312971725324,1,9.34319832891607,1,17.6151363060536,1,3.42452447813193
1,6.79174080834366,1,15.391214656655,1,8.65110956381117,1,12.2842397923795,0,3.42452447813193
1,6.46832457937491,1,13.5442688978564,1,9.68924271146851,1,20.8600298361161,1,3.85259003789842
1,6.30661646489054,1,14.4677417772557,1,7.61297641615383,1,16.4562457596027,1,3.85259003789842
0,6.79174080834366,1,14.7755660703888,0,7.26693203360139,1,21.3235860546965,1,3.63855725801517
1,6.04384166354235,1,10.4890938874255,1,8.59412633324851,1,14.2675319798929,0,2.3665913493077
1,6.75488185925322,1,9.92211583945658,0,7.81284212113501,1,10.7679486640701,1,2.76102324085899
1,6.04384166354235,1,11.6230499833634,1,7.03155790902151,1,11.8447435304771,0,2.76102324085899
1,5.15504141890377,1,12.7570060793013,1,9.76605265141877,1,13.4599358300876,1,3.15545513241028
1,5.68832156568692,1,11.3395609593789,0,8.59412633324851,1,8.88355764785783,1,2.76102324085899
1,6.51016324583327,1,12.8644606480159,1,7.76671592974144,1,17.7846576484091,1,3.43712295101495
1,6.51016324583328,1,9.95175257676703,1,9.32005911568973,1,17.7846576484091,1,4.04367406001759
1,6.35137877642271,1,14.0780890110363,1,8.0773845669311,1,15.8619919566892,1,3.63930665401583
1,6.35137877642271,1,13.5926376658281,1,9.63072775287938,1,14.4199926878993,1,3.63930665401583
0,7.14530112347555,0,10.9226552671833,1,7.45604729255178,1,12.4973269961794,1,2.83057184201231
1,6.51497443548017,1,14.9060281240291,1,13.9201173949929,1,22.5476836339453,1,4.1984219869898
0,5.61011687499681,0,9.37637252963121,1,10.6447956549946,1,10.0994832943713,1,2.59902313480321
1,7.41983199596352,1,14.4251885071249,1,8.18830434999582,1,15.0317890892969,1,3.99849713046647
1,5.97205989919015,1,14.4251885071249,1,7.36947391499625,1,12.9179437486145,1,3.19879770437318
1,5.79108838709348,1,12.2614102310562,1,8.18830434999583,1,12.6830720440942,1,3.59864741741983
1,6.26787656139178,1,12.7902838142641,0,7.5781424121812,1,16.425260121586,0,4.46089032057359
1,6.77608276907219,1,13.8000430627587,1,8.46968857832017,1,16.2062566532981,1,4.07298681443676
1,7.45369104597941,1,15.8195615597478,0,7.5781424121812,0,11.1691768826784,0,2.90927629602625
1,7.2842889767526,1,15.1463887274181,1,8.02391549525068,1,16.8632670581616,1,3.4911315552315
1,6.77608276907219,1,14.4732158950884,0,8.02391549525068,1,10.9501734143906,0,3.4911315552315
1,9.35145426512335,1,18.584404593812,1,7.90608687524946,1,13.0426478570225,1,2.6271276970473
1,8.01553222724858,1,16.0501676037468,1,8.7845409724994,1,16.5750316516328,0,3.63756142668088
1,5.5106784062334,1,12.3896030625414,0,10.5414491669993,1,10.0537077231215,1,7.47720959928848
1,7.3475712083112,1,15.2054219403917,1,6.44199671316622,1,13.5860915177318,1,4.85008190224118
1,6.17863942517079,1,13.5159306136815,1,6.44199671316622,1,11.4123168748947,1,3.03130118890073
0,6.69998952187609,0,11.1955196753131,1,7.7361010532011,0,10.2069982893461,1,3.55271814013798
1,8.12551920738164,1,15.2914415077447,0,7.7361010532011,1,12.3942122084917,1,2.5078010400974
0,5.84467171057276,1,11.1955196753131,1,8.33118574960118,1,11.4221171333159,1,3.55271814013798
1,6.9850954589772,1,13.3800113192766,1,7.7361010532011,1,12.8802597460796,1,3.7617015601461
0,6.41488358477498,1,14.4722571412583,1,8.62872809780122,1,12.3942122084917,1,3.34373472012987
1,5.62301099508633,1,11.9888523225843,1,8.01674175234521,1,15.4130081945883,1,4.45626129633269
1,6.87256899399441,1,13.8332911414434,1,7.28794704758656,0,17.4834122804285,1,7.55626915465108
1,6.40398474440388,1,12.9110717320138,1,8.01674175234521,1,23.9246694363759,1,4.26251080518779
1,6.87256899399441,1,12.2194071749416,1,7.65234439996589,1,16.3331877882951,1,3.48750884060819
1,7.02876374385792,1,13.3721814367286,1,9.1099338094832,1,15.4130081945883,1,4.65001178747759
1,6.54217530018467,1,13.0519229970471,1,7.36825427110863,1,13.9281119378957,1,4.37243454364617
0,7.91947536338145,1,18.0240841387793,1,26.4390300316251,1,16.2888088765221,1,5.7636637166245
1,6.37001279228508,1,12.1196427829723,1,8.23510771476847,1,12.7477634685825,1,3.97494049422379
1,8.26380037918064,1,18.9563643528541,1,9.53538788025822,1,11.3313453054067,1,5.56491669191331
1,7.05866282388346,1,14.9164834251967,1,7.80168099293854,1,11.803484693132,1,4.17368751893498
1,7.49247860487698,1,15.5511105178178,1,9.91255861766997,1,19.9505877048804,1,3.70559065533144
1,7.00383869586326,1,14.1373731980161,1,9.32946693427761,1,17.3197409745665,1,3.52031112256487
1,7.65535857454822,1,16.1166054457384,1,7.28864604240439,1,14.0311825616741,1,5.00254738469744
1,7.1667186655345,0,15.2683630538574,1,7.28864604240439,1,23.8968578003512,1,4.44670878639773
1,7.1667186655345,0,12.7236358782145,1,12.2449253512394,0,11.4003358313602,0,2.96447252426515
1,7.00563634417616,1,14.2421926903484,1,6.2326928413921,1,12.1000419896015,0,4.35145207958877
1,6.26820093952604,1,12.6941282674844,1,8.41413533587933,1,16.6375577357021,1,3.522604064429
1,7.18999519533869,1,15.1710313440667,1,6.2326928413921,1,13.3964750599159,1,3.31539206063906
1,7.18999519533869,1,13.31335403663,0,7.47923140967052,1,15.1250524870019,0,2.90096805305918
1,5.89948323720098,1,13.31335403663,1,9.66067390415775,1,12.3161141679872,1,2.90096805305918
1,6.45891154558348,1,13.5876030281191,1,6.45411678891917,0,8.05086454463176,0,3.12856951437631
1,6.45891154558349,1,11.9305782685924,1,8.91282794660266,1,16.7918031930891,1,3.12856951437631
1,6.6434518754573,1,11.9305782685924,1,7.99081126247136,0,20.0121490109418,1,3.96285471820998
1,6.82799220533111,1,13.2561980762138,1,9.2201668413131,0,22.5424207249689,1,3.96285471820999
1,6.45891154558349,1,14.2504129319298,1,8.29815015718179,1,16.3317537905387,1,3.75428341725157
1,6.08063057818826,0,13.9517975299827,0,8.67296405999615,1,11.2267494364683,1,3.47869666430271
1,6.77555978712405,1,15.2933165232503,1,7.43396919428241,1,14.9689992486244,1,5.5249888197749
0,7.9916859027617,1,16.0982279192108,0,7.92956714056791,1,11.2267494364683,1,5.32035960422768
1,7.2967566938259,1,15.8299241205573,0,8.67296405999615,1,13.7995461823256,1,3.88795509539715
0,7.12302439159195,1,16.0982279192108,1,8.4251650868534,1,13.5656555690659,1,3.88795509539715
1,8.38046149905338,1,16.9721492971823,1,8.31073090471677,1,19.1163855390498,1,14.795934652619
1,7.37480611916698,1,15.8214951075428,1,8.31073090471677,1,12.0850713177901,1,3.94558257403174
0,11.3974276387126,0,19.5611212238711,1,9.06625189605465,1,18.2374712613924,1,10.6530729498857
1,6.70436919924271,1,13.232523180854,1,7.55520991337888,1,14.9415427201769,1,7.29932776195871
0,8.88328918899659,0,16.3968222023626,1,8.31073090471677,1,15.1612712895912,1,3.55102431662856
1,6.47024456379198,1,12.8809709221385,1,8.20335707443218,1,17.3610772448446,1,3.74873945366878
1,7.15132293892798,1,15.3667723281652,1,7.8995290346384,1,10.7230182982864,1,4.93255191272208
1,6.47024456379198,1,14.4628445441555,0,7.59570099484461,1,20.9354166776068,1,3.74873945366878
1,7.83240131406398,1,16.0447181661725,1,8.50718511422597,1,23.7438262319198,1,9.47049967242639
1,5.61889659487198,1,12.2030250841312,0,12.1531215917514,0,10.7230182982864,1,3.74873945366878
1,10.3605088747989,1,21.1772795344921,1,8.07932984625406,1,21.167134941586,1,3.33788388640783
1,6.9070059165326,1,13.566694701784,1,7.81001885137893,1,22.1292774389308,1,2.96700789902918
1,6.44653885543043,1,14.2284846872369,1,7.5407078565038,1,22.1292774389308,1,3.52332188009715
1,6.44653885543043,1,12.9049047163311,1,8.07932984625407,1,14.191601835836,1,3.15244589271851
0,6.21630532487934,0,11.5813247454253,1,5.65553089237785,0,22.369813063267,0,2.78156990533986
1,6.6098789786676,1,11.7471128698662,1,8.43117165757865,1,11.7389636606482,1,3.31874332370881
1,5.99500651553573,1,13.2467443000619,1,8.11890604063129,1,13.0432929562758,1,3.31874332370881
1,6.6098789786676,0,12.496928584964,0,7.80664042368393,1,11.7389636606482,1,3.50311795280375
1,5.38013405240386,1,13.4966828717612,1,6.5575779558945,1,12.6085165243999,1,2.94999406551895
1,6.6098789786676,1,12.7468671566633,1,7.80664042368393,1,14.5650104678413,1,8.29685830927203
1,7.18587262325207,1,10.8707171086852,0,9.70630833736682,1,15.7852157279602,1,11.8197944350089
1,8.41272892478291,1,12.8732176287062,1,7.54935092906308,1,19.41154907087,1,3.00185255492289
1,7.88693336698398,1,14.589646645867,1,8.26833673183099,1,16.8517843582278,1,3.00185255492288
1,6.13428150765421,1,12.587146125846,1,7.90884383044704,1,13.8653921934786,1,10.8817155115955
1,5.95901632172123,1,13.1592891315663,1,7.54935092906308,1,13.6520784674251,1,9.94363658818206
1,6.59462129257829,1,11.1380182410124,0,7.17886422947733,1,11.7430039824009,1,6.64293051946685
1,6.59462129257829,1,13.0396311114291,1,7.65745517810915,1,11.5171769827394,1,8.92050669756977
1,8.28554982913683,1,14.9412439818459,1,7.65745517810915,1,14.2271009786781,1,3.03676823747056
1,6.93280699988999,1,12.767972129941,1,9.09322802400462,1,14.9045819776627,1,5.31434441557348
1,7.77827126816926,1,14.6695850003578,1,6.7002732808455,1,10.16221498477,1,3.60616228199629
1,6.81241738068861,1,13.5168912598441,1,14.1623829017264,1,12.4489308965987,1,3.52268774905263
1,5.70341920243698,1,11.7913306734811,1,6.46543567252725,1,22.3572636510344,1,10.360846320743
1,6.495560758331,1,12.3665175356021,1,7.38906934003115,1,19.3085458804388,0,3.93712160188236
1,7.12927400304622,1,12.9417043977231,1,9.23633667503893,1,20.0707253230877,1,3.7299046754675
1,7.12927400304622,1,12.6541109666626,1,7.69694722919911,1,16.2598281098432,1,4.7659893075418
1,6.57829909750184,1,14.0608270974282,1,8.36669829390223,1,14.2870101627701,1,12.4064669989875
1,6.57829909750184,1,14.0608270974282,1,7.76907698719493,1,8.13260578496145,1,2.71391465602851
0,6.43529259538224,0,8.78801693589266,1,8.66550894725588,1,10.9900078175155,0,3.29546779660605
1,6.86431210174105,1,13.4749593017021,1,9.56194090731683,0,11.4296081302161,1,3.10161674974686
1,6.43529259538224,1,13.182025403839,1,7.17145568048763,1,12.3088087556173,0,3.29546779660605
1,7.18827094587552,1,14.1487732942272,1,7.8302963222285,1,17.1698220355927,1,3.64893690891451
1,6.48697621944864,1,12.6749427427452,1,7.56028610422062,1,13.5069266679996,1,3.45688759791901
1,6.48697621944864,1,13.264474963338,1,9.72036784828365,1,10.5308241818302,1,3.84098621991001
1,6.1363288562352,1,15.3278377354128,0,9.72036784828366,1,13.7358576284742,1,3.64893690891451
1,6.66229990105536,1,12.3801766324488,1,7.29027588621274,1,13.0490647470505,1,3.26483828692351
1,6.31554297451148,1,11.2115711994393,1,9.85786683816424,0,11.6026628768998,1,3.99423871545098
1,7.04990843666398,1,16.1944917325234,1,10.5880791965468,0,12.6574504111634,1,2.99567903658823
1,6.75616225180298,1,12.7064473593645,1,13.1438224508857,0,13.1848441782952,0,3.59481484390588
1,6.02179678965048,1,12.2081553060561,1,8.39744212139917,1,15.0307223632565,1,3.59481484390588
1,7.49052771395548,1,16.4436377591776,1,9.49276065897298,1,10.2841784590703,0,3.79452677967843
1,6.52460377840995,1,15.2802735870317,1,9.98846439929373,1,12.6414643109254,1,3.2487040417546
1,5.7090283061087,1,12.0059292469535,1,7.84807917087364,1,20.5125647309356,1,3.2487040417546
1,6.52460377840995,1,17.4631698137505,1,9.63173352789038,1,13.3570188945627,1,3.68186458065521
1,6.6877188728702,1,16.3717217003911,1,10.3451952706971,1,21.9436738982102,0,9.09637131691287
1,5.87214340056895,1,12.2787912752933,1,7.84807917087364,1,15.0266462563831,1,11.6953345503165
1,5.61375822785737,1,12.1376720547355,1,8.17058331704055,1,11.7467050727759,0,2.92209467388781
1,6.66633789558063,1,11.249549709267,0,7.26274072625827,0,15.9069964527173,1,3.89612623185042
1,7.71891756330388,1,11.8416312729126,1,7.5653549231857,1,11.9914280951254,1,2.72728836229529
1,5.96461811709846,1,12.1376720547355,1,7.5653549231857,1,12.2361511174748,0,3.31170729707285
1,7.01719778482171,1,12.1376720547355,1,9.98626849860512,0,10.7678129833779,1,3.70131992025789
0,6.88689117088183,0,12.6145198018917,1,7.87053444912937,1,13.0585836751092,1,4.16601790085556
1,7.20721169045773,1,12.6145198018917,1,17.3151757880846,1,12.3194185614237,1,3.33281432068445
1,5.28528857300233,1,14.3665364410434,1,7.87053444912937,1,12.5658069326522,1,4.58261969094112
1,8.00801298939748,1,12.6145198018917,1,14.481783386398,1,13.7977487887946,1,8.12373490666834
1,5.92592961215413,1,13.6657297853827,1,8.50017720505972,1,10.3483115915959,1,5.83242506119778
1,6.8479672651946,1,13.6543620681058,1,9.1838083409313,1,12.3544979684604,1,4.07190746937519
1,7.53276399171406,0,12.6238441761733,1,6.22128952127605,1,15.3195774808909,1,3.87800711369065
1,6.16317053867515,1,11.3356968112577,1,7.40629704913815,1,11.3661381309836,1,3.87800711369065
1,5.30717463052582,1,11.0780673382745,1,8.88755645896578,1,14.3312176434141,1,7.17431316032771
1,6.67676808356474,1,10.5628083923083,1,9.1838083409313,0,11.3661381309836,1,3.49020640232159
1,6.84863280236828,1,14.0541005742454,1,5.44592833532539,1,10.152965295856,1,4.08723539181229
1,6.53733131135154,1,14.0541005742454,1,6.65613463206436,1,12.139415027654,1,3.11408410804746
1,5.75907758380969,1,20.627792778328,1,7.26123778043385,0,13.0222815751197,1,3.30871436480042
1,7.00428354787665,1,14.5074586572856,1,7.26123778043385,0,10.152965295856,1,4.47649590531822
1,12.1407581496529,1,22.4412251104887,1,7.26123778043385,1,10.8151152064554,1,4.08723539181229
1,5.90057490895279,0,11.6059946634836,1,8.88832914584372,1,13.5418812356101,1,2.83799388690368
1,6.40633847257732,1,12.8675158225579,1,8.88832914584372,1,14.254611826958,0,2.83799388690368
1,6.91210203620184,1,12.6152115907431,1,8.08029922349429,0,12.3539969166969,1,3.59479225674466
1,7.41786559982637,1,12.3629073589282,1,8.08029922349429,1,13.3043043718275,1,2.83799388690368
1,6.91210203620184,1,23.4642935587821,1,9.29234410701843,0,14.4921886907406,0,2.64879429444343
1,6.45602046287253,1,12.7009936824757,1,7.91860743653986,0,7.58569965763408,1,5.93668483391565
1,9.92022656490169,1,17.5859912526587,1,8.63848083986166,1,12.3267619436554,1,3.16623191142168
1,5.98362872168673,1,11.9682440469483,1,8.27854413820076,1,12.3267619436554,1,4.15567938374096
1,7.71573177270132,1,14.8992425890581,1,8.99841754152257,1,13.7490806294618,1,4.15567938374096
1,4.72391741185795,1,10.5027447758934,1,8.27854413820076,1,12.5638150579564,1,4.55145837266867
1,6.24444547413952,1,12.5062996121878,1,7.72110520844133,1,16.0781049231362,1,4.10055156938569
1,5.92421750110672,1,15.0075595346253,1,6.48572837509072,1,13.3146806394722,1,4.10055156938569
1,8.16581331233629,1,19.7599533872567,1,8.33879362511664,1,9.79759518753613,1,7.17596524642496
1,6.24444547413952,1,12.256173619944,0,6.79457258342837,1,17.5854272596802,1,9.63629618805637
1,5.76410351459033,1,11.5057956432127,1,8.64763783345429,1,12.8122398606242,0,4.51060672632426
1,6.2503465139055,1,11.248242842171,1,8.6233764051295,1,16.2135365578641,1,3.50289341292591
1,8.71758855886819,1,16.2183966561536,0,7.54545435448831,1,18.1494812214897,1,3.28396257461804
1,5.75689810491296,1,11.7714169278534,1,7.00649332916772,1,23.2313359635068,1,3.72182425123378
1,6.2503465139055,1,12.2945910135358,1,8.6233764051295,1,11.131681815847,1,3.50289341292591
1,6.57931211990052,1,12.8177650992182,1,8.3538958924692,1,15.2455642260513,1,3.06503173631017
1,6.22971023616271,1,10.9515713441414,1,9.09283173589055,1,13.6870334984354,1,2.83508514279311
1,7.55116392262147,1,15.9295583187511,0,9.38614888866122,1,9.43933344719684,0,3.02409081897932
1,6.60726843229379,1,14.1872628776377,1,9.67946604143188,1,12.9790834898957,1,4.53613622846898
1,5.85215204003164,1,14.4361622263682,1,8.50619743034923,1,11.7991668089961,1,3.59110784753794
1,6.04093113809718,1,11.6982693903328,1,8.50619743034923,1,14.6309668431551,1,8.50525542837934
1,6.81554031351143,1,14.2387986304057,0,6.39882389902847,1,8.9870425589123,1,3.48314228514325
0,6.65703937598791,1,10.1116106215924,1,7.06077119892797,1,14.0285542383021,1,3.68803300779874
1,6.18153656341734,1,13.413361028643,1,7.50206939886097,1,12.0557887985409,1,3.89292373045422
1,6.81554031351143,1,13.413361028643,1,7.72271849882747,1,12.0557887985409,1,3.48314228514325
1,5.8645346883703,1,12.794282827321,0,7.94336759879396,1,9.42543487885924,1,3.07336083983228
1,7.29154626546224,1,15.4622970350921,1,16.7600709826759,1,12.3724215841074,1,9.90191103589357
1,6.82612841873061,1,11.1220031305049,1,9.5359024556604,1,11.2052120007011,1,8.48735231648021
1,6.82612841873061,1,12.2070766066517,1,8.09106875025731,1,8.87079283388835,1,3.839516524122
1,6.98126770097449,1,14.1059551899086,1,8.09106875025731,1,14.4733988342389,1,4.2436761582401
1,7.44668554770612,1,13.5634184518352,1,8.09106875025731,1,13.7730730841951,1,8.0831926823621
1,5.79665999653658,1,13.6740953657314,1,8.49754305980937,1,24.5600878233995,1,4.06591046075407
1,6.09392461174358,1,13.922715281472,1,8.12808466590462,1,23.864990998209,1,12.8076179513753
1,6.39118922695058,1,12.9282356185097,0,8.12808466590462,1,15.2921301541922,1,4.06591046075407
1,6.98571845736459,1,13.6740953657314,1,5.54187590857133,1,16.2189259211129,1,4.87909255290489
1,7.5802476877786,1,14.6685750286937,1,9.97537663542839,1,21.5480015809071,1,12.1977313822622
0,7.65046073075051,1,17.9894793744875,1,8.90617381353702,1,12.5976006561874,1,9.93645409720058
1,6.5347685408494,1,11.2434246090547,1,6.92702407719546,1,10.2647116457823,1,3.44734121739612
1,6.3753839422921,1,12.2071467184022,0,8.57631552414675,1,15.3970674686735,1,4.46126510486557
1,7.0129223365213,1,16.7045165620241,1,8.57631552414675,1,10.0314227447418,1,4.66404988235946
1,6.6941531394067,1,11.8859060152864,1,21.7706470997571,1,13.2974673593089,1,5.06961943734724
1,6.30260646309866,1,14.1260107432223,1,8.2982227843727,1,14.2226667125082,1,2.52058364984124
1,7.40556259414092,1,14.6590677524005,1,16.3523801927344,1,23.1118334078258,1,3.36077819978831
1,7.40556259414092,1,12.7933682202768,1,7.56602665633981,1,11.9368809908551,1,5.04116729968248
1,7.56312775571839,1,14.6590677524004,1,7.32196128032885,1,13.206761947329,1,7.35170231203695
1,7.09043227098599,1,15.9917102753459,1,8.54228816038366,1,13.4607381386238,1,10.7124805118253
1,7.23605055839062,1,12.622638265095,1,10.6050495635245,1,22.5387048396676,1,4.10807807942196
1,7.09689573996003,1,14.6834771655187,1,8.15773043348042,1,11.499339203912,1,3.36115479225433
1,7.23605055839062,1,14.4258723029657,1,9.24542782461114,1,23.9186255441371,1,4.10807807942196
1,6.54027646623767,1,12.622638265095,1,8.70157912904578,0,15.1791277491639,1,3.92134725763006
0,8.21013428740474,0,20.8659938667897,1,10.3331252157419,1,7.81955065866019,1,3.54788561404624
1,9.27942159522152,1,13.4803782381526,1,9.277776851235,1,14.8627483922174,1,3.83508999245094
1,7.31105943865938,1,15.2777620032396,1,12.0892243819123,1,12.5600690638457,1,3.83508999245094
1,7.31105943865938,1,15.2777620032396,1,17.7121194432668,1,19.4681070489608,1,2.30105399547057
1,7.02986484486479,1,17.0751457683267,0,7.87205308589636,1,11.3040621574611,1,4.41035349131858
1,7.73285132935127,1,15.5773259640875,1,9.277776851235,1,20.5147794709479,1,4.02684449207348
1,6.82821827704722,1,15.5593961881316,1,8.1397794258707,1,12.2660257785046,0,3.31054929347573
1,6.51062672927758,1,13.0190866063958,1,8.1397794258707,1,19.9623556787428,1,13.4491065047452
1,6.03423940762313,1,14.6067800949807,1,7.53683280173213,1,11.7850051597397,1,3.7243679551602
1,5.87544363373831,1,12.0664705132449,1,5.12504630517785,1,12.0255154691222,1,4.96582394021359
1,6.35183095539277,1,13.3366253041128,1,7.53683280173213,1,14.9116391817115,1,4.3450959476869
1,6.1013634811444,1,12.2394669250605,1,8.35384942206434,0,11.4260135583281,1,4.56748461044299
1,7.49596084826312,1,15.2993336563256,1,6.68307953765147,1,11.6799249707354,1,3.11419405257476
1,6.45001282292409,1,11.9612972222182,1,9.69046532959463,1,12.9494820327718,1,3.11419405257476
0,6.62433749381393,1,12.2394669250605,1,8.01969544518177,1,10.4103679086989,1,4.35987167360467
1,7.32163617737329,1,13.6303154392719,1,7.35138749141662,1,11.6799249707354,1,3.11419405257476
1,6.0695003085782,1,11.9734963540966,1,7.73103317758164,1,10.4290011520153,1,3.52154483752168
1,6.42652973849456,1,10.0318482966756,1,7.73103317758164,1,10.4290011520153,1,3.52154483752168
0,8.56870631799275,0,15.2095764497984,1,7.73103317758164,1,11.0808137240162,1,11.9341241716012
1,6.60504445345275,0,12.2971043636668,1,9.35861910970409,1,10.4290011520153,1,3.91282759724631
0,6.42652973849456,1,11.9734963540966,1,8.54482614364286,1,12.6017097253518,1,3.13026207779705
1,5.73750380666202,1,12.2977893766935,1,8.25427934468694,1,10.6939748824194,1,4.00120087235009
0,7.93125526215045,1,15.8971423649941,1,8.25427934468694,1,14.9715648353872,1,3.40102074149757
1,6.75000447842591,1,12.5977354590519,1,8.68871509967046,1,20.6750181060109,1,14.6043831840778
0,5.23125347078008,0,10.7980589649016,1,7.81984358970342,1,20.1997303334589,0,8.40252183193518
1,5.40000358274073,1,14.9973041179189,1,9.12315085465399,1,16.3974281530431,1,3.60108078511508
1,6.54359118946755,1,12.6567355297185,0,8.79925598448995,1,15.9402550809393,1,3.07009516068261
1,7.4358990789404,1,14.5089407291896,1,8.79925598448995,1,15.7157444459965,0,3.07009516068261
1,5.6512832999947,1,12.0393337965615,1,8.79925598448995,1,15.7157444459965,0,2.45607612854609
1,7.58461706051921,1,12.6567355297185,0,7.03940478759196,1,13.0216168266828,1,3.27476817139478
1,5.6512832999947,1,13.2741372628756,1,9.50319646324914,0,18.1853614303674,1,3.47944118210696
1,5.61798519018071,1,11.2574444937167,1,8.83631970841404,1,11.8351676516992,1,3.92854269219976
1,6.74158222821685,1,13.2274972801171,1,8.83631970841404,1,12.0672297625169,1,7.03002376498904
1,7.06260995337003,1,13.790369504803,1,7.73177974486228,1,14.3878508706932,0,3.72177728734714
1,5.93901291533389,1,12.3831889430884,1,8.83631970841403,1,22.2779626384927,1,4.342073501905
1,6.58106836564025,1,12.3831889430884,1,7.3635997570117,1,12.7634160949698,1,3.92854269219976
0,7.08373118784684,0,11.112648554373,1,6.35488336727709,1,15.6153364637139,1,8.54124111030869
1,5.81229225669485,0,6.38977291876447,1,7.30811587236865,1,11.0508534973975,1,4.65885878744111
0,6.35719465575999,0,14.1686269068256,1,7.6258600407325,1,12.4922691709711,1,5.629454368158
1,6.90209705482513,1,12.5017296236696,1,7.94360420909636,1,16.8165161916919,1,12.811861665463
1,6.90209705482513,1,13.8908106929662,1,7.30811587236865,0,13.6934488989491,0,3.10590585829407
1,7.54285618385324,1,10.8010690712323,0,8.06858517302151,1,12.2552743291288,1,3.6120464462097
1,8.82674659812614,1,17.0059385376848,0,7.26172665571936,1,12.2552743291288,1,4.37247727699068
1,6.25896576958035,1,11.2606890317102,1,21.381750708507,1,12.2552743291288,1,3.99226186160018
1,8.02431508920558,1,14.937648715534,1,10.0857314662769,1,11.0297468962159,1,4.75269269238117
1,7.22188358028502,1,13.5587888341001,1,7.66515591437044,0,11.0297468962159,1,3.99226186160018
1,6.79724315556453,1,13.3938711967974,1,8.50750838113695,1,13.1390364620659,0,3.17634700667819
1,6.27437829744419,1,15.6261830629303,1,7.62742130722623,1,18.8724341909674,1,7.47375766277223
1,6.10009001140407,1,11.1615593306645,1,9.68095781301791,1,14.0946027502162,1,7.10006977963361
1,6.10009001140407,0,11.1615593306645,1,7.92078366519647,1,17.2001931867045,1,4.11056671452472
1,5.92580172536396,1,11.9986762804643,1,8.50750838113695,1,21.9780246274558,1,10.8369486110197
0,9.3444619996599,1,23.7559515557754,1,23.2764082495886,1,26.4046769883797,1,9.77386334193861
1,6.12751606535075,1,12.6051987846971,1,9.92109204080828,1,12.1376337769165,1,2.58177522239888
1,6.74026767188583,1,12.3627911157607,1,9.92109204080828,1,22.9976218931049,0,4.24148786536959
1,5.82114026208322,1,12.3627911157607,0,8.39477018837623,1,23.8493856669236,1,3.68825031771269
1,5.66795236044945,1,13.3324217915066,1,8.39477018837623,1,23.2105628365595,1,3.50383780182705
1,5.15965634710235,1,11.4675527634004,1,7.0651884029214,1,11.2514438438991,1,5.32507312126936
1,6.87954179613647,1,13.0676764048051,1,8.19561854738883,1,12.501604270999,1,4.14172353876506
1,8.25545015536376,1,15.7345491404796,1,7.91301101127197,1,9.50121924595927,1,5.32507312126936
1,5.15965634710235,1,10.667490942698,1,8.76083361962253,1,11.7515080147391,1,7.10009749502581
1,6.53556470632964,1,13.3343636783725,1,8.19561854738882,1,11.5014759293191,1,6.11397284293889
1,7.12642870937782,1,14.1161756511745,1,7.36090697982422,1,8.64143818962615,0,4.28491972832848
1,6.96069780915973,1,15.1244739119727,1,7.36090697982421,1,15.1809049277216,1,3.64218176907921
1,6.46350510850546,1,15.1244739119727,1,6.51157155907527,1,16.3486668452387,1,3.64218176907921
1,6.62923600872355,1,14.1161756511745,0,7.0777951729079,1,10.5098572576534,1,3.42793578266278
1,5.8005815076331,1,12.8558028251768,1,8.49335420748948,1,15.6480096947284,1,4.07067374191206
1,5.42215231354611,1,13.211554623325,1,7.24372208483584,1,9.60398499233887,1,3.23173250929292
0,6.47645970784674,1,13.211554623325,1,9.5617131519833,1,11.0445827411897,1,3.23173250929292
0,6.47645970784674,1,17.7228171776312,1,8.11296873501613,1,12.2450808652321,1,3.43371579112373
1,7.53076710214737,1,12.8893215837318,1,7.53347096822927,1,8.40348686829652,0,3.02974922746211
0,6.92830573397558,0,15.1449528608848,1,7.53347096822927,1,10.8044831163812,1,3.02974922746211
1,6.26789274172936,1,13.9655912742361,0,7.79163458139956,1,15.0486109340306,1,5.19100234911877
1,8.81422416805692,1,18.4226948723965,1,8.83051919225284,0,22.5729164010459,0,21.1633172694842
1,6.85550768626649,1,14.8570119938682,1,8.83051919225284,1,17.198412496035,1,4.9913484126142
0,6.26789274172937,1,13.3713107944813,0,7.53191342868624,0,10.4802826147713,1,4.9913484126142
0,7.05137933444554,0,9.80562791595298,1,7.79163458139956,1,13.9737101530284,1,4.19273266659593
1,7.15538017005703,1,14.2527184910263,1,7.25613876709463,0,13.1340887020405,1,4.05693578596527
1,6.60496631082187,1,14.5435902969656,1,8.06237640788293,1,16.9184871416115,1,3.65124220736874
1,6.60496631082187,1,12.5074876553904,1,8.46549522827707,1,12.6888653562087,1,2.83985505017569
1,6.05455245158672,1,12.2166158494511,1,6.04678230591219,1,22.706390637426,1,3.24554862877222
1,7.52232274288047,1,15.4162057147835,1,9.67485168945951,1,22.706390637426,0,3.24554862877222
1,8.99722032380729,1,17.1979320312931,1,6.54956216651787,1,11.6692574241956,1,4.35322953149228
1,7.40947556078248,1,16.0701987833395,1,8.33580639375001,1,10.0779950481689,1,3.36385918342585
1,7.40947556078247,1,16.6340654073163,1,8.33580639375001,1,13.2605198002223,1,3.75960732265242
1,7.23305947600194,1,13.2508656634553,1,10.7174653633929,1,12.464888612209,1,3.16598511381257
1,7.23305947600194,1,15.5063321593626,1,7.44268428013394,1,22.2776732643734,1,3.95748139226571
1,8.07482762262946,1,16.1920954542853,1,7.83425112055918,0,8.63258833682837,0,2.62878840893095
1,7.43734123136923,1,15.2925345957139,1,7.52088107573681,1,15.6319842856081,1,3.28598551116369
1,6.3748639126022,1,11.3944375419045,1,8.46099121020391,0,7.23270914707242,1,2.8478541096752
1,7.01235030386242,1,13.4934128785711,1,7.52088107573681,0,9.79915432829167,1,5.03851111711765
1,5.31238659383517,1,13.1935592590473,1,7.52088107573681,1,23.5646330275585,0,2.62878840893096
1,6.18403699076558,1,13.1094166934724,1,7.18619980517583,1,13.6314472051803,1,7.75638705151899
1,6.87115221196176,1,12.5953219211794,1,6.87375633538558,1,11.2811976870458,1,4.07210320204747
1,8.07360384905507,1,14.394653624205,1,8.1235302145466,1,9.16597312072469,1,11.8284902535665
1,6.18403699076558,1,13.3664640796189,1,7.18619980517584,1,12.456322446113,1,11.6345805772785
1,5.66870057486845,1,12.3382745350329,1,9.37330409370761,1,8.93094816891124,1,3.1025548206076
1,6.07642506217218,1,14.1400541196043,1,9.19360065053131,1,11.1088453539349,0,3.02565220707377
1,6.40488047093825,1,13.1300502539183,1,9.46400066966459,1,21.5767957836043,1,3.5929619959001
1,6.73333587970431,1,15.1500579852904,1,9.46400066966458,1,11.1088453539349,1,4.34937504766854
1,6.73333587970431,1,13.6350521867613,1,8.92320063139804,1,13.458793409575,1,3.21475547001588
1,6.40488047093825,1,14.3925550860258,1,9.19360065053131,1,11.1088453539349,1,3.02565220707377
1,6.69474210381684,1,12.3247415699411,1,9.60481783729243,0,9.12106706718801,1,3.31363957483715
1,7.00612545748274,1,13.5823682607514,1,8.00401486441035,1,9.61409771946844,1,21.8310371989271
1,5.91628371965209,1,13.8338935989135,1,10.1384188282531,1,17.0095575036749,1,3.70347952481799
1,5.44920868915324,1,12.5762669081032,1,7.73721436893001,1,24.4050172878814,1,3.70347952481799
1,5.44920868915324,1,9.80948818832048,1,7.73721436893001,1,14.790919568413,1,3.50855954982757
1,6.97906878499349,1,13.7889113002819,1,7.82943154393215,1,14.6277819137396,1,3.59912973327504
1,7.30367663545831,1,13.7889113002819,1,7.82943154393215,1,10.713305063584,1,4.35684125606979
1,6.65446093452868,1,11.7780284023241,1,8.98934732821839,1,10.3012548688307,1,3.22027397187767
0,4.7068138317398,0,9.76714550436633,1,8.69936838214683,1,11.9494556478436,0,3.40970185257636
1,6.49215700929627,1,15.7997941982396,1,7.53945259786058,1,11.1253552583372,1,5.6828364209606
0,6.46712622388674,1,14.650354462577,1,8.11186059445938,1,11.043831625237,1,3.0895436999584
1,6.2969386916792,1,11.2215480989951,1,7.84146524131074,1,12.121278613065,1,3.0895436999584
1,6.63731375609429,1,12.4683867766613,1,8.65265130075668,1,11.851916866108,0,3.29551327995562
1,6.63731375609429,1,14.650354462577,1,8.92304665390532,1,13.46808734785,1,2.88357411996117
1,7.14787635271693,1,13.4035157849109,1,9.19344200705397,1,14.814896082635,1,3.0895436999584
1,5.99532104730301,1,12.8471497576838,1,24.8934698415943,0,14.49454938927,1,8.50773953833632
1,6.32839443881985,1,12.5902067625301,1,8.29782328053142,1,18.9364274279173,1,3.86715433560742
1,8.32683478792085,1,20.5554396122941,1,8.29782328053142,1,12.6242849519448,1,3.09372346848594
1,6.32839443881985,1,14.3888077286059,1,12.0695611353184,1,16.8323799359265,1,3.09372346848594
1,6.49493113457826,1,13.8749217382985,1,7.92064949505273,1,13.0918510612761,1,3.2870811852663
1,7.2043052168943,1,13.5444041449267,1,9.82643364236974,1,12.3506423733784,1,5.2319574759834
0,5.76344417351544,1,12.9680465217384,1,9.59247093659903,1,10.8068120767061,1,3.1004192450272
1,6.77204690388064,1,13.5444041449267,0,7.25284387889195,1,13.1225575217145,0,2.7128668393988
1,6.05161638219121,1,13.2562253333325,1,8.18869470197478,1,13.3798625711599,0,2.906643042213
0,7.78064963424584,0,17.5789075072453,1,10.7622844654526,1,11.8360322744876,1,3.1004192450272
1,7.10050228775116,1,12.8728219917926,1,9.53492013770139,0,13.8448712242428,1,4.56462590112556
1,6.78492440829556,1,14.1287070641626,1,11.7019474417244,1,9.54818705120193,0,2.85289118820347
1,6.31155758911214,1,11.6169369194226,1,9.53492013770139,1,24.3478769805649,1,5.51558963052672
1,8.04723592611798,1,13.8147357960701,1,9.53492013770139,1,17.9028507210036,1,3.42346942584417
1,7.73165804666238,1,13.5007645279776,1,9.53492013770139,1,14.799689929363,1,4.56462590112556
1,5.02875566680763,1,13.7208480009835,1,7.61119696918554,1,13.4633321853656,1,3.29900714487691
1,5.81449873974632,1,16.1219964011557,1,7.04740460109772,1,21.0517557807535,1,4.94851071731536
1,5.81449873974632,1,11.3196996008114,1,7.61119696918554,1,12.4841807537027,1,2.68044330521249
1,7.22883627103597,1,15.7789752011311,1,7.32930078514163,1,15.911210764523,1,4.12375893109614
1,7.38598488562371,1,14.7499116010573,1,8.45688552131727,1,12.2393928957869,1,3.50519509143172
0,6.57978943603403,1,14.9696155984282,1,8.37670441706246,1,13.0840866780364,1,3.58175276089541
0,6.40663708245419,0,13.3063249763807,1,12.2160272748827,1,18.8754037322492,1,7.91755873461091
1,6.57978943603403,1,13.0291098727061,1,9.07476311848433,1,15.2290189203374,1,4.14729267051048
1,6.75294178961387,1,13.5835400800553,1,7.67864571564059,1,21.8783088714707,0,10.9337715858913
1,6.40663708245418,1,14.415185391079,1,8.37670441706246,1,10.5101679872751,1,3.58175276089541
1,5.66307941113153,1,12.542723855385,0,7.93470921204661,1,16.181775665488,1,3.57931580240237
1,5.99620172943339,1,12.2291557590004,1,7.93470921204661,1,14.974180466571,1,3.38046492449113
1,6.49588520688617,1,13.1698600481543,1,8.65604641314176,1,11.1098758300365,1,2.98276316866865
1,6.82900752518803,1,9.40704289153878,1,7.93470921204661,1,19.0800041428889,1,3.97701755822486
1,7.16212984348988,1,15.6784048192313,1,7.21337201095147,1,17.1478518246216,1,3.97701755822486
1,6.2751432352719,1,15.4740623579902,1,7.42110220217014,1,19.4348715683919,1,9.30878406348613
1,6.77054928016178,1,13.5091020585629,1,9.5414171170759,0,18.9549981963328,1,3.64256767701632
1,7.10081997675504,1,12.2810018714208,1,6.71433056386822,1,13.4364544176537,1,3.23783793512561
0,6.77054928016178,1,14.2459621708481,1,8.12787384047206,1,10.3172774992698,1,4.45202716079772
1,6.44027858356853,1,14.737202245705,1,9.18803129792494,1,9.35753075515165,1,4.04729741890702
1,6.63728899209416,1,9.73468003713895,1,7.59146513886816,1,11.5053308886428,1,3.14028572793437
1,8.67953175889235,1,18.3877289590402,1,7.86258889382774,1,14.9569301552356,1,3.92535715991797
1,6.1267283003946,1,11.6275344888049,1,7.049217628949,1,10.3547977997785,0,4.12162501791387
1,6.46710209486097,1,12.7091656040425,1,8.94708391366605,1,10.8150110353242,1,4.71042859190156
0,6.46710209486097,1,14.331612276899,1,8.13371264878731,0,14.0365036841442,1,3.72908930192207
1,6.34924414395211,1,13.1805961941452,1,9.93829226619699,1,25.0432039934679,1,7.97503056491908
1,8.30285772670661,0,9.66577054237315,1,7.37357168137196,1,25.0432039934679,0,3.69574587154787
0,7.48885206722557,1,14.6451068823836,1,7.69416175447509,1,23.0790311312351,1,3.50123293094009
1,6.67484640774453,1,12.0089876435545,1,7.69416175447509,1,22.0969447001187,1,3.30671999033231
1,5.37243735257487,1,11.4231833682592,1,8.01475182757822,1,11.7850371733967,0,4.08477175276343
1,9.67626497968022,1,18.4126293522858,1,7.99372978106537,1,11.7483326513691,1,3.21704146999149
1,6.56017964724083,1,10.8309584425211,1,6.85176838377031,1,21.3388082851397,1,3.61917165374043
1,11.6443188738525,0,15.7048897416555,1,8.56471047971289,0,9.11095185208213,1,6.43408293998298
1,6.39617515605981,1,14.0802459752774,1,9.13569117836042,1,47.712616278009,1,3.8202367456149
1,6.56017964724083,1,13.8094720142143,1,7.42274908241784,1,11.5085707605248,1,3.01597637811702
1,7.03421754950737,1,13.555802563468,1,7.19399338993653,0,8.40770178610087,0,4.2515695439494
1,5.45510748737306,1,11.0140895828178,1,9.05910278732748,1,11.5052761283486,0,3.84665815881137
1,6.45999570873126,1,12.7085649032513,1,8.25977018844564,1,14.3815951604357,1,3.44174677367333
1,6.17288478834321,1,12.4261523498457,1,8.25977018844565,1,16.8154035722018,1,3.84665815881137
1,7.1777730097014,0,8.18996404876192,1,7.46043758956381,1,14.3815951604357,1,3.64420246624235
1,6.92278517872511,1,10.1994476791329,1,8.85856450242125,0,20.2271194381543,1,3.8078811549779
1,5.79582014963033,1,15.2991715186994,0,9.49131910973705,1,15.5593226447341,1,3.62655348093134
1,5.95681515378673,1,13.0042957908945,0,8.22580989510544,1,13.114286229133,0,3.08257045879163
0,7.40577019119431,0,12.2393372149595,1,9.17494180607915,1,11.3360779268777,1,4.8958471992573
1,6.27880516209953,0,12.7493095989162,0,8.85856450242125,1,15.5593226447341,1,3.2638981328382
1,9.2385627141116,1,15.8118093692358,1,7.96711026858241,1,15.7358268254872,1,3.956341830828
1,6.46699389987812,1,13.8039605604439,1,8.2857946793257,1,15.9896304839628,1,5.14324438007641
1,5.08120949276138,1,13.8039605604439,0,7.64842585783911,1,13.4515938992068,1,3.36289055620381
1,7.08289808081889,1,13.8039605604439,1,9.56053232229889,1,16.497237800914,1,2.76943928157961
1,7.23687412605408,1,14.8078849648399,1,7.64842585783911,1,21.8271146289017,1,4.74761019699361
1,7.57265111425356,1,14.5230657792301,1,10.2368796711238,1,10.6419690728466,1,3.88106313621782
1,6.86821845246253,1,14.2437760527064,1,8.91599197162393,1,23.7746117584871,0,4.85132892027228
1,6.69211028701477,1,15.6402246853247,0,7.92532619699905,0,12.4533680639694,1,7.76212627243565
0,4.9310286325372,1,14.5230657792301,1,8.58577004674898,0,14.9440416767633,0,9.12049837011189
1,5.63546129432823,1,12.2887479670408,1,6.60443849749921,1,14.2647670550922,1,5.04538207708318
1,7.54841062248961,1,17.4142778852232,1,10.869479300948,1,15.1462170009804,1,3.63276638138527
1,7.04518324765697,1,14.4289731048992,1,16.1395298711046,1,23.1648024720877,1,3.41907424130379
0,5.7032435814366,1,13.6826469098182,1,9.88134481904366,0,10.2459703241927,0,3.2053821012223
1,7.21292570593452,1,14.9265239016199,1,8.23445401586971,1,12.0278782066609,1,3.41907424130378
1,7.21292570593452,1,14.1801977065389,1,7.57569769460014,1,20.0464636777682,1,3.63276638138527
1,6.66495850883366,1,14.5316024408403,1,7.8391180030882,0,11.3172345666683,1,7.34938956534335
1,6.66495850883366,1,12.9520804364012,1,7.18585816949752,1,15.7553657692834,1,10.9298614048696
1,6.83585488085504,1,14.5316024408403,1,8.16574791988354,1,9.76388864575307,1,3.95736361210796
1,6.15226939276953,1,12.6361760355133,1,7.51248808629286,1,15.3115526490219,1,3.95736361210797
0,7.00675125287641,1,10.1089408284107,1,6.85922825270217,1,14.2020198483681,1,6.78405190647079
1,6.54868256860972,1,12.2233505713193,1,10.1423922159844,1,12.8846089518803,1,3.5660883611105
1,6.93389919029265,1,12.2233505713193,1,11.2693246844271,1,15.2272651249494,1,3.5660883611105
1,10.9786737179634,1,24.7770619688905,1,11.2693246844271,0,8.90209345766272,1,4.5045326666659
1,6.54868256860972,1,13.5447938763268,1,9.57892598176306,1,13.8216714211079,1,8.07062102777639
1,7.70433243365849,1,16.5180413125937,1,9.86065909887374,1,12.8846089518803,1,10.6982650833315
1,7.39104036377329,1,13.1825293797426,1,6.96573937417883,1,19.5432478382107,1,15.0679875262817
0,5.63126884858917,1,15.8728414980574,1,7.73971041575425,1,11.4563866637787,1,3.5786470374919
1,6.33517745466282,1,13.4515605915741,1,7.73971041575425,1,12.130291761648,1,3.39029719341337
1,7.74299466681011,1,14.2586542270685,1,16.2533918730839,1,16.8476274467333,1,4.14369656972746
1,7.21506321225488,1,15.8728414980574,0,9.54564284609692,1,10.5578465332862,1,3.76699688157041
1,7.42030239398918,1,14.5066785476964,1,8.09386012778831,1,43.1851444149624,1,17.0996393865378
1,6.92561556772323,1,12.396616213486,1,6.93759439524713,1,14.5397219889572,1,3.20618238497583
1,6.10113752394666,1,12.6603740052623,1,8.47928203863538,1,12.5866250053659,1,3.41992787730755
1,6.76071995896791,1,12.6603740052623,1,8.47928203863538,1,11.2845603496384,1,3.84741886197099
1,7.91498922025512,1,16.3529830901305,1,7.70843821694125,0,22.5691206992768,1,3.41992787730756
1,7.82072250253773,1,13.1544309094502,1,6.96256697126591,1,14.8494341578563,1,4.28120086177172
1,6.76793293488842,1,14.3954149575115,1,7.42673810268364,1,12.7933586590762,1,3.66960073866148
1,6.61753442522423,1,13.6508245286747,1,6.49839583984818,1,12.1080001594828,1,3.46573403095806
1,7.21912846388098,1,13.1544309094502,1,8.35508036551909,1,11.879547326285,0,3.46573403095805
1,6.9183314445526,1,15.1400053863483,1,9.28342262835455,1,13.2502643254718,1,9.58173526206053
1,6.9996038897811,1,14.5945196528751,1,8.84892440537485,1,12.816055901707,1,3.46274560064461
1,6.41630356563267,1,14.3291647500956,1,8.4467005687669,1,15.0777128255376,1,3.46274560064461
1,5.97882832252135,1,11.9409706250796,1,9.65337207859075,1,12.0621702604301,1,3.84749511182735
1,6.12465340355846,1,12.7370353334183,1,15.284505791102,1,10.5543989778763,1,3.84749511182735
0,5.83300324148425,1,11.6756157223001,1,8.84892440537485,1,14.5751223980197,1,4.03986986741871
1,6.67223756494099,1,13.4338016325802,1,8.64134144725212,1,11.363242634679,1,3.71380109032985
1,6.20673261854976,1,12.9268657219168,1,7.40686409764468,1,13.4938506286813,1,3.71380109032986
1,6.98257419586848,1,15.2080773199021,1,8.64134144725212,1,13.0203821855697,1,3.90926430561038
1,6.82740588040473,1,14.9546093645704,1,8.64134144725212,0,9.94283730534413,1,6.45028610425712
1,6.20673261854976,1,11.6595259452583,1,7.81835654751383,0,9.4693688622325,1,4.30019073617141
1,5.74612102388443,1,11.5370596062108,1,10.4001226327077,0,11.0325489573208,1,4.31822362166961
1,7.72135012584471,1,12.8480891069166,1,8.43253186435756,0,12.1583192590882,0,7.45874989197478
1,5.38698845989166,1,11.5370596062108,1,8.71361625983614,1,13.2840895608557,1,6.28105254061034
1,12.030940893758,1,22.0252956118569,0,7.5892786779218,1,9.68162459519989,1,3.53309205409332
1,5.56655474188805,0,11.2748537060696,1,7.87036307340039,1,13.2840895608557,1,8.63644724333922
1,6.22607485563298,1,13.6937190450558,1,8.63173553237226,1,15.4514638162035,1,4.21654399280434
0,7.04529523137417,1,18.6732532432579,0,9.32227437496204,1,11.3471687400244,1,4.41733180198549
1,5.57069855504004,1,13.9426957549659,1,8.28646611107737,1,16.9000385489726,1,7.42914893970288
1,6.38991893078122,1,16.9304162738871,1,4.48850247683358,1,19.5557588923825,1,11.0433295049637
1,6.71760708107769,1,14.6896258846962,1,8.97700495366716,1,26.7986325562279,1,5.22048303871013
1,6.91796896868535,1,13.8285966122588,1,8.61239564196943,1,15.0338072774301,0,3.42489601247233
1,5.33260108002829,1,11.6335812769796,1,6.88991651357554,0,8.11348329258132,1,4.63368284040374
1,9.2239586249138,1,18.2186272828171,1,9.59666942962308,1,24.3404498777439,1,3.82782495511612
1,6.91796896868535,1,12.9505904781471,1,7.38205340740236,1,15.0338072774301,1,3.62636048379423
1,6.6297202616568,1,13.6090950787308,1,6.64384806666213,1,13.124752385058,1,3.62636048379423
1,8.17775140057371,1,14.8473520493889,1,9.17085740640493,1,11.2026794036975,0,2.65690603820801
1,6.39997935697073,1,13.2276409167283,1,8.8181321215432,1,19.6046889564706,1,9.52057997024538
1,5.86664774388984,1,13.2276409167283,1,10.2290332609901,1,18.5862635561345,1,14.1701655371094
1,7.64441978749282,1,13.7675446276151,1,5.99632984264938,1,13.2395302043698,1,6.64226509552003
1,8.7110830136546,0,14.307448338502,1,9.17085740640493,1,13.4941365544538,1,3.32113254776001
1,6.50666674018414,1,13.1672269408017,1,8.59329528238962,1,13.8115866868059,1,3.14090725132725
1,7.2812699235394,1,13.5989392995165,1,15.6442042320426,1,14.0308182215171,1,3.3372139545352
1,6.35174610351309,1,14.0306516582313,1,7.71193166368299,1,15.5654389644956,1,6.67442790907039
1,6.35174610351309,1,12.7355145820868,1,8.37295437771296,1,12.9346605479611,1,3.92613406415906
0,7.43619056021045,0,15.3257887343757,1,8.1526134730363,1,14.6885128256508,1,3.14090725132724
1,6.2680464048546,1,13.7752778225703,1,7.6648454028052,0,21.339351368375,1,5.94598425811938
1,6.07810560470749,1,14.4312434331689,1,8.51649489200578,1,15.436977585633,1,3.26070104477514
0,5.88816480456038,1,14.1032606278696,1,9.65202754427322,1,15.2099632093737,1,2.68528321334424
0,6.07810560470749,1,14.7592262384682,1,19.0201719254796,1,14.0748913280771,1,3.45250698858545
1,6.2680464048546,1,15.4151918490668,1,7.09707907667148,1,18.1611501007447,0,3.26070104477514
1,8.66427972946514,1,14.9521057286167,1,9.02181420335101,1,13.181566576191,1,3.0137917253273
1,8.51987506730738,1,12.4178505203766,1,7.65487265738874,0,18.320143377079,1,3.39051569099322
1,6.49820979709885,1,14.9521057286167,1,9.02181420335101,1,11.3942355150125,1,4.332325605158
1,6.49820979709885,1,11.6575739579046,1,8.20164927577365,1,10.7239863670706,0,2.63706775966139
1,5.48737716199459,1,12.4178505203766,1,17.7702400975096,1,9.83032083648139,1,7.15775534765235
1,6.36891565446597,1,13.8378811904538,1,8.85266045382076,1,11.246270917846,0,3.42533569562182
0,6.53222118406766,1,8.4015707227755,1,7.49071269169449,0,9.58015670779475,1,2.85444641301818
0,8.16527648008458,0,15.8147213605186,1,8.5121735132892,1,20.8264276256408,1,3.99622497822545
1,5.38908247685582,0,10.8726209353565,1,9.87412127541547,1,10.204949536564,1,2.66414998548363
1,6.20561012486428,1,15.0734062967443,0,9.5336343348839,1,9.58015670779475,1,3.61563212315636
1,6.12672796834832,1,12.5096474350755,1,7.04130623086892,1,14.2524650829691,1,3.99249019980707
1,6.12672796834832,1,11.3976787741799,0,6.67071116608634,1,12.1252314884961,1,4.83301445239803
1,6.61041701848108,1,10.5637022785082,1,8.15309142521664,1,12.1252314884961,1,3.36209701036384
1,7.90025448550178,1,16.9575220786579,1,8.89428155478179,1,15.7415285991002,1,3.78235913665932
1,7.41656543536902,1,15.0115769220906,1,8.52368648999921,1,12.763401566838,1,3.78235913665933
1,6.58505728258078,1,12.5141369236021,1,10.1945712304505,1,9.80715266401023,1,3.70116768185603
1,6.06518433921914,1,13.5791698532704,1,7.78006751797539,1,15.2010866292159,1,3.70116768185603
1,7.97138513154514,1,16.2417521774411,1,8.31662389852541,1,14.9559078126156,1,5.14051066924448
1,6.58505728258078,1,13.3129116208533,0,9.12145846935045,1,9.80715266401024,1,2.46744512123735
1,6.75834826370133,1,13.5791698532704,1,8.85318027907544,1,13.9751925462146,0,3.08430640154669
1,6.7312806804828,1,12.8415925304378,1,7.76400459108004,1,10.4869805326942,1,4.34208673414529
1,6.73128068048279,0,12.0710969786115,1,8.00662973455129,1,15.9584486367086,1,6.7963096708361
1,6.89154926811334,0,13.612088082264,1,8.73450516496504,1,19.8340718770521,1,10.0056781265087
1,6.25047491759117,1,11.3006014267852,1,8.00662973455129,1,12.5387810716996,1,3.39815483541805
0,7.05181785574388,1,13.612088082264,1,8.24925487802254,1,10.9429362080288,1,3.2093684556726
1,6.52652547679538,1,12.8179385505797,1,8.4560822101414,1,22.7439258511175,1,4.06713424901689
1,6.35917866969806,1,13.0795291332446,1,8.79432549854705,1,15.8986666143734,1,4.26080730849388
1,6.86121909099002,1,11.5099856372552,1,7.10310905651877,1,21.8606665947634,1,5.03549954640187
1,6.35917866969806,1,12.033166802585,1,8.4560822101414,1,13.6905184734882,1,3.6797881300629
1,6.19183186260075,1,12.8179385505797,1,7.77959563333008,1,18.5484443834356,1,3.29244201110891
1,5.30951407384778,1,13.8888670786644,1,9.04252869085392,1,20.7663757185931,1,4.455432452206
1,6.55881150298843,1,12.2738825346337,1,7.65137043072255,1,24.3467853252471,1,11.5436204443519
1,6.40264932434585,1,11.6278887170214,1,9.04252869085392,1,16.7085781643853,1,4.455432452206
1,6.55881150298843,0,14.5348608962767,1,8.34694956078823,1,14.5603324003929,1,3.44283416761373
1,7.18346021755876,1,13.2428732610521,0,8.34694956078824,1,14.7990263741698,0,3.44283416761373
1,6.53924306520744,1,14.0963215192715,1,6.08574839430517,1,14.5464566023707,1,4.11529106870836
1,7.35664844835837,1,14.0963215192715,1,8.11433119240689,1,15.0233896057271,1,4.11529106870836
1,7.35664844835837,1,15.3220886079038,1,6.5928940938306,1,12.4002580872668,1,3.90952651527294
1,7.52012952498855,1,14.4027632914296,1,8.62147689193232,0,8.58479406041549,1,3.08646830153127
1,7.029686295098,0,16.241413924378,1,6.08574839430517,1,16.2157221141181,1,4.5268201755792
1,6.85131261020251,1,14.2800533119414,1,21.2050708981507,1,12.5768430899938,1,5.30783126730079
1,6.49996324557674,1,12.5263625543345,1,7.85372996227803,1,14.2698796598006,1,3.66057328779365
1,7.0269872925154,1,14.530580563028,1,9.16268495599103,1,19.8327141034517,1,3.47754462340397
1,4.91889110476078,0,12.0253080521611,1,9.16268495599103,1,10.6419441530716,1,4.02663061657302
1,7.37833665714117,1,15.0316350652014,1,8.90089395724843,0,15.4791914953769,1,3.29451595901428
1,6.72531030046723,1,16.3306864934192,1,9.59239874443762,0,9.3728767835598,1,3.33741424923179
1,6.35168195044128,1,16.039067091751,0,7.42637322150009,1,12.1161577933822,0,2.92023746807781
1,6.35168195044127,1,12.8312536734008,0,9.28296652687511,0,12.5733712950192,1,3.33741424923179
1,6.91212447548021,1,13.9977312800736,1,8.97353430931261,1,13.2591915474748,1,6.04906332673262
1,7.47256700051915,1,16.3306864934192,1,8.66410209175011,1,17.1455063113899,1,3.12882585865481
1,6.67067258698909,1,13.6099606855947,1,8.10598764085558,1,14.1541413581239,1,2.97929217338286
1,6.07772391259006,1,14.1654692850067,1,7.00062568982982,1,13.9142406571387,0,3.35170369505571
1,6.9671469241886,1,14.1654692850067,1,8.47444162453083,1,12.2349357502427,1,3.72411521672857
1,6.9671469241886,1,13.6099606855947,1,7.36907967350507,1,12.4748364512278,1,3.53790945589214
1,7.11538409278836,1,13.3322063858887,1,7.73753365718033,0,8.15662383349511,1,2.97929217338286
1,6.85030081433825,1,13.1786118812575,1,7.834502756902,1,11.6491936645858,1,4.58548599800107
1,6.6790432939798,1,13.1786118812575,1,9.46669083125659,1,11.6491936645858,1,4.40206655808102
1,6.85030081433825,1,13.657834131485,1,8.81381560151475,1,11.8609971857601,1,3.48496935848081
1,7.36407337541362,1,14.3766675068263,1,8.16094037177292,1,12.4964077492829,1,3.48496935848081
1,7.36407337541362,1,18.2104455086467,0,8.16094037177292,1,13.1318183128058,1,3.11813047864073
1,8.58353010215219,1,16.7047464096188,1,7.56309557496073,1,15.307172082773,1,3.44980750159948
0,6.64008932430641,0,12.415689899041,1,7.85398386630538,1,26.1399400182739,1,3.64146347391056
0,7.28790291692167,1,16.4790065932726,1,8.7266487403393,1,18.133111544208,1,5.74967916933246
1,6.15422912984496,1,13.544388980772,1,8.43576044899466,1,9.4197982047834,1,2.87483958466623
1,5.99227573169115,1,11.9642102663486,1,9.01753703168395,0,17.1911317237297,1,2.87483958466623
1,6.00192327666986,1,12.8060736718023,1,8.6753650194549,1,13.8190137107337,1,2.63288755318976
1,6.40205149511451,1,13.308272639324,1,9.46403456667807,1,11.7801428353795,1,3.3851411398154
1,5.80185916744753,1,11.801675736759,1,5.52068683056221,0,11.5536016270068,1,3.57320453647181
1,7.0022438227815,1,14.3126705743673,1,7.88669547223173,1,13.1393900856156,1,3.19707774315899
1,5.80185916744753,1,12.0527752205198,0,8.6753650194549,1,13.8190137107337,0,3.19707774315899
1,6.89101520340044,0,16.5813116622756,1,6.89635203134148,1,13.8675860021587,1,4.90431345498673
1,6.56287162228613,1,16.5813116622756,1,8.1278434655096,1,17.4463178736836,1,5.10865984894451
1,5.57844087894322,0,9.77113008669813,1,8.1278434655096,1,21.0250497452084,1,5.31300624290229
1,6.72694341284329,1,12.4359837467067,1,7.63524689184235,1,18.1173300995945,1,5.31300624290229
1,7.87544594674336,1,13.620363151155,1,7.63524689184235,1,22.8144156809708,1,4.08692787915561
1,5.82024677973119,1,12.0829368884567,1,7.81543963618583,1,19.491836758721,1,4.38391038940502
0,5.99143050854681,1,15.927507716602,0,7.19020446529096,1,18.7956997316238,1,3.98537308127729
1,6.50498169499368,1,12.6321612924774,1,9.06590997797556,1,21.1161564886144,1,9.36562674100162
0,5.82024677973119,0,11.5337124844359,1,8.12805722163326,1,12.9945578391473,1,2.7897611568941
0,7.70326779670305,1,13.4559978985086,1,7.81543963618583,1,17.6354713531285,1,3.58683577314956
1,5.82601663603441,1,12.0143928674317,1,19.4180867363354,0,14.1550458053017,1,3.1947607620381
1,6.61331618144447,0,9.37122643659674,1,9.5641322731204,1,10.6162843539763,1,3.0068336583888
1,6.45585627236246,1,11.2935292953858,1,10.1437766533095,1,12.385665079639,1,2.2551252437916
1,6.92823599960849,1,10.8129535806885,1,8.98448789293129,1,10.6162843539763,1,2.63097945109019
0,5.35363690878838,1,11.5338171527345,1,8.69466570283673,1,11.627359054355,1,3.0068336583888
0,5.39935243640673,1,12.1295235239408,1,6.8064605297236,1,12.8435173791826,1,5.52531670900757
0,8.33042947331325,1,15.0945181631263,1,8.04399880785516,1,13.7775913703959,0,3.62003508521185
1,7.55909341096943,1,12.3990684911395,1,8.04399880785516,1,17.9809243308556,1,7.43059833280328
0,5.39935243640673,1,13.7467933271329,1,7.11584509925649,1,16.3462948462324,1,7.43059833280328
1,6.17068849875055,1,12.6686134583382,1,7.42522966878938,1,15.1787023572158,1,4.001091409971
1,6.22310017435398,1,12.4683229853223,1,8.53789542252102,1,14.9225281255578,1,4.04535109822804
1,6.5594839675623,1,12.7336064530951,1,8.27108619056724,1,11.0632536103273,1,3.14638418751069
1,6.89586776077062,1,10.8766221786854,1,6.67023079884455,1,12.0923934810554,1,3.14638418751069
1,6.22310017435398,1,12.9988899208679,1,10.6723692781513,1,10.8059686426453,1,4.71957628126604
1,6.22310017435398,1,13.7947403241864,1,9.07151388642859,0,12.8642483841015,1,2.92164245983136
1,7.20763091105324,1,13.6412649175234,1,7.79217355138186,1,24.5704494767408,1,4.46194766459451
1,7.20763091105324,1,12.4287080359658,1,9.80305704851267,1,24.0933533703963,1,4.4619476645945
1,6.20191496997604,1,10.9130119340187,1,9.30033617422996,1,22.6620650513629,1,4.86757927046673
1,7.20763091105324,1,12.1255688155763,1,7.79217355138186,1,23.6162572640518,1,4.66476346753062
1,6.53715361700178,1,13.338125697134,1,8.79761529994726,1,20.0380364664682,1,4.66476346753062
1,7.48614397544557,1,12.7791092828107,1,7.45127046630045,1,13.4241337681783,0,2.92614299658611
1,6.05262704397727,1,12.7791092828107,1,11.3729917643533,1,11.9596828116497,1,3.51137159590333
1,5.2562287487171,0,5.05839742444591,1,8.62778685571631,1,22.6989898261923,1,7.80304799089629
1,6.6897456801854,1,15.1751922733377,1,7.84344259610574,1,11.2274573333855,1,3.31629539613092
1,6.53046602113337,1,12.7791092828107,1,8.23561472591102,1,12.691908289914,1,3.90152399544815
1,6.86277482524291,1,11.9355339570528,1,6.94916840755074,1,15.0224175498801,1,4.09488103580759
1,7.72062167839827,1,16.0044659878662,1,9.65162278826492,1,18.7202434083121,1,3.50989803069221
0,6.51963608398076,1,11.9355339570528,1,8.49342805367313,1,19.8758139890721,1,3.89988670076913
1,12.3529946854372,1,18.1745630709667,1,9.26555787673432,1,10.631249342992,1,3.50989803069221
1,7.5490523077672,1,14.919417446316,1,8.10736314214253,1,20.5691563375281,1,5.26484704603832
1,7.45441216099536,1,13.3375109528701,1,8.45427496176526,1,23.1021031906833,1,11.3956490056762
1,5.79787612521861,1,12.5209286496332,1,8.69582567495855,1,22.6620631299084,1,8.25202169376554
1,6.29483693595164,1,12.2487345485542,1,8.45427496176525,1,23.7621632818457,1,8.05554498677112
0,7.28875855741768,1,14.426287357186,1,7.72962282218538,0,14.7413420359598,1,2.94715060491627
1,7.28875855741768,1,14.426287357186,1,7.97117353537867,1,23.3221232210707,1,11.3956490056762
1,6.09022267195828,1,13.2856613689637,1,8.80902450463373,1,14.1140654463583,1,3.59309265055468
1,7.78195119194669,1,15.7012361633208,1,8.54208436812968,1,13.3442073311024,1,3.59309265055468
1,7.443605487949,1,16.30512986191,1,8.27514423162563,1,15.3971623051181,1,4.43852621539108
1,3.38345703997682,1,12.3798208210798,1,8.80902450463374,1,12.3177298440945,1,3.59309265055468
1,6.09022267195828,1,13.5876082182584,0,8.54208436812968,1,15.3971623051181,1,4.64988460660018
1,9.45513500850781,1,18.7637965966301,1,8.2632733593059,1,15.0960749582062,1,3.38349888549543
1,6.92250955980036,1,13.1626632842032,0,9.29618252921914,1,24.5037738452043,1,3.57147104580073
1,7.09135125638086,1,9.80198329674706,1,9.64048558585688,1,16.1899934334386,1,4.32335968702194
1,6.41598447005887,1,11.4823232904751,1,8.95187947258139,1,19.4717488591356,1,3.75944320610603
1,6.24714277347837,1,15.4031166091739,1,9.29618252921913,1,22.9722879798791,1,3.94741536641133
1,7.50717225091749,1,18.1631292113706,0,8.99094980172713,1,9.43619470590354,1,3.42551857775865
1,7.17352015087672,1,12.9736637224075,1,8.72651010167633,1,10.926120185783,1,3.62701967056798
1,7.17352015087671,1,13.2980053154677,1,8.19763070157473,1,11.6710829257228,1,4.03002185618665
1,6.83986805083594,1,13.9466885015881,1,9.51982920182872,1,15.8925384520481,1,4.83602622742397
1,6.50621595079516,1,12.6493221293474,1,18.5107790035559,1,13.905971145542,1,3.22401748494932
0,7.1363865096444,1,15.949595293729,0,6.25068613681989,1,12.9075166457652,1,3.95281118877438
1,5.55052284083454,1,12.1649455630136,1,6.54833785762083,1,13.8462451290936,1,3.75517062933566
0,6.97780014276342,1,13.7869383047488,1,8.92955162402841,1,15.2543378540862,1,3.95281118877438
1,7.29497287652539,1,12.9759419338812,1,11.013113669635,1,15.0196557332541,1,3.95281118877438
1,5.55052284083454,1,13.5166061811262,0,10.1201585072322,1,19.713298149896,1,13.2419174823942
0,5.85149871382992,1,12.5432023101871,1,7.72351517428484,1,18.0585803121637,1,3.06214808680291
1,7.27004385657657,1,15.3939301079569,1,7.38771016670724,1,14.6876453205598,1,3.67457770416349
1,6.73808942804657,1,12.5432023101871,0,8.05932018186244,1,11.7982724706136,1,3.26629129258977
0,6.56077128520324,1,13.683493429295,1,8.05932018186244,1,20.2256099496233,1,3.06214808680291
1,6.02881685667325,1,11.9730567506331,0,8.05932018186244,1,9.8720239039828,1,2.44971846944233
1,6.33374824346146,1,13.5583844840107,1,7.91189495732699,1,19.1597433919747,1,3.77734431204898
1,6.15278400793399,1,13.0160491046502,1,5.27459663821799,1,11.9748396199842,1,3.18092152593599
1,5.24796283029664,1,12.4737137252898,1,7.91189495732699,1,12.6933299971833,1,3.18092152593599
1,6.51471247898893,1,14.1007198633711,1,7.25257037754974,1,16.7647754679779,1,5.16899747964598
0,7.41953365662628,1,14.3718875530513,1,8.57121953710424,1,12.4538332047836,0,3.18092152593599
1,6.06922879446367,1,12.050483381783,1,7.8979401031932,1,13.8310254199954,1,5.07161416903635
0,6.06922879446367,1,12.3015351189035,1,7.56885926556015,1,22.2203359206484,1,10.8945785853374
1,5.88531277038901,1,12.552586856024,1,8.5561017784593,1,21.5401215557306,1,9.39187809080807
0,6.25314481853832,0,13.054690330265,1,9.2142634537254,1,13.6042872983561,1,4.88377660722019
1,6.43706084261298,1,11.7994316446626,1,6.581616752661,1,23.580764650484,1,8.82836540535958
1,6.18065179148377,1,11.6392943343658,1,8.91341630456082,1,14.6005024768131,1,5.13217028016744
1,6.33139939615411,1,9.94189724393742,1,7.13073304364866,1,13.8581040457887,1,2.96086746932737
1,6.33139939615411,1,12.6092355288962,1,7.13073304364865,1,12.1258410400651,1,3.55304096319284
1,6.78364221016512,1,12.124264931631,1,7.89474015546815,1,21.2820883560326,1,3.35564979857102
0,6.33139939615411,1,13.3366914247941,1,7.89474015546815,1,14.8479686204879,1,3.55304096319284
1,6.62696009641471,1,13.6999448877746,1,10.4989207090733,1,11.8576116970741,1,3.74118467282441
1,7.88923821001752,1,17.2738435541505,1,7.96469846895212,1,12.9977666679466,1,3.15047130343108
1,6.62696009641472,1,12.5086453323159,1,9.05079371471832,0,12.3136736854231,0,2.36285347757331
1,6.31139056801401,1,13.1042951100452,1,9.41282546330705,0,14.1379216388191,1,5.90713369393328
1,7.25809915321612,1,13.4021199989099,1,31.4967621272197,0,11.8576116970741,1,3.15047130343108
1,8.5093892151543,1,15.5935080161278,1,9.60922701591432,1,21.275218638323,1,9.88466298944097
1,7.48826250933579,1,15.8131348895943,1,8.73566092355847,1,16.1486599302934,1,23.5035319971152
1,6.1267602349111,1,12.9579855345287,1,7.4253117850247,1,16.1486599302934,1,9.00602627926843
1,6.63732358782036,1,16.4720155099941,1,8.29887787738055,1,15.3796761240889,1,12.3009139424154
1,7.99882586224504,1,24.1589560813247,1,7.86209483120262,1,13.84170851168,1,4.83250190594892
1,6.69496340696115,1,14.3899446083071,1,8.31948632180629,1,12.068637787067,1,3.58727746579746
1,7.17317507888695,1,13.1051281254225,1,8.31948632180629,1,11.3723702224285,1,3.78657065834176
1,5.73854006310956,1,12.5912015322687,1,7.76485390035254,0,9.74774590493872,1,17.737094136443
1,7.17317507888695,1,15.6747610911917,1,8.04217011107942,1,9.97983509315155,1,17.9363873289873
1,6.69496340696115,1,11.5633483459611,1,7.48753768962566,1,12.068637787067,1,4.58374342851897
1,6.74589199660429,1,13.7216302860368,1,9.53460053016347,1,19.2027452101333,1,9.69273085405323
1,6.74589199660429,1,11.8069841996131,0,7.07405845786322,1,23.8736832342197,1,5.42792927826981
1,6.1837343302206,1,11.4878765185425,1,10.4573038072761,1,23.614186677326,1,5.23407466118875
1,6.55850610780973,1,11.4878765185425,1,7.68919397593828,1,17.9052624256648,1,3.87709234162129
1,5.99634844142604,1,12.1260918806837,1,8.61189725305088,1,22.3167038928576,1,5.42792927826981
1,6.87491229445515,1,13.3639822322992,1,8.70168980164534,1,11.1966099859042,1,3.92486350486881
1,6.31748697328312,1,13.3639822322992,1,7.99614738529572,1,22.8597453878878,1,2.94364762865161
1,6.13167853289243,1,12.782939526547,1,7.99614738529571,1,23.7927962200465,0,8.04597018498105
1,6.68910385406448,1,14.8165889966795,0,6.82024335804635,1,24.4925843441655,1,7.45724065925073
0,7.24652917523651,0,19.1744092898206,1,6.3498817471466,0,13.0627116502216,1,3.33613397913848
1,6.66914091993414,1,16.5185505688646,1,9.01788912419977,1,10.7618233462207,1,3.06057265949996
1,6.33568387393744,1,11.660153342728,1,7.97736345602287,1,13.6316429052128,1,3.46864901409995
1,6.16895535093908,1,11.9030732040348,0,9.36473101359206,1,8.37030704706051,1,2.65249630489996
1,6.8358694429325,1,11.1743136201143,1,7.97736345602287,1,14.8274010547929,1,3.06057265949995
1,6.50241239693579,0,11.9030732040348,0,9.36473101359207,1,9.32691356672457,1,3.26461083679995
1,5.49169527315703,1,12.5745840978098,1,8.74563864339817,1,12.9741155401255,1,7.72941316349849
1,6.24917048324765,1,13.4946756171617,1,6.39104362402174,1,13.6817945695869,1,5.01367340335037
1,5.87043287820234,0,12.2678869246925,1,7.06378505812929,1,17.2201897168939,1,4.59586728640451
1,6.62790808829297,1,14.1080699633963,1,6.72741434107551,1,14.1535805892278,1,10.0273468067007
1,7.57475210090625,1,14.4147671365137,1,7.06378505812929,1,14.6253666088688,1,3.34244893556692
1,6.93162154096411,1,14.7996462002207,0,8.89019683938859,1,11.8582624177418,1,3.69346245683611
0,6.93162154096411,1,15.9604027649439,1,9.50331386279469,1,16.3644021364837,1,3.488270098123
0,6.30147412814919,1,13.9290787766783,1,9.80987237449775,0,14.7042453979998,1,3.48827009812299
1,5.98640042174173,1,12.1879439295935,1,8.58363832768553,1,12.0954276660966,1,4.92461660911481
1,7.71930580698276,1,14.2192679178591,1,9.50331386279469,1,16.3644021364837,1,3.89865481554923
1,7.32188000195904,1,13.9606279359356,0,7.86149157775815,1,12.6592365602554,1,3.76296951632426
1,6.79888857324768,1,13.7067983371004,1,8.7349906419535,1,15.7685227329497,0,2.37661232609954
1,4.70692285840224,1,17.2604127207931,0,9.31732335141707,1,14.880155255037,0,2.97076540762442
1,5.92723619206208,1,12.9453095405949,1,7.86149157775815,1,13.547604038168,1,3.5649184891493
1,5.75290571582496,1,13.19913913943,1,8.15265793248994,0,18.4336251666876,1,9.30839827722318
1,8.0530665918351,1,16.8713537167222,1,10.0433637903096,1,11.5820662104605,1,4.36548117439409
1,7.30741227777629,1,14.9613891450178,1,9.13033071846331,1,12.4904635603006,0,4.00169107652792
1,5.96523451247045,1,12.4147697160786,1,7.76078111069381,1,18.8492450091808,1,10.0042276913198
1,5.3687110612234,0,10.5048051443742,1,8.21729764661698,0,16.5782516345807,1,10.1861227402529
1,6.26349623809397,1,13.0514245733134,1,8.21729764661698,0,16.3511522971207,1,7.63959205518966
1,5.33039375291155,1,11.6033801026583,1,6.91698996153317,1,14.9050816627458,1,3.18450229001902
1,6.24942715858596,1,11.8670932868096,1,7.30126718161834,0,13.0706100734848,1,2.98547089689283
1,6.61704052085572,1,12.6582328392636,1,7.68554440170352,0,11.0068295355661,1,4.77675343502854
1,7.16846056426037,1,12.9219460234149,0,7.30126718161834,0,13.0706100734848,1,3.18450229001903
1,6.61704052085572,1,13.4493723917175,1,8.83837606195905,1,17.6567890466373,1,3.5825650762714
1,7.50966955642222,1,12.5696753260401,1,7.34190290819487,1,10.8075389892458,1,4.50235891258203
1,6.43685961979048,1,11.8154948064777,1,18.5295644825871,1,11.2398405488156,1,3.47909552335885
1,6.65142160711683,1,11.3127077934361,1,8.39074618079414,1,9.51063431053631,1,4.70701159042667
1,6.65142160711683,1,14.0780363651649,1,9.78920387759317,1,15.9951577040838,1,6.54888569102842
1,6.65142160711683,1,18.3517259760185,1,7.69151733239463,1,11.2398405488156,1,3.47909552335885
1,7.12495528227631,1,11.7990564809075,1,7.8049100476838,1,12.6669084779264,1,3.28858459660306
1,7.29065191674785,1,14.817419766721,1,7.47970546236365,1,11.7780026198263,1,2.70824613837899
1,5.79938220650397,1,15.3662130914144,1,8.78052380364428,1,12.4446820134013,1,3.0951384438617
1,7.62204518569093,1,13.7198331173343,1,10.0813421449249,1,14.6669466586516,1,3.67547690208577
1,7.45634855121939,1,17.2869897278412,1,7.47970546236365,1,11.3335496907762,1,3.67547690208576
0,5.51492054134911,0,10.7674663726096,0,9.00260727076408,1,17.3229202144856,1,3.0095854268839
1,7.46136308535469,1,14.536079603023,1,7.41391187004101,1,13.0456559639953,1,4.13817996196536
1,7.29915954002089,1,13.7285196250773,1,9.00260727076408,1,16.4674673643876,1,12.9788371534368
1,6.1637347226843,1,11.8442130098706,1,9.53217240433844,1,11.1208870512747,1,3.38578360524438
1,5.83932763201671,1,10.4982797132944,1,9.26738983755126,1,20.7447316148778,1,9.59305354819243
0,7.4633469818115,1,14.9865233266982,1,7.76878494113075,1,11.4022403558268,1,3.26089737049735
1,7.79505129211424,1,16.2565676764184,1,8.0366740770318,0,12.0729603767577,1,4.21998483240833
1,8.12675560241697,1,18.2886386359707,1,6.96511753342756,1,22.5809073713432,1,7.67269969528788
1,7.13164267150877,1,13.462470107034,0,8.30456321293286,0,21.0158939891709,1,7.48088220290568
0,7.13164267150877,1,13.7164789769781,1,8.84034148473498,1,19.2273072666883,1,10.5499620810208
0,7.53353665290407,1,13.9012225015282,1,9.48948068327272,1,13.1188086142499,1,3.71933950555436
0,6.32817078843942,1,12.4379359224199,1,10.0646007246832,1,16.4540989399066,1,4.30660363801032
1,5.42414639009093,1,11.9501737293839,1,7.76412055904132,1,14.6752774328897,1,3.91509421637302
0,6.4788415214975,0,12.925698115456,1,7.47656053833608,1,13.5635139910041,0,3.71933950555436
1,7.38286591984599,1,15.6083901771544,1,8.91436064186225,1,9.3388129118389,1,4.30660363801032
1,7.26126298101908,0,14.5595218627082,1,14.2075432599335,1,14.5309187564722,1,3.94258475012713
1,6.76617686867687,1,13.50448404657,1,7.57735640529786,1,12.0718401976846,1,3.94258475012713
1,7.09623427690501,1,12.4494462304317,1,7.34056401763231,1,10.5069720239107,1,4.13971398763349
1,5.94103334810652,1,11.8164235407487,1,7.81414879296342,1,11.1776298126709,1,3.94258475012713
1,9.90172224684421,1,18.7796731272614,0,6.63018685463563,1,14.0838135639654,1,3.54832627511442
1,9.70806176452924,1,19.2826036683589,1,7.37974271470091,1,13.773525066276,1,4.41215035893563
1,7.37812694104223,1,14.2523592331348,1,11.0696140720514,1,15.465010600731,1,4.01104578085058
1,7.37812694104223,1,14.811275281493,1,11.0696140720514,0,9.66563162545687,0,3.60994120276552
0,6.4073207645893,0,14.5318172573139,0,6.85261823507941,1,14.7400882288217,1,4.01104578085058
1,7.18396570575164,1,14.811275281493,1,10.8060518322406,1,12.3236803224575,1,4.41215035893563
1,6.96110604371644,1,11.4824440531666,1,5.95480193067414,0,17.8609901882941,1,12.6707176581987
1,8.52735490355264,1,13.8998006959386,1,7.86033854848986,0,14.8841584902451,1,12.2808494225618
1,5.91694013715898,1,12.9932919548991,1,6.66937816235503,0,7.55657277197057,1,3.11894588509506
1,6.43902309043771,1,14.2019702762851,1,5.95480193067414,0,12.5942879532843,1,5.65308941673479
0,7.65721664808808,1,13.2954615352456,1,7.14576231680897,0,17.632003134598,1,6.23789177019012
1,7.64236621135551,1,15.7561077588663,1,8.70022915170714,1,13.2220927465037,1,4.84251847856901
1,7.20146046839269,1,13.2942159215434,1,8.4102215133169,1,10.9768317140786,1,3.63188885892676
1,6.31964898246705,1,12.8018375540789,1,8.4102215133169,1,13.471566194551,1,5.44783328839014
1,6.17268040147945,1,13.0480267378111,1,8.4102215133169,1,12.7231458504092,0,3.63188885892676
1,6.17268040147945,1,11.8170808191497,1,8.4102215133169,1,12.9726192984565,1,3.22834565237934
0,5.81810835689795,1,14.2280050071372,1,8.1393019201574,1,13.2761638902996,1,3.82802250254353
1,8.14535169965712,1,16.8413120492644,1,6.91840663213379,1,10.9054203384604,0,3.06241800203482
1,7.70899357288978,1,17.1316794983896,1,6.91840663213379,1,25.3669560046796,0,5.93343487894247
1,6.25446648366529,1,11.9050654141352,1,8.54626701616527,1,13.0390895351157,1,3.253819127162
1,6.83627731935509,1,11.9050654141352,1,7.73233682414953,1,24.4186585839439,1,2.67961575178047
1,6.20979485051181,0,12.0661256616331,1,8.58232603458228,1,15.6165815688297,1,3.91281667175309
1,6.9194856905703,1,13.7222605563671,1,8.58232603458228,1,11.6008891654163,1,3.70687895218714
1,5.85494943048257,1,14.4320326541102,1,5.91884554109123,1,22.3094022411853,1,9.4731351000338
1,7.98402195065804,1,14.1954419548625,1,8.87826831163684,1,14.9472995015941,1,3.29500351305524
1,5.85494943048257,1,12.7758977593763,1,7.99044148047316,1,23.2017783308327,1,3.29500351305524
1,7.61632680862582,1,15.5800558546468,1,7.79448942496593,1,13.4330477914237,1,3.29104169828378
1,6.52828012167928,1,15.3366174819179,1,6.54737111697138,1,9.66236770962055,1,3.08535159214105
1,5.90653915770982,1,12.6587953819005,1,8.4180485789632,1,11.7833752556348,1,2.87966148599831
1,6.37284488068691,1,12.1719186364428,1,6.23559153997274,1,22.8597479959315,0,4.31949222899747
1,6.21740963969455,1,12.4153570091716,1,7.79448942496593,1,23.0954155010442,1,3.49673180442652
0,4.64685529224076,0,14.3334791385536,1,8.26483333479151,1,11.55915597258,1,3.02508361211928
0,6.54001855944995,0,15.636522696604,1,9.09131666827066,1,14.8258739648308,1,12.7485666510741
0,7.57265306883679,0,9.44706579586489,1,8.26483333479151,1,15.3284459636387,1,3.88939321558193
1,7.05633581414337,1,13.0304355805033,1,9.36681111276371,1,14.0720159666191,1,3.67331581471626
1,6.88423006257889,1,12.7046746909907,1,8.26483333479151,0,11.8104419719839,1,3.4572384138506
0,5.46752312915202,1,10.9352435607294,1,8.22294237502013,1,13.3262884749246,1,11.2475193747418
1,6.18693406719834,1,14.7947412880457,1,9.4411560602083,1,16.9607307862676,1,9.50221464417844
1,7.05022719285392,1,13.508242045607,1,8.52749579631717,1,10.4187346258501,1,3.87845495680753
1,7.05022719285392,1,13.8298668562167,0,7.61383553242605,1,17.2030269403572,1,7.75690991361506
1,7.05022719285392,1,14.1514916668263,1,6.70017526853492,1,10.6610307799397,1,6.5933734265728
1,7.10080752092302,0,14.1343193825958,1,7.94758089970202,1,13.935401112944,1,5.60957579253088
1,6.17461523558523,1,13.3633565071815,1,7.94758089970202,1,17.9811627263794,0,7.54391227271394
1,7.10080752092302,1,13.8773317574577,1,5.72225824778545,0,9.66487496542891,1,6.96361132865902
1,7.10080752092302,0,12.8493812569052,1,6.35806471976162,1,10.3391685676681,1,5.02927484847596
1,6.94644214003339,1,14.1343193825958,1,9.8550003156305,1,21.5773952716552,1,17.6024619696659
1,6.02960226368308,1,12.6594765380707,1,7.34546846806562,1,10.3276271329214,1,3.83332424987458
1,6.56162599283159,1,14.2033151402744,1,8.52074342295612,0,9.12674025700027,1,3.06665939989966
1,8.68972090942562,1,16.6734569038004,1,9.40219963912399,0,11.5285140088424,1,3.25832561239339
1,4.78821356233656,1,8.9542638927817,1,7.63928720678824,1,21.8561411417638,1,3.64165803738085
1,5.85226102063358,1,15.1296183015967,1,6.75783099062037,0,17.0525936380795,0,3.44999182488712
1,6.20025413605001,1,13.1655980813346,1,8.36749303054484,1,9.15803234725395,1,9.19334632735523
1,6.95180009193486,1,14.7454698510947,1,9.91702877694203,1,14.7937445609487,1,3.12964981356774
1,5.44870818016516,1,12.6389741580812,1,9.60712162766259,1,10.0973177162031,0,3.71645915361169
1,6.57602711399243,1,12.9022861197079,1,8.98730732910371,1,14.0892805342369,1,3.12964981356774
1,6.38814062502122,1,13.692222004588,1,8.98730732910371,0,19.255350063457,1,21.3207393549302
1,7.73035285982628,1,16.5545099662326,1,7.97451341582108,1,13.2848013172799,1,4.086870155306
1,7.56230171069962,1,14.9927637430031,1,6.52460188567179,1,14.7846982401986,1,4.086870155306
1,7.73035285982628,1,14.6804144983572,1,7.61203553328376,1,13.4990723062683,1,3.89225729076762
1,6.0498413685597,1,13.4310175197736,1,7.24955765074644,1,12.4277173613264,1,4.086870155306
1,6.55399481593967,1,14.9927637430031,1,6.16212400313447,1,13.7133432952567,0,3.89225729076762
0,6.81014515218815,0,16.5710061143619,1,7.46458595306031,1,18.9794900784366,1,3.134518290521
1,7.16857384440858,1,15.3203641434666,1,7.46458595306031,1,11.8342702842017,1,4.11405525630882
1,6.81014515218815,1,14.695043158019,1,6.84253712363862,1,11.8342702842017,1,5.48540700841176
0,6.63093080607794,1,15.3203641434666,1,7.77561036777115,1,12.727422758481,1,5.09359222209663
1,6.63093080607794,1,16.5710061143619,0,7.46458595306031,0,10.4945415727826,1,3.72224046999369
1,6.897955241064,1,12.7186203134956,1,7.82680008038603,1,16.0230617873874,1,11.0253307868727
0,7.05472695108818,0,16.1102523970945,1,7.82680008038603,1,12.075350912234,1,4.3313799519857
1,7.05472695108818,1,13.0012563204622,0,8.16709573605499,1,19.9707726625408,1,4.72514176580259
0,7.36827037113654,1,13.0012563204622,1,7.82680008038603,1,11.8431326254602,1,5.11890357961947
0,6.74118353103982,1,14.1318003483285,1,7.48650442471707,1,12.7720057725551,1,3.54385632435194
1,6.81734629934381,1,16.6460586439974,1,8.17050580658976,1,25.3951253623523,1,3.98089080588253
1,7.86616880693516,1,15.2192536173691,1,7.87870202778299,1,13.0673946039289,1,3.35232909969056
1,6.81734629934381,1,13.0790460774265,1,9.92132847943043,1,23.9157976713415,1,18.0187689108368
1,5.94332754301768,1,11.8900418885696,0,7.87870202778298,1,19.970923828646,1,18.2282894795674
1,6.81734629934381,1,14.0302494285121,1,9.62952470062365,1,23.1761338258361,1,3.77137023715188
1,7.64512698707121,1,13.4295130203596,0,7.52509728841599,1,13.7255722829138,1,4.4711294481947
1,7.9571729865435,1,13.7152473399417,1,6.63979172507293,1,14.6256098096623,1,5.05432024578531
1,6.24091998944588,1,12.2865757420311,0,7.52509728841599,1,17.7757411532818,1,4.6655263807249
1,6.86501198839047,1,13.7152473399417,1,7.52509728841599,1,13.9505816646009,1,3.11035092048327
1,6.08489698970974,1,12.5723100616132,1,6.63979172507293,1,13.7255722829138,1,4.4711294481947
1,7.89243847690681,1,15.115220651179,1,10.7473492535675,0,11.3166877510603,1,3.7082705813961
1,5.66636608598438,1,10.6071723867923,1,8.65758689870716,1,12.4955093917958,1,3.29624051679653
1,7.28532782483705,1,15.115220651179,1,9.85173681577022,1,12.4955093917958,0,2.88421045219697
1,7.28532782483705,1,13.5241447931602,1,7.16489950237834,1,14.6173883451196,1,4.53233071059523
1,6.47584695541072,1,11.6678896254715,1,10.150274295036,1,14.1458596888254,1,3.09022548449675
1,7.38472406704489,0,13.3433914926754,1,8.26570954351762,0,23.2784725912853,1,7.38356303718576
1,10.3785311212523,1,24.2607118048643,1,7.43913858916585,1,12.1242044746278,0,2.66628665231708
1,7.18513693009772,1,15.466203775601,1,7.71466224061644,1,15.276497638031,1,6.56316714416512
1,5.98761410841477,1,13.3433914926754,1,7.99018589206703,0,12.3666885641203,0,3.48668254533772
1,6.38678838230909,1,15.1629448780402,1,7.16361493771527,1,16.0039499065087,0,2.87138562557224
1,6.83260039763776,1,14.6364955075888,1,8.57926955466182,1,16.3407410969184,0,3.06878288097287
1,7.16589797801034,1,16.1249526778521,1,8.23609877247534,1,14.4183009678692,0,3.06878288097287
1,6.3326540270789,1,13.1480383373255,1,9.26561111903476,1,13.6973859194758,1,10.6384473207059
1,5.66605886633375,1,11.9076573621061,1,7.89292799028887,1,19.4647063066234,1,4.91005260955659
1,6.16600523689261,1,11.6595811670623,1,8.57926955466182,1,18.9840962743611,1,11.4567894222987
1,4.94557678445082,0,10.2421722465116,1,7.40200349972628,1,11.5236005039488,1,2.79019675567799
1,6.30987382843725,1,13.3386429256895,1,8.94408756216925,1,12.39330620236,1,3.16222298976839
1,5.79826243694234,1,13.1004528734451,1,8.94408756216925,1,11.9584533531544,1,3.16222298976839
1,6.99202235043047,1,16.4351136048675,0,8.01883712470347,1,12.1758797777572,1,5.20836727726558
1,7.16255948092877,1,15.4823533958896,1,8.63567074968066,1,12.8281590515656,1,3.34823610681359
1,6.30116209595446,1,15.4954679032243,1,7.92363933136742,1,11.8742422026596,1,3.45329426437706
1,6.30116209595446,1,13.8813566633051,1,7.92363933136742,1,14.2490906431916,1,2.49404585760565
1,7.38136131240379,1,17.7552236391112,1,7.92363933136742,1,11.8742422026596,1,3.64514394573133
1,6.48119529869601,1,14.8498234072566,1,8.28380475552048,1,13.7741209550852,1,3.64514394573133
1,6.30116209595446,1,13.5585344153213,1,8.64397017967355,1,15.1990300194043,1,4.0288433084399
1,7.50208028534333,1,14.1358146020234,1,8.60517823020331,1,12.0673368950481,1,3.00841148162872
1,6.16837712350452,1,11.6412590840192,1,6.25831144014786,1,9.60917567568644,0,3.00841148162872
1,6.66851580919407,1,12.7499504253544,1,7.43174483517559,1,9.16223727216614,0,5.01401913604786
1,6.66851580919407,1,12.4727775900206,1,8.21403376519407,1,16.7601901320112,1,3.00841148162872
1,6.50180291396422,1,12.4727775900206,1,6.64945590515711,1,12.7377445003285,1,3.00841148162871
1,7.2948905046676,1,14.6992407394358,1,13.5201254478859,0,14.7274427211886,1,3.50040561198016
1,6.76111802871631,1,13.5898640798558,1,6.76006272394295,1,14.5200139504677,1,4.60579685786863
1,5.87149723546417,1,11.9257990904857,0,8.26229888481916,1,19.0834469063289,1,5.52695622944235
1,5.87149723546417,1,13.3125199149608,1,7.135621764162,0,10.5788673067693,1,17.5020280599008
1,7.2948905046676,1,13.5898640798558,1,9.76453504569537,1,16.1794441162354,1,3.6846374862949
1,6.42179894501852,1,12.2139431543452,0,11.017655314256,1,10.1999784014299,1,3.81618997577888
1,6.23292250545915,1,13.2109997383733,1,7.10816471887485,1,13.9695356367409,1,2.81192945583707
1,6.04404606589978,1,11.466150716324,0,7.81898119076233,1,9.31302375782727,1,3.41448576780215
1,5.85516962634042,1,12.4632073003522,1,8.17438942670607,1,11.9738876886351,1,3.01278155982543
1,4.91078742854357,1,12.9617355923663,1,8.17438942670607,1,11.3086717059331,1,3.2136336638138
1,6.39883858103744,1,14.9021756290889,1,8.9468732315883,1,8.70699844475495,1,5.70785176128302
1,5.72527662513876,1,10.6083284139277,1,10.0204980193789,1,13.747892281192,1,9.78488873362804
1,7.7459624928348,1,12.1238039016316,1,8.9468732315883,1,16.2683391994106,1,16.5119997379973
0,5.72527662513876,1,11.3660661577796,1,7.87324844379771,1,10.9983138249536,1,3.46548142649326
1,7.40918151488546,1,13.6392793893356,1,9.66262309011537,1,10.310919210894,1,3.66933327511052
1,7.79284615095172,1,14.931610925899,1,7.45912773750319,1,19.5569911740554,1,3.87006975657404
1,7.49877648487807,1,15.4132757944764,1,7.83208412437835,1,10.7900640960306,1,4.48113340234888
1,5.44028882236252,1,11.5599568458573,1,7.83208412437835,1,14.1619591260401,1,3.25900611079919
1,6.46953265362029,1,13.7274487544555,1,7.45912773750319,1,15.2859241360433,0,3.87006975657403
1,7.35174165184124,1,14.6907784916103,1,8.20504051125351,1,11.9140291060338,1,7.53645163122312
0,6.20248987081117,0,11.4533780800794,1,7.8550669031368,0,15.5690180057881,1,2.61633980214364
1,6.71936402671211,1,14.6213337192503,1,7.2508309875109,1,17.4561717034594,0,2.80322121658247
1,6.89165541201242,1,14.3776448239294,1,7.85506690313681,1,13.4459700959079,1,4.29827253209312
1,7.40852956791335,1,14.3776448239294,1,8.15718486094976,1,14.1536527325346,1,4.11139111765428
1,6.71936402671211,0,14.1339559286086,1,8.76142077657567,1,15.3331237935792,1,3.17698404546013
1,6.52470217804695,1,14.3613664881228,1,9.07134635744958,1,9.69734640666162,1,3.33906434096
1,7.58276199070321,1,13.6055050940111,1,8.06341898439963,1,15.6103625082846,1,3.14264879149177
1,7.58276199070321,1,12.3457361038249,1,9.07134635744958,0,10.8799496269862,1,7.85662197872942
1,5.11395576117193,1,13.6055050940111,1,8.39939477541628,1,11.589511559181,0,2.16057104415059
0,6.34835887593757,1,16.8809044684952,1,8.39939477541628,0,10.1703876947915,1,3.33906434096
1,5.95341225006024,1,11.3203239484359,1,6.55814224493774,0,8.26934981349467,0,6.12316150862133
1,5.50690633130572,1,8.74752305106413,1,10.1353107421765,0,12.404024720242,1,3.26568613793138
1,6.39991816881476,1,12.6067243971218,1,8.04862911878722,1,14.5801694080038,0,7.14368842672489
1,7.88827123132982,1,14.6649651150193,1,11.625797616026,1,7.83412087594232,1,10.4093745646563
1,7.2929300063238,1,13.8931248458077,1,9.83721336740661,1,14.7977838767799,1,3.46979152155209
1,7.16844675734991,1,14.6663889673042,1,9.37449902456479,1,11.442717829442,1,3.57693355349096
1,7.16844675734991,1,13.6720575118937,1,7.16873454819661,1,14.1473602254919,1,3.77565208424045
1,8.3631878835749,1,14.9149718311568,1,9.37449902456479,1,12.4829649048458,1,3.57693355349096
1,6.82709214985706,1,11.6833946010728,1,8.54733734592673,1,12.8990637350073,1,3.57693355349096
1,7.16844675734991,1,14.1692232395989,1,10.2016607032029,0,10.8185695841997,1,4.57052620723845
1,6.40497142195671,1,16.9690171708869,1,8.08209270066346,1,14.1124058412639,1,7.10343936881167
1,6.06786766290636,1,13.3141519340805,1,8.08209270066346,1,18.4371753732641,1,10.0176709047344
1,5.730763903856,1,14.0973373419676,1,8.08209270066346,1,20.2581309656853,1,10.7462287887151
1,6.40497142195671,1,13.8362755393386,1,7.77124298140717,1,13.429547494106,1,10.1998103757296
1,6.74207518100706,1,12.5309665261934,1,8.70379213917603,1,14.5676447393692,1,6.9212998978165
1,5.87838149463904,1,16.3977891476904,1,8.35084542781987,1,8.80632153726076,1,3.48819887473686
1,5.87838149463904,1,15.2470671022385,1,8.35084542781987,1,13.2094823058911,1,4.10376338204337
1,6.09609932777382,1,14.3840255681495,1,8.0724839135592,1,11.4971420069793,1,3.69338704383903
1,6.53153499404338,0,13.5209840340605,1,8.35084542781987,1,22.2604238858536,1,19.2876878956038
0,7.18468849344772,1,16.1101086363275,1,8.90756845634119,1,13.6987223912945,1,3.28301070563469
1,6.30935848033325,1,13.8425916433732,1,8.82406692027414,1,12.3849519488123,1,3.38750305181146
1,7.03042802094276,1,15.9958836767868,1,7.11618300022108,1,13.675051110147,1,3.98529770801349
1,6.85016063579038,1,15.3806573815258,1,15.9402499204952,1,17.2873287618839,1,3.58676793721214
1,6.85016063579038,1,12.3045259052206,1,12.2398347603803,1,11.6108924520116,1,3.78603282261281
1,5.9488237100285,1,12.9197522004817,1,8.5394196002653,1,13.9330709424139,1,5.18088702041753
1,7.96621705766895,1,16.085250929012,1,6.4713869766722,1,13.9963237087323,1,2.97287519567701
1,6.3128512532471,1,14.2691742112204,1,10.6918567440671,1,13.7668757790809,1,2.97287519567701
1,8.26682902210929,1,17.1230090534644,1,9.84776279058813,1,10.554604763962,1,2.77468351596521
1,6.01223928880676,1,11.4153393689763,1,6.75275162783186,1,17.2085947238511,1,3.96383359423601
0,6.16254527102693,1,15.5663718667858,1,7.87821023247051,1,15.831907145943,0,3.56745023481241
0,7.86904268728703,0,14.9134260257169,0,8.48366514408847,1,8.81338222818237,0,3.42720929385706
1,6.97483329100442,1,13.597535494036,0,8.48366514408847,0,18.5795625350872,1,3.830410387252
1,6.43830765323484,1,12.9395902281956,1,8.48366514408847,0,11.6717764643496,1,4.03201093394948
1,6.43830765323484,1,13.3782204054226,1,7.9180874678159,1,13.8155721414751,1,3.22560874715958
1,6.79599141174789,1,13.1589053168091,1,9.6148204966336,1,9.52798078722419,1,3.830410387252
0,6.17509879599454,1,12.3616797661685,1,7.79347287318012,1,13.4564986126978,1,3.49066739779044
0,6.00820423394063,0,10.1802068662564,1,6.4945607276501,1,21.3061228034381,1,3.49066739779044
1,6.84267704421016,0,18.1789408326007,1,7.79347287318012,1,12.5593987051846,1,3.10281546470262
0,7.17646616831798,1,15.2703102993846,1,8.11820090956263,1,15.923523358359,1,3.49066739779044
1,6.17509879599454,1,11.9981009495164,1,7.79347287318012,1,15.6992483814807,0,3.49066739779044
1,8.27874350463782,1,22.4048947352462,1,8.39636757694225,1,13.6596760775171,1,3.70165839796836
1,6.13240259602801,1,15.0389019455762,0,5.99740541210161,1,21.0683139500687,1,7.40331679593672
0,6.74564285563082,1,13.504320114395,1,7.49675676512701,1,22.4574335511721,1,7.59814092214559
1,7.35888311523362,1,15.3458183118125,1,7.79662703573209,1,19.9107142824825,1,10.1308545628608
0,7.20557305033292,0,16.2665674105212,1,8.69623784754734,1,9.26079734068953,0,3.31201014555064
1,5.87042409171167,1,14.2178522400271,1,6.4333205692916,1,27.4255243762941,1,9.67605523486703
0,5.87042409171167,0,13.3815079906137,1,18.3349636224811,1,16.5017985653973,1,3.02376726089594
1,6.19655876347342,1,13.6602894070848,1,9.00664879700824,1,27.1931046781899,1,13.9093294001214
0,6.84882810699694,0,15.0541964894404,1,15.1183033378353,1,22.5447107161062,1,11.8934845595241
0,6.52269343523518,1,13.6602894070848,1,8.68498276854366,1,22.312291018002,1,6.65228797397108
1,7.18299877930975,1,14.5230527765749,1,8.43446552243031,1,11.3727096422234,1,4.05433805783716
1,7.0364069674871,1,13.8916156993325,0,6.67728520525733,0,11.993039259072,1,3.47514690671757
1,8.94210052118153,0,11.0501488517418,1,8.43446552243031,1,14.0608046485672,1,4.05433805783716
1,6.88981515566445,1,15.4702083924385,1,8.7859015858649,0,14.2675811875167,1,4.05433805783717
1,6.45003972019651,1,15.7859269310597,1,9.1373376492995,1,11.7862627201225,1,3.8612743407973
1,6.96461009379226,1,13.8895126564755,1,8.35493670635325,1,15.1161192498439,1,10.0145278955384
1,4.84494615220331,1,10.8029542883698,1,12.8805274222946,1,12.7407290820113,0,9.82194082062417
0,8.02444206458674,1,15.6900050378705,0,4.52559071594134,0,11.2291171570269,1,4.42950272302659
0,8.7814649008685,1,14.9183654458441,1,9.3993037946474,1,13.6045073248595,1,7.51089592165378
1,6.5103963920232,1,15.6900050378705,1,8.35493670635325,1,12.3088399605872,1,9.05159252096737
1,5.44200450110267,1,12.466351715621,1,7.84581778618941,1,12.5671878810771,1,3.42855453556295
1,6.0148470801661,1,12.466351715621,1,7.84581778618941,1,13.93815383174,1,3.42855453556296
1,5.87163643540024,1,12.466351715621,1,8.78731592053214,1,12.7956822061876,0,3.63023421412548
0,5.58521514586852,0,10.9997221020185,1,8.78731592053214,1,10.9677276053036,1,3.22687485700043
1,6.0148470801661,1,12.9552282534884,1,8.15965049763699,1,8.9112786793092,0,3.0251951784379
1,6.61536708144346,1,13.618392964171,1,7.42844561866721,1,10.7595034502336,1,3.8785970204676
1,6.44127847403706,1,14.1421773089468,1,8.80408369619818,1,10.7595034502336,1,3.68466716944422
1,6.44127847403706,1,13.0946086193952,1,7.42844561866721,1,9.63872184083423,0,3.68466716944422
1,6.44127847403706,1,14.6659616537226,1,7.9787008496796,1,10.5353471283537,1,3.10287761637408
1,6.61536708144346,1,14.1421773089468,1,8.25382846518579,1,10.5353471283537,1,10.4722119552625
1,7.18303498662074,1,14.0437725534717,1,7.89486188128806,1,13.0548138693133,1,13.2249184148412
1,6.48225108548701,1,14.5839176516822,0,7.53600452304769,1,13.696853895673,0,3.60679593132033
1,5.78146718435328,0,13.2335549061561,1,8.61257659776879,0,21.6153475541089,1,11.221142897441
1,6.13185913492014,1,12.4233372588404,1,7.89486188128806,1,15.622973974752,1,7.6143469661207
1,5.78146718435328,1,12.4233372588404,1,8.61257659776879,1,14.9809339483923,1,4.00755103480037
1,6.16120373278249,1,11.9274123911054,1,9.57090218845271,1,13.2050969375138,1,3.99083887882666
1,7.16031785161208,1,13.4831618334235,1,7.54071081514456,1,10.9283560862183,0,3.61075898560508
1,6.49424177239236,1,12.7052871122645,1,8.1207654932326,1,11.1560301713478,1,4.18087882543746
1,7.49335589122195,1,16.0760775706203,1,8.99084751036466,1,12.5220746821251,1,4.18087882543746
1,7.16031785161209,1,14.5203281283022,1,7.83073815418858,1,12.2944005969956,1,4.37091877204825
1,9.41281393787006,1,16.7350076367227,1,8.46991697523811,1,13.1389090083984,1,3.33675170911512
1,7.33880408715292,1,14.344292260048,1,8.76198307783253,1,10.7500164614169,1,5.29954683212401
1,6.70064721000919,1,14.8755623437535,1,7.30165256486044,1,21.2611436681357,1,17.4688765947792
1,5.74341189429359,1,11.6879418415206,1,8.17785087264369,1,11.7055734802095,1,3.14047219681423
1,6.86018642929512,1,13.5473871344898,1,7.88578477004927,1,9.79445944262429,0,2.74791317221245
1,6.47595976116847,1,13.3286307382065,1,9.34139802852131,1,25.8033809353747,1,3.37914479826382
1,6.32535604579246,1,11.7605565337117,1,8.75756065173873,1,22.0501618902293,1,3.97546446854567
1,6.17475233041644,1,13.0672850374574,1,9.04947934013002,1,21.1118571289429,0,3.5779180216911
1,6.47595976116846,1,13.5899764389557,1,7.88180458656486,1,21.5810095095861,1,3.77669124511839
1,6.02414861504043,1,11.2378651322134,1,9.04947934013002,1,13.8399952289737,1,4.96933058568209
1,6.25013253382248,1,13.639597217699,1,8.67851856043548,1,12.29197061951,1,3.57240632309359
1,6.78585817957869,1,12.0954918722991,1,7.7486772861031,1,24.0822281525093,1,12.3049551128779
1,7.67873425583904,1,16.2131061266989,1,8.67851856043548,1,11.0376879032334,1,2.77853825129501
1,6.78585817957869,1,12.0954918722991,1,7.43873019465898,1,14.5496795088077,1,2.97700526924466
1,6.96443339483076,1,13.639597217699,1,9.29841274332373,1,19.5668103739138,0,3.5724063230936
1,6.57335564921306,1,15.0313570699598,0,12.8828823081251,1,14.4548680031722,1,3.35632690582045
1,10.79908428085,1,19.3737491123927,1,9.25957165896493,0,13.229879189344,1,4.10217732933611
1,7.19938952056668,1,13.0271761272985,1,9.66216173109384,1,14.2098702404066,1,3.9157147234572
1,4.69525403515219,1,10.688965027527,1,7.64921137044929,1,16.4148501052972,1,3.35632690582045
1,7.04288105272828,1,14.3632967557394,1,7.64921137044929,1,12.0048903755159,1,3.91571472345719
1,6.70249432252902,1,14.1706927218824,1,8.70376438267628,1,22.4679227686611,0,3.44783503565607
1,7.21807080887741,1,14.8912364196052,1,9.20112234740065,1,20.7396210172257,1,3.25628864478629
1,6.87435315131182,1,13.9305114893081,1,8.20640641795192,1,21.387734174014,1,3.83092781739563
1,6.18691783618064,1,10.8081554658425,1,8.45508540031411,1,23.7641490822377,1,3.83092781739563
0,5.84320017861505,1,11.288517930991,1,8.95244336503847,0,24.8443376768849,1,4.02247420826541
1,6.67750529479776,1,14.2380208176149,1,8.11503952412948,1,14.3872778847229,1,3.61650916675971
1,6.34363003005788,1,13.0106052298894,1,6.83371749400377,1,12.5308549318554,1,3.9971943422081
0,7.17831819190759,1,13.7470545825247,1,8.11503952412948,1,13.6911192773976,1,2.47445364041454
0,7.67913108901743,0,11.783189642164,1,7.26082483737901,1,12.9949606700723,1,4.37787951765649
1,5.84281713294804,1,13.2560883474345,1,8.11503952412948,0,14.6193307538313,1,3.9971943422081
1,7.10469271452276,1,14.247866251057,1,8.68181206630183,1,19.5667017307821,1,7.09294503070567
1,7.47862391002396,1,16.1658482463916,1,8.33453958364976,1,10.7954216445694,1,4.21742677501419
1,6.91772711677216,1,13.1518765394373,1,9.0290845489539,1,12.3697539677358,1,3.83402434092199
1,6.54379592127096,1,14.7958611068669,1,9.0290845489539,1,11.9199447325454,1,4.02572555796808
1,7.66558950777456,1,13.9738688231521,1,7.98726710099768,1,13.0444678205214,1,3.45062190682978
1,5.75520318758882,0,8.97255433366755,1,8.02502327910286,1,13.4698693401766,0,3.24635727623421
1,6.47460358603742,1,16.5176568415243,1,7.26073534775973,1,23.2868927575934,1,3.24635727623421
1,7.19400398448602,1,14.0705965687059,1,8.78931121044599,1,23.9718013681109,1,3.46278109464983
1,7.37385408409818,1,12.4392230534936,1,8.02502327910286,1,11.6434463787967,1,3.46278109464983
1,7.01415388487388,1,12.8470664322967,0,7.26073534775973,1,22.3736812769035,1,3.24635727623421
1,6.25560095625711,1,13.0305660169943,0,10.4542476678748,1,21.32336038567,1,3.41111921307942
1,5.88762442941846,1,11.7009164234235,0,8.7118730565623,1,20.6570053736178,1,5.11667881961914
1,6.80756574651509,1,14.094285691851,1,8.42147728801022,1,21.5454787230207,1,7.20125167205656
1,6.25560095625711,1,11.4349865047093,0,7.84068575090607,1,11.1059168675364,1,3.22161259013057
1,6.62357748309577,1,14.094285691851,1,8.42147728801022,1,15.9925202892525,1,3.79013245897714
0,6.15342581572654,1,13.2712304389417,1,7.42206060470257,1,17.5513152939991,1,3.40316354346945
0,6.46109710651287,1,10.7299309931869,1,8.4341597780711,1,14.6992265587242,1,7.40688535931585
1,5.69191887954705,1,12.9888638338578,1,8.09679338694825,1,12.0665292646244,1,3.20297745267712
1,6.30726146111971,1,11.8593974135224,1,7.75942699582541,1,22.3779269998488,1,5.60521054218496
1,6.30726146111971,1,12.706497228774,1,7.75942699582541,1,11.4083549410994,1,3.60334963426176
1,6.91786166581102,1,13.6409258325889,1,11.1133766107032,1,13.7888931873068,1,4.27810740600393
1,7.21223875797319,1,14.6390423569247,1,22.5354581272593,1,22.8994119003488,1,8.35249541172196
1,6.03473038932451,1,12.3101038001412,1,9.261147175586,1,12.5577420098687,1,4.48182680628983
1,7.06505021189211,1,12.9755148163651,0,8.3350324580274,1,21.4220304874231,1,7.53761781057835
1,5.15159911283799,1,10.9792817676935,0,9.261147175586,1,23.1456421358364,1,11.2045670157246
1,6.75191391105237,1,11.7604088943604,1,9.56942709329103,1,16.0597218763497,1,3.65993077310546
0,7.6971818585997,1,12.2717310202021,1,8.61248438396193,1,12.3703263101613,1,3.85255870853206
1,7.83222013682075,1,13.8056973977274,1,8.13401302929738,1,17.7959080251443,1,3.08204696682564
1,6.61687563283132,1,14.57268058649,1,8.13401302929738,1,23.004466471528,1,3.08204696682565
0,7.83222013682075,1,14.3170195235692,0,9.09095573862648,1,22.35339666573,1,3.27467490225225
1,5.93784665475894,1,12.4862779413729,1,9.09916808893891,1,22.4243423389985,1,8.45666056995679
1,6.49451977864259,1,14.4072437785072,0,7.58264007411576,1,11.912931867593,1,3.84393662270763
1,8.16453915029355,1,17.6088535070644,1,7.27933447115113,1,13.7816270625095,1,3.26734612930149
1,5.93784665475894,1,15.3677266970744,1,9.40247369190354,1,12.6136925656867,1,3.0751492981661
1,6.30896207068138,1,14.0870828056515,0,9.09916808893891,1,14.2488008612387,1,4.03613345384301
1,6.69892818131197,1,13.4566505823601,1,8.18844567716439,1,20.49379139344,1,3.65448491369146
1,7.87124061304157,1,19.8041272721526,1,7.4440415246949,1,18.4943971111531,1,2.88511966870378
1,6.86640138584477,1,12.4410543119933,1,7.94031095967456,1,20.49379139344,1,3.65448491369146
1,6.19650856771358,1,12.9488524471767,1,8.43658039465422,1,21.2435642492975,1,9.80940687359286
1,6.53145497677917,1,12.694953379585,1,8.18844567716439,1,22.4931856757268,1,10.1940894960867
1,7.57959426549607,1,15.0918207115332,1,8.76626643627972,0,12.6234648480709,1,12.5662503864235
1,8.39900986176592,1,17.2869946332107,1,7.85941128769906,1,20.4833580553604,1,3.6732116514161
1,7.78444816456353,1,13.9942337506944,1,9.0685514858066,1,13.3380005941882,1,3.2865577933723
1,7.16988646736115,1,14.2686304909041,1,16.3233926744519,1,17.3870364888524,1,2.7065770063066
1,6.76017866922623,0,10.7014728681781,1,8.46398138675283,1,11.9089291019537,1,3.2865577933723
1,6.39137001943919,1,10.5501574618681,1,10.5944605098331,1,12.5301107911956,1,7.48944543500626
0,9.67836031515077,1,17.6870286860729,1,9.23619634190575,1,11.2248909171128,1,3.95276286847553
1,6.39137001943919,0,10.8604562107465,1,8.96454350832028,1,23.4939577334918,1,3.32864241555834
1,6.93920173539112,1,13.3428462017743,1,10.0511548426621,1,13.3132427156454,1,3.12060226458594
0,6.20875944745521,0,13.6531449506528,1,10.8661133434185,1,14.6184625897282,1,4.36884317042032
0,7.71708177099419,0,15.5725031802083,1,7.58318564328566,1,16.5519122090399,0,3.18460771449453
0,8.19939938168133,0,12.4128648537892,0,8.36765312362556,1,24.5979806439898,1,3.18460771449453
1,6.5916740127242,1,14.2183724688859,1,8.10616396351226,1,22.7588792874298,1,3.37193758005303
0,6.43090147582849,1,16.0238800839825,0,7.32169648317236,1,24.8278683135598,1,3.55926744561154
1,6.27012893893278,1,13.5413071132246,1,7.58318564328566,1,22.0692162787198,1,3.18460771449453
1,6.8972621537134,1,13.9886994025577,1,6.20991633834296,1,23.3414842990484,1,8.06190858901684
1,5.67108221527547,1,11.1909595220462,0,8.96987915538427,1,13.8727689701892,1,8.45517242262742
1,6.74398966140866,1,13.1278563624003,1,10.3498605639049,1,23.3414842990484,1,11.7979150083173
1,7.66362461523712,1,15.2799639627938,1,6.66991014118318,1,14.0929716522557,1,4.91579792013222
1,7.51035212293237,1,14.4191209226364,1,9.4298729582245,0,10.3495260571252,1,4.71916600332693
1,7.53437633627103,1,10.4194743182829,1,9.90954199432567,1,12.3706119204521,1,3.56453358530335
1,8.23524855359857,1,11.5162610886285,1,8.36117605771228,1,13.4952130041295,0,3.14517669291472
1,5.95741384728407,1,12.3388511663877,1,8.98052243235763,1,11.6958512702456,1,3.14517669291472
1,7.53437633627103,1,15.9034081700108,1,8.98052243235763,1,14.3948938710715,1,5.03228270866354
1,6.48306801027973,1,13.7098346293197,1,8.0515028703896,1,11.0210906200391,1,2.9354982467204
1,6.12994294197126,1,13.2170156888138,1,7.13165867522042,1,11.873654207599,1,3.67139706938121
1,6.50145463542407,1,13.2170156888138,1,7.92406519468936,1,7.98773101238481,1,3.05949755781767
1,6.68721048215047,1,13.7677246758477,0,8.32026845442383,1,12.0895388295554,1,3.67139706938121
1,7.05872217560327,1,14.8691426499156,1,8.7164717141583,1,13.3848465612935,0,3.26346406167218
1,8.73052479614089,1,14.0430791693647,1,7.52786193495489,1,12.0895388295554,1,5.09916259636279
1,7.96769676859782,1,12.3550457056032,1,8.23703992803597,1,15.7793071736942,1,4.08740919557572
1,7.81736286730352,1,16.0848708242758,1,7.06031993831655,1,20.7999958198696,1,10.8316343682757
1,7.36636116342062,1,14.9193004746906,1,7.84479993146283,0,13.1494226447452,1,5.9267433335848
0,6.46435775565483,1,12.5881597755202,1,7.45255993488969,1,19.1264329378111,1,4.29177965535451
1,6.31402385436053,1,11.8888175657691,1,8.23703992803598,1,12.4321814095772,1,4.29177965535451
0,6.4754911384463,0,13.6275043584999,1,8.21904191812323,1,12.4056565945484,1,14.6271806827254
1,5.64529996685062,1,13.071279690806,1,7.68878114921205,1,13.1810101317076,1,15.899109437745
1,6.64152937276543,1,12.7931673569591,1,7.15852038030088,1,11.1134006992829,1,16.959050066928
1,8.3019117159568,1,13.3493920246529,1,6.89338999584529,1,12.4056565945484,1,13.1432638018692
1,4.98114702957407,1,14.1837290261937,1,7.15852038030088,1,11.1134006992829,1,11.0233825435032
0,6.32241819130277,0,19.3511111420437,1,7.20037474391529,1,18.4270678874845,1,3.86557178523096
0,8.07864546666465,1,13.2232592803965,1,7.52766450500236,1,13.335378076469,1,3.66212063863985
1,7.55177728405609,1,12.9007407613624,1,7.85495426608941,1,16.0024536917628,1,3.86557178523095
1,6.32241819130277,1,13.8682963184646,1,7.85495426608941,1,17.4572222091958,1,4.06902293182205
1,7.3761545565199,1,12.5782222423284,1,7.52766450500235,1,15.0326080134742,0,3.45866949204875
1,7.41723022091773,1,11.8000990733843,1,7.02751971000797,1,14.6485813498979,1,3.32372530778672
1,5.93378417673418,0,10.6762801140144,1,9.48715160851076,1,14.2177407219597,1,4.24698233772748
1,5.78543957231583,1,12.3620085530693,0,8.08164766650917,1,15.5102626057743,1,3.32372530778672
1,6.97219640766266,1,14.3286917319667,1,7.73027168100877,1,14.2177407219597,1,2.95442249581042
1,6.08212878115254,1,13.4858275124392,1,22.8394390575259,1,14.864001663867,1,4.24698233772748
1,8.14258927111856,1,15.2031365031763,1,6.56155564678127,1,12.1757231475456,1,3.49433655671841
1,5.9503536981251,1,12.0576599852777,1,7.18646570837949,0,13.4352807145331,1,4.93318102124953
1,6.42011846376656,1,15.2031365031763,1,7.49892073917859,1,11.3360181028873,1,3.08323813828096
1,5.16741242205601,1,11.0091678126449,0,7.8113757699777,0,12.1757231475456,1,3.69988576593714
1,6.26353020855274,1,13.1061521579106,1,7.8113757699777,1,13.2253544533685,1,3.49433655671841
1,9.07399278322846,1,14.4592350992868,0,8.41777061741821,1,21.9618637007966,1,7.70553215383225
1,6.43428579174382,1,12.8267408138834,1,7.67502615117542,1,11.7900531446382,1,3.0822128615329
1,7.42417591355056,1,13.7595946912568,1,8.6653521061658,1,12.7147631951981,1,4.62331929229935
1,7.09421253961498,1,12.8267408138834,1,8.6653521061658,1,13.4082957331179,1,4.62331929229935
1,7.25919422658277,1,13.2931677525701,1,10.1508410386514,1,12.4835856825581,1,3.2748511653787
1,6.81497002303671,1,14.3737252489425,1,9.99029018158485,1,12.4899927687507,1,5.09490054455184
0,6.81497002303671,0,14.6055595271512,1,9.27669802575736,1,13.1838812559036,1,5.29085825780383
0,5.89402812803175,1,13.6782224143162,1,8.80096992187237,1,11.5648081192136,1,3.91915426503988
1,6.81497002303671,1,12.7508853014812,0,9.51456207769986,1,9.25184649537091,1,3.52723883853589
1,6.44659326503472,1,11.3598796322287,1,8.56310586992987,0,11.3335119568294,1,10.7776742288597
1,5.94061345410387,1,11.5893849242506,1,12.041844669885,1,14.3411824052949,1,3.16804243559895
0,6.23764412680906,0,8.23456297249384,1,10.5733270272161,1,10.9266151659389,1,14.5729952037552
1,6.83170547221945,1,12.8093201794349,1,8.51740232747962,1,20.4874034361355,1,4.43525940983853
1,5.49506744504608,1,11.5893849242506,0,9.10480938454718,1,11.8371664297672,1,2.95683960655902
1,5.34655210869348,1,11.8943687380467,1,14.0977693696214,1,11.154252981896,1,3.16804243559895
0,5.18702953956696,1,13.3116248585215,1,8.60372988082796,1,12.8408417680504,1,10.0402843429458
1,7.41004219938138,1,16.2999488063528,1,8.60372988082796,1,11.1448815345343,1,13.6547867064062
1,5.9280337595051,1,12.4966274182038,1,8.60372988082796,1,11.6294416012532,1,3.81530805031939
0,5.9280337595051,1,12.2249616047646,1,8.91100594800039,1,11.6294416012532,1,2.81127961602482
1,7.22479114439684,1,13.3116248585215,1,7.98917774648311,0,16.7173223018014,1,3.21289098974264
1,7.39435883312287,1,12.328524708549,1,7.49333170529479,1,22.9195397714944,1,3.41099792833194
1,6.57276340722033,1,13.068236191062,1,8.09279824171837,1,17.3632877056776,1,3.41099792833194
1,7.23003974794236,1,14.5476591560879,1,7.79306497350658,1,22.2250082632673,0,3.7899976981466
1,6.90140157758135,0,13.5613771794039,1,7.49333170529479,1,20.8359452468131,1,5.6849965472199
1,7.06572066276185,1,14.7942296502588,1,8.09279824171838,1,13.4276091590573,1,5.30599677740524
1,6.27516055721473,1,13.7871987215856,1,8.29132619225527,1,10.3376224216957,0,3.41895855540437
1,7.17161206538826,0,14.3866421442632,1,7.06298157118041,1,15.5064336325435,0,4.02230418282868
1,6.27516055721473,1,11.9888684535527,1,7.98424003698656,0,12.6870820629901,1,3.62007376454581
1,5.73728965231061,1,11.389425030875,1,7.37006772644913,0,12.9220280271196,1,3.62007376454581
1,8.4266441768312,1,14.686363855602,1,6.44880926064299,1,12.9220280271196,0,3.82118897368724
1,6.06729797131201,1,11.7958326071302,1,13.1284354297673,1,22.790555098365,1,3.05703747408613
1,6.54629517957348,1,11.5551013294336,1,6.92889647682163,0,24.8624237436709,0,2.64943247754131
1,7.02529238783496,1,12.5180264402198,1,5.83486019100768,1,11.5103813628106,1,2.44562997926891
1,5.74796649913769,1,11.5551013294336,1,7.65825400069759,0,9.43851271750471,1,14.0623723807962
1,6.06729797131201,1,11.5551013294336,0,6.92889647682163,1,14.2728728898852,1,3.05703747408613
1,5.78483900538775,1,10.2304527665582,1,7.3883697731985,1,12.4920204738081,1,3.50086921117099
1,6.09753300567899,1,9.93815411608508,1,10.0750496907252,1,11.8106375388731,1,3.88985467907888
1,7.97369700742636,1,16.6610230769662,1,7.72420476288934,1,12.2648928288298,1,3.1118837432631
1,6.56657400611583,1,11.9842446693967,1,6.38086480412597,1,14.7632969235914,1,4.47333288094071
1,6.41022700597021,1,13.1534392712891,1,11.4183896494886,1,10.6749993139815,1,3.69536194512494
1,7.11866257102447,1,15.045590456064,0,8.52989959146156,1,22.2687844368717,1,4.58230009652406
1,7.29662913530009,1,15.6474140743066,1,16.765664714252,1,12.7927059530965,1,5.5784522914206
1,5.69493005681958,1,11.73556055573,1,9.41230299747482,1,8.2915686733033,0,4.18383921856545
1,7.29662913530008,1,13.8419432195789,1,8.82403406013264,1,12.0820000668134,1,10.1607523879447
1,6.58476287819764,1,13.5410314104576,1,9.7064374661459,1,24.4009020957211,1,3.98460877958614
1,5.83080186672214,1,11.0272026201634,1,9.22224013515333,1,15.5069189049728,0,3.31644384292355
1,6.14598034600442,1,13.1788519119026,1,12.2059060612324,1,11.9111116226603,1,3.70661370679691
1,6.4611588252867,0,9.68242181282637,1,7.05230127982314,1,15.0574429946837,1,3.90169863873359
1,5.51562338743986,1,10.758246458696,1,9.49348249206961,1,11.4616357123712,1,3.51152877486023
1,6.46115882528669,1,13.7167642348373,1,9.49348249206961,1,13.2595393535275,1,3.70661370679691
1,7.03543651993992,1,13.2632097271372,1,8.55339967742258,1,19.9618789319654,1,3.22746666613171
1,8.04049887993135,0,18.4737564056554,1,8.81259360704145,1,13.7087602303859,1,3.42918333276494
0,5.5278429799528,0,11.8421515420868,1,8.03501181818485,1,20.2023834974108,1,3.42918333276494
1,7.20294691327183,1,14.4474248813459,1,6.99823609970939,1,11.3037145759322,1,3.8326166660314
1,7.37045730660373,1,13.0263666962955,1,6.99823609970938,1,21.4049063246376,0,3.22746666613171
1,5.22850547646339,1,12.7746975003606,1,7.59885832212961,1,13.4566152813276,1,11.2620417987522
1,5.71867786488183,1,12.2532812758561,1,8.16173671636144,1,13.8906996452414,1,3.37861253962567
1,7.18919503013716,1,15.3817786228832,1,8.16173671636144,1,11.7202778256724,1,3.1909118429798
1,7.51597662241612,0,13.0354056126129,1,9.568932701941,1,24.5257665611293,1,9.76043622558527
1,5.88206866102131,1,12.7746975003606,1,10.6946894904046,1,14.9759105550258,1,3.56631323627154
1,6.33616527076737,0,13.0245040872512,1,7.35224721673613,1,16.7634905974502,1,2.90313059409654
1,6.18881259005185,1,13.0245040872512,1,7.62455266920784,1,14.7315523432138,1,2.90313059409654
0,5.89410722862081,1,11.1638606462153,1,7.07994176426442,1,12.953606370757,0,2.48839765208275
1,5.30469650575873,1,10.7917319580081,1,7.35224721673613,1,19.0494211334662,1,2.69576412308964
1,6.92557599362945,1,13.7687614636655,0,7.89685812167954,1,14.2235677796547,1,3.31786353611033
1,6.18027862281054,1,14.4027373512123,1,7.38980174369176,1,11.4806863724601,1,3.64291466269211
1,5.82711984436422,1,13.5385731101395,1,7.62818244510117,1,14.9004652919163,1,3.64291466269211
0,6.18027862281054,1,12.6744088690668,1,7.38980174369176,1,20.7629434395555,1,6.07152443782018
1,7.06317556892633,1,12.962463616091,1,8.10494384792,1,12.9463059093699,0,3.44053051476477
1,9.88844579649686,1,20.4518870387214,1,8.58170525073882,1,11.2364164496418,1,3.23814636683743
1,8.15365903013435,1,15.6748153519426,1,8.50797920175791,1,9.80300282583871,0,3.69058235377272
1,5.96964321849122,1,12.2210424777857,1,7.37358197485685,0,12.082770924871,1,2.95246588301818
1,6.40644638081985,1,11.4240179683649,1,7.94078058830738,1,10.0309796357419,1,5.90493176603636
1,6.11524427260076,1,13.8150914966274,0,7.65718128158212,1,11.8547941149677,1,3.87511147146136
1,8.0080579760248,1,14.8777908425218,1,7.65718128158212,1,15.7303998833226,1,4.6132279422159
1,6.82808436971109,1,15.3095889892851,1,6.36470127056426,1,9.55607841963141,1,4.00308943721717
0,7.15323124445923,1,11.9074581027773,1,8.65599372796739,1,9.02518517409633,1,5.33745258295623
1,6.99065780708516,0,15.5525983383214,0,7.63764152467711,1,10.8833115334691,1,5.11505872533306
1,6.66551093233701,1,11.1784300556685,1,8.40140567714482,0,10.352418287934,1,5.33745258295623
1,6.82808436971109,1,11.1784300556685,1,7.38305347385454,1,8.75973855132879,1,3.11351400672447
1,6.18645997274884,1,13.1782430780981,1,7.06961159961471,1,14.9215381072059,1,4.17282119937184
1,6.37392845677153,1,13.1782430780981,0,7.06961159961471,1,17.2369491928068,1,3.77540965657452
1,6.74886542481692,1,13.7512101684502,1,7.88533601495487,1,11.8343233264047,1,2.98058657097988
1,7.31127087688499,1,14.3241772588022,1,7.61342787650815,1,13.6351986152054,1,4.76893851356782
1,7.1238023928623,1,13.4647266232741,1,8.70106043029503,1,15.4360739040061,1,3.97411542797318
1,6.32695995881834,1,13.8392359756851,1,8.97449577801398,1,9.26974779444649,1,4.52540945189758
1,6.99295574395711,1,14.8457258648258,1,8.39549605040018,1,14.0298885537568,1,4.72216638458878
1,6.65995785138773,1,15.097348337111,1,8.39549605040017,1,15.0320234504538,1,8.46054810572156
1,6.49345890510303,1,13.3359910311147,1,9.55349550562779,1,17.5373606921961,1,3.54162478844158
1,5.66096417367957,1,12.5811236142591,1,9.84299536943469,1,14.5309560021053,1,3.34486785575039
1,6.88349193189569,1,12.8502271824744,1,7.95212435206071,0,12.589713589022,1,8.00369828762252
1,5.85096814211134,1,11.4610134330177,1,9.1302168486623,1,22.9132787320201,0,3.51381876041965
0,7.22766652849048,1,14.5867443692953,1,7.65760122791031,1,11.8343307736807,1,3.70903091377629
1,6.7114046335983,1,12.8502271824744,1,7.95212435206071,1,15.1076563068265,1,3.90424306713294
1,6.53931733530091,1,12.8502271824744,1,8.8356937245119,0,13.5968906761438,1,3.318606607063
1,6.70118487525289,1,12.4654403137231,0,7.66665402861669,1,18.4343663673304,1,3.00805630375931
1,6.37429780816738,1,10.9695874760763,1,8.76189031841908,1,15.4848677485575,1,3.81020465142846
1,6.37429780816738,1,10.9695874760763,0,5.84126021227939,0,14.5017015422999,1,3.40913047759388
1,7.51840254296665,0,15.4571459890167,0,7.6666540286167,1,18.4343663673304,1,3.40913047759388
0,6.37429780816738,1,13.462675538821,1,9.492047844954,0,17.4512001610728,0,3.60966756451117
0,5.79962732150774,1,14.8174237557461,1,6.54594145647794,0,11.5193842083415,1,4.87085331693345
1,6.56273617960086,1,13.4062405409132,1,8.00059511347303,1,13.100476158506,1,4.67601918425612
1,6.41011440798224,1,11.2894657186637,1,8.00059511347303,1,11.2935139297466,1,3.70184852086942
1,7.47846680931261,1,13.4062405409132,1,8.72792194197058,1,12.8746058799111,1,3.89668265354676
1,5.95224909312636,1,11.5246629211359,1,8.72792194197058,1,22.5870278594932,1,5.45535571496547
1,5.7633190340758,1,14.7226130476697,1,7.76750059686683,1,14.7394601433611,0,2.95709300511585
1,8.6449785511137,1,15.8849246040647,1,9.20592663332365,1,11.4111949496989,0,3.74565113981341
1,6.91598284089096,1,15.1100502331347,1,9.49361184061501,1,11.1734617215802,1,7.49130227962681
1,7.10809347536016,1,12.7854271203448,1,7.76750059686683,1,10.6979952653427,1,3.74565113981341
1,6.72387220642177,1,10.4608040075548,1,6.32907456041001,1,13.5507940027674,1,3.9427906734878
1,4.96764183968253,1,12.3914728574135,1,8.71712555412481,1,21.1344941937345,1,3.2323242815676
1,5.96117020761903,1,12.877412969469,1,8.172305206992,1,17.7257048076483,1,2.8520508366773
1,7.94822694349204,1,15.0641434737184,1,8.4447153805584,1,21.3617468194736,1,2.8520508366773
1,7.94822694349204,0,16.5219638098847,1,8.4447153805584,1,21.5889994452127,1,3.42246100401276
1,5.8192375836281,1,12.8774129694689,1,7.8998950334256,1,17.9529574333874,0,3.42246100401276
1,7.4950141061034,1,15.5989125818542,1,6.23005685405477,1,7.00365982675243,1,2.55439998848384
1,5.43755925344757,1,11.4939355866294,1,7.00881396081162,1,14.0073196535049,1,3.34036921570964
0,6.3193256188715,0,10.9466053205994,1,7.2683996630639,1,14.2195517694671,1,2.94738460209674
1,6.3193256188715,1,13.1359263847193,1,7.52798536531619,1,10.1871415661854,0,3.34036921570964
1,6.76020880158346,1,14.2305869167793,1,8.56632817432532,0,11.4605342619585,1,10.6105845675483
1,6.22718675114805,1,12.7413923139099,1,8.15955342678893,1,23.0676417793768,1,3.86938648897776
1,6.07150708236935,1,11.3639444961899,1,8.78721138269577,1,9.71269127552706,1,5.61061040901776
1,6.22718675114805,1,12.7413923139099,1,6.90423751497524,1,11.4124122487443,1,4.64326378677332
1,6.07150708236935,1,12.3970303594799,1,8.15955342678893,1,20.8822862423832,1,9.28652757354664
1,6.38286641992675,1,13.7744781771999,1,7.84572444883551,1,11.6552295306325,1,5.0302024356711
1,6.59430442296146,1,14.2863977198926,1,8.41910620673367,1,24.1073856770512,1,11.3056833675224
1,8.64586579899391,1,13.7472883719722,0,7.85783245961809,0,13.8731181726427,1,19.3537969511825
1,7.62008511097769,1,13.7472883719722,1,8.13846933317588,1,13.8731181726427,1,9.00622234361957
1,6.30122422638539,1,11.8604056542505,1,9.26101682740703,0,23.8799575102866,0,4.98216555178955
1,6.88738461953752,1,14.5559523938529,1,7.01592183894472,1,24.1073856770512,1,7.47324832768433
1,7.12753858640754,1,12.7414711879246,1,7.8039841609382,1,23.3459276529891,1,17.8918190706825
1,7.2824850774164,1,12.7414711879246,1,8.12915016764395,1,19.8440385050407,1,9.14470752501549
1,6.97259209539868,1,9.91003314616354,1,8.45431617434971,1,15.1748529744429,1,2.58437386576525
1,6.66269911338096,1,11.6088959712202,1,8.77948218105547,1,23.579386929519,1,17.494223091334
1,7.43743156842526,1,14.1571902088051,1,8.77948218105547,1,14.0075565917935,1,3.18076783478799
1,5.91763069010853,1,13.1633858578142,0,7.04422915229525,1,24.5381733154804,1,3.13492070607713
1,5.91763069010853,1,12.2002112828522,1,13.5852990794266,1,14.5611138355598,1,3.97089956103102
1,7.4447611907817,1,11.2370367078902,1,11.0695029536068,1,18.3362174225568,1,3.55291013355407
0,7.06297856561341,1,13.1633858578142,0,8.05054760262314,1,16.9879661414864,1,3.97089956103102
1,7.4447611907817,1,13.8055022411222,1,9.56002527811498,1,22.1113210095538,1,3.3439154198156
1,6.02370586854166,1,14.2824985954697,1,9.17066247594185,1,16.3838453903837,1,10.4942917287227
1,6.24680608589505,1,11.7320524177072,1,8.78855153944428,1,13.2417380552417,1,5.0453325618859
1,6.24680608589505,1,12.7522308888122,1,9.93488434893701,1,11.4462481494462,1,6.25621237673851
1,6.02370586854166,1,12.7522308888122,1,9.55277341243943,0,8.9774495289774,1,4.43989265445959
1,6.69300652060184,1,13.0072755065885,1,9.93488434893701,0,12.5684293405684,1,13.1178646609033
1,7.13241287414453,1,13.0045293256095,1,9.87776633919531,1,12.2257086579343,0,3.64635576587498
1,7.13241287414453,1,13.0045293256095,1,6.11480773378757,1,14.3416966948845,1,6.56344037857495
1,6.91627915068561,1,15.664546687666,1,6.34999264662556,1,14.3416966948845,0,4.19330913075622
1,6.48401170376776,1,11.5267419022448,1,9.17221160068136,1,11.0501597485176,1,4.19330913075622
1,7.56468032106239,1,14.1867592643013,1,5.87962282094959,1,20.2194412419683,1,4.01099134246247
1,7.21064867416303,1,14.1256975734592,1,9.07887473869908,1,16.3694543821236,1,7.68843886562049
1,5.89962164249702,1,10.9040472496878,1,8.78600781164427,1,15.4472316000322,1,3.94278916185666
1,6.22737840041352,1,14.6213360848086,1,7.02880624931542,1,10.8361176895748,1,3.548510245671
1,6.71901353728827,1,12.8866012950856,1,8.78600781164427,1,14.7555645134636,1,3.548510245671
1,6.71901353728828,1,12.1431435280614,1,7.61454010342504,1,16.1388986866008,1,6.5056021170635
1,6.13308426293113,1,12.1415226093937,1,8.4184100509163,0,12.351390982485,1,4.86485411877252
1,6.50478633947241,1,15.032361325916,1,9.71355005874958,0,12.8264444818114,1,2.32666936115207
1,7.24819049255497,1,13.0087742243504,1,9.38976505679126,1,14.2516049797904,1,2.96121555055718
1,5.01797803330729,0,10.6961032511326,1,7.44705504504134,1,11.8763374831587,1,4.44182332583578
1,6.69063737774305,1,13.8760258393071,1,9.06598005483294,1,13.7765514804641,1,3.80727713643067
1,6.98186094957615,1,13.7825191921715,0,7.98632230592062,1,14.521200033562,1,4.43652069374168
1,6.98186094957616,1,12.5574063750896,0,6.65526858826719,1,18.4591525850365,1,15.5278224280959
1,6.37474260613475,1,11.6385717622781,1,8.518743792982,1,8.61427120635037,1,3.42822053607312
1,6.07118343441405,1,13.7825191921715,1,7.98632230592063,1,13.2905898612263,1,4.63818072527539
1,7.28542012129686,1,12.86368457936,1,7.72011156238994,1,15.997932240365,1,4.8398407568091
1,6.53024785520165,1,12.9659120148397,1,11.6635834003903,1,13.8692265270887,1,6.03800212065936
0,6.1953633498067,0,12.0054740878145,1,9.7196528336586,1,12.7507405168396,1,4.47980802500533
0,5.52559433901678,1,14.1664594236212,1,9.39566440586998,1,11.8559517086403,1,7.01187343044313
1,6.86513236059661,1,13.4461309783523,1,6.80375698356102,1,12.9744377188894,1,5.64845359674585
1,5.86047884441174,1,14.88678786889,1,8.0997106947155,1,13.421832122989,1,4.47980802500533
1,7.2340040445845,1,15.5233457061026,1,7.74778348335803,1,12.4158023159384,1,4.08628260013322
1,6.7622211721116,1,15.7621664092734,1,9.23774184554227,1,15.2474765283454,1,3.50252794297133
1,6.91948212960256,1,14.0904214870778,1,11.621675225037,1,11.326696849628,1,3.11335817153007
1,6.2904382996387,1,13.6127800807361,1,8.34376682823173,1,12.6336234092005,0,3.3079430572507
1,7.2340040445845,0,17.9115527378107,1,9.23774184554227,1,16.5544030879179,1,3.11335817153007
1,6.40607554710542,1,15.1253636046644,1,10.1064296219045,1,12.5545903703768,1,8.44154920432795
1,6.22812900413027,1,11.1927690674516,0,8.88140784955246,1,13.6368826436851,1,4.51524724882658
1,8.00759443388177,1,18.1504363255973,1,9.80017417881651,1,10.8229227330834,0,3.14104156440109
1,6.22812900413027,1,14.5203490604778,1,9.80017417881651,1,13.2039657343617,0,6.67471332435234
1,6.05018246115512,1,12.1002908837315,1,9.18766329264048,1,14.5027164623318,1,3.92630195550137
1,7.23278878078721,1,14.1210140828117,1,10.2772429060085,1,20.087193365026,1,3.76491444506769
1,7.02613767276472,1,14.4091980436854,0,6.29895532948911,1,13.3107907840534,0,3.36860766137635
1,7.23278878078721,1,13.832830121938,1,16.2446742707877,1,13.0687764061615,1,3.36860766137635
1,7.23278878078721,1,13.2564622001906,1,8.95114704716873,1,10.1646038714589,1,4.75568140429603
1,6.61283545671974,1,14.9855659654329,1,6.63047929419906,1,15.7309345629722,1,5.5482949716787
1,6.54777131552226,1,15.0141204614322,1,9.03023787896094,0,14.050035393707,1,3.3614932995983
1,6.92192967640925,1,13.6893451266,1,8.31732436220087,0,9.52544772454709,1,15.0278523982041
1,7.48316721773973,1,14.3517327940161,1,17.3475622411618,1,16.6695335179574,1,9.49127519886578
1,6.36069213507877,0,14.5725286831548,1,17.8228379190019,0,14.050035393707,1,3.95469799952741
1,5.98653377419178,0,10.8189985677967,1,8.55496220112089,1,11.9068096556839,1,16.8074664979915
1,6.36476775909166,1,13.2027125350179,1,8.82068682471168,1,11.4538527836993,1,3.6175595697821
0,6.36476775909166,1,12.6159253112394,1,8.82068682471168,1,17.8415783746085,0,4.18875318606347
1,6.16586876662004,1,12.9093189231287,1,8.82068682471168,1,15.4186479780567,1,4.95034467443866
1,6.36476775909166,1,11.1489572517929,1,9.14737892933063,1,11.2335863840127,1,3.23676382559451
1,6.9614647365065,1,13.2027125350179,1,8.49399472009273,1,24.4495703652042,1,10.4718829651587
1,6.37792442371187,0,14.2050645190374,1,7.57527268810743,1,13.8080187897195,1,3.97442516352318
1,5.4667923631816,1,11.7464956599733,1,9.98558672523252,0,14.8308349963654,1,2.78209761446622
1,6.92460366003003,1,13.1123672483423,1,8.95259499503605,1,14.3194268930424,1,2.98081887264238
1,6.92460366003003,1,13.6587158836898,0,7.23094211137528,1,13.8080187897195,1,3.77570390534702
1,7.10683007213608,1,15.2977617897326,1,8.95259499503606,1,14.8308349963654,1,3.3782613889947
1,6.40728852756223,1,14.1112949919644,1,8.77010997464722,1,17.4179179057901,1,3.15403687579755
1,4.32924900510961,1,11.1577681331812,1,8.77010997464723,1,8.26234567325939,0,3.33956845672682
1,5.36826876633592,0,11.1577681331812,1,9.12091437363311,1,11.1653319908911,1,3.33956845672682
0,7.27313832858415,1,16.4084825487958,1,9.471718772619,1,13.6217050288871,0,3.71063161858535
1,5.36826876633592,1,12.1422770861089,1,9.47171877261901,1,20.3209042234218,0,2.59744213300974
1,7.34316043144565,1,12.5399500783521,1,7.8706986222132,1,12.5232440604831,1,3.10519342529639
1,6.40172960690134,1,12.1916181317312,1,8.68490882451112,1,12.9550800625687,1,3.29926801437741
1,6.77830193671906,1,13.5849459182148,1,7.8706986222132,0,12.3073260594403,1,3.68741719253947
0,6.02515727708361,0,15.3266056513193,1,7.8706986222132,1,13.3869160646543,1,4.85186472702561
0,5.46029878235703,1,13.2366139715939,1,8.95631222527709,1,9.71631004692653,1,3.68741719253947
0,5.98784084430565,1,12.5832304805742,1,8.31908268521828,1,11.4951121030107,0,3.23841502923021
1,6.46056512148767,1,11.9840290291183,0,9.24342520579808,1,13.7941345236129,1,3.44081596855711
1,7.40601367585172,1,16.4780399150377,1,8.01096851169167,1,13.5642322815527,1,2.83361315057644
1,6.302990362427,1,12.5832304805743,1,8.31908268521827,1,11.4951121030107,1,3.64321690788399
1,6.9332893986697,1,13.4820326577581,1,8.31908268521827,1,11.9549165871312,1,3.03601408990333
1,5.70606627561678,1,12.0266803695217,1,9.06866452362831,1,11.5756261848007,1,13.1297490526426
1,6.02306995759549,1,10.5600120317752,1,7.72515866827597,1,18.471743911916,1,3.01338502847535
1,7.44958652649969,1,15.8400180476628,1,7.72515866827597,1,19.7031935060437,1,3.2286268162236
1,6.3400736395742,1,12.320014037071,1,7.0534057405998,1,18.471743911916,1,3.65911039172007
1,8.87610309540388,1,12.6133477046204,1,8.39691159595214,1,16.9940043989627,1,3.22862681622359
1,6.43753047858036,1,14.279068595262,1,7.91689831328249,1,19.8898268191031,1,10.0040803952134
1,6.08955585811656,1,14.279068595262,1,7.91689831328249,1,11.6239247644109,1,7.29464195484314
1,8.87335282182699,1,17.6936284767377,1,10.8857351807634,1,11.88223420362,1,4.16836683133894
1,5.39360661718895,1,13.0374104565436,1,7.58702755022905,1,12.9154719604566,1,4.16836683133894
1,8.00341627066748,1,14.5894831299416,1,10.8857351807634,1,14.9819474741296,0,7.50306029641009
1,8.57008465813797,1,14.9877837354151,1,8.43835208994863,1,14.6695876700885,1,4.31261430765803
1,4.8971912332217,1,11.0287465222866,1,9.04109152494496,1,11.205935025762,0,3.9205584615073
1,7.6955862236341,1,13.8566302459498,1,9.94520067743945,1,14.0583548505015,1,7.44906107686387
0,5.77168966772557,1,12.7254767564845,1,9.64383095994129,1,20.3744273195673,1,11.1735916152958
1,7.34578684983254,0,14.4222069906825,1,9.04109152494496,1,15.0770762164798,1,7.2530331537885
1,6.28222885856206,1,13.0481835788784,1,7.28703247862426,1,12.2553238517323,1,3.4046819560836
1,6.10273660546029,1,12.0695698104626,1,7.57851377776923,1,13.7603636229976,1,3.20440654690222
1,6.82070561786738,1,13.7005927578224,1,9.32740157263905,1,14.620386349435,0,3.80523277444639
1,6.10273660546029,1,13.0481835788784,1,8.45295767520414,1,14.4053806678256,1,3.20440654690222
0,6.28222885856206,1,14.3530019367663,1,7.57851377776923,1,15.910420439091,1,3.20440654690222
1,6.87489469766031,1,11.5859781169639,1,7.43822874926782,1,19.9835401718024,1,4.39996231602474
1,7.58001210254855,1,19.3099635282732,1,6.19852395772318,1,22.562061484293,1,3.63475147845522
1,7.40373275132649,0,12.4135479824614,0,8.3680073429263,1,22.9918150363748,0,3.25214605967046
1,7.05117404888237,1,13.7928310916237,1,7.12830255138166,1,23.8513221405383,1,3.25214605967047
1,7.05117404888237,1,14.3445443352887,1,7.12830255138166,1,22.1323079322112,1,3.8260541878476
1,9.03397631635592,1,18.2308885381125,1,7.26912432303749,1,14.0546624748105,1,3.55137238288057
1,7.22718105308474,1,13.608973134084,1,9.83469761352131,1,9.83826373236735,0,3.35407391716498
1,6.5701645937134,1,13.3522000560824,1,9.40710206510734,1,10.0725081069475,1,3.74867084859615
1,6.5701645937134,1,11.8115615880729,1,6.84152877462352,1,10.5409968561079,1,5.91895397146761
1,7.55568928277041,1,13.608973134084,1,11.1174842587632,1,12.1807074781691,1,3.74867084859616
1,7.75191744765561,1,16.4796619288349,1,7.53122471227393,1,12.8488319146302,0,3.27466907622461
1,6.23523794702734,1,14.4558437972236,0,8.18611381768906,1,10.5543976441605,1,4.62306222525827
1,6.7407977805701,1,14.4558437972236,0,7.53122471227393,1,10.3249542171136,1,4.43043463253918
1,7.41487755862711,1,14.1667269212792,1,9.16844747581175,1,11.9310582064423,1,3.08204148350551
1,6.90931772508435,1,13.8776100453347,1,8.18611381768906,1,13.996049049865,1,4.43043463253918
1,6.17181054387761,0,14.5660949595142,1,8.45988175468177,1,10.7598309311775,1,2.91884948149045
1,5.98478598194193,1,11.466925819192,1,8.45988175468177,1,11.0429843767348,1,3.64856185186306
1,6.17181054387761,1,11.1570089051598,1,8.45988175468177,1,15.0071326145371,1,2.7364213888973
1,6.3588351058133,1,14.256178045482,1,7.78309121430723,1,18.688127406782,1,3.28370566667676
0,5.98478598194193,1,15.1859287875786,1,7.78309121430722,1,13.025058495636,1,3.10127757408361
1,5.64003934340542,1,11.4955055204729,1,8.52352665145266,1,10.9980555016217,0,3.25802832212901
1,4.64473828280446,1,12.2371510379227,1,8.25716644359477,1,11.429351795803,0,3.258028322129
1,6.30357338380606,1,13.7204420728225,1,8.25716644359477,1,12.7232406783467,1,3.44967704696012
0,7.46475795450717,0,15.2037331077222,1,8.25716644359477,1,14.0171295608904,1,3.83297449662235
1,6.63534040400638,1,14.0912648315474,1,7.99080623573687,1,12.0762962370748,1,3.06637959729789
0,7.31471902547628,0,14.7839874279488,1,7.28264688939653,1,15.7243750578571,1,6.0265235260808
1,7.14847541126091,1,14.0909880172637,1,8.04924129880669,1,10.6441923468571,1,3.53278965321978
0,6.15101372596869,0,13.1669888030169,0,7.28264688939653,1,15.7243750578571,1,2.70154502893277
1,6.81598818283016,1,13.859988213702,1,8.04924129880669,1,12.5795000462857,1,3.74060080929153
0,7.31471902547627,1,15.7079866421956,1,7.66594409410161,1,12.5795000462857,1,3.11716734107628
1,7.01761709371243,1,13.9169588363216,1,8.30761192532763,1,13.1287316501264,1,4.15089598813062
1,7.01761709371243,1,14.4736371897744,1,8.0211425485922,1,18.5783938445185,1,3.5579108469691
1,5.72489815539698,1,12.246923775963,1,10.0264281857402,1,13.1287316501264,1,3.95323427441011
1,5.90957228944205,1,12.8036021294159,1,8.30761192532763,1,11.8901720604919,1,2.96492570580758
1,5.54022402135192,1,13.0819413061423,1,8.30761192532763,1,12.8810197321995,1,4.34855770185112
1,7.3320199129889,1,15.9041718942436,1,9.72929961495717,1,13.2253284009694,1,4.81063930910338
1,6.21627775231667,1,12.3338475914542,1,7.70236219517443,1,16.5316605012118,1,5.9039664248087
1,7.01323643851112,1,14.2812972111575,1,9.72929961495717,1,11.9536622085685,1,3.27998134711594
1,6.05688601507778,1,12.009272654837,0,8.91852464704407,1,12.4623286855289,1,4.1546430396802
1,6.85384470127223,1,16.553321767478,1,10.1346870989137,1,12.4623286855289,1,4.59197388596232
1,6.97481893680595,1,11.7608355466284,1,6.76509655877065,1,11.4489166408203,1,2.83745143549165
1,7.14493647185,1,14.1130026559541,0,7.94163509073076,1,13.9182908182521,1,3.445476743097
1,6.63458386671786,1,12.544891249737,1,7.05923119176068,1,13.244825133498,1,2.63477633295653
1,6.46446633167381,0,11.4994836455922,1,6.76509655877065,1,10.101985271312,1,3.24280164056189
1,6.29434879662977,1,12.0221874476646,1,7.64750045774074,1,12.7958480103286,1,3.04012653802677
0,6.05752248075337,0,9.80362380350478,1,7.5387555965249,1,12.8822537520959,1,3.86551362861952
1,12.1150449615067,1,24.509059508762,1,8.24551393369911,1,20.0135013648632,0,3.67223794718854
0,6.60820634264005,1,14.1607899383958,1,9.89461672043893,1,15.1826562078273,1,3.09241090289562
1,6.60820634264005,1,14.7054357052572,1,8.24551393369911,1,10.8118915419376,1,3.86551362861952
1,7.70957406641338,1,16.0670501224106,1,8.48110004609051,1,13.5723744888153,1,3.09241090289562
1,5.56923476348406,1,10.647375817137,0,10.345473389829,1,10.5956886256136,1,4.04515181667423
0,5.7239357291364,0,10.3743661808002,1,5.95648467899248,1,11.8671712606872,1,3.84289422584052
1,6.03333766044106,1,11.4664047261476,0,7.5239806471484,1,11.4433437156627,1,3.23612145333938
1,5.87863669478873,1,10.1013565444634,1,7.21048145351721,1,14.6220503033468,1,3.23612145333938
1,7.42564635131208,0,15.8345589075371,1,6.58348306625485,1,15.0458778483713,0,2.83160627167196
1,7.55827458615964,1,14.1989092619908,1,7.96281058502776,1,18.273948416975,1,3.64530412347344
1,6.6861659800643,1,12.560573577915,1,7.96281058502776,1,18.48893604541,1,3.64530412347344
1,9.01178892965189,1,15.2911330513748,1,7.27039227328622,1,13.114245334535,1,4.41273657052048
1,5.52335450527051,1,12.560573577915,0,7.61660142915699,1,12.46928244923,1,3.64530412347344
1,6.54081454571508,1,12.560573577915,0,7.96281058502777,1,11.60933193549,1,3.26158789994992
1,7.18344619234403,1,16.1269006686818,1,9.9644389360165,1,21.3730402122423,1,12.0362066955679
1,5.38758464425802,1,14.3350228166061,1,26.0833842736902,1,20.8980837630814,1,7.76529464230186
1,7.34670633307912,1,13.2150991590587,1,8.206008535543,1,12.111389453604,1,2.9119854908632
1,6.85692591087385,1,12.7671296960398,1,8.49908026895525,1,10.6865201061212,1,3.49438258903584
1,6.20388534793348,1,14.3350228166061,1,8.49908026895525,1,11.3989547798626,1,3.10611785692074
1,5.2031795845721,1,11.4879830791287,1,8.11313006582091,1,13.2643455310786,1,6.18876571683501
0,6.66006986825229,0,13.8924446538301,1,8.69263935623669,1,10.8526463436097,1,3.59347686783968
1,5.82756113472075,1,12.2894702706958,1,8.6926393562367,1,11.5761560998504,1,4.79130249045291
1,6.66006986825229,1,12.8237950650739,1,8.11313006582091,1,12.5408357748379,1,3.19420166030194
1,6.24381550148652,1,15.2282566397753,1,8.98239400144458,1,10.6114764248629,1,3.39383926407081
0,5.29313872770197,1,12.268124714363,1,7.68472536898128,1,23.7705809529102,1,2.75356596678433
1,8.3407034497122,1,14.8970085817265,1,8.3833367661614,0,17.2215433434349,1,14.1611964006051
1,4.81194429791088,1,13.1444193368175,1,7.68472536898129,1,23.7705809529102,1,8.45738118369472
1,7.21791644686633,1,11.6839282993933,1,9.08194816334152,1,17.2215433434349,0,3.1469325334678
1,7.05751830360263,1,16.0654014116658,1,8.03403106757134,1,15.0385308069432,1,2.75356596678433
1,6.21167271591969,1,14.219123107317,1,8.98190717798811,1,23.0006887726194,1,3.85538659399515
1,6.61242579436612,1,11.8492692560975,1,8.66112477877425,1,13.2083163248706,0,2.69877061579661
1,6.61242579436612,1,11.8492692560975,1,8.66112477877425,1,22.5452295890032,1,5.59031056129297
1,7.01317887281255,1,11.8492692560975,1,7.37799518191881,1,23.4561479562356,1,4.24092525339467
0,7.01317887281256,0,11.8492692560975,1,9.30268957720197,1,21.6343112217707,1,6.361387880092
1,7.7994760285327,1,14.5094599021482,1,7.99193918237823,1,18.6125378738346,1,11.3029306742443
1,8.70639184580394,1,15.9046002773547,1,8.49143538127687,1,17.5785079919549,1,11.1145484963402
1,7.25532653816995,1,14.5094599021482,1,8.99093158017551,1,16.0274631691353,1,13.5635168090931
1,6.16702755744446,1,19.8109933279331,0,7.99193918237823,1,19.3880602852444,1,11.3029306742443
0,8.52500868234969,1,17.02071257752,1,8.49143538127687,1,22.4901499308835,1,8.28881582777913
0,6.9123872849326,0,13.0564386855375,1,7.64940715010368,1,10.9109296998815,1,3.62718459483242
1,6.44108815186902,1,15.667726422645,1,8.41434786511405,0,11.1430771403045,0,3.62718459483242
0,6.59818786289021,1,18.5691572416533,1,11.4741107251555,1,12.7681092232656,1,3.4458253650908
1,6.44108815186902,1,12.7662956036366,1,8.03187750760886,1,13.4645515445346,1,3.08310690560756
1,7.69788584003858,1,15.0874402588433,1,7.64940715010368,1,13.4645515445346,1,3.98990305431566
1,7.30393680927413,0,14.8099410168069,1,8.4745455990464,1,14.5251498230058,1,3.87381276033338
1,6.78222703718312,1,14.3243691801903,1,7.62709103914176,1,13.204681657278,1,3.87381276033338
1,7.82564658136514,0,14.081583261882,1,9.03951530564949,1,13.8649157401419,1,3.68012212231671
1,6.78222703718312,0,14.5671550984986,1,9.03951530564949,1,13.8649157401419,1,3.48643148430004
1,8.17345309609248,1,17.23780019989,1,8.75703045234794,1,16.5058520715975,1,3.87381276033338
1,5.61098334453383,1,12.4690021965298,1,7.04832435852797,1,24.6277911883072,0,3.38167597634564
0,6.33498119544142,1,16.5349811736591,1,9.1040856297653,1,22.7333457122836,1,3.5695468639204
1,8.50697474816419,1,16.5349811736591,1,7.04832435852797,1,22.9701513967866,1,3.00593420119612
1,8.1449758227104,1,15.9928506433752,1,19.0892118043466,1,23.4437627657925,1,3.38167597634564
1,9.23097259907178,1,15.7217853782332,1,8.2230450849493,1,24.6277911883072,1,3.5695468639204
1,7.58812023744985,1,13.3835422002503,0,8.59318916283647,1,13.9171097188259,1,3.560034402858
1,7.29626945908639,1,13.1527914726598,1,8.92369643833018,1,10.382605663251,1,4.35115315904866
1,7.73404562663158,1,14.3065451106124,1,8.59318916283647,1,11.2662316771447,1,3.16447502476267
1,7.44219484826812,1,12.6912900174787,1,7.60166733635534,1,18.3352397882944,1,6.52672973857299
1,5.69109017808739,1,12.9220407450693,0,6.94065278536792,1,10.6035121667245,1,3.75781409190566
1,7.11162030505927,1,13.5253511282179,1,8.25241480992674,1,13.3756737449807,0,4.58393653198468
1,5.98022616561802,1,14.0557570548146,1,9.10611289371226,1,14.4457276445791,0,3.43795239898851
1,6.94999257085338,1,16.1773807612017,1,7.68328275406973,1,11.2355659457838,1,4.77493388748404
1,5.65697069720624,1,8.48649482554845,1,7.11415069821271,1,12.3056198453822,1,3.43795239898851
1,7.43487577347106,1,12.9949452016211,1,7.39871672614122,1,11.770592895583,1,2.10097091049298
1,6.99507761446531,1,12.8555276659461,1,7.79925177548592,1,12.9008757757404,1,4.52337939674224
1,6.47044679338041,1,12.8555276659461,1,7.79925177548592,1,22.4067842420755,0,4.52337939674223
0,6.47044679338041,1,15.6502075933257,1,8.13834967876792,1,15.3905184693044,1,3.23098528338731
1,5.07143127048735,1,11.7376556949942,1,8.81654548533191,1,13.5798692376215,1,3.4463843022798
1,6.12069291265714,1,14.2528676296359,1,8.13834967876792,1,12.6745446217801,1,3.66178332117228
1,6.26039612349153,1,12.5255955759491,1,10.016496870684,1,24.8231063826341,1,3.36640695208509
1,6.4251433898992,1,13.3796134561274,1,7.89178541326616,1,22.4278943632571,0,3.96047876715893
1,6.91938518912222,1,15.0876492164841,1,9.10590624607633,1,43.3315628960015,1,5.34664633566456
1,6.09564885708386,1,12.240922949223,1,7.58825520506361,1,24.8231063826341,1,3.76245482880099
1,6.58989065630687,1,13.0949408294013,1,9.40943645427888,0,17.6374703245031,1,3.56443089044304
1,7.27211956698395,1,13.5678252419988,1,8.36810069571608,1,10.873622522745,0,3.41764004102564
1,7.56894077379962,1,12.4131167107649,1,7.81022731600167,0,12.4593591406453,1,7.43839303046757
1,6.97529836016828,1,12.4131167107649,1,7.53129062614447,1,23.106447860833,1,10.8560330714932
0,6.82688775676044,1,13.5678252419988,1,10.0417208348593,1,21.0676436378183,1,7.63943067993966
0,10.2403316351407,0,24.8262334215298,1,8.36810069571608,1,15.8573661790031,0,4.22179063891403
1,6.32114064214461,1,11.64033255375,1,8.62105171882085,1,14.8506413721629,1,6.16089953119835
1,6.87888834586326,1,16.1829013552134,1,10.1203650612245,1,12.698374506632,1,4.42814653804881
1,6.69297244462371,1,14.7633486047561,1,8.99588005442176,1,23.6749355208394,1,3.65803409664902
1,6.87888834586326,1,15.331169704939,1,9.37070839002267,1,12.0526944469728,1,2.88792165524922
0,6.13522474090507,1,15.331169704939,1,8.24622338321995,1,14.4201879990567,0,3.85056220699896
0,7.11738258061888,1,16.2424639343929,1,8.31154433824492,1,20.3653618621471,1,3.46802172431082
0,7.11738258061888,0,13.2892886735942,0,8.31154433824492,1,21.2704890560203,1,3.26402044641019
1,6.42300379226582,1,13.879923725754,1,8.90522607669098,1,24.4384342345765,1,3.06001916850955
1,6.42300379226582,1,15.0611938300734,1,8.01470346902189,1,22.4018980483618,1,6.73204217072101
1,6.42300379226582,1,14.1752412518338,1,10.3894304228062,1,22.1756162498935,1,3.06001916850955
1,6.14300100941907,1,13.6910984349876,0,7.80133194488845,1,13.270546642997,1,3.37619018156797
1,7.07375873811893,1,13.3934658603139,1,8.7764984379995,1,14.2535500980338,1,4.43124961330796
1,8.19066801255876,1,14.2863635843349,1,9.50787330783279,1,13.7620483705154,1,3.58720206791596
1,8.19066801255876,1,14.2863635843349,1,8.04512356816621,1,19.1685673732179,1,4.85327338600396
1,7.63221337533885,1,13.6910984349876,1,9.02029006127726,1,16.2195570081075,1,3.37619018156797
1,5.93914444635482,1,12.6786834689882,1,11.3565199983203,1,18.6654678452775,0,3.07258037842691
1,7.42393055794352,1,12.9805568849165,1,6.9687736353329,1,12.7711095783478,1,3.27741907032203
0,7.58890679256449,0,11.471189805275,1,6.19446545362924,1,11.2975200116153,1,3.07258037842691
1,6.59904938483868,1,12.3768100530599,1,7.74308181703655,1,10.315126967127,1,3.48225776221716
1,7.09397808870159,1,12.9805568849165,1,8.51738999874021,1,11.0519217504933,0,3.48225776221716
1,6.3649675043436,1,12.8990273266736,1,9.04937839473459,1,24.007336267894,1,4.13624943350375
1,7.27424857639268,1,13.1921870386434,1,8.14444055526114,1,13.7496562261575,1,3.92943696182856
1,6.51651434968511,1,13.4853467506133,1,7.69197163552441,1,12.6584136685259,1,4.75668684852931
1,5.75878012297754,1,13.7785064625831,1,8.14444055526114,1,23.5708392448414,1,5.79074920690525
1,6.21342065900208,1,14.9511453104625,0,8.14444055526114,1,21.8248511526309,1,3.72262449015337
1,7.04993354862131,1,12.534162391848,1,6.44900351656002,1,12.6919502761364,1,3.90099819028363
1,6.44993920405779,1,12.283479144011,1,8.06125439570002,1,16.9981476912541,1,7.61623456198233
1,6.29994061791692,1,11.0300629048262,1,6.85206623634502,1,16.0915798143873,1,10.9599472965112
1,7.64992789318482,1,16.0437278615654,1,8.46431711548502,1,14.7317279990869,1,4.08676000886857
1,6.89993496248043,1,13.2862121353588,1,6.85206623634502,1,15.8649378451705,1,7.05894910622753
0,5.98533369560762,1,13.7106775024873,1,9.67291747929291,1,15.2431034135797,1,4.85110876148476
1,6.44574397988513,1,13.2210104488271,1,8.73682869097424,1,10.0801167734962,1,3.58560212805396
1,5.67839350608928,1,12.9761769219969,1,9.04885828708047,1,14.5055338935677,1,6.96028648386944
1,7.52003464319932,1,14.4451780829777,1,8.42479909486802,1,15.4889599202503,1,8.64762866177719
1,7.67350473795848,1,14.4451780829777,1,7.80073990265558,1,14.997246906909,1,10.3349708396849
1,6.56635008152749,1,11.1801955185263,1,8.32638183319546,1,7.8422858733471,1,3.34562063078946
1,7.20696960167652,1,14.4524478654121,1,6.87831542742234,1,15.9086370573613,1,3.5424218443653
1,6.886659841602,1,14.7251355609859,1,7.96436523175218,1,14.788310504026,1,3.34562063078945
1,6.08588544141572,1,11.4528832141001,1,7.6023486303089,1,11.8754614653542,1,3.73922305794116
1,6.56635008152749,1,11.9982586052478,1,9.77444823896858,1,10.3070042906848,1,3.14881941721361
1,5.60042228381742,1,11.504650769692,1,15.7586076812214,1,22.7516040517141,1,5.58097054795534
1,5.28039815331356,1,11.504650769692,1,8.55467274123448,1,21.3442883371751,1,3.84894520548645
1,6.40048261007705,1,14.4477009665899,1,8.1044268074853,1,11.0239730972223,1,3.84894520548645
1,6.0804584795732,1,10.7020007159925,1,7.65418087373611,1,23.2207092898938,1,3.84894520548645
1,5.44041021856549,1,12.842400859191,1,7.65418087373611,1,19.9369726226361,1,3.65649794521212
0,6.86502310401651,1,15.3028111488214,1,9.1766717869953,1,15.8885752749429,1,5.26505571952206
1,7.03246269191935,1,14.7840717878444,1,7.24474088446997,1,10.8445831241674,1,3.64503857505373
0,6.19526475240514,1,15.8215505097984,1,7.24474088446997,1,15.1319764523266,1,12.352630726571
0,6.86502310401651,1,14.5247021073559,1,6.76175815883864,1,9.8357846940123,0,4.25254500422936
1,9.54405651046198,1,20.4902047585914,1,8.4521976985483,1,13.618778807094,1,3.4425364319952
1,8.07251119186817,1,13.3066240872773,1,9.00934466843482,1,11.2570646334935,1,2.81763953073713
1,7.54604307065938,1,14.4155094278838,1,8.64897088169742,1,21.1357131894163,1,5.23275912851182
1,7.19506432318684,0,10.5344107357612,1,8.64897088169743,1,9.87864855592283,0,3.01889949721836
1,6.84408557571432,1,14.1382880927322,1,6.84710194801046,1,14.0138967886347,1,2.81763953073713
1,6.84408557571432,1,14.4155094278838,1,8.28859709496003,1,20.6762411635594,1,3.4214194301808
0,7.29751388357567,0,15.2308544352639,1,7.6134277093629,1,12.0864920873061,1,3.72565296523953
1,7.74430044787623,1,17.9774019563771,1,7.94444630542215,1,14.6933825375094,1,3.93263368553062
1,6.85072731927512,1,13.7327376055658,1,7.6134277093629,1,12.7974622100888,1,4.34659512611279
1,7.14858502880882,1,13.2333653289998,1,8.27546490148141,1,10.9015418826683,1,3.31169152465736
1,5.36143877160662,1,10.7365039461696,1,9.26852068965918,1,12.0864920873061,1,3.72565296523953
1,6.90356781480011,1,14.3473811960009,1,11.4796751865833,1,15.8340387968115,1,4.01163265041665
0,5.06261639752008,1,13.8439643119307,1,7.85451460134646,1,14.9026247499402,1,3.61046938537498
1,6.28991734237343,1,11.0751714495446,1,9.96919160940127,1,13.971210703069,1,3.81105101789581
1,7.05698043290678,1,16.8644656163519,1,9.06290146309206,1,9.08128695699483,1,4.61337754797915
1,5.67626686994676,1,13.0888389858254,1,7.85451460134646,1,16.7654528436828,1,3.40988775285415
1,6.70552630845941,1,12.4501466218737,1,8.27391932316449,1,19.0584930559939,1,3.86914515032296
1,6.51926168877998,1,14.9909928712357,1,8.66791548141042,1,18.8141534014299,1,3.68490014316473
1,6.89179092813884,1,13.4664851216185,1,11.031892430886,0,13.9273603101494,1,3.68490014316473
1,5.77420321006227,1,15.2450774961718,0,9.06191163965635,1,13.4386810010213,1,4.79037018611414
0,7.82311402653598,0,14.7369082462995,1,11.031892430886,1,22.7235878744542,1,3.68490014316473
1,5.73845812874912,1,15.3192966685387,1,8.3338933333776,1,13.8489314493315,1,7.32060349886837
0,5.39067278761281,0,10.0164632063522,1,7.95508000004226,1,11.6152328284716,1,3.56137467512515
0,5.21678011704465,1,11.489472501404,1,8.3338933333776,1,15.1891506218474,0,16.8176026325354
0,6.08624346988543,1,11.489472501404,1,8.71270666671295,1,11.8386026905575,1,3.56137467512515
1,7.12959949329436,1,14.4354910915076,1,10.6067733333897,1,12.0619725526435,1,3.75922882374321
1,6.43386883415389,1,12.7381327631423,1,8.89383710955384,1,15.3173437117401,1,3.38551532132282
1,6.43386883415389,1,13.3042719970597,1,7.86762513537455,1,12.0812851810908,1,3.19743113680489
1,5.7383154466778,1,13.3042719970597,1,8.55176645149407,1,10.7868617688311,1,3.76168369035869
1,5.7383154466778,1,13.3042719970597,1,8.89383710955384,0,13.1599713579739,1,3.38551532132283
1,7.47719891536804,1,16.7011074005643,0,8.20969579343431,1,13.8071830641038,1,3.00934695228696
1,6.37424323181315,1,11.5114526633026,1,8.65268734658292,1,22.0707275057979,1,4.62965691863092
1,7.28484940778645,0,9.91263979339946,1,7.81533050659102,1,24.8882671873892,1,4.62965691863091
0,6.73848570220247,0,12.4707403852445,1,8.09444945325499,1,21.3663425854001,1,3.82449919365162
0,6.01000076142383,0,7.35453920155444,1,7.2570926132631,1,21.1315476119342,1,7.44770895605843
1,5.6457582910345,1,11.8312152372832,1,8.93180629324688,1,21.6011375588661,1,4.83094634987574
1,6.58443368927995,0,13.7010157346834,0,6.68874380127557,1,13.7707796155754,1,3.40523533475066
1,6.12505459467902,1,11.0145420612161,1,5.85265082611612,1,12.2406929916226,1,3.60554329561834
1,7.96257097308272,1,17.193431510191,0,7.8035344348215,1,14.4265310258409,1,4.00615921735371
1,6.43130732441297,1,13.7010157346834,1,7.8035344348215,1,12.0221091882007,1,3.60554329561834
1,6.58443368927995,1,12.8950736326432,1,7.52483677643502,1,10.7106063676698,1,3.40523533475066
1,6.30783317912862,0,11.1213047701223,1,8.95013314992203,0,15.0274812316334,0,10.1453007326791
1,5.45542329005718,1,12.3570053001359,1,8.59212782392516,0,14.374112482432,1,3.85521427841805
1,5.45542329005718,0,12.3570053001359,1,8.23412249792827,1,14.8096916485663,1,7.10171051287535
1,6.30783317912862,1,12.6041454061386,1,7.87611717193139,1,15.898639563902,1,9.33367667406475
1,6.98976109038576,1,12.6041454061386,1,8.95013314992203,0,11.7606374856262,1,3.2464962344573
1,6.53969921752592,1,11.2798542930282,0,9.95466117862386,1,16.0016194308241,1,12.6581973034649
1,6.89319647252733,1,11.5618506503539,1,8.98347472217275,1,22.0022267173831,1,3.95568665733279
1,7.24669372752873,1,15.227803295588,1,7.52669503749609,1,21.1132478601151,1,4.35125532306607
1,6.36295059002522,1,12.6898360796567,1,10.6830510209622,1,16.2238641451411,0,2.76898066013295
1,6.71644784502663,1,11.5618506503539,1,10.4402544068494,1,22.8912055746511,0,3.95568665733279
1,6.00665050045379,1,11.837481083135,1,8.39129295753879,1,20.9265734743907,1,8.16334388107955
1,6.40709386715071,1,13.4516830490171,1,8.74093016410291,1,13.2970935618524,1,6.57049629452744
1,8.00886733393839,1,14.5278176929384,1,8.04165575097467,1,13.9510489829271,1,5.57496655293237
1,7.20798060054455,1,13.1826493880367,0,8.39129295753879,1,14.6050044040018,1,6.57049629452744
1,6.80753723384763,1,13.1826493880367,1,8.04165575097467,1,14.6050044040018,1,4.97764870797533
1,8.64391109035488,1,14.0191972704253,1,7.73600691946535,1,22.988400935672,1,4.74611387788749
1,7.2608853158981,1,13.7688544620249,1,8.80304235663298,0,24.7567394691852,1,4.15284964315155
1,7.088007094091,1,14.5198828872262,1,9.06980121592489,1,24.3146548358069,1,4.54835913297551
1,6.39649420686261,0,14.0191972704253,1,7.73600691946534,1,17.0202583850648,1,17.6001722971661
1,7.088007094091,1,12.2667976116221,1,8.53628349734107,0,22.5463163022937,1,4.54835913297551
1,6.51672525665102,0,11.8480356223927,1,7.3887262310718,1,15.8382907186571,1,3.91403140696151
1,7.73861124227309,1,19.331005489167,0,6.33319391234726,1,18.6979820984147,1,17.7161421578258
1,6.51672525665102,1,12.7834068557394,1,8.18037547011521,1,13.6385281188436,1,4.12003305995949
1,6.72037292092136,0,14.9659397335486,1,7.65260931075294,1,12.5386468189369,1,4.32603471295747
0,5.90578226383998,1,13.4069876779706,1,8.70814162947748,1,16.2782432386198,1,17.3041388518299
0,6.14583768009988,1,14.989333224925,1,9.30123685748294,1,13.9323532971208,1,3.58266996991977
1,5.9797339590161,1,13.3238517554889,1,8.94349697834899,0,11.2900104304255,1,3.38363274936867
1,7.47466744877013,1,13.9900443432634,1,8.94349697834899,1,14.652992260765,1,3.18459552881757
1,11.2950530336971,1,15.9886221065867,1,8.94349697834899,1,11.0497974425441,1,4.17978163157306
1,6.97635628551879,1,11.6583702860528,1,8.58575709921502,1,9.84873250313711,1,3.38363274936867
1,6.24991051717415,1,14.2625884115638,1,9.43451973115913,0,15.6710201199962,1,3.51938243899282
1,6.77073639360533,1,12.8911856796827,0,7.91282300032702,1,16.1063262344405,1,11.6139620486763
1,5.72908464074297,1,12.068344040554,0,7.30414430799417,1,11.7532650899971,1,3.34341331704318
1,4.68743288788061,1,10.9712218550491,1,9.43451973115913,1,10.229693689442,0,2.9914750731439
1,6.07630189169709,1,15.9082716898212,0,8.82584103882628,0,12.6238773188858,1,4.04728980484175
1,7.54802538017834,1,15.7857304303958,1,8.89350309717612,1,25.0502532672363,1,4.44487311342785
1,7.54802538017834,1,15.2219543435959,1,7.73348095406619,0,10.365622041615,1,3.51885788146372
1,6.6902952233399,1,14.940066300196,1,7.73348095406619,1,7.99016699041157,1,3.14845178867806
1,7.71957141154603,1,12.1211858661967,1,8.89350309717611,1,13.6048789296197,1,3.51885788146372
1,7.54802538017834,1,14.0944021699962,1,7.34680690636288,0,11.4453743376166,1,4.25967006703503
1,6.35619348475513,1,12.5404764090446,1,8.63617589983378,1,14.1316076491215,1,3.75706870837704
1,5.73607704721805,1,13.6309526185268,1,7.8959322512766,0,9.27386751973596,1,6.2617811806284
1,6.04613526598659,1,11.4500001995625,1,9.12967166553857,0,10.5987057368411,0,3.33961662966848
1,6.35619348475513,1,12.5404764090447,1,7.40243648557182,1,10.8195121063586,0,2.92216455095992
1,6.04613526598659,1,13.0857145137857,1,7.40243648557181,1,17.2228968223668,1,3.75706870837704
1,6.33409726171177,1,12.1021888910836,1,10.5688669997748,1,14.7347882263448,0,4.18502238698504
1,5.97214884675681,1,10.8919700019753,1,8.12989769213447,1,13.331475061931,0,7.79935990301757
1,7.60091671405413,1,15.4302908361316,1,9.34938234595464,1,14.0331316441379,1,9.32118622555758
1,5.97214884675681,1,10.8919700019753,1,6.9104130383143,1,16.6058724455632,1,2.85342435476253
1,6.51507146918925,1,11.7996341688065,1,6.09742326910085,1,13.7992461167356,1,9.13095793524008
1,7.18583127951609,1,14.9641031192786,1,7.93515108059498,1,14.8300107062186,1,3.31240417273874
1,6.66003874686857,1,15.5509306925836,1,17.9584998139781,1,12.3952328290782,1,3.10537891194257
1,7.01056710196691,1,15.5509306925836,1,7.93515108059498,1,10.4031418386906,0,2.69132839035023
1,7.18583127951609,1,13.7904479726685,1,8.35279061115261,1,26.1185263184148,1,3.72645469433109
1,5.60845368157353,1,11.4431376794483,1,9.18806967226787,1,11.5098590555726,1,2.69132839035023
1,6.58892284001813,1,11.75042565606,1,8.3459253901378,1,21.9468486084337,1,10.4063142925178
1,7.05956018573371,1,14.82791808979,1,7.06193686857814,1,16.1373886826718,1,7.54967899653251
1,6.90268107049518,1,15.66723420808,1,8.02492825974788,0,12.4795805812662,1,2.85663529598527
1,6.74580195525666,1,14.54814605036,1,7.38293399896806,1,12.4795805812662,1,6.5294521051092
1,6.90268107049518,1,15.10769012922,1,8.02492825974789,1,11.6189198515237,1,3.87686218740859
1,6.11645738602512,1,13.7941471092637,1,8.25759356368075,1,17.7325973027043,1,4.08366758896534
1,6.88101455927826,1,14.3689032388163,1,8.25759356368075,1,12.5310354272444,1,4.64053135109697
1,7.83671102584469,1,16.6679277570269,0,6.4881092286063,1,13.4767739500553,1,4.08366758896534
1,7.45443243921812,1,14.08152517404,0,7.96267950783501,1,21.2791167632452,1,15.4065640856419
1,6.88101455927826,1,16.0931716274743,0,9.14233573121797,1,9.45738522810896,1,15.5921853396858
1,6.55802256944816,1,12.0076457364101,1,7.6168181768773,1,18.3981343633822,1,6.48092857480556
1,6.38077871621983,1,11.5073271640597,1,8.51291443298051,1,14.2856102115674,1,3.92783549988216
1,7.79872954204645,1,18.2616278907903,1,8.0648663049289,1,14.7185074907058,1,3.53505194989395
1,6.2035348629915,1,11.5073271640596,1,6.27267379272248,1,11.0388806180293,1,2.94587662491162
0,6.38077871621983,0,13.2584421672861,1,8.0648663049289,1,13.6362642928598,1,11.5871147246524
1,6.07232058621992,1,12.5742772516373,1,8.50145845809974,1,12.4570289051351,1,3.1165002482321
1,6.76630008178792,1,11.9755021444165,1,7.65131261228977,1,10.7801211679054,1,3.1165002482321
1,6.59280520789592,1,11.6761145908061,1,8.21807650949642,0,12.4570289051351,1,3.66647088027306
1,6.93979495567991,1,14.3706025732998,1,10.2017501497197,0,11.9779124087837,1,2.93317670421845
1,6.76630008178792,1,13.7718274660789,1,9.63498625251304,1,12.9361454014864,1,3.48314733625941
1,6.00060485183898,1,13.1854002973804,1,6.57130588085202,1,20.272296553336,1,10.7478309244283
1,6.64931888987563,1,12.6683257759145,0,8.21413235106503,1,16.2678922958869,0,5.37391546221417
1,6.3249618708573,1,13.1854002973804,1,9.58315440957587,1,14.0154149010718,1,9.21242650665287
1,7.29803292791227,1,14.2195493403122,1,7.11891470425636,1,20.0220212872454,1,4.03043659666063
1,7.13585441840311,1,13.1854002973804,1,7.66652352766069,1,19.2711954889737,1,10.3639798199845
1,6.83748976823784,1,11.8551395458545,1,8.26229864595527,1,14.0866867696195,1,7.71234182287662
1,7.71409102057602,1,15.4392515015779,1,6.77932196591202,1,12.9320403130933,0,4.04897945701023
1,7.01281001870547,1,14.0607469032227,1,8.05044483452052,1,12.7011110217881,1,4.82021363929789
1,7.18813026917311,1,14.0607469032227,1,7.83859102308577,1,14.3176160609247,1,3.08493672915065
1,7.01281001870547,1,12.6822423048676,1,8.47415245739002,1,11.3155352739567,1,3.27774527472257
0,6.41626018998738,0,11.0714979269079,1,9.39784061959361,1,14.3387122271001,1,3.20457076269675
1,6.41626018998738,1,12.077997738445,1,8.7713179116207,1,22.4331465488501,1,6.20885585272495
1,7.54854139998515,1,15.0974971730562,1,8.45805655763425,1,19.1953728201501,1,8.81256959741606
0,6.41626018998738,0,11.5747478326764,1,8.7713179116207,1,23.8207638611501,1,3.4048564353653
0,8.11468200498404,0,12.5812476442135,0,7.20501114168844,1,21.9706074447501,1,11.2159976694386
1,6.22884238853113,1,14.3742180484309,1,7.50693795305038,1,11.3773712799332,1,4.28292395521258
1,7.29664394085075,1,11.2118900777761,0,7.94852253852393,1,12.252553686082,1,3.30953214720972
1,7.29664394085075,1,13.2242806045564,0,9.27327629494459,1,10.7209844753217,1,8.56584791042517
1,6.76274316469094,1,12.9367962435878,1,8.39010712399748,1,18.5976261306601,1,2.53081870080743
1,8.36444549317037,1,14.0867336874623,1,9.71486088041814,0,10.7209844753217,1,5.06163740161487
1,8.40400989948227,1,15.4910041369285,1,9.68521740705068,1,13.2502795245079,1,3.31276599006499
1,6.6597814297784,1,12.909170114107,0,8.17862803262057,0,13.009365351335,1,13.8356697232126
1,7.135480103334,1,16.9253563718292,1,6.45681160470045,1,15.1775929098909,1,3.70250316536676
1,6.81834765429694,1,13.4829110080674,1,14.420212583831,1,13.9730220440265,0,2.53329163946147
1,6.97691387881547,1,12.0485587731666,1,9.46999035356066,1,11.5638803122978,0,3.31276599006499
1,9.91204806817189,1,17.2599073698521,1,11.2819219798333,0,16.1114857885051,0,4.04875246930659
1,6.25221493530843,1,14.4304143584009,1,10.7178258808416,1,13.7067864170864,1,4.04875246930659
1,7.01468017132165,1,13.5815664549656,1,7.8973453858833,1,20.6804145942005,1,3.62256799885326
1,5.33725665209256,1,12.4497692503851,1,19.7433634647083,0,12.2639667942352,1,8.31059717383984
1,7.62465236013223,1,13.8645157561107,1,9.30758563336247,1,16.1114857885051,1,3.62256799885326
1,8.39059942683189,1,14.6681681567474,1,8.60299185995443,1,11.2356312600689,1,2.79374498907802
1,8.04812598083875,1,14.415268705769,1,8.27210755764848,1,16.200212514518,1,4.3901706971226
1,7.53441581184905,1,15.9326654116394,1,8.93387616226036,1,13.3259812619422,1,3.39240462959474
1,6.84946891986277,1,15.1739670587042,0,7.27945465073067,1,11.4969250103031,1,3.39240462959474
1,8.56183614982846,1,13.6565703528338,0,7.61033895303661,1,13.8485687624105,1,3.39240462959474
1,6.99302442309179,1,18.1150547122389,1,8.20741967514805,0,10.1582160878986,1,4.81123732186574
1,6.99302442309179,1,14.1669017621355,1,8.52308966265374,1,14.3138499420389,1,3.34694770216747
1,6.66776747318054,1,13.4701688885879,1,8.52308966265374,1,11.543427372612,1,3.55613193355293
1,6.50513899822492,1,11.84445885031,1,17.3618493128132,1,11.0816902777075,1,6.06634271017854
1,6.3425105232693,1,13.0056803062228,1,9.47009962517082,1,13.1595072047777,1,3.34694770216747
1,6.64792668799623,1,12.6237336828437,1,8.84448573086531,1,17.1065741795163,1,3.18484286768651
1,7.5226538837852,1,14.8679530042382,1,6.70036797792827,1,15.4170359889468,1,3.60948858337805
1,7.34770844462741,1,12.0626788524951,1,6.9683826970454,0,18.1625355486222,1,4.03413429906958
1,6.82287212715402,1,14.0263707587153,1,17.6889714617306,1,14.572266893662,0,3.18484286768651
1,7.17276300546961,1,14.0263707587153,1,7.77242685439679,1,14.7834591674832,1,3.60948858337805
1,6.82908201780963,1,15.2884046434542,1,7.2219516729245,1,12.1860424478814,0,5.66416605916076
1,7.85344432048108,1,12.8422599005015,1,7.56585413353996,1,13.6077474001343,1,8.2939574437711
1,7.17053611870011,1,13.1480279933706,1,8.25365905477086,1,10.5612367881639,1,6.47333263904086
1,8.3656254718168,1,18.6518536650141,0,9.28536643661722,1,9.34263254337575,1,7.28249921892097
1,6.65835496736439,1,13.4537960862397,1,7.56585413353995,1,8.93643112844637,1,7.28249921892097
1,6.13422880080774,1,13.9814526473348,1,9.69369487010688,1,13.5598720593199,1,3.30189979978142
1,5.6230430674071,1,9.81154571742791,1,9.32086045202585,1,13.7897003993084,1,2.91344099980713
1,8.86055271227785,1,15.9437617908204,1,8.20235719778274,1,13.3300437193314,1,7.57494659949855
1,8.69015746781097,1,15.9437617908204,1,6.33818510737758,1,13.3300437193314,0,3.49612919976856
1,8.17897173441033,1,12.5097207897206,1,7.08385394353964,1,13.3300437193314,1,3.49612919976856
1,6.67478106487244,0,12.0128994962971,1,8.65879137396873,1,12.7109446537346,1,3.3978155207405
1,6.67478106487244,1,15.0161243703714,0,8.01739942034142,1,22.2441531440355,1,3.79755852318055
1,5.30948493796672,1,12.5589403824924,1,8.33809539715508,1,13.9331508704398,1,3.59768702196052
1,5.76458364693529,1,12.5589403824924,1,8.65879137396873,1,22.7330356307176,1,3.79755852318056
1,7.73667805246579,1,13.9240425979807,1,8.01739942034142,1,11.7331796803704,1,4.19730152562061
1,6.56612105169756,1,11.2135195388272,1,8.34647268338105,1,9.86885006644134,1,3.08453548969977
1,7.20671822747292,1,13.0389762079386,1,8.70936280004979,1,9.59471534237352,0,3.2901711890131
1,7.20671822747293,1,14.6036533528913,1,6.89491221670609,1,14.803275099662,1,3.49580688832642
1,6.40597175775371,1,12.7781966837799,1,7.98358256671231,1,15.8998139959333,1,3.49580688832642
1,6.40597175775371,1,12.7781966837799,0,7.25780233337483,1,12.0619278589839,1,3.49580688832642
1,7.06734519605666,1,12.6344931921398,1,8.83594032949543,1,7.87566861927446,1,3.31428943117383
1,7.6818969522355,1,14.5062699613457,1,8.26587966307637,1,14.8247879892225,1,7.87143739903785
1,6.60643137892253,1,13.1024373844413,1,8.5509099962859,1,15.5196999262173,1,10.771440651315
1,6.91370725701195,1,10.2947722306324,1,7.41078866344778,1,14.1298760522277,0,3.31428943117383
1,9.2182763426826,1,21.0574886535663,0,7.41078866344778,1,13.8982387398961,1,7.87143739903785
1,6.7125661595105,1,11.6370457020669,1,7.20124897058352,1,18.5243392098835,1,3.88363386391546
1,6.7125661595105,1,12.1322391361974,1,7.20124897058352,1,14.0529469868082,1,3.88363386391546
1,7.19203517090411,1,12.1322391361974,1,7.54416558823035,1,8.09109068937443,1,3.32882902621325
1,6.7125661595105,1,13.1226260044584,1,7.54416558823035,1,10.8590953988973,1,5.73298332292282
1,7.35185817470198,1,14.3606095897847,1,7.88708220587719,1,10.8590953988973,1,3.51376397211399
1,5.29549779802551,1,12.1883790532498,1,6.98592883713248,1,11.9805133680721,1,4.23122695153223
1,6.45388794134359,1,11.410397411553,1,8.15025030998789,1,24.1870741581832,1,8.07779690747062
1,9.59808975892124,1,15.559632833936,1,9.3145717828433,1,10.3981814137984,1,3.46191296034455
1,7.28130947228508,1,13.7443423366434,1,7.27700920534633,1,13.1107504782675,1,3.65424145814147
1,6.45388794134359,1,12.7070334810477,1,8.44133067820174,1,10.3981814137984,1,3.46191296034455
1,6.6193400916159,1,13.8093532370183,1,16.8073763706887,1,17.9756932499272,1,3.46871889297288
1,5.4681505104653,1,12.7671378983754,1,7.68337205517197,1,16.1080887564283,1,3.27601228780773
1,7.05103618454737,1,11.4643687250718,1,7.20316130172372,1,16.1080887564283,1,8.67179723243223
1,7.62663097512266,1,14.5910147410004,1,8.64379356206847,1,11.439077522681,1,3.85413210330321
1,7.19493488219119,0,15.1121224103219,1,6.72295054827547,1,9.57147302918203,1,3.27601228780773
1,7.05449036916607,1,14.1514882922222,1,8.18775040898652,1,10.7294709053255,1,17.6030288244373
1,6.72637453804207,1,15.4992490819576,0,6.89494771283075,1,10.4962215378184,1,2.72427827044863
1,7.54666411585207,1,15.4992490819576,1,9.69602022116825,1,12.8287152128892,1,2.93383813740621
1,6.39825870691807,1,13.028354300776,0,6.67948059680479,1,11.8957177428609,1,2.72427827044863
1,6.72637453804207,1,13.4776078973545,1,9.26508598911632,1,17.4937025630307,1,8.59195454526105
1,6.32220874512068,1,11.8278569276679,1,8.42984238966005,1,13.0029812387419,1,3.21405785388525
1,6.95442961963275,1,13.2702785042128,1,10.9587951065581,0,20.9872679642851,1,13.8015425490367
1,7.90276093140085,1,15.5781530266846,1,8.42984238966005,1,14.3717161059779,1,3.40312008058438
1,6.79637440100473,1,13.2702785042128,1,8.42984238966005,0,9.58114407065191,1,4.91561789417745
1,5.37387743335258,1,11.8278569276679,1,8.42984238966005,1,18.0216757519405,1,4.53749344077918
1,7.57109228764204,1,16.045917768335,1,7.83237027223113,1,14.7580813407362,1,4.00258094282238
1,5.28215740998282,1,11.0661501850586,0,6.47021892053876,1,14.0662962778892,1,3.60232284854014
1,6.69073271931157,1,13.2793802220703,0,6.81075675846185,1,12.6827261521952,1,4.40283903710462
1,5.63430123731501,1,13.0027264674439,1,7.83237027223113,1,20.5229568644613,1,17.2110980541362
1,6.16251697831329,1,12.1727652035645,1,8.8539837860004,1,12.6827261521952,1,4.40283903710462
1,8.62492982744343,1,14.7675627257949,1,9.11522485040498,1,14.0590575410912,1,3.878458549169
1,7.52721148576881,1,12.7796215896302,1,6.92757088630779,1,14.0590575410912,1,3.06194095987026
1,6.58631005004771,1,12.2116384078688,1,8.75061585638878,1,13.0365806290119,1,3.26607035719495
0,5.64540861432661,1,15.3355459075562,1,11.6674878085184,1,12.5253421729722,1,3.26607035719495
1,8.31129601553639,1,11.0756720443461,1,5.83374390425919,1,13.2921998570317,1,2.6536821652209
0,7.03171769081939,0,12.5323516919222,0,7.1054435812887,1,17.5807488274716,1,4.10507727902461
1,6.51720176222285,1,10.3528122672401,1,9.09496778404954,1,19.8940052521389,1,9.44167774175659
1,5.65967521456195,1,13.0772365480927,1,8.81075004079799,1,15.0361667603375,1,3.07880795926845
1,7.54623361941594,0,12.2599092638369,1,6.25279035153406,1,11.7976077658033,1,3.28406182321968
1,9.26128671473774,0,20.4331821063949,1,8.24231455429489,1,11.3349564808698,1,3.28406182321968
1,6.74188568329569,0,10.8371425249419,1,9.06207590545564,0,8.93482796066437,1,2.96776367423828
0,6.74188568329569,0,9.07295653250948,1,6.34345313381895,0,8.93482796066437,1,5.19358642991698
1,6.46097377982503,1,10.8371425249419,1,7.55172992121303,0,8.71690532747743,1,3.52421936315795
0,6.46097377982504,1,12.0972753766793,1,10.2703526928497,1,9.1527505938513,1,4.6371307409973
1,6.32051782808971,1,11.3411956656368,1,8.15586831491007,1,13.729125890777,1,5.19358642991698
1,5.97282765723066,1,11.9842472169053,1,8.24789656967895,1,23.9100475679633,1,3.29971525906357
1,5.7861767929422,0,10.6224009422569,1,7.49808779061723,1,21.3811002290441,1,4.27021974702344
0,5.41287506436529,0,12.5289857267646,1,8.24789656967895,1,22.9904303538108,1,3.10561436147159
1,8.0259871644037,1,14.9803090211316,1,8.24789656967895,1,23.6801432644252,1,3.10561436147159
1,5.97282765723066,1,11.9842472169053,1,8.99770534874067,1,23.4502389608871,1,6.40532962053516
1,6.11178463693832,1,11.892253858532,1,7.51733041738961,1,12.4899823907594,1,2.91702130026762
1,6.87575771655561,1,14.6366201335778,0,7.51733041738962,1,10.5684466383348,0,9.7234043342254
1,7.6397307961729,1,18.9056343392047,1,5.80884623161925,1,10.5684466383348,1,3.50042556032114
1,6.49377117674696,1,13.416901789113,1,7.85902725454369,1,12.4899823907593,1,3.69489364700565
1,7.06675098645993,1,11.892253858532,1,7.85902725454369,1,12.7301743598124,1,3.69489364700565
1,6.89309627406556,1,11.5217904844793,1,19.0276368820289,1,17.2976946511509,1,3.03136127880792
1,7.87782431321778,0,16.2352502281299,1,8.87956387828015,1,12.7456697429533,1,3.23345203072844
1,9.02667369222871,1,16.4971091027771,1,7.61105475281155,1,16.1596884241015,1,4.64808729417214
0,8.20606699293519,0,14.1403792309518,1,8.87956387828015,1,15.4768846878719,1,3.43554278264898
1,8.04194565307649,1,15.9733913534826,1,10.1480730037487,0,13.8836759700027,1,4.04181503841056
1,6.95633920269994,1,14.0619436607866,0,7.93110623511448,1,17.054057556512,1,9.41594805981939
1,6.24286851524353,1,12.1318729622473,1,8.47807907891548,1,10.6872094020808,0,4.80405513256092
1,6.77797153083583,1,14.0619436607866,1,4.92275559420899,1,13.1884711770359,1,4.99621733786335
0,8.38328057761274,1,18.4735338288765,1,8.47807907891548,1,13.1884711770359,1,4.41973072195604
1,6.59960385897174,0,13.786219275281,1,7.93110623511448,1,15.0075706497305,1,5.95702836437553
1,7.17004439055479,1,14.0139283181982,1,8.02740215752135,1,12.4932747992051,1,4.14928498081877
1,7.5114750758193,1,14.3058851581606,1,7.3584519777279,1,11.6008980278333,1,4.33788884358325
1,6.82861370529028,1,13.7219714782357,1,9.03082742721152,1,13.3856515705768,1,5.2809081574057
1,6.82861370529028,0,12.5541441183859,0,8.36187724741807,1,12.716368992048,1,4.14928498081876
1,6.82861370529028,1,13.7219714782357,1,8.36187724741807,1,14.7242167276345,1,4.14928498081876
1,6.03515644491551,1,12.351977512639,1,8.99148573793083,1,10.8462993646194,1,10.911419509441
1,6.7451748501997,1,16.55690602758,1,8.32544975734336,1,10.8462993646194,1,3.69878627438677
1,6.74517485019969,1,15.2428658666609,1,7.99243176704963,1,11.696989510864,1,7.95239048993155
0,6.3901656475576,0,13.4032096413743,1,8.99148573793083,1,12.5476796571087,1,3.8837255881061
1,5.68014724227343,1,11.8263614482714,1,4.66225186411228,1,11.4843169743029,1,3.51384696066743
1,7.4510502161797,1,16.0176504722836,1,8.00962595665324,1,16.7629160482998,1,11.7355023544757
0,6.81691828288781,1,12.2487915376287,1,9.91667975585639,1,16.0923994063678,1,10.5811906474781
1,6.18278634959592,1,11.7776841707968,1,8.00962595665324,1,18.7744659740958,1,10.7735759319777
0,6.49985231624187,1,13.4265599547083,1,8.39103671649387,1,15.8688938590571,1,8.27256723348286
0,5.86572038294998,1,13.4265599547083,1,8.39103671649387,1,13.8573439332612,1,8.65733780248206
1,6.1155203900906,1,14.6109212585545,0,3.99815660614066,1,14.9203758668125,1,4.49717546462798
1,7.1699204573476,1,13.6368598413175,1,7.99631321228132,1,15.164972192498,1,5.2792929367372
1,6.326400403542,1,14.9356083976335,1,7.6328444299049,1,15.164972192498,1,3.32399925646416
1,6.5372804169934,1,13.9615469803965,1,6.54243808277562,1,14.1865868897562,1,7.03905724898293
1,6.7481604304448,1,15.9096698148704,1,8.72325077703417,1,20.7906876832634,1,4.10611672857337
1,7.06404927564385,1,12.9298491249001,1,8.08949348351862,1,10.5016288572193,1,3.53315636912085
1,5.88670772970321,1,11.125684130728,1,6.74124456959886,1,15.9911166689476,1,4.09102316424519
1,5.71851608028312,1,11.4263782964234,1,6.74124456959886,1,19.5712174157269,1,3.53315636912085
1,6.55947432738358,1,10.223601633642,1,7.0783067980788,1,11.2176490065752,0,3.34720077074606
1,7.40043257448404,1,13.2305432905955,1,8.08949348351862,1,13.3657094546427,1,4.27697876261997
1,7.07210098182509,1,13.9486650464549,0,8.46522653407735,1,23.4595559855454,1,3.35600839017531
1,6.74316605243788,1,14.2392622349227,1,8.75713089732139,1,14.4366498372587,0,3.35600839017532
1,7.2365684465187,1,15.1110538003261,1,7.5895134443452,1,23.0084106781311,1,7.10684129684184
1,6.74316605243788,1,13.9486650464549,1,7.29760908110116,1,12.180923300187,1,3.15859613192971
1,7.2365684465187,1,14.5298594233905,1,9.34093962380949,1,17.8202396428662,1,7.30425355508745
1,7.0907488350087,1,18.65098773992,1,7.2125881898466,1,12.0980764393042,0,3.6767477237517
1,6.5719135543983,1,13.0799134799439,1,6.67832239800611,1,16.0484687460157,1,3.09620860947511
1,7.0907488350087,1,13.8065753399408,1,7.2125881898466,1,17.5298658610326,1,3.67674772375169
1,6.7448586479351,1,14.0487959599398,1,9.88391714904904,1,14.3201721118294,1,3.4832346856595
1,6.7448586479351,1,16.4710021599294,1,6.67832239800611,1,17.7767653802021,1,2.51566949519852
1,6.9293917671203,1,12.6501086114134,1,9.58601741929334,0,17.5237194515165,1,11.7103158524927
1,5.40830576945975,1,10.5907886049042,0,8.68732828623459,1,12.6273860753575,1,6.90072184164747
1,5.40830576945975,1,14.1210514732056,1,7.78863915317584,0,10.5657720222379,1,4.60048122776498
1,5.9153344353466,1,10.8849771772626,1,9.58601741929334,1,13.9158948585572,1,10.8738647201718
1,6.42236310123345,1,12.9442971837718,1,8.68732828623459,1,21.3892458011158,1,19.0292632603006
1,6.665235716015,1,12.987940628211,1,7.34459973929005,1,14.8004566305236,1,3.28918242733702
1,4.81378135045528,1,13.9382777473484,1,6.97736975232555,1,18.2829170141762,0,3.0957011080819
0,6.29494484290306,0,11.0872663899362,1,9.54797966107706,1,14.8004566305236,1,2.70873846957167
1,6.85038115257098,1,14.5718358267733,1,8.81351968714806,1,16.3240330483716,1,4.0631077043575
0,6.10979940634709,1,10.7704873502238,1,7.71182972625455,1,28.5126443911558,1,13.5436923478583
0,7.19933304340729,0,10.0658336267505,1,12.3266087408385,1,12.4160294052403,1,3.53375002018979
1,6.71937750718013,1,11.9701805291087,1,9.30784741655155,1,12.6547992014949,1,3.14111112905759
0,5.75946643472583,0,8.97763539683152,1,10.0625377476233,1,15.9975763490596,1,3.14111112905759
1,7.19933304340728,1,12.2422300865884,1,8.55315708547981,1,12.8935689977495,1,6.28222225811518
1,7.19933304340729,1,15.5068247763453,1,10.3141011913139,1,12.4160294052403,1,3.14111112905759
1,6.99186346747214,1,15.9310278927705,1,8.71579654668734,1,12.7288594590998,0,3.3279420051669
1,6.8078670604334,1,15.3298570288923,1,8.71579654668734,1,13.1603462204252,0,2.77328500430575
1,6.07188143227844,1,17.1333696205267,1,6.33876112486352,1,14.6705498850642,1,3.32794200516691
1,6.62387065339466,1,16.2316133247095,1,16.2430753824628,1,14.8862932657269,1,3.51282767212062
1,7.35985628154963,1,12.6245881414407,1,9.11196911699131,1,15.7492667883777,1,3.51282767212062
0,6.27821365703922,0,12.8556659632922,1,8.41386938237876,1,16.215259226444,1,7.48015905668597
0,6.44342980590867,0,10.5702142364847,1,8.71436471746371,1,15.0229607539114,1,8.10350564474313
0,9.74775278329773,0,17.4265694169072,1,9.31535538763362,1,11.9229847253265,1,4.36342611640015
1,6.60864595477812,1,12.8556659632922,1,8.1133740472938,1,17.6460173934832,1,11.0124563890099
1,6.93907825251703,1,12.8556659632922,1,7.51238337712389,1,13.8306622813787,1,5.61011929251448
1,6.5478045663932,1,10.6992618465074,1,6.93662148258018,1,20.9059172496979,0,3.27882972224472
1,7.21937426551045,1,21.1013219750564,1,6.93662148258018,1,22.7238230974977,0,3.08595738564209
1,7.05148184073113,1,16.0488927697612,1,7.7690160604898,1,21.5876319426229,1,3.08595738564209
1,8.22672881418632,1,16.9404979236368,1,8.04648091979301,1,13.1798173965487,1,5.20755308827103
1,7.38726669028976,1,17.5349013595539,1,8.04648091979301,1,22.4965848665228,1,4.62893607846314
1,6.04814132524256,1,12.7767849734991,0,10.8945092278555,0,13.1775526815594,1,4.23961603681106
1,6.58180085394043,1,13.3852033055705,0,4.80640112993626,1,14.7958486249088,1,8.26725127178157
0,7.29334689220426,0,13.3852033055705,1,8.65152203388527,1,12.9463675467952,1,10.1750784883466
1,6.22602783480852,1,16.4272949659274,1,9.93322900186827,1,21.5002175330706,1,8.69121287546267
1,5.8702548156766,1,12.4725758074634,1,14.7396301318045,1,25.430364824062,1,12.5068673085926
1,7.32937135795779,1,15.4455057393218,1,6.59167420563259,1,10.9053603334148,1,3.56935907825214
1,6.9629027900599,1,14.4596223942587,1,5.57757048168911,0,10.6872531267465,0,3.94508108648921
1,6.22996565426412,1,12.8164834858202,1,7.60577792957606,0,10.4691459200782,1,19.5375444283275
1,5.86349708636623,1,11.5019723590694,1,8.61988165351953,1,12.4321107800929,1,3.56935907825214
1,5.86349708636623,1,13.1451112675079,1,7.60577792957606,1,11.3415747467514,1,3.75722008237067
1,7.16244053079132,1,14.103161205525,0,8.23043631988197,1,20.1040528495518,1,4.44596808877839
1,7.16244053079132,1,14.6160034311804,1,6.76071554847447,1,12.0624317097311,1,3.67275624725172
1,5.82989345529526,1,13.3338978670418,1,7.93649216560047,1,16.5858436008802,1,4.25266512839672
1,6.32959860860628,0,14.6160034311804,1,14.4032635597934,1,15.0780396371638,1,4.25266512839672
1,7.99528245297635,1,18.2058990107686,1,7.64254801131897,0,9.04682378229831,1,3.86605920763338
1,6.84242170557056,1,15.4092449944952,1,9.293516823414,1,11.7724115264877,0,3.34243836926393
1,6.47256107283702,1,12.3943927129635,1,9.56685555351441,1,13.2439629672987,1,3.55134076734292
1,6.10270044010348,1,14.0693106471478,0,8.47350063311276,1,12.7534458203617,1,2.92463357310594
0,7.76707328740443,0,16.4141957550058,1,9.293516823414,1,13.4892215407672,0,2.92463357310593
1,7.02735202193734,1,14.7392778208215,1,9.02017809331359,1,12.2629286734247,1,2.92463357310594
1,6.50882075744938,0,10.050700856287,1,9.20130313470456,1,10.3231461728856,1,3.69203654338362
1,7.91613335365465,1,16.0183044897074,1,9.85853907289774,1,23.2270788889927,0,4.08067196900294
1,8.44387557723163,0,16.6464732932253,1,9.20130313470456,1,13.334063806644,1,3.69203654338362
1,6.50882075744938,0,13.1915448738766,1,8.87268516560797,0,20.8613578910397,1,6.41248452271891
1,7.03656298102636,1,10.6788696598049,1,22.3460218985682,0,15.0545881687916,1,4.46930739462227
1,5.81230781683134,1,13.7629547988165,1,6.99980846127663,0,22.9191531461509,1,3.22990938290007
0,4.93165511731144,1,11.5431233796526,1,7.41156190017526,1,23.894436258753,1,5.65234142007512
0,4.93165511731144,1,11.5431233796526,1,7.41156190017526,1,11.2157557949249,0,3.02804004646881
0,6.1645688966393,1,12.6530390892345,1,7.82331533907389,1,22.9191531461509,1,3.83551739219383
1,5.98843835673532,1,11.5431233796526,1,7.82331533907389,1,9.99665190417219,0,2.6243013736063
1,6.24105440147907,1,11.9503136425454,1,8.0213597428296,1,13.5780564012984,1,16.8283924977709
0,6.657124694911,1,15.2307918973618,0,9.30477730168234,1,15.6147648614931,1,6.99607328559014
1,6.79581479272165,1,12.4189533932335,1,6.73794218397686,1,10.636144181017,0,2.83624592659059
1,7.07319498834294,1,13.8248726452977,1,6.41708779426368,1,13.1254545212551,1,2.83624592659059
0,6.37974449928971,1,13.1219130192656,1,9.30477730168234,1,16.0673667415364,1,3.21441205013601
1,6.7572962497517,1,11.5716816619839,1,9.25983856703187,1,12.6514846561991,1,3.46503551001151
1,8.83646432659838,0,16.6342923891018,1,7.46761174760634,1,17.4820515249297,0,3.46503551001151
1,6.58403224334781,1,12.7770651684405,0,8.96113409712761,1,14.7217275999408,1,3.65753748278993
1,8.66320032019449,1,15.1878321813539,1,5.67538492818082,1,12.8815116499482,1,3.2725335372331
1,7.62361628177115,1,16.6342923891018,1,8.96113409712761,0,15.411808581188,1,3.08003156445468
1,6.31399088950268,1,12.2556980828158,1,7.78384760075287,1,12.7145173546516,1,5.29839609357746
1,5.52474202831485,1,12.9365701985278,0,8.4065554088131,0,13.42087942991,1,5.4810994071491
1,6.15614111726511,1,12.9365701985278,1,9.02926321687333,1,10.5954311288763,1,6.39461597500728
1,6.94538997845295,1,15.3196226035197,1,8.09520150478299,1,12.2436093044793,1,5.29839609357746
1,6.31399088950268,1,11.9152620249598,1,7.47249369672276,1,12.2436093044793,0,3.65406627143273
1,6.17574113155412,1,12.9013853397161,1,7.93567485995294,1,9.80858159202258,1,8.07369178847216
0,5.84191728660525,1,11.7795257449582,1,7.93567485995294,1,12.1316667059227,1,3.74146692636515
1,5.84191728660525,1,12.0599906436477,1,8.24089312379729,1,12.906028410556,1,9.05828834804194
1,6.50956497650299,1,11.7795257449582,1,8.85132965148597,1,13.6803901151894,1,5.31682142167679
1,6.67647689897743,1,11.4990608462687,1,9.46176617917466,1,9.03421988738922,1,4.13530555019306
0,6.9680817872376,1,12.5736942932969,1,7.31956543842167,1,10.4055406578721,1,3.43392297465698
1,6.76899373617367,1,12.5736942932969,1,8.61125345696668,1,16.3515638909419,1,5.53243145916958
1,6.17172958298188,1,13.4509287788758,1,7.31956543842167,1,14.6173071146299,1,3.62469647324903
0,6.56990568510974,0,14.3281632644547,1,8.18069078411834,1,23.7840929322792,1,9.53867492960272
1,6.56990568510974,1,12.281282798104,1,7.75012811127,1,16.8470658270311,1,3.43392297465698
1,6.51171117546458,1,10.185632890547,1,8.94594198768232,1,16.935204303628,1,6.95512801014216
1,5.98373459367016,1,13.4959635799748,1,8.94594198768232,1,14.0729162523106,1,4.88738725037016
1,5.80774239973868,1,14.5145268690295,1,8.36878444008991,1,20.0360163592219,1,8.64691590450106
1,5.98373459367016,1,11.9681186463928,0,5.77157547592408,0,10.7335801924403,1,6.57917514472907
1,8.27163311477933,1,14.0052452245022,1,8.94594198768232,1,14.0729162523106,1,3.3835757887178
0,5.06173972677808,0,10.4055002637722,1,8.34924082565368,1,13.4189549357945,1,7.49150590503797
1,6.59560025004416,1,13.3785003391357,1,9.54198951503278,1,12.7899414231791,0,6.72314632503407
1,6.28882814539095,1,14.1217503579766,1,8.94561517034323,1,12.1609279105637,1,4.22597769002142
0,5.3685118314313,1,12.6352503202948,1,8.34924082565368,1,10.6932297144612,1,3.45761811001753
1,7.2091444593506,1,14.6172503705372,1,8.05105365330891,1,23.6928423085121,1,15.5592814950789
1,6.48837807267393,1,15.3537497771258,1,7.9132299392055,1,10.8933607429469,1,3.23468309404259
1,5.73391550608394,1,16.6549150124754,0,8.30889143616578,1,15.1021592118128,1,3.63901848079791
1,6.33748555935593,1,9.1081566474475,1,7.51756844224523,1,9.65547884033931,1,3.43685078742025
1,7.09194812594592,1,13.0116523534964,1,7.51756844224523,1,13.3691245481621,1,3.23468309404259
1,7.09194812594592,1,14.3128175888461,1,7.12190694528495,1,10.1506316013824,1,3.03251540066493
1,6.90975880647389,1,14.8990522435647,0,8.66602696373873,1,14.1097737532424,1,3.09459700828292
1,6.74122810387696,1,12.4158768696372,1,9.78422399131792,1,13.1845426874561,1,2.90118469526523
1,6.90975880647389,1,15.8923223931356,1,8.38647770684393,1,10.8714650229901,1,5.22213245147742
1,6.74122810387696,1,13.4091470192082,1,8.66602696373873,1,8.09577182563092,1,3.48142163431828
1,7.07828950907081,1,13.4091470192082,1,8.66602696373873,1,13.1845426874561,1,3.2880093213006
1,6.32752448508687,1,12.1605933154723,1,7.09202653933622,1,24.1041145570102,0,2.68545625583693
1,6.82706589180426,1,12.9368013994386,1,8.86503317417028,1,14.5579305740359,1,4.02818438375538
0,6.16101068284775,0,11.384385231506,1,7.68302875094758,1,17.6604403685025,1,11.8927348472778
1,6.494038287326,1,12.4193293434611,1,8.27403096255893,1,10.0234931821231,1,4.22000268774373
1,6.16101068284775,1,12.9368013994386,1,9.45603538578163,1,18.8537133663743,0,3.83636607976703
