"cov_n100","len_n100","cov_n200","len_n200","cov_n300","len_n300","cov_n400","len_n400","cov_n500","len_n500","cov_n600","len_n600","cov_n700","len_n700","cov_n800","len_n800","cov_n900","len_n900","cov_n1000","len_n1000","cov_n1100","len_n1100","cov_n1200","len_n1200","cov_n1300","len_n1300","cov_n1400","len_n1400","cov_n1500","len_n1500","cov_n1600","len_n1600","cov_n1700","len_n1700","cov_n1800","len_n1800","cov_n1900","len_n1900","cov_n2000","len_n2000"
1,37.6911728742799,1,27.0130854664199,1,28.2812314295415,1,25.258743595844,1,24.4500238132046,1,29.3436127427588,0,24.376438410392,1,29.4829487080924,1,24.6256163619967,1,24.9136557474262,1,25.4418883123452,1,30.0996111845063,1,29.1947602503427,1,26.0872417352773,1,30.2065181581547,0,23.9820309931991,1,23.705828178975,0,24.5541179032611,1,24.1048297124929,1,25.0275032988204
0,35.3262553446115,1,29.857280376382,1,25.6493445868936,1,25.95443748622,1,32.1603225583655,1,25.2557945568634,1,24.5264453457271,1,25.594523022194,1,28.9922643344567,1,24.4524861003514,1,23.8522645070007,1,24.7073798477027,1,23.5429100904196,1,29.6331501745315,1,25.1337000994598,1,25.6456307000087,1,24.5100752393693,1,23.8150375621305,1,39.1707944738972,1,24.722000807218
1,37.6807723886942,1,28.5647507556643,1,32.4782075110887,1,24.8774873859166,1,24.4131996466214,1,25.1755143613728,1,26.0549172853213,1,24.4479717940806,1,30.7969978162824,1,24.6359374887192,1,24.4223154393929,1,24.8502838247615,1,24.4592542379967,1,29.9309539393402,1,30.119062231715,1,25.9473565672545,1,24.0051132072967,1,24.0467639972129,1,24.8964489818713,1,32.9492487335611
1,39.8536752685254,1,27.6259292338948,1,24.9514657526121,1,24.8042770843838,1,25.423686161018,1,25.9305049053708,0,33.9750478721492,1,28.9566508683719,1,23.4209531195776,1,22.5322163133994,0,23.6003133644056,1,28.3181793867326,1,25.808244153189,1,23.7238895583428,1,26.1559337560965,1,24.6697214971072,1,22.4519661002486,1,23.3469453348508,1,24.1247073006231,1,24.5202044736992
1,37.069078320458,1,27.8369770171858,1,29.2150349840671,1,29.3690296686244,1,24.6994722560971,1,24.0368288500085,1,30.3281304720389,1,24.170728919235,0,25.1159727556042,1,26.0542214843391,1,23.9395882069676,1,29.1757832995008,1,23.3827511887615,1,30.2048044806694,1,24.276903493116,1,24.1290302820319,1,24.8465813438046,1,24.1626739335478,1,23.1431804923646,1,23.7264013031382
1,46.5650971211525,1,30.6833180125451,1,29.1359581121796,1,25.0195766877452,0,27.321692688925,1,23.5925844193097,1,36.8720713647636,1,28.4359597921353,1,24.0545181997708,0,24.9714188075081,1,24.1645907888365,1,29.8492730391524,1,22.9675808112304,1,24.5154696755377,1,23.4535494392193,1,23.9901319183413,1,25.113361340538,1,24.5640287924152,1,25.2466484273134,1,24.3162126343231
1,40.1531529468401,1,35.0048416691873,1,30.5299307440723,1,38.7438743187967,1,25.1470514529598,1,25.8934667315785,1,30.3544795991046,1,25.6866014456043,1,29.3977973523241,1,24.5113978597984,1,24.7510330916907,1,24.0653280819208,1,23.6856445422945,1,24.9325228972669,1,24.5860571357699,1,25.6231238266687,1,23.932523341209,1,30.3110202114925,1,23.6008351177064,1,23.697924950434
1,37.1962577231154,1,30.3051584073169,1,25.2539319178358,1,23.4819613726748,1,24.3980836341031,1,23.8035128471875,1,29.3357367064346,1,24.4387005467931,1,29.1141716229159,1,25.2486609937675,1,24.545921909181,1,24.2217524327551,1,24.2010095982034,1,24.9345669346784,1,24.6785554980984,1,23.5465066925835,1,29.8136137789505,1,23.4161475938651,1,25.0110938262325,1,24.7054999291455
1,34.7112776079199,1,36.8609865840935,0,30.2201822121327,1,21.7632789148043,1,23.2308134432586,1,24.5110441627881,1,32.9145429989633,1,25.1856287306159,1,23.6360234105124,1,24.3296646511979,1,30.5096769962696,1,23.7916676966125,1,26.4417267083079,1,30.0779247425711,1,23.8446945112701,1,25.0305600588909,1,24.2758553992523,1,29.9842732389616,1,23.8902308028747,1,24.1002398355721
1,42.9153908952474,1,28.951021071163,1,39.6600521660298,1,28.4759113185183,1,23.3149444047698,1,25.917590056033,1,24.9830032188356,1,23.3540339427211,1,28.0399545327762,1,23.3511578347593,1,24.7938697278985,1,24.3159631677793,1,29.4479456227815,1,23.7986138334028,0,23.8814130277942,0,24.2884360205762,1,24.4629529311405,1,24.5718890783233,1,29.6748702759228,1,24.3059099408192
1,41.1510448656804,1,30.7351088173566,1,31.4112543092308,1,28.523876018063,1,28.2059868555716,1,28.3219634237958,1,29.523630049659,1,29.5738171147277,1,22.6283864694068,1,24.9982459716377,1,24.8308305984559,1,28.2365326584859,1,23.8055831933514,1,29.5271663051486,1,24.1641149472224,1,23.9826089852757,1,25.5327259290048,0,23.9700352126843,1,24.2200138490294,0,24.5033693986289
1,37.9242186032634,1,34.0825038062387,1,27.2422984462471,1,28.6644658829598,1,24.7459501213653,1,24.2332558007949,1,27.8083861577806,1,24.2098936059797,1,24.9126662735262,1,31.325148518054,1,23.5722087461562,1,24.0264913908414,1,23.2941733722615,1,25.0252197995581,1,24.7014408777822,1,28.8442470450366,1,37.3657066081028,1,24.0579477048044,1,23.7475446138275,1,25.3840539196951
1,40.2059994328193,1,39.7545343253182,0,24.813252747766,1,25.7513547875522,1,34.8246858199033,1,24.3089251928527,1,31.9552094162896,1,24.8966637590201,1,24.562210240287,1,23.1909792921417,1,24.0351051219626,1,28.9136451736626,1,24.7810841205408,1,23.3544579322061,1,24.3920148176452,1,25.6290808063578,1,22.1601884607325,1,23.0130897924135,1,30.3895435838896,1,23.1969024804274
1,36.7195873339581,1,30.4224993070163,1,27.9626530404225,1,31.9108227243107,1,24.7145254194851,1,28.9691689133331,0,25.7467644401596,1,28.4607608791741,1,34.9881459102756,1,23.8827198336259,1,25.2147014527175,1,24.1836341962957,1,26.2159286009766,1,30.0702020101324,1,26.0318839569545,1,24.0565598057226,1,24.3146585549427,1,24.4193808146323,1,28.6241339499961,1,24.5149225562086
1,39.3044073999529,1,30.4253673071394,1,28.1474863122957,1,24.2413944124844,1,24.850734511642,1,30.0448842696495,1,23.7922778474728,0,23.9727200683474,1,25.6865332507974,1,24.09759032075,1,24.3064403842642,1,24.2963149991906,1,25.241489583241,1,24.6578997896263,1,24.5059228505381,1,25.9261045827928,1,30.4063239148351,0,23.7329560770202,1,25.2691645451564,1,24.2965878602605
1,39.7217837930935,1,26.9908933533183,0,27.9144532773625,1,24.1430308274815,1,26.0355858798729,1,29.1804554427318,1,24.6851579508024,1,30.6977676935684,1,24.0875242381262,1,23.8768772126006,1,36.8519760429415,1,25.0435424410553,1,24.7851968855533,1,25.0722456680231,1,23.8378313212393,1,24.8640927402949,1,24.6164056149786,1,23.8227457003107,1,25.4044207704582,1,22.9787850136982
1,41.0453778116353,1,27.6490467854312,1,25.9054139934498,1,30.1706160114764,1,25.1734087786456,1,26.1855764343189,1,24.5902398860908,1,24.3999521117821,1,23.6396068196038,1,24.1020114610815,1,24.0254836266657,1,23.3592221675734,1,23.9075380058013,1,24.92338662405,1,24.6208921586016,1,25.0173422282427,1,25.8434441162636,1,23.5813974526113,1,25.4605152885759,1,23.7998866087878
1,40.1635040351153,1,35.2955589443519,1,25.5959785783112,1,24.9061823656911,1,24.4677399385522,1,29.2474070587264,1,24.3628513250458,0,29.2531244333999,0,23.1548726396226,1,30.2935516066388,1,23.5854988654943,1,28.8624039444361,1,29.1717368884313,1,29.958302335727,1,23.6218517949719,1,23.8171264630684,1,24.4734260475445,1,23.7147508636054,1,23.757018222263,1,28.8050404744787
1,38.0122374535517,1,30.4587379501199,1,33.4350447186048,1,29.3937127517917,1,27.9853320064118,1,23.4666523340928,1,24.0768514159581,1,29.064207618997,1,24.4812177437436,1,33.1410951374289,1,24.4553651015511,1,23.3381495111425,1,24.3894404547193,1,23.4878824541937,1,23.7567540334399,1,24.9390262062204,1,23.9963136200828,1,24.4628018942493,1,24.1011608292453,1,24.2325788516391
1,37.2782336398345,1,32.1331056484319,1,28.7917381085257,1,29.1586305004016,1,24.4530236037213,1,24.2397301615708,0,23.0215267565865,1,24.9385611516942,1,26.1003285859246,1,23.8408298110322,0,24.9280101470784,1,24.4098121376662,0,20.4323580166707,1,30.2720043933064,1,24.572247247695,1,24.6815638020544,1,29.4465402462796,1,23.610230989558,0,24.8521384709802,1,24.7816735845305
1,34.5368774625641,1,37.0729113762258,1,26.0274406200105,1,27.7840084812781,1,28.8005040885456,1,24.7714985064933,1,23.3150399705647,1,28.7992512224475,1,31.67350334594,1,23.4010228876082,1,23.9512167612574,1,31.7466377150312,0,24.9185599428824,1,24.247757255325,1,23.4840302548358,1,23.4044429512846,1,24.2048882841434,1,24.177597608411,1,31.4838142580077,1,25.467319810742
1,34.6184869980457,1,27.3113127547695,1,25.0026473447775,1,29.3774653858964,1,24.8565621508974,1,23.7563426594004,1,24.4926940629524,1,30.3729827567592,0,23.4050594677893,1,24.9303385770365,1,23.3769127519115,0,23.6060604469513,1,22.49535197863,1,24.2653316989635,1,24.0597960384993,1,24.6047329640831,1,24.0038812611124,1,24.7349883075449,1,25.0987603213808,1,26.0340735752761
1,36.9290126137339,1,31.9471160837675,1,22.8708452789928,1,26.3233441229875,1,24.470605706234,1,24.1658593587667,1,24.6164391690761,1,30.1073859842278,1,24.6406371212902,1,24.5131025694403,1,25.5470567568456,1,37.0124810856787,0,24.7502094265815,1,24.6406796679179,1,27.962925751333,1,23.0616019436221,1,30.1598527430843,1,23.7596663257789,0,26.2110908645545,1,24.2184248596885
1,39.1882762957019,1,28.7006338708128,1,24.2234056807387,1,29.3986354327073,1,24.4194251713305,1,27.8026768911962,1,28.4421579858317,1,23.9350248416646,0,24.1512527949032,1,23.8436658961289,1,23.8358262405565,1,29.8550915140547,1,24.8173924057034,1,23.9793002264411,1,25.5545422068745,1,25.632573976059,1,26.0741288660923,1,24.1484107047201,1,29.3628424641794,1,23.9356257193229
1,30.0636814621518,1,26.7835142384633,1,30.6660244674187,0,25.0621896364953,1,30.8863521209917,0,24.4118309767483,1,29.0200320474865,1,25.079391288233,1,31.8311958989451,1,24.5455877549634,1,26.7659319046015,1,26.753971327216,1,24.9794028190569,1,23.869832996069,1,25.4556041580282,1,29.317910897493,1,24.1512243558039,1,24.3448860901529,1,25.0310314475775,1,35.0570954810797
1,41.8325678480722,1,29.8884224806759,1,25.3520523874454,1,28.5471233892593,1,23.8879250770973,1,30.8223489843011,1,23.6573031273211,1,24.6079921758468,1,25.2945684311934,1,24.5117371591846,1,26.1577620380427,1,29.170718621564,1,25.5654429039869,1,24.1325829137766,1,30.0156686420928,1,24.9572412845909,1,34.1536662936889,0,24.3885336475233,1,24.7495905811854,1,29.7424850113192
1,36.4409118078598,1,31.1039881841839,1,28.2753506103008,1,28.8988090055708,0,28.3573076280559,1,24.9289343564109,1,26.5759350115968,1,24.1337846741901,1,29.4244937774061,1,25.0503976925144,0,23.1450305826673,1,23.9474193159201,1,25.0848729757279,1,23.4639215379208,1,23.6690290471187,1,23.8674530632661,1,24.3475782505079,1,23.004557990359,1,24.9399128263406,0,23.7255770127954
1,41.0731539741308,0,25.8783258554637,1,28.2085962215575,1,26.1542840105996,1,25.0548290763325,1,24.4110684890124,1,29.596583058945,1,23.5732606171283,0,23.2448378863483,1,25.6730258447702,0,24.2373119057808,1,28.0239838229008,0,23.9172939892725,1,25.0701299258199,1,23.4418800878292,1,24.0224542325888,1,24.6966918679588,1,23.5369502082378,1,23.0290824145927,1,21.9196102801696
1,39.0727036487682,1,30.5437749648741,1,24.5219216615979,1,24.959849578802,0,24.2510191052632,1,24.7338944260254,1,24.8684565968449,1,26.2170804529593,1,23.855341049642,1,24.0236027412134,1,24.4321452090114,1,22.4406889757889,1,23.5139063367659,1,25.6149116916479,0,24.3552784357506,1,29.0104517882839,1,24.1531631291542,1,25.9981135345311,1,19.1808675695909,0,25.1376205492697
1,37.7709242464707,1,34.9847885138905,1,23.7679578548634,0,23.9382830486416,1,29.8897404842435,1,25.9676610440449,1,23.9627186841989,1,29.7868590237245,1,24.0044435124633,1,28.1340071685974,1,24.9587806443603,1,28.9663514380611,1,23.5292930609206,1,23.799482664051,1,25.0268589902145,1,29.7009070787983,1,25.5826720660524,1,23.8298775668601,1,24.2917271960814,1,31.9248851899752
1,38.3305945342491,1,30.8789226326779,1,31.3996442987613,1,33.4211126136651,1,24.2693958976605,1,26.1223298091251,1,23.5220085831635,1,25.0090396339012,1,23.6193856261596,1,24.8467913075191,1,23.7168325112432,1,29.8074328691143,1,25.3530044384966,1,24.9132853119823,1,24.6883788769733,1,24.322334017117,1,24.5065806892012,1,23.6247214172027,1,24.9298892352606,1,24.5889278985977
1,35.5711600225058,1,27.130095327861,1,30.657850588591,1,27.8036335793604,1,28.1289383181453,1,28.9062663498003,1,30.4818926772368,0,23.0518117661793,1,23.8109635950982,1,27.3278378935716,1,27.9456635591823,1,24.3178633155269,1,24.1469715720864,1,56.7762462516963,1,24.5693357867993,1,24.0739957515945,1,34.0433733455668,1,24.6072994991241,1,24.0141638043489,0,24.4906851289159
0,37.6336811921454,1,31.5455763101246,1,24.0458624897411,1,30.2810896400064,1,33.4892539174491,1,29.4962057469141,1,31.573856317204,1,24.4878461901161,1,24.2958082452403,1,27.1781375512717,1,23.7267915210958,1,29.6029884963803,1,20.5372805584203,1,28.2498234498291,0,24.3953047711218,1,24.0659932233866,1,25.0381203460402,1,24.3419427649386,1,24.4683690116941,1,21.1324686415738
1,29.4588468745648,1,27.8938013378422,1,33.5424265191,1,27.4217055326042,0,24.5555117536926,0,24.0099936589647,1,22.9438291724076,1,25.4931538554096,1,23.557678390984,1,36.1640521335798,1,23.9842318806427,0,24.1583408673011,1,24.023305355034,1,23.5304160086889,1,23.8171860898817,1,28.6758049770306,1,24.2858014653563,1,21.4995851603713,1,24.2114811695648,1,24.0897274204252
1,42.5700647334596,1,28.1254347452042,1,33.1325561843469,1,24.714312538682,1,25.0043925198271,1,29.7740500938839,1,25.2721813608426,1,29.8474827214737,1,29.6157360133976,1,24.8101255965678,1,24.3982939166886,1,23.426588721614,1,24.5648089352516,0,24.3102230104714,1,24.3095981169353,1,24.0587717250746,1,24.048814176867,1,24.359719825113,1,25.4137229847743,1,24.0839492713241
1,35.3061638035342,1,35.0542882113287,1,28.8880902595582,1,24.2844332304772,1,23.1047288836056,1,24.2261621872064,1,23.9580069348818,1,28.6170453161967,1,26.5865829116379,1,24.9325213768951,1,26.2140580461179,1,25.6840109269858,1,24.1088411168455,1,29.758953228295,1,23.8774249506902,1,29.4719320500762,1,25.5880529696699,1,23.8506219680282,0,21.5021279019771,1,24.3063681478933
1,33.7132841528144,1,33.9931827992546,1,24.3205857055935,0,24.3857099201314,0,28.6360647992956,1,24.3146599009037,1,25.4889927530206,1,24.4910611485505,1,24.7309485197358,1,25.1989032329521,1,24.1226417196521,1,24.6800469731677,1,23.7274655428462,1,29.3007927169556,1,24.7696983986382,1,26.6374675674127,1,24.3981604897521,1,31.6087391950739,0,23.1279414588585,1,24.5845675686423
1,42.3922965404345,1,32.8689925185419,1,33.3035080480951,1,29.4391960487,1,52.1576525067742,1,29.0916858224112,1,24.9857382956402,1,28.9177568357659,1,25.2363574717799,1,27.1041203534134,1,24.4819618682525,1,23.5426453892552,1,24.0265283507601,1,25.546156039099,1,24.745711542541,1,29.3053792000774,1,23.7635815337764,1,24.7706625111903,1,24.1612901405127,1,25.5164041227153
1,30.3955667313607,1,32.5144662042078,0,25.8637704315595,1,36.1574597895848,1,25.1018215949516,1,23.6868562106948,1,25.289707975792,1,24.5984812670194,0,27.4838888351826,1,23.4920020800299,1,25.5286847981705,1,24.5315710110549,1,23.1477151022116,1,29.2328519417156,1,26.8889294529353,1,30.909577071591,1,25.1176191425799,1,24.0181077361258,0,24.636545478393,1,24.0767394797353
1,39.4177952530856,1,30.891493047657,1,32.2186999349858,0,28.5818010920323,1,24.2363061305334,1,23.8553130642304,0,24.3235330152541,1,27.8810285462561,1,24.497036941427,1,24.4326109627938,1,24.3327323478114,1,25.1068164812398,1,24.2901353914479,1,24.7583584563108,1,24.4342678435686,1,23.3464032335325,1,27.1405235850642,1,28.0486451062485,1,24.8764780684069,1,29.0948746287046
1,36.0143579485531,0,27.9071340620384,1,30.3357390197459,1,29.3072066794455,1,26.7455210259234,1,29.2556779610265,1,26.2708137665663,1,24.3124138396159,1,23.5208102448149,0,24.9791569074487,1,24.9100815594438,1,23.4082336413396,1,22.6031126094202,1,29.9879209297946,1,24.009051039416,1,35.2143164331986,1,24.9592804548567,1,24.1381779375263,1,28.3910709184753,1,24.1233409050513
1,39.6613965513163,1,35.7117112332048,1,29.2898647229784,1,25.9409966582693,1,28.2519292708656,0,25.7041407507715,1,29.6835664646512,1,23.7619643300266,1,29.7809073397988,1,24.5809706599071,1,24.5342319718318,1,26.6914996210692,1,30.4358530361308,1,24.5637292770289,1,23.6339505844027,1,23.6104923895752,1,24.2741766159615,1,24.2536023233848,1,23.6719986156832,1,23.6348814440427
1,34.0318683124602,1,29.9655031060473,1,35.1424317624323,1,29.1845461487881,1,50.1928311173787,1,24.4380407541876,1,24.2364139345964,1,24.2517822273956,1,24.7185757111715,1,24.7614335941899,1,23.5152143086398,1,22.9515961944639,1,24.1276197767036,1,21.9014564102595,1,24.5771867129857,1,24.5952519307761,1,30.5728207914832,1,24.0732063250846,1,24.0426360061587,1,24.3538250803277
1,40.1694238295225,1,36.2099080317258,1,24.6513513462188,1,23.7597915362919,1,25.3412423059596,1,29.0553761631983,1,29.6714956528083,0,23.3117279725581,1,23.5032013526565,1,24.3132031881774,1,30.1684582285967,1,29.1744143487556,1,24.6773597531038,1,24.0589691845625,1,25.7125962764656,1,23.9249103827884,1,23.7444929815269,1,24.0368620173429,1,26.7626171321173,1,24.8303484843839
1,38.8440643361429,1,28.6226005975731,1,30.6550718043548,1,33.2092654102931,1,25.4750265504672,1,23.3264737035887,1,28.35785509147,1,23.9827785527108,1,23.6729745280751,1,25.71293204251,1,24.3424374069524,1,23.5127302920848,1,23.9635143880036,1,23.5245399985237,0,23.9197917114662,1,29.2459422727559,1,29.2402119412821,1,24.9343386567044,1,24.2035505669773,1,24.0309587430164
1,40.8448907143647,1,27.5458712705228,1,27.9436196147406,1,27.9592305887523,1,32.7629674358623,1,25.0779111093819,1,27.7029113026191,1,23.9213085112198,1,23.1232198336269,1,23.604811637808,1,24.6051017859282,1,24.3882180910336,1,29.9058102014018,0,23.3175043172099,1,25.3327748710191,1,24.6612824859167,1,24.1036778358641,1,24.1200028371155,1,23.8629688566509,1,25.6361287135839
0,41.9523548321312,1,27.188469220508,1,42.8199458376082,1,25.3659714553064,1,24.9403074491509,1,25.1938413215287,1,24.9989307718965,1,29.1842412044617,0,24.4878241780252,1,23.4187185977387,1,24.4545408602079,1,30.2644266419031,1,23.5588165589304,1,29.2668179661039,1,25.3756400041847,1,24.1258199765998,0,24.0385595838628,1,23.7675200981746,0,24.5412334283972,1,25.1884844206318
1,36.6011274428929,1,29.8256651878011,0,23.8782501451044,1,24.4917435470557,1,20.8361427919032,1,24.4698322989857,1,23.8164419715598,1,24.5357099844495,1,29.0785296960439,1,29.8841465658742,0,23.9720276575809,1,30.2130960950563,1,25.4583516259142,1,24.0525616781425,1,23.3531106609078,1,30.0264160820251,1,25.1954306945285,1,23.7635809849963,1,24.2712676899073,1,28.8579954645241
1,41.8427981264529,1,27.8442554704397,1,36.0889326393537,1,33.3667438181408,1,27.0677182374192,1,28.9092706005654,1,28.3246197018046,1,24.7649825284715,1,24.1835310895494,1,40.358725163958,1,25.2673787505226,0,25.13948905833,1,24.0366949978625,1,24.645025466854,0,30.7357250821176,1,23.4883548194713,0,24.2989903407546,1,29.0033071772658,1,24.937614417252,1,23.8378662378475
1,40.6374027908053,1,31.6662321761787,1,22.5145943940169,1,25.3259853294773,1,23.9440612149629,1,32.6302097281601,1,27.9201714639223,0,24.4413128250561,1,24.1851507161252,1,28.3210677683397,1,25.310784527546,1,24.7007064923318,1,24.0398048185233,1,23.509925892759,1,24.6341798479557,1,24.4329598925538,1,24.4099251916814,1,24.0997613223236,1,26.0819511595636,1,24.8403406958192
1,39.1722935046739,1,35.2503742213303,1,34.6564627678018,1,26.2591065013761,1,23.9017178220538,1,24.5084070180676,1,24.2496590800491,1,24.9411143788239,1,29.5243302239869,1,23.7993776639472,1,23.8008234507851,1,23.8326909161164,1,30.1404935189671,1,29.4526373336999,0,24.0212625289504,1,24.4004938950615,1,24.6043348515748,1,24.078846161632,1,24.1541850264407,1,24.1008744468206
1,38.0367797358978,1,29.6060987470804,1,31.6541477689895,1,27.8034566505401,1,23.7947015302162,1,24.0784275217102,1,24.6705486205569,1,30.6317759813056,1,30.1718575369805,1,24.6634010679826,1,24.2935324770984,1,29.5144427241722,1,23.3883519656783,1,23.1111827763037,1,29.0934155435052,1,25.5305997473906,1,24.3116270902806,1,23.8069380568815,1,26.9738746802118,1,30.216190418727
1,38.4316744563405,0,26.3830210776471,1,47.2384303849892,1,29.8049364286877,0,28.6566684900452,0,27.1811506515745,1,24.1648423132516,1,24.2124677905522,1,24.997089008746,1,24.3114167200465,1,26.8996881402981,0,24.0737463875041,1,23.6531551770709,0,22.6665233663826,1,23.2074585417993,1,23.4841757482134,1,24.9341313280415,1,30.4957998424181,1,23.1291784938742,1,30.133223671052
1,35.5932914906408,1,29.4128554091076,1,30.5488414693349,1,24.7945892046447,1,28.2250397909935,1,25.0175729467642,1,29.0280610151302,1,30.5509945599943,1,23.7571649413661,1,23.5555195177701,1,21.5465187696673,1,24.1595325452978,1,25.1592814811548,1,24.4287081780117,1,25.6831367841749,1,29.2197651986052,1,30.7182272365657,1,24.2185329609143,1,24.3634229011264,1,23.3378107561413
1,49.100275080448,1,33.9970621447589,0,33.3098979826759,1,28.0383978794243,1,25.886182269332,1,24.4986694541551,1,24.1436927019662,1,30.1109206394244,1,24.6266983330974,1,24.5435213994621,1,25.0555494284171,0,23.3906075988389,1,26.3731823882486,1,23.7668760768667,1,24.8757945673023,1,25.9302312666896,1,23.1589794161962,1,23.5238309686663,1,23.4211571693394,0,24.0555805043936
1,39.4548285101696,1,29.547166312774,1,25.5222154131736,1,29.7777333233018,1,26.0298248343338,0,24.8815291906193,1,29.729639377178,1,29.49682988115,1,23.5855415265917,1,24.9772281464073,1,23.7175213650745,1,26.1543439523162,1,24.9966897964339,1,25.5309487487527,1,24.2250667136276,1,28.6706982953196,1,24.629020739578,1,26.3146711888284,1,28.8558460242532,1,25.4271742869883
1,33.8027153634384,1,33.2995894928806,1,29.7494987289869,1,25.6998535016316,1,25.8373253308235,1,24.3345757147373,1,24.3700789710437,1,24.0763250897517,1,24.432697818684,1,28.9597699109996,1,28.8316390080064,1,26.8159379241893,1,37.2351355560464,1,24.9432894457426,1,24.9184623540516,1,30.0396471442163,1,23.976334767281,1,24.3068045649451,0,24.7154254910852,1,25.218544140652
1,34.4255837303216,1,30.1062920156328,1,31.1551606452252,1,28.0897673862452,1,24.0002144017895,1,27.1807584715386,1,25.5466678658027,1,23.7918312220837,1,23.6403702306077,1,29.0970059672916,1,38.0716149603055,1,22.9301150868044,1,24.0448716184691,1,23.5049401456677,1,26.0854294954336,1,23.3835349486964,1,29.1698031360151,1,24.302232448978,1,24.6198767515253,1,28.2031554234901
1,34.9230140825949,1,31.4681215096429,1,26.3540099383937,0,23.5132639913154,1,24.1561515402414,0,24.5907269406331,1,26.3538581724438,1,24.004371524189,1,25.3733018470993,1,24.741833715849,1,28.1835130078131,1,25.3351178462974,1,24.5474650843431,1,29.0222191352503,1,28.9223405858075,1,27.1516505854106,1,23.9316396649561,1,24.3644417072086,1,24.3549626580823,1,24.0189891289027
1,37.1674943357487,1,29.210816651932,1,29.3772329032055,1,23.9556573267457,1,25.4689576166205,1,30.1028794470156,1,25.9145429750421,1,24.7646577291582,1,25.1969053025101,1,24.0172938329471,1,24.9976385256939,0,23.9825890003554,1,24.6667229986661,1,28.7957661217712,1,23.6688913680612,1,29.8599900603315,1,29.2693806310028,1,24.5015856079795,1,28.968836726994,1,30.083046065552
1,36.8051344056712,1,29.3834841184412,1,31.8775496416807,1,30.3896084363804,1,24.5185987435656,1,28.6434003287126,1,24.6648770763187,1,24.0029281289956,1,29.3559743921992,1,24.455400679268,1,26.0030661825635,1,24.0011828839145,1,24.6415398131744,1,22.0370703738705,1,24.106839936787,1,23.8784018957595,1,25.6122120810066,0,24.4968690690197,1,29.9926448759601,1,24.3423505477379
1,36.8636053392295,0,31.2383000484381,1,25.6274284231983,1,24.4311457825742,1,23.9201100740654,1,27.8905911284488,1,24.7099038130527,1,24.4236556607819,1,24.2057201381431,0,24.3501029787725,1,29.9918364012028,1,33.3601906663453,1,28.293845732236,1,23.9291119214906,1,24.5689291322063,1,26.6055604051418,1,24.5319406167485,1,25.0902856412157,1,24.5449211983274,1,24.2561603963109
1,32.5637688185988,1,33.6344621528077,1,25.1659940787037,1,27.1156551574315,1,24.7450701420578,1,24.8501711876397,0,21.8180030917906,1,26.9094016004446,1,28.128822849321,1,25.559445579708,1,23.8355182629949,1,27.3155142774175,1,24.725868194489,1,23.2206751687495,1,24.7329971948947,1,29.9174483464923,1,23.7084297318767,1,24.5417648451929,1,23.7317045970182,1,25.2073209856322
1,45.4524234222203,1,31.8262969910974,1,34.5177010814527,1,22.0467439714961,1,27.2596984589853,0,24.7825444467877,1,30.2139585261875,1,24.5896682725365,0,24.6843570347973,1,30.3903199013876,1,24.638782866822,1,28.8237550404301,1,25.2711544752683,1,24.1489709628367,1,24.1091340055238,1,24.9012026535459,1,24.0194518822302,1,29.5783586941037,1,24.0951712391133,1,23.9233515732086
1,41.6735374798881,1,34.2304080442344,1,28.5062698992253,1,28.889440555161,1,28.9664171765522,1,29.7466149826485,1,23.7808486408047,1,24.2134473058851,1,23.5165291291806,1,22.3957344643467,1,22.8788439277557,0,25.453948332064,0,24.1744115444017,1,24.1191483075428,1,24.5456021373366,1,24.4041034668596,1,25.4056016034531,1,27.5167576410895,0,23.9992887852614,1,24.3086900414374
1,41.6722226693321,1,31.0264306198308,0,22.1980305875269,1,33.6082679103874,1,27.7179524844456,1,25.6373901592639,1,24.0490558413862,1,27.9812578470966,1,23.4353115355271,1,29.8317070124406,1,24.2868114053618,1,24.5715444597906,1,25.0545518940677,1,30.2274395219957,1,24.6519032073186,1,24.1983838755262,1,23.492818404343,1,24.7504831536139,1,24.4459082888664,0,23.7480660974864
1,36.9715281019794,1,34.0175242423404,1,26.9015032285589,1,24.4930544638212,1,29.6610938586636,1,28.7524044473352,1,28.5751022105247,1,28.829260592473,1,33.3428234859657,1,23.9941445998452,1,23.6935889894686,0,23.9838783004859,1,22.9948288076349,1,23.9159121296974,0,24.112403646733,1,23.8521103686344,1,24.2387634151651,1,23.6225017088063,1,24.4718785078454,1,24.8378149713914
0,42.0379899799607,1,30.4216941131894,1,28.7427804897067,1,24.2048316254631,1,24.5807388555478,1,24.7453231741189,1,24.2090555752255,1,24.4237795979679,1,32.62669942752,1,29.4646367685738,1,23.1823935239183,1,24.4350250118339,1,29.6116694846518,1,28.4854634364741,1,24.2621687371831,0,24.3734309179902,1,24.1946088066976,1,24.4416660259971,1,23.9403645959275,1,24.4360357813418
1,41.2420739646588,0,31.437272524728,1,25.9856713227613,1,27.7459933294426,1,23.6361888523685,0,24.3256602614088,1,28.4329717692966,1,28.2520068038608,1,24.6230344156769,1,24.3221106430524,0,24.131042699088,1,24.9113173278556,0,24.5763674543698,1,21.3995836442158,1,24.757517329208,1,24.5482581536745,1,24.6600065502302,1,23.6798112744209,1,25.2342250265444,1,26.7751316297198
1,41.110489918943,1,28.6371641265967,1,23.8713870035311,1,24.0447579069726,1,24.7205251624978,1,24.4846671868127,1,29.0158941847146,1,23.6675388114247,1,24.2836807152164,1,29.3408983773456,1,24.5806910168518,1,22.8222470114081,1,23.713390951535,1,25.074279499535,1,30.5069546746982,1,29.479649188983,1,29.4231370889061,0,24.0864967223742,1,29.3442750666287,1,24.0836474782909
1,34.4977586720869,1,29.8345943102328,1,30.6803566644207,1,25.7885236289022,1,25.2972913365142,1,24.8798223521525,0,24.2080151495261,1,29.397463538561,1,31.0519330257215,0,26.2358092268116,1,29.8393921863779,1,25.282904770848,1,23.3622464958643,1,23.2890654483076,1,24.745224934304,1,23.4776674391449,1,24.7770465482526,1,24.3358829321074,1,27.6956079303682,1,25.4058914480813
1,38.7551564597271,1,31.8598522089386,1,36.060089218777,1,29.5212810689073,0,22.0383481071123,0,23.9182244714371,1,26.2142662345108,1,28.4598184643727,1,29.3049508617305,1,29.770061684466,1,29.4679429684536,1,24.0844111612173,1,25.4993376864678,1,23.7455644143682,1,23.1944521496028,1,24.9647644958913,1,23.5097321926311,1,23.3796695679825,1,25.8077519889852,1,24.944324966411
1,41.6152907898279,1,29.9928176311399,1,27.0535888742234,1,30.2671676171932,1,25.9622521916276,1,29.8388758452536,0,28.156579706601,1,29.8686076045738,1,29.0640354448945,1,29.2237681557113,1,24.5178667107533,1,24.3990338691013,1,24.0420729760786,1,23.6057234743578,1,23.5072096704267,1,24.8899632322305,1,21.4319395844367,1,23.2220308802851,1,24.0178055814997,1,23.8166027153997
1,34.2114335408404,1,29.9961407174214,0,21.9748951777155,0,25.2429067025885,1,28.0756584441926,1,28.3203072779729,1,24.4369583264807,1,26.0551785159902,1,24.6728713435226,1,25.3307144051256,1,25.6483632360188,1,29.7935848096243,1,24.0118973826031,1,24.0741634101009,0,21.7554827957146,1,24.583523673524,1,23.5167957609413,1,25.2158773160172,1,29.9949493487919,1,23.9154857912151
1,44.931282127174,1,31.7712859556682,1,28.1479157896741,1,24.2889792101581,1,24.6104140306056,1,32.616858010598,1,23.8215846632729,1,29.5402773216951,1,34.1392838984279,1,26.7621204548098,1,24.1502762095294,1,31.2123581950957,1,24.5236354617371,0,24.0102175042838,1,24.2277150073885,1,24.0840671667244,1,24.3554566611535,1,24.9364275024928,0,23.3802014399318,1,23.8177411062847
1,39.1591649761769,1,33.9007800949884,1,35.1143361645446,1,24.1022656136241,1,23.9274546779522,1,26.1425277773025,1,23.2055013652502,1,23.9393734113213,1,24.6995642750097,1,30.0615466898675,1,28.7788107331562,1,29.5966495419385,1,25.4210363411637,1,36.0500777380424,1,25.0072665015982,1,23.2625049852627,1,24.1636224530616,1,24.3721976180911,1,24.0241823542075,1,22.6659666601995
1,37.6211687655302,1,30.9632002425265,1,26.8949300420729,1,25.6589558985525,0,20.6915740747102,1,24.253680214482,1,26.7836044422418,0,24.4926222393594,1,23.8765607684905,1,24.1474977175318,1,24.3309851788639,1,30.0715771627176,0,24.87751453884,1,24.0914875681001,1,24.747745433098,1,21.8452174093129,1,23.52448962396,1,24.1764423529475,1,23.7914774148665,0,23.8855907010545
1,39.9046025076587,1,32.1576599899995,0,25.2774935372865,1,24.3255040367224,1,23.3350838218198,1,25.4025658600676,1,27.2463709770757,1,24.9864845627307,1,23.8533460210331,1,24.9081364947429,1,24.0646251946443,0,23.1434660785409,1,31.2187325462139,1,24.6001183578149,0,24.8203262465227,1,24.5160717289459,1,24.2684030360987,1,25.1713279232629,1,24.4265236677274,1,24.3473329202902
1,46.0411304581479,1,25.4142623086851,1,23.91248054069,1,25.9913461525768,1,24.61305907589,0,28.4172731958613,1,29.2794898424491,1,28.8826156314643,0,17.0267736501117,1,22.8398552820541,1,26.8579425036622,1,28.6550233042969,1,23.8669544332647,1,23.7922653662703,1,23.557865051654,1,34.0394933366322,1,24.8270274643979,1,29.2604076404676,1,28.979794789892,1,24.1107359058339
1,41.1080476211341,1,32.3290709509199,0,24.6047878323355,1,22.7264726214203,1,24.4607409069179,0,24.5020818554363,1,31.0315646180865,1,30.2587782284357,1,24.0402641493408,1,24.0849241344555,1,24.4200079685603,1,23.8752398784448,1,26.3248744268021,0,23.5617577220788,1,23.4415785620426,1,23.8565208025503,1,24.2772374641685,1,24.9412743785167,1,25.2161161708071,0,20.5372972326848
1,36.0786290495636,1,29.292939217309,1,27.9616410959947,0,23.6333178005856,1,34.269277518041,1,28.1800797357808,1,29.7430984820854,1,25.2133746581232,1,21.7232876663094,1,25.5729884244004,1,23.9964496341631,1,28.402247001144,1,23.8736960037483,1,23.8294012538016,1,28.8882875678621,1,29.0661107646353,0,23.8654999081168,0,23.2393033880423,1,23.7100529433028,1,29.9140600021637
1,33.7139562191859,1,28.7667243107723,1,25.5363941823132,1,25.4861050883464,1,29.9109891879743,1,33.756374319366,1,25.0512545294832,1,30.0829855584745,1,26.9838080030076,1,36.2213647360786,1,24.6839830965808,1,23.7594907605675,1,28.9058275946817,1,25.3379527246711,1,28.6855223920239,1,24.250490841574,1,24.4948404654263,1,24.2461892558806,1,24.9693110334908,1,30.7089415246298
1,38.1361982313724,1,31.7973139443396,1,25.3847031583615,1,25.4485555923087,1,39.2774097630394,1,29.0886851592093,1,23.6732131530983,1,28.6909589285948,1,27.7421279734594,0,28.5769445069172,1,23.406203241403,1,24.4340051864832,1,24.7627198182966,1,28.1617932426806,1,28.5654913807205,1,28.5691566723486,1,29.1161910358758,1,24.4082517052429,1,24.8161787065561,1,25.1491954292577
1,37.8951462319159,1,28.088401253489,1,24.6811998396381,1,27.203356785848,1,24.4401752895916,1,23.7642269210979,1,23.2961744989142,1,28.4190691133834,1,29.1668540772939,1,24.3212469018712,1,33.4674927592711,1,29.598047114349,1,23.1236318048731,1,29.8598292761718,1,25.214008304724,1,25.4059150575762,1,24.3565441186245,1,22.0681954875069,1,23.6001520159324,0,24.0813167435826
1,34.5241686519359,1,35.5084810679336,1,29.3792403147053,0,23.4677377331783,1,33.5713987980961,1,24.4298398619134,1,30.7049950882758,1,28.4281014094359,1,29.3346552977451,1,24.0317649708909,1,24.0276705201396,1,28.8697744631206,1,31.2155293393037,1,22.6754419040582,1,23.8054477058889,1,25.7961038853849,1,23.0932644550483,1,21.1975836860314,1,23.998919867286,1,24.36427325894
1,33.246350946896,1,37.5383015121288,1,27.099768958049,1,28.469071937411,1,26.5887835906807,1,25.3854567712744,1,25.6862687689649,1,23.8551086263527,1,24.6258728407134,1,24.3085663306092,1,23.2694779451866,1,24.0990223958561,1,24.2837983502516,0,26.4725104527973,1,23.1087093750265,1,23.9373745813602,1,24.2428567048628,1,28.9281251882315,1,23.9905923938007,1,23.8704977567834
1,37.2555830241805,1,35.8496735109633,1,32.9266100192613,1,24.3961471766099,1,23.3438408088603,1,28.4463375790251,1,24.3242772377281,1,23.8837281508091,0,24.7038785497538,1,23.307099771663,1,24.5047269718274,1,24.0837864193693,1,24.1634089025479,1,24.5411410166189,1,28.6464772591434,1,24.9802151585233,1,23.5176212886689,1,24.8674906480429,1,23.7109852769506,1,24.2729203312817
1,45.1549717933051,1,27.5736918310957,1,29.5225869782182,1,23.4478491396616,1,24.3227266299634,1,28.6093177775652,1,24.8730832188707,1,24.0513054073955,1,24.2903787535717,1,24.679367112997,0,24.521976611737,1,24.8982491609087,1,23.4543723557066,1,25.0848098313312,1,29.8039449729711,1,24.0025366001442,1,24.5059801603905,0,24.2382945017849,0,24.3031963739711,1,24.0242291312292
1,34.2239051102953,1,29.1083948018604,1,25.1334392852335,1,31.9611797861549,1,34.4538918970973,1,25.8351042253334,1,25.8767973932677,1,24.8522380535977,1,24.831258264431,1,27.6373750873112,1,24.6467352269226,1,28.5967723060998,1,24.1458866470625,1,26.4301987222562,1,24.6453440067394,1,26.1242906699161,1,23.7559563790538,1,24.7246254828347,1,23.8222701485295,1,25.7532509164794
1,34.7917941809375,1,33.8329466851477,1,29.3564397099561,1,28.1921240643627,1,29.5397320852138,0,24.0971318164896,1,26.7037486819352,1,24.728755601568,0,23.9747467847891,1,28.8536114710636,1,23.8799954718485,0,24.7466714815602,0,24.3568245225942,1,24.2123203286042,1,23.6440508145939,1,25.0340470003566,1,31.1157898517008,1,23.8595907014864,1,23.8849001490098,1,25.1589335155026
1,39.861314489952,1,31.6517888428617,1,28.4509959645141,1,27.0181808961977,1,25.5831355705716,1,29.8093623430288,1,29.8057976789014,1,30.3157144043087,1,29.739164327019,1,28.2531989462126,1,25.9043790063595,1,23.7116880866686,1,24.6823179496834,1,26.3184685221149,1,23.5086325985357,1,25.3138820759763,0,24.0711201339496,1,24.3064027623902,1,24.6257798232165,1,24.8723221531297
1,40.1333175818183,1,29.977070444796,1,23.4528217619701,1,29.049120778095,1,24.4538092394665,1,29.418781369472,1,24.4014227284883,1,23.245607649094,1,25.1299442391426,0,24.7082235442243,1,24.3928164392219,1,30.1054156138306,1,24.453398827146,1,25.146532092243,1,24.2124171176316,1,23.9841238453071,1,25.2301547943794,1,23.6086685114361,1,24.7921372243,0,29.5180134357011
1,40.0120583395154,1,32.9829794996481,1,28.5370204514352,1,27.53792731574,1,30.0871825908382,1,21.2711413577399,1,29.1342637793566,1,25.2097423374823,1,24.3886649473372,1,23.7698916527441,1,23.9146972511036,1,26.5815886999941,1,28.4441420444441,1,24.4588651735169,1,24.4261976159949,1,24.771071985659,1,29.4189452703491,1,23.3756430496912,1,24.0921880543567,1,23.387369257073
1,36.0697597290806,1,34.6071243940304,0,28.4046927447111,1,25.8563376463394,1,24.5618024019796,1,30.7089066110722,0,24.7927765462903,1,24.8656015187882,1,25.0634504530695,1,24.7907141435649,1,24.0895656748477,1,24.6013884477331,1,24.7796086065029,1,24.7511939439822,1,23.0798411647043,1,24.1324436068123,0,22.0498456435858,1,24.7343507279178,1,23.8173652585151,1,24.3670769815299
1,35.2328606145466,1,30.7460721210844,1,32.0249547692983,1,25.5033355836,1,29.2034941397446,1,28.7469368799781,1,24.5762195515406,1,30.419411967415,1,35.3622216198691,1,28.4346284794078,1,23.0365198746472,0,24.472904572427,1,24.4909943579127,1,24.1127924202692,1,24.5416947112287,1,24.6243117377926,1,23.6814334465456,1,24.575360218989,1,24.1964332730044,1,24.2897059449004
1,35.7344154831321,1,37.8827566533257,0,28.3560038728825,1,30.4311774179897,1,25.3315223426064,1,26.4891933775717,1,26.4287301547072,1,24.5491061012981,1,30.655457061335,1,26.6327690556677,0,24.2299744041304,1,32.102662329165,1,24.4848600914335,1,24.5487240648672,1,24.6436789157878,0,30.4183601542716,1,24.7759457115032,0,24.8291307448739,0,23.6294653054982,1,24.4676802335278
1,37.265900406438,1,32.1193957150231,1,26.3310801354663,1,28.0750008902503,1,26.2393945894264,1,32.8424681106063,1,24.742345276753,1,24.4027333569812,0,23.9845351225349,1,29.1786527020021,1,23.8596194598565,1,29.7004465357095,1,23.9329370183467,1,24.2612748955602,1,24.5924999770268,1,29.2360532813724,1,25.3928519503496,1,23.9576554949962,1,34.5062327892351,1,23.3623885394139
1,34.3023474451501,1,29.5396559740572,1,28.4279204460043,1,51.0256799359143,1,25.6242618694239,1,24.9189398378547,1,24.3902754142297,0,23.2899547600538,1,31.8600321302493,1,24.5051473204609,1,29.2100232784478,1,34.0522526741617,1,30.2676085861343,0,28.1260336782054,1,24.6807779009578,1,23.6051217179904,1,24.2588168365148,1,23.9719577807821,1,24.0067687288674,1,24.1139666537935
1,38.5830846892229,1,32.143246394242,1,28.586975022914,1,26.2525440083971,1,26.5829273925471,1,25.3026579254867,1,25.0210635685985,1,24.5142779971198,1,26.5852742121055,0,24.0333598269303,1,24.8645376225807,1,24.3597921337438,1,29.6756065443251,1,23.3245114511122,1,24.6986661359748,1,29.4362647081602,1,23.7047130472697,1,24.4887447520251,1,24.6680558325382,1,24.6154256982751
1,39.2165653972818,1,30.2811072184587,1,23.4460476494339,1,28.9791137337485,1,25.3959381990071,1,27.4909424929169,1,25.7963406210564,1,23.6740640583859,1,25.7324751749051,1,24.2605957183731,0,29.8160768080854,1,22.5408879270236,1,24.1915027659172,1,25.8344061107144,1,24.4730442866675,1,24.5802507039506,1,28.8130066005087,1,25.7252286090942,1,24.7118997673322,1,23.445800398948
1,33.9280793095362,0,29.5331834216376,1,28.5578005483987,1,28.4544665107293,0,24.1836216582592,1,29.4350626471155,1,24.4723200511574,1,24.3679216519457,1,23.39339819855,1,24.3719376650095,1,23.8847001913562,1,25.1175619890946,1,24.0633431264683,1,23.9008657436674,1,24.2801421398359,1,28.7531481423379,1,24.9070851116024,1,23.4861543427425,1,24.5994543298932,1,23.9209372850367
1,39.7967234273987,1,28.9180257524931,1,25.5292847119381,1,28.75115475362,1,30.3624208690178,1,25.1360883121164,1,26.1303904939487,1,23.1409796812956,1,24.2482578139409,1,35.811561430957,1,24.2359300871832,1,24.3083787435709,1,24.2988221779191,1,35.167853462277,1,29.6413268415493,1,25.5648350947906,1,23.9944426864761,1,24.5616856879548,1,31.4535633250754,1,22.0231127273586
1,31.579140831081,1,31.9161729354915,1,32.6650414779952,1,25.1222491485974,1,24.9352489080493,1,24.2465199670908,1,30.4389989535087,0,24.0551652888034,1,29.7976357899143,1,24.2816877458984,1,27.0038503544589,1,24.661996508926,1,23.7265203891022,1,35.0898830491692,1,24.4446459335917,1,23.9193816833535,1,28.8426820016296,1,30.3203492426273,1,24.124008031755,1,22.5625716221634
1,35.8993734961735,1,29.8028558524922,0,22.5786469628238,1,27.0109103389049,1,24.0918620206827,1,28.7334494255751,1,29.9138618325949,1,28.6531847320647,1,23.7285726288943,1,24.5510224030894,1,24.8480478900717,0,26.0483756265536,1,23.5654423252875,1,28.8145276154923,1,25.0325546131907,1,23.5270705034425,1,23.4632982460717,1,24.0416237420788,1,25.6621819891368,1,24.2566847239772
1,40.8485414425626,1,30.8609347622491,1,24.6849473264882,1,25.5146464394261,1,25.0097826239113,1,23.8996359145357,1,25.1131532812078,1,24.5003448318496,0,23.3214333880902,0,24.9046206155687,1,24.9367617024318,1,23.4693616297644,1,21.8193886980929,1,26.1067503071299,1,24.4171723901758,1,23.2340312890463,1,24.3455813206336,1,37.1358878915379,1,27.128022328915,1,23.4293864760167
1,36.0333403830246,1,26.9003122591167,1,29.5192280994337,0,24.9232661852801,1,28.6320172446067,1,31.2526529598794,1,24.4242937179646,1,24.8454420736332,1,24.5639983088835,1,23.4636897526434,1,24.1866108992307,1,25.0332447651174,0,25.0209949339987,1,29.0885983258322,1,24.2846256950329,0,24.327039135638,1,24.2547776069289,1,28.5088630796956,1,24.3162783573361,1,24.7278620370419
1,37.5728068414145,1,27.7364939131396,1,30.1415985422607,1,30.0232127153644,1,30.1374156052927,1,25.1468943922929,1,24.4517462017479,1,24.4498060987808,1,48.2985100508477,1,31.1119810439415,1,25.2906183674294,1,30.0657196469128,1,24.0864907857863,1,29.1607851898639,1,24.8481285132057,1,23.7150228415579,1,23.5228315813018,1,24.3610876794503,1,23.2003444757831,1,24.4098205014084
1,30.9618067168387,1,29.7153820925569,1,49.14094559687,1,31.510460620004,1,28.4389764971021,1,25.2101826270687,1,28.6691099765727,1,30.0358938756106,1,29.4355204010154,1,29.0285860627526,0,29.5593532428285,1,24.8807810888493,1,24.4096876629994,1,22.7334750666782,1,23.9293271104764,1,23.2671297829264,1,24.5326630421523,0,23.2195658197513,1,23.884862733881,1,24.1287290352372
1,46.1230945600299,1,27.6504273520439,1,26.4390663962404,1,27.1483660187937,1,30.3593601904154,1,31.951192042877,1,34.4926745158614,1,24.0136773088077,1,23.7496584172043,1,29.8007720892612,1,23.5390312867038,1,24.740268930223,1,24.1619654786405,1,23.7318324081398,1,23.8551010158586,1,24.7887282606171,1,24.7244353297135,1,24.439877204473,0,29.4295295356395,1,23.7821581589532
1,37.7705761905552,1,26.3124189249976,1,23.7162853630706,1,23.1294166960415,1,24.3038386128133,1,33.4288424507153,1,23.2487117606138,1,29.8559310415917,1,25.3494660208111,1,23.6054446446322,1,24.9215263538467,1,29.0959959699708,1,25.7802490121464,1,24.5202349439689,1,24.0777952017911,1,24.9622393802854,1,23.9249301914461,0,24.9486350893311,1,30.1370615846274,1,24.8479805627811
1,40.0109586299096,1,28.5832297023991,1,29.6837005375737,1,24.6392158987547,1,33.8256450415214,1,26.9583616661548,1,24.657561960355,1,25.8461241513911,1,25.7142406783171,1,24.1693218272414,1,27.2732650264094,1,23.9154464989211,1,23.873472806232,1,24.8179904697453,0,24.6532422287853,1,30.3460635462215,1,25.0599742560877,1,19.983797783448,1,23.7216953258091,1,31.2145514669669
1,39.0899949581723,1,27.6765147258243,1,25.7544702631824,1,24.4079171065298,0,23.7407817106564,1,30.1744851592867,1,24.0452235535937,1,24.7240766245353,1,24.69926975602,1,24.0073269245452,1,25.0686065384951,1,24.7573990635812,1,29.7056300913473,1,23.6543714616456,1,25.2032147386209,1,24.1130759769585,1,24.7665381476256,1,24.3273107445036,1,24.4451200418573,1,30.1038350304883
1,34.2309418732244,1,31.8619897920789,1,25.866044326479,1,28.6769468341501,1,25.6231895592493,1,24.3484913544645,1,24.4581868754101,1,24.5982681072894,1,24.8082524382486,1,23.3260065938598,1,25.3264005321668,1,23.6449129000521,1,28.4960907217062,1,23.5567667314857,1,24.2514318557642,1,23.6081569803181,1,30.9868946341341,1,23.9817152816819,1,23.2332619806604,1,24.5385771263995
1,38.0404042745769,1,34.3261720041311,1,29.3482045577938,1,23.9765413692614,1,28.8443834825858,1,35.0553331244144,1,24.9151909564533,1,23.9355911230066,1,37.7573925638223,1,23.6893169845181,0,24.0805063278961,1,24.1658120709545,1,29.8169639077092,1,23.9863293632343,1,24.3713573434285,1,25.7696789897676,1,23.9755612860379,1,24.3454058398961,1,25.0186764881464,1,25.1283262156995
1,34.6566277158269,1,32.8171071106477,0,23.4847993503323,1,26.1967898005266,1,30.7411224158786,1,24.4360551582189,1,25.2637675830892,1,24.9042175018757,1,24.7435192012528,1,25.7428882804701,1,29.6491853548707,0,24.203771139459,1,26.6375899448073,1,24.9342718370907,1,23.9118539882397,1,24.0930363552282,1,23.2655328108095,1,37.7429118417691,0,22.837676976501,1,24.533562704156
1,39.565598551312,1,29.8175895074107,0,32.1889340093319,0,34.3783535992773,1,24.9923869049533,1,35.2979279533692,0,24.8953312009848,0,23.5464279158723,1,25.1545373518552,1,21.9719869765047,1,23.7020129692015,1,34.9709297227623,1,24.8502892029781,0,19.8427278546869,1,30.7674308827062,1,24.2474776095941,1,24.0572803009203,1,24.4915367491549,1,23.9363517832866,1,23.7399128264175
1,38.7427358273862,1,30.2608166074177,1,34.6014445445524,1,23.2547008822433,0,23.9090109649613,1,24.2521213515743,1,24.8374446642075,0,25.4104305039976,1,24.9326632884519,1,29.0633988592903,1,24.5413026614806,1,24.3887035972209,1,24.10715859599,1,25.4232550216176,1,23.2368786362284,1,29.5392777805567,1,25.2110505419103,1,25.7574953759751,1,24.8863884051268,0,23.8475834563245
0,39.3131773596811,1,28.6746230870637,1,26.7446034769699,1,29.1504718535214,1,28.6366528917703,1,25.9450468059041,1,28.5545124720305,1,24.617670964537,1,24.6560659018313,1,29.5222617880373,0,23.7289802530931,0,24.1584964569838,1,30.1494086078016,1,24.2801581515188,1,25.9777985170301,1,24.9937179203097,1,23.9343529811147,1,23.9600123931168,1,23.6757264913116,1,23.989577211876
1,32.0389469738161,1,28.8238503822613,1,26.0028544399394,1,28.8298676726765,1,26.7742919137519,0,29.8994287907613,0,23.972755665654,1,28.5933201451218,1,23.8973507950617,1,24.0209683794313,1,23.5896333892994,1,29.7724755856538,1,24.9719346023784,1,24.9121814568111,1,23.7472970547551,1,25.7845528064087,1,24.5429039813323,1,24.1878289388555,1,24.9420364876169,1,29.9259886292736
1,49.6134958130986,1,26.6247392307246,1,31.0474824305229,1,25.8415984990847,1,29.2640053719436,1,24.6493950556411,1,25.1237093136661,1,31.4481825700573,1,24.9274852756826,1,23.2886234955118,1,23.6464746880008,1,24.6527900402214,1,24.3911231675804,1,28.3307378136337,1,24.9084506777456,1,25.6165588123379,1,23.8169284036761,1,23.9967389928833,1,35.0054593774511,1,29.7861816265767
1,38.8310095703414,1,28.0267241727322,1,31.7499322592213,1,28.5290558657612,1,24.0233696965926,0,27.4395878651854,0,28.466683212405,1,24.2616187535258,1,31.6277532246964,0,24.2582475695697,1,29.5171646674064,1,29.5256435448794,1,23.6490293006378,1,24.3625763519896,0,24.3835426543005,1,24.3465898194615,1,31.3092453584566,1,32.8119024648163,1,24.7024375313296,1,24.8392811268597
1,37.3464188278358,1,29.4356785312793,1,32.5990331245286,1,33.4902655666015,1,30.2947036761064,0,29.3457051450137,1,25.218777193351,1,24.2938560316974,0,23.7969561379386,1,24.533483739999,1,25.9200601820055,1,24.7214219859996,1,23.975227906346,1,23.5372051844178,0,30.0161559859195,1,29.4622589761293,1,23.7890349397562,1,24.955867455179,0,21.1362011672483,1,24.5645211181039
1,35.0999338057779,1,32.2855481200172,1,26.8500203742376,1,29.8117281893372,1,25.3560262206007,1,33.9154410520639,1,25.4681842943295,1,25.3047460975559,1,24.541267123172,1,24.9356670177632,0,24.7552453617893,1,24.4966137796998,1,28.9082305132558,1,24.29321489818,0,25.0286190734043,1,23.7876951745595,1,25.3042008465953,1,23.731337947044,1,28.7223391104039,1,30.3501387365239
1,36.9161058526702,1,28.2334660411758,1,29.0190418147218,1,23.6140509640352,1,24.5784303618323,0,35.16825992351,1,24.3084934598259,1,24.2223844434544,1,29.9672205488465,1,24.9456050590328,1,25.6237430358421,1,24.3513508295494,1,29.0856737678635,1,24.8192287227668,0,23.5435101148985,0,25.5392794552484,1,31.4400791016441,1,23.8952172787207,1,25.0099121975746,1,25.5359787016249
1,40.6582196016582,1,26.3540730853683,1,35.147600460637,1,23.6509840709799,1,42.8806530716279,1,25.7660085160221,1,24.617121937349,1,29.6313745993908,1,29.6696465033993,1,23.0929513159147,1,25.980033227019,1,23.7462701120412,1,29.9902913249764,1,24.4647109898587,0,25.3462450475397,1,25.7316838677781,1,24.0826313473993,1,24.7155727321068,1,23.9312838559835,1,24.1018699304673
1,39.5528536670328,1,28.7301314925113,1,24.414717098581,1,23.9963060966207,1,26.5240548518141,1,23.9828025732767,1,30.0410284735846,1,23.8763951033327,1,23.2534456774303,1,30.1834359699474,1,25.1311967668249,1,29.7698652771066,1,29.9543982577483,1,24.2593930800031,1,23.9687393282431,1,23.1938112152943,1,23.8013330353884,1,24.0443702476928,1,24.8548832818044,0,29.4839246189628
1,40.8575345550912,1,29.1321372909657,1,26.0787076062565,1,30.3002899082963,1,23.4660760161408,1,23.2879295043198,1,23.4861734701576,1,23.4938701439374,1,25.1074463008902,1,23.7445184610596,1,24.9158395900691,1,24.4774635524549,1,23.4256999926672,1,24.469015241221,1,28.9673295789918,1,25.5842019884194,0,24.4397075882393,1,29.9296174810716,1,25.2662191824556,1,24.4734127741867
1,41.9407100364122,1,36.5961207123352,1,28.6748800298206,0,29.556786668655,0,28.1118553157132,1,26.164444599161,1,23.190835079935,1,28.9264778486983,1,29.515654728192,1,24.3066744991582,1,24.7208906820325,1,25.7921393452514,1,23.831605001412,1,24.7170787219166,1,25.9533863369675,0,23.7141949212815,1,24.1392126045627,1,30.5658916634273,0,24.9654465482485,1,23.9567607593823
1,40.447093848552,1,27.3999076692656,1,23.8958291140643,1,28.8373323941871,1,24.7739843859203,1,25.5313641869104,1,20.3378420737572,1,29.2580423226177,0,24.736524368325,1,29.541519079303,0,22.4193257364635,1,24.8846313739021,1,24.3614095118662,1,24.1982568284933,1,24.2754425202533,1,24.3586795022286,1,25.0480604921118,1,29.951938097981,1,21.8197503123854,1,30.1183141604415
1,36.6114053925683,1,31.736152507143,1,37.5040956670178,1,24.3216741166601,1,25.7345194394697,0,27.9846457926923,1,30.5519099536622,1,24.0795039475817,1,24.3480369836614,0,19.2497905771775,1,24.3969918543908,1,23.9827169262984,1,29.3017257967228,1,23.2499129359834,1,28.6182440936268,1,30.7932052860143,1,24.7966551135558,1,23.6497394091539,1,23.4016240016333,1,24.0802199381658
1,38.293890789554,1,29.5439987829073,1,26.4021671142995,1,30.4052854002717,1,39.1891204997876,1,25.044085252928,1,30.8157986572361,1,25.0824244129163,1,24.0277535306864,1,29.7578339598937,1,29.7074802293345,1,23.0514707057194,1,24.0883295358055,0,24.3396068093416,1,23.8260832492509,1,23.8134163914453,1,28.4847487910497,1,30.7241568759474,1,23.6914431260307,1,25.015304171907
1,35.2185993659928,1,31.329077884475,1,33.2963850596941,1,36.2202888733468,1,27.0874888852896,1,23.9038998548321,1,54.3460454645926,1,24.4931863436758,1,29.062375599648,1,29.4897299324041,1,24.6774409098382,0,23.4594585717562,1,24.5774283589342,1,24.5973539485645,1,24.4854906990166,1,27.8718757805488,1,24.2237311791035,1,24.0762974013849,1,28.7583581002238,1,24.567527299297
1,38.3138659981728,1,29.0080902249292,1,25.9391143678434,1,33.1075227957088,1,24.4968014130844,1,25.4641086429733,1,28.2147755587578,1,24.2957161518365,1,23.9012399000174,1,24.8621422189663,1,23.8518367742504,1,29.5534556075244,0,23.5781939589901,1,24.6393897315757,1,23.8374088641113,1,29.5713162616609,1,24.0591626318005,1,25.2753910759799,0,28.6401400261036,1,25.9054110566136
1,37.1113338818611,1,31.8212007714984,1,42.3970608806012,1,24.5617482045718,1,24.136861440829,1,30.2933584329932,1,28.6668031930385,1,24.01568567244,0,24.0990261613867,1,23.426092308774,1,25.2454322055368,1,24.941736755392,1,24.7946531115155,1,28.7645383437004,1,23.7548435715525,0,23.508161334622,1,24.5033729992926,1,24.0998907900704,1,24.8024496169425,1,29.2824897171699
1,33.0738996447861,1,38.9679695806946,1,25.2939318800031,1,26.1429234864814,1,26.4875275469277,1,24.0057424674737,1,28.7140118597574,1,24.1619440799229,1,24.3435573134669,1,24.6337950286717,1,24.4973570906793,1,24.9154559252226,1,21.9551106226532,1,24.3305032076618,1,24.7673217422488,1,24.032663782566,1,25.2387995215627,1,25.1849480670643,1,24.2662752487946,1,24.1357357079561
1,37.3283148083652,0,27.4334114146724,1,24.2625806568289,1,23.1809984725502,1,24.3771055112155,1,29.6286950117386,1,24.2742046326207,1,21.3163211289267,1,24.49351726891,1,23.5736717760815,1,25.0551353980984,1,25.2937535295697,1,22.5898185878402,1,25.2570631077155,1,24.8891029615439,0,29.3762153226575,1,24.6318852256441,1,28.86527421542,1,24.2392185322884,1,22.7386234773858
1,36.0082909843912,1,27.2704399627927,1,33.8017497852735,1,25.8592116655494,1,33.410956782162,1,24.2793501055546,1,34.7293355925133,1,25.1104747031804,0,23.6841617394046,0,24.7343108065765,1,29.7314399357578,1,24.1043460226667,1,24.6929311737931,1,25.0411267287511,1,24.1815482982833,1,24.0177053101435,1,23.8413776348231,0,27.818862631633,1,24.2788436749048,1,30.0591005382516
1,35.6030531187165,1,29.7155080473326,1,31.0567348222722,1,28.1579334618726,1,33.7598983745059,1,25.3425943754191,1,28.3855776083829,1,21.9849641589038,1,25.0081048200246,1,30.1957095220301,1,24.8492624565684,1,30.6260738184517,1,25.1900645304057,1,24.2337802761637,1,23.3363964204781,1,24.2375439577155,1,25.6753247453046,1,24.0927417350894,0,29.3902890097432,1,29.6057082006588
1,39.566663300477,1,27.249562806769,1,31.700260763765,1,25.1624669254541,1,28.0619946057062,1,25.3655300471677,1,28.8916098141869,1,28.2283569416153,1,24.6608929797313,1,28.1298253450961,0,23.9733429087882,1,22.6531604747641,1,24.7023560386773,1,30.1828184454456,1,25.2481134825426,1,23.5169027839758,1,22.4443399751247,1,23.3834004254148,1,23.9713102730999,1,24.1037376482781
1,44.0789394812971,1,30.0372386065441,1,24.608591238184,1,28.8521215418658,1,24.832235573788,1,29.2089805498454,1,23.945153058051,1,26.5214833314501,1,29.3259389108154,1,23.9518134187457,1,25.4550299868701,1,23.0799793627018,1,22.2384650729081,1,27.5733101246393,1,24.8304942851021,1,24.2942423061804,0,23.7953824482236,1,24.0695201726159,1,25.0157673465423,1,30.1092148988628
1,40.0528686071279,1,28.4225380105722,1,24.8677364862216,1,30.5777966888323,1,25.4102236767386,1,25.83861935032,1,21.7322118881314,1,26.0365965724939,1,24.3330254512798,1,24.0287466822445,1,23.7447745887866,1,30.5754909075579,1,29.2534764789163,1,24.6724990521709,1,24.2252701724468,1,24.3978681020617,1,29.0967822018664,1,21.8776913604258,1,23.5778295350785,1,22.6012397831742
1,37.6961932721803,1,32.5251593394523,1,25.8172680855225,0,27.9562824141815,1,29.8804690277363,1,32.2755114416258,1,31.1090991048787,1,26.7715670883786,1,30.9703577890128,1,34.8477076140684,1,25.2762557872958,1,24.1239649345841,1,22.9454345945572,1,25.2584756227275,1,30.7881076104984,1,25.0439884606372,1,24.0472898628726,0,30.1699435109215,1,31.2241001621948,1,23.9448664830917
1,32.3920268208559,1,31.2156269302384,1,28.0022229987845,1,24.1839820896693,1,24.3161196385759,1,25.9521665946909,1,23.9018118147548,1,24.6647545449276,1,24.2659552461005,1,24.1669051339004,1,29.1488169532936,1,24.9482820479886,1,32.1444182537385,1,23.9882125081162,1,30.6526600221639,1,25.1185222252311,1,23.9960905723037,1,24.7612163236505,1,24.2568322299039,1,29.3522633297585
1,38.643024715544,1,32.6873304287538,1,24.998673715882,1,37.3518185449485,1,26.3566075923125,1,24.9099792668532,1,25.4985324217742,1,25.6929791148367,1,30.4688683775325,1,24.5719564484452,1,25.2513087583985,1,30.7607812274033,1,24.6588330985614,1,24.8393415280565,1,24.3634165131384,1,23.6424849951722,1,24.7427538948244,1,23.5919891376277,1,24.461312600142,1,29.6642795014888
1,44.6418655634951,1,38.5708802276635,1,27.8685301292693,1,25.7033552507589,1,27.7497916138431,1,28.2355577418702,1,23.5645188682821,1,24.5137360964536,1,28.9625322100044,1,29.467987495397,1,27.5818285351288,1,25.3729215535153,1,23.7791632492347,1,25.2497232591395,1,24.4445210644945,1,24.3861719190637,1,24.1421210683994,1,36.214286930967,1,24.5797148687722,1,22.9389133709858
1,33.4030079836062,1,27.5875492511863,1,35.7692155742325,1,29.8908330882589,1,28.6895757677563,1,29.3199256053955,1,24.3913218145744,1,28.8770049673493,1,24.3111418492509,1,24.855976081052,1,24.3162509173943,1,29.3911092694808,1,31.3125735918766,1,24.5385732604858,1,29.313709209769,0,22.5351013449397,1,24.1000977658443,1,25.1139331335656,1,24.0374889765768,1,24.0575856153226
1,40.8463211205002,1,28.3548053956917,1,24.9516697679546,1,28.4739341846614,1,36.2059176107478,1,29.7022882736865,1,39.3154096476546,1,23.722801312225,1,28.5599577947405,0,24.2364714801649,1,23.9895915448252,1,29.3477392663771,1,23.8726775809996,1,23.4301959693559,1,23.7137384648557,1,25.3487330108016,1,28.1031390767408,1,24.9097734747627,0,24.5508096246445,1,23.9793000191229
1,40.1622203807259,1,28.874397517619,0,35.5968557799159,1,30.9473390445171,1,24.7538405246498,1,28.0489902334827,1,29.0583290373503,0,23.9176459993048,1,25.900931652277,1,24.2365016512578,0,28.9358578188964,1,33.6971060457509,0,23.580514012573,1,24.7566874410741,1,23.7175865002274,1,24.1821071852758,1,28.9406835039048,1,25.7147071487497,1,24.741975942023,1,23.7353226195462
1,36.6305563692814,1,34.0718332768875,1,44.6996886886121,1,29.8370313981713,1,29.5363156096407,1,28.7701965011222,1,24.8010927529727,1,24.4474731446113,1,23.1752265460634,1,24.6631122103634,1,24.072760505639,1,23.6679261538746,1,24.4129824909575,1,23.8188552813797,1,24.060175571104,1,24.6965426963184,1,23.8308866795279,0,23.8073332915766,1,24.0264779604345,1,24.0828478026756
1,36.5983406881064,1,26.4810270852454,1,29.364082932302,1,36.3808992303993,1,24.46116692509,1,33.6478455082272,1,23.6605308346666,1,23.9638003709106,1,28.6127087957109,1,29.7510093153284,1,28.0900363568874,1,24.8188254974822,1,23.7807252832173,1,25.6422064341058,1,24.4581365048702,0,24.4060340348811,1,24.4996425389642,1,24.3888623431355,1,23.8691498948173,1,24.930208535581
1,37.032922085112,1,28.603667907061,1,33.0316875387358,1,23.5305480926456,1,28.7919428397165,1,26.3382224087861,1,23.914079438685,1,28.3197607078022,1,25.8676991771332,1,27.9466204095714,1,28.5242796521624,1,24.5801216354152,0,36.0252324671542,1,23.9380748865654,1,24.7793134564978,1,29.7066361782529,1,24.7178023603838,1,24.251106425086,1,25.6465181658455,1,23.3168605798697
1,46.3516031572823,1,33.5953386383506,1,32.2095315451334,1,25.909518681652,1,28.9926219076311,1,25.2892829399405,1,24.0617791401398,0,23.0494415337312,1,25.7592785144023,1,24.8566051020592,1,29.7471885627531,1,24.3323551836311,0,29.8123202966589,1,24.8787228322672,1,25.7625452633136,1,28.9537470368919,1,29.4788607470887,1,24.6844578630972,1,26.4600515132772,1,22.4150488683834
1,42.3429762692115,1,31.1841516098383,1,24.0527185689942,1,26.3225326657731,1,25.7739231646854,1,24.610110824508,1,23.6908459058828,1,27.8982761692737,1,24.3538349239085,1,23.2971994947777,1,23.8863281512209,1,23.8581270418805,0,27.8383929545871,1,29.5322757893009,1,24.4590323508567,0,23.7338719605288,1,23.4803356549619,1,24.7613960876888,0,26.8237768085784,1,29.6229660152459
1,39.3037602130932,1,32.2897825896395,1,28.9230329952401,1,26.0669196399999,1,24.209600790811,1,23.5611174473501,1,23.1849351959327,1,30.0894305888116,1,28.6433374701293,1,23.3460428655225,1,24.7821089125217,1,24.6481409695755,0,24.3172697969493,1,23.7473975146397,1,29.6862417612938,1,21.2745017123297,1,24.7671575532764,1,24.1933902388141,1,25.0601884127086,1,24.2964207735249
1,36.4157393208795,1,30.7361972023991,1,23.9468096843305,1,25.7618625527619,1,37.2370831923607,1,24.1861429005432,1,24.4693357822303,1,28.6462118691254,1,29.7022099574267,1,23.8394405345422,1,30.216287739119,1,24.1173163806667,0,26.0604487983108,1,30.1054077422001,1,29.6407467827382,1,24.9988447172435,1,24.1572680819813,1,24.8365142056224,1,23.452214759455,1,23.6545989111017
1,42.9979415263436,1,29.7810178731418,1,24.6319793604442,0,28.4077159568723,1,26.91863891963,1,25.3572723450857,1,24.9454281955661,1,24.5297093118335,1,23.937238712643,1,24.0670832817203,1,24.5778114917246,1,26.4719907125972,1,24.0766965129438,0,33.33244037247,0,23.7475131940394,1,23.6260282861704,1,24.2332820585749,1,24.4418818420733,1,23.5063556919174,1,30.2087227393999
1,31.1607835260427,1,33.2466606492065,1,34.1572595420074,1,26.7493891411782,1,24.3118297761314,1,30.1083357748228,1,30.6253799218108,1,28.6857485344247,1,24.0083925826072,1,25.2090727926186,1,24.7535796294192,1,23.8540525357186,1,22.4294990889138,1,22.6165765322863,0,24.4162916185054,1,28.6623863110946,1,25.136210443968,1,24.5983648991958,1,24.9186615284002,1,24.3298620425442
1,36.098913976418,0,32.1566330573384,1,35.9361832998284,1,24.5399807446621,1,25.8987870276682,0,22.6177833115868,1,23.2389468953331,1,23.6185241577771,1,24.2735763366213,1,29.7015890048887,1,23.9708802261375,1,24.4501835166896,1,24.8433175156169,1,24.4298765767693,1,24.4778521877253,1,30.6334800656789,1,24.0067905199326,1,28.3642314975318,1,25.4308856623023,1,24.8648930342187
1,38.2310995081468,1,31.0211981109586,1,26.0035895401721,1,24.88982148343,1,30.4315694547177,1,32.1660704933226,1,28.6277708395515,1,35.467518182243,1,34.7123734455611,1,24.6246019345618,1,24.52975357004,1,29.5503427240984,1,30.6582249954273,1,24.5867889141347,0,23.9548480218444,1,24.4111759736178,1,24.5466958832405,1,24.2577549595485,1,29.7818958734994,1,27.889511227719
1,36.9308556793422,1,31.7582770440911,0,25.1512891405407,1,29.6795699863714,1,27.8925985760594,1,29.9296514491847,1,26.3845889934314,1,24.7360494642532,1,24.1807994049572,1,25.3715258814634,1,25.4533311652029,1,21.4866145133092,1,30.0358663793453,1,23.6019792705485,1,25.1020900441495,1,28.566629220196,1,24.0543125545564,1,23.4972095477893,1,24.5543559515497,1,23.739281034875
1,44.0414111035907,1,25.7794579764743,1,25.3606393561333,1,28.9352403593779,1,32.5612388925241,1,24.7820748812543,1,28.9801646489939,1,30.3419609532314,0,23.6102735263627,1,24.3751255066395,1,24.5213909018269,1,24.1629866402121,1,24.8394559009953,1,24.1959513542167,0,28.8168643273698,1,22.630755853242,1,23.9003483776453,1,25.3209077802869,0,24.2185404653199,1,30.1009733082209
1,35.2988034511336,1,31.5125188763768,0,32.5223647925202,1,28.6926330004141,1,23.6392612208022,1,29.7968988872102,1,30.9588053176365,1,24.8270198339374,1,29.4950935333923,1,24.3828302717093,1,24.0335693551962,1,24.1072553047917,1,25.2794482295063,1,24.8460876574061,1,23.9166286686249,1,29.1448251734456,1,23.7193134974775,1,21.2699000139756,1,28.8844803798027,1,24.6804395776366
1,35.832980558515,1,28.3787719674216,1,24.7226061073516,1,29.4994412714284,1,28.4086893637733,1,28.5377283232511,0,25.3108600649396,1,24.7851811055285,1,25.466702633507,1,24.9455786996137,1,24.3121293608149,1,24.1976710539914,1,24.335684645555,0,23.2932373527882,1,28.5250741461152,1,24.8663893401915,1,23.8782550978551,1,23.9312794744991,1,24.0966684915387,0,23.8790299321371
1,34.4605940934958,1,34.3587643332421,1,24.7026478362758,1,29.4933697131075,1,28.0056613443745,0,24.3543929871375,1,23.90012171039,1,24.3150347758611,1,25.3755051283333,1,22.9383395270726,1,26.6992493943593,1,29.1910517628287,1,24.0780566630472,1,27.4411198302943,1,22.1487616508722,1,24.9578849381064,1,29.6129811831701,1,24.757417995722,1,25.352102177313,1,27.7873253335728
1,47.1789858792548,1,30.7236084165363,1,24.4961322207539,0,25.80599905092,1,24.8994777075844,1,24.8895613676038,1,31.802987521231,1,25.4767660190712,1,24.0958822346139,1,24.2042624925418,1,24.4680573850798,1,30.9835868435985,1,29.0266684976831,1,23.4246113135477,0,24.7040191355087,1,23.9859554114441,1,24.4752084473014,1,24.3585586229959,1,24.1697715183185,1,25.9961542323333
1,44.3443885666769,1,29.6028175287089,1,29.6751009928613,0,23.4665572790635,1,25.1492581696092,1,24.0615961532566,1,26.4694202293793,1,25.1952121994297,1,29.3143816900801,1,23.6674118667643,1,23.7688914267333,1,29.9831635722765,1,24.0548392543684,1,24.3114488854179,1,24.2833770059829,1,24.1520805468737,1,24.9611587993228,1,24.0669893943204,1,24.0595439722728,1,23.6102230033928
1,33.7556407550532,1,30.9214031656414,1,24.4100586493923,1,23.3589360836564,1,25.3705728477875,1,23.1049922829159,1,24.3030093514707,1,23.9579880844451,1,33.1315377671245,1,28.8815846036097,1,23.9430564772044,1,24.1076225239467,1,26.0350375763425,1,35.8739918614075,1,24.5879315986907,1,23.4577400131292,1,23.9123487147463,1,23.9531407875916,1,24.1622538988902,1,23.8188455150117
1,37.5247376984405,1,29.8177905307088,1,30.6503164054316,1,23.808433500786,1,28.2516793759523,1,25.6076642000537,1,25.6612218233612,1,24.9058879361102,1,25.9195578087428,1,25.4013275979112,1,23.3939030992728,1,24.5997848313138,1,25.0187052282074,0,20.30940086427,1,23.2375468593958,1,29.7319268222736,1,30.2104260393025,1,25.0093550852142,1,23.9713591849169,1,24.3139164665932
1,42.8262373412285,1,36.2446288645185,1,29.6820818675797,1,29.9388469994362,1,33.0999151490747,0,34.5915915558544,1,24.9898567214595,1,34.2441651698657,1,24.7844360380227,1,24.3912059452034,1,28.3320097653376,1,29.4854387187707,1,30.2655078152094,0,23.8353295634505,1,24.9553873695467,1,30.6414679456975,1,28.691034253382,1,28.338259083646,1,22.5387786028961,1,25.3138672098101
1,38.9249304244286,1,34.2826582074521,1,26.4408258231523,0,25.8381341603942,0,25.2253544548118,1,23.7097574048653,1,31.3559744979856,1,24.314443713962,1,24.4728908270535,1,25.1885164232985,0,19.3376122499942,1,29.2228003671263,1,23.7876753278332,1,22.8863078295771,1,31.0941253178228,1,24.5568726432795,1,23.3566875038569,1,24.537671820793,1,23.9158128119756,1,25.2580861837142
1,46.314426814908,1,32.3720759465053,1,27.9035192142995,1,30.9942625290591,1,24.529989113631,1,29.5766495981855,1,23.2575764383769,1,23.3712996040693,1,23.5016118857448,1,22.3162817033025,1,24.8506779455875,1,25.8842879710939,1,24.5638955166317,1,23.9233775055275,1,23.5804751918269,1,32.7049612307177,1,24.2058881081029,1,28.359007540247,1,23.9536032163358,1,23.3544477828915
1,36.2889969148829,1,34.9355810364612,1,24.8859486236237,1,38.4028499418555,1,25.8872397155717,1,25.9499449680381,0,24.3796180193445,1,24.2180582375926,1,24.5653631542501,1,24.1146205046773,1,33.1506720292799,1,29.4611410579044,1,35.3392565489452,1,25.6101210135009,1,24.5588956939049,1,24.3837643815146,1,24.1159340048412,1,24.1443458181764,1,22.79499770344,1,23.8181989460872
1,45.2336441846797,1,32.337102452059,1,30.2104212774986,1,28.4157825589842,1,25.4249833366774,1,25.347897702736,1,25.2552556450909,1,24.0848392594821,1,23.7419276295058,1,23.4742573204768,1,24.4261892495364,1,24.4810270907023,1,24.62617734407,1,24.808859036121,1,23.4575061162752,1,24.4929288743961,1,24.1614915221967,1,23.7473774320059,1,24.4951751853139,1,24.7892506095868
1,47.5629901716475,1,26.2733252169566,0,27.7277806705803,1,27.1819065891068,1,24.1198280047702,1,24.3151447978197,0,24.9242138475679,1,24.7206744175467,1,23.546972253999,1,25.0640040285163,1,24.87725935745,1,24.3000300966963,1,24.5806843678186,1,24.6484066871261,1,24.7083789314974,1,24.4508004525239,1,28.5204518621666,1,24.9994153199067,1,26.2927030655684,1,21.3012778294902
1,34.1305270800112,1,28.7580319818477,1,28.5691892140723,1,27.1508995845376,1,25.1887484919578,1,24.0785842447654,1,23.6011574911739,1,39.8794811976138,1,24.2644886176878,1,23.5806616530975,1,24.9270081240798,1,24.5053917695924,0,29.0356779177137,1,24.2009689197628,1,23.7876213258067,1,25.4513168201454,1,24.0847737672103,1,25.047826808179,1,27.2466713446048,1,30.6807924444139
1,35.653132482796,1,29.3170731527378,1,29.481833772699,0,27.4936502525517,1,25.780682684353,1,25.3831475739072,1,28.2050522630887,1,24.2781570330442,1,26.6319292922314,1,30.4249929161874,1,30.2747052567811,1,25.1515291354577,1,24.0270607402,1,25.2501568568828,0,23.3412872895636,1,21.6019630879825,1,28.8268846089718,1,23.6637915926333,1,24.4822896416949,1,23.0999006029486
1,39.3941636359058,1,36.5933981665603,1,23.8008864970149,0,25.1077688334645,1,28.8983518050759,1,29.6469786664779,1,28.4418023311549,1,29.634330584104,1,23.1623917938951,1,27.0964350229086,1,24.7665772066981,1,23.9033586766348,1,23.9460621002368,1,24.8107787338011,1,23.5222031427324,1,29.0403309726265,1,23.938929649292,1,23.1983225856114,1,24.5105237644911,1,29.1016889562577
1,39.0989285994481,1,25.4945266355218,1,26.1861228526416,1,25.1774355931199,0,31.4137516671515,1,24.3786924668387,1,24.0398623806894,1,25.5328932020677,1,23.4346822632439,1,27.9493815557079,1,24.3114865505326,1,24.1814328692946,1,25.2424770182345,1,24.6825282677888,1,24.9460407316815,1,24.1632568375273,1,29.3141181234138,0,24.6506726998789,1,24.2069015394587,1,24.4713676897253
1,33.9993533409634,1,32.8245499656517,1,30.2966775122424,1,29.0837501521638,1,32.6861012218961,1,33.4777861724239,1,23.5561190579594,1,29.6226387374539,1,24.7792612859126,1,33.6089181437973,1,23.655598781371,1,30.6309895411736,1,24.543783581551,1,33.9552247039709,1,34.4399189345176,1,24.3075383583229,1,39.5289402195766,1,25.3381980606875,1,24.9868506340759,1,24.1181730729116
1,44.4984873119314,1,26.3206768315563,1,25.4972338616802,1,27.0908340931589,1,24.1764446898672,1,23.1235498702458,0,24.8571129299873,1,23.7095543885338,0,27.4248777553727,1,23.2389257056578,1,25.102949883243,0,24.1362509424656,1,23.45712718078,1,23.9281227715135,1,34.5411440753773,1,23.917660850975,1,24.1316414103278,1,24.4129646380474,1,25.7482995544298,0,23.9781940875787
1,39.6354287364033,1,30.732179555279,0,24.135512011169,1,25.9393050633061,1,25.0747141655097,1,23.9918556075496,1,24.9309558406918,0,26.4194495117046,1,28.675274265329,1,24.7183348642991,1,33.5330571004071,1,24.9260854969989,1,23.7199540255609,1,23.3018948548511,1,29.2624428365192,1,24.3365348522874,1,24.0774336086785,0,23.9394117171816,1,31.8458219918905,1,23.9148919876965
1,35.7552873104707,1,31.3226962904461,1,28.5695877372754,1,24.3309950107382,1,29.3974010225974,1,31.1651620380766,1,25.5142534426254,1,25.1029166898765,1,24.4022969293746,1,29.5518348755865,1,24.8978718342219,1,21.8328364146407,1,23.7007147732961,1,23.6534431582625,0,23.8081481710521,1,29.0395472907131,1,24.4983360991315,1,24.4658646415025,1,24.2775142708859,0,23.915389749366
1,35.1661237295884,1,25.6899009835364,1,24.4549330493789,1,25.6918590022918,1,23.3601954508568,1,29.0759294288274,1,25.8507750657655,1,24.3053899186922,1,23.3219161193425,1,29.2586525566789,1,25.8879659426826,1,23.4736636285031,1,24.6754026120588,0,24.8971639427871,0,23.3878688786401,1,23.9224990895138,0,24.1039540542368,1,23.7934032565404,1,24.5572833863947,1,24.3606803137777
1,36.8161925660319,1,31.7117241020014,1,24.4711118546856,1,25.7029578791687,1,25.1317841925683,1,29.0004800369472,1,25.4554808436598,1,24.2016024693532,1,29.2815453388421,1,26.2560581974776,1,25.6425309944396,1,29.3965032990586,1,24.1782453772405,1,25.2811912340732,1,27.3716378162233,1,24.8084741383512,1,30.2016604470537,1,23.8814663217676,1,20.8764695914826,0,24.3269285035098
0,38.036706714209,1,30.8111559357248,1,25.3709568974039,1,23.8131904449814,1,30.4765407005145,1,29.342391498694,1,25.6058125632648,1,29.5626074501618,1,25.0642056736843,1,27.6160737753965,1,24.3255118539398,1,24.5941301644296,1,24.3053798173648,1,28.6668174352961,1,28.4775426395449,1,24.4039911463806,1,24.6487204306625,1,23.9076957011052,1,30.8106918894936,1,21.8148093090828
1,37.893949544774,1,40.6365717498884,1,29.7132385627106,1,24.5894053748517,1,27.8414215105938,1,25.3955119033917,1,27.9663652500747,1,25.2866955805112,1,25.6237704980791,1,21.5172676639882,1,23.8510328041943,1,24.8768331620514,1,25.6759862774347,0,23.9003540552481,1,23.9762135674937,1,25.2525519909065,1,28.4256989574851,1,24.7281643621242,0,23.2966858053328,1,24.1695883100098
1,38.7290580860318,1,28.4153842349443,1,32.6581410867681,0,29.0678819163221,0,23.6806417497919,1,28.6303999358867,1,24.43268949329,1,22.3879989244361,1,23.3983438774912,1,29.4423630707132,1,32.463126761971,1,21.7772544317171,1,23.2284595681913,1,24.2240010226853,0,29.7252515910565,1,25.4633284144727,1,24.5649539450064,1,30.5245602089996,0,22.6356463959976,1,36.1473165608394
0,41.8211921816399,1,36.0152316185522,1,24.4748759284314,1,24.422319228181,1,30.0301363480413,1,23.6474354610545,1,24.6444266881347,1,24.2431497055731,1,32.1824749360462,1,24.9647684067956,1,24.6644619313333,1,24.6348905909036,1,24.0753190137871,1,25.1342212486415,1,29.2061778852674,1,25.0075315595581,1,24.1023971713455,1,24.8978294596132,1,30.4691747562203,1,23.7548503408537
1,39.3293561325702,1,29.1732768683353,1,31.2628649881599,1,32.5968024554537,1,29.0799595360978,1,23.6944801329249,1,29.9094971086092,1,34.1856717994473,1,30.0271303982547,1,24.3132275933578,1,24.3112056653083,1,25.0847743410842,1,29.0078198652308,1,30.3326683757425,1,23.8634646971516,1,24.3712053972753,1,24.9139895830739,1,24.7878236277286,1,25.2153232235842,1,23.8721510501787
1,35.4714069214409,1,29.7158506646656,1,30.5505440567895,1,26.0104921583983,1,24.8442401236092,1,26.7606952926591,1,24.7194728084446,1,24.7958230474714,1,26.7237013573449,1,29.6278499826893,1,25.3847107626517,1,24.6232450285504,1,24.3715825585772,1,24.3707149934955,1,24.0302623944423,1,23.9993558245326,1,23.23577911679,1,24.9955356902931,1,26.6139321009725,1,23.8429670637241
1,37.5043902685962,1,32.7514448668778,1,24.6229201523682,1,27.9361872347482,1,28.7559470828654,1,24.2656639527727,1,29.6096746116043,1,24.9397061716735,1,23.9721916427702,1,25.248980674482,1,24.9270843969327,0,24.4825420882485,1,24.5291501516145,1,23.6445802482859,0,23.8781765607325,1,23.6085640408023,1,23.55438674696,1,25.6751696937722,0,22.3750641918386,1,23.9556727598281
1,37.627356657383,1,26.983019486359,1,36.7794033986107,1,28.6190250422441,1,23.4426333710116,1,25.43373921041,1,29.6193568021187,1,24.6665577557444,1,24.0406357073919,1,34.2502571275322,1,23.8647085755754,0,24.306676954331,1,28.6995210622562,1,29.7423507050108,1,25.8702458348939,1,24.0733486385638,1,24.5412241378142,1,20.5452443294978,1,23.5062401301175,1,23.3515830482735
1,36.279299816669,1,35.5847184389541,1,21.5795706912282,1,29.7412716145493,1,24.5425635099218,1,24.6195564038086,1,24.3971506119651,0,24.1611437847559,1,24.0451530782564,1,23.3162120479345,1,24.823894752286,1,25.9580766511582,1,28.8297339495458,1,24.1006009850069,1,24.7087963771066,0,21.7224289430574,0,23.1652995164312,1,23.8357290723356,1,24.4380643813059,1,28.0347133931825
1,35.8781637564914,1,30.7292098195874,0,24.3938774080558,1,24.3600505398954,1,25.7961264385504,1,24.1099637363166,1,24.1044929536101,1,24.1279480406946,1,24.4923560556083,0,28.3475061288816,1,24.8129895375628,1,24.0373668748564,1,35.7350798976034,1,29.6741320480784,1,23.084684349533,1,24.2694114390261,1,24.6271775736238,1,22.3589437501216,1,24.4960405165064,1,28.949279558349
0,35.8648875284902,1,30.6449289202811,1,24.3134114485959,1,29.7507416666357,1,24.7094145262562,1,24.4663527813112,1,24.9201144365119,1,26.42948584146,1,25.5731352164463,0,24.2042072229143,1,28.7995978510378,1,25.7159738491622,0,23.069845243318,1,23.3597223820902,1,21.0247000903347,1,25.5863303483777,1,23.9295409057396,1,24.2832615549756,1,25.3432700913714,1,24.4481298976629
1,39.1106361864361,1,34.6639586045997,1,23.8948828309637,1,28.3881976779384,1,29.0879374244557,1,24.0094964382311,1,24.1397406152688,1,24.3064328774903,1,25.6604204119279,0,21.6123794088554,1,24.2944115841522,1,24.664615578779,1,23.7144205978475,1,24.4335660822098,1,29.8307509948343,1,29.2920243877854,1,24.7655120092224,1,23.8052772767969,1,25.3391947975307,1,23.6809902010631
1,42.1665510979764,1,33.8349696316361,1,30.6004808526198,1,26.7219528886818,0,27.1143497408193,1,24.0982077004056,1,23.7913009294158,1,22.6839811313985,1,29.1692073474189,1,32.6052781994185,1,23.9851294109785,1,22.8045995230049,1,23.9369609910766,1,25.192201812491,1,23.6404307735772,1,23.9857909664883,1,24.3125437367234,1,23.6702366035527,1,22.6124059197143,1,21.0101571097779
1,39.6559238773711,1,35.2500354614297,1,24.8008954957919,1,31.4351667006892,1,29.3513540253837,1,27.9287182040005,0,24.3798461876118,1,24.1358062532997,1,23.8822445316472,1,24.9277823638623,1,33.8680220503584,1,22.6981339107515,1,22.4353786843373,1,24.6780768234352,1,33.4841251244641,1,24.042126365993,1,24.585632465513,1,28.5217875110552,1,24.1299318142759,1,28.7807249467192
1,30.5348550576769,1,35.0391021875472,1,24.4541218479978,1,29.645567984195,1,24.7506401860628,1,26.6760547278341,1,30.3313635958184,1,28.4924149747357,1,23.9193462702879,1,24.1844165048543,1,25.1480969090373,0,24.2029980922444,1,29.0240515625605,1,22.7987559263339,1,24.4212854916862,1,24.6979430595964,1,29.1869548528409,1,24.2312266034986,0,23.2608504361795,1,23.5740491071107
1,39.5731879733472,1,37.6004150501956,1,30.1468288439131,1,26.7305250719095,1,24.826136711506,1,24.8322770140155,1,29.4543083237546,1,24.8712236375244,1,29.976384643687,1,37.6437457761515,1,24.6631707902039,1,23.4504889229387,1,24.117662370734,0,24.7100521226859,1,24.2569448166879,1,25.3944209718889,1,23.8135018926555,1,24.290608897293,1,23.0660193849157,1,24.2907837299884
1,36.245576670733,1,26.4544416814728,1,28.6114974395112,0,29.9107863579617,1,25.0550237205259,1,30.7025745144049,1,24.6136155142861,1,30.8043508745,1,23.4904503378786,1,29.8061547033946,1,25.0462518451987,1,23.2987403778576,1,25.3322218336061,1,24.6427551893931,1,23.6796609093062,0,22.2457111263643,1,29.9255047194467,1,23.7788476938449,1,25.4061868264328,1,23.6066980410325
1,43.7551094865774,1,35.4121904082218,1,32.9087556962836,1,24.3625149739779,1,24.4429053849995,1,24.786565281579,1,28.7948840049785,1,21.8598425610929,1,25.6696831583143,1,24.4382857658445,1,22.9005929864281,1,23.868227379642,1,24.8461978657005,1,24.7713258825171,1,25.8668187796518,0,29.7431317473469,1,27.0709442849252,1,29.760321759188,0,23.8162258746322,1,23.8065250806475
1,40.1401288098366,1,32.0831919285349,1,29.432829987734,1,29.7462091979991,1,33.6873103525487,1,23.7232502854376,1,23.9607145648194,0,23.7776395482331,1,25.0769869155379,1,28.8034997368285,1,24.0445936481778,1,24.1420481679092,1,24.0513780982076,1,24.2097537471602,1,24.4786361236484,1,23.8866131187179,1,23.4216809896584,0,24.4403039112028,1,24.7303847798621,1,30.2919206003099
1,44.045035767239,1,33.5037664254172,1,32.9212297288675,1,29.7721243099936,1,24.3958519273558,1,24.8847497217945,1,26.6637463739286,1,25.4847932593498,1,28.3608116849794,1,22.7023943857255,1,25.6899720379645,1,25.7552381587167,1,23.791702314862,1,24.1186329505379,1,29.2840402073513,1,30.7193538105479,1,23.6147762754356,1,24.2711266191904,1,24.2712492452042,1,29.5632494148322
1,43.1546656485871,1,37.3225922378805,1,25.2047329237039,1,29.0946713401402,1,27.9262028612797,1,24.972334279964,1,24.6851020418951,1,23.4901426372649,1,23.7712958299113,1,23.6385871011782,1,23.795925495377,1,24.3545085275421,0,23.8997487528911,1,23.8779619603641,1,22.3295394196781,1,29.9997598291158,1,26.4360881259968,1,24.0759291930665,1,23.9154918663738,1,24.6208475704443
1,33.92500526425,1,29.5873421251809,1,29.8082603073653,1,23.8090528014413,1,28.5129514670097,1,23.5509214681805,1,27.1490229751392,1,28.9371862547285,1,24.2079922486974,1,24.6507647929102,1,26.4029593080283,1,26.0761068139729,1,24.8971614613591,1,24.4074645802967,1,23.3362677642221,1,23.277534164153,0,34.5788770673562,1,29.1916443895004,1,24.3370187891854,1,24.0019468185906
1,35.9188397162699,1,31.6305152034269,1,24.8318341621719,0,26.3172939161101,1,34.0161732479917,1,24.8534090318891,1,24.0532693011407,0,32.157916798105,1,25.3960534236427,1,23.9182336809512,1,26.2958993235196,1,30.2408349954304,1,24.719553462708,1,23.3449200477432,1,24.6130277244914,0,23.623784199812,1,24.7513942061758,1,28.9910792776693,1,24.7365966497564,1,24.6509275606934
1,34.0335890913836,1,31.8138159127414,1,28.6415091273287,0,30.0842947612648,1,23.8505454694676,1,28.5004285446356,0,24.7776807517105,0,23.9148220514924,1,24.4231490146293,1,28.6859180260891,1,29.2566324708975,1,29.3148006262759,1,23.7586164557342,1,25.8302896166587,1,24.7919993338759,1,30.1703840086025,1,24.9543084893986,0,23.5824598417414,1,23.8795961976882,0,24.491482844062
1,37.9866358917965,1,27.4423370192552,1,28.7648959341592,1,24.4092204183557,1,34.1975083319146,1,34.3362632572825,1,25.2240712579462,1,24.8350434435895,1,29.2106581008503,1,23.88966337524,1,23.308191134413,1,29.309451283359,1,29.2931874194907,1,24.6467538637989,1,31.9963562459129,1,25.5826115764203,1,23.0833267456426,1,24.4440940372734,1,25.0230783391145,1,23.8916825083951
1,39.1185880703137,1,28.953073190581,1,29.724431820401,1,46.9285644025759,1,24.0223517050014,1,25.8886542716139,1,32.3648401532534,1,33.1063343914136,1,24.1655494884815,1,23.0207388963448,1,22.9873687095889,1,29.557237104841,1,25.0701026291721,1,23.5526624792723,1,25.118935496862,1,23.652229453343,1,29.1415607502565,1,24.7039671632881,1,24.3954578162368,1,28.6618714289917
1,35.8273927718029,1,29.5636203180554,1,33.1838419277319,1,28.5985456387737,1,25.3989967420156,1,23.4580916772784,1,25.0790090701302,1,30.9014660156663,1,24.4928090153513,0,23.5649607214404,1,41.5525630672433,1,23.0824627890537,1,28.8193336697373,1,24.5798219933617,1,27.8992119404862,1,28.8318288167081,1,24.2260266487403,1,23.5133071886815,1,24.5445006033187,1,24.3095712264836
1,45.5321866604302,1,31.3481762829989,1,29.6935642143229,1,26.5985334093747,1,24.7719143006373,1,23.8723674812039,1,24.273501272197,1,30.4116871849343,1,24.4825798481792,1,25.8187712158083,1,28.5039068252294,1,25.4598811983117,1,29.1825365668171,1,30.324899181714,1,25.5354896887221,1,26.5692846954458,1,24.0320719568351,1,23.8926417944988,1,24.4202357204373,1,24.7540302895433
1,40.0199817681736,1,30.4089012478867,1,36.4847113992697,1,38.6474118628075,1,24.3719034884178,1,25.6699251316636,1,23.8803030515342,1,24.3502162493893,1,23.867864039519,1,23.0348156081634,1,24.3575281951189,0,23.9966190668316,1,31.0827121585418,1,30.2894963160634,1,24.061315156258,1,25.1713343525009,1,29.3583591921806,1,23.5278233539871,1,24.0465381771882,1,23.7864228305266
1,37.6801778791868,1,43.6912518110514,1,25.8959024492911,1,29.1755928352605,1,28.3445463816119,1,23.6362962457672,1,28.8243564103192,1,26.6970087014854,1,24.73617341085,1,29.1827668285272,1,29.459711654675,1,24.1080799830883,1,22.4857759384118,1,29.0643138335159,1,28.8939911177093,1,23.683242039539,0,28.3708656547927,1,24.8165326070224,1,24.0236862324538,1,28.3622571878169
1,40.3193183348289,1,26.8782002609935,1,25.3778329338626,1,28.2991489986554,1,29.4051040109972,1,24.8630242118034,1,28.8191888794052,1,24.1608754258406,1,27.232708173438,1,23.844957887193,1,23.9149627926529,1,24.0309200922533,1,21.686081790797,1,25.0495102451464,1,23.0679858427746,1,19.8913301336821,1,24.3340409181398,1,24.6878779633105,1,23.7116729436796,1,24.6843598203595
1,37.3265377905447,1,26.941090668337,1,30.0441756419944,1,24.8754190277821,1,23.6955065049402,1,32.1314915602769,1,26.3681502254839,0,29.6886074767518,1,24.5749151976046,1,26.0156094435688,1,24.5114325150896,1,24.3550632206471,1,24.916009359971,1,25.4170818806463,1,24.6459877700708,1,24.0857087492665,1,24.33032215618,1,23.5698160300763,1,29.6193887099997,1,23.7352717888413
1,36.252088822504,1,30.1488704812576,1,30.0872050619411,1,28.4364378712759,1,23.9254197709827,1,23.884540659123,1,24.89213529643,0,25.6701835080912,1,23.8005999269237,1,25.1348717250241,1,24.9217878573695,1,30.0615843738095,1,29.5935061670754,1,25.1961960579526,1,29.3572758787036,1,24.1186478810118,1,23.7533882287029,1,30.1840554272199,1,24.2301245623927,1,24.2090420797613
1,35.5828973839093,1,29.0092032278086,1,30.9164129277878,1,33.0019649872451,1,32.5630300762035,1,24.2718180799173,1,27.9890463610922,1,23.9510880997194,1,24.4070540745496,1,25.6318171236218,1,23.6893380184064,1,24.6185108933224,0,24.4661206664843,1,23.7990263972225,1,23.3392235478981,1,30.0238331212882,1,23.5412657718652,1,28.9909905121904,1,24.16163144742,1,24.1906794588308
1,34.8181785247493,1,31.0487422699063,1,45.0668716320664,1,23.9376927788267,1,24.0859607863819,1,28.4900308769529,1,25.904441183648,1,23.4228594475081,1,29.9630766273007,1,29.7243408589645,1,27.0752752455993,1,24.4142388346857,1,23.2134627822981,1,23.9215051554451,1,23.9464046911728,1,24.1861111047277,1,25.3819705469705,1,23.9872990220368,1,23.530999004692,1,24.6131898422986
1,38.8638387938642,1,32.6042146081791,1,23.3151396357325,0,27.5957852129798,1,25.352017355943,1,34.1025436763535,1,27.6263485379562,1,29.3463586494412,1,24.1787708537913,1,28.2536700867069,1,24.3564971418351,1,28.7580944545034,1,24.619372000246,1,25.7803002243291,1,23.98353680389,1,23.9738285567731,1,23.4609137286255,1,23.5840663379038,1,24.1019496722104,1,25.7339735264797
1,37.7379593244097,1,27.0708343353741,1,33.0560409430522,1,27.4306884788082,0,31.0602985552271,1,28.5604439759003,1,29.6783328499042,1,35.0196564894208,1,23.4269108928747,1,24.5374010853861,1,24.1381900162867,1,29.6784284476,1,30.3686485952492,1,24.8501681422591,1,23.7043074526483,1,24.5850482459443,1,23.7346333524381,1,24.6718301497251,0,22.9470996997687,0,26.0536673903703
1,39.0746799411097,1,35.2099867681833,1,33.6790387046288,1,26.1852120553866,1,23.5902555312346,1,23.6669889953314,1,29.0671937709768,0,27.4951031810898,1,28.547980598403,0,23.5263588876076,1,24.8147555143062,1,23.4927053358228,1,35.4316282436307,1,23.9461251416901,1,24.3334142707372,1,24.2880998928761,1,23.8838065748123,1,24.1801224569783,1,23.3051172211956,1,23.784728873292
1,35.3019185742202,1,32.7457910987153,1,26.8439431069581,1,24.5205614375744,1,24.2561994739733,1,26.6610521188015,1,29.7207987974146,1,30.5473868666038,1,35.8898702251224,1,29.768384719587,1,24.0630563320267,0,25.0895189554737,1,30.0959863779276,1,24.9146530627175,1,24.5284110557173,1,23.7701269023814,1,24.0979291179405,1,29.4930973757927,1,25.876403515943,1,28.84457570024
1,36.6435077685897,1,30.5112284095835,1,24.8312689952708,1,32.0799975195789,1,25.1649624353643,1,23.973129322335,1,28.6539384027915,0,23.7856889188822,1,24.2300565433731,1,25.114649953642,1,25.1460982455151,1,24.1982341266238,0,24.4895348336268,1,28.382183818453,1,25.0779353991544,1,24.5452538236862,1,24.0892847819532,1,23.1824013401566,1,23.7591471341304,1,23.8486212000579
1,35.8858756584466,1,29.5199389114985,1,39.0978162970007,1,28.3120342999048,1,24.560693257803,1,29.3282544476227,1,23.880772462809,1,23.0453017017345,1,24.7852371630266,1,23.7239102959097,0,23.2665693186607,1,30.1796790149562,1,25.4846562607229,1,24.1718351354497,1,23.3776714439494,1,23.849963145764,1,23.7599516769988,1,25.1088746005368,1,24.9595641126277,1,23.8883889419211
1,35.6511030678302,1,29.4315839994259,1,48.3007741184973,1,25.2319884373239,1,24.1271690592155,1,24.0033167421704,1,28.8079324614484,1,23.3087767315747,1,27.4294972432083,1,23.9696715412982,1,28.9757867108679,1,23.9920564134156,1,24.8233603491635,1,26.3105697694562,1,31.2584597032175,0,24.4236669252945,1,24.6199720196797,1,23.7705571789751,1,23.3824664675914,1,23.5980769683119
1,46.8343050205572,1,34.502212770417,1,30.1346264415598,1,33.0670968406691,0,29.9204405775625,1,24.6768060740244,1,24.8115649657727,1,24.0413983571382,1,26.1799982984427,1,29.9479412934598,1,24.2864436231864,1,24.9945508868951,0,24.2655458079076,0,25.3512834156908,1,30.3327514990668,1,24.1626625253474,1,30.1633996793546,1,24.5902052782426,1,24.1875194542096,1,23.1800710931614
0,37.6534426604799,1,36.4473510519106,1,23.6183288508919,1,31.2167486785917,1,24.5790186978864,1,27.8915681739451,1,24.2066084028528,1,34.2742574903164,1,28.9481692601164,1,24.9024869650131,1,24.5905857578876,1,24.4319044038651,1,23.9804655170915,1,24.9847203694595,1,24.2325822480831,1,23.3595099866056,1,24.8093384872755,1,25.7822271602262,1,24.2576960506545,1,24.0002254090113
1,41.341213160961,1,31.7255784766917,1,29.2526904350678,1,24.7537789069528,1,25.6104608642151,1,25.7937609462522,0,23.3141481604676,1,23.6539609113615,1,30.1883927287969,1,24.2297595546667,0,25.7558482882833,1,24.2728566103113,1,24.4685855732737,1,32.5713312731242,1,24.9620411670991,1,24.6870968283892,1,24.4259811120721,1,24.0338464534701,0,24.0735501780737,1,23.9199313598313
1,34.7503391026551,1,26.7996566745737,1,34.4507176624695,1,34.0887679388234,0,29.907380895924,1,29.4379625285518,1,28.4014389547471,1,23.2810236503469,1,23.3402835657952,1,28.5628641267746,1,24.2073318075123,1,23.1312332638423,1,24.0572382102023,1,25.0991421709384,1,23.6030371312549,1,24.2684783264046,1,27.7247594122245,1,24.0768637279077,1,24.0251095583984,1,23.8842916556969
1,32.3619670105163,1,33.6733650668135,1,24.357086671728,1,32.9267245937671,1,24.435166262244,1,25.2544111623149,1,24.469380264523,1,28.316661241971,1,24.1077503286907,1,21.4252137522156,1,34.7930570738492,1,29.8234613234001,1,28.441585841908,1,34.6701269438632,1,24.8475581916555,1,30.4035289998061,1,24.1400075205058,1,23.6094471904366,1,24.8616513477082,1,25.8981746184064
1,34.6252695474363,1,25.8721532143146,1,33.5834892959715,1,33.8004019282384,1,23.8890412952718,1,23.7841700888471,1,25.1054234754709,1,23.7909825905149,0,27.6818126504287,1,27.2983942793493,1,29.7654748551415,1,30.0149632132039,1,24.6836123658471,0,23.747816736613,1,24.1008299591504,1,25.0249137922015,1,23.4929682132083,1,25.8788302054626,1,25.1456928831067,1,25.5299555211251
1,37.5955534317904,1,34.7131709763302,1,24.7331571610522,1,24.2415720854772,1,23.4784969294361,1,24.3496310481373,1,28.0598063883264,1,25.5138284832937,1,24.3468567114381,0,24.2978414819708,1,25.194853716908,1,25.6240579719909,1,24.4008099878517,1,25.1637387100067,1,24.0137696770844,1,27.5770087115586,1,24.3756742035818,1,24.299291611382,1,24.5208582840189,1,24.2264779178146
1,42.547096420294,1,30.8608932644574,1,30.3803110395226,1,25.1282343965102,0,25.5762177891736,1,29.516443371821,1,32.8031543296677,1,27.4216717634666,1,24.2487390878409,1,23.3247677040906,1,23.6233806785589,1,28.6183664769495,1,24.6653820883458,1,24.7117217101546,1,24.0196119916473,1,24.1421273947467,1,24.3807169921179,1,24.0719731557441,1,24.5799664539787,1,23.6335553965751
1,41.5418950818042,1,29.2125316372063,1,30.0147629191672,1,22.7065701215988,1,28.8462205998827,1,23.651274036258,1,34.9415630709127,1,24.535680355232,1,28.8455206446665,1,26.1221136991076,1,24.8334836260702,1,23.7741336262881,1,24.5582806454416,1,24.2466760212259,1,27.9271199860848,1,24.6581734490976,1,24.6221241854801,1,20.6787259768712,1,24.2453882497467,0,23.9750234461033
1,45.6631995290577,1,30.3301489114909,1,24.9873942899773,1,25.733457293595,1,27.298127407766,1,25.8713622071317,1,23.946891273922,1,28.4690855129796,1,24.9745568536179,1,24.0100413878584,1,25.7526471299804,1,24.6205449399777,0,29.7471568622698,1,33.7216280549992,1,30.1269326071953,1,23.7578982054844,1,22.3136804311327,1,24.8672850959122,1,30.3358429239425,1,25.6510918654022
1,30.3932436371022,1,32.0348204984115,1,31.7165469310763,1,30.3060992394813,1,24.6089461884523,1,25.0687321634099,1,24.9140917517406,1,24.7875288037943,1,24.2024041785636,1,24.2007048996811,1,25.9251715613441,1,25.3706568427329,1,23.7348091241075,1,25.8244754396384,1,25.6861120167185,1,24.1751358922911,1,30.2722081144312,1,24.4769452935,1,30.2029333614213,1,24.7972598383193
1,42.077650868838,1,29.5154598395769,1,28.176476762624,1,23.963645853341,1,24.0480038072775,1,28.956107411332,1,33.0656408510698,1,24.1048344826517,1,28.2448927942231,1,24.1954406459095,1,24.174628996172,1,35.1392009151181,1,30.3839649660081,1,30.0211676111531,1,25.9924064815473,1,25.1033724816818,1,24.8312789945342,1,23.8414690342787,1,24.2937587725562,1,25.4292018580045
1,45.7680880922017,1,33.7204072287699,1,30.5291012076435,1,28.9617374550945,1,29.2150326817543,1,23.6920872862819,1,24.008863140088,1,23.6093260123546,1,24.4883898154987,1,24.3349825136788,1,24.9167097753902,1,25.385003449598,1,30.9068214420842,1,23.5846563392202,1,24.2110662139374,1,23.8190822208456,1,24.3221729433644,1,23.9845578435966,1,23.9912308647854,1,24.4805534915228
1,30.3471681858952,1,29.0291240753068,1,27.5811939257275,1,29.6846552131642,1,31.2675878135448,1,29.5063827590098,1,24.7421201609405,0,25.1988406979316,0,24.7438936901587,1,35.4741867478093,1,24.2233471127316,1,24.1112025511236,1,29.838458129213,0,25.8885159399989,1,23.4603486682828,1,24.0691624422886,1,24.4712633588204,1,31.2977460194967,1,24.8133396241332,1,23.9920094766467
1,36.9918876305916,1,32.103042375604,1,31.6426638994535,1,33.5414340555749,1,25.4864448809269,1,24.2528600198245,1,29.5692191099581,1,24.2281141439431,1,24.9511645857943,1,24.9706806710465,1,24.4394338285594,1,29.805106609065,0,24.6825871332524,1,25.9286692523138,1,24.7317405692032,0,25.6789865691159,1,29.5611372994911,1,24.1949270943637,1,25.7605926524752,1,25.0690797119261
1,32.8480063474693,0,32.0051805772515,1,27.5200720098746,1,28.7168012799073,1,24.1220596280646,0,24.7444281138857,1,27.9747266960478,1,23.7572060878222,1,26.1675359380641,1,24.1452126064652,1,24.3303709706856,1,30.6460696749199,1,24.4251713993575,1,25.7463795129057,1,29.1622745222185,1,29.4475330147805,1,24.0166173931701,1,25.1494628565421,1,23.9724976245252,1,24.1595084327648
1,44.1940154514319,1,27.2299773745236,1,24.0225564331632,1,29.2847820929085,1,29.6099312067014,1,23.6348389013572,1,23.4923558351368,1,24.5885776758555,1,24.7686402985378,1,24.4431349346435,1,30.7620673363685,1,24.5264364079492,1,25.0925960518391,0,23.9343470352692,1,29.4756562078613,1,35.979672233878,1,23.6546598082951,1,24.6927396116733,1,23.4544401364134,1,24.1806557753081
1,39.7633644830963,1,30.6957334186751,1,29.4947921542712,1,31.4990504583075,1,29.362763408796,1,23.4357607251317,1,23.9373289746764,1,23.9567018462315,0,33.5503598092831,1,23.441113485404,1,24.6025250585699,1,23.9221284549664,1,23.6832774798433,1,26.2749714991925,1,29.5992501914355,1,24.9705973643663,1,24.8259536081923,1,24.8254403381787,1,23.6787426957949,1,24.6140925511984
1,35.8550725431652,1,32.0283920764476,1,25.4181478480575,1,26.9463012065031,1,29.8258202704778,1,23.0477127109838,1,24.8476016347866,1,24.2423627871297,0,22.7886365537398,1,24.0240211598653,1,24.7528628211149,1,24.8311222442236,1,23.7817939316878,1,23.9291518059263,1,24.4705464242057,1,24.2847044375459,1,23.8481907705193,1,24.41718035254,1,20.7685863196838,1,23.4612774555805
1,48.3116434441058,1,32.9372985690727,1,29.9788960924794,1,25.5197265918469,1,24.048926350302,1,30.1786382145511,1,23.8147417688785,1,24.9715722825664,1,30.0063498333614,1,28.9579044134673,1,24.6069034885156,1,31.0240919158122,1,30.5749251334861,1,24.1875506442573,1,23.849030079978,1,23.6131237904922,1,23.6786045645597,1,25.4360408546619,1,24.2877153871972,1,24.1797501319408
1,35.6193123402215,1,36.5584368227034,1,24.4297791532249,1,29.3168584045837,1,31.8410844465057,1,23.9325759614705,1,29.3723660581062,1,30.3442999668911,1,25.1104347105047,1,29.5248071838005,1,25.7366673813008,1,24.667192678638,1,34.1881210583982,1,23.9988015779515,1,29.888843017224,1,23.8679494003791,1,23.8182034125384,1,24.5610548691003,1,24.2474411332978,1,23.9858028903746
1,38.4224297154648,1,31.2999389511279,1,27.0176776034137,1,24.5102190790735,1,24.9331936189597,1,33.1232762442909,1,29.4328425284039,1,27.9735536071591,1,23.9399494855263,1,24.9368336732058,0,24.8309429901568,1,24.1776649143875,1,23.9006564701472,1,24.4930793830391,1,23.72537341535,1,25.531852502225,1,24.2118480040654,1,24.5901329759906,1,25.3850524542908,1,24.1403764690907
1,34.7357785361887,1,27.4444482233863,1,24.0512908306224,1,23.4814605705233,1,27.0925269111851,1,25.589960611733,1,29.403893244563,1,24.8418892500797,1,24.2154469336174,1,23.7760211397055,1,24.6604209609964,1,24.2811453112939,1,29.0876708813572,1,24.2725177703321,1,29.7575906583623,1,29.6797357291554,1,29.3297273177466,1,30.0086658894645,1,24.744716696174,1,23.3943878153777
1,42.0883523265838,1,29.0460859764813,1,28.4150973768876,1,23.1232653083429,1,24.03498601576,0,24.0854278020001,1,25.4851155219636,1,28.1516137597218,1,24.6607805661724,1,29.1468989589549,1,29.2101370117841,1,29.1524762310666,1,24.2867234023335,1,23.3995710235,1,24.4811292420982,1,24.4262421269219,1,23.5955464036598,1,24.2215569887334,1,24.105544297113,1,24.4856947042215
1,36.0254671342281,1,37.5573242578805,1,32.3480438309174,1,24.9639645914351,1,27.9356049624928,1,25.2915356263986,1,23.8171270306143,1,24.5724144428605,0,23.2225740735434,1,30.0788855792977,1,24.1859880466266,1,24.4586147959419,1,22.8780212794959,1,22.9452078272804,1,24.488654138402,1,24.334033478419,1,24.1957036082204,1,24.7895515514215,1,24.0443262437142,1,23.5426229160809
1,34.845116143459,1,30.5741809175732,1,27.8650007353793,1,23.9296795323481,1,23.4752846156116,1,23.2795305732408,0,25.4938741737481,1,23.7075988467888,1,24.6274367519493,1,23.0369649068307,1,23.5584217709737,1,24.9982519450528,1,24.6645031985342,1,24.7576020754261,1,23.9053478100585,1,23.1857080801914,1,23.7920093907521,1,24.5906287618903,1,26.189926416558,1,28.7226854279715
1,41.5720172178296,1,35.1920447998675,1,23.5189351381145,1,28.4014921995172,1,25.7655718500536,1,25.4268583023948,0,23.7206324803382,1,25.8508406587316,1,24.6898389408595,1,23.3630188936509,1,28.9164887932758,1,24.2039470107692,1,24.2923624386547,1,24.2850539823773,1,24.3449067469007,0,24.3688332135702,1,24.4974906877249,1,29.6773891161185,1,24.1575425420499,1,24.3121835485798
1,32.8710445725017,1,30.7002074811795,0,27.2125899803818,1,30.3484874599142,1,29.3581333113071,0,24.8549283863233,0,28.7757191293852,1,24.863993846687,1,22.3303438579667,1,24.428592633345,1,26.1952196943812,1,24.2976897361372,1,25.7159424741067,1,24.5303261738594,0,23.4895311190615,1,24.4579872880989,1,24.8321357183988,1,24.409611599083,1,23.8865960832225,1,25.5678902487409
1,42.2990735227108,0,30.7891462648201,1,31.6169573339314,1,26.1301675415205,0,24.6063928611943,1,30.1358132872922,1,28.4642612542332,1,27.923626770539,1,25.3069602603887,1,22.704926993607,1,23.697729540863,1,23.6769027332577,1,23.5445593645818,1,24.6439169393617,0,24.4664201430113,1,23.7980688554192,1,23.6843045692911,1,23.4428433683319,1,24.2738997778678,1,29.3752621770766
0,36.4788242576595,1,27.7622577122979,1,27.1145116414383,1,28.7843403919074,1,30.7172099925093,1,29.3239051796909,1,24.1280746005329,1,30.4158302734169,1,23.6296203959568,1,29.3219723735953,1,23.903154427442,1,23.3345441440892,1,24.5549816475553,0,24.5307063905592,1,23.9672933904004,1,24.331719079384,1,23.5217081373894,1,23.1770422158009,1,24.0496335029321,1,30.5730582319694
1,33.2083703875851,1,26.4956037425523,1,30.7050011961558,1,29.7154776316908,1,27.6614500185507,1,25.2475695787674,1,28.4249906261521,1,23.8845816666244,1,24.1663853397613,1,29.0013850533059,0,23.7378087546548,1,24.4981198940103,1,24.1145186251795,1,30.0831113904038,1,24.2822555792502,1,24.9802255444028,1,28.7466442247317,1,21.5656578629308,0,29.0458611047899,1,24.1400481184013
1,37.533644876587,1,26.9285447545359,1,27.1294683689396,1,26.3430561714744,1,29.1581358765987,1,29.9440581443989,0,24.8771783267095,1,25.3275534471649,0,24.202960840123,1,24.2211709633195,1,24.5925028604515,1,23.7398384806151,1,24.5965321864592,1,25.4848101277146,0,28.6983956481723,1,29.8397628337569,1,23.3242064921521,1,24.0867699366105,0,26.9169725518644,1,24.7293330151782
1,42.2661345599579,1,32.7669144397834,1,25.7760394656692,1,26.2406044840638,1,25.0282336017373,1,29.013271171344,1,29.3715420469655,1,29.6458356676518,1,23.9322356595768,1,23.7497069814191,1,24.5098215946991,1,23.7850627873893,1,25.0458148415868,1,29.0213380879601,1,23.9700451575431,1,28.3228984376881,1,24.4688695937766,0,23.7395855989239,1,21.7839557739466,1,23.9132632232629
1,37.3650377127466,1,32.269303477883,1,24.58772178635,1,25.8719207516337,1,27.649846185973,1,23.9408375693861,1,29.0915301950443,1,24.6184779005341,1,24.283091870654,1,25.7988292558835,1,24.6471745573784,1,29.1850500790987,0,24.6623456145009,1,23.6081591739304,1,29.2567143336071,1,24.2606079792871,1,28.3441413566515,1,24.1174286626237,1,24.9586008074621,1,30.1041678302156
1,33.6160723085815,1,30.8096420947459,1,27.7709189193182,1,43.2693900130175,1,26.7617950186009,1,32.3252938113645,1,31.7120449501825,1,24.5345812413165,1,25.3462708504601,1,24.172283960378,1,24.2944648985003,0,28.6648568402248,1,29.9735055964963,1,23.8667229318163,1,23.1337988298541,1,30.3923934784652,1,25.4771590170159,0,24.0266752962168,1,24.0946161194044,1,24.064887223484
1,36.8579738163989,1,33.1610298418513,1,32.1679178139654,1,34.5866108982634,1,23.9666953861194,1,23.5042995906385,1,29.5819967446539,1,50.1514628878667,1,25.3563532203869,1,29.469486048457,1,34.5498219246693,1,24.6230581781987,1,24.0067395401344,1,24.0217035678047,1,23.9861244440931,1,24.9760519993985,1,29.2012171255477,1,24.4743795444711,1,24.3114672337265,1,25.036730335356
1,30.9801442381025,1,34.1032622351683,1,28.1439986239764,1,24.1499937508356,1,25.0713014096822,1,24.467005521914,1,24.5381637577356,0,25.1000434453662,1,23.1866763006274,1,24.2989514932216,1,24.279942077917,1,24.8039920785596,1,24.2150823699794,1,23.689432832426,1,24.3824199752083,1,24.056339967213,0,24.5500305771593,1,23.4484983837838,1,24.2904526600374,1,23.9581936121347
1,39.5038889239368,1,26.6694310435049,1,23.3001739128316,1,25.138205051162,1,35.3284235086176,1,23.687727335795,1,30.7452530205113,1,24.2244916000193,1,30.004630169391,1,24.8979271627718,1,26.9199002716958,1,23.997618226604,1,24.2527147263195,1,23.7647768784744,1,29.3461564344392,0,23.6050669266431,1,24.7691470136667,1,24.7458930116435,1,23.3528747771063,1,24.6266130421733
1,35.3003820452413,1,27.0025461722306,1,25.1169906936836,1,24.7901463790339,1,24.5172924036038,0,29.2313263986282,1,24.3072397653057,1,29.6733854580272,1,24.4727646679594,1,24.2803847461721,1,29.3958647064223,0,28.5671880283035,1,24.1825622396258,1,24.0317059991897,1,23.7833781745913,1,23.6868882296658,1,23.8089822730225,1,29.0786310014105,1,24.6202353120124,1,23.8175984055363
1,38.1982966842001,1,28.8435330036657,1,31.6246261308421,1,24.8018780531975,1,25.1033682386604,1,23.5326377155004,1,30.1811363676368,1,25.0374774883635,1,24.215798231797,1,25.784717193118,1,24.6146513412107,1,25.0855062728263,1,23.5992191834215,0,23.2003312479231,1,24.5907904956576,1,25.2994280231151,1,30.0781950894447,1,24.2201795766834,1,25.9453499596557,1,22.3117395396644
1,41.9637739703467,1,28.3524954948468,1,31.9952987220922,1,36.3922674538367,1,24.7510196624215,0,24.3378667627384,1,29.430648979447,1,24.1380432504167,1,24.1398306583343,1,32.0605256721015,1,33.7809760992852,1,24.8593945815609,1,24.3365392927034,1,27.9935621739171,1,26.4696574591317,0,23.8031923802487,0,23.1107198621627,1,25.0018970825455,1,24.6033351735174,1,23.8616743654907
1,37.8113055145403,1,31.3415373944938,0,25.1286537047375,1,26.3982406932286,1,29.0670247884384,1,25.7370939433255,1,24.4189309971599,1,24.152684054003,1,24.1714423237365,0,23.7550886433273,1,23.9068692103142,1,24.0390316143894,0,31.571214562985,1,23.5115681696007,1,25.8671722054446,1,24.4361212477902,1,24.117186098109,1,24.7024519452671,1,25.003408249532,1,22.1496343269614
1,41.0318565964052,1,29.005024003161,1,30.3294086548547,1,24.0724244681065,0,23.9087315214864,1,23.2948597357342,1,24.2155327718895,1,23.3041961113366,1,24.5352093473529,1,28.8383624807892,0,23.921172299552,1,23.7518378805571,1,29.827587224325,1,24.6986189885162,1,24.4582460519028,0,23.6599095314476,1,23.9351469864094,1,29.3461316067903,0,24.189976162179,1,24.5575129617195
1,33.5786715269031,1,32.9076774420993,1,31.6179567338355,1,30.1668557426975,1,24.0134113502563,1,24.5524058236405,1,25.6120168476503,1,24.161890320947,1,25.2316091940175,1,28.3477361073513,1,28.4993638450277,1,24.370128079649,1,24.0502048255632,1,24.7309694385829,1,24.2955912946762,1,24.3534567174071,1,24.9149799859772,1,25.4220626511747,1,28.4240018852879,1,25.3661201522885
1,36.1985702738011,0,26.4989414691952,1,28.765901357204,1,24.3563031966685,1,23.9843220047786,1,23.6718881880495,1,28.697344652588,1,24.7486032983393,1,24.6693689247786,1,24.108829949136,1,24.211764716164,1,24.121954611774,1,29.7225492889804,1,22.9755178559083,1,34.2751381269134,1,24.1015021987726,1,24.284178452012,1,25.4081191660091,1,30.6492785047916,1,23.971320451782
1,37.7822897808663,1,33.7758653758376,1,29.0279917059204,1,28.2412345376119,1,28.8414665657315,1,24.4077480596665,1,29.2640852750932,1,29.1531791530551,1,23.7663263532261,0,23.886383486102,1,29.1660189085536,1,24.0178203049219,1,26.9803777364435,1,24.0331946453865,0,24.4946805603383,1,21.7036120217158,1,29.9483967623962,1,30.2617433598029,1,24.0747839335425,1,23.8006048798604
1,36.5894072343646,1,28.9334478080304,0,27.9816327684382,1,28.173165323659,1,24.8528378137979,1,26.7721686392553,1,29.059940659837,1,25.0062188725959,0,23.8697909778673,1,23.821133981413,1,25.1797828617032,1,25.0314290839481,1,31.6169661940872,1,24.8096841297968,1,24.4962186767796,1,24.0501050714021,1,24.0970217999678,1,23.5963399994729,1,22.0245615108732,1,24.3843029547551
1,41.2124999448529,1,29.2084117991183,0,27.8372140550428,1,24.5583463130412,1,34.2583349383608,1,23.5128294809185,1,24.7842957946599,1,29.0955284491186,1,25.0936715868309,1,24.386827924094,0,25.1619174227271,1,26.1520629848277,1,24.5807772964417,0,24.3238610853853,1,24.1869906786259,1,24.7042223002666,1,24.9210297964935,1,24.1763723624217,1,24.4638549942355,1,24.5722735324916
1,37.9871909499109,1,31.3363382501279,1,27.4914482668269,1,29.8904973721989,1,34.0190945340717,1,25.556216598965,1,24.3913570142342,1,24.1818936611513,1,25.3467536341783,1,24.4988644530647,1,24.0903915283729,1,19.1421121169087,1,24.3900842691409,1,23.884544216241,0,25.1252106229709,1,25.8011569421353,1,25.1227859548603,1,25.685846921758,1,23.8264916472091,1,24.7999134032957
1,38.0714471638199,1,39.9733070130421,1,33.5651054380374,1,28.087489139286,1,24.6617469719725,1,28.9211967280313,1,23.8777783936883,1,24.8015910473239,1,24.3313837264055,1,24.7350832799766,1,24.6288904090462,1,25.1848670461371,0,24.3913460898417,1,23.8063445673217,1,23.7819971292593,1,24.3513655028212,1,25.3613607360289,1,23.2309603828108,1,29.8751154599529,1,24.104847514872
1,36.4078399492724,1,30.2903963185332,1,28.7605415421437,1,34.1688957174253,1,24.395113077466,1,28.1429177388272,1,29.3145691743084,1,24.7079992052014,1,33.7503115155638,0,25.0087335922788,1,24.3055793073978,1,24.2764013887281,1,30.5576574926559,1,23.8659559057779,1,24.8591911785778,1,24.4844868009397,0,24.0063099807796,1,24.6392398423413,1,23.6560078432086,1,25.8643486754121
1,33.8056762725538,1,34.6050200159151,1,32.6396149417208,1,25.3123806462134,1,25.157798244013,1,24.8351923419643,1,24.1231835107569,0,22.3593955200422,1,24.7968336828648,1,23.5894896387131,1,24.7759873801361,1,24.1444331862067,1,28.4843958397504,1,29.6117139517541,1,23.8741896165645,1,25.1446490615126,1,25.5885785692416,1,23.570116973338,1,23.9994830160956,1,25.4532242727882
1,41.5138429558777,1,27.2148087531282,1,24.2418864713349,1,33.9181777246322,1,24.4460558250097,1,28.5172238108718,1,23.4627951612939,1,24.8878106908194,1,24.7779793693457,1,23.5994875596564,1,24.491501060773,1,23.3695561699895,1,23.515714950216,0,30.4142118819456,1,29.2286365197121,1,25.0912410364637,1,28.4425197254474,0,24.5969152583293,1,24.8960449205816,1,30.3048310707242
1,40.4796610624503,1,33.2039648038965,1,24.2227550673762,0,22.3144371080018,1,28.5763163772761,1,28.4498231510338,1,23.9888116831374,1,24.1764481099137,1,25.5699568442006,1,28.4118542213858,1,35.9577399415401,1,23.1218485002445,1,22.5946022692387,1,25.0811816535314,1,24.4598040600579,1,30.6334130624716,1,31.2602874157712,1,25.0895151088419,1,24.3420110003288,1,29.9361903178426
1,34.0577659016778,1,27.6897664126068,0,26.6184591307385,1,25.5596697648916,1,24.3240350610683,1,25.4546635757353,1,28.2337628303904,1,25.2993706878089,1,30.7126158856364,1,29.1017906706592,1,30.3214662842562,1,28.9079788138481,1,29.4277730085862,1,25.4520257573175,1,24.3391916187525,1,24.0931568186908,1,24.1759982954172,1,24.6829514169653,1,30.5836216254459,1,24.0890607434273
1,36.833333480267,1,28.504127283904,1,28.7791715718256,1,24.233626114509,1,33.1944845297284,1,23.9554351420818,1,24.6624957513046,1,28.546872438196,1,23.5790380455311,0,24.3779793044916,1,28.5833702886329,1,28.1301058297407,1,24.6961509510394,1,24.9209452879307,1,25.544270791327,1,24.4329506022874,1,28.889940939208,1,23.6130004763463,1,24.5431328964343,1,28.3792651096369
1,35.0756917334816,1,30.1337237883441,1,24.5588793843429,0,24.660900644742,1,24.6535710667287,0,30.980596947869,1,28.8639403089161,0,24.0139957173337,1,25.1310543111177,1,28.8321867038141,1,24.4477703260421,1,24.6871754076551,1,23.6401120774567,1,23.9377022920855,0,23.9898634913722,1,23.8930788694663,1,24.3618545043363,1,25.0067003854643,1,34.4403888061743,0,24.4531062843941
1,38.9810861044752,1,35.5728498640504,0,26.0876116586947,0,28.7807405893753,1,24.716473350148,1,25.0191587880449,1,25.8708372372668,1,23.6228003113724,0,24.3706068037585,1,25.2967992972341,1,24.2181232465167,1,24.2022178319254,1,24.5531051627429,1,24.1098947758338,1,23.815211398446,1,22.7421659360025,1,21.3332473724108,1,26.4351431438906,1,23.7116014614375,1,24.0247109696814
1,40.072729692529,1,26.328784046125,1,29.4407393921698,1,27.5422577660075,1,23.6208333175244,1,25.3738934591985,1,26.3771058670376,1,23.7005201992382,1,24.0657819463501,1,29.6617394964776,1,24.6978346558767,1,25.0397491269231,1,25.6039873163077,1,24.0428821228667,1,24.7679121033393,0,23.8632251301984,1,23.2698604739832,1,24.6533245436756,1,30.2894628292401,1,24.7539470419995
1,38.206902321444,1,30.7334616593584,0,27.3146126966381,1,32.5471889333817,1,28.373495908739,1,23.9344448685121,1,23.4608876359726,0,25.3443265136049,1,23.8436027806799,1,24.4901614687243,1,24.5810489221047,1,23.6013439779489,1,23.861157527655,1,23.7968749169643,0,25.0601704081699,1,24.0264765272196,1,29.3283953508711,0,24.453726689324,1,23.9895005882965,1,24.7568030148667
1,37.20428557642,1,28.0236372419067,0,25.1088714018864,1,28.1743831473286,1,24.5847531632605,1,24.1638463266461,1,23.5897453875365,1,23.3056343218484,1,24.7641242938128,1,29.9258945695524,1,25.4755817829135,1,25.9304666523789,1,23.7432300554914,1,28.3744775404305,0,24.1942149683,1,24.4898466905759,1,24.2345303766271,1,25.0843883854467,0,25.5342229274245,1,24.4829129736247
1,34.8123840847502,1,30.1841217420222,1,27.1483967592114,1,25.028731433216,1,23.9605183857864,1,29.0205119809214,1,29.4770215887485,1,24.1303176971138,1,23.6238081443084,1,25.6059770095866,1,25.8979939062962,1,24.368655795992,1,25.2820799887286,1,24.1305051907012,1,23.3087029708172,1,24.7516998845449,1,31.4681392741819,1,23.9503946529325,1,22.3792075424937,0,23.6324876788022
1,35.6296419809575,1,35.7319441984124,1,24.4467335376924,0,24.3105977669567,1,28.8269795571049,1,29.8183779859298,1,25.6378513971179,1,25.0475467965585,1,23.9393141425554,1,24.3395947658739,1,24.2770740661877,0,24.5430674843755,1,24.9021540501472,1,24.948950970657,1,23.823893683406,1,24.8103720845889,1,24.3913123711412,1,24.4986317556565,1,24.6246097203188,0,26.9795038556123
1,37.2949170592418,1,26.5159851497906,1,24.395087491052,1,23.8461084802813,1,33.607212657395,1,25.4218582576481,1,28.1953837929207,1,25.6830721564727,1,28.5614631101653,1,24.0224394225972,1,29.2890568548628,1,25.3465780157884,1,23.8338656885275,1,24.5457272580228,1,23.9327516215127,1,23.4468430415166,1,24.6337930070809,1,24.2520248033427,1,30.7197395325537,1,23.3952461204811
1,36.1693410463584,1,32.2297601201333,1,26.1564541703387,1,24.3740153482719,1,29.2776191297522,1,24.8668641525673,1,25.7241604198101,1,24.9881890697163,1,24.1071981092567,1,24.5339028870608,1,27.88207960588,1,28.614101665082,1,29.750259976329,1,25.7498351338937,1,24.3569637997972,1,23.3865139190994,1,28.487906963988,1,24.7886279718991,1,24.2934198980416,1,24.067317983535
1,37.2510475369975,1,31.1533757356251,1,30.3234167685787,1,29.0144505507595,1,24.7655272271737,1,25.6880742829761,1,23.7014361959256,1,31.1713094190797,1,25.2465584751149,1,24.1501991897307,1,25.2227907146169,1,24.2705185056654,1,23.6527747311065,1,23.8014898136181,1,24.528310513094,1,23.1236629573856,1,24.3908035286517,1,23.5638962153535,1,24.4637640656991,0,22.0539497808075
1,37.9196553351877,1,30.1771260986279,1,30.5556155185052,1,24.0723750711113,1,24.4563561560104,1,24.8673771720628,1,24.12552415001,1,28.2151133825233,1,28.2905524059871,1,23.8007825230173,1,30.2336887667671,1,28.8931191114731,1,24.667982576912,1,24.3068125604106,1,23.7551559381264,0,24.8315049898358,1,23.9168853629853,1,24.9183612276362,1,24.3246601536431,1,29.7234355366253
1,37.40232975672,1,32.7018005308764,1,29.6886289018947,0,27.6553089317009,0,27.4569875002263,1,25.2561221724989,1,33.6293727199459,1,24.3021365157298,1,24.4078796839673,1,23.6088148498343,1,24.77410601907,1,26.2128758541403,1,29.762064035546,1,24.8441481276373,1,24.689599493785,1,25.5188143194961,1,24.1502132595884,1,24.0702485048686,1,29.1668857309438,1,23.7851920089621
1,42.2167233441583,1,31.3134559487794,1,33.9044494141073,1,26.982944143151,1,30.2775862683171,1,28.1997808136699,1,24.3114814100939,1,29.5489017507175,1,29.1710041573291,0,27.9967996087465,1,24.2323324552879,1,25.9518890470153,1,29.1457395365228,1,29.3091553189332,1,23.8379681779612,1,24.9775695960681,1,29.8823813399225,1,23.822422985635,1,24.3947944507317,1,24.3230130377776
1,36.8010703345614,1,32.936144986849,1,26.9150378407585,1,23.9209848489731,1,24.2135532283626,1,37.4825738752051,1,32.4531806448626,0,28.3120396996632,0,26.1245476348448,1,24.8430922103785,1,28.8721034036564,1,35.3396412511548,1,24.2828566782024,1,23.8404979997933,1,28.3782524113335,1,23.5710613215917,1,23.7995482636472,1,24.0278235297194,1,29.0965439970057,1,23.0525612026089
1,43.5640197309077,1,34.5952777248147,1,25.0369378192161,1,33.9943945983402,1,23.9207685512413,1,23.1942172709011,1,26.921752164063,1,25.938835115148,1,26.0168372818638,1,24.9601188712702,1,23.2939196780423,1,34.6005183886888,1,24.9970958352167,1,27.0127573956696,1,26.1601751049737,1,24.2526100240606,1,25.3497960462782,1,24.6556570578186,1,23.9662523649908,1,23.8196076604951
1,33.431288127273,1,29.7997428956987,1,27.0335568761614,1,26.4046999067899,1,24.7170457262203,0,27.2501112721227,1,23.3892585066454,1,24.9785981499194,0,24.086029621419,1,23.2727185933562,1,24.1216282944279,1,25.9797473309893,1,29.8828207064094,0,24.0428710865797,1,25.2846052405018,0,24.8637845644881,1,25.0511625673368,1,24.2407831744921,1,24.1410446898472,1,23.1328943026957
1,40.2925118017611,1,28.2017739542306,1,33.5385279348134,1,24.1398842242606,1,23.3908295045314,1,23.4731715047853,1,22.924212736619,1,24.8156672539344,1,23.777987794443,1,24.3294136452198,1,23.1475398201239,1,22.5806344375687,1,24.1715495195543,1,25.0827323184035,1,28.9523218090195,1,24.4757663113562,0,24.0464435118614,1,26.562786550791,1,28.9416554967487,0,23.8487693786438
1,40.7853384320796,1,30.1015889671191,1,24.5745322410053,1,26.3590203462327,0,22.5990041646936,1,24.2447074712301,1,25.6736734564076,1,28.9293979923644,1,24.5207568054246,1,23.6161855320236,1,23.757105909218,0,24.2360629944271,1,23.8253635958337,1,24.0533505265119,1,26.286686918071,1,25.1965792029699,1,24.068163379743,1,24.2312226379621,1,24.9741955384831,0,23.7082631271916
1,34.3396302187141,1,28.981404280927,1,29.331881841753,1,25.2655889555124,1,28.1356543592606,1,24.2016882706313,1,29.0019320398242,1,28.4120417250675,1,29.5925211894068,1,29.7058367485541,1,24.3549063702159,1,29.2305622607088,0,22.6542806310293,1,23.6330703951381,1,24.1401430745996,1,28.597827153917,1,23.9514391710189,0,24.3506807561488,1,25.2898231607677,1,25.1719790053687
1,33.9758820480854,1,29.6905065298851,1,24.8932325795782,1,34.1755431961051,1,32.4063417618301,1,24.14143054905,1,24.5378652981304,1,24.891090663402,1,25.0841054387324,0,30.7078976770252,1,24.9805555814914,1,24.553272537318,1,24.9475165941915,1,29.1852195794105,1,29.1068683710096,1,25.5594146550824,0,24.617450010277,1,24.573239899726,1,24.5299528923211,1,24.4857222890371
1,42.9985685442316,1,31.0692931705474,1,32.1378612984733,1,23.4446207677224,1,23.1795451671543,1,24.2372713106693,1,24.3453355500569,1,33.4606372049701,1,24.5067041087349,1,23.9005336610729,1,23.8095982851067,1,24.6499101715187,1,23.729269935222,1,23.991374941169,1,23.9590279484734,0,23.8464465612358,1,24.355046429961,1,29.5667241041858,1,29.5960575454583,1,24.054308608213
1,39.9921723860363,1,31.8134599106637,1,29.6522094103055,1,25.7802692401964,1,23.9389594141453,1,24.8111912833068,1,25.5055163256492,1,25.0575706598875,1,24.3559779233062,1,30.5494083022858,0,24.8326109967208,1,25.0770711491688,1,23.9238255668729,1,25.7750165301912,0,23.7896520985541,1,23.8360742211529,1,24.3280064728537,1,23.9496081460288,1,25.0624712075825,1,23.8709033235324
1,32.284107813629,1,34.617830916501,1,32.1864825569835,1,29.9862067812917,1,25.0919139563103,1,32.3033575757938,1,29.9994383923745,1,24.2476241406731,1,24.7328054307358,1,29.2098229073207,1,23.4857438506269,1,23.7230773838675,1,23.8721903378961,1,25.045170969067,1,24.1167690875383,1,25.259036607938,1,23.7786931805217,1,28.4266331728122,1,29.1988268697261,1,24.2153192774009
1,33.9866065947136,1,29.3075338749917,1,33.187300199685,1,23.6140876033235,1,29.2487083159331,1,32.0699376968749,1,26.5191328542599,0,29.4046499319794,1,24.6467006763447,1,24.1143618472907,1,24.5745952130701,1,24.3077509734739,0,24.8015355953098,1,28.9681412107444,1,28.8022381997299,1,23.8299832775953,1,24.9320783260128,1,24.3355664747257,1,24.1028841548818,0,25.3933407914352
1,32.9824285152992,1,30.7210009466545,1,26.2110467388973,1,29.6432554940334,1,23.9210561824622,1,28.528912985437,1,23.762929148197,1,24.3493985843822,1,22.9166201530852,1,29.2266529711558,1,24.270657486086,1,27.734761406258,1,24.7534786058667,1,22.5923714687992,1,29.66200184798,1,23.9603272896873,1,23.3504902082384,1,30.8822021578587,1,24.6470657373127,0,24.0648897232675
1,39.7030364417338,1,29.3093009597095,1,25.1366171966982,0,32.6071503225914,1,28.4436839739498,1,52.3727669628527,1,26.1040307484805,1,24.8099340929509,1,24.4992310372524,1,26.0450369818595,1,24.5877569331424,1,19.2036107783286,1,24.2467163708152,1,24.0083810142959,1,29.4391266543325,1,25.908130095961,0,23.2908275791469,1,23.8568026548178,1,24.1705593886378,0,23.9007241003141
1,40.1684672107704,0,31.631255552022,1,32.8152851583464,1,24.7140542565951,1,29.8843493054554,1,24.1435947110712,0,25.5147923712468,1,24.3033941318671,1,36.0235518446694,1,28.3219115704973,1,30.8018866403111,1,25.0034023785833,1,24.8141525707201,1,25.3895206441579,1,24.1119399084715,1,24.1918384455626,1,24.5426738324965,1,24.8595032285896,1,24.7173552371728,1,22.1928395394325
1,38.2104085795871,1,30.5358068494568,1,46.6833302469776,1,37.8353512209903,1,30.423187022721,1,24.4924911653738,1,31.043137627405,1,25.0164669406477,1,30.4149351932097,1,24.9102895577244,1,23.8580489017069,0,24.1239993123313,0,28.5390497956456,1,23.5776508506244,1,24.1676011697011,1,27.7568070954314,1,24.5922219715023,1,24.1205309663017,1,29.1629062980881,1,23.0934978208947
1,41.5555944413943,0,24.1319006709483,1,31.3266649275265,1,32.0251947626896,1,24.8603261232142,1,23.4671063600301,1,28.5817177935986,1,30.3128453501476,1,29.3024202608984,1,29.5359499001402,1,24.01616851955,1,23.724950962851,1,22.1214417923321,0,26.5258565690844,1,23.6828602693472,1,30.9596213897427,1,28.3856195849383,1,24.3008264205214,0,29.1091846758395,1,24.0721835717165
1,39.0859264150368,1,26.8064817835903,1,29.7753863927265,1,29.4307343002992,1,25.7484819037985,1,24.8404730015414,1,24.1883124863363,1,30.5053504604397,1,25.1941438072655,1,25.0400735904996,1,25.3609832566239,1,24.6792392063789,1,25.4973050074836,1,23.2540631065702,1,23.648022207461,1,27.6359115272457,1,25.3284247520207,1,28.4328567020329,1,24.7775938743703,0,23.7626838122384
1,36.7227202716275,1,31.8411834764939,1,22.740402140543,1,24.9303518202659,1,24.5986781352386,1,23.0544737044964,1,26.5977703065984,1,27.0811302980338,1,23.67247469607,1,23.9283202185714,1,24.6539830134533,1,24.1595244635571,1,24.8471916519599,1,24.3092751674734,1,24.9173139998585,1,24.7473846661554,1,24.7334369309747,1,20.7482767924583,1,24.1129527300173,1,24.2328388961508
1,39.947670701133,1,34.9158547202806,1,37.2300501700201,1,25.3504593510844,1,31.8832505389361,1,29.4041564902635,1,24.849172513111,1,24.1464172423514,1,24.0532798760569,1,24.5334704920998,1,23.885850531342,1,23.8614083166417,1,23.9227310595187,1,24.1151523368863,1,24.2030565656653,1,24.1665588216578,1,24.0580505717949,1,24.4596715111352,1,23.8666706172192,1,22.339800008905
1,37.9321979570812,1,26.7647091795296,1,23.4989563370499,1,23.9896586163744,1,28.7771989239698,1,26.7048436403212,1,28.819640870359,0,24.8423178112377,1,24.0076553470056,1,24.2748582396815,1,23.831147439945,1,24.1832412476415,0,24.5068874123189,1,23.9150982112544,1,24.7457959613403,0,24.5849444708951,1,23.8968001309378,1,28.5678209177443,1,28.5818301426741,1,28.5930062173703
1,43.0397406920582,1,29.6137704623496,1,25.4204587045193,1,30.7077520102238,1,52.9820876035002,1,24.6754545986495,0,25.7484502696253,1,29.0536440567467,1,24.6687258151004,1,24.3411822555305,1,29.6487481437299,1,24.5698108921042,1,23.3312879595387,1,24.2015204733673,1,24.5967337162695,1,23.660114753351,1,24.0474453741755,1,29.3912993188963,1,24.7071732667513,1,23.934424407149
1,38.0967293137412,1,27.0210330026169,1,29.2044237820405,1,36.8307528055466,1,24.9828188065229,1,25.2023848400923,0,29.1681820027647,1,24.1355374359258,1,25.3213406397809,1,24.0199374274981,1,28.8782330462873,1,24.0826389518928,0,23.1138524784549,1,24.8492444692632,1,27.2963912852965,1,24.6590299943897,1,23.6478060438206,0,24.0348340560495,0,24.5900679227552,1,24.9057114478472
1,43.7155648081803,1,30.7681604977442,1,25.9004117035365,1,25.0542101838131,1,23.926774300561,1,24.5105856100593,1,24.9349230636671,1,24.4071090216736,1,23.9198820262728,1,24.9460737039669,1,25.2264073855956,0,30.0512345914574,1,24.2241733407831,1,24.2877231836412,1,24.6478843183565,1,30.5737040484259,0,24.3149328743143,1,23.4627892031651,1,24.1937515189701,1,24.9279463218731
1,35.1107178499019,1,33.023365831856,1,35.2952861329501,1,26.7922236413965,1,24.5020079905089,1,24.1922547211885,1,23.479027499124,1,31.2839681759709,1,24.2680690728087,1,29.496550469875,1,24.8589124909763,1,24.1694990799584,1,31.6043516670968,1,23.6738120581081,1,23.9796424897613,0,24.0957266004789,1,31.3519631504687,1,23.4683285731454,1,23.0474052810636,1,24.0640401936253
1,38.8680767319084,1,28.4336081750812,1,32.5987753206972,1,25.0055909248918,1,25.2007784130016,1,25.8244377108426,1,25.9795491080435,1,36.3974973857422,1,26.4391664114227,1,26.5276087550411,1,24.4709031870355,1,23.8740462933563,1,24.8885072523757,1,23.9451928464663,0,24.6008535879459,1,24.3999969290093,1,24.0017643089327,1,23.8454627406233,1,24.8778284137046,1,24.5628339145645
1,45.716898620524,1,34.3584077040633,1,25.0434290900803,1,29.1835913608392,1,25.3078833889423,1,23.8896964909958,1,25.1007133225368,1,24.4935570893826,1,28.3515020210575,0,23.4702645415033,1,29.2252643236278,1,23.8349213050583,1,25.833536820291,1,29.6379488853265,1,23.9691949762618,1,25.782088158346,1,23.9216770434541,1,24.4333277813514,1,25.2792228049303,1,24.0828052559536
1,32.5295662077687,1,33.4693664786029,1,39.9531429509436,1,38.5956935680589,1,31.8727711513386,1,28.3512248222611,1,31.22578680894,1,25.5658493347675,1,24.5051405181582,1,24.3551268936814,1,23.8195209489757,1,35.0622743210459,1,30.2971078544206,1,47.3634078961324,1,24.1466244726507,1,23.6522925380741,1,23.9326949815779,1,23.9020533086897,1,23.7383528305047,1,23.463662549326
1,34.7589660275006,1,27.5703219947833,1,31.4931262609264,1,25.1201322893214,1,24.3619773125983,1,24.4293959686576,1,24.2725956386551,1,25.3220730415103,1,23.4693987638137,1,25.1427072978437,1,25.7755814375725,0,24.4143573830423,1,25.5672287681717,0,33.5604838821532,1,24.9316886573891,1,25.6117231357815,0,25.2828234417021,1,24.3301990662675,1,30.3274584584517,1,23.0177607687281
1,32.6113576790434,1,26.681370857244,0,29.5317594858554,0,24.2664714737779,1,23.7389671687669,1,30.6577025806475,1,32.35999645578,1,24.6338934588537,1,23.8546655894766,1,28.1745469513035,0,23.7414785651904,1,24.307643217652,1,24.8867521673344,1,24.0993936617728,1,28.8874727514457,1,28.1109507085183,1,31.4518935626527,1,24.3617364337667,1,24.6852453770507,1,25.1856221900042
1,33.2844176177325,1,27.2426099437369,0,27.0440388690003,1,33.2324948983135,1,24.2136315621685,1,27.2458929762804,1,26.8809634506234,1,23.7705198337853,0,23.9903647035041,1,24.5436124947844,0,23.5930867048656,1,29.0839274353331,1,23.0055867536067,1,24.1319332546074,1,28.9618203330679,1,24.6222291292735,1,24.650833007046,1,22.2219724197682,1,24.3640657993733,1,30.8647899742718
1,37.3470579128843,1,26.855843540713,1,35.0735638900831,1,32.4278443517298,1,33.0990074378869,1,24.4869476988714,1,25.1152259097137,1,23.4517670975204,1,24.4411926630096,1,34.6206759656687,1,24.8626218472084,1,27.811662337308,1,31.4712865324545,0,26.5822645992179,1,26.0438197762942,1,29.3533279381982,1,23.2358997722993,0,22.4615767305516,1,25.3371528299574,1,24.8705830119815
1,42.8055589552299,1,30.353931611671,1,25.5816815816428,1,38.7273894446813,1,34.3319040370095,1,27.3453776100019,1,25.9561017098091,1,25.0180572064437,1,24.5866909698868,1,24.7519767985582,1,30.021201032593,1,24.3541979878473,0,24.6140323967534,1,24.5942163595839,1,29.7736098518989,1,23.4618184372212,1,25.0137915549214,1,25.2210596924097,1,23.8702742790397,1,23.7010759564474
1,31.3439726736818,1,29.2099837349045,1,24.3907925258143,1,24.2529743008478,1,29.2122458221968,0,27.4502351351699,1,29.6224682064916,1,28.1084425204467,1,27.7368517220883,1,24.0383371915062,1,30.1936874248536,1,25.5612451267047,0,24.7045498122529,1,23.8722498322083,1,24.574017099755,1,24.7831472011414,1,24.849139955799,1,29.2291113834317,1,23.6807276418263,1,28.5603887498921
1,42.6001843102885,1,27.834960697223,1,25.4466870033148,1,25.61827059719,1,26.3046164009225,1,30.386907005189,1,24.1418627791698,1,23.3338891197355,1,24.7414292353677,1,26.9192307295283,1,24.3276952862533,1,24.1994915060275,1,23.7589664531816,1,34.3614476333895,1,24.5182685472521,1,31.1454798109453,1,24.1655011756349,1,23.848031900915,1,24.3568251834708,1,23.5874493431614
1,33.0751220438595,1,28.3542106749602,1,22.1948002558484,1,24.1683632915037,1,26.6314201288243,1,23.6217164486034,1,23.942951369951,1,24.3351761048379,1,24.2106166017336,1,27.1790302472036,1,23.911462296912,1,29.2779914604138,1,23.8648018531793,1,25.4843386135599,1,37.4629613252789,0,25.1366427468053,1,32.6643130455267,1,24.6733280123479,1,28.9541258462203,1,24.0955019736146
1,40.9685550093043,1,29.6867806411321,1,31.2729093413377,1,28.906195076658,0,23.3165519458508,1,25.0011666017327,1,22.5429903661268,1,25.7520422733106,1,25.3605989386426,1,23.17457188965,1,24.9935056210852,1,24.4792297156516,1,24.923146665785,1,25.2547309776219,1,23.8419002704399,1,32.8798032694501,1,28.6704402980817,1,29.7226460170818,1,27.5722961526511,1,30.3227511049284
1,37.1179324524979,1,30.3185452750113,1,43.7385333952031,1,28.0122394876152,1,23.9709243787448,1,28.0589428290404,0,23.2592301182104,1,24.3076401488779,1,25.0284781999119,1,28.9433875115789,1,23.5846257752496,0,24.0139098239026,1,23.5706492491633,1,25.7911252146381,1,25.5627137555572,1,24.3280763862106,1,29.5207086965785,0,24.6583330587868,0,23.5015788994617,1,29.6362462159136
1,39.5401182580049,1,27.36630581541,1,24.6832497403562,1,25.5754269791742,1,23.934065825283,1,29.7740121430139,1,30.3480296997471,1,24.1053454148683,1,24.750921852127,1,24.6553443553186,1,26.1811331223327,1,29.9801626497215,1,24.7695948936483,1,29.4191014865124,1,23.5405281913147,1,24.247329762679,1,24.3625663634093,1,24.2224179056779,1,25.2521016332248,1,30.1051426457298
1,35.925382916414,1,42.4510535385139,1,28.9234186764278,1,28.5822307308696,1,22.2659291009998,1,26.2220066008889,1,24.2918662547208,1,24.1910430065514,1,24.4208954763255,1,24.7423289502204,1,23.5822160933674,1,24.3781163721398,0,34.4830085993796,1,25.0476289200446,1,24.8930191944347,1,24.9667229308448,1,24.6565980667954,1,24.9750577272414,1,28.6396257055805,1,24.0268376722737
1,40.9548653295226,1,27.5227750343894,1,29.6119118172669,1,22.339174596935,1,32.1368699305558,1,24.7010256120694,1,24.2867821429263,1,24.5023913672806,1,28.9929907990424,0,31.7859946945126,1,25.8055297606744,1,26.3528665942563,1,24.8458672696178,1,25.2526024538208,1,24.0726359648388,1,24.4702103986123,1,28.1614161205649,1,24.1170358101371,1,23.9322443754688,1,26.3722119891533
1,38.2761017025582,1,31.0993700514239,1,32.9479498371175,1,28.1820143978889,1,34.0545690012032,1,24.9028850656141,1,25.2931532917203,1,28.6306024732788,1,28.9199197489959,1,24.1504307193374,1,24.7645069577241,1,30.2088417969576,0,23.8426885754312,1,29.3681427901641,1,23.7587144860211,1,23.4291261287233,1,24.5540063716362,1,23.8787775266277,1,28.848606036238,1,25.0512607205496
1,36.779066737658,1,31.0792437122835,1,25.4856140317244,0,25.7907095539239,1,24.2570868513199,1,24.1981592644528,1,25.4512797431319,1,29.4598552838613,1,23.7126958372126,1,24.5894150006872,1,24.7327605607637,1,29.8175907706658,1,24.8321406550285,0,23.3306596369927,1,27.6473017818677,1,25.0005366629979,1,24.2511115346066,1,23.8527661290237,1,23.7499691555644,0,23.3637706035634
1,39.4037042839682,1,33.3764386498071,1,28.4665326463341,1,34.6845658418628,1,26.0888790455476,1,28.8888074854885,1,28.9980514719774,1,28.8934179592576,1,24.3230768785847,1,24.4366862215773,1,23.9737065980711,1,24.8874892303272,1,24.1120119631692,1,22.5048209847762,1,24.1556834432084,1,24.2442548447077,1,24.0982709175273,0,29.5062732707334,1,24.5220906635706,1,24.2890899381169
1,46.0890154537365,0,29.5118926592937,1,29.3518724570008,1,24.6317899800255,1,26.2381217399606,1,23.9682321236599,1,28.9348889353231,1,27.0177797515431,1,24.0374573469143,1,25.9164092694259,1,24.3820646795935,1,24.7150225854455,1,23.8872219987552,1,23.755535013688,0,24.1847480124684,0,23.490312237766,1,24.1392082255395,1,24.7728769901537,1,23.7004687550237,1,31.48531638226
0,38.546079809338,1,36.9261418647174,1,23.6797568200061,1,28.0492783880882,1,21.746546189101,1,28.0527452552738,1,24.1444073509306,1,24.1269799098304,1,28.5078360388964,1,24.6697057601336,1,24.1357203561211,1,23.6168542837135,1,29.5717484662767,1,24.1942223192709,1,24.348284521976,1,24.5215837462228,1,30.4570901583033,0,24.2709663905896,1,22.7663265660551,1,25.2021785966181
1,44.9312301449449,1,30.373844237462,1,23.3537977970518,1,24.71929289156,1,23.7369736413803,1,28.4194053620744,1,26.5567550336427,1,36.1986687807854,1,23.7090590041525,1,24.3765265659318,0,23.9538610226268,1,23.4665122538777,1,24.4254438589973,1,33.2736347027374,0,24.0398409186337,1,29.9918947281529,1,28.506560974419,0,23.7250742374371,1,25.0659787409174,1,31.0148133148529
1,33.7727089713594,1,30.2572020465876,1,28.6500424134459,1,23.4624800600617,1,23.6684469007398,1,27.669148571205,1,35.5460295064517,1,24.2666068443835,1,29.3873628742153,0,28.7903388852016,1,24.009465695235,1,24.0851413718788,0,24.7098548891421,0,24.0130563727339,0,24.8696079105563,1,23.7258913776359,1,24.1063800211003,1,29.5807540771011,1,24.2379707342986,1,24.2670288257654
1,41.2315007069936,1,37.4292892079097,0,26.6633596292685,1,25.369869960298,1,24.8921999291939,1,24.1936519127788,1,25.9455291287271,1,24.6049263329241,1,29.0471904039462,1,24.2433711895475,1,23.9604031121577,1,24.1267412420989,1,23.6890314604759,1,31.9416221199771,1,23.8496004612643,1,29.6346784814214,0,24.7531832910504,1,22.86453161424,1,24.8904228397211,1,24.2489128208811
1,40.1691146706825,1,31.7548763491262,1,23.755906967778,1,33.8387774994987,1,32.2944542676814,1,29.2801952862307,1,28.8003525855143,1,38.0270574607764,1,24.0805530372839,1,23.8115575919603,1,24.6210220654979,1,24.93607765981,1,24.3046695490981,1,24.9497275883925,1,26.3073507603014,1,23.1854503023331,1,21.8492145251463,1,22.3434859787536,1,24.7109156170817,1,25.2244465946082
1,34.4620395385224,1,31.3432537751151,0,28.3633895738595,1,25.7020313901441,0,23.3883625747433,1,24.1173076325158,1,23.9296028030234,1,24.1187073708139,0,24.3363346267912,1,25.2348723119725,1,22.9566079988334,1,25.157265025459,1,24.8727637341197,1,24.1252443443846,1,25.8345243716659,1,28.5867775509648,1,24.7362712279163,1,27.8698650468441,1,24.6700266044622,1,23.6573012861803
1,40.4527819426834,1,35.7660759840622,1,31.7293378237112,1,23.8381116104974,1,24.0560329885735,1,24.8223909118765,1,25.9025883033657,1,24.1199515828586,1,23.3718666903214,1,29.9352735645695,1,24.8679156917578,1,23.8990571913586,1,23.4677206518742,1,31.7576170991246,1,23.5293517921836,1,24.0161270656676,1,30.4700853600247,1,24.253921075172,0,24.5111005652675,1,23.5703091689825
1,36.6160637689239,1,26.5596677662915,1,28.6697745745861,1,24.5348595337816,1,24.070543016409,1,29.2770838476463,1,23.5626641399102,1,26.4285212509615,1,29.5389539267371,1,24.2583796165434,1,30.787943429792,1,23.8916054713364,0,23.9648912112566,1,24.8694395290337,0,30.6318105938788,1,23.6292941860397,1,23.8498129576451,1,35.8132898019446,1,23.7738614426376,1,25.3910069265828
1,43.3975255359763,1,32.8609372840999,1,28.9998061117148,0,28.787784831982,1,27.0218775115938,1,33.3754160821677,1,31.9912764130301,1,27.8850282220583,1,24.5865911238496,1,24.0573250870571,1,24.174571749144,1,23.9719704698815,1,28.6999462982272,1,30.0718207729529,1,30.9852888449374,1,23.6831208965086,1,25.4040530415263,1,24.4185501108656,1,23.9145578048626,1,22.2908935956953
1,49.286200774384,1,30.6946972555968,1,24.7018782489546,0,24.932709035797,1,23.4909558705783,1,24.3611160042278,1,26.1865957749815,1,24.7320555550648,1,24.1073471838155,1,28.9520393208748,1,22.4473020654178,1,35.564773445907,0,23.7101627336814,1,24.4460107776955,1,29.8439574681844,1,24.169602570485,1,26.7676019507513,1,22.8636679062971,1,24.1678801951007,1,25.5750412225223
1,39.0271457932904,1,28.1930449957006,1,23.7130396927979,1,25.5500550967868,1,28.8123409808778,1,32.8692142900763,1,25.8057907253478,1,25.8788624239188,1,25.8250480903296,1,24.267436589994,1,24.6872142389974,1,29.7607780613589,0,22.6104590912135,1,24.3895550298988,1,23.6807010768165,1,24.3871623354625,0,23.8316610839738,1,24.6160948265896,1,24.4592408971163,1,24.0132147802147
1,35.2890241026978,1,31.6237822382965,1,29.3540504780168,1,28.6812551562953,1,32.8743439248103,1,28.251863026852,1,28.1816015371055,1,24.9403529644008,1,24.0527657194666,1,29.6846637456478,1,28.7538668096684,1,29.6423253537595,1,24.8183945721059,1,24.7143372830546,1,24.7140441420255,1,24.7651360399469,1,24.0535085407279,1,28.6050209292645,1,30.1240824354761,1,24.3024927872318
1,40.8180526657307,1,32.8980347407645,1,28.0676609780189,1,50.8259247159074,1,28.8050846210348,1,24.7799243403873,1,25.6547301971222,1,24.9368949393176,1,23.8853747135712,1,25.3169870370829,1,28.5035308820706,0,24.0343184148424,1,24.2434687415628,1,24.2973604861198,1,30.7547294734669,1,26.8984819183586,1,24.0209326716502,1,28.3944156095167,0,23.8852040271646,1,24.442215598158
1,38.2002800968073,1,28.1566791689241,1,29.076234209216,1,29.0986732929225,1,23.6940861258419,1,29.1303268973047,0,23.7888582587316,1,25.0021242576361,1,24.2430992375313,1,24.0931576557497,1,28.3878459981706,1,24.0761158942661,1,23.8470835466461,1,24.5698019982651,1,24.2856137775983,1,24.0340730128699,1,24.1992540119082,1,23.8424808120852,1,23.7661501468903,1,29.6165553998247
1,40.7216058683854,1,30.0169742230933,1,40.7587315172134,1,29.5139116979055,1,24.6679093589159,1,50.4439044998156,1,22.5689997007128,1,24.739109709137,1,26.0155911639458,1,23.9000995455209,0,23.3217510740006,1,29.3068677749416,1,24.3598687898113,1,24.2486330254062,1,33.9458529319302,1,23.734062058872,0,23.547145580497,0,28.7000758640727,1,24.7597559889228,1,24.400028343115
1,46.5396675847707,1,39.8256386612596,1,35.204354604627,1,29.281031089789,1,27.1641188849653,1,24.9151175974073,1,25.9401385263751,1,26.1197390367673,1,25.7471629329104,1,24.44433152525,1,24.0061521546517,1,25.0784589174364,1,24.4902254522496,1,24.2905424269261,1,25.0652074807447,1,35.0965355349093,1,24.1604474275365,1,25.6783731265536,1,29.2706066890757,1,23.8173617525158
1,35.0245915579896,1,28.1220111058566,1,27.4170157036562,1,28.0446864098185,1,25.0838120823448,1,29.2372230464652,1,29.2590556508503,1,26.8880380194238,1,36.0586309443777,1,24.3857284997284,1,24.6994382962634,1,26.1220580590491,1,23.6411004375924,1,26.5796211710512,1,24.0940150527992,1,23.863949756186,1,29.2009915119437,1,23.7346082950189,1,24.0359784667257,1,24.3152705601223
1,39.7874160027864,1,31.2209316786222,1,31.2129129441228,0,29.9151535202031,1,23.9894487866908,1,28.0781283162738,1,24.2020644029934,1,24.1701069538546,1,25.0546086144054,1,30.0773088928789,1,24.8751652394608,1,23.6646999175749,1,28.5696468556891,1,26.0298893029724,1,24.7057869939264,1,24.6051730495291,1,23.8954923386868,1,28.8242168970881,1,29.4967595502276,1,24.9003432375043
1,42.2113583674918,1,30.5890610600338,1,31.7110410132868,1,28.6418183082663,1,24.541725220046,1,31.5831280741859,1,24.6605510502899,1,28.4189890683836,1,23.2484423099085,1,24.2930223050744,1,24.983198033306,1,28.8865567806702,1,24.5647753064724,1,24.5024029849807,1,24.4095745000147,0,24.4305942232399,0,24.7965541054295,1,29.953839472486,1,26.8194975281824,1,23.4948295390136
1,37.8591079046629,1,29.0905723254113,1,28.5772975003858,1,28.6856159861714,1,34.7915888380616,1,24.7465223983525,1,24.824260645409,1,24.7996038852109,1,28.6798891984168,1,30.2739273007194,1,22.06338044445,1,31.4178033910105,1,25.1492523104357,1,24.3045007681755,1,25.6254291846822,1,25.2966561737523,1,24.1167688590004,1,24.2335806269865,1,24.114968999841,1,22.7344836994782
1,42.9513544662885,1,36.7387846697043,1,24.6253942122128,1,29.0385888954262,1,24.4817120784888,1,31.952696994534,1,28.701826708216,1,24.9867531670343,1,24.3394595374653,1,24.3792754807519,1,24.4849171779824,0,24.0692506633184,1,24.7460378638516,1,24.279369768844,1,22.8363271729375,1,23.6747169157761,1,23.9527583057945,1,29.6669922045955,1,23.8106120465418,1,24.3151368286894
1,38.0188953257399,1,26.2933331754569,0,28.09242220101,1,40.8325470824263,1,29.3026535600366,1,26.4273168448299,1,25.2672805885826,1,29.0278772627273,0,24.2337952712649,1,25.1572521261768,1,24.6086899485641,1,24.3885151865138,0,24.0470825828626,1,24.7330435621385,1,24.0424805668262,0,23.5235907495395,1,36.478112882091,1,24.1547442425656,1,25.083524792922,1,24.3798528924492
1,34.0003731800058,1,37.2709023625817,1,28.1126293205188,1,31.5774377991737,0,23.5996767757753,1,24.4874597775066,1,29.2515262047879,1,26.9883194220796,1,27.8949412179984,1,24.0654319019013,1,23.8800598539885,1,24.1001909105845,0,24.1827047285051,1,23.9046176026106,1,30.4222677907735,1,24.5497164051077,0,23.4027296019716,1,23.2363216037328,1,29.1899552109517,1,24.5085198727042
1,33.5116838788397,1,35.8421243910965,1,27.997400753234,0,25.7857872056896,1,24.0477867449848,1,28.7948366738697,1,23.9471895248188,1,25.7258605341537,1,24.6495756871806,1,29.1792087502155,1,25.5217169595137,1,29.8434030795278,1,24.7157979204536,1,23.9291139020423,1,25.1062248704025,1,34.3595261166066,1,25.0993726450721,1,24.7142003876493,0,24.5514471993085,1,28.5051158597355
1,37.5127283216865,1,34.5859438158835,1,31.4912884296545,1,31.1012644219972,1,24.892576561462,1,24.4806460006183,0,28.1399752191778,1,30.1592148305597,1,24.5100251344453,1,26.8561717266311,1,24.8613647040981,0,25.566573345881,1,24.477749811689,1,30.8388358563769,1,28.5079277134935,1,24.7584245184854,1,24.6272353627356,1,24.7455964699605,1,23.6935069132392,1,24.5333766143787
1,34.3914257795335,1,38.2018935495573,1,29.6510126645507,1,33.8572364538191,1,23.002575932736,1,25.1570054386171,1,26.3448191614811,1,23.767578761727,1,26.0247110645149,1,28.5578661756547,1,24.3318828935922,1,23.9960135273754,1,24.8575438595522,0,24.3652307807197,1,23.8676991768832,0,26.0766558609653,1,24.8181168806746,1,23.5037629148223,1,24.5956969483527,1,22.5540723502817
1,39.2377764898322,1,36.9367899404633,1,26.9566549551889,0,37.1220150797252,1,32.0594166539829,1,24.0029618422504,1,25.8575728828785,1,29.0701678826019,0,27.5067414281947,1,23.923669201573,1,29.9014545771454,1,23.1862525832351,1,24.2217484113545,1,25.1411506998924,1,23.6378817752254,1,23.2310540093156,1,24.4293295364535,1,24.899801734994,1,23.366511057988,1,24.1850647281625
1,39.5297528930298,1,27.1694642053703,1,42.8172767122055,1,28.2222090463883,1,25.1432366634657,0,23.5438036465493,1,24.8483790023812,1,24.4848089515755,0,24.703303900253,1,25.816795067539,0,24.3157084090822,1,24.2611490563768,0,22.5047806001643,1,24.8412884310661,1,24.3499062330527,1,25.9647035156757,1,25.4858924041161,1,29.1452481623088,1,29.2916953734288,1,24.5819652739361
1,35.8147633412215,1,28.7034862160648,1,31.371937679048,1,22.1090411396441,1,29.1699889096278,1,23.8435973500992,1,27.1996600803049,1,24.4087939603723,1,33.856079799305,1,25.578696694575,1,23.0421300289143,1,24.1590044854327,1,25.2123720868148,1,24.2390334313303,1,24.5357449442,1,24.0998831991968,0,24.0476960685103,1,24.5734572862632,1,24.5213065090376,1,24.3102583649386
1,37.7710112277488,1,28.486650509446,1,31.5424125950278,1,24.9358825965638,1,26.949197305179,1,24.2688128378342,1,24.1568761080263,1,24.7310509759795,1,24.4269518642095,1,24.256102387755,0,22.6085035386116,1,24.952113327154,1,24.3226439263423,1,24.4350899079163,1,29.9249452469284,1,25.4272017714168,1,30.7224760444591,0,24.1027691895337,1,21.56143984788,0,23.5118033883048
1,38.3903697853638,1,31.240414093475,1,25.5612821158591,1,30.410094110295,1,24.3049116789358,1,29.4489431474403,1,24.0520323055318,1,28.2314197950215,1,24.5970181033814,1,24.5674288371787,1,23.9715659458559,1,24.556657858306,1,24.591064500148,1,25.5208044238513,1,24.2759652946505,1,24.4260159778134,1,24.2298883652444,1,23.2840851935217,1,25.0527510879092,1,23.6694508730579
1,41.5234197734138,1,32.6692476511537,1,23.9517946928794,0,32.9381911259356,1,24.7450722549261,1,25.8644906588754,1,27.6735772496682,1,23.9396545372764,0,24.905621417543,0,25.8558199886299,1,25.0866266059802,1,30.0102781303789,1,23.8639719725042,1,24.3864367882942,1,30.3355990082502,1,22.4548179117708,1,24.3071259197482,0,22.0999422280811,1,24.4547581340088,1,22.069619581153
1,38.5691970301651,1,27.8227842629205,1,35.3338537427006,1,25.1587865872272,1,34.7615117089075,1,24.7771918325336,1,24.6146686271283,1,25.6003123137603,1,24.4909300229412,1,24.4831146462182,1,30.2505258772572,1,23.4089913902201,1,24.8925738597399,1,20.6070148721078,1,23.9006238362745,0,24.1473759095856,1,23.7232391909866,1,23.5344805532504,1,23.9190291817704,1,26.0712677867234
0,39.207780961084,1,32.7992461804762,1,26.4961702410431,0,24.5089946728263,1,24.99578812578,0,25.5763476591045,1,24.7642906988447,1,29.7172589697233,1,23.8074398228782,1,30.5107811442244,1,23.8544649162674,1,24.797949267515,1,24.4012603773022,1,28.5403712363019,1,28.9448743776353,1,30.3172245778651,0,24.7762526972135,1,23.9843530645962,1,25.0203474297392,1,24.2952722953169
1,40.0595446416499,1,28.0069753295272,1,27.9688807061435,1,24.1374190054323,1,28.1663777022663,1,25.0425130748603,1,27.9590688009952,1,29.3533903491757,1,24.475676470508,0,25.3440382712313,1,24.7199478110764,1,32.2537349357673,1,30.1240922200616,1,24.0027942756192,1,23.5626974658457,1,24.7063474223961,1,24.9429596906569,1,24.6486626207451,0,24.1889653146177,1,31.9140348667176
1,37.9565278146757,1,32.4501952389532,1,36.7730402457617,1,34.2980393955543,1,25.6761603941795,1,25.890366767258,1,24.1665408688007,1,24.5548953395588,1,24.7318602087251,1,24.158211369824,1,24.0866030780384,1,23.8143748148451,1,23.6316728502505,1,24.5690297560238,1,25.2838057385729,1,24.125699676974,1,27.8932525704049,1,25.1031928647254,1,24.8752971573604,0,24.2182594966249
1,40.3283243378591,1,28.4712098432312,1,29.458238773675,1,24.8226322647627,1,24.7059230670655,1,23.5219738594118,1,23.1730901769545,1,24.5682308487663,1,23.2551987080668,1,29.2989418086033,1,24.0836612626204,1,23.8576125293478,1,29.8633676000734,1,24.0953690043057,1,24.5460250545054,1,25.5289116775546,1,24.5738423493793,1,24.442310251503,1,36.36528687326,0,24.1554564270631
1,42.1459500869082,1,33.0202092845566,1,24.5794889383338,1,25.349066782164,1,25.5692081070155,1,24.3552527371354,1,28.3947412234156,1,29.9209872889961,1,24.6106684735864,1,30.0839498036048,1,24.226929121896,1,28.4964211687094,1,24.4538038826789,1,24.7929548496536,1,24.8333266314881,1,24.9425005937407,1,24.0667038409716,1,30.0973229931933,1,24.7552097391037,1,24.5356611359443
1,38.1336995915987,1,30.0617753579603,1,24.2419292237255,1,29.4678046375645,1,25.8650760445283,1,24.7273719459713,1,30.3619052338261,1,29.6992982516801,1,24.9605922809909,1,24.201006561017,1,22.9604104614795,1,24.6548569616523,1,23.8741006996016,1,30.7756253871802,1,24.7573946126757,1,24.0475802569135,1,24.1124477283022,0,23.1492772589647,1,24.9047825511853,1,24.2093349248527
1,38.3353258343969,1,28.666834751997,1,28.3671603149656,1,28.8285897956527,1,24.5080155634434,1,28.8424819832277,1,34.6928541790212,1,25.9777390524891,1,25.1025809468605,1,25.2777578266582,1,21.2803811503203,0,24.6488602728549,0,24.2677810444291,1,29.181953380273,1,24.5178234765839,1,24.6809944997319,1,23.6793343291412,1,29.6087200614983,1,24.1520168106254,1,24.3447301552902
1,38.488984396431,1,30.901932713841,1,30.5246391933415,1,25.3253041626046,1,28.4628455121707,1,24.6139866108316,1,24.4693664925329,0,29.401217029504,1,24.5248227899104,1,28.9326495350714,0,23.741559634514,1,25.3067449908197,1,27.028295833167,1,23.9803193891289,1,24.6951458167519,1,24.6876479820202,1,24.1737813097555,1,30.141621227948,1,24.4251146279909,0,24.115605885221
1,35.9593811488945,1,31.0876062149895,0,24.4256730902766,1,35.3632550323699,1,25.4150078701523,1,34.3797953198087,1,28.3949107918355,1,23.7128984490161,1,24.0495002016354,1,31.2304039121709,0,24.9492727807894,1,23.8474886916528,1,23.684181889588,1,25.5381310137652,1,30.9171961433607,1,23.1496179880229,1,24.3515793537395,1,24.3307065120583,1,24.3954147930537,1,23.4504105614372
1,40.319710558475,1,28.4543506721311,1,28.9266501203071,1,26.0572646476519,1,29.5416769455887,1,25.0702035128702,1,24.5405540208601,1,28.2710142668917,1,24.0415476157528,1,24.7725894753025,1,25.97181945906,1,24.2962028786351,1,24.6900096229476,1,25.0806513303474,1,28.3303769086783,1,24.020543346914,1,24.0959774279652,1,29.2937861497337,0,23.7416309720122,1,24.2931855841649
1,42.0287302258707,1,29.8782402950061,1,38.6069233354382,1,38.8559045454141,1,30.306689151053,1,25.2407408817851,1,23.7481137635661,1,21.8726925796892,1,29.1301778447296,0,23.4059306878971,0,24.0979254452986,1,24.1679634797737,1,24.6885919517911,1,30.4724620995142,1,25.2583248781837,1,24.2327356014727,1,23.7399384611818,1,23.3093520491481,1,24.7905526210565,1,23.6408242646616
1,39.9686098188667,1,31.5542624860043,1,29.258656787582,1,32.8523627562907,1,28.5768834253893,1,24.5397394053867,1,24.0814969202463,1,25.2637873730567,1,23.3924233426264,1,24.3270435550565,1,24.9325539856648,1,23.8795764258379,1,24.4858025598601,1,23.6063389117078,1,23.9378854522157,1,25.2935695394293,1,24.2725317584205,1,22.6408168810166,1,24.3936527893133,1,23.1477456858319
1,37.8964686901872,1,27.5928032714072,0,31.3714396102397,1,25.1191581041808,1,28.4128876737643,1,34.9171774361433,1,24.9176694190277,1,25.4406974742858,1,24.9264568727878,1,35.0976509719242,1,23.9268647247819,1,23.9937920228243,1,24.8922107564652,0,23.5302488006022,1,29.4365059783654,1,24.6750436896377,1,23.8686713921689,1,24.9628652996451,1,24.0614665457731,1,24.0731168072278
1,34.3854229912037,1,31.3937669567979,1,32.2971100553967,1,28.8003339888771,1,27.563840047111,1,24.3011400225963,1,29.882089411602,1,23.4729703582382,1,25.6848333137277,1,24.0927441326697,1,24.1134993465373,1,24.1295023309219,1,23.90455288134,0,23.2750124460623,1,23.9259011865845,1,24.9993143903945,1,23.5970818632792,1,36.20986147297,1,24.3450638135167,1,30.5412207690378
1,37.6879459983764,1,34.1439345655219,1,29.3228985538632,1,30.1808670079571,1,23.4748082028865,1,28.9676609949162,1,29.1986687663166,1,23.6373298235129,1,24.3301951414639,1,29.7982174930135,0,25.1060510745453,1,23.4592084644402,1,24.714994794971,1,25.4367863111536,1,24.7478561976295,1,33.0400888677126,1,24.3251117000357,1,28.9883695162862,0,26.0882225650422,1,23.7046793625927
1,45.4417978732979,1,33.8826771261415,1,27.9151201253638,1,25.0969562432743,1,28.7668186788246,1,27.9127378193734,1,28.8990589833544,1,26.2613230054259,1,28.5383141948146,1,24.1201158324799,1,25.5194697995115,1,29.5996344115019,1,28.9671834358947,1,29.9134055700998,1,24.3637872918094,1,28.0957735314882,1,28.3526995862298,1,23.6047192260651,1,24.270567199926,1,24.0419629825812
1,41.1803160908607,1,30.4400849984842,1,31.3631747769285,1,24.8195008333358,1,25.9504532290504,1,24.2242779765963,0,24.0775891627212,1,25.0867065022383,1,23.9248104158261,1,24.5852088762813,1,25.5605291010553,1,25.8319155340803,1,25.9809960999962,1,25.5501522877156,1,23.6228917074877,1,29.0812616732951,1,24.0193165252352,0,22.1627414600993,1,23.7002277716729,1,23.1042142419532
1,37.0656755222293,1,31.0663401513955,0,25.1697499289618,1,29.4088123002842,1,29.3016950215259,1,23.8724497220259,1,25.3682791201676,1,28.9213663174928,1,24.3003579603898,1,25.0510951486592,1,23.4909483908965,1,24.3084021820605,1,24.883351196097,1,27.8546546664837,1,29.3594969304367,1,24.8357827930675,1,23.2436778840155,1,24.3500247036914,1,30.0979557984357,1,24.5703741115411
1,37.9158695412811,1,34.4790326076443,1,22.8507954375433,1,29.0592304521326,1,32.9147833580898,0,24.3270381734059,1,23.9724929949123,1,23.7394658165013,1,23.3762486997154,1,22.6393565438569,1,24.4853507129749,1,24.0108045941187,1,24.0593475928842,1,24.1043315800033,1,27.4193110601046,1,24.0575208092156,1,25.0521349616939,1,23.0877138185484,1,29.6243166703666,1,22.8375941473299
1,39.7524044415542,1,29.6289521150046,1,26.1640573225244,1,24.366487439807,1,26.0659611842304,1,26.8770783171441,1,29.8888146314534,1,31.1439358446652,1,36.9066465446675,1,25.8494709913205,1,25.0043750979497,1,29.0421375256943,1,30.3670609537078,1,30.0218869117698,1,23.8447189508091,1,29.2274164489007,0,28.5862243592143,1,23.8159581414007,1,24.1867122664069,1,24.4389952455877
1,35.1556557103588,0,27.2256601907061,1,30.872244977639,1,22.9119014561041,1,24.0185020177518,1,24.7215903461835,1,36.0763242037022,1,23.929011203115,1,24.7294499538441,1,24.2981194375745,1,23.0663395119996,1,24.9454246234702,1,24.4043931527783,1,25.3009226173374,1,28.8987508443589,1,28.9475607721467,1,28.9265469979445,1,24.6830334224486,0,23.0233453493256,1,24.4230474988195
1,37.415163662564,1,27.8580341798865,1,28.9439435678206,1,27.3199719771881,1,29.2433667188402,1,46.9398334792962,1,32.2222788176701,1,23.5238978065867,1,29.8768650005709,1,27.0739843687368,1,35.1400012719274,1,24.3715970411415,1,24.5596275242959,1,24.1278023970566,1,28.5325652497563,1,23.2880171902701,1,24.2728082970686,1,24.5553313368115,1,25.704214290776,1,24.7249694813396
1,38.5833589129718,1,32.5459102321381,1,25.6777580036467,1,28.8698165381317,1,29.5812359836829,1,24.2532576527078,0,24.5449035895515,1,29.5497487589053,1,24.0610228770228,1,24.684646712874,1,24.4460376313784,1,24.5213710049018,1,30.5014941204334,1,24.5614707791308,0,24.4591951417124,1,24.2815405528305,1,23.9623178143324,1,23.5809329781287,1,24.5220767919784,0,24.4435589576359
1,38.1613420745107,1,26.7603338885647,1,23.1056319549167,1,22.7579941901473,1,27.5128017581751,1,24.1864178365264,0,23.2046996810978,1,23.6210605533746,1,24.159964714668,1,30.2958284268754,1,28.6382895929179,0,24.5240773409774,1,24.6443083188581,1,24.8547803775469,1,29.2124542468815,1,29.6608921000578,1,23.9101282821035,1,23.9139967970079,0,23.7356184332664,1,24.2482401810537
1,43.1515072911343,1,32.4349902120389,0,28.3598362205254,1,29.1693376254813,1,22.8105675021025,1,28.3125227453109,1,28.1681230079863,1,24.8688422993593,1,25.3790603065214,1,23.4228377408073,1,22.0631312008632,1,24.0106807737854,1,24.0365159060703,1,25.1902676423619,1,25.7270181977912,1,24.203635615896,1,29.1390243736499,1,25.0904966870868,1,24.514450189723,1,24.4488144914509
1,40.3192275653159,1,29.1541790898394,1,32.6833388353905,1,29.5377366898598,1,25.2195526206612,1,24.5547576787324,1,25.3801228457858,1,23.4249811079794,1,23.8336457737223,1,24.3894581860152,1,24.5572227907109,1,25.1214081277539,1,23.789482267271,1,23.8359326378938,1,29.3801603269716,0,29.9584169514038,1,23.1686029201716,1,28.4870508630342,1,24.0344851616431,1,30.2015092895648
1,36.5269304904812,1,28.4597689299725,1,34.6636486308175,1,30.4592077558374,1,27.8184958735999,1,23.1282100909595,0,24.1096367935164,1,26.8222694488503,1,29.6893699099278,1,28.7956429831679,1,24.851483211044,1,24.4790237494511,1,23.3185571631172,1,23.068224250043,1,24.9317033402094,1,24.0962516555131,1,29.0750880753948,1,33.3805420282176,1,23.6691695143353,1,24.6679170818053
1,41.3065011177183,1,29.3789661946008,1,27.8586942246899,1,29.4457069142054,1,27.6031069273898,1,33.1492482820576,1,22.7174939908357,1,24.2774625424008,1,23.8972402380336,1,24.5913512201711,1,23.9721569231194,1,28.3153308056279,1,27.4393069138506,1,23.6033703518063,1,25.0707323207529,1,23.6741006537164,1,23.1518621584958,1,30.0792699824541,1,29.2097205612659,1,25.1213429421748
1,40.1397919609255,1,34.9883204327756,1,27.8697550400814,1,24.9979815309177,1,34.7671215524396,1,25.2406542927388,1,24.537016890398,1,26.3850396767627,1,25.6182918163038,1,24.2102317068175,1,28.5452856841894,1,25.4409040376644,1,23.8043951575439,1,25.3138413531851,1,29.5295213121141,1,29.1356675792491,1,32.526354330733,1,23.0648054534314,1,24.440814050848,1,24.3571080830276
1,44.3137560994075,1,29.5946310106647,1,24.0679164444349,1,30.0785099334953,1,24.4455118730259,1,25.0343680252799,1,24.2781226399358,1,23.7459687309775,1,28.6640910435689,0,24.0947683279061,1,24.6199654907673,1,29.139083960894,1,24.3246000758402,1,24.7804567775026,1,24.5203608126372,1,34.1724553934764,1,23.4761939254942,1,23.4444892165703,1,23.7997826214764,1,24.0530807284849
1,40.4654384388944,1,31.1853460980283,1,29.5180810381806,1,33.6998514998288,1,31.8571882039352,1,38.6933444971579,1,24.627411069847,1,25.0261582657293,0,24.4908436747619,1,30.9579101658622,1,25.2415259108418,1,24.1192138173591,1,23.4994551236481,1,23.643813449589,0,29.1773706468813,1,29.5788133662383,1,23.3114294984298,1,23.9663260266382,1,31.5428853635046,1,29.5073936165485
1,36.597227608263,1,28.4230565590558,1,24.9868895344877,1,33.6309830245267,1,25.364298656175,1,29.4203946620122,1,21.1716120027153,1,33.5689409306952,1,27.8585070454049,0,30.3377756387233,1,25.2922125189821,1,24.6411213005637,1,23.6859960837792,1,24.7082379440213,1,24.5588280470107,1,23.9891161769831,1,29.3413003330059,1,24.6107895043764,1,23.8523360044699,1,25.1804997581127
1,44.4778920328044,1,33.1882740131767,1,33.8775415893012,1,30.3471745401225,1,25.4625236994938,1,27.2963190741168,1,29.3306656557595,0,24.5254216935438,1,29.4244576961827,1,29.1631430133668,1,23.860229047511,1,24.16539480881,1,19.9687866743305,1,23.9508570696215,1,24.400300140954,0,21.2639385450725,1,24.0891801831928,0,24.1641400288514,1,24.17360683874,1,24.4166860457624
1,45.6596956501071,1,32.806324884576,1,27.2548653245623,0,23.9007707601128,1,25.1101416136088,1,24.3394709605392,0,28.3465239395204,1,25.1775684887027,0,24.4190502440432,1,23.6877370292573,1,29.8779235278886,1,28.3839146650732,1,28.6080953879484,1,28.9942689892073,1,25.6466665570674,1,24.9966233266653,1,23.2459095351442,1,29.7246970118031,0,24.117429678176,1,23.9151687160859
1,38.0472172548652,1,28.0792057215879,1,28.0257735795233,1,26.0966503356788,1,30.9283187356701,1,24.7853133467918,1,29.7205993557445,1,28.9306691868065,1,24.2570758617248,1,25.2836190337314,1,24.64271274812,1,24.023531744351,1,29.985306348608,1,25.4903084022107,1,25.0680793167712,1,24.3695426110061,1,24.9899985978634,1,24.3308442307638,1,24.098757235219,1,21.4172449552048
1,46.4034324564495,1,28.164264469063,1,30.4481333253926,1,24.9921250169349,1,24.1371657013036,1,30.5625033865417,1,23.4225263145988,1,25.4128337927672,1,24.2035948215271,1,29.6764232352312,1,24.0037349957839,1,28.4230997706277,1,23.8963487716816,1,24.4956512675091,1,22.8547226028018,1,23.959705429946,1,35.5054457486535,0,28.8759177709679,1,23.8057433109825,1,24.3524792504644
1,38.9836126780678,1,24.294996296461,1,29.5037405789682,1,28.2386605911229,0,24.18506907732,1,27.5923513349294,1,22.9392010419285,1,26.9021215727283,1,29.6566394187736,1,29.4987011498325,0,23.1517453276041,1,23.9499032489212,1,29.4972056774006,1,24.5776862599149,1,23.7460173004084,1,23.7088000602816,1,28.9009623502264,1,23.7712491282911,0,23.6490802462446,1,24.3888089369187
1,33.9374069907375,1,31.8363646483247,1,24.7684929567407,0,24.1297389535612,1,31.7179721457843,0,29.1147478857167,0,29.7333466861484,1,23.7309405265377,1,24.0321271515044,1,24.5047158407861,1,24.5975863802747,1,24.158910356556,1,29.3169502871474,1,24.1655873419372,1,28.8552391567441,1,24.6045835835989,1,21.795623595217,1,24.1217141924456,1,24.5737004599073,1,25.253768516581
1,37.1038188553256,1,28.7883315883654,1,24.8702186024898,1,24.4583131705672,1,24.5088315907945,1,24.5957521551618,1,28.5868916938391,1,32.1718591303781,1,24.0150102490106,1,27.862592794645,1,21.7545514195356,1,24.2804703243742,1,26.8080614935128,1,25.0922978972914,1,23.1870474796195,1,30.0163690256397,1,20.1202918569728,1,24.2640150363192,1,25.326539344921,1,24.3042639788351
1,36.3989948409167,1,29.1099992443711,1,27.7866135745329,1,24.2532147477478,1,23.7095569117714,1,30.2775916340631,1,33.3181091821115,1,24.4583760478374,1,23.634214397713,1,23.9109425815127,1,24.0294645837335,1,23.8865786816438,1,28.8077149760374,1,23.9883463907735,1,22.6193623950947,1,25.7926714541572,1,22.332898675932,1,24.7587436539461,1,24.764784925504,1,25.108079042834
1,35.4711002937006,0,28.336050740342,1,24.2645401016063,1,24.0544481281099,1,24.3070033542037,1,24.5811872298974,1,29.4524450517836,1,24.8463381280115,1,24.4316988056546,1,24.4464019689929,0,23.3356694248292,1,24.0203539537082,1,23.8675912421833,1,24.6328388367354,1,23.851748133525,1,29.581817185378,1,25.1663092580175,0,24.8201805189595,1,24.7217864169193,0,24.0539678554233
1,35.9836040258074,1,33.5418020009127,1,31.1973353172098,1,24.6658025575187,1,29.2728160225493,0,29.1218091335939,1,24.5860732412745,1,24.5653690244,1,23.7564646183313,1,30.6878871368167,1,24.2505425683185,1,24.6387818131978,1,24.8846083319398,1,23.2308726295046,1,24.0217153715194,1,23.2144032729204,1,23.9361732236404,1,24.3580653924418,1,24.1699646554815,1,23.2539937617217
0,34.5450566385128,1,35.083252229221,1,27.1286632325323,1,43.0199358542498,1,26.3602270162508,1,24.8567965538297,1,29.3423339574342,1,25.3179195735501,1,24.1227726747498,0,23.9937034430234,1,24.0060502280391,1,23.8155606337661,0,24.1409014560353,1,28.8188551085801,1,33.0472196917339,1,29.7431304325713,1,24.8189689159733,1,24.5881478894172,1,25.3375532516619,1,24.6582568422863
1,32.508908716234,1,32.2018037328517,1,27.2335671770448,1,32.959779043833,1,23.8294404746514,1,30.1810762660896,1,24.6827333841768,1,27.079775475296,1,29.4992295195694,1,25.5581986785736,1,29.5150693676992,1,29.1113569256527,1,23.6205566330843,0,29.8285459709318,0,22.5496634470167,1,24.1089265270336,1,23.2674525093919,1,24.7324769526909,1,24.5737767231677,1,23.482071203299
1,36.7722115448274,1,29.0812779383641,1,28.8353717634514,1,25.7138200988903,1,25.2168964527057,0,27.8086306880626,1,28.6207741772194,0,26.2408488177665,0,24.1567601999381,1,29.2590581884036,1,24.1856533642053,1,25.3953441076305,0,23.8950203194324,1,24.7693952848049,1,25.5969709578862,1,28.9090704653434,1,28.9422440891099,1,24.1952156566474,1,24.1270394746829,1,26.6950769989112
1,36.3733355191722,1,33.6604285012335,1,32.0713340446412,1,34.0001775156018,1,25.2586310238275,1,25.3369364201032,1,25.4667658239772,0,23.9039842066644,1,23.4375811009268,1,30.0121001302109,1,23.7140608176814,1,24.2642156523581,1,23.3062948581029,1,29.9253553011696,1,24.99927964791,1,23.5543998238833,1,29.3245826089203,1,23.0573154591096,1,24.8264666578942,0,24.0804049948763
1,39.2399244389291,1,28.7548773644861,1,23.3056515932717,1,29.827733758806,1,25.0510170539187,1,25.2711425986791,1,29.3681797630437,1,23.5694295926398,1,24.5167138059174,1,24.3578731879606,1,29.976060196708,1,28.6078744943268,0,23.635996973975,1,24.5523600887942,1,24.5014882595878,1,24.0360460386302,1,24.4113976990027,1,31.261212414523,1,23.361706374443,1,24.2914042533253
1,37.0469791265562,1,25.9072503919314,1,29.117621356243,1,29.4236931913279,1,24.7972474200069,0,25.0416803405431,1,24.6634625470582,1,24.3892857136608,1,23.9684414190491,1,28.1044445810394,1,24.298986405952,0,24.4094998578746,1,24.0528515895216,0,29.7091882375541,1,25.0094876241145,1,29.9845096616344,1,24.0594069945611,1,24.6833805941636,0,24.2088015718237,0,29.977988620524
1,33.4473099022933,1,31.4810070797505,1,26.0736602668663,1,25.9169693341555,1,23.8874245077369,1,24.5454190210369,1,25.1040581662151,1,25.6023663706126,1,23.7779346793241,0,27.8775872564467,1,23.7372348387585,1,24.63257559543,0,22.7052773511968,1,25.7186800728061,1,24.0189151546727,1,25.157331350204,1,24.0062999199223,1,24.126805378995,1,23.6094877723764,1,23.7483563019194
1,34.6248888303567,1,33.4789605245258,1,26.3433256859106,1,35.782924070861,1,33.7286359284809,1,30.0671626538223,1,25.9541145060464,1,21.5989042254883,1,29.4561432051717,1,24.9658087303377,1,29.0955136932639,1,24.3726747425544,1,24.012190844929,1,29.6723809957073,1,24.0523870932463,1,27.8590226226129,1,24.1398403064219,1,24.1090446513182,0,23.3447739126196,1,23.6563779352564
1,41.5662890378035,1,28.3245154604958,1,25.7056389287246,1,30.2965293028327,0,18.9730673901882,1,22.9433260591156,1,23.4088114027295,1,27.8423525036981,1,29.1425341809754,0,34.5270691741363,1,23.9593715507646,1,34.0816647709738,1,24.7017650779193,1,24.468745644706,1,21.7106907096134,1,23.8478984776817,1,23.7482341269314,1,23.6381971123421,1,25.9459853544288,1,24.6738857793415
1,40.814646683249,1,31.774387150511,1,24.1494696111993,1,23.9546820080225,1,30.4755494211867,1,25.1323156961397,1,25.8536894277034,1,24.6155541919286,1,30.8803395377442,0,23.3423056329655,0,24.5560015805954,1,23.737269586865,1,28.1457607158216,1,29.4228205433186,0,23.9972409478672,1,28.00076474202,1,24.7208696115172,1,24.0268622973867,1,30.6592320167705,1,30.2886538074876
1,41.495851806489,1,30.3336597864857,1,41.0214915930802,1,27.9641860699387,1,28.5232935550699,1,28.6062590377836,1,28.7959939851295,1,24.4252287422996,1,30.0688771029318,1,25.159475236015,1,25.6162035354526,1,24.4430599688627,1,28.6095940779626,1,24.9112699820293,1,24.865787724959,1,24.330829967316,1,24.8670755141219,1,23.7188378746523,1,25.125027284495,1,24.5080525583184
1,38.2815956284068,1,42.8729636487342,0,23.9037863826885,1,24.2324074875284,1,25.2624011942767,0,25.7557200991531,1,24.1197838345923,1,23.405576935943,0,32.038206268868,1,24.3998777927992,1,35.0024473641747,1,24.3436204635216,1,23.3785776121036,1,23.3840471796861,1,24.2679041865471,1,22.5723660724142,0,21.0931830509036,1,23.7352890613285,1,25.358188219289,1,23.5163772861153
1,42.084519216547,1,31.576739906079,1,39.1175184134149,1,29.9750318909043,1,25.022678754846,0,29.4408594109323,1,27.8210888411547,0,22.5125756547129,1,24.140979351703,0,25.1013604910215,1,28.4805317175379,1,24.6881990646595,1,24.6864970385318,1,24.3065180163158,1,23.8526007881892,1,23.032607462069,1,24.5222337269802,1,29.9566532276393,1,30.0684756338331,1,24.3192596379051
1,32.6206695034673,1,28.0940001244152,1,30.9639238705106,1,28.4409946505922,1,29.5351844610596,1,24.485092707639,1,29.4829140102687,1,25.0995489251137,1,30.6470043245949,1,24.9359269910053,1,28.5260056775882,1,21.6305137458957,1,23.7694325183105,1,22.3134784647926,1,36.6274256810529,1,24.8914267632772,1,24.1866231892825,1,23.7108407438953,1,24.3335362552187,1,24.7131007238117
1,36.9948274829671,1,29.0855475303313,1,26.6489853049351,1,28.1693468172736,1,28.5706523561892,1,27.8797786766511,0,24.3750373959058,1,24.080816397218,1,25.2748049251894,1,28.8135614717351,1,25.7903011658609,1,24.3599108788237,1,24.5600602338835,0,24.0906175480313,1,23.9718903146183,0,24.2414218642327,1,29.0606692058539,1,24.1759680734528,1,30.7106168308779,1,29.760377601075
1,37.4183991236512,1,30.9127426397267,0,25.115987899023,1,29.6478458376417,1,29.5162531985448,1,23.455492190795,1,23.9740672503394,1,27.7933368179529,1,25.9116122431564,1,28.9998114360197,1,24.6589467843268,1,24.2393977214448,1,29.8074079352149,1,28.480667592761,1,25.0257983978743,1,25.554360984616,1,23.7984938670207,1,24.5000292264475,1,24.7317947946872,1,28.8948622820034
1,36.613601773144,1,33.1548691020239,1,28.0651096655425,0,25.1252007690238,1,31.5711463218806,1,24.7049676840687,1,24.4732696871012,1,28.1789932658531,1,25.5978219778703,1,24.3534485504043,1,24.0476077699849,1,25.5361753263591,1,25.0228285634476,1,29.9543116557472,1,23.8537614892588,1,24.6418486892881,1,24.7007570289618,1,25.1842356709476,1,25.2983672533315,1,29.0134813792753
1,31.3131751987842,0,28.3475339328371,1,36.7567346475015,1,24.7055898767373,1,25.8001458947948,1,25.6517243172188,1,23.8444444150869,1,29.5626607307021,1,23.8720838705585,1,24.4463469744559,1,22.7659310298354,1,24.1614489864872,1,32.4215466663415,1,23.5173998478538,1,23.7023510865546,1,23.704000301674,1,24.5140608436588,1,29.4075370983359,1,23.8351432153245,1,24.4469002223534
1,39.9159251405179,1,27.3188638884338,1,32.3322515101178,1,28.8309214781079,1,29.9945808516247,1,25.0207771301962,1,24.2347169783016,1,24.7566628962144,0,25.2348249111687,1,29.3449635782134,1,29.4490915868057,1,24.843378272924,1,24.1536470171605,1,24.5639378268241,1,27.9570006426484,1,23.7271064094381,1,31.1054282132282,1,24.6390055514422,1,24.9202221940933,1,24.7822615562502
1,41.1080156314709,1,27.4691773993323,1,26.188940189634,1,24.2066461343213,1,30.2569392748572,1,29.090596657695,1,24.0886678223883,1,26.9345442234663,1,25.0695425885519,1,24.6700135115221,1,25.1298450398871,1,24.2712960316249,1,25.2041321756963,1,25.3077689718624,1,24.6951748874197,1,24.3281787728037,1,24.2392287695553,1,26.6195333012262,1,24.2716310307967,1,24.0712723580709
1,40.2967768635445,1,29.345040846163,1,29.8568617799616,1,26.9791791358731,1,24.0343834333146,1,25.4204469936436,1,23.868571619351,1,25.4377943982626,1,23.1147796879794,1,23.8354805013303,1,24.8833625817464,1,28.7627622780416,1,25.0153825225216,0,28.0083624612289,1,24.4991007591907,1,24.2087714834198,1,23.8036049836338,0,28.9547048062552,1,24.2831898228489,1,24.7249241858897
1,38.3342598066154,1,30.4668231733689,1,25.8852444323573,1,34.3886132414465,1,31.1760668287955,1,25.7395114472883,1,27.181381696051,1,24.1573002461239,1,27.269433197753,1,25.3107179608543,1,24.4557942142837,1,29.778162896437,1,24.8805707775981,1,24.12684177297,0,24.0801321838301,1,24.4449447933691,1,24.2868341608082,1,24.644937642174,1,24.8218709281314,1,24.6841048107163
1,35.9184756519926,1,30.3486995174504,1,29.3221514598669,1,32.8535560619907,1,24.3696484301187,1,25.6713190532102,1,27.8752376162955,1,24.9918395775565,1,25.1405169366438,1,30.1830062078835,0,24.4571556166287,1,24.7528697332306,1,24.497444109383,1,23.876247125524,1,25.2318288841273,1,29.2246782936316,1,24.5579259078845,1,24.5318403717363,1,24.4202046037844,1,24.1493554787096
1,35.5608983579358,1,41.1801188239095,1,24.461927546401,1,24.4863719327286,1,35.3102369491695,1,33.8667441302754,1,24.7360961168437,1,24.8857838694898,1,24.0745288555655,1,24.4767952025859,1,28.9410521193279,1,24.4400081941472,1,24.0821413554534,1,24.5342999042446,1,29.4110976415013,1,30.6771660560118,1,25.7210558816727,1,24.1432086129637,1,24.2671460981869,1,23.616094819045
1,37.4316785672866,1,33.2405420581604,1,28.1470147988057,1,28.8661783184822,0,27.9348365620049,1,25.7784572681372,1,23.5756169146681,0,23.3901052304358,1,23.8776466953308,1,24.3350847956066,1,23.2569035412513,1,30.6859153684647,1,23.4909882282433,1,28.6454707195226,1,24.9941672931768,1,23.7105749813474,1,24.1300821326262,1,24.3900881870566,1,24.3356605342442,1,23.932902643933
1,37.7457868914775,1,32.2662404760534,1,23.4536200244407,1,24.1298605182493,1,24.2666875395071,1,24.9574566759412,1,22.4313374393629,1,33.0361657389849,1,24.6986360104594,1,24.3292697160809,1,24.3236961894455,1,29.2706541941418,1,23.1388469068937,1,24.0609948822598,0,24.4588726385245,1,30.0874400974254,1,24.6601808755573,1,24.114486155948,1,23.957699686111,1,24.3874257024411
1,34.4114794032897,1,29.3548036786209,1,33.9288771382997,1,25.7500992847473,0,24.1420220785173,1,25.7463553078057,1,29.0179281674041,0,25.241149600568,1,24.0212459424038,1,28.7112321567749,1,29.3146853383439,1,24.6615603881799,1,25.4099890166503,1,24.352762454021,1,23.875396985888,1,25.5998539169485,1,30.8420320799366,1,34.6629022349091,1,24.0570752125425,1,33.9273196254965
1,39.1996936413437,1,28.8272589414363,1,37.554847984372,1,26.9234814502103,1,25.3774507231115,1,29.1206145851008,1,25.1558713643001,0,23.5513836351016,1,24.6173564519017,1,29.7343464447017,0,29.3316925226587,1,25.282256594578,1,30.5883039833267,1,24.5576316307343,1,23.8239072734946,1,23.5052069983458,1,24.8013488839692,1,24.3979451944914,1,24.9001290775639,1,23.7480596106458
1,40.394389634426,1,28.1724871626833,1,32.1434521579731,1,31.3058034843455,1,29.4964236199405,1,29.8168533054707,1,24.8457463459146,1,23.8613269584014,1,29.8055414715813,1,33.1378180155447,1,25.1538367552496,1,24.0949533781811,1,36.5005387084964,1,29.4439869538789,0,23.9614031733899,1,23.783294833825,1,23.3880197452191,1,28.367355491016,1,23.9056536973161,1,24.501327230746
1,36.7786284604601,1,31.0193882367065,1,25.6022106221759,1,24.1600620978619,1,26.5778711375816,1,32.5912937673867,1,23.1174181989959,0,25.6826117087939,1,30.3767106432659,1,24.5775834568886,1,28.130489195451,1,24.6342824863297,1,23.9334920895371,1,24.2783497322002,1,23.262631941116,1,23.9769601132247,1,24.5695688283672,1,24.4364375470906,1,25.8334652290207,1,24.1199188553545
1,34.2220733228494,1,27.6749253526449,1,29.1162164131309,1,35.5897175991918,1,29.6067277181001,1,24.200458158561,1,24.3022278521878,1,22.9847093776314,1,25.7482622630889,1,28.0481134717819,1,23.7843445603358,1,23.963010602091,1,24.499485365831,1,24.4446110988898,1,24.1630695036471,1,23.2404472423641,1,28.7262775892839,1,28.5412511062817,0,25.1440932857045,1,24.8622419525405
1,37.6586481000582,1,31.1103599152088,1,29.2701761119609,1,28.0749454637091,1,28.0972471515578,1,29.009578284931,1,28.0119792675927,1,29.1372729178457,1,26.1548359278079,1,29.0772523698548,1,25.1244977019194,1,24.2630029901444,1,25.6912369259396,1,24.4819707099464,1,24.2483210681794,1,24.2828356715301,1,21.4404632923917,1,35.5312848056852,1,24.457275449982,1,23.9606990792558
1,36.2284039996689,1,29.6025310809731,1,30.8104762408175,1,32.4360007919742,1,46.2400952278817,1,28.7259001233693,1,24.8971449038583,1,41.7746440938442,1,25.3063377150328,1,32.5666295013283,1,25.2233841350395,0,24.9274736735132,0,25.263088043671,1,24.894028304262,1,24.1963623326664,0,24.0759632998099,1,24.1704378594396,0,23.6964459189441,1,23.6988706437692,1,24.4578669972152
1,43.1105106331427,1,29.7417826845768,1,53.1799715543933,1,26.1746178430483,1,25.2182167906273,1,28.8390162423093,1,25.0699369063787,1,24.1615499967755,1,28.1372639720555,1,25.2967509095713,1,30.0067136828167,0,23.7292632068001,1,25.1368176347985,1,24.8331230382741,1,24.8465853703155,1,23.2807278523825,1,23.9156792873688,1,25.0161396062634,1,25.4394988291782,1,29.7856726689504
1,38.4010458938238,1,33.8025826608608,1,42.6763069377249,1,25.7306410520339,1,25.3231710796942,1,25.617265959336,1,24.4420160802655,1,24.59730258785,1,20.350451496372,0,23.1894667267183,1,23.9831331255203,1,23.2992748427945,1,23.5686527753872,1,26.6219841612191,1,24.158061925516,1,24.1816340955192,1,24.1380446494273,0,29.6979010352188,1,29.2473723699723,1,29.478831449137
1,36.1432573160654,1,29.5332939228408,1,32.9503426314772,1,33.0799015361065,1,25.0802509742161,1,23.8766406994165,1,24.5713521468288,1,24.6604332438119,1,24.7716103184839,1,33.2120283762354,1,51.3994506743604,1,23.7984801252646,1,24.4254054125761,1,34.7661960655529,1,24.9048062889671,1,23.1799842407488,0,24.205758086307,0,24.3496075188705,1,29.7051626265963,0,24.0020820160378
1,33.0901555338713,1,27.5477091649862,1,23.3896135033117,1,27.3488336493291,1,29.0182601755758,1,24.9023831210856,1,28.3848418130382,1,34.4827180672016,1,24.1466958328127,1,23.4832459585274,1,25.1462825147964,1,24.350364287229,1,24.6500778503262,1,24.3826044702456,1,25.6756727775879,1,21.9335424160606,1,24.325333273211,1,24.705836723857,1,30.0951320935065,1,29.1744042840911
1,37.1388401536792,1,27.8613310345086,1,23.9710817727301,1,24.7296401008896,1,24.3145880096377,1,24.3722242313166,1,23.900344365069,1,25.5754066555911,0,21.6965917855361,1,30.8793130364449,1,24.1053178747266,1,24.206106810353,1,23.654398986633,1,23.699821596611,1,28.7131782251039,1,24.4011918596116,1,24.2669416187492,1,23.7591915544659,1,30.20595897962,1,22.7250659517849
1,42.5348798013393,1,30.1078838405965,1,28.5930372510762,1,31.5346178142043,1,29.360737750713,1,27.0312025420659,1,25.0219096622626,1,24.542186073431,1,24.3737184651649,1,28.2706039852204,1,24.2488697160788,1,23.4834342397123,1,23.9143890062285,0,23.6151054207657,1,23.9648635355437,1,24.0824740552079,1,24.8731924023025,1,23.9178978648447,1,25.3312045613186,1,25.9895710189371
1,38.1955249753444,1,29.6901424231949,1,24.9946437627539,1,28.6552985667982,1,28.7060409714936,1,24.565335194898,1,29.6166028235573,1,29.7531407082692,1,25.9573849691035,1,24.0265421118196,1,24.2043183983998,1,24.118962663571,1,24.8509839814758,1,29.8304277716953,0,25.5642764930641,1,24.3627893693499,1,25.9396505510431,1,29.7668076273318,1,22.5138480398635,1,25.253909952768
1,36.8743304921073,1,31.5026310587714,1,25.5484578912539,1,26.6526256608081,1,22.7508310047205,1,25.1677552078545,1,26.1650305555338,1,25.243257617323,1,25.0785717863802,1,23.7324461462136,1,28.8458496107692,1,23.9649794562054,1,23.8312593964571,1,23.845973728604,1,24.4592228269093,1,24.6030389721136,1,25.261231965864,1,24.2128569152386,1,24.0565588794511,1,25.9950979512531
1,40.5979037265406,1,26.0622175763595,1,32.9807887503369,1,33.0299680119835,1,28.9496707902597,1,24.1498768377288,1,30.8066969641551,1,28.9370029404466,1,24.3340736731385,1,24.2549670706496,1,24.3689343239696,1,27.2763890847271,1,25.1986917865066,1,28.7493087558098,1,24.0473524456177,1,24.6041705392814,1,29.2283723053732,1,29.1523595334366,1,23.5637682056939,1,23.8403751191739
1,40.6020915159975,1,30.5998690695501,1,28.3283424005008,1,36.1381521006433,1,23.951940524714,0,27.3564546795371,1,30.5468998268081,1,24.581485605253,1,25.4737891693657,1,29.0867687750834,1,24.4666633647394,1,24.0749092404216,1,23.7721552598583,1,24.3721007504482,1,24.5978329409214,1,30.6115146234085,1,24.6178971108873,1,24.3160193622158,1,24.3448562257176,1,23.9474223037807
1,32.7080626530583,1,29.3187197639863,1,30.0975476784956,1,24.0643690742093,1,24.4622607607606,0,23.2359134447783,1,28.4036767671247,1,29.3049926619449,1,25.7179335548934,1,25.2037041872208,0,23.5634779646442,1,24.5303813697174,1,23.2494648859134,1,29.3256801170449,1,26.2345545947374,0,24.1140877346565,1,24.6686466046131,1,24.4924333367504,1,24.5869218204518,1,23.9291126704473
1,33.6145875022537,1,26.4767917984021,1,25.3556344650657,1,30.5615396463773,1,27.5400244835707,1,30.3945415031819,1,25.9909825275502,1,26.2857743665949,1,25.7840640494188,1,28.9958500380163,1,23.9120612441223,1,23.7178795668805,1,23.892002847499,1,29.0673838528546,1,24.5845853985489,1,24.2404848821899,1,23.9239780786227,1,24.0887521235899,1,24.1751799465259,1,24.8348570791151
1,37.5036675242413,1,31.5378825608369,1,22.8588729769196,1,29.8172835982406,1,23.1432378318163,1,24.8219564262285,1,25.3451484682854,1,30.5854080237773,1,36.3747756139616,1,24.3272887190523,1,31.1661620435192,1,23.8398362483746,1,24.3317788515653,1,22.7773020020991,1,24.4235757268806,1,24.0531188073729,1,24.402848739488,0,23.9727146255274,1,30.1514965058218,1,25.0872138717163
1,40.0982987412317,1,27.0110140680462,1,28.4090168238695,1,27.6310055443049,1,24.0126513296171,1,24.2665587708924,1,24.4679690138883,1,24.2354538931841,1,29.7056668509548,1,24.0601179142843,1,26.3118617705545,1,24.7390024052949,1,27.7339622022576,1,26.0517680667012,1,24.2301632577806,1,23.7420097477739,1,24.0058467720024,1,24.8538286180089,1,24.3667274757584,0,24.9651255240557
1,40.3656193290011,1,31.1508469623013,1,28.2946881352845,1,24.7321930557364,1,29.6767233562271,1,28.6303995576098,1,24.6542669023823,1,24.0185436909818,0,23.8039681625952,1,23.8489983120021,1,23.8056305278851,1,26.9420835761629,1,25.4126624542431,1,24.4703784182553,1,29.1778440339626,1,24.9203739401897,1,25.0989832022021,1,25.0428705233308,1,36.0503276587942,1,25.1786197985516
1,34.1622572377618,1,30.7132561594393,1,24.8980481283651,1,30.1464841333606,1,22.5134222398202,1,27.3123645449034,1,24.7729700707417,1,29.3444229865066,1,29.9024000836115,1,33.5159816524939,1,24.3458391896262,1,24.1236789285481,1,24.0670371630273,1,29.666037265875,1,30.1247653731564,1,24.3449392956019,1,24.1406526685941,1,24.7003482199693,1,24.950870382696,1,20.5669478894324
1,40.0958504877621,1,26.3257654989857,0,24.5439036853322,1,25.2133708045402,1,27.9580809236415,1,26.1657561102368,1,27.6218179350702,1,28.6751586105978,1,24.9868140212226,1,23.4927913488832,1,23.7144139412021,1,24.0555076015855,1,22.3179842373508,0,24.9314017954164,1,24.7811416682863,1,23.9175342037576,1,23.3092373790207,0,24.6615244118413,1,29.0588150532383,1,26.0528416297313
1,35.7416788287563,1,36.5668641346145,1,37.3393018313015,1,36.0709688725831,1,24.3465035801176,1,29.5242693100655,1,24.9600221582496,1,28.4201683647563,1,24.3254181389214,1,30.5602665222059,1,24.1163555250713,1,24.214158616305,1,24.359703254306,1,24.415262159859,1,23.9796470290518,1,24.4036697532509,1,23.6536300038569,1,25.0676163610429,0,24.1311001242188,1,24.2629230610466
1,40.2101428891033,1,30.5143344907639,1,32.8616480674665,1,32.376202760008,1,31.7152884112474,1,28.8139040487348,1,28.4944696162806,1,34.241362502403,1,23.5704339147613,0,23.2057481619361,1,32.3165551741356,1,29.4076577589321,1,24.3771128614987,1,24.2853250149637,1,24.860236160405,1,27.9917441059335,1,29.7160989883088,1,24.47702514017,1,23.9845433221626,0,23.7505391509212
1,34.8325094217456,1,33.1040998903239,1,24.3667338825633,0,27.6946534877417,1,24.5826381429313,1,28.3279764057514,1,22.0704297735858,1,25.2437678498453,1,24.7281991713929,1,27.4022908908125,0,24.2159733528518,1,24.0886392749569,1,28.7981168618002,1,24.4518166465223,1,25.2954280253639,1,23.5768127660811,1,29.2577109887131,1,22.1197625269095,1,23.7675621028955,1,29.8498837015505
1,34.821400333953,1,30.3934536295466,1,34.0358271020936,1,25.96620556772,1,36.9600967254782,1,21.1835267782454,1,28.4632132052678,1,24.002872422059,1,24.1580662513198,1,24.6871972444471,0,23.8160158719781,1,24.4376607864463,1,24.3274806907614,1,25.484518040936,1,24.7637043402906,1,26.2760651089185,1,24.0899726008868,1,24.4636747343623,1,29.7211063859854,1,24.5296789975213
1,35.8019225647673,1,31.7055745096887,1,27.7206403355117,1,26.2431046465834,1,31.6299395630497,1,25.2939225175223,1,26.0062016447306,1,24.3356536787981,1,24.2545710921433,1,23.643223600855,1,24.3842524391342,1,30.1921127256409,1,29.4813334203141,1,23.6842613506991,1,29.578810749844,1,24.3224835393422,1,29.4383637561773,1,24.5904954989715,1,23.7925343469314,1,24.0376084502361
1,36.4611912688415,1,34.617378862186,1,27.0731489570685,1,28.1321178400009,1,25.4641830936991,1,24.3066853529225,1,24.9392388129967,1,29.4768649613386,1,26.8265308404244,1,29.2915949913338,1,24.8638185263925,1,29.7783356409353,0,23.9493584609,1,24.427532426363,1,23.9501493156358,0,24.6791385101821,1,24.1431963798261,1,30.8821585344029,1,24.9259278177369,1,21.8343012139294
1,37.5577509813393,1,31.6006113037244,1,31.1045485742089,1,23.8452460601301,1,31.6611140442435,1,25.1308441694126,1,36.6258360621641,1,29.4842803527617,1,24.2254045238875,1,23.6998993800696,1,29.5246676757525,1,27.0160205694638,1,24.9843187995945,1,24.6213600478602,1,23.9150876678527,1,23.8780896046317,1,28.934123444367,1,24.2387411415025,1,30.077741214914,1,25.1342826031015
1,34.5491872810254,1,33.4238906383239,1,28.5333321064643,1,23.6397990725443,1,29.5547781860667,1,24.4984216623991,1,24.3775508324462,0,24.3599831002296,1,24.8340513243368,1,29.497643347657,1,23.87471384777,1,20.8192058962597,1,24.2159818162646,1,25.0130636571998,1,28.6675231127824,1,24.6370495649017,1,24.2353680542762,1,22.094934512531,1,25.0562609714842,1,23.5387550171767
1,43.7324845789988,1,29.7945701351929,1,32.6865100814726,1,31.1366579250452,1,24.4091619174615,1,34.3719697353631,1,29.5656770676387,1,25.3404289439518,1,24.4927144022854,1,25.5388895680942,1,24.5544665546463,1,22.1815720311734,1,24.9184510970622,1,30.6818773262516,1,24.2344700445085,1,24.0539413050872,1,24.6986246308804,0,23.5288848382699,0,23.2624607971622,1,25.6219749355276
1,36.4162708853682,1,45.4842370950254,1,29.1144978205119,0,24.9128238693193,1,28.9552599954416,1,23.4696533418979,1,23.8161793020201,1,24.8682569300902,1,28.1151167686443,1,25.4874965647673,1,24.7698179534059,1,24.7792117479876,1,24.748913188557,1,30.2411572660225,1,27.913244104242,0,24.8675519173333,1,24.2926221982027,1,24.8465173270998,1,23.1925838968769,1,24.1110381698999
1,35.9978081761887,1,30.7778483342563,0,23.3240151706971,1,27.9309105096647,1,28.9885333312765,1,28.9629305986495,0,29.5783938177337,1,24.242001070409,1,26.2083402100361,1,25.3550571407976,1,23.3385686269358,1,24.6769627660547,1,25.3582753619883,1,30.4290401162238,1,24.8779495058239,1,30.5748763994903,0,24.2070269146789,1,22.8691064591854,1,31.8447878839217,1,24.8660079483281
1,42.6756687812299,1,26.9024968516566,1,26.9566529670472,1,25.1733401346675,1,33.9051060689258,1,34.8978245713552,1,37.5214460408683,0,23.0465818996266,1,29.6113685907445,1,37.3970752768741,1,23.8066210479144,1,25.6049115106197,1,23.4287711416195,1,23.4592216043148,1,24.3397184757059,1,24.5909830812465,1,23.4281798447442,0,23.0734076575968,1,23.0589861771508,1,23.7690311272858
1,37.2768446449643,1,28.3564358559884,1,31.6808332915434,1,28.7088699148267,1,32.1083166602725,1,24.2761439705901,1,25.8611361190876,1,24.3429244774073,1,24.1717882708386,1,30.0362757118929,1,30.5638973903083,1,22.1964378940855,1,24.1105358183019,1,25.5719122241407,1,24.1964491019556,0,23.2902562605215,1,30.931138613988,1,24.980978851188,1,24.5069653938021,1,25.2228272350158
1,35.7295548964259,1,30.2382119865025,1,33.1392384364789,1,35.8086187027192,1,29.1956544257108,1,29.6087773515928,1,29.7142102680825,1,25.2888297997459,1,29.0411802479641,1,24.2973737347879,1,21.107177844431,1,32.5925843287248,1,25.8086430019001,1,24.4250730771455,1,24.6889750213906,1,23.9415662343296,1,24.2500494529783,0,23.996423516194,1,23.7745047090677,1,24.1405148975574
1,31.2789899195649,1,28.3930705159417,1,32.5608003521219,1,31.9626306146402,1,24.4826242644351,1,32.9946984776609,1,29.8163232093601,1,24.4276133880584,1,23.7213212736097,1,24.4097907775379,1,24.5917410650427,1,24.5131438475015,1,24.4421496295763,1,34.7914134472297,1,23.6986097296148,1,24.0331365034223,1,23.839281027566,1,23.4071515573531,0,30.5834093134509,1,23.965388508204
1,35.125833721982,1,28.5955844923881,1,34.7700638555049,1,27.7917967818587,1,23.2496119704825,1,24.2011893237315,1,24.4454134146791,1,23.4808754197737,1,27.4019039397778,0,29.2005811651324,1,24.7082739023198,1,29.8139972516171,1,29.5532920763836,0,29.5773591073866,1,23.6425542925779,1,29.4679302060365,1,30.1792108386944,0,24.4324146430728,1,24.6093648339201,1,24.6249802835386
0,38.2496827033819,1,31.4676544115874,1,30.8670032058589,1,31.489603164505,1,28.3838435926252,1,28.8104645020963,1,24.782258245953,1,24.6221314815254,1,25.9166370375171,1,24.9997292516663,1,26.6979939626974,0,28.4155918959161,1,28.9544376827352,1,23.0440142978916,1,24.9514346560935,1,24.9292478735363,1,24.3730188486499,1,24.194611074442,1,26.269154924148,1,22.2428041401895
1,37.1003315921611,1,31.4081963558116,1,28.4173391078917,1,26.7778070435856,1,27.4703107001349,1,25.0626502639855,1,25.2003070476035,1,23.6739594146395,1,25.1806933738037,1,24.739739721205,1,25.2911169315874,1,30.6067153138805,1,25.5542201353787,1,29.32173039025,1,25.9401882524109,1,28.4739079470722,1,24.9703832020551,1,24.5658863216863,1,23.9569993068506,1,24.3228344387629
1,35.7712733855922,1,32.6392376386265,1,32.0837469049089,1,27.0265189193159,1,29.307413656686,1,23.8449405806832,1,24.4669332334384,1,26.031485715445,1,23.7677046872882,1,24.0187587790246,1,24.0707612969527,1,24.586685101457,0,24.3032902492501,1,28.5511409243049,1,24.6771569182783,1,24.9336133258166,1,23.8264158813356,0,24.4009356416263,1,24.6756139880627,1,24.1121957877128
1,44.3488038890539,1,35.0072727929447,1,38.2086913739856,1,39.617455381969,1,29.5580103773368,1,24.8985328174882,1,25.1858115420115,1,23.8453453131874,1,28.6889839954982,0,24.4287890954306,1,25.2157119320331,1,24.8748848069227,1,24.8043692332309,1,25.1458131017258,1,24.4148910836602,1,23.8540266862463,1,25.6420990748919,1,23.8439124548367,1,24.5261348186589,1,22.4142465193141
1,39.0945792434675,1,37.5471527267885,0,28.609173054836,1,23.5552163709469,1,25.7446287103345,1,23.1129802762454,1,25.1928902333608,1,25.0098143853552,1,33.2441769379696,1,25.7525484218688,1,29.554280582786,1,23.7544313891944,1,24.7753940552189,1,26.0067309028879,1,24.5802066896994,1,23.3783401779514,1,24.967218017623,1,25.4574403399989,1,24.3182537318142,1,29.0981373782705
1,36.8935344395539,1,27.1666303125698,1,33.9009190889757,1,27.5968416488911,1,28.0609111194827,1,30.1016660390023,1,23.6164724336078,1,29.08816952371,1,23.8333230096999,1,32.6616877348449,1,23.9068659185484,1,25.2813950917615,1,26.107778468698,1,26.0145717880877,0,23.0034414693016,1,23.3983303233585,1,25.032792917516,1,23.7293971412612,1,24.9578468072212,1,29.4374873489982
1,34.6895288137958,1,29.3669896453538,1,23.9351512729783,1,23.7218013404354,1,24.3413191434704,0,29.9865435982762,1,23.9324521898041,1,24.8903636651634,1,29.859096212187,1,28.2299817680368,1,23.6194300494249,1,24.0880131678122,1,24.1961279564066,1,29.727772955527,0,22.8263079278399,1,28.2227719540762,0,23.3769054469051,1,24.2092377997865,1,23.9868487844419,1,23.6149062953306
1,39.2430958295134,1,30.0705654969744,1,28.4981610992972,1,25.4650023345112,1,26.1376508173538,1,27.7394569266826,1,24.7027081019047,1,29.5791988661498,1,33.0211335485066,0,24.2506164154807,1,25.3017917791391,1,25.7446534965412,1,23.7419849155145,1,23.8567606295216,1,30.2114408632013,0,23.9007790143805,1,24.9231812457321,1,23.8390255765223,1,31.8684442179627,1,26.8390044149219
1,40.3344243220429,1,27.9961191411482,1,24.9297545009108,1,43.3653300578584,1,24.5901940847608,1,24.6618184671836,0,23.2392738312727,1,24.4021035412101,1,25.9813420878751,1,24.2287877504527,1,24.4590615765535,1,23.9487788371011,1,34.006520232526,1,30.3891146993754,1,29.3159561864055,1,30.1460241837809,1,30.1197117486902,1,24.3985093323466,1,24.725256477357,1,25.0448783978957
1,36.0378266644727,1,26.3272584112505,1,22.1568950953181,1,34.5588377951049,1,24.1070244226272,1,24.5646347694432,1,25.0720540875846,1,29.8278036848784,1,25.4150605796919,1,24.7383148491305,1,23.3761698473776,1,25.3312946422347,1,24.2597263355307,0,24.4347832655339,1,31.0866641721828,1,25.395632871444,1,24.2416224763416,1,23.7866798258415,1,24.6047454276749,1,24.5971011450324
1,34.1087513438706,1,26.2650749250675,1,25.6520548660021,1,24.5879238633703,0,25.5828354511222,1,25.2774654933461,1,23.2942551506924,1,23.634396944281,1,23.5125221709817,1,27.4627874154189,1,24.1889277154333,1,23.9689207871879,1,24.0130461230527,1,28.6092060448461,1,27.9863855828294,1,24.2788759921869,1,23.8095786710407,1,23.8890551107956,1,29.9333600750987,1,24.4497894707413
1,37.0564014075953,1,29.4072396018555,1,31.5632377421156,1,24.8434386861437,1,31.1850705289725,1,24.6593914962446,1,29.2594241070547,1,29.8686434830837,1,37.1983725187022,0,23.5938565897998,1,29.1327508185388,1,23.8039244817156,1,24.5444602892836,1,23.2034990656912,1,24.5379316638471,1,24.210064098377,1,25.4390075302396,1,29.4345263417928,1,24.3053578506757,1,24.5647095282348
1,45.3808443092074,1,35.0026055409517,1,28.4080972172012,1,32.037642382381,1,25.5795845893016,0,24.9275953257645,1,28.265384658668,1,24.4484669795057,1,22.0641676091049,1,28.277420069565,1,23.5300878518822,1,28.937680176892,1,28.9977135045905,1,24.5665980124536,1,24.0307199940136,1,24.7272357492483,1,26.0290456519863,1,24.4984217418507,1,24.6931907498827,1,24.172609173255
1,40.1047321049646,1,34.3436884523157,1,28.3228052213065,1,29.7762554717362,1,25.9383192085665,1,24.4837580937611,1,24.315387101491,1,23.1211684429969,0,23.4741200439237,1,23.3686481574169,1,25.5069875045623,1,26.915258847136,1,24.0868029831906,1,25.0409570941874,1,24.9502976415425,1,32.035879577563,1,23.1993186908153,1,24.8302826090477,1,30.5645819093578,1,29.0789152811071
1,39.4509094509041,1,40.2341069497241,1,21.9208188080277,1,25.4357146647907,1,24.1257006804294,0,24.4357282581808,1,24.0339371289991,1,29.8190643570837,1,29.2540111072483,0,29.4184533072299,1,25.0165002569876,1,27.9108214684316,1,28.0689176505394,1,24.0534664873578,1,24.0924497844062,1,24.4212675804893,1,23.2592916966829,1,25.9453993068945,1,25.263369617336,0,23.8981251860213
1,40.2370413217462,1,27.6213318275048,1,33.4768165881437,1,29.8005780986052,1,24.4655860340079,1,23.8633502803662,0,28.813471563309,1,24.6856550347407,1,23.8651806777909,1,25.2747886345775,1,24.7985652028209,1,24.2333337736607,1,24.2365354246687,1,24.058602262439,1,24.2315032001482,1,24.7121864556389,0,24.4855776851336,1,23.8172499036276,0,21.9924110478588,1,30.5345655089011
1,35.0395279137505,1,33.4688433209396,1,30.969092953241,1,29.4381495434752,1,27.309933672953,1,25.9933501584165,1,24.045495599921,1,30.9031692358186,1,29.586297630452,1,25.2051076644804,1,24.5158985233606,1,25.1544401553344,1,28.966384929729,1,23.9241725636093,1,24.3365936928068,1,25.6047033868291,1,24.1065034795876,1,24.3457324862502,1,24.4650337621728,1,28.6156617105759
1,36.695989140535,1,34.1416763678,1,28.4446431702727,1,33.0789214105956,1,25.2649769286756,1,29.4017983583124,1,28.8297775674879,1,24.872632833267,0,24.0124484037686,1,24.8696841352046,1,29.2655375468025,1,23.2448993953473,1,24.5099475581712,1,29.7461865602528,1,29.1739888755564,1,23.5479555527022,1,23.8792228584713,1,23.5761867224257,1,24.423795605393,1,24.1537898584668
1,36.1756444854078,1,28.8748561208358,1,27.5708080880391,1,26.5065253177389,1,23.6892087030925,1,25.7530825426073,0,24.1859663353382,1,24.7424664970927,1,29.677689158911,1,25.4505883547922,1,29.8145813013155,1,24.7357446500567,1,23.8177229685358,1,29.921306536644,1,24.3339992623637,1,25.7285385150736,1,29.5593573535322,1,24.8375509902264,1,23.5090962317616,1,29.3408471227261
1,39.0792788041099,1,31.7011836617523,1,28.8345127093848,1,24.3044121595397,1,24.0101729744875,1,27.5697104047206,1,23.006805142438,1,23.3532896621954,1,28.2326151513352,1,23.9650750603711,1,24.4717160157713,0,24.1609489170303,1,23.4926312209005,1,24.2187445232706,1,30.0938198233243,1,24.6006617464543,1,25.5789020098657,1,23.9761528353735,1,22.4353619344402,1,23.2770320983776
1,39.6226724078483,1,30.477113820278,0,29.0470881458746,1,28.0842932694152,1,33.7131784489113,1,24.4048359998425,1,24.1688424454501,1,24.5067212808743,1,24.9703061138076,1,25.2463510360379,1,28.7926035272748,1,25.2848687756705,1,30.2793023038761,0,22.6119993769591,1,24.6562525533336,0,23.5511113991789,1,24.5125730774457,1,22.5510567981742,1,24.5291909306589,1,24.2936958308363
1,37.4028165944358,1,29.2284452266121,1,27.145780348167,1,24.7262975856323,1,25.1856495155974,1,29.1675343015279,1,29.5848520898629,1,23.8376979728832,1,25.3838031929058,1,19.5357902801341,1,31.4617738281467,0,23.6019604566326,1,23.1090702395486,1,24.4431242468044,0,22.9974598311286,0,25.0996861634525,1,24.2760070130379,1,24.3966084407349,1,23.8588815048343,1,29.8900258755169
1,34.57604713724,1,32.7246741688373,1,26.3376384017602,1,27.3777353663275,1,25.0127949215739,1,29.3204995170188,1,22.680356456322,1,22.3517667491938,1,24.2215804025576,1,24.0988043588485,1,29.1748967948584,1,23.9576220914332,1,25.1714540002858,1,24.023343557761,1,24.6922431942386,1,23.7597348243775,1,23.8625012371905,1,23.543583201485,1,23.6351249795211,1,24.7010218670037
1,37.2217537247247,1,33.3500651424054,1,33.6611173846773,1,27.2383105550606,1,29.6273304527632,1,23.9282976943028,1,24.7022858946702,1,31.7884550845806,1,22.1262954859798,1,28.8852710787455,1,24.7480270702053,1,25.7665151657979,1,27.0896625672383,1,23.4298487714765,1,29.1332057854929,1,23.7310720025506,1,29.3639777301116,1,28.1717147552706,1,24.2436490905898,1,24.0676156421008
1,34.76141153097,1,29.5462828567081,1,40.0998873801426,1,24.2950612242238,1,24.9202441168965,1,23.9112397266619,1,29.4486628095868,1,24.9054360318935,1,24.026932234994,1,24.0899852143831,1,30.5916356404877,1,25.0971524622098,1,22.5602354717676,1,24.1086211864062,1,24.656739702451,1,23.8960064866664,1,24.7738445298263,1,23.8887351095226,1,24.0452910689949,1,24.2056113973007
1,34.847597785866,0,37.2477613127685,1,24.4214257742777,1,24.8711826120457,1,30.5043076341384,1,27.0754492310224,1,23.6362183996505,1,29.1462241536747,0,22.5617559114819,1,23.5892372609066,1,23.9067080017599,1,24.3651547619182,1,23.991923966472,1,23.9423585214569,1,23.0141591837414,1,25.2974037040666,1,24.7756149236647,0,30.4319238836558,1,23.8451906796751,1,24.4693944502314
1,40.8634569537711,1,32.5992047394262,1,26.7161469576841,1,31.786516538087,1,24.2265483102854,1,24.0249324286475,0,24.3385892042349,1,24.1081657403508,1,30.0750858024675,1,28.4866902876972,0,24.3039071452755,1,30.162964875214,1,23.066033628931,1,28.6405655661054,1,34.2590210701525,1,25.3925213178987,1,23.5717875421626,1,30.4802336075068,1,24.0659452077809,1,24.6923701566746
1,38.6015405716544,1,30.6390780911178,1,27.7533805219043,1,24.1097309079879,0,28.8729514994482,1,24.0125242993764,1,23.624379837848,1,29.0035229187285,1,28.7859512166239,1,24.187907403434,1,29.560129204751,0,24.42897681997,0,25.7713322393155,1,24.0908680257128,1,23.0478206626879,1,24.2651250908703,1,24.0272750519835,1,29.6308475005743,1,23.5843366729969,1,24.6681848726559
1,35.3765436961515,1,28.4800479581114,0,26.6724745715448,1,42.915956496503,1,24.7852731372189,1,29.7188082240946,1,24.1892389373531,1,25.3377178161746,1,23.9302338161808,1,28.8611210995203,1,25.7397094780581,1,24.7273933474191,1,23.6541471787094,1,24.638702916794,0,24.0033832214446,1,29.1129642649894,1,24.1464146319964,1,26.5023494059028,1,24.4870943323939,1,23.8783679367365
1,38.7409417947965,1,30.5435490383245,1,26.3214760092542,0,28.4984522860065,0,28.8814869676484,1,22.9911567051258,1,24.1209287903888,1,28.9837259730778,1,20.9916385712736,1,24.7892258378747,1,25.1841378420543,1,23.712875374798,1,25.2428917383701,1,23.9947760902228,1,25.0213198925626,1,24.155051051223,1,23.7464745408615,1,26.9729303045715,0,24.1365467830239,1,25.2450753592296
1,34.8132440255528,1,30.9352201076641,1,29.5717452612519,1,25.4700049255334,1,28.7593034001005,1,28.663600996764,1,24.3723028122023,1,30.0935977166305,1,24.0568064231211,1,24.2670321625204,1,24.2636337577498,1,23.00634762059,1,26.1762361812075,1,25.1802070329837,1,23.3757487126032,1,24.0282062995139,0,29.1273224155963,1,23.9373199197571,0,24.601069950598,1,24.4531024822289
1,33.6913654060765,1,30.4929819247638,1,28.6986563440116,1,33.2434296490366,0,25.3984121877647,1,28.899444667561,1,24.0504696232202,1,23.2944321391536,1,29.7450708995286,1,23.9231689011083,1,24.1367269111143,1,24.8419608644475,1,33.1695568166679,1,29.2594500001295,1,23.7020872367207,1,24.9454463342767,1,25.1908121394096,1,24.5820125268359,1,24.5607102476767,1,24.5890852402069
1,37.7022326446664,1,31.9121612905492,1,29.2984945043473,1,29.6912430366372,0,25.661307194376,1,33.017558699787,1,28.4478441158804,1,24.3110445489298,1,39.5771445994046,1,23.5358962832116,1,22.9593503881871,1,23.8319535603573,0,23.8611529924529,1,24.258080009014,1,23.6092435738108,0,24.3709018891924,1,23.9851186360785,1,28.3429502330149,1,23.5356081675621,1,25.2571772968266
1,39.1566914449915,1,26.8433142725541,0,28.8592420210637,1,29.0087417211187,1,28.2779022105221,1,25.2089015074649,1,24.3781059958936,1,30.6912522043213,1,24.663332066753,1,24.6122743769406,0,24.806583471709,1,26.5268333050685,1,24.187144936614,1,23.869417268715,1,25.2721545795496,1,24.6395111654995,1,29.704471366972,1,24.4167392461907,1,23.6992325521778,1,29.8163265563656
1,34.8942651499219,1,30.8803651990753,1,25.4165103259101,1,23.3333764655311,1,23.81436829644,1,24.380944647893,1,23.6135844400791,1,23.3291022392571,0,26.326992732726,1,24.2822865691848,1,23.7004210173552,1,24.1692750822462,1,24.2163104311311,1,30.6450644556322,1,24.5653451874766,1,27.8039898037841,1,23.66399456514,0,23.2115234729862,1,24.0467562137132,1,29.6646727711955
1,38.8815342984591,1,30.8779836577438,1,25.5186656448048,1,25.5269090185075,1,29.2539096890184,1,25.0377764194622,0,35.7898181998208,1,24.5643523623341,1,24.0829208142247,1,24.5316684411132,1,26.2663460542607,1,24.5225788894922,1,35.6584199479975,1,23.692243508573,1,23.9837508369468,1,25.167505481923,1,24.1545601553212,1,23.5541145819292,1,29.4931166826837,1,24.6870040384324
1,36.664425393437,1,30.0692240820736,1,24.2468433544515,1,33.990684619534,1,25.8527374343841,1,26.3107020647984,1,30.4023607093401,1,24.6835522856028,0,23.3176650919955,1,27.5843887726495,1,24.0154704930852,1,29.4285333676586,1,24.2704425080727,1,25.1555698565497,1,29.1539687591315,1,24.3773668206224,1,23.9025760825548,1,24.0549823775919,1,24.2011585218402,1,29.0666382660032
1,40.5374297209625,1,34.9254438825546,1,33.1251978983373,1,30.9168700660216,1,27.6505486250672,1,24.0364293079799,1,23.8541314688226,1,28.4202378788647,1,30.338691181176,1,24.3396563089343,1,24.4846082982746,0,24.1062858417383,1,23.1806517073906,1,24.9476969739056,1,29.1663267992497,1,24.3076473204014,1,23.6513321408965,1,23.7213532820389,1,24.23759570133,1,24.1182554895679
1,40.0570040394672,1,30.0510151379112,1,34.010699741419,1,24.5282529470055,1,24.7250738003656,1,24.8153483398485,1,31.369240776466,1,24.6510936696177,1,26.4307518518498,1,23.9525684028804,1,24.1074028661517,1,24.0557118842401,1,23.5026928696687,1,24.0155590621994,1,30.1363872822367,1,25.3952337453695,1,24.5637973136424,1,30.85246114628,1,24.1718206561536,1,24.215198927682
1,41.4433612408211,1,34.8814847649603,1,30.7903949991355,1,27.2647543833909,1,34.9257780717918,1,22.6153298295786,1,24.641815723146,1,24.8298111194985,1,25.2350106001859,1,28.0763658306047,1,32.9561539005796,1,24.0582991402916,0,23.8584101724288,1,24.2679515041716,0,24.8904657341964,1,24.4301521756953,1,25.7415741952578,1,23.7660414449423,0,23.8096083659664,1,24.4787971686486
1,33.1415663062215,1,30.3248866721162,1,33.1127984810039,1,24.7331258766527,1,30.5918229381505,1,24.802701254428,1,25.6986571406813,1,24.1296216242019,1,29.8629556186492,0,23.6616439480304,1,24.2070938945096,1,29.5805594559342,1,24.0834570907436,1,24.1955621384033,1,23.8346220539339,1,24.0698770330047,1,25.8203681669626,1,25.8435829606816,1,24.8917357797219,1,24.723675958671
1,40.9752617586085,1,31.4474714652437,1,26.3614614419518,1,24.6448529087403,1,24.4014641335351,1,35.3607639497084,1,24.7565000445066,1,23.1450896492842,1,30.839312705047,1,32.8571871254722,1,26.8949682997135,0,24.0849739220477,1,23.7790332484838,1,22.9121750544248,1,24.1270095013061,1,23.8694460444534,1,24.5285594531303,1,23.5164170979901,1,25.5444161029012,1,25.2630554361831
1,34.0961384769446,1,28.6628881487773,1,30.8292399337581,1,31.8376450751894,1,23.5371962418526,1,25.7856868410141,1,29.6832476148222,1,28.3074252998782,1,29.0177908517527,1,29.9489563710895,1,23.6712638841711,1,23.5127771260904,1,24.1063642928267,0,28.868756513488,1,23.4267459020123,1,30.1210052737161,1,24.156959334729,1,25.787517862148,0,23.4936503526607,1,24.3233489182837
1,38.3413937273071,1,30.7321018932736,1,48.2905703205688,1,26.9474327176215,1,23.8088844229563,1,24.9082213687578,1,29.0749815358315,1,27.1908105967072,1,28.8222008085731,1,28.5339195248337,1,24.5957230633229,0,24.0991391579995,1,24.1442398306991,1,26.9130942478499,0,24.1133843003696,1,29.5115989003712,1,25.4942717702729,1,25.1553112769922,1,23.5168824373386,1,25.0344341052672
1,39.5536003106093,1,31.122509386996,1,25.559542362465,1,30.0091503763516,1,24.6988034967535,1,29.5350001839414,1,25.2221811724058,1,24.4778516071462,1,25.2057304859092,1,30.5825860911162,0,23.7636785827625,1,24.8969519276537,1,30.0720744498728,1,24.6076659024203,0,24.4418320941302,1,24.8697901391158,0,24.4602693173858,1,24.6678056399388,0,24.672294081471,0,24.6363918022112
1,37.7960249258538,1,32.0114208945371,1,29.1686228878417,1,31.3676058735829,1,29.2666466304108,1,28.3008668820896,1,25.2467096025325,1,24.4064105865171,1,28.8831915139927,1,25.3460042461837,1,23.0683313428784,1,24.2782826043311,1,24.5564501999548,0,23.0172388488924,1,22.97947134596,0,19.2027759460904,1,38.9162182403983,1,24.4519345328918,1,23.8840300338232,1,24.3521997170947
1,43.1620579098142,1,27.4034062915654,1,27.0726179415073,1,30.2952399556526,1,24.8243012518968,0,24.1095501207346,1,23.8961197135781,1,29.2930651811172,1,24.5430144102304,1,28.917587387994,1,24.7049889778676,0,23.4876522877994,1,23.5796316941159,1,24.6378881402173,1,25.1483604965577,1,29.2588605285471,1,25.1286717852212,1,24.7168843088409,1,23.8785184788135,1,29.2731454023897
1,34.4809614043618,1,33.6504942576622,1,33.6934754790706,1,25.5231309634712,1,28.687067150053,1,25.5367400482634,1,25.7054724420329,1,23.4120099456626,1,25.7567719847115,1,24.4878244336628,1,25.5424768304843,1,29.6329324330518,1,22.8132487902623,1,24.8862418521556,0,23.8875370994615,1,24.4449571150879,1,22.1776847001696,1,28.6347058864637,0,27.5833646952343,1,24.1060301835433
1,42.412102600818,1,28.4985581729565,1,53.3494915216074,1,32.9045952019601,1,28.6036877962603,1,24.6203747457805,1,24.2406245179415,1,24.5504239314091,1,23.9816588350694,1,26.6890381161618,1,24.6201684594411,1,24.1920482722214,1,24.9995240471926,1,24.4018632752878,1,24.1100916358916,1,28.0957622629018,1,23.9047140272375,1,25.0809883149772,1,29.6461380721435,1,23.7603862492905
1,38.9788430265419,1,32.278960233995,1,23.4016070838664,0,30.0176278821023,1,23.9928221592667,1,28.3452881584835,0,24.7875828931786,1,23.9435525904626,1,28.9478956131548,1,23.769001269318,1,28.6775727898734,1,23.8553564045589,0,28.9667512929969,1,30.2117891862865,1,24.2893678953004,1,24.1555646537155,1,29.9171197459814,1,28.7714932938052,1,25.7291630114215,1,24.272146554201
1,45.2778660556918,1,34.3305605634735,1,25.1116387570012,1,25.6453892083342,1,35.7594318378129,0,30.5135860664041,1,27.7762704398665,1,28.804517538659,1,24.1997526763239,0,24.2662023356427,0,24.667266407311,1,24.5080037508563,1,24.0726990485078,1,30.6324075876067,1,24.9508176668893,1,23.5394072039293,1,23.7107264719456,1,23.2817720004896,1,24.1791449697706,1,29.8580869002942
1,41.8462810217813,1,28.9287693969587,1,25.8896266949855,1,24.837982180767,1,24.5739643334071,1,27.7021637673651,1,24.425595137339,1,26.4412949317183,1,24.9328136350951,1,25.0173767904863,1,25.4474990301054,1,34.3418945314188,1,24.8286055398335,1,23.8029651568984,1,23.6049463528425,1,24.1044403486354,1,23.7872824132604,1,24.454296585192,1,24.0915921169736,1,23.6686688861186
1,31.1976707572009,1,34.8162429791232,1,37.35628389849,0,33.5667352170104,1,25.3598165351305,1,29.9140511854548,1,30.5810580183274,1,26.4312810217292,1,23.5758310889066,1,23.808862279456,1,24.3646722016338,1,24.5645024768362,1,24.7268414122075,1,24.0650108176935,1,29.2822574924811,1,24.5430918102805,1,24.6531154119909,1,23.9731470428059,1,24.4471473652107,0,23.9976237229633
1,43.1971816493124,1,30.9176958189904,1,23.5190006554733,1,29.6412054909705,1,24.6555300797224,1,24.9530179126169,1,24.5967319143402,1,24.1615553404726,1,30.9741807204479,0,21.2746114739925,1,30.4523837348886,1,29.8799417856156,1,32.2628508744565,1,23.9618989522685,1,24.1593792409632,1,29.1512432692659,1,23.7614160215223,1,25.1070076602379,1,24.0607299590874,1,23.7749025732022
1,33.6310146902169,1,27.0157299698997,1,33.01535996597,1,22.9052730622017,1,26.1879751457266,1,29.3055528888232,1,24.1762807441299,1,24.3949456532269,1,24.5783220644025,1,24.8069586259677,1,28.9020187660043,1,27.6613496399175,1,23.7543705474739,0,24.7997241563452,1,24.7715598319799,1,24.9198706992427,1,24.2415028234664,1,24.4189843722351,1,24.9571308709796,1,23.3442285912223
0,33.8498564839442,1,32.5118530809618,1,29.1522591313921,1,28.5974796282307,1,25.1066635542227,1,27.6776220808971,1,26.6347585066474,1,23.4726590136567,1,25.4689033119354,1,24.009957772212,1,29.5911128684388,1,23.8177709226369,1,24.3529057081937,1,24.0906198429361,1,24.6568594811128,1,24.1182802911281,1,35.6444805355975,1,24.3549465761707,1,24.4394483682398,1,24.29615424071
1,36.9778256946328,1,27.54549588789,1,25.7520587662612,1,24.4270912640228,1,29.9141399454768,1,24.2916323951561,1,25.2826064934681,1,23.4614794291547,1,29.711469493542,1,24.5339511047235,1,23.8498363502812,1,24.2564670219503,1,24.4014243794935,1,29.675246921793,1,23.8451637815491,1,34.1560795053739,1,24.9288571919557,1,26.1875034839241,1,23.6276907963765,1,23.4841340127755
1,41.8413868584936,1,33.4174712521474,1,25.7015424546909,1,28.2165403632625,1,33.2690619206106,1,29.3616323485719,1,24.3768491216086,1,21.146156067992,1,28.5541033698628,1,28.9586438026444,1,24.2671380822551,1,24.7793540373372,1,26.2754951707723,1,24.4099543110776,1,23.4820035988129,1,24.4023592962991,1,24.6961168013134,1,30.7001600901511,1,23.1616491284173,1,24.6167637000606
1,35.5635512689038,1,29.4163851592975,1,24.020582717665,1,31.8619133428617,1,37.8586592442998,0,24.1754264490479,1,25.4602702790312,1,25.2239813936029,1,29.5349235918702,1,28.7590583973091,1,29.2284996647075,0,25.1162394779984,1,22.6282967905145,1,29.3079930105088,1,23.3257194123024,1,23.5190562728202,1,24.2284414781018,1,29.5823605469264,1,23.8840444144863,1,24.8494129652364
1,38.6142781694112,0,32.3024516844455,1,37.8126673656971,1,24.7447501512272,1,24.9361551615856,1,23.5597638360249,1,26.3395121638762,1,24.1293658722931,1,29.6096633313762,1,29.780074967476,1,24.0029397853416,1,24.8124283757477,1,29.8094595726833,1,29.0119581368944,1,24.9577575131924,1,23.864266485576,1,23.5439754183488,1,24.5691863892071,1,24.4470674428213,1,30.3248879866827
1,37.6003444445651,1,30.4413769411667,1,30.3722922660426,1,24.4352251783593,1,25.633380509657,1,24.9525092513493,1,24.7703211513604,1,24.3356122126007,1,24.0551078913923,1,35.1349695426422,1,23.9636270337758,1,24.8891478538781,1,23.8457963181736,1,30.4933444260472,0,24.4122725041866,1,24.8496552528517,1,24.7063596835229,1,22.5311766366654,1,24.5808375755844,1,25.8879617280915
1,36.6879907858859,1,31.6259497017029,1,27.0337732915892,1,34.4247139221819,1,27.8239044150453,1,26.8274500696273,1,21.9136679800502,1,31.5538729046191,1,24.4955613057734,1,24.6558049253569,1,23.4584577838374,1,24.9947174345167,1,24.0014445812018,1,30.2797533891635,0,22.8426621914013,1,24.1692773636766,1,24.3852240254742,1,25.1780180911279,1,28.9081106824602,1,23.5894374327741
1,34.8797418717742,1,30.5141016044301,1,40.5935671523063,1,33.1443976218799,1,23.2040908778321,1,24.93317631525,1,29.5077319329395,1,30.3260613978513,1,23.6060937341128,0,29.0664952020341,1,23.1932752330508,1,28.4796898094979,1,24.1384380387538,1,29.0054043238987,1,23.8710198606434,1,24.1491600030961,1,25.6321313692916,1,29.9128588879446,1,31.0667095668899,1,29.4110907908193
1,53.178295787056,1,29.7065450875362,1,29.6090749626843,1,25.3339178297401,1,24.2218655131548,1,23.887554529143,1,33.8518286083655,1,23.6585903598417,1,24.3130007432309,1,24.306727563042,1,28.385065923492,1,23.8777849621939,1,23.6953540528664,1,29.5369665387699,1,24.953891423401,1,23.8634010460861,1,24.3898261288213,1,30.2657620260703,1,23.7069043248587,1,24.2246010623859
1,38.1813656021979,1,35.2194261790812,1,32.8227603454075,1,39.7035168020899,1,30.3076524778409,1,26.2941730669373,1,29.2677479746131,1,30.0175780586397,1,24.9676304839272,1,24.1818785013193,1,24.302678526279,1,24.3506481772534,1,24.6966770915247,0,25.1560702590023,1,26.6356832807969,1,25.6723343975125,1,24.183948370428,1,23.6867433647566,1,24.6984959418589,1,28.7308457303687
1,49.4689082615049,1,30.1086242924126,1,26.4923934402792,1,24.4504820916383,1,25.389708534107,1,23.5784627759509,1,24.8255704163039,1,24.394877393724,1,29.5473077514352,0,28.9771473744489,1,25.000821689155,1,25.6175073185564,1,24.2114700073156,1,30.2092321186985,1,29.891264241574,1,24.1728364235009,1,24.4424117415385,1,25.1384476098275,1,22.09927163074,0,24.942108920356
1,37.3816253841484,1,27.6436070195343,1,25.3068693395213,0,24.2425085496904,1,25.2534861255275,1,24.521613779146,1,30.487651512026,1,24.4173086214404,1,24.9183615555566,1,26.6855220812516,1,29.0647129529506,1,29.7048307247096,1,31.4042030049355,0,24.4565782410057,1,24.866529268456,1,23.7002958264152,0,23.9053129812819,1,24.8030151545264,1,25.0886748320855,1,30.7599355773334
1,37.7006183884439,1,31.8731099927472,1,23.9635438629306,1,24.958527141489,1,25.8887550436113,1,25.6286819120737,1,32.7032824719119,1,25.5956311818403,1,30.613324636078,1,29.9013295828212,1,23.6327866493662,1,28.7704290527765,1,24.2905676482324,1,25.0012447190599,1,25.0593684237981,1,24.4266786216145,1,24.1409238810329,1,22.6563457638225,0,23.3854309874315,1,30.9705501855873
1,41.0373401092174,1,35.6918300770788,1,26.719254461428,1,23.0179792024966,1,30.3875691750912,1,33.3660968907984,1,29.2543271659822,1,28.8969664151074,1,23.929375676243,1,24.9008312537912,1,29.6427316401032,1,29.3309677813923,1,25.4667601113535,1,24.0044129302111,1,24.6300370390817,1,24.3376820103746,1,24.4675343034441,1,28.8214773710961,1,23.6872920462894,1,24.2116227175077
1,35.423585180591,1,32.0395358492816,1,28.1249562554138,1,29.4063879937387,1,28.8122784987838,1,27.8260342515415,1,25.9052564999741,1,24.0607174966403,1,23.8103297145875,1,24.6008140987096,1,24.8505801766472,0,23.3788806095365,1,24.532820368046,1,30.2524354145793,1,20.928275927486,0,24.0038966252274,1,29.0582824275745,1,24.5082845862589,1,30.2681025406693,1,24.4018982895739
1,42.3047573555971,1,32.2708595654809,0,27.5819727572212,1,24.5557413199878,1,31.0909243473982,1,32.7833122673304,1,24.7539385321913,1,23.3222499264545,1,24.057172397362,1,30.4785851718085,1,25.8994754493934,1,28.8364609415368,1,25.0421179453816,1,25.0423093934556,1,23.5857100168291,1,31.5855699893738,1,24.7027277463878,1,29.2327651788248,1,25.0780378360373,1,25.374156838682
1,37.2394377387919,1,28.0891675760569,1,29.4282924440941,1,28.0331847462418,1,24.5200088514856,1,25.1720201586064,1,24.4585702806027,1,29.2049892798689,1,30.5070148647377,1,23.0663800888206,1,30.0418320644128,1,28.4346328367131,1,26.3562009159828,1,24.0283365968685,1,25.2089925211237,1,23.2977085982878,1,25.3302227819608,1,23.8338142924432,1,23.7208966283772,1,30.2067418730201
1,37.1841114698078,1,29.722451749153,1,29.2705753634248,1,33.0993678920727,1,26.9849282794825,1,24.0859995519604,1,23.5202121981052,0,28.4624484054171,1,24.4296849014566,1,29.1692937154095,1,23.8463195082231,0,23.936489447238,1,31.6970755587616,1,29.3099035615659,1,25.464359542353,1,24.3360278446086,1,24.9855950825166,1,23.53230127989,1,24.9212295768733,1,25.610237055659
1,38.6946692709115,1,27.9871989592919,1,32.5599143901885,1,29.8241900231535,1,25.845150438655,1,30.2529124305967,1,27.6722190450313,1,23.8309954957061,1,24.314215450457,1,29.537000881929,1,24.2698555639176,1,28.5368347579768,1,23.9581209104215,1,23.7077587518525,1,24.6620075770864,1,23.5398778227415,1,26.9924818008296,1,23.321886227381,1,25.2650867876689,1,23.6048751003277
1,40.2657760831925,1,29.5400173704265,1,33.6183862950962,1,25.3405823389636,0,29.5885292596243,1,25.4779160261332,1,29.0303571651883,0,24.9672737801099,1,23.450395912899,1,30.6173544505121,1,28.411721679986,1,24.1514268705181,1,23.9041322395154,1,24.0951527719924,0,23.680670519793,1,23.8850748191209,1,23.9341014429336,1,23.7863568778003,1,24.5790780246352,1,24.0241887295617
1,39.7736736167329,1,29.6629166675519,1,29.2096243207583,1,29.6674749193196,1,28.1032626620144,1,29.2523558220889,1,24.5566353233909,1,25.4584786673861,1,28.3833151996086,1,31.2995663432661,1,24.5471606439962,1,24.0254115192787,0,28.5414999168197,1,25.2464330488913,1,29.0577211524158,1,24.1775716158922,1,23.6486767619467,0,23.6909447139654,1,25.0406882577126,0,24.9215903209726
1,33.8904064472202,1,27.0583451122294,1,26.4462188389392,1,26.7151620836779,1,29.1102590238279,1,24.5693842161669,1,27.5386599640511,1,29.848076003662,1,23.2763806906757,1,29.3291223241242,0,23.7909526259462,0,23.2563377072036,0,24.7576320138007,1,30.0220853244307,1,30.5124063692152,1,23.9075969330475,1,34.4183858523041,1,24.3045292907692,0,25.3207220750518,0,24.6120274419358
1,36.1666961783,1,30.3083810116212,1,28.7506920783393,0,29.1590999779045,0,28.0609805673112,1,25.1732260455983,1,25.7642553112846,1,29.465768291766,1,24.3444916870431,1,24.3837697462574,1,25.1779404382493,1,24.4546648714513,1,24.9388738180958,1,23.989658457069,1,25.1245855979383,1,24.1767080858621,1,28.5433037421897,0,24.5472380935362,1,24.4961290872443,1,29.7609523536611
1,36.4670921239909,1,28.8262139452133,1,24.857763184484,1,29.3009499690231,1,25.0695287528359,1,26.8312675530227,1,35.8133798024017,1,24.0993805653413,1,23.8107617027331,1,24.0960556616255,1,28.4815031029215,1,24.1072773573938,1,28.5987354599316,1,24.6022627277614,1,29.6328483175615,1,25.7977443703878,1,29.4802200494515,1,23.6670170772344,1,34.7320820333062,0,24.0590099577367
1,35.4887812640298,1,35.9254419234488,1,28.1577246617126,1,25.1952242087696,1,23.4949076281755,1,24.4174594677097,1,25.0746023486616,1,25.2238444271799,1,21.6936051461847,1,22.1946976572128,1,23.4371187910003,0,24.2184880624356,1,25.2952676535983,1,30.2906084131195,1,24.6392665117497,1,23.5539289478653,1,24.048540038267,1,28.3453406923649,1,23.22309310275,1,23.0280326362333
1,33.5964100340654,1,28.0673352538113,1,25.1993543501252,1,33.7294000837014,1,29.4936879965091,1,28.9877577178464,1,29.1171531834374,1,23.5496317436405,1,29.2724144553774,1,24.6700930139253,1,24.07931430182,1,28.8324961407284,1,29.1959105110763,1,29.9544976514607,0,24.5971310266557,1,29.3940829591885,0,35.3364428430483,1,23.5057742443679,1,23.9321019664191,1,25.1489795987181
1,39.1497472381932,1,29.3126798610989,1,25.5984974181371,1,28.2884885376325,1,28.6825400785127,1,31.6707326645138,1,23.5684888693349,1,27.8118745177572,1,23.8207363787417,0,24.2400991643524,1,27.5041270944066,1,29.075496339484,1,23.415627605364,1,34.4252502892387,1,21.9199536794612,1,23.8247366580147,1,24.1151669770408,1,25.3998088518973,1,24.1753898410049,1,25.616734031516
1,39.1873316020728,1,33.4453885688371,1,26.0995235937446,1,30.525011340428,1,27.4607551103446,1,25.6939633189723,1,24.964059757473,1,24.4900519297883,1,24.2947267544045,1,26.0668269933378,1,29.4262219127931,1,23.8482955076281,1,32.9644966359526,1,24.7994558204413,1,24.7723592815034,1,26.1583736865529,0,29.924977993165,1,24.1758033451141,1,26.3407870065326,1,23.5147429930808
1,38.9319225478378,1,28.2574548073582,0,24.7976341485283,1,31.0620458929261,1,27.0236129829627,1,25.0068712510125,1,24.6452352961299,1,24.4725579356403,1,29.0973296143004,1,25.4124853381763,1,24.8205699660014,1,24.5319184236069,1,35.5043736447224,1,29.5789195294998,1,30.8756447890696,1,25.1245278672329,1,24.5668478919382,1,23.1900449385771,1,24.895752845716,1,24.2351922997121
1,39.0717037754125,1,31.0357856930124,1,43.5024103654484,1,26.6646672886427,1,28.277867250469,0,24.2869998187876,1,28.7908881851225,1,29.9876424720059,1,28.7555012180197,1,34.6248770286194,1,24.3741889555852,1,26.5679460098891,1,23.821953828194,1,30.9356876664886,1,24.8992690406605,1,28.8225682802849,0,24.7128618004082,1,28.6436932560113,1,24.2784641152386,1,24.4647298013482
1,34.2765553949628,1,29.300080790406,1,23.664467399167,1,27.347418973722,1,35.0748266589503,1,31.1038171663086,1,24.351799482064,0,29.2254925371395,1,28.7678570359973,1,24.2055386520714,1,36.2126644823415,0,24.803655593851,1,24.5168225576502,1,24.60842728292,1,25.6519823667973,1,23.3167451925829,1,24.2639940771916,1,24.1141889928568,1,23.7654053431072,1,27.6087628397729
1,31.0732012630532,1,30.193121972219,1,26.5395404904668,0,26.2859001668771,1,24.3358427978518,1,30.5328509887566,1,23.1548021876943,1,24.335411472179,1,29.7713760429889,1,24.2504289969505,1,24.6770079607316,1,24.3273358423222,1,33.2324499491156,1,29.1374768021884,1,23.587027463062,1,23.7871812553497,1,23.8105066773543,1,28.9472873626052,1,23.7007221021543,0,23.6838085288711
1,36.872374240951,1,31.4623203997059,1,24.7125577142299,1,31.3962624396299,1,28.437003303445,1,24.9871008018447,0,27.7615631196471,1,32.5996623119457,1,23.4100520990815,1,25.8798002800377,1,25.1191676786006,1,24.2825207479476,1,25.2005559674166,1,32.7488100527348,1,25.1939508849918,1,23.1880277312197,0,24.6981995088221,1,29.6695970110405,1,24.8162396237952,1,24.125750230818
1,42.2614814495477,1,29.3942444069688,1,30.9111255567229,1,24.1496411829017,1,29.9248736262447,1,29.3674077976971,1,31.5061993327291,1,23.5116064301513,1,26.1648542833648,1,23.2567767100976,1,26.1195598772849,1,24.7837760766788,1,29.1852198382602,1,24.4944117608497,1,24.2349704471683,1,23.3783635643056,1,24.2578893368466,1,23.833430221468,1,30.4989541393641,0,24.576695645971
1,42.1452197652996,1,32.4251554775672,1,36.5793425628267,1,26.4417316320138,1,30.6888339170024,1,23.8640459467554,1,28.4786069860552,1,27.155503190159,1,30.7168342190273,1,25.4158918800404,0,23.8952148238094,1,24.4514904804783,1,24.1499610488142,1,28.9584996038488,0,24.5474243792298,1,24.689191658384,1,24.1754309240697,1,23.8942216365746,1,24.213750707879,1,26.0191854645824
1,34.3097830351538,1,30.2908648749712,1,29.5937583217909,1,29.1905914989001,1,25.0254752555233,1,26.0504143912552,1,24.8653682805561,1,25.6332574127277,0,24.0176316240071,1,24.4729646547232,1,27.063871312394,1,37.7464971780695,1,24.1343141882484,1,28.8096740818149,0,23.2186734501427,1,24.2870299068371,1,24.7710968173507,0,22.9782145314145,1,26.2278134838471,1,28.8229221630605
1,41.1089239109864,1,30.7818083751961,1,31.1286775086494,1,29.7097082673153,1,31.4764913961651,1,30.1357279794962,1,31.7751337432508,1,28.9567744943319,1,29.5338211285301,1,25.0258804272564,1,23.9562656616964,1,23.9354244974841,1,29.5415670830548,1,24.0522850558226,1,23.8085372852375,1,25.4359156495313,1,27.4120737671149,1,24.2196201876972,1,24.6493581628372,1,29.6575528426761
1,35.0480068957315,1,33.8713633609255,1,25.240481212757,1,24.5004382280064,1,27.7825609346868,1,24.0922199932605,1,24.4623304324173,1,29.2035401345051,1,23.8968327410313,1,24.2960636386105,1,24.5167696338182,1,24.0000758055254,1,31.2043462637805,1,23.5570556686765,0,25.0668021444227,0,23.6463180467614,1,25.6826727855488,1,24.5548049846295,1,23.9218524325849,1,23.1684699044166
1,47.6989908384713,1,30.5103936050976,1,26.8225309992792,1,24.8157425033274,1,26.8404905134127,1,25.4060083071505,1,30.8960773041626,1,23.9144031708479,1,25.4623979071379,0,24.0980594360626,0,28.8649309529782,1,24.2602293029153,1,30.2550218410744,1,25.9233396088306,0,21.4158826709058,1,24.8987735375615,1,24.8426827007402,1,24.1270241982524,1,24.3830234019819,1,24.8347888718245
1,36.524205608316,1,27.8606425401629,1,31.9851122417363,1,25.4694803560929,1,25.3349011219463,1,26.6469162170058,1,33.5708556717666,1,29.833545119335,1,25.3427404790195,1,23.2480629500542,1,29.2296142529467,1,24.5572722343342,1,24.0478050629357,1,24.7028390545224,0,29.6229168791083,1,34.7566315250852,0,29.3627299711763,1,23.7067593972605,1,20.8101747356823,1,23.3262690624047
1,39.3151412159836,1,33.5485919134029,1,31.0108625943026,0,22.9711129832979,1,25.5788085409431,1,28.9551533767072,1,29.5574431979432,1,30.651249915442,0,23.0602734284311,1,30.0542598680494,1,22.7167332349407,1,35.1373210610687,1,29.2154352120388,1,35.2296674849313,1,24.8792049047815,1,23.7373340276818,1,24.2541875617298,1,24.2767309346284,1,25.2607980735389,1,24.6635945411533
1,40.9116282440205,1,35.7380357087717,1,28.5218886139152,1,28.0536568520994,1,29.0587464919416,1,28.5390973622625,1,29.3382634358975,0,29.1681564501935,1,28.9985617667085,1,24.4344948042899,1,23.6694786546942,1,24.7552517446984,1,29.0125785558325,1,23.9863156888153,1,35.4172603008477,1,24.4014046572606,1,24.0332248458413,1,30.1347802050213,1,23.9089568579339,1,24.5341683329772
1,34.185570722999,1,28.8284949297792,1,28.6726244637385,1,24.6004126596747,1,30.9242881806821,1,24.792233850983,1,29.0787836409313,1,31.4703802503499,1,29.9594581519207,1,24.8657070333774,1,29.3471087926783,0,23.9500712032447,1,25.263832667408,1,22.7022355871256,1,31.0260495576914,1,28.1776558334966,1,24.2283825303984,1,23.9554330247247,1,24.2753721986113,1,24.3577277186287
1,37.9608751823657,1,27.5417290567085,1,30.4874141628575,1,25.2952592668758,1,24.1358100604462,1,22.0758795267955,1,25.2229395103071,1,24.2780278330022,1,22.2146579198353,1,24.2887715660358,1,23.7015221681095,1,28.5764756415133,1,23.2886949310079,0,23.8759644569797,1,24.5644240805604,1,23.8153241383634,1,24.0110641803425,1,23.6086506406086,1,24.7948677142912,1,23.8818671100685
1,34.205090930389,1,27.5799131962071,1,24.3692248767452,1,28.9835549032761,1,24.8526395882625,1,24.5226687769293,1,24.5547591763505,1,25.3819319317445,1,24.5335359601279,1,29.4076215653762,1,24.4017242245317,1,29.9190765859801,1,24.0591626813277,1,29.36110205968,1,24.5261665767604,1,24.2902086053457,1,24.6784354796118,1,29.8202634236448,1,23.3618581459431,1,29.9730555101938
1,31.3388309227578,1,28.2959815810775,1,30.5999996513838,1,29.6414402959415,1,24.9902512914849,1,31.0054062447839,1,23.4119941347185,1,23.8230782949276,1,23.9929150973655,1,29.122988591056,1,24.699900248101,1,28.9223048791534,1,23.9770110362517,1,22.5166028205317,1,21.1015896882518,1,24.7309612199134,0,24.5230677613741,1,24.4061436241121,1,23.7053726590017,1,23.6465764877034
1,35.1425386699031,1,32.2696771995311,0,24.7245152169093,1,29.1449309794498,1,25.0477382098522,1,29.6993132110213,1,28.5922208034341,1,25.0854823380184,1,23.5090758926707,1,27.1060842883214,1,23.9724472024059,1,29.6265499457571,1,28.4360985506896,1,24.6198062523025,1,23.6493728001423,1,25.5987574351483,1,25.3103042011289,1,25.2290780007532,1,28.8653890755692,1,23.6981363361429
1,36.6582926676551,0,29.4327042657686,1,29.3793085579134,0,30.7613193777722,1,25.633667251036,1,23.951793551877,1,29.548328277365,1,24.4972592805272,1,23.6599225273635,1,24.2879256999326,1,24.4884637734192,1,24.6307162103825,1,25.3641436030828,1,24.6929066499093,1,23.0313893843727,1,24.5274609148157,1,33.2323790130619,1,23.5637097367703,1,23.249058902579,1,31.1340991031414
1,37.2460105910059,1,31.0232228138582,1,31.6819235540426,1,24.134002874145,1,23.7829362243727,1,23.7783991847827,1,23.3449853922736,1,24.3771650485396,1,23.1717850576498,1,24.7854158996024,1,23.8214283744182,1,24.6825624798346,1,30.6535868337012,1,26.0245428746042,1,30.0829495124706,1,24.7436797400094,1,22.660215221263,0,27.7680503623647,1,24.7244691834196,0,24.2383253460906
1,37.0329342625737,1,27.5676085888599,1,26.0471281233171,1,34.2868862977948,1,24.4180405865635,1,23.8020301431116,1,23.6850638685361,1,30.5027033982015,1,23.4910608337348,1,29.6109520504069,1,24.3261373088814,1,24.8084847265468,1,24.8850750482271,1,24.3359164662782,1,24.1572546250668,1,23.8533716692664,1,29.875256498673,1,23.5385929718904,1,30.2935103543893,1,24.8987755634138
1,33.6328602788422,1,31.1058815516475,1,31.9940789094666,0,23.8451757073807,0,23.1180991698013,1,27.8516350426262,1,25.4415625700505,1,24.595160785553,1,33.9842603247167,1,24.9737875684407,1,30.4747897589894,0,24.7418072564613,1,23.8349658861534,1,24.631683159748,1,30.2098869136323,1,24.548373518604,1,27.0141393475225,1,23.9630459469583,1,22.7570146610125,1,23.9414776271702
1,38.5970195336592,1,35.4957831176091,0,31.5840173878564,1,26.337651062005,0,27.4961619277041,1,25.7505446010297,1,30.6813204296619,1,24.3940424833608,1,27.9996330483485,1,25.1039159158599,1,24.0563332598512,1,30.3678284085322,1,25.0576868884937,1,24.9651108260977,1,24.2125984388959,1,24.0984356963745,1,25.3045190078669,1,24.9039389361437,0,24.9498144204145,1,23.9019166226413
1,40.6693072822509,1,31.310011345695,1,23.2178487792112,1,34.0212952031495,1,25.7224227898082,1,29.095320412278,1,24.170547323825,1,22.4471609956896,1,24.6645865380626,1,25.5058931147629,1,24.5263500611538,1,24.9493686835588,1,24.4090794639069,0,32.8688531620221,1,31.2548278556583,1,24.2416891451935,1,24.226169856719,1,22.0141277816212,1,24.1866515003841,1,25.7470998100342
0,36.9620398869429,1,34.0732942054141,1,28.9336390472416,1,29.1839720120638,1,24.1804802472196,1,24.992523964076,1,23.4232178362995,1,28.8539742867649,1,26.147459932973,1,24.1597733537617,1,24.4806684656453,1,24.1799657619469,1,24.5667900280773,1,24.1519375972431,1,24.2178062716416,1,24.4051435584413,1,24.1565936749696,1,26.0651362738539,1,30.1367388281588,1,24.1697712465029
1,35.3925291675202,1,35.6810907462183,1,24.209935132083,1,25.3675324855057,1,29.1259772030388,1,25.4932195933764,0,23.6101184321587,1,25.4941115263769,0,23.9214268445498,1,24.6504157064901,1,27.6970133014236,1,23.8199550633214,1,24.7508474874648,1,24.1274228427502,1,25.0396208744377,1,23.4993014486221,1,23.8204915045296,1,23.8113952982772,1,24.6090694307382,1,24.1413131080836
1,38.7051613298249,1,31.2289918502363,1,30.1985937080864,1,29.8624806010134,1,24.2485288880892,1,25.8079079331985,1,29.0488250762646,1,25.1485556424818,1,24.2791557548209,1,29.2430121874231,1,24.8037668403834,1,23.8975788860816,1,23.7963503211447,1,23.9194976465972,1,25.8293606766393,1,22.4195120655076,1,24.5227503271848,1,23.9317853714115,1,25.8096244035417,1,23.6431234061166
1,35.9844046965528,1,28.1740916270717,1,25.3248080303152,1,30.4279126741196,1,30.963103112741,1,23.6400941058418,1,25.9693443662486,1,24.2103174003835,1,24.5927547769551,1,23.6892816062285,1,23.7055781674243,1,24.7087049062244,1,25.2858822153221,1,23.8657481011927,1,26.1159566805247,0,23.9859083225848,1,31.2715531356499,0,29.5067638896558,0,23.2734868741372,1,29.4726104897875
1,37.034932564056,1,40.6415143043303,1,28.9066504251025,1,28.1953683824187,1,24.1919290249301,0,30.2561244375876,1,25.2274271387925,0,28.619376438442,1,24.0990592248461,0,24.9587433045423,1,24.2320776504939,1,23.3825459262384,1,23.948566631589,1,28.1014359726055,1,25.2798744349806,1,24.4926499577703,1,25.7750135592532,1,25.2498434894718,1,24.2263640179373,1,24.4436091685301
1,37.5424222745985,1,32.3460878581918,1,25.2612808898669,1,28.1292550473612,1,24.6954885159759,1,29.5963645581201,1,23.6797063860243,1,29.8151116256703,1,25.1605141558832,1,29.3674093387488,1,24.17018716664,1,25.5168313027482,1,24.4460000089074,1,30.0668890351673,1,23.6959931473603,1,29.5762079670131,0,25.0742773468709,1,23.6622715498908,1,25.4843466210322,1,24.0870851919858
1,41.4042484884488,1,35.081862770882,1,28.3327997287236,1,21.5881939781542,1,32.4996145657426,1,25.0035647337889,0,27.2838695518327,1,24.3969100581916,1,28.4310499962327,1,29.1313510782983,1,23.8537535306635,1,24.246522109376,1,23.7902777486797,1,29.1696056272836,1,20.7176875023831,1,23.7828887317998,1,23.8455226611537,1,25.5154097033483,1,23.9693697298867,1,22.0357654059554
1,33.1468989829319,1,36.801055302771,1,35.8940705875056,1,24.4470569281315,1,30.7213550234834,1,29.5373859519901,1,26.6659289411029,1,29.4552297852929,1,23.6102653921475,1,24.8953964385522,0,23.8240917785528,1,23.2480702164778,1,25.3030596215467,1,24.2268124678716,1,24.5721566534327,1,24.839979027554,0,30.7505082948901,1,34.8307166875598,1,28.9587797629117,1,29.6843238014701
1,39.8673737790804,1,33.2663012927095,1,38.1665686315463,1,26.615690474374,1,23.4029001236834,1,27.5757142013588,1,24.8985106141895,1,27.8626458722051,1,28.5207488341333,1,30.5572462142057,1,24.4931769867956,1,25.6504916429337,1,26.073817652373,1,29.9050338532029,1,24.1409508149294,1,29.0834540448014,1,23.9915397381193,1,29.5624412171851,1,24.3803697899456,1,36.2550910529455
1,42.6432076894505,1,33.8238487633387,1,30.0421217560543,1,30.0302873628046,1,28.5328801851828,1,29.6927319928583,1,25.4573366514471,1,29.2127758552765,1,23.1713102749647,1,24.0663920323171,1,24.0122726198018,1,23.8488612249176,1,28.8421223728406,1,25.0222414046427,1,24.3817114719033,0,28.9501136912438,1,23.3284144631438,1,23.8031437703982,1,30.8831490091981,1,22.4475157374002
1,33.1664431466976,1,30.6344550318862,1,27.7190552175735,1,30.4016260744176,1,24.7770679338207,1,28.1501297309373,1,24.8183723396608,1,24.4392162621496,1,23.5940248433769,1,24.1259611925006,1,29.0689315609606,1,26.447341146,0,24.6729407111228,1,25.2621645569822,1,28.2113803418938,1,24.5079192243625,1,24.418541119529,1,25.0289122087605,1,24.1814719769088,1,22.0346662069621
1,56.9871234501001,1,41.3408782912755,1,24.9993166852508,1,31.3813484501967,1,30.2030565361729,1,24.7166309694186,1,25.9796677168176,1,23.7810985287827,1,28.0986522538582,1,24.5048262389108,1,24.9926206985739,1,24.606898053773,1,24.8102303603398,1,24.0878017848207,1,24.4611632446833,1,24.280921260974,1,24.5917181472966,1,29.6452414111837,1,28.9305187045718,1,24.9377160013222
1,35.9929544749282,1,26.4107776040713,1,34.0085584477974,1,32.3393194520002,1,24.8123417905638,1,23.9702132401948,1,30.0609872666208,1,29.7597316445665,1,23.8361555408636,1,28.5520307363469,1,28.3267907379277,1,24.0440030017533,1,24.4227335344955,1,24.5669682974649,1,28.6870349321567,1,23.9984663312268,1,34.115690052324,1,24.6276955663246,1,24.786098974665,1,24.3424026611069
1,35.6271028226597,1,29.8953896068402,1,32.1712815561955,1,24.1909521697737,1,30.4354349462109,1,27.4690519759504,1,23.4640362486134,1,37.5504195253806,1,29.9925527132817,0,24.4053628486477,1,23.9865881078776,1,23.9164914401206,1,24.774747762073,1,29.1088195370104,1,30.1782823520891,1,29.6999530728664,1,24.3548963466638,1,24.9046950284805,1,23.6035150033089,1,25.3378800648366
1,32.518550151673,1,28.332539882694,1,25.0937600542525,1,25.2572568298974,1,29.4730784587551,1,23.8261544256337,1,21.5127070709034,1,23.9991795350978,0,24.1476685192455,1,28.9629492848014,1,22.9339396172459,1,28.106952960605,1,23.6715598636561,1,23.9307922497227,1,25.0820097021774,1,22.1655151085699,1,24.5496485208574,1,23.7365464187299,1,22.4840009923476,1,24.3913297993874
1,36.588421011593,1,26.4264308335979,1,24.177043217932,1,23.6326430799187,1,24.6231889457182,1,24.9250845011908,0,22.9593136607305,1,23.376970109972,1,24.760575324719,1,30.7619764284638,1,23.7268223701328,1,23.0336480174176,1,26.4739889600473,1,23.5420970602228,1,24.3178956047225,1,23.8311045198279,1,28.7085871862946,1,25.1365945671416,1,24.5713231456039,1,23.3918602758007
1,39.0706701892802,1,32.6662425751119,0,23.0489181062104,1,25.8315172243387,1,25.5906223319923,1,24.9570350326623,1,23.855036855759,1,24.1683734412218,1,30.3028890883704,1,24.5897026563157,1,27.3763874349897,1,24.8148845603176,1,23.7589722008577,1,23.8448868655281,1,21.7167207149887,1,23.5304241113909,0,24.7072419078878,1,24.0790837479718,1,24.0066220217564,1,24.8729122705289
1,40.903236640555,1,36.2496312284079,1,45.3102465901491,1,29.2883762713496,1,23.8208519997777,0,24.5427819037478,1,28.7777529240669,0,28.9843035380474,1,25.7625949667824,1,23.9343177348041,1,28.5520391858508,1,24.4438833851837,1,24.8683709646791,1,24.3423402859404,1,24.6370621840002,1,23.9859653105881,1,24.2862822172182,1,25.84539713872,1,23.8654786489992,1,29.7900306504907
1,34.2450464948005,1,29.9108315982401,1,26.1454898294629,1,24.7108162420493,1,27.7586972871223,1,28.2193520018218,1,23.8268499545827,1,25.8739495232461,0,24.4844227369629,1,25.6894588595961,1,24.1918582021836,0,24.1793549441177,1,25.3572505347458,1,24.1185060911196,1,34.3848607201985,1,24.1672296478588,1,31.2650020249672,1,23.7465763321976,1,24.5941652831062,1,24.4656687348395
1,37.4348577459188,1,28.7567313635225,1,27.0942565182494,1,29.5796608659375,1,24.3343094328888,1,23.3564448607499,1,24.0785577799334,1,24.0015991973363,1,25.6824659973411,1,23.7676960468741,0,24.6542710589563,1,23.8180567656602,1,35.1191684556034,1,24.4231004803534,1,24.3337725141333,1,24.2924141310526,0,23.4765101322777,1,24.517437629233,1,24.3574091302624,1,23.7524750394295
1,34.9167160609873,1,27.3071755823374,1,37.165495100247,1,28.2569101776172,1,24.8794438392863,1,24.3831976503865,1,29.6981505346696,0,24.6889083197942,1,27.2691040805837,1,26.1652944415296,1,32.5268420432049,1,25.1389899665226,1,23.9486689077389,1,24.5507418198408,1,24.8604586005792,0,23.2520087838234,1,24.7412110977551,1,21.2798838159321,1,24.1899678066398,1,26.0611047718579
1,42.1588027307741,1,31.1102667405563,1,28.4262651866298,1,28.9839998718895,1,23.9134969319236,1,25.8904877062704,1,25.1054342672087,1,24.3230893977655,1,24.6549156711656,1,24.1671680550061,1,24.4474262008563,1,24.6033621496621,1,24.5740589751709,1,23.8032488631634,1,29.3946501332954,1,25.8584390282923,0,24.1837838912564,1,23.702660958863,1,24.0256218272099,1,24.8791142689017
1,37.8646333915929,1,41.5115487464415,1,28.8644583357146,1,24.3105303714393,0,29.1296723953956,0,22.8192929500231,1,28.7205873987784,1,30.5017984827595,1,29.2149950609291,1,29.0745033737594,1,24.7058473359687,1,24.0868293284242,1,30.4657151736898,1,23.6747574721587,1,23.7432354177604,1,23.8675629667387,1,23.5814994795773,1,25.0042750575435,1,24.2391276796264,1,23.8203513391687
1,34.0509594067421,1,30.8195689695501,1,33.7133545821006,1,28.1450396734435,1,24.6073588931867,1,24.3638165518709,1,28.6640997750653,1,32.0666891095878,1,29.3006638106279,1,23.5568026890745,1,25.190247251636,1,29.8217971411897,1,30.197862546724,1,23.6494159636207,1,29.6736995349726,1,23.3642738412125,1,25.1130989342441,1,23.6082294791879,1,24.7608157786159,1,24.2563233590763
1,33.6230010365233,1,32.2347790278384,1,25.4246533760531,1,23.9329993248334,1,25.8045599673639,1,24.6555535275032,1,28.1124693349407,1,24.7465841924034,1,35.2358081005695,0,23.7940178140905,1,20.3637511787043,1,23.9584555417488,1,25.6276294590124,1,24.0521958451718,0,23.9399733941018,1,23.7496320639273,1,29.0311665545366,1,23.6237513791753,1,24.0757677847204,1,25.0111006464262
1,33.1433112507551,1,27.4041289713223,1,25.3473969300389,1,23.3370950486737,1,27.604698135822,1,25.4329717536771,1,22.9689992003861,1,24.3778926122348,0,29.9899213980518,1,28.9753270766325,1,24.4638826345013,1,24.1915590245988,1,24.7502929282582,1,24.6068006806501,1,24.3015412830968,1,25.0697253188504,1,24.5830844331795,1,24.5725862030659,0,24.0084348398809,1,24.201713112334
1,37.0309079204167,1,31.458031718633,1,28.5371828946844,1,24.1636991523651,1,28.751165713417,1,32.2743273373015,1,23.7546169556587,1,25.5155425483188,1,24.8264324218351,1,24.7804215085104,1,24.2778663601298,1,21.6319302171438,0,21.2894862218315,1,23.9877536395983,1,23.7300667740695,1,23.9401391290732,1,37.402421205245,1,23.5005475218928,1,24.6232079826998,1,24.8092730050814
0,34.0776609640036,1,29.1223740081317,1,30.0920220892728,1,24.5527792261849,1,25.8717176417334,1,30.5363656042013,1,24.4157073054836,1,24.3704258668111,1,30.4844635020691,1,26.0293737926,1,29.9692037799205,1,24.5184380448803,1,23.7861299842173,1,23.8499153350163,1,23.919005341287,1,24.6087594465704,1,24.3313185840921,1,23.7411612478397,1,24.055646649694,1,24.2535087594206
1,41.8433860653213,1,29.9959856431275,1,33.0756412651129,1,26.4328943975382,1,32.7200722392075,1,23.7516521241033,1,24.6406951550036,1,23.7456034449594,1,23.8282786775003,1,24.1937453643568,1,25.1270108084043,1,25.6505010233051,1,24.9752007599707,1,29.3398228587204,1,25.1240608048312,0,28.9250837349509,1,28.2221835183684,1,24.4756905541104,1,24.2390450066202,1,24.705490334571
1,41.2633357332252,1,27.3994627488734,1,26.4409705984405,1,25.4210960826086,1,27.2662411673291,0,23.9544959498957,1,23.7568397838993,1,26.7767512411624,1,23.4452298183074,1,30.3323069532692,1,24.6497820636932,1,24.8841969865152,1,20.93255798015,1,24.5978020492066,1,24.1774733284641,1,28.5153939621425,1,27.2624204798114,1,28.8452488679391,1,29.1608352776568,1,23.6490221799395
1,44.7573861651524,1,29.6068495564992,1,25.354167654662,1,33.8320703739786,0,24.0317638446114,1,25.3565900263784,1,25.0321384013407,1,24.4713553272142,1,23.5688871061722,1,28.7761183683952,1,26.0726553230213,1,22.140170975842,1,23.8557537274967,1,24.8673194613236,1,23.8866212536141,1,24.8237199933535,1,24.2211354546976,1,33.2093822353227,1,25.1950882349636,1,29.3662035123441
1,39.5435971561953,1,30.261631167134,1,26.0739837319719,1,24.6116441215641,1,23.8722809104753,0,29.5838869583738,0,31.5095415224835,1,25.9217624959241,0,26.9377260474941,1,24.9866397637012,1,29.9184832594462,1,24.2199003797176,1,28.8781722075057,0,26.3565674430807,1,19.9980701977014,1,24.1892479369613,1,23.2912885094247,1,28.8525039454306,1,24.9350201362516,1,25.3031289443447
1,39.5721989522404,1,37.8698559870062,1,24.2895889358479,1,28.046659759185,1,34.0228710751454,1,28.8578518793283,0,24.8693419126467,1,29.6232093797298,1,33.078717857687,1,28.0743711708217,1,23.4157701963676,1,24.6614432983275,1,23.4428471652383,1,32.1677882340459,1,23.3670178774907,1,24.05503652846,1,24.368110986659,1,24.588672363229,1,24.1583917531279,1,23.398591783871
1,37.5863996366913,1,31.9313222889228,1,28.8200862473046,1,28.976116764625,1,25.1977815893415,1,28.9654391477091,1,25.0795320082561,1,25.2272553219132,1,23.9680901394348,1,30.0704899681481,1,25.4401040802569,1,23.9764601997898,1,24.4245697432231,1,25.9082483195169,1,23.1613869783536,0,29.7048627551887,1,24.5495144943102,1,24.1249877636265,1,23.775510883188,1,23.911188178135
1,33.4254599253003,1,31.5643424918538,1,34.8321420931242,1,31.3156655497016,1,25.1938045555184,1,24.0532607900043,1,24.5750556477592,1,23.3766371200448,1,29.4035720105415,1,24.3200679790966,1,25.3414996575464,1,24.7951303000934,1,23.9633987888346,0,24.3050682583111,1,29.1727097388504,1,29.8354029382829,1,23.9807787535175,1,24.4619028856232,0,24.6699447517164,1,23.9845043144176
1,39.1749054939741,1,31.836971424036,1,35.4754976563561,1,33.5187105347581,1,23.680248349655,1,24.4970004364008,1,23.285547625351,1,29.5363248750579,1,24.8714082111241,1,24.3183381188103,1,24.02236196742,1,24.4947033393402,1,24.8183025255868,1,30.080929291282,1,27.8506891900457,1,24.5016631374557,1,23.9200647698852,1,24.9104440548878,1,23.938455599029,1,23.9432013304323
1,39.8889773748691,1,32.8572623012221,1,43.353645116187,1,25.5317123004464,1,26.9451601057464,1,33.3163980237249,1,28.984682531088,1,26.3805358326681,1,29.4423754669328,1,24.4604549041039,1,22.3776459609314,1,33.7634294101217,1,23.831702497693,1,23.9562364786045,1,24.3411628395031,1,28.7328293010016,1,24.4926781894927,1,22.6181095365826,1,24.8690982809274,1,23.9839950705069
1,41.3002952608523,1,27.1603069930538,1,24.815395922749,1,29.8598480665448,1,30.1002078518097,1,28.4759877108113,1,26.0451839567342,1,25.0250894038267,1,27.6422293830047,1,24.0107269070637,1,24.2716935193192,1,28.1121065779512,0,23.7319441983903,1,29.9622668838489,1,23.6827507467138,1,28.7838923853018,1,23.9309870999943,1,23.4404249053521,1,24.3103989798563,1,29.7028582426865
1,39.8150767803769,1,28.7483872660507,1,22.1077441289075,1,28.1526779671781,1,27.8688491579367,1,25.6581446206224,1,25.7851420114647,1,30.2454241304864,0,23.2612420466724,1,27.9691266430678,1,30.1952943605139,1,28.0922083307023,1,24.9933370736111,1,24.2650068689155,1,23.9443584120524,1,25.6923906964486,1,23.6687345711697,1,29.1388485035027,1,30.8102498260018,1,24.6913792910431
1,38.0338423172422,1,31.1755151756633,1,39.1323439267768,1,28.6660167174333,1,23.7831171695165,1,34.6987887874675,1,24.4090328868958,1,22.0248104448197,1,24.3843577173904,1,23.5819311973094,0,24.3550598544606,1,25.3250545292889,1,25.2599500569434,1,24.5865700799878,1,28.8053528020834,1,35.5691445533041,1,24.7582307375815,1,24.6061817877807,1,24.8148242784424,1,29.658896477169
1,40.5784166949497,1,31.4757091328009,1,29.2300729425796,1,26.6344762825855,1,25.1483875959205,1,24.3848855531847,1,26.3640153880282,0,23.6571608641741,0,25.8949766316142,1,23.4317468821196,1,29.4325621240677,1,23.6053620588106,1,22.8166768843845,1,24.0211756618572,1,23.7806927418993,1,23.6955504141127,1,24.5753031573893,1,23.9013797009481,1,24.8366032158144,1,24.4126291926803
1,39.2323804827101,1,32.8816949483093,0,24.5449379610356,1,29.2711304708071,1,29.2516091319874,1,28.3210214717276,1,24.1604089701113,1,29.5791580336092,1,24.6036628822078,1,24.78753797232,1,24.0324383936903,1,24.0801299950821,1,24.7638193126835,1,23.7833922964547,1,23.6784961865587,1,24.2503063577523,1,23.6234617998688,1,23.5773536020927,1,23.4668637028386,1,30.3324660655442
1,39.3742783678707,1,31.047346109868,1,24.5328442576982,1,26.2352551410646,1,34.9041217076477,1,25.6953708751788,0,32.9291483841831,1,28.3395227583286,1,29.5957378611961,1,24.1464196956948,1,23.9714212678156,1,23.3031594283713,1,24.5247344980587,1,24.8345314635297,1,24.8706976191094,1,29.3224290091162,1,24.0927144013273,1,33.4454906220242,1,23.9063818607827,1,24.1665133057854
1,38.1483147832994,1,33.0461637055544,1,35.5126613176133,1,30.6825216681817,1,27.9595938623655,1,24.9251856981438,1,25.1004843100169,0,24.4241416542804,1,25.2258851298274,0,23.7175443746415,1,24.624396555487,1,24.4702090123967,1,26.329542614235,1,26.6904229729885,1,28.8908636973799,1,24.1639521284192,1,23.8919416560874,1,25.9605059737126,1,24.3996530331599,1,24.717282377981
1,38.7621060008981,1,32.2085962052125,1,28.1683085295784,1,22.6251105121429,1,29.2967530142787,1,27.9436740163766,1,29.6723010377764,1,27.7750010725201,1,24.4470916608639,1,24.7909864760868,1,23.9167120110995,1,23.8727112453402,1,23.4896424815104,1,23.246896026504,1,25.4241907950154,1,23.5591300207715,1,25.1213133280804,1,24.8634435551055,1,24.117591471525,1,23.8589395248074
1,38.6212422132139,1,32.309056884731,0,25.0571081315498,1,27.7644071758472,0,24.4432434674391,1,29.773924162987,1,25.4233918867081,0,28.6643166928216,1,29.7984972784742,1,24.5916973628685,1,30.3589208063096,1,30.1729566855421,1,24.02554823201,1,26.4005539494277,1,25.074655319123,1,29.9725870689604,1,23.8938226157874,1,24.4262588447948,1,24.7164285437456,1,24.3386095869599
1,40.9507986334711,1,29.2544710202045,1,27.9149823240125,1,33.6595845383923,1,25.8117869113397,1,25.353360792464,1,30.5131455483116,1,23.9556406637054,1,24.8229904043423,1,24.9338657881348,0,24.1852965807364,1,23.4814334877916,1,26.4642874784869,1,23.8750026637235,1,22.7803390127507,1,25.141967066851,1,28.5113002779982,1,24.5368295394479,1,31.5081733392562,1,24.3383734529131
1,39.4817538625115,1,27.6858516545812,1,25.2337399410259,1,33.9696982328907,1,28.9361939968965,1,23.8940327626872,1,24.7624885902111,1,23.1647021783518,0,23.5625484035191,1,23.3005779363318,0,24.3411355277976,1,28.8628598700616,1,24.2555164599151,1,23.3645412661969,1,25.839776429477,1,25.0122710161779,1,23.9177714311356,1,35.2049668111085,1,24.217032229134,1,23.349984506962
1,40.5704189888465,1,31.8036278631957,1,24.8512720827441,1,28.455934034114,0,24.8787939974955,1,24.3531721456511,1,23.8678147761379,1,23.3490369425139,1,22.9333407681275,1,31.5464472450903,1,23.5385741989429,0,30.6042076236243,1,31.09192510117,0,22.300740832418,0,24.9452914085602,1,23.696115392465,1,24.3882877815783,1,29.7910132954963,1,24.5432279456188,1,22.8352254274471
1,38.6393800619627,1,33.935787341867,1,29.7695568847404,1,29.1119035431908,1,32.1175203479179,1,24.5529575699574,1,29.4954539771015,1,21.9161832778763,1,24.7177419793363,1,29.5507137746255,1,24.8775893094536,1,24.2116112461203,1,23.8628965054012,1,29.126945247848,1,24.283945089985,1,24.5439947993315,1,24.7634319760165,1,24.8442491313273,1,24.1796874535952,1,24.2926019110436
1,39.2948700477257,1,28.4724810781356,1,26.1845752242448,1,24.7847668084448,1,23.038653281667,0,25.0313139765406,1,25.2210155780928,1,24.5191550496534,1,24.1618158886153,1,24.8226185064093,1,22.8677691204968,1,25.5599672238637,1,22.4946950509169,0,23.9277625466101,1,33.3610717581637,1,24.1663275930163,1,23.5122846355377,1,23.5277729295381,0,23.2918401489601,1,23.4987579194339
1,43.6916736691149,1,31.1514913124961,1,33.5985879099517,1,24.4719420714716,1,29.9978547548405,1,26.5712420367405,1,25.019118123541,1,24.9406237847421,1,24.6535388651936,1,24.291006207069,1,24.593619604974,1,24.0456820050209,1,24.1600328361089,1,24.3714654042933,1,24.9486573013266,1,29.6949344214726,1,36.7331077305427,1,23.5095622707467,1,24.8388304999487,0,23.5107596885759
1,34.1371976744373,1,28.8768673566597,0,26.368491064839,0,28.7034311134115,1,24.1263227127617,1,24.9995424831569,1,27.1468700233876,1,23.6672167261157,1,21.5038704062659,1,23.7137471454821,1,24.5843747525762,1,25.7690787307946,1,24.3555409485775,1,23.6720137664321,0,29.7326199231437,1,30.4319400430334,1,24.9593397217649,1,24.5315141613966,1,26.2463822304768,1,24.5857300445403
1,38.8749611318182,1,27.9497192351488,1,30.3591022347393,0,28.6634658432321,1,29.5093308250209,1,32.6878643879877,1,26.7981711194727,1,24.5609850392424,1,21.819472685047,1,24.4003309359461,1,24.2180969384485,1,25.0757463160269,1,23.9237047036337,1,28.7985707315663,1,25.1692369121142,1,23.7654687077376,1,24.2615409468764,1,24.6365182173275,1,25.2976709264076,1,23.3172269458462
1,35.8871710882906,1,27.5018105181087,1,28.8195161814981,1,26.219694799166,1,25.4100881781631,1,30.1006147863457,1,25.4795133549774,1,25.1897113992642,1,24.2794262525338,1,25.4030267026739,1,30.9521279767654,1,23.7171567680744,1,33.6723176666152,1,28.4724712523725,1,28.8043916358595,1,24.1766243990185,1,26.2378188886596,1,24.2671486501814,1,24.4362456327092,1,23.2533835634189
1,30.9220444046521,1,31.2376378455194,1,28.3432446300327,1,35.3021172621659,0,25.2567122000162,1,24.1183861992483,1,24.4130538928501,0,23.7780366234573,1,24.0065896325085,1,25.4744561637384,1,28.7523851237929,1,30.1408763864633,1,25.4599016158137,1,23.6393915024686,1,24.3387908598558,1,25.2501977990548,1,23.3783737455655,1,23.6977191923388,0,24.1498314495585,0,23.4916869587911
1,34.5408187033306,1,32.1022452596737,1,27.5607247982328,1,24.997674067647,1,24.7924050055342,1,23.8617388273751,1,27.809475592127,1,25.1901447484078,1,28.683548914215,1,25.2909629505766,1,30.0081846072938,1,27.5507496895398,1,23.8446607983979,1,24.2481516439497,1,23.9472221775914,1,28.2121844920237,1,23.6321402251906,0,24.0293150601504,1,24.0635777564471,1,28.9451298312951
1,37.1531755153714,1,32.2963651021857,1,27.9461620393578,1,29.670417361252,1,32.212208276146,1,25.1131100096488,1,24.7174687224773,1,34.95029667155,1,29.4112451172826,0,23.6615316843607,1,24.2183687337395,1,26.8230081772197,1,29.7780509451273,1,25.2629714470904,1,28.8776053070552,1,24.8996911565377,1,25.460863732753,0,22.8202472224067,1,24.7068197458918,0,24.0215860835756
1,35.5921654280799,1,26.8841328874716,1,33.6059754030176,1,25.6570085616219,1,25.9394918834737,0,28.0962510209045,1,30.8123063123088,1,23.663578801032,1,28.8155015956247,1,30.1509758493511,1,26.3070206683351,1,25.526700263421,1,29.8444116838765,1,29.4539078510926,1,24.0478563447043,1,29.0715973241382,1,26.0839674411994,0,25.6507453320904,1,24.9177031928812,0,22.4248881825588
1,42.0118723004481,1,33.2663730749606,1,29.3931321609877,1,23.8867597054189,1,25.5929904293721,1,24.0852541654638,0,23.5992869752209,1,24.5966583470016,1,23.8812280656302,1,25.1364695739488,1,25.6735323655047,1,23.3846198123835,1,25.4609934388538,1,29.1314687385393,1,24.2962906740036,1,28.1271875189303,1,24.2368794868902,1,22.0354077005373,0,25.2066210302762,1,23.377643455494
1,42.4188288923345,0,35.4730295037922,1,29.0805664394059,1,29.4031269697579,1,24.5213907577985,1,23.9955870965455,1,24.1835635753585,1,28.8839257885719,1,23.8300010390424,1,26.28633610389,1,21.9324777148475,1,24.2696219692387,1,23.9163665377777,1,26.0361660842341,1,24.4138780432267,1,29.2811510154257,1,29.8276026433288,1,24.4048347512194,1,24.4599679872904,1,24.8564076084985
1,39.5595980432518,1,27.7947925543531,1,25.799287634798,1,32.8713852275569,1,26.0242745785291,1,23.8884942967056,1,23.9974027795224,1,28.7074421797794,1,23.8354499593049,1,25.6751535817163,0,24.719791184208,1,24.0519415083902,1,30.4511229841275,1,23.7672907312931,1,23.6963514061733,1,25.0462864237773,1,24.5470720100834,1,28.3475545481366,1,23.8115577401435,1,24.3128191237858
1,27.936906767362,1,28.0455181429061,0,27.8118143788888,1,46.8551373727836,1,22.7633615658849,1,24.4457283338172,1,28.566231988646,1,29.4279852536424,1,24.7481669210626,0,24.4160259697027,1,35.0588697834137,1,29.9946231550818,1,24.1489806059611,1,30.1619807143212,1,28.2996436103695,1,25.0064705006114,1,24.7920008541488,1,23.4723032127527,1,24.9329509544337,1,21.8875823179466
1,38.2128670409682,1,28.7402807860731,1,30.2445620418593,1,31.0328928415567,1,29.4709384490907,1,23.8110023442546,1,23.918626599125,1,26.0084588677413,1,28.8457093165571,1,24.0124198772788,1,24.0820682121886,1,23.6647528291203,1,23.6514777585881,1,25.0621965147371,1,29.6772276434979,1,24.6629871365877,1,29.3198666758245,1,23.6785802753833,1,24.924918919573,1,23.912640060638
1,45.5084438903649,1,28.4481956980391,1,31.8032866087291,1,30.3395085269164,1,27.4750195437887,1,28.5515540445185,1,23.3428404886341,1,25.3965007178691,1,24.5795820121862,1,28.8057816612805,1,28.6147834530009,1,23.0245997170697,1,29.950917837657,1,23.8354697605867,1,24.4335645515504,0,24.4847824060947,1,29.3728743064681,1,24.2364641314475,1,21.5970197799578,1,24.4476373798257
1,42.6556054029379,1,30.8853484164692,1,24.5612133235802,1,28.661366270565,1,24.3124680023993,1,23.9478899219597,1,23.5103167408226,1,27.831509808159,1,29.4275914093176,1,29.8839179284999,1,25.0597144163705,1,24.0746316884406,1,25.031662158442,1,24.3422106679917,1,28.9738977664373,1,30.1258745045341,1,23.5736793345897,0,29.1926183524182,1,25.4094018045075,1,24.7017026526307
1,41.6817365988193,1,28.4157800752687,1,32.7701042581667,1,24.0567581858455,1,24.4183314182027,1,23.9421486039363,1,25.5897193746187,1,23.4901794574909,1,24.720113585139,1,24.9085962233002,1,23.917777371357,1,29.4913653743299,0,24.5702486021179,1,25.7103091319243,1,24.6154608397029,1,24.665318158806,1,25.0930630217489,1,30.0691104305147,1,30.4269927049201,1,27.5345198618652
1,39.1871082850199,1,34.0636519832197,1,23.0116667053452,1,26.38834382004,1,30.1964034294936,1,27.9514209741751,0,25.7486515785962,1,25.8096492152164,1,25.8217345291728,1,24.477095814137,1,24.4516777627476,0,24.4606907706156,1,23.9919083516543,1,25.3580486903652,1,23.3105437431535,0,25.5583273155179,1,29.967598841593,1,23.2244584958976,0,25.0386800794013,1,24.4011510750105
1,39.8272591538496,0,33.6269666058531,1,35.925850283113,1,25.0140176048828,0,24.9617482796487,1,27.5914071733064,1,24.9875423593028,0,23.710711434127,1,24.3762103117095,1,24.0862894762326,1,25.1254986077452,1,35.330502562399,1,29.2675302451706,1,23.6871554692068,1,29.2713202553622,1,25.1993951837565,1,23.7277353400559,1,24.9255179922759,1,24.1342935476653,1,24.0979243028235
1,37.4547354500297,1,33.6682990588242,1,25.1522546848175,1,30.5702827064859,1,23.0619515469852,1,39.1702572349356,1,24.7319567469258,0,24.9384356454672,1,25.0534196281856,1,30.1800079513016,1,28.0364657278517,1,34.4901156161803,1,24.6942207085903,1,24.3980328179206,1,24.3121331030085,0,27.9677657455347,1,24.5548793281401,1,30.0256179111933,1,24.170406386091,1,24.100887408637
1,43.8942956728391,1,31.4636471472359,1,35.8234812374279,1,29.2639680139407,1,23.9183080669394,0,22.970613440769,1,28.9168477008777,1,29.1991661288125,1,24.4445761962978,1,32.5750440452152,1,25.8569646854901,1,24.2836402391481,1,24.4611030831203,1,24.4004325097502,1,24.7391128602178,1,24.7399571700905,1,25.4531928429895,0,24.3558568112338,0,24.4967024657294,1,31.4605113017751
1,42.1324774971452,1,30.4519713601127,1,29.9000742454118,1,26.5116541601821,1,23.7491101268285,1,28.8525944604766,1,23.620670054954,0,24.3672651548719,1,24.5317853850783,1,24.5707863552433,1,24.6786707029966,1,22.9996656174742,1,24.9320665730519,1,24.8179697854966,1,24.4470500072919,1,24.0803693102122,1,23.9022006553195,1,24.0380789156509,1,24.9175561340898,1,23.0374834758957
1,38.2629948312291,1,30.257356911029,1,30.3951924164343,1,29.4835058215205,1,25.1356321882026,0,24.1488319698893,1,29.0450156211968,0,22.9540619085614,1,29.9102241197523,1,24.0264264446522,1,24.2554745825577,1,22.9141196770383,1,27.7861051909737,1,24.1817047828514,1,24.7632467561309,1,24.2237935584232,1,24.2374773509095,1,24.2251366102164,1,25.194116518993,1,30.6426092959303
1,39.8290419440195,1,33.7806268277238,1,24.3497611369189,1,26.5503450211235,0,23.9423645444076,1,26.2751427541684,1,27.6900215844938,1,23.7666983119463,0,23.347259382639,1,22.3019908797713,1,23.7277667882105,1,29.6140883778555,1,25.215456505747,1,24.4260564781824,1,29.4810678596543,1,29.2275493083757,1,25.0554881896065,1,24.1121861738386,1,23.3913698208,1,24.3028869466157
1,38.1403575179333,1,28.2101494044128,1,27.4108505297986,1,28.361683548262,1,29.1918092510692,1,23.303769634414,1,24.2463701823355,1,25.6228631103576,1,24.2412942485692,1,24.9040381776514,1,23.8579889448769,1,24.3690276121392,1,24.4647436463358,1,24.5728289154727,0,30.2698995566801,1,24.3146044465483,1,24.429246771375,1,29.5193147943343,1,25.7147685556758,1,24.2024715662106
1,33.0110911991578,1,36.1540887795091,1,32.7259804925292,1,25.8938120089893,1,25.1188820105417,1,24.4839181916017,1,21.5713481854852,1,28.0001356621695,1,29.2924142786637,0,28.7723345796698,1,24.2351609717753,1,24.1280156810397,1,25.3871340546416,1,24.5252358723183,1,24.8516111398961,1,24.3782443509773,1,30.6205480838304,1,24.006255219774,1,24.4666549831942,1,23.7653836462945
1,39.1525453463863,1,28.5318270341167,1,25.2783772920252,1,26.7516803447394,1,24.7310536316557,1,25.101117125865,0,28.3847627493208,1,28.6082791584059,1,22.9900651028598,1,26.2020867375428,1,23.5729422607043,1,24.6107401705717,1,24.9668017720628,1,29.457965447589,1,24.6553311051057,1,25.7442336031746,0,23.9921356462336,1,28.7054257430304,1,24.9584202954578,1,24.3095560920237
1,31.6441013508064,1,26.5481213742156,1,31.5954907988978,1,32.5959156919628,1,24.944523004981,1,24.8353607263582,1,23.3065289741105,1,29.3359986017976,1,24.8732459505289,1,24.8917083657805,1,23.584247714519,1,24.6287848280127,1,24.1800762879042,1,29.5090651339315,1,24.8936507985764,1,24.5922076345939,1,29.9095538268593,1,29.4959249467762,1,35.9002765817651,1,25.5307229806061
1,36.8219935330781,1,35.4278582535581,1,44.4864763690147,1,24.5618169239406,1,28.5732906017877,1,28.9472792160308,1,25.3523459597113,1,28.7152556471938,1,39.8380414242624,1,24.0950453344891,1,21.8749060836547,1,24.3170610503458,1,28.9779658602026,1,24.656097940006,1,24.2542374147495,1,24.1111867560214,1,24.1753161186694,1,24.616778444224,0,24.496113113656,1,24.0505947292733
1,40.4286639921025,1,27.811507120605,1,25.8449248220802,1,26.0004665100585,1,30.16720221327,1,25.1172723567764,1,24.958518166513,1,24.1911373554971,1,23.9646978972425,1,31.010552976088,1,23.6585941251293,1,23.6687591170764,1,23.4290322004707,1,25.0341708241136,1,23.4612280449635,1,24.8814188432866,1,24.4340825028807,1,23.9393019957255,1,25.3700159106283,1,24.3286011424133
1,32.5803893876681,1,28.7653453204668,1,25.6656924077891,1,25.75355508649,1,21.8824989175996,1,26.6973602871269,1,25.1597290882586,1,24.3752129471169,1,23.8861236273606,1,24.6185706883315,1,23.9498726869498,0,23.940929619487,1,23.6833973690893,1,23.7934356834038,1,24.2136461628814,1,25.7436708316235,1,24.9878662196533,0,23.4335659836984,1,25.2378138831371,1,24.0878248659483
0,41.4158807489865,1,36.748838906514,1,27.7271232795969,1,31.0081553073053,1,24.8388715086304,1,29.2145472564119,1,24.1228795057852,1,29.4662646108656,1,29.8801758895131,0,29.55414508452,1,25.1545231637198,1,29.6248421080962,0,24.0663153994884,0,25.7430487377118,1,26.64571075049,1,28.8083299678062,1,23.4556533733881,1,24.5748581169302,1,25.5695489724291,1,24.1494862733463
1,33.0040790136946,1,30.6527349069434,1,26.9631564581704,1,27.4942477703304,1,29.80628721654,1,24.0040962321213,1,24.2344343750329,0,29.0436712504636,1,30.2388311977236,1,23.1135608246793,1,24.3919879126269,1,23.7475291661072,1,24.6392641836567,1,31.4875073294128,1,24.52737821519,1,29.0193608893049,1,25.1525768686996,1,23.8297077542705,1,24.2264202760909,1,23.9421030172697
1,36.9922579944895,1,28.5950008410513,1,24.7760732776391,1,28.6207343200113,1,27.3390836623041,1,25.2758797148207,1,25.5290777966398,1,23.8348360038996,1,29.2894131840208,1,23.906060613377,1,24.7547312809325,1,23.3694540336227,1,24.4103357399924,1,26.5936312876347,1,24.3223829536834,1,24.1674835942317,1,23.863339142877,1,24.3825274999367,1,25.0925023480287,1,24.6398343829958
1,31.807693395581,1,31.5186584757156,1,25.6066741772639,1,28.9886593880519,1,29.1017474352756,1,23.8031237435234,1,34.0528421621774,1,25.2559517102489,1,28.9809381335182,1,24.6174068438382,1,34.8551119523793,1,25.4839595915916,1,26.3994875083459,1,24.8898306926468,1,25.2128605195788,1,24.1720723468967,1,23.7988485109684,1,24.3595676365281,1,23.9039393981368,1,23.4970818470708
1,34.8848048518073,1,31.6224542383281,1,29.4214911536507,1,24.3092025455347,0,23.8676727662853,0,30.5571425641503,1,29.7830618303949,1,26.8725904721387,1,25.5899660902219,1,23.2809146617723,0,23.5430570649851,1,24.197397687593,1,25.9788808149736,1,24.5843663634445,1,25.3750004577981,1,23.9389773846307,1,24.4910375505113,1,24.8235770806972,1,24.87510993184,1,24.864541725959
1,33.9741293659288,1,28.8283374008018,1,27.4572398517159,1,28.9039809070491,1,23.5087067635011,1,29.9305782240219,1,25.9550647734516,1,23.613127845933,1,25.1093853565899,1,24.4454321346366,1,24.1566818369664,1,25.0965139633237,1,24.8186344032031,1,24.0216058662661,1,24.8781611018672,1,24.4922157166493,1,24.3996195817582,1,25.45253543039,1,24.6992393552299,1,23.9645393094236
1,46.3659150256837,1,27.6428593285314,1,26.4826042746491,1,24.4145169755059,1,34.0781332919766,1,29.1750507744586,1,25.3163329830114,1,23.3703651221522,1,23.8570594526867,1,22.9477885532534,1,24.3145965164889,1,28.6689680715837,1,33.780022379113,0,25.3264038011892,1,25.0908255176251,1,24.5240270648974,1,28.5853308360533,1,24.9525052314189,1,23.8527071112471,1,28.4853908779876
1,40.4033941830159,1,28.2639826502754,1,24.4137525230247,1,24.2633120826655,1,24.1124421928576,1,23.7106480826196,1,28.8547594880954,1,26.1725117602713,1,23.9262849960553,0,25.2018177870242,0,29.3294936927405,1,24.2373468870132,1,24.4876067799494,1,25.3423253669836,1,25.3361753092192,1,24.6349979577718,1,21.9108290832146,1,23.9710934426233,1,24.3842989167409,1,23.7359554266819
1,34.8475027847277,1,30.3089088595094,1,26.5673738429301,1,25.9013964289252,1,33.6025936463932,1,25.2321867202316,0,24.5160714699029,1,23.2272769741501,1,23.5637919506545,1,24.8743133048997,1,22.6408440367474,1,24.4658845951797,1,28.907280353286,1,24.064510892369,1,24.2672076834413,0,25.5921040612984,1,25.4276334683364,1,23.674786262,1,20.0735772264349,0,23.8669089778317
1,37.3513832532603,1,37.4838593841581,1,33.0364988824084,1,31.6715897983306,1,25.4169630440143,1,23.9666799334192,1,24.9405668383752,1,31.7719985319905,1,24.9519031633845,0,23.2267453542486,1,24.0825666412831,1,23.6228777410635,1,24.3415593235049,1,23.3059785201838,1,24.4840900406964,1,24.1281267094388,0,24.1518617760151,1,24.5276843510814,1,23.6453105870785,1,23.6566562294606
1,37.6112802760107,1,35.3694656336733,1,29.1008892470848,1,24.0479848587579,1,23.4484248830664,1,25.2706686369138,1,21.5348688201367,1,24.560494172148,1,24.0859563201323,1,29.373440223555,1,26.5417129212307,1,25.0824903945212,0,24.3832570601445,1,28.7441237995175,1,28.452775600321,1,28.7322682394961,0,23.050048159776,1,28.9046246320353,1,23.546366181909,1,24.6905036792158
1,39.7115178858245,1,39.4150610995742,1,29.6906837119971,1,29.0495562876286,1,24.6536102342764,1,29.4691827769189,1,25.4803844050695,1,28.6395125801748,1,25.0637054040255,1,26.6665227390727,1,24.0261420284553,1,28.2871009900053,1,24.1268744563014,1,24.5564668594156,1,28.7076231425727,1,30.0305120345081,1,24.0200126261326,1,24.9120736811351,1,24.1258605405964,1,24.4636046107954
1,42.8969608660416,1,32.7341522034418,1,49.4626460415648,0,28.7997296114435,1,29.1729092532904,1,33.6539354239841,1,25.1645394893919,0,22.572707190287,1,24.2805246819458,1,23.5386152282171,1,24.7901463406093,0,24.5321525619012,1,23.5675518404361,1,29.9376440226089,1,25.9366638531331,1,34.2279088793956,1,25.8184122546483,1,24.1159530882451,1,24.6722600962559,1,29.4524682705379
1,40.705270323852,1,27.4997383386282,1,29.940239913643,0,24.2785286828273,1,23.0029518586382,1,23.7872769512659,1,23.159547294908,0,23.4322978073685,1,31.2459178863188,1,23.3898215028084,1,23.8174946700924,1,22.6607321173402,1,24.9477288551312,0,24.1531056227726,1,23.8856617196434,1,29.2702349115627,1,23.3260418775719,1,23.6387074232069,1,29.9911612568024,1,23.1104931077422
1,39.576262794078,1,28.455568264876,1,31.8792423551147,1,27.5405802062581,1,29.3341793680282,1,23.5839527682256,1,25.9923649255642,1,29.1339262806143,1,24.1125165298879,1,21.1403454792701,1,23.2553102846469,0,22.9263271048784,1,32.52673886462,1,29.79759113486,1,24.1839857130668,0,24.2396776597463,1,24.3582254027636,1,23.572306862799,1,23.6189248871949,1,24.5815285824911
1,37.0175194403557,1,27.5626915455717,1,27.3259232860153,1,28.454426238179,1,22.7614444318431,1,24.4198115529925,0,27.2154126055836,1,24.5844437676409,1,28.4591983249122,1,33.4984575045858,1,23.6051870264946,1,24.6592937439156,1,24.4874950715978,0,22.2643400133706,0,21.1676628382164,1,26.0333945031977,1,24.4386859070976,1,30.4526710082397,1,23.9399870219096,1,24.0462890455894
1,33.6232655129821,1,31.5478945963092,1,28.6362410829909,1,27.7416682741425,1,30.8496524147627,1,24.4212180476205,1,24.5036916487983,1,24.0062499971147,1,29.0383355584605,1,24.4028722734915,1,23.6111526655469,0,24.3994375396679,1,35.0967325571922,1,29.4002871991518,1,23.6627733299739,1,23.7145485947383,1,24.4011138369625,1,23.8326573090689,1,23.5993684478799,1,24.3565687506569
1,36.6208319701412,1,36.0475664054266,1,30.677041095688,1,29.0435334675169,0,24.9770297011686,1,24.3276435724833,1,29.1705369469177,1,23.6225506492514,1,23.0491251649586,1,28.9213143602804,1,25.095449307666,1,29.1356521924221,1,28.8995777837215,1,29.419555293574,1,24.122980137309,1,24.9013222290875,1,24.1533658834752,1,19.5517382261329,1,24.0076750213697,1,24.2664091796167
1,40.5130103255486,1,29.0171022775744,1,28.6767290814979,1,24.242965602829,1,30.4461534613104,1,24.9925627890998,1,26.3232678184949,1,24.9254702676889,1,24.5734598000575,1,25.0544514773589,1,24.1753326349213,1,23.4180357156575,1,24.8402634774504,1,25.3426529349596,1,24.0063454271788,1,24.7244819311917,1,24.8437896299969,1,23.116702915399,1,22.2033501049665,1,23.6728549306843
1,34.8596640883235,1,36.2229976832867,1,26.4455561186007,1,34.8152015888706,1,33.3637873558502,1,24.6353080777965,1,26.2970619195626,1,23.429473820407,1,24.3487923549412,1,29.5640305839681,1,23.7381915332332,1,26.7106300260787,1,24.1912432896502,1,24.6030834257988,1,31.0122946617466,1,24.4109605077131,1,24.2418590570485,1,24.0105669601165,1,24.8191369965529,1,24.421151262822
1,34.7636442767607,1,33.4388855221,1,24.0034272064185,1,33.5854278644691,1,25.2416798247649,1,35.9433131586243,1,24.034139205872,1,24.8356865110532,1,29.0697113501958,1,29.0556076977252,1,24.5495074486213,1,24.3914462518141,1,23.2653129203275,1,29.4382169517479,1,23.5094258434389,1,24.7332610314704,1,25.023199573345,1,23.856365317929,1,24.1729456679736,1,25.0416375627544
1,42.5579270376701,1,30.0859247214317,1,32.1603303686018,1,23.75483127409,1,23.7985648543913,1,30.0587971566052,1,32.5531065098603,1,27.6098675255274,1,24.6531169600811,1,24.5021845023459,1,30.5020110080525,1,23.5951609758622,1,28.1387245743062,1,24.1222830530651,1,24.1009311145402,1,24.1478822612412,1,24.0743594058838,1,23.6085912073726,1,23.3032916965487,1,29.003943033136
1,37.3361813621937,1,28.8187956136558,0,27.7831187879787,0,28.4301129536505,1,28.9408992888614,1,24.885273335024,1,29.7880718831006,1,25.4639392184407,0,24.5108558678723,1,24.9172500023753,1,24.0269078178694,1,24.8527195262593,1,28.7914197848402,1,25.3239830612936,1,24.2536036585205,1,29.6463985494281,1,24.3074046424504,1,24.4661804078429,1,29.3054167459866,1,23.7108230699544
1,38.0326203011992,1,33.1269363378637,1,33.8017412526701,1,27.974037530928,1,27.8957981847936,1,29.4534835737511,1,25.9052266030724,1,24.8599203909048,1,25.7128977037634,1,31.8064199580066,1,20.5187591486392,1,24.3780699768334,1,24.1352156820817,1,24.3899947312887,1,24.1135122582364,1,24.8692197143271,1,30.1270227843316,1,24.0674261805376,1,23.4756969348609,1,25.4572336044696
1,35.1879084951702,1,27.7691415154924,1,24.8215606226694,0,27.959345345299,1,24.3503019249128,1,24.42968092001,1,30.153669771501,1,25.0614300909289,1,35.9245579975204,1,23.7568177146711,1,28.6226154865047,1,25.6299373839351,1,25.1545882815205,1,29.500511980179,1,29.241348444672,1,24.4270615024546,1,29.7032789572893,1,23.7345367829697,1,24.6621724911842,1,23.9975471572103
1,41.8019601299308,1,26.8194792229118,1,29.2360985241674,1,29.3921501968917,1,26.4174851772179,1,26.5546653335017,1,25.7991201633566,1,29.5260517742093,1,24.0887321786122,1,24.0797765020608,1,24.2416735278193,1,23.8258935887538,1,23.5552193412225,1,25.0717872073609,1,23.7654924337341,1,21.2548934176845,1,25.6020167923311,1,24.4684230747691,1,23.6493449728974,1,24.4593238835447
1,46.745087625162,1,29.5798286592255,1,25.8544119861924,1,23.3105553776514,1,23.9808306083096,1,24.0203207952569,1,30.3002871897701,1,24.1128841806675,1,28.4328127780177,1,26.1663746157853,1,25.3937990348784,1,25.1021463799053,1,24.913066386799,1,23.8419063304326,1,29.1190451288124,1,27.8107999294517,1,28.5267197882663,1,23.9300763279713,1,24.4344341913904,1,22.6946693100565
1,37.7803876960344,1,34.4360313988734,1,33.7242663372632,1,26.8148398169512,1,29.0742295709099,1,24.3180559893256,1,24.928019647787,1,23.9086316302993,1,24.5259906815217,0,24.3911883136117,1,25.6185783815526,1,28.5385760983462,1,25.1179371036251,1,25.0179676642363,1,23.9050894956778,1,21.2788089463179,1,24.1113424200932,1,29.1823837312568,1,24.6399605133192,1,29.9047731794275
1,33.9924591382292,1,31.1533844720011,1,28.7727292073114,1,26.640062717978,1,30.6474398110505,1,24.5261986560455,1,23.7336083625891,1,24.0700777552468,1,24.9011124409898,1,22.2069589581903,1,24.4732178516879,1,23.9371974616962,1,23.9862984001173,1,24.7741551380283,1,24.1626939012259,1,24.2174380511278,1,23.0160890882379,1,30.0166725540537,0,24.2265477230173,1,24.1048455418459
1,34.2969893786976,1,26.9616159705232,0,28.2733782582575,1,32.1799754098566,1,25.9107814869967,0,21.7781633691178,0,24.0800381745827,0,25.1025189547266,1,28.9379401495017,1,29.4244959056811,1,24.6092156166549,1,23.7340547474289,1,23.6540796671875,1,24.6792432288342,1,24.5779094830327,1,24.9606900577555,1,24.5899080067737,1,23.2303955271259,1,24.6160102700627,1,29.6281695435038
1,38.9541747560077,1,29.0283696487816,1,31.4481111508251,1,29.3523033692231,1,24.1519039783403,1,25.1968416464729,0,25.7227658408891,1,25.270191746398,1,24.2391855443624,1,24.254049766913,1,24.2853459515191,0,30.0779690938774,0,28.6323530011224,1,24.1135201685576,1,25.4839863025172,0,24.8773516596692,1,30.1081661851827,1,28.6928932091976,0,24.2887035931678,1,24.3713903047544
1,44.3703733984092,1,26.9953296417444,1,23.1970893830998,1,25.9808249435013,1,31.5276805442802,0,31.1997078271935,0,23.473680951388,1,24.5696585863564,1,26.4366282077873,1,31.6441904721765,1,24.5791263651125,1,24.5051788504769,0,24.8809992759324,1,25.0764700324576,1,24.1191654948624,1,23.1606945905493,1,25.6260697160063,1,24.4222366998274,1,23.3306118942546,1,24.2106117419056
1,32.0643894327797,1,30.8217422266358,1,24.9346095365257,1,25.2208180141759,1,24.5293654545864,1,28.4633102555952,1,25.8465592525807,1,24.2594712854897,1,32.6039094776263,1,23.3911652706934,1,30.9396576907509,1,28.638577180485,1,24.2094902742759,1,24.0360261461092,0,23.6456971512617,1,24.1854729836629,1,24.4120376677211,1,24.0425218650785,1,24.3919856147141,1,25.1460836124224
1,32.0000714631992,0,32.3572744405072,1,31.6153614935664,1,24.7120404945236,1,24.4048478132423,1,23.1219858718562,1,31.0387549469532,1,22.4530967717213,1,25.5701746442926,1,22.3376144316334,1,24.8435203584705,1,24.3029715356599,1,25.3215511991337,1,24.3271540628791,0,23.5088731137143,1,24.6407933735585,1,30.5317604217343,1,29.2330393103599,1,24.3738949479543,1,23.5277751258675
1,37.0558853016905,1,32.9816890624592,0,25.5771178195994,1,23.5575536671595,1,35.3888550886137,1,28.3059518057834,1,29.9741901285464,1,25.4726740366877,1,26.9290134537202,1,29.2697212139049,1,27.7968270818923,1,24.2537537974665,1,25.590503078568,1,23.7856108872285,1,25.3543206694658,1,24.8418972106751,0,24.3996481576926,1,23.8465884016461,0,24.2916371228858,1,24.4704475708561
1,45.6524006755383,1,30.5512442317633,1,35.3712512361166,1,26.8815022000621,1,25.0903521722063,1,24.4014519057178,1,30.3467060303223,1,32.3199828097753,1,24.6494581685261,1,29.2873460738418,1,24.3046042939401,1,24.53571715797,1,24.6186858280774,1,29.4561618772724,1,23.74440454838,1,25.2843428391792,1,31.485178100421,0,21.6250376928201,0,23.9811112859308,1,24.3915469546948
1,31.3269781406345,1,38.6943706751827,1,27.8315142768402,1,24.4581111631134,1,27.5622286849575,1,29.3431297069162,1,29.5767840246629,1,23.879932077703,1,29.4040555076165,1,23.7338598653991,1,24.6883172367954,1,31.1956512363001,1,24.7040033176326,1,23.4311570786729,1,29.480167124146,1,26.244502772512,1,24.8764684930494,1,23.6627783259041,1,29.6865146616019,0,23.8729794119606
1,44.3754743819469,1,27.3311137360632,1,28.9473764131978,1,30.1533476026328,1,30.5579604804623,1,31.6453214230638,1,28.9616977975541,1,25.6219767917417,1,30.7023729089939,1,30.5313098959454,0,29.5770426441043,1,24.1083135925387,1,24.849710085608,1,23.6197487494738,1,23.3956667307475,1,24.3304780553721,1,25.3142709108032,1,24.0895631692336,1,24.1235806212072,1,24.6502288498998
1,34.3148921746866,1,30.1483372527922,1,33.5928951477217,1,25.1312790492181,0,32.2429020419863,1,24.4135509859,1,25.3996892300098,1,24.8615830861258,1,25.1857481246265,0,22.4140525270949,1,30.4281933492083,1,34.84834682006,1,23.5844536847854,1,28.7772365751085,0,24.1930933447489,1,22.7772563164444,1,29.8682791101229,1,24.002475740151,1,24.1358091376191,1,24.533879668127
1,41.2299066359222,1,35.1180717862045,1,28.8708592448365,1,28.3868448715489,1,24.6348764751241,1,24.9625969813587,1,25.6684238878539,0,23.3887089867147,0,22.914790308284,1,24.7632119080879,1,24.9226992781485,1,25.3561931863191,1,24.9963066651219,1,24.9060100025289,1,23.5513775665584,1,24.2763702736028,0,23.0855325273927,1,24.7677154097346,1,23.7254112452302,1,24.4602647800429
1,42.2791130440622,1,34.5458544213626,1,29.34935467111,1,23.3042104840644,0,26.3624993435333,1,28.0680327961492,1,23.8230745527177,1,30.045837340558,1,23.4742702134266,0,20.2891993508356,1,24.0065836255273,0,22.8458177374336,1,29.3516890653328,1,23.7103092982497,1,25.5386738902294,1,29.6728596205862,1,24.8091235377821,1,24.1142402096413,1,23.5851698615021,1,23.9519069617741
1,40.4053559229595,1,31.9883508695261,1,26.1696355538687,1,32.7021761128877,0,22.3957930145409,1,25.5089057074861,1,25.4314356379995,1,23.9512524819463,1,29.5216546791619,1,29.501177316781,0,24.623165096059,1,24.2748041355976,1,28.8292912175123,1,30.1735751815396,1,30.7607182572865,1,29.6919090854888,1,24.1596139049949,1,24.5143689117803,1,24.2641664856067,1,30.8654138505151
1,44.0398651193406,1,28.3897253408893,1,30.7604901307729,1,27.0837587021412,1,25.8330287516578,1,25.6387100222038,1,22.7957994868989,1,23.1018260106182,1,23.5330156180547,1,24.6470860748838,1,24.1328248334488,0,27.3691912403688,1,23.7545539345273,1,23.5626666715325,1,24.6740002930834,1,24.0742436801586,1,24.2235559416276,0,24.1923170596812,0,22.9401415690953,1,25.0684898272625
1,36.5768921975239,1,31.3031585354984,0,30.3443332097219,1,29.5969044617562,1,32.421409927615,1,27.8334868593928,1,24.9320814578381,1,25.2260961805016,1,29.5750326313113,1,25.8507239249891,1,29.9250812897802,1,30.4174684917485,1,24.999658948306,1,25.0494701704274,1,24.3921399952075,1,24.3849812197095,1,23.9972317383934,1,23.1321887099783,1,24.1242013384957,1,24.8569839932715
1,38.6925794316095,1,34.4656667721014,1,27.0296395459641,1,24.4072104124623,1,29.3790343492357,1,33.1783549341012,1,28.6838324379585,1,25.1254117866992,1,23.3657495876848,1,24.1893053556348,1,29.2757370354966,1,24.1388398008846,1,24.0846615985023,0,21.8006811754336,1,27.0797805413419,1,23.5097909222425,1,29.2739396422099,1,29.622618544278,1,23.2316969773457,1,24.2857676846836
1,33.3510267452767,1,29.1914571201785,1,28.7892634558971,1,25.9258619113536,1,25.1797804186478,1,28.5097883827986,1,24.9946831606991,1,32.9161169367401,1,23.4621874393436,1,26.9716298555835,1,24.8044147007809,1,20.7920965192951,1,29.6594339628272,1,32.8295977644955,0,22.4523079372401,1,24.462491941404,1,23.9168931299016,1,24.4731267386037,1,28.9063705466472,1,29.0260821988838
1,38.763173070203,1,33.8866867442486,1,28.3913264557004,1,28.4632854756702,0,24.6203590418045,1,22.6432619287935,1,24.4262752316048,1,24.5270304020278,1,23.8394469366243,1,23.7497813832273,1,28.9142041292784,1,24.2542133112629,1,29.3723697437617,1,24.778210811177,1,24.1997288888058,1,25.0898656119309,1,23.4443928353851,1,23.0477033353796,1,22.8626878019099,1,24.7593654972334
1,38.3880282359575,1,31.334419992912,1,25.2171002378223,1,23.6914534056395,0,27.8290418596908,1,29.0853071707334,1,30.292308585297,1,25.8345932398501,1,24.0586729285109,1,25.9858860644828,1,24.5695037523019,1,23.7556247931225,0,23.9535484098267,1,29.6840146121885,1,31.372207164164,1,24.2860468106514,1,28.4041000690487,1,30.282648863166,1,25.2651807343447,1,27.1737846951265
1,33.3744010183641,1,28.7991861442462,1,26.0365668122827,1,24.9970264793991,1,25.5432011211614,1,24.0151506230743,1,29.2957918368705,1,25.0471035690221,1,29.3127215077775,1,26.0495947827854,1,24.8606285570897,1,25.1680029799065,1,28.1050773629187,1,24.6510896748588,1,24.5577316023448,1,23.8540630594862,1,23.6784964755946,1,28.6716817801783,1,23.6576756596114,1,24.5522777587712
1,34.502965621915,1,32.1924120586358,1,29.5749744117553,1,29.3797098531434,1,24.9608927177649,1,31.2515605417901,1,24.0838062284321,1,24.0823901999543,1,23.995386220692,1,25.0284435048709,1,23.2901148958516,1,24.001866882518,0,24.7509177095798,1,24.2190429119647,1,24.5216755091821,1,24.1995564108614,1,24.2384719387786,1,22.8992843791917,1,24.0361445262759,1,23.8873396550976
1,36.1911539300957,1,27.3929306025651,1,27.4129914897727,1,30.1517558316643,1,30.7564470901513,1,24.5329103530971,1,23.6103167489266,1,29.9021563019056,1,28.3380372257573,1,30.3653285266288,1,36.1532582274009,1,22.8109707065207,1,24.6642011460062,1,23.805495098517,1,31.7506677649538,1,23.9844399480295,1,24.4413433392767,1,23.7288938590453,0,24.5125078502138,1,24.3468444969366
1,32.5240388246142,1,34.275230955744,1,28.6369842761765,1,28.942744263761,1,26.0447063236912,1,25.4439099528498,1,30.0803069202093,1,24.672774627903,1,24.3534083773664,1,34.8120514461495,1,32.1103985423639,1,23.9281165576882,1,30.988887229978,1,30.4178066467741,1,23.958901914873,1,23.7040430404942,1,23.3930661128298,1,24.8629473074152,1,29.994200482353,1,31.8885473975448
1,39.967232331896,1,33.3018082744373,1,33.0791952987905,1,47.686347379488,1,29.6480775394657,1,24.6336175583443,1,24.0991820971073,1,25.0358579634565,1,34.3344637497523,1,24.305681943619,1,23.7637537559159,1,29.3364336646142,1,27.9834076996133,1,24.3834078111976,1,29.4781117083382,1,24.8925350031603,1,23.4677080241711,1,24.7291280649121,1,24.001521716041,1,23.8981023358998
1,36.9535662128338,1,26.2155534085908,1,31.0878819887844,1,26.5159293094112,1,25.69288400444,1,23.997594682763,1,28.4945280660353,1,24.5574349698696,1,24.5369717627686,1,27.2777560315173,1,24.7345650738303,1,23.869625143815,1,28.6608225340806,1,31.7570277755845,1,24.6209723273651,1,24.7827411767344,1,24.0170146825895,1,24.4779022335641,1,31.1168912487435,1,24.5852360894411
1,34.9335658341993,1,26.5391747136518,1,24.4495853206913,0,26.7206217850089,1,26.4079102293125,1,21.6420465976761,1,23.9271389024624,1,25.140226126415,1,23.6939879478691,1,29.2311323675206,1,24.2722113964457,1,24.3479486719836,1,23.5392079067507,1,24.4526704179105,1,23.372104386726,1,23.9774457363769,1,24.1769472570829,1,34.6163266170031,1,24.0737164132186,1,29.2898248187373
1,36.0829185092861,1,31.8681281872412,1,25.4801695403637,1,30.4341424667922,1,23.8250162580976,1,28.1828613997632,0,29.9742453961848,1,30.0637500409546,1,28.8380591489742,0,30.6539884794155,1,24.6979401493228,1,24.3955867047056,1,24.0871320281849,1,25.9273507340023,1,25.3440705147738,1,24.0841592026932,1,24.0695497222842,1,30.6247011582561,1,23.6136659586379,1,23.4057145505974
1,38.721540732698,1,28.7000287996975,1,36.6866448484091,1,25.5113675395797,1,22.017057730703,1,23.420370640148,1,25.073204228228,1,24.5445701442457,1,23.688712597508,1,24.1487139465727,1,24.5623872831971,1,25.0215509532301,1,24.1663806366735,1,24.0683411584316,0,24.8094129727999,1,25.0248247775461,1,29.5050872675975,1,24.2649463880949,1,24.7751403493109,1,24.3041868419657
0,40.8729889728007,1,28.2137568549778,1,27.4580620563413,1,24.5154535851713,1,24.348033062864,1,28.8862485787333,1,27.4917970475489,1,23.8969607104283,1,29.2827802493385,0,22.8894429026527,1,28.8557878929007,1,24.5102499022917,1,24.8838561540762,0,21.5545041018338,1,29.9623973474845,1,24.4366355969054,1,24.3794713505852,1,23.8741236153851,1,24.3104110361579,0,24.6692230951489
1,39.5597190073602,1,32.9463720390819,1,27.6984729084971,1,25.6402066862018,1,24.3337925125548,1,39.8869958520127,1,29.3697828023709,1,30.1442999879693,1,29.0519610792198,1,24.8741836743312,1,25.0437975574969,1,25.0885611161624,1,23.8180711153217,1,30.4346198447325,1,23.3912250222545,1,29.2558132145972,1,34.6519029213634,1,24.6280941071243,1,28.967364398232,1,24.6639562736499
1,35.7392849193343,1,30.6114195623116,1,24.405826543338,0,29.7696217360908,1,30.9347390014905,1,29.3961785353448,1,26.9947776716648,1,24.1598207826218,1,23.9726320537235,1,28.4041084335882,1,24.5816132875353,1,24.2741633358812,0,23.6367897885309,1,23.9385500400431,0,25.4227071023539,0,24.0737203856042,1,28.6706289126338,0,29.4082095171464,1,29.8781827876769,1,27.9180137019254
1,32.1193466683725,1,27.4555574722201,1,26.5782817551895,1,28.5573634119732,1,24.3235831711772,1,33.020184977398,1,24.3693246191745,1,24.2392737112394,1,25.9439960368394,1,38.1435383480562,1,24.9175180684488,1,37.0904350732959,1,24.2645885917084,1,24.6177027647324,1,25.0101525147492,1,24.1117412476786,0,24.4230211997108,1,24.4964327076647,1,26.2361550696207,1,23.0768508559663
1,38.7979616078255,1,30.4576176092006,1,23.5737857212207,1,34.1601630717457,1,25.8309008079102,1,31.7755066430811,1,24.8329763203447,1,24.586930725917,1,29.6082508379781,0,22.5019130297337,1,28.6202765798373,1,23.4367534134742,1,28.0624824106967,1,26.1835039990905,1,24.4366554122754,1,24.6171024682806,1,25.6202841026599,1,29.8408308210473,1,23.9033671607578,1,24.8408538882799
1,47.0273743835226,1,30.0330546819426,1,31.506000528865,1,25.499224591438,1,23.8665447854547,1,24.764254552656,1,34.9127880623963,1,24.9823927862878,1,23.8253002138342,1,23.9573079695803,1,24.9426379947496,1,25.0022998198338,1,25.9785436034458,1,23.7853147288549,1,25.1968401716958,1,23.5622186887135,1,30.3483464398023,1,23.6330005334037,1,24.5453576179032,1,24.1997475419817
1,38.8739004803165,1,30.3396950185427,1,24.2890735308691,1,32.3906264283626,1,26.3410969681695,1,24.2918626367392,1,35.0881786451656,1,24.9773877788678,1,25.4215546119462,1,22.5197743013942,1,23.3413780722087,0,26.7677314293382,1,24.123431619504,1,31.1878004652016,1,25.0080788348448,1,24.4751859756074,1,24.1102819595454,1,29.3816623661342,1,31.1725698142403,1,24.5834766954345
1,44.6044084938074,1,27.4130112205941,1,35.7829669855107,1,29.0987060363692,1,27.5344577526573,1,23.8904226194574,1,29.4483275654659,1,25.0946987875008,1,28.1969847774022,1,24.0993502148086,1,25.540144609222,1,24.5585001026915,1,25.1931244305483,1,28.8198894541832,1,24.296721736766,0,25.0441162509868,1,26.5912476907594,1,30.0604767894481,1,21.1038215531325,1,25.1642406149684
1,32.2189527464668,1,26.6695966290837,1,30.7690203066666,1,32.5440012895492,1,29.9549582912112,0,23.545602423002,1,27.6874426326873,1,28.4274629760775,1,24.9722816763311,1,23.8760460261878,1,24.6527296186511,1,24.9937274180567,0,24.0164768014374,1,24.0308386609967,1,23.8562507467863,1,22.8354522023123,1,28.6239973893674,1,23.6550566975708,1,23.7786463914337,1,32.2946522200992
1,36.4815934969513,1,32.6194909307697,1,33.1293775581318,1,28.9314550414546,1,22.6994290789429,1,30.0415571628881,1,25.1427252362924,1,23.9056476822183,1,28.6366483527852,1,24.3376425237101,1,29.1927433611805,1,30.1310517071006,1,24.1403065896552,1,25.7966675538451,1,30.1287496526621,1,23.7424007720815,1,23.6411157501564,1,24.4155209808078,1,28.9403138563158,1,24.053372226444
1,38.29384532323,1,28.2463140819545,1,30.5869375825079,1,26.5096577796104,1,23.6196303520639,1,25.1029928983839,1,24.5985562077567,1,23.9888557377421,1,33.7426879354635,1,24.1425174791415,1,25.9747434144991,1,24.5758809156614,1,24.666821925743,1,23.8383518968907,1,25.6840383072451,1,28.9765347823841,1,24.6553539140378,1,23.8300802767617,1,24.6165833882723,1,23.9219803167352
1,35.0722370416155,1,35.7737902814326,1,33.980205761,1,26.3134691195264,1,24.9681147052188,1,28.4272481108142,1,24.2505415746264,1,25.113025821006,1,24.9273476125779,1,24.4411435737952,1,21.7973417955317,1,24.3745416515474,1,24.7180157670513,0,25.0498258249141,1,24.5625098422263,1,23.9897482328198,1,25.6441488286456,1,24.9010803475796,1,25.193190742111,1,24.9185319311855
1,49.3578540912186,1,28.4580437133417,0,24.2296762224573,1,28.9204814523508,0,24.2152390740697,1,29.2872294003934,1,23.9536162880977,1,24.2513190780242,1,29.3366552047674,1,23.8023551020024,1,26.5856150154063,1,24.5569224198588,1,30.0648382508165,1,24.0039928963317,1,23.9646563566532,1,23.8867493739943,1,23.6526476565951,1,24.7266191972747,1,29.2027275383393,1,23.6650287233303
1,37.4856606191981,1,37.8146698702456,1,28.4813461709111,1,29.4809767656107,1,23.5386645785747,1,28.5076256149119,1,24.289242282525,1,23.7399850426161,1,23.1396229177131,1,24.9433300746031,1,28.433274745244,1,29.4141538943668,1,24.4770040363237,1,23.8118228950705,1,23.6135043771309,1,23.8801360164582,1,29.5863242824467,1,23.3523945915807,1,24.2595112952714,1,24.6227625199673
1,31.5987574015812,1,31.0259752945906,1,25.7805992320617,1,28.9990056878741,1,25.1624698393026,0,24.5394361672809,1,23.678170159847,1,28.6847442813611,1,24.4712874410363,1,23.9239702186154,1,25.3268132685522,1,24.4436439775934,1,24.5462802983564,1,29.6399759124074,1,24.7834675878186,1,22.7880852934566,1,23.4464389946394,1,25.159300235851,1,22.7274682589491,1,24.5031065425414
1,39.3348639899023,1,30.1925948773801,1,31.055350821615,1,24.3851944100331,1,26.5265435127532,1,27.6689598990003,1,27.3885155052729,1,31.977667218213,1,23.0889944121045,1,25.1933345234104,1,24.8745788495425,1,23.6171292121831,1,26.188090162295,1,24.0557651720396,1,24.819213396192,1,24.206314560697,1,25.3821298318639,1,25.171073298466,1,23.4007090315254,1,23.686713585455
1,36.6503474664448,1,30.5481707398117,1,24.8607337303616,1,23.6231079102334,1,29.7771694494136,0,25.2395484958769,1,25.1437301600706,0,25.0224988942819,0,29.3817446480618,1,25.9463849910271,1,24.2763028120673,1,24.1113520193208,1,33.8995472753684,1,23.3066338743871,1,28.1282392949997,0,23.3944493716188,1,24.0838331023192,1,24.0949421358037,1,24.3148076965442,1,23.9626464482708
1,47.761069652646,1,33.3113145482825,1,28.559202577999,1,32.5544964173885,1,22.6491833828961,1,26.7480070841992,1,23.6744876434424,1,29.7712577872323,1,28.739949569132,1,24.978881253211,1,24.1740157376057,1,25.5974982838017,1,24.8023141675796,1,23.7131576680449,1,23.6870906970152,1,30.762759101256,1,24.0645801927533,1,24.1331838798888,1,24.1471001293293,1,24.5381759338808
1,41.0437616797598,1,27.1612676341509,1,28.5911467357011,1,25.2908781286163,1,26.8424437072701,0,49.7976104849878,1,23.7138536209887,1,24.0132231872688,1,23.4321046641956,1,23.8282419845503,1,34.292072675025,1,33.8981389564402,1,30.4687898265504,1,23.9001093698849,1,28.8032211669617,1,23.7991663618207,1,27.9695154358204,1,23.4504844870597,1,24.3833058735677,1,28.5303693433737
1,34.853878682597,1,28.6586597974284,1,31.1098446874582,0,26.204516571485,1,25.8672326725985,1,30.0573521586565,1,33.2590081766347,1,24.7910536451574,1,24.3530129902961,1,25.6825404418792,1,30.2919499552735,1,25.818935689268,1,24.5182628636555,1,29.9750859911406,1,26.1358829751313,1,29.7878793387073,1,29.7817226367284,1,23.7089229858606,1,24.267580863161,1,23.6758711600887
1,35.646020851857,1,29.5643271724874,1,25.0594976715118,1,27.3740332721575,1,25.1601249303437,1,23.8318041599493,1,29.0312390144106,1,24.3321481049111,1,23.8583498809273,1,24.4396207713128,1,24.5248359444789,1,23.1996851615445,1,30.1902173360914,1,23.9170218081569,1,24.7394713417403,0,23.8047739019337,1,29.5952028117769,1,24.7400646793087,1,28.8833108648542,1,23.3463112347502
1,48.5473981533294,1,30.4321690616579,1,25.3985932116938,0,24.8430743126104,1,23.7394793127468,1,28.4340099680621,1,29.1619456028434,1,24.6812295220794,1,23.54387760278,0,24.1992226648111,1,24.6926452558374,1,24.501808586622,1,23.8174633351396,1,24.128782904523,1,33.9435025860473,0,24.2155563077044,1,30.4710374244656,1,24.1556117397386,1,24.0277748921575,1,23.6196826430248
1,43.276392555877,1,32.4770613055708,1,22.3788547014945,1,24.1639771957046,1,28.1618544998514,1,25.5849428646187,1,26.0053040374781,1,24.1463255679394,1,29.7464441476226,1,30.993743445075,1,24.0158022621821,1,24.166946712633,1,25.1783404660703,1,21.0043470088613,1,22.8101058627166,1,23.4893182169551,1,24.5657779357967,1,28.1475070129908,0,23.4552750255707,1,25.7015260676799
1,36.5342095108563,1,32.2438959566331,1,24.1813406526272,1,24.4631570212235,1,24.5115130103768,0,16.2791936406721,1,28.7448484162928,1,29.5089449607025,0,22.6753628664138,1,22.9040063574995,1,25.1736032121214,1,25.2950363878716,1,25.8985810538586,1,25.0015054432429,1,25.185601781494,1,22.9529551465612,1,24.1408337392259,1,23.7692365744071,1,23.5163976198852,1,24.0247253878343
1,35.746517395584,0,33.5667737202593,1,27.7219310210135,1,29.6704723754203,1,23.5664843721289,1,30.6463679003784,1,23.7426848907884,1,33.7190110036244,1,32.153646218388,0,24.7967105675171,1,24.9738059026041,1,29.441527066089,1,24.0278538644989,1,26.7467401504054,1,23.4904192190398,1,23.9801762309554,1,24.4153296250034,1,24.1095395527454,1,24.6738371972312,0,23.3180418280911
1,42.4956327693624,1,31.4767546111935,1,28.9718980483144,1,25.5780295189205,1,28.7957414481872,1,23.792315783462,0,23.5693375024492,1,28.5704595483306,1,25.0189431027454,1,25.1070892064466,1,23.9776169262609,0,28.765185218551,1,25.334733387449,1,24.7002589750335,1,23.8823453666294,1,23.6051230589199,1,24.276790913522,1,24.584808986772,1,22.4424936267425,1,23.7064935984288
1,40.5852044445187,1,31.9568011548439,1,23.1598360861136,1,26.7693620482485,1,25.4890127985042,1,23.5560765512734,1,24.7049123913278,1,25.4708559258448,1,33.9828443169054,1,24.1598937086212,1,24.3538690491634,1,23.3787716903994,1,24.1232181405818,1,24.461114808252,1,24.4897255327637,0,21.9249182837219,1,28.8390075951184,1,24.3221310375901,1,24.2050050344996,1,25.2116603959253
1,34.3139735738493,1,28.9987639424824,1,29.3816047210901,1,30.4881946631049,1,29.5528168450154,1,24.6960787082153,1,23.513982980887,1,27.6456706445601,1,23.7554153719386,0,24.5011016082081,1,25.7862768330385,1,29.4962361518872,1,23.9020880136623,1,29.2320947808807,0,23.5092770663141,1,31.4744254448791,0,21.4948991785981,1,23.9853914544853,0,23.9819066001715,1,24.1702240481712
1,31.6646353970179,1,32.3672813989478,1,24.9790389413938,1,30.3464425233068,1,30.1954307902946,1,36.7019895026465,1,24.0421401877214,1,25.9466836113227,1,24.8951089039188,1,30.0767531933053,1,24.5065140469968,1,33.8408136594943,1,24.9633217195622,1,25.1772353616381,1,24.4934470000419,1,24.8421771305563,1,24.3877718104897,1,24.4761823258411,1,29.3271460408414,1,23.6163881166441
1,40.056864332645,1,29.4099044803812,1,29.983286679744,1,27.6357480887836,1,27.5257777220413,1,24.0319250088341,1,28.5572503944499,1,22.8920537067359,1,24.6367819939038,1,24.8922364195082,1,24.5373495090133,1,21.1178300458143,1,25.4034138680367,1,24.3791983102918,1,23.5218871992953,1,24.9863558326914,0,22.6126599530675,1,23.7066021236079,1,24.812584706865,1,23.177573028389
1,34.3676204899887,1,26.8940008060286,1,31.8150946098547,1,27.8308246420719,1,25.4825618869606,1,29.4855014098087,1,25.3861769913059,1,25.2797964892067,1,30.4246637933657,1,24.0981777644359,1,24.5797624748469,1,28.9410339242884,1,24.1369353577936,1,25.8385483678266,1,24.0343463704718,1,29.7695388558647,1,24.8855347866487,1,24.4195360147727,1,24.4568403982885,1,25.1629688138794
1,43.7947254106852,1,29.8227398012533,1,29.3370354168637,1,25.9976916380209,0,23.9794063864782,1,29.7035050874794,1,28.7908035358702,1,24.9175013598937,1,24.8055326792553,1,25.3139727356329,1,31.0604212496008,1,24.7843107653908,1,24.5022360904817,1,25.9299707121958,1,28.8145131699297,1,24.1378522807186,1,24.2529747326716,1,24.2390437895456,1,29.3644140370395,0,23.9399877894249
1,35.0918766745413,1,26.6995276588169,1,26.0281835624489,1,25.7242314702898,1,23.8673326656183,1,25.5427369647875,1,24.3951748325472,1,38.6422978411875,1,25.3904871915244,0,23.8190865271605,1,28.8944179455266,1,28.7347291254248,1,23.816029929185,1,23.6258413428867,1,25.1931948547548,1,23.5443496540494,0,29.4287430050897,1,24.6570642310861,1,24.2533090528236,1,24.4629746298561
1,33.3848769176257,1,30.6729237239477,1,26.9283158710607,1,23.2015622610536,1,23.4477651761541,0,29.2969195826112,1,24.1632893104988,1,23.3935625690924,1,23.3110424131871,1,22.1222179080066,1,30.0951334526165,1,29.1838749556141,1,25.301259173456,1,25.3243427291323,1,32.1440593740695,1,25.5011782028174,1,24.0687064824706,1,24.7139740027925,1,25.2252016621908,1,23.6832875869079
1,38.8831219467,1,30.995153944939,1,27.9627058058207,1,27.7879328963019,1,28.7918611502771,1,23.6285509962458,1,24.4310768839853,1,30.5239017287956,0,24.4698622756355,1,25.0648292277637,0,23.6044540519063,1,24.6457944730834,1,30.8269340195719,1,24.8556569516251,1,25.076831165218,1,25.2394167869625,1,25.2681588202779,1,25.022674131616,0,24.3364204793176,1,35.2363061783634
1,44.001355440858,1,33.5069787012605,1,29.6774265864486,1,25.9234632668553,1,28.8275246582657,1,25.5564003933519,1,30.7249841477918,1,28.1966272647023,1,23.7412552030367,1,25.2116538931986,1,24.2411678563483,1,28.7230526295549,1,24.3643353763593,0,23.5613934570334,1,29.0084095405289,1,23.8534508859026,0,23.5468695636133,1,24.6234434273945,1,25.5542953811082,0,28.9972106731812
1,42.4300970626009,1,29.3575903438144,1,29.2685942632652,0,27.6663261979092,1,24.3450489757131,1,23.5566568424047,1,25.1887669930808,1,23.8502166074732,1,23.9389770849619,1,24.0138696947642,1,24.1012213926406,1,24.4597277551085,1,24.3079830260201,1,24.4945838037791,1,22.5542456236982,0,24.5905015215729,1,24.7744417477909,1,25.6084084515991,0,24.3061589161923,1,25.0237088661957
1,38.2649746311011,1,32.5864169912952,1,23.9135451434296,1,31.3155163569869,1,25.132260772876,1,25.3098901819826,1,24.9319781537955,1,23.8603176100265,1,25.1936069261569,1,25.0134614748247,1,24.1875434848027,1,32.896805475644,1,24.5544730331731,1,29.8458532629499,1,28.1416217180787,1,24.6298958261897,1,24.9925052696777,1,23.6990555008702,1,24.9824315096455,1,25.3985085622157
1,40.6276004942212,1,33.3277345042946,1,26.6046265882609,1,25.1455345603491,1,29.0938949590497,1,24.3268776098705,0,24.2370119508913,1,29.5827566477226,1,25.675163495729,1,23.7702317273032,1,24.5329510194789,0,26.180687559414,1,19.9345192691774,1,29.6289194644456,1,23.8338269154287,1,24.0022907465422,1,29.4838580521823,1,24.0671207867283,1,23.6661606801502,1,23.2549664823805
1,35.8863361838187,0,28.2992964254158,1,33.0310321206808,1,25.2144741478534,1,23.9560128757976,1,30.1918827062906,1,29.1501016599417,1,23.7039786783638,1,27.898180109477,1,28.373631202197,1,23.9445425918982,1,23.3784111720344,1,25.7867018091137,1,23.863452463225,1,23.9802377966952,1,23.8714644994624,1,24.1513002374993,1,24.4838925929573,1,25.793800275134,1,23.978706585704
1,41.0529105076458,1,30.2442180793347,1,36.4200309081999,1,27.9744716168794,1,26.9039921355838,1,24.4429032454548,1,24.1156023398774,1,24.8340921461948,1,29.5512827154865,1,28.9091348827364,1,25.407200068303,1,23.771809115142,1,24.0685391640385,1,30.8496469574683,1,28.9286933497981,1,24.0732664694155,1,24.0119815356969,1,29.8028199253634,1,24.2939018754831,1,23.9559312579853
1,33.6829469640361,1,30.192144580309,1,28.6846059620732,1,33.1736338497995,0,25.6662194676257,1,27.9172576619137,1,28.4160525112616,1,23.7457711620383,1,29.1413292115463,0,25.5115270514036,1,24.0896829330343,1,24.6360225934868,1,23.9207403446743,1,24.6514065259132,1,24.9890361087211,1,29.785490232602,1,24.0959830102177,0,23.785917860227,1,24.2797982222502,1,23.5142718026224
1,42.7210228772437,1,27.5327090752677,0,25.143673758569,1,25.5503575937697,1,24.6366778721845,1,24.5889043591233,1,24.40099525298,1,25.9946407027007,1,26.0974894468898,0,22.8180528705511,1,23.2071941822252,1,24.9404955767032,1,24.5942068966415,1,29.0805754414217,1,26.3780305454535,1,24.1825763468004,1,24.5961450839949,1,25.5214468525661,1,24.8059759979608,1,23.6933516241457
1,37.0625040211427,1,37.302264992678,1,30.5125387779784,1,26.1575129802635,1,27.5863903776719,1,25.3945179930707,1,24.3377109872452,1,25.0048104793786,1,23.1781973273815,1,25.0512715944309,1,24.1603160702462,1,24.1362844776404,1,25.4198758633867,1,25.3187853742569,1,24.1509266281914,1,24.2665965810088,1,24.9806804069549,1,23.5076112861781,1,24.3192350491112,1,25.1659630287883
1,38.2069964182606,1,29.922191585639,1,24.6401041184907,1,24.249424014412,1,29.238535667007,1,29.7669909181743,1,24.6364258963517,1,18.0906286421692,1,27.9286920756424,1,25.2624589114884,1,25.5664407178748,1,24.9420798023103,1,24.4886898947841,1,27.7782009079512,1,28.8166669242764,1,28.3238878571686,1,24.3361684397259,1,23.9982875482351,1,28.9846542976647,1,23.7900550192719
1,38.3206730926601,1,41.7605657904752,1,30.3160351303371,1,28.4673554588776,0,24.0894380488274,1,24.9684327637733,1,27.5167929288308,1,23.9783307377124,0,29.3822693567354,1,24.5593642773112,0,24.7686444462552,0,23.8176689288109,1,24.0231857420743,1,24.4722818647335,1,23.7273113219826,1,25.1900777996274,1,25.4266211739743,1,25.1311796879906,1,23.8414160827273,1,23.6770785897837
1,43.1641471396469,1,30.8151263325246,1,30.2547990010904,1,33.1770473661363,1,23.8995563229256,1,25.1333780471216,1,32.0280638336886,1,29.7580807796667,1,24.5958733551153,1,28.6294402169385,1,24.3307613314018,1,25.0915021535288,1,24.4038288268981,1,23.8185267583289,1,24.5200995364832,1,23.6276945148988,1,25.7462688245064,1,29.5489859087847,1,31.4252356878483,0,23.9328589188199
1,34.7717235899801,1,30.8741054173013,1,30.4889352941141,1,24.3326614264146,1,25.9833493281578,1,29.2305494172019,1,24.1990273218459,0,29.5148302715653,1,33.0656477946142,1,30.4107540665567,1,24.547166089686,1,24.4581113028339,1,25.0372082117432,1,23.6324772306876,1,23.8212500380259,1,29.6299815951526,1,22.3831658340948,1,23.8425198667904,1,24.2348663604097,1,23.6443421376653
1,38.3978598247309,1,29.966626429445,1,30.5971174431029,1,24.5335706977984,1,29.7161237852588,1,24.4532277067761,0,23.9401997406028,1,24.6064273370745,1,38.9923283651386,1,24.2706400922108,1,27.9767383016498,1,28.5955175311746,1,25.1946550754337,1,23.9305348665418,1,24.2089844002957,1,24.0434734183491,1,29.6135253159739,1,23.7720434561105,1,30.6866322282154,1,23.8153065655442
1,35.6201624976741,1,33.1250331519503,1,25.9216833919086,1,25.1977692078265,1,28.9871031288616,1,24.3452126112239,1,23.8747090767807,1,25.0473163961645,1,23.1095802294941,1,23.4403761663938,1,29.8983957484213,1,24.2481341592479,1,29.6312261549316,0,24.6018805812996,0,24.7313189265989,1,30.4012454801077,1,25.0629229050107,1,23.6184316217623,1,25.1261399136055,1,24.3995804129202
1,37.0398773251691,1,33.9452817255498,1,29.423531903656,0,30.5734264884111,0,22.3141967470674,1,23.5772896184071,1,25.2553069601584,0,23.6631053413597,1,25.6175924510323,1,24.9946199635203,0,24.1579959507438,1,29.3540413194762,1,25.4470466788864,1,23.764942353374,1,24.6980432794371,1,24.2091697184018,1,24.4018712586839,1,23.8465335800405,1,29.3595253521188,1,26.3403403068581
1,36.153814148564,1,31.970154048698,1,28.4322723978519,1,27.3990630250418,1,24.8111261787687,1,24.6602441102211,0,23.8287933645186,1,24.4830194352397,1,23.9780214775472,1,24.4153534055168,1,23.6442687503725,1,25.0605159624026,1,24.8259593775698,1,24.2744598215792,1,29.4304548626422,1,30.2970092283325,1,23.9213926672442,1,24.7842652612184,1,24.4241557985712,1,24.5667733946436
1,39.5040518662927,1,35.6035184466755,1,28.5462648855968,1,34.9724300744211,1,28.2753783872315,1,23.9159221302653,1,22.9791136370156,1,29.5824762077487,1,25.3623915860701,1,24.3811712231318,1,23.6181912520729,1,32.5599885682879,1,24.6762453935029,1,24.3037043784014,1,24.5340521020666,1,24.0671122029603,1,30.090239543535,1,24.4455710008241,1,29.8583567822225,1,23.6049490079859
1,31.7713087542335,1,29.5132776052667,1,30.2546575861989,1,24.8905060716096,1,24.6421986939007,1,28.7259111784248,1,24.3195225099129,0,26.4721209403186,1,24.4948983502824,1,23.8228168086458,1,28.2107812509854,1,24.0707495706066,1,25.1716407487673,1,27.3981752731227,1,24.2030421360066,1,24.1683367928314,1,23.896048147814,1,23.892748770497,1,29.5076814052177,1,29.6156096623498
1,33.4297865373727,1,28.8673769995211,1,25.7850511017126,1,29.9107240330011,1,28.4603466791584,1,32.3651341005172,1,24.8482243654534,1,28.6666024787831,1,25.6425575810404,1,29.9771757715294,1,23.4748718946268,1,32.8548837804668,1,24.2233407940945,1,23.3943804657686,1,25.3752275285508,1,24.7702912369027,1,29.7341090024827,1,23.7310850290116,1,24.4192364816963,1,23.151914773307
1,33.6437261891872,1,28.0477495234697,1,33.7964642199914,1,24.3080415103507,1,24.0412049644969,1,24.0785551805235,1,25.6674713897184,1,23.6794097313995,1,23.1866756521087,1,26.4357322222651,1,25.3920515349377,1,24.8013889294851,1,28.3848461393897,1,23.9785694150051,1,22.2524518539056,1,23.5025757118378,1,24.081246366881,1,24.0127534679471,1,24.3077749562149,1,24.3272552518143
1,40.9830787485837,1,32.6517615706601,1,26.3942273372211,1,24.0592449349011,1,27.5984114552325,1,23.558281904252,1,29.3216524086059,1,23.8471468906891,1,23.8429325913835,1,28.6253813515751,1,23.9640997371057,1,24.409402014572,1,24.2457301165439,1,24.2428184564153,1,24.3858766671905,1,24.8616964707377,1,24.064402430743,1,23.9518194788696,1,24.4241498177346,1,24.4593164839182
1,36.6443156168327,1,27.8744131479484,1,28.6841968792507,1,26.9183450044771,1,24.0578145097584,1,28.7569470914673,1,29.1272131871911,1,23.6797731482299,1,35.0919348566133,1,24.8130657796101,1,23.5685594091542,1,25.7048917070317,0,24.6759779419953,1,25.6112684412102,1,24.4644418622895,1,24.3298662501831,1,24.5392226554074,1,23.7501976956766,1,31.2521218291471,1,23.7478639963091
1,38.1703301883605,1,34.6195031180923,1,23.8415427284661,1,25.6836615327609,1,36.0955956606639,1,32.0595593868331,1,28.0203867579343,1,30.1187464348636,1,25.2664427378975,1,23.8562475831714,1,23.6008778787526,1,25.4828889128501,1,29.0349166136871,0,25.5097802209535,1,26.1276657899543,0,29.1012238353061,1,24.2149293862024,1,24.7361610351384,1,27.848824377075,1,28.7825969580531
1,35.3973390496422,1,31.3384965540953,1,28.7514153603548,1,24.1381094760054,1,28.6211933506006,1,24.1549742041021,1,25.3139581973422,1,34.7872842111014,1,24.7842875256868,1,23.8388291357902,1,27.8800908183804,0,23.4461544156495,1,24.104685354419,1,23.7827150870077,1,23.9205010081137,1,28.794196066652,1,24.0149871121821,1,23.6419610968314,1,30.2028228341416,1,24.7153464934306
1,35.2815212712282,1,33.8017385305275,1,31.1164630532501,0,28.4106864667806,1,21.4545538613852,0,24.0609314617978,1,25.2844063032013,1,28.802721533108,1,24.4131351436401,1,27.4103235347009,1,25.7985285951796,1,28.9188652834089,1,23.5036639670793,1,30.3216543728549,1,24.4304365911084,1,24.0008542586742,1,30.9437361484071,1,23.9487817286463,1,24.1558068238054,1,24.1769002182877
1,38.6192839619916,1,30.8906288618864,1,31.028310193878,1,31.229771320661,1,30.6984857297575,1,25.3162535301839,1,24.3805196492134,1,30.0134420434972,1,23.3784310688167,1,28.5847097138828,0,23.8030247372213,1,23.4720814287776,1,24.1471692441442,1,23.8176994553185,1,24.0695819608656,1,26.8991062990648,1,25.0691940289611,1,30.7770151647932,1,25.0841897387595,1,24.0839202689851
1,38.3707817321319,1,31.563336097886,1,25.4201966967344,1,29.0717102075642,1,24.174684622794,0,28.0153957000422,1,28.0112406468698,0,24.1700720593489,1,25.4550080351973,1,24.1835060459793,1,31.655062969179,1,24.1494043533675,1,27.9754204157457,1,24.4197016799154,1,29.4922071728055,1,29.1837116173055,1,24.9448576688629,1,24.2726905187282,1,25.4817098645687,1,26.8498555199886
1,40.1616184556972,1,34.0378273010709,1,25.3303971550277,1,28.4039034680652,1,28.5263469078883,1,24.6712078255887,0,25.2279124232428,1,25.4133700855917,1,24.792910217874,1,32.5345864379994,1,23.4013946777106,0,23.526643769801,1,25.0113212399761,0,24.1865470094746,1,25.5903433878013,1,23.8781934920247,1,23.4219423218176,1,23.8623203693718,1,24.402486004254,0,28.9243423481561
1,34.682235670464,1,29.4201331392875,1,23.6164655533603,0,26.8805025851516,1,24.9834055943959,1,24.7629729720498,1,29.3405716818541,0,28.6307341517271,1,31.2344629541394,1,24.2363403889937,1,23.8850245722433,1,23.8509558635112,1,24.7345815216723,0,24.3904192819199,1,24.0588593495522,1,25.2327278017705,1,24.4710604840955,1,23.6990813241779,1,24.1789023816275,1,25.4115089522406
1,41.8271339389145,1,29.0426035185058,1,25.5654548284454,1,29.9931964864255,1,28.4699763042431,1,25.7017149224691,1,33.4647697698719,1,24.2256130588738,1,29.6714065934327,1,25.0297089288577,1,29.3215043965705,1,24.3020575974717,1,25.0202355203101,1,24.1460840119144,1,26.0989542776222,1,23.5166127775741,1,24.0495662291498,1,28.7160104566689,0,23.9859171505755,1,23.8533213022617
1,36.6566253009914,1,33.0028009932004,1,26.0842722200442,1,26.6556171615886,1,31.4047158871544,1,24.0055033480173,1,29.5102209717102,1,28.576946996601,1,23.7003288389889,1,26.26287786266,1,25.1207676548066,1,24.7900847092012,1,23.4952211854668,1,24.3144534864949,1,24.5004796503487,1,24.4156804623732,1,23.5762276963798,1,21.8458373259404,1,23.5006590633876,1,29.6723691719334
1,36.835903732614,1,27.6084074644512,1,27.0428516379731,1,28.4193139042646,1,23.2825593945682,1,23.3022629515268,1,23.524257235777,1,26.5503079817887,1,25.6726360753733,1,24.4966499657641,1,23.7349401558226,1,23.8209061934537,1,23.0307705408968,1,25.5897126106208,1,28.8450786837061,1,24.720546116724,1,23.7103393362319,1,28.9854155337688,1,33.8358649245608,1,23.9870733724674
1,40.1709677108522,1,27.9730662859123,1,29.5890121070731,1,29.264093855044,1,29.283010558939,1,40.3682953940181,1,28.4160940384663,1,31.1498866529388,1,25.1929857839683,1,23.662936792126,1,22.8327121659551,1,23.9408495803671,1,24.3473640815993,1,24.410375257547,1,25.7391912782533,0,25.6245360530311,1,30.5456832874686,1,24.8543968208496,0,23.7268718573613,1,24.2524107615891
1,35.2070001314856,1,32.769747336295,1,31.9410187028004,1,28.7203341541116,1,24.5923544188697,1,28.7314411815592,0,28.2064348193359,1,24.1451356004521,1,30.8905260588097,1,24.1877608142946,1,29.6931255651514,1,23.7917741599352,1,24.9403730785074,0,23.8556145735515,1,23.81341028212,1,23.0677689847148,1,24.6298837168043,1,24.0165673912261,1,29.0235530281903,0,25.5302210551856
1,38.0164919494476,1,30.547499751311,1,24.6108905007157,1,30.0158944430466,1,24.910428809261,1,25.6706504060894,1,24.5943229329001,0,19.3469269450031,1,23.8304076710593,0,29.3966363171146,1,23.4263204065721,1,25.4763304549017,1,23.9807623010074,1,29.0303537360059,1,24.9245253598658,1,23.2351935223695,0,25.7184387197772,1,25.1906968081164,0,36.0837891681978,1,24.3915729525451
1,36.5044707327556,1,32.2165478198929,1,25.1521120176002,1,30.0983904955463,1,26.0645749759539,1,25.4851564374989,1,25.9183450748031,1,34.0991854549516,1,24.2558401936127,1,23.3120110630476,1,24.7577607454802,1,24.9328960920316,1,25.3186933643568,1,24.0290523209403,1,23.7186523885793,1,25.5588994381864,1,24.3752643491451,1,23.8769168843446,1,24.8900829529299,1,24.1550567491771
1,37.9431236244945,1,34.3034851329215,0,29.1014036942347,1,24.0913261313294,0,25.1562325905259,1,24.6689784931813,1,22.3837541350283,1,30.5202192338211,1,23.5230965473387,1,29.4214206702709,1,29.4877213685916,1,24.5727646925706,1,24.1467768252819,1,24.961816839335,1,24.1382535554387,1,29.7535882130455,1,23.868443093188,1,23.8307110385383,1,24.0505657103081,1,19.8393530741645
1,35.0012609506268,1,37.1200593615452,1,30.487244821851,0,24.6798242625276,1,24.4666112134978,1,25.7406225164074,1,29.5331476821639,1,23.7988400496488,1,25.8925585513524,1,34.9222269135574,1,23.9046501247211,1,24.5959977073463,1,25.8428552837507,1,28.9041292564969,1,25.47019851942,1,25.1486735260715,1,24.4512350058298,1,24.137089963413,0,24.5736781525855,1,24.0371264004271
1,38.5720158119964,1,30.1829969554234,0,27.4655462940157,1,23.9894657660186,1,23.9000421505276,1,29.588773561922,1,24.9414527779559,1,29.2201907611289,1,24.8350004264117,1,29.9889722235669,1,24.7977317982781,1,23.6410197870287,1,24.3095375442004,1,24.9136892065624,1,24.2059860963572,0,22.5561488333258,1,23.864872283289,1,24.1460589834989,1,24.1217694909388,1,25.666262957283
1,29.807379494624,1,35.977786940932,1,23.8153442572865,1,28.9145202240221,1,28.8162410302588,1,22.3037351326088,1,24.543990086127,1,28.8870538519443,1,24.9687429290087,1,28.6237493152012,1,25.1037746032907,1,28.184382381457,1,24.1648382434335,1,24.2456965655434,1,29.4706030655801,1,23.8168490018317,1,24.3203930637085,1,24.1153276643278,1,24.3528898227943,1,24.3068744161698
1,36.3772075901704,1,28.1151977546843,1,27.5324596585734,1,25.7195254805537,1,30.3431322745902,1,31.3512598153134,1,30.7028283310729,0,22.1523153870735,1,25.3456642630667,1,24.9362863138672,1,24.2132980946094,0,24.7221571950943,1,24.4964484993386,1,24.7148429290857,1,24.9722571662266,1,29.0343210370056,1,24.2361824056228,1,24.961658139958,1,24.3056418788476,1,23.9491672546788
1,37.6124770055208,1,31.7909462912035,0,24.5801273204115,1,24.1808572422293,1,28.3597641049067,1,28.6118340312111,1,29.1016968297024,1,24.4485732357798,1,30.2987224145758,1,24.8602734911988,1,30.1221909947487,1,24.7594340959741,1,24.9267306917916,1,23.426563026601,1,24.9118358757397,1,35.5219835344581,1,24.1371263128549,1,23.033363681301,1,25.0352337725065,1,24.8670390507063
1,37.4221200392648,1,32.3146435270505,1,24.2139880314329,1,26.2343974338255,1,23.3911928326354,1,35.0645035740381,1,30.8872936311376,0,28.2240739278011,1,24.984913855001,1,23.2746256442111,1,25.4853919975609,1,25.4755973062152,1,23.8534515665348,1,25.3352400278155,1,29.7869063266925,1,30.9093399645903,1,24.2260932784503,1,23.8618877369693,1,24.3021903580246,1,31.3852844830006
1,38.6301181297033,1,29.8806244187564,1,25.4040316587409,1,24.299191665674,1,25.5673473641257,1,24.0469286543447,1,23.5497161877066,1,25.0002540841556,1,33.5206390828231,1,24.7071853509842,0,37.0192808630848,1,24.1360831958702,1,24.1307778842629,1,24.4503026216018,1,23.4992640907783,1,24.3653414032627,1,29.5993535881871,1,23.8449500032837,1,19.7845821228636,1,24.3994830770214
1,47.643447176071,1,26.3675401885576,1,24.9930290307625,1,25.8698950284767,1,29.0325996630617,1,26.0820438955142,0,27.6564092256334,1,26.9223634630322,1,29.5791808795181,1,24.2083105532191,1,28.8276759171955,1,25.4165206077888,1,24.2992962747207,1,24.7483160037581,1,24.1861470285557,1,24.9129741499592,1,24.1118450638437,1,24.8299067136327,1,24.0303498896362,1,25.2361736542004
1,38.129212771486,1,33.8444561400596,1,27.0981744457954,1,24.1672281332969,1,38.0703465494659,1,29.0133432758566,1,24.3492688898791,1,24.9111247603115,1,24.8523279588466,1,24.1374375651724,0,28.7709009884077,1,24.063195592339,1,23.6000299357486,1,24.0717451678325,1,23.7862381572422,1,24.00783498966,1,24.0033003873946,1,23.9336757351814,1,28.9532265252995,1,23.6864204743113
1,44.668106065915,1,33.5348613366816,1,25.2132410241583,1,23.6295446106065,0,24.8131846739421,1,28.4329700873476,1,24.57874722701,1,24.86788159982,0,25.7746546989109,1,23.8524386185748,1,23.7288903043113,1,24.3072859211382,1,25.2973599460866,1,24.3999627957971,1,24.417278676882,1,29.4902429102123,1,24.4882144928691,1,23.8122070557844,1,24.3071840595344,1,24.4620542471187
1,42.2643139223567,1,29.5499835655675,1,39.2393849020535,1,24.7456010927046,1,31.7438504246722,1,28.2043250425423,1,23.3556968056687,1,29.10412870086,1,24.1762203702934,1,22.5686442551872,1,28.9267096793078,1,23.8686853526767,1,23.7943576930334,1,29.8403440331491,1,26.1362148913238,1,22.0521204740041,1,24.1068099003898,1,23.5571334489068,1,23.3058928912822,1,23.6277520802409
1,30.814805480371,1,30.6748319850315,1,32.9136635277139,1,28.1161503372392,1,27.7849099334359,1,27.3651642447858,1,25.3973810962466,1,25.2602764192222,1,25.6193404321428,1,42.2167333958912,1,25.0838074101512,1,24.4892542520204,0,24.8063488392876,0,22.5367351876288,1,28.9918887782531,1,29.9642380066057,1,24.3741919959099,0,24.0390652784723,1,24.0387311798804,1,25.2477102921022
1,39.9816186695595,1,31.0502456771314,1,30.8296755897019,1,26.0792173485705,1,31.650872649437,1,32.5714147872401,1,29.4872325131101,1,31.0038422272705,1,23.561963482493,0,22.8822592186761,1,25.0120467697553,1,25.3889787651461,1,23.9969270034962,1,29.3636497502547,1,23.9620695037113,1,25.0049298995652,1,24.3470952847051,1,24.7253450112705,1,29.3962950581416,1,30.6322724929656
1,38.454645674846,1,31.1052341363448,1,26.128103245537,1,29.6169567141222,1,29.319827870425,1,25.554921809366,1,26.8968800267576,1,29.3739202176019,1,24.0747389820359,1,24.0244608721765,0,26.1992804625702,1,23.8529166324405,1,25.6388317368778,1,24.735644780559,1,29.6387812863317,1,24.9055052315983,1,24.2899437933266,1,24.3158709811744,1,30.418509014258,1,23.560507645744
1,42.5261777600677,1,30.9478859620425,1,25.31920694824,1,27.0119282397002,1,23.4959655853693,1,24.2038628626409,1,23.9719359924358,1,25.2759647638352,1,26.1352758662747,1,26.8489944891475,1,25.0431174081398,1,24.1634323293219,1,24.2232409296452,1,24.4950009424806,1,27.6295383375147,0,24.5272278552514,1,26.10910732342,1,26.4489710160492,1,24.6599095724034,1,31.3202409007934
1,36.6268854542479,1,27.9174440819121,1,33.5934187895918,1,29.1925761238862,1,28.8578219675369,1,25.1894642009576,1,24.9348905777506,1,30.5762581392557,1,25.6584111701825,1,24.6376902712941,1,29.9652554385828,1,26.8504350207343,0,23.3573924589654,1,23.8372698059764,0,24.7111727623095,0,23.2694122717803,1,23.1981167661932,1,25.3770540790132,0,29.3885197652676,0,24.4890607002911
1,38.9892963681346,1,33.3615871585999,1,30.9763341678432,1,24.5789620337414,1,28.5244647431051,1,24.2351969438502,1,29.6746217914535,1,29.8579363938653,1,23.9961297277993,1,29.0049898481066,1,28.6569818572582,1,27.3427304631402,1,28.3226476054872,0,24.1981187965885,1,24.7928213611681,1,23.3800794322442,0,23.8371372924815,1,24.6807417613473,0,24.5784228176562,1,24.8220252763525
1,35.9975162115185,1,34.434676839376,1,25.2112051678535,1,23.3804072757825,1,30.1027851906367,1,26.2004347898737,1,23.8081166350873,1,28.937102360048,1,23.1218280835298,1,29.9237168153173,1,30.6714981851309,1,24.4421192558659,1,23.7857357298481,1,21.5683409278368,1,24.4328767610364,1,26.0865811524521,1,24.0812422664922,1,24.4792555169272,1,24.6757824236582,1,25.5609191777411
1,35.3646979744059,1,28.0875418259261,1,28.3891988217738,1,29.6452243041188,1,29.0077351114506,1,24.9997242691075,0,21.9877072813934,1,29.0123213930874,1,33.4333986862604,1,28.9425301137959,1,25.2228635393395,1,25.0399796474129,1,29.611714542435,1,24.4566958149548,1,23.9842303469991,1,24.3415493713726,1,29.037230058458,1,24.0642390981056,1,24.2185327648721,1,23.9051968152489
1,40.4022427736917,1,28.0595980898604,1,27.5582514819701,1,27.0612929956047,1,28.3009411797558,1,25.4590487113719,1,25.7448612746801,1,28.9942332513594,1,29.5726717571319,1,30.7131857609103,1,24.2036310065198,0,28.2577217644329,1,24.2031989196233,1,24.8211951954044,1,24.1498897015877,1,23.2315292839579,1,27.4530100718292,1,23.2379384244004,1,25.0048376774328,0,24.4098213131976
1,35.3368867997416,1,27.869757843307,0,24.3054818951711,0,24.5472863750418,1,26.9645433903999,0,23.6541462744471,1,24.7099406759076,1,25.1312434361492,1,24.1545053107996,1,25.9876870537249,1,28.1803012735203,1,24.2349849849603,1,24.6902916279043,1,29.2152961572776,1,29.0293988530772,1,23.9447204712619,1,23.9363702707897,1,24.2259462518738,1,24.6029080832542,1,24.5388931449088
1,43.6803989674703,1,32.6593945471737,1,33.6698578149513,1,25.1926765264539,1,27.9331535053234,1,31.5523667735162,1,24.1092055636926,1,23.5179370778606,1,25.0180282604802,1,29.7844085792287,1,29.8950741640933,1,29.2588896310268,1,24.3074354614179,1,24.6026725623003,1,23.8158116902654,1,25.300177390818,1,26.0125862743352,1,30.3053422118549,1,24.1457461618905,1,25.0193737516666
1,41.3378610728378,1,30.9051837748448,1,28.2906775960925,1,27.6093518781116,1,30.0903182887335,1,25.5539328478463,1,24.7362457265745,0,25.5442768570379,1,24.1468987488443,1,23.9825964513223,1,28.7344547818046,0,23.819185489365,1,25.1586040718706,1,24.2733940512055,1,31.1214048178783,1,34.3835509646509,1,24.9692842525387,1,24.9612562136582,0,24.8851770451211,1,24.1935293120348
1,32.7818266356395,1,33.0976526984683,1,26.6248812913919,1,32.2488753538558,1,25.6768797977443,1,28.455832858496,1,24.848802558935,1,25.0881131491911,1,24.2536937353294,1,26.6429779620769,1,24.6476964156532,1,22.6246231979625,1,25.3674197789644,1,24.5782276204797,1,24.2125177999085,1,29.2914072372791,1,24.2671964973726,1,23.75963601441,1,25.0619978920825,1,29.3739938053185
1,39.352939895348,1,31.2402548199401,1,25.0539017353821,1,24.2008054312202,1,28.3014959115735,1,27.2901737779067,1,23.6258523985172,1,23.2646682827975,1,29.7742165382592,1,24.1358191718943,1,27.7964464949409,1,24.0489308768906,1,33.8051206924612,1,26.2439837472121,1,23.4886413312997,1,24.8599518390176,1,24.0556533550549,1,23.7473886632098,1,24.6838755641435,1,30.3403883347756
1,34.8041239609722,1,31.3630085760623,1,30.5763687835117,1,28.13981005906,1,30.7295333888552,1,26.0250730947518,1,22.2163462896243,1,28.6458494530703,1,25.0821322755998,1,23.2199025890147,1,24.4581766458521,1,24.7820311842144,1,24.6026915690728,0,23.1899784689925,1,24.151600656185,1,24.3979377140313,1,31.0822064943344,1,25.5929588926818,1,21.1523783203036,1,25.7216067001173
1,38.0844431610521,1,29.1753320548818,1,32.9101331988637,1,25.3803082816038,1,28.2998342253514,1,29.5677662495735,1,24.0758555862747,1,24.3991690999464,0,23.4862556117861,1,24.223780204089,1,24.9198880419031,1,24.2908569706355,1,24.0571402047572,1,25.1171405632935,1,29.3301329386279,1,21.0236152439696,1,24.1360578726667,1,25.659236221986,1,29.4845637820686,1,24.7720930939074
1,39.3534913811029,1,39.8294518656845,1,25.8636794146161,1,23.5180873347075,1,28.684471241969,1,24.1461350810853,1,28.2224189120692,1,24.042976559004,1,24.4941109645163,1,24.6448450594394,1,25.6855268764526,1,25.2822625365456,1,24.4913856153044,1,24.2958523888113,1,24.2234539556847,1,25.2843957704719,0,25.0102662922839,1,23.9168770558737,1,23.4632891233161,1,24.2833810614922
1,42.3489875142393,1,26.1870161686261,1,34.4478465462664,1,23.4496913270605,1,30.0408990913596,1,28.4044543735359,1,26.0158644308667,1,28.1205771262723,0,23.596625405512,1,23.4178659285687,1,23.3333691525858,1,24.5055019208051,1,23.3078107456828,1,23.8388428503176,1,24.8693371651799,1,24.9785687668633,1,28.5152575283738,1,24.7787451535971,1,23.823995927044,1,24.1782397771621
1,42.693218626506,1,30.9157690742128,1,27.6155600708588,1,32.9181132200532,1,25.4374725617731,1,24.8457274597706,1,24.8328762686578,1,27.3577288145793,1,24.8947259829723,1,28.7647604497988,1,25.5638044837192,1,24.6654730977468,1,29.7661066849183,1,25.1744745463318,1,24.2736986951553,1,24.5393793970651,1,24.2691820727632,1,23.9902132886454,1,25.5048547641785,1,29.7035833349335
1,42.4018645670962,1,27.911016407182,1,24.9910443427103,1,30.7140817405702,1,51.9477509884986,1,24.9942718262298,1,28.1868188735715,1,24.2460731454592,1,24.5053654803945,1,26.315578748353,1,30.7884585357492,1,22.6865890846138,1,24.5028107224289,1,24.0981963455833,1,30.3403624566767,1,23.9519382043491,1,30.6266890203044,1,24.3115378704882,1,25.1269073797832,0,24.4824787778476
1,41.5313414815036,1,29.0027981866694,1,24.3352151631212,1,23.922626406604,1,26.2531718648938,1,30.0744933148861,1,27.1985627326293,1,24.1653969758497,1,23.8618520472543,1,23.6590222011193,0,23.0322383361689,1,30.3848003028209,1,25.7642125462181,1,24.5141177314066,1,24.4052057547321,1,25.1432107177936,1,23.9674200757464,1,25.5001539257454,1,23.9852351239319,1,24.6564918989831
1,34.633617351482,1,27.7024396738439,1,35.288203119539,1,29.460328287674,1,24.6186598550341,1,23.8303226030846,1,25.8855595914415,1,28.626502138735,1,23.5182265461225,1,29.5003230585446,1,25.3623768755876,1,23.8888174365076,0,25.2196790956037,1,24.9605721694941,1,24.8910733929214,1,25.2917763951238,1,22.9858039429568,1,24.4489103301957,1,24.4677245312114,1,28.6583879693222
1,36.77169187473,1,32.4324127149491,1,27.0396226398348,1,24.0113560334106,1,24.696239797557,1,24.5244619433038,1,23.2252349443047,1,28.2793148918624,1,25.9254705716344,1,24.1127249461359,1,24.3897593582272,1,36.0975562722354,1,23.6345491599961,1,25.4329795361067,1,24.4106559405712,1,23.9605776026006,1,24.0496836672619,1,24.5314498525956,1,23.7140517206761,1,24.5285389150784
1,34.8800606825572,1,26.3354429545309,1,30.1642189321497,1,23.5434806851987,1,24.2654315078933,1,24.4816111680531,1,24.4065071835739,1,28.1203988597221,1,24.4859708291397,1,26.1223829534844,1,23.5844156199241,1,23.6165378743248,1,23.7183558821301,1,23.608562705727,0,27.5518937648241,1,24.6651563508394,1,28.6039933855017,1,29.9072718910761,1,27.5799945336631,1,23.575979482037
1,31.7225108607601,1,34.9712466259839,1,24.1743114697372,1,28.9030930514626,1,24.003673336953,1,30.5666096890331,0,23.1422132401798,1,29.623082206242,1,24.2887328177874,1,28.6983457669517,1,25.4329656514504,1,25.3095055792247,1,23.4204560229021,1,23.5826171371972,1,26.2771781929468,0,29.599949593911,1,30.4275829539583,1,24.401188348546,1,23.705213463597,1,23.2765426184903
1,36.3632626911279,1,32.3077750956625,1,25.4031278644178,1,31.2795190781164,1,26.2069495559834,1,23.2342652165345,1,22.7378877663103,1,23.6615557518419,0,24.2366297356004,1,25.92822713308,1,24.0470372473496,0,18.2875492047503,1,24.2912167616729,1,24.1947923400302,1,26.2681106025381,1,31.0058001576821,1,24.3366485745407,1,24.3683731926782,1,23.5985411619129,1,24.4731575502855
1,33.861067233564,1,33.704114008473,1,25.4800828001003,1,25.4899686664437,1,25.9433718942216,1,36.1506581971713,1,24.4128166660015,1,22.6487517683921,1,29.1097647315436,1,24.4090456707341,1,28.8038319795632,1,28.3536789974724,1,24.2340130345731,1,28.7511549857926,1,23.5814461482241,1,23.894716638808,1,29.4603152335267,1,25.288276475721,1,20.6401629714464,1,23.7557134695003
1,38.975835312417,1,38.7260170360098,1,28.3869515496408,1,22.9531950213022,1,24.2132432901254,1,33.3478686331367,1,21.0073865285409,1,24.5628741500992,1,29.9023245242885,1,24.327265347971,1,25.0317054259852,1,26.6725352735425,1,27.7622146987175,1,23.7968487309484,1,23.9528243035867,1,23.8128563699797,1,23.462606636582,1,25.1036607396336,1,23.9761446889714,1,24.5234271955739
1,38.5475786996429,1,31.341443816006,1,32.3684514362419,1,34.2568341161549,1,26.1987973933395,1,30.5419361811653,1,24.4064025650796,1,27.9107613945634,1,29.774857716614,1,29.5376158395905,1,23.5354804631278,1,24.6466933704073,1,24.3152446237308,1,24.6674701856753,1,24.3564640591487,1,24.4196973843544,1,25.6151178580083,1,29.2346681533079,1,29.1561799269942,0,24.4488871101716
1,43.531546633586,1,26.6928530853978,1,36.7077204812444,1,30.2201453746592,1,28.8047180749396,1,26.1673313262099,1,30.4721718648411,1,29.1085001178366,1,29.0477912619906,1,24.196101991455,1,23.9000211906538,1,23.4556206577403,1,24.3338695576522,1,23.867625517486,1,23.5342866499026,0,24.2615963741401,1,24.3011040726711,1,29.6414554894337,1,30.6490760048005,1,23.682124196141
1,42.1189486740819,1,27.760668247881,1,25.2822409464015,1,24.8338094231662,1,32.6590181286593,1,24.8371640505834,1,24.3626393000809,1,24.1903696920367,1,29.2784974693994,1,24.6388878222746,1,24.420246718507,1,23.7321638200703,0,24.5981511759558,1,22.7976521583641,1,23.5771171188942,1,23.8918337171376,1,23.8097994477817,1,25.351790542892,1,23.6757171526944,1,25.0054516906935
1,35.8091607307703,1,35.008808315031,1,29.0684263022039,1,24.3106781514303,1,28.1815616154842,1,29.7783980306476,1,30.8557803764479,1,46.9060462634792,1,30.4504419131523,1,24.1027945491284,1,25.7337947156901,1,28.4801771949431,1,23.3409568005371,1,23.8430918294546,1,25.3051895383472,1,24.469518226003,0,23.6077591415712,1,24.2759311514018,1,25.7759206204901,1,26.3740427590902
1,37.3134244359669,1,31.5896620265965,1,25.6437841721951,1,25.0145400215891,1,29.5581640698518,1,24.3852164620083,1,24.3213607098079,1,23.1663593198661,1,24.0060801987535,1,29.7238079103356,0,29.0981195570383,0,21.3074443794826,1,29.6253209414536,1,24.1497920724833,1,29.9809385145418,0,23.8894838507303,1,23.8441525774615,0,28.5553384116018,1,22.2838856749426,1,25.3877900910034
1,35.6586349617679,1,31.9320738163896,1,34.6849174929326,1,36.9529759999434,1,32.0873556800921,1,28.364609556237,1,23.8740435598086,0,20.9886262792618,0,23.9555972774772,1,21.7594635800057,1,24.3922803668331,1,24.2596306826201,0,22.9285515949113,1,24.212094673773,0,24.2636029785604,1,24.1045821755014,1,29.8029602280219,1,25.1142664336297,1,28.4582320840696,1,23.9075533404241
1,42.4716047307561,1,30.8045536499644,1,37.8194572609221,1,24.0627877827975,1,25.4211533188062,1,28.970399734053,1,28.6325302922364,0,26.8473809003279,1,23.7280401944328,1,28.7072618858077,1,24.9324207300746,1,27.6870108999838,1,24.8467618130865,1,35.1882421688765,1,29.2186145225875,1,24.084356794094,1,29.0346808774526,1,23.4486414319941,1,24.5215337911142,1,24.0309783875238
1,31.4557083324602,1,35.3845829794837,1,44.8216789049627,1,25.3537553424613,0,29.7428254415026,1,24.7253451042808,1,29.3911832976499,0,24.6288600385627,0,28.9188615771421,1,24.7557299765814,1,28.6731691888072,1,24.5014454053907,1,29.1286125388042,1,23.714678970262,1,24.1087977551993,1,23.4837304493044,1,23.9580662719986,0,24.4101163510509,1,23.4404044141977,0,25.0795788306114
1,39.2742962362809,1,35.6364384757951,1,26.0361821937997,1,29.5783650933562,1,24.1663814256943,1,24.5478493941724,1,28.1697374610846,0,24.7992686437916,1,23.6676198167579,1,24.3299417695692,1,23.7688518993171,1,24.2237006914136,1,24.0701807424534,1,35.4738095538018,1,23.8487089080464,1,21.4083181686738,1,24.0177105145013,0,23.5167143418837,1,28.7754402930044,0,23.6046268992827
1,39.3449377907298,1,31.7166525743141,1,25.9787518415951,1,46.7039336814416,1,23.8797177791135,1,23.2154306851276,1,24.7257875661268,1,24.5359021551209,0,24.4623147377966,1,24.2551409093399,1,23.5582611291466,1,24.1209298607662,1,23.7496107871968,1,34.1860397950893,1,24.2501043772198,1,23.5948494419238,1,23.6598770995167,1,24.2536432566237,1,24.8326794289621,1,24.0611304508991
1,40.7037241719936,1,29.0725331413449,1,23.1096214187398,1,27.7744914033582,1,24.3166467466385,1,25.3759281809241,1,23.6807881072887,0,23.3259246144681,1,29.3933554242531,1,24.4197727075025,0,24.2403734528889,1,29.9315286445029,1,23.5876895169908,1,24.3816016851428,1,24.6861183204543,1,23.7021740245184,1,24.6119330199306,1,23.8993714150308,1,24.0297696135389,1,22.987874887094
1,39.8413844162358,1,34.9259380818234,1,29.0592987425575,1,27.3630376201159,1,24.8200711539619,1,24.0664075901261,1,25.0583217228112,1,24.5810266303071,1,25.5776155945132,1,25.5398397546139,1,25.0202834051052,1,23.2053550738383,1,23.8921015866988,1,26.9720311963896,1,30.1147285118986,1,24.6201155176922,1,24.4527467031986,0,24.4947528387362,1,24.3649337029293,0,25.1488772687934
1,31.7098408897826,1,32.8622251718725,1,29.8714848430907,1,25.4968458664508,1,28.95342707305,1,29.2908787234189,0,24.3959995921007,1,29.5090229054748,1,24.5338675111995,0,28.7925856249074,1,35.966830485777,1,23.9192530022149,1,24.3390469592591,1,36.0042884302623,1,24.0530849662708,1,22.9751063841842,1,25.1583546696622,1,24.1540530505053,1,23.9319403210503,1,24.6244103328752
1,40.6626694458516,1,28.182158798189,1,25.1120412560062,1,25.2421203571676,1,25.8564142851581,1,24.1449629866799,1,23.9523707726441,1,27.7035950668909,1,24.7527868261206,1,25.398834635442,1,28.6474743608493,1,24.1155555273297,1,29.8772323324032,1,24.3020046460766,1,25.8469280427808,1,29.4408126909635,1,22.9011267801703,1,28.5921615635739,1,25.1359663128856,1,23.9110915605139
1,40.219710227318,1,32.5455962550544,1,30.4008912126724,1,24.8615108420401,1,24.3781382972663,1,24.7352650364018,1,23.5406738315561,1,25.0074524001206,1,24.1045991639321,1,23.8012125153625,1,24.1916407184786,1,33.499922116298,1,21.9488443697914,1,24.3237692829777,1,23.7810342474534,1,24.5612377709451,1,24.6929229702479,1,24.2201032792623,1,22.2847485033318,1,23.8403649765696
1,42.7123584283548,1,29.9189732904549,1,28.8414210025525,1,25.8408609041156,1,28.3603151519613,1,23.9649548268278,1,24.8022518720542,1,24.3344786945957,1,28.8496545716117,0,24.4686734958239,1,24.3581727480984,1,25.666344706068,1,29.0767848457571,1,30.2662734949285,1,24.5016970563791,0,24.0390505463905,1,25.3655334942485,1,25.1285971928875,1,29.4094257073695,1,23.9748399253282
1,38.7231933526185,1,28.7801575625409,1,25.0136800454952,1,27.4748227129006,1,24.2618213209531,1,27.6712556295525,0,30.0131338489176,1,24.4206664003759,1,23.8255622345809,1,25.445698101921,1,23.6690911238774,1,26.5385177016145,1,24.5069322320518,1,24.1747467702678,1,24.0720387474725,1,26.0281892770083,1,39.3305102484165,1,24.6631907850304,1,23.2015749760893,1,24.5764615816488
1,32.36723730738,1,29.0622295172247,1,24.1571421354828,1,21.3493104853792,1,25.31516120257,1,23.6480772072294,1,23.7888557576446,1,29.7006762641459,1,36.8131877576702,1,24.3096080869933,0,26.2507971933299,1,23.7293764198032,0,24.2211821050108,1,24.108599384765,0,24.0690896120724,1,31.3761761197842,1,24.6934302274662,1,29.0052596314292,1,25.7736852027364,1,24.3763850407214
1,42.7188014423984,1,32.6369647304287,1,26.3462119274529,0,25.0300732661564,1,24.2015577552306,1,24.4043848532888,0,24.8566526930529,1,24.2652722605231,1,26.0205331982266,1,24.4017578185746,1,25.4718370526826,1,23.8266623023639,1,36.1714243663359,1,24.2649830593813,1,24.6850905198367,1,23.7735003578218,1,24.2530051424476,1,24.7173911275045,1,23.8546957411932,1,22.5410808208518
1,38.6059174785043,1,26.2045002627074,1,23.6660518433757,1,24.1913413661518,1,24.2226089452784,0,32.0177077652351,1,35.2252067503804,1,29.4107519172224,1,24.9241721905131,1,31.1571710055659,1,28.7610040908667,1,23.9738503368093,1,20.3574023545259,1,24.2140270795755,1,25.8436924638257,1,24.6090210552644,1,23.96920626782,1,36.5530936784192,1,26.2273886346204,1,23.561786910615
1,35.0837813531401,1,32.0214939924884,1,24.460630997059,0,26.0679530875375,1,24.4316802255019,1,36.3046787653242,1,24.6991975992599,1,31.1859272819941,1,30.3666848480497,1,28.9986388759665,0,28.8693701632812,1,23.637552118517,1,30.7675940894024,0,22.7968798360023,1,23.9467030983835,1,30.6560205673918,1,24.2702399161945,1,24.4563915076506,1,22.1141783309477,0,29.4523614407658
1,36.4127653157148,1,31.1983148610584,1,25.9385766235455,1,34.3956667013177,0,28.3241329358044,1,24.9830202138454,1,25.1024302347772,1,24.1999916065953,1,28.5421040718304,0,25.9476504836783,1,24.0108095059436,1,24.6453036571659,1,28.4496475299887,1,25.7506018790932,1,25.4742697205323,1,22.3686298567244,1,23.9631981198426,1,24.155389534266,1,23.7434453778344,1,24.0278206851619
1,39.6247139688651,1,28.9610915229618,1,33.8779372438191,1,31.9467114332671,1,24.4865224962289,1,28.4075357145858,1,29.4653470559422,1,24.4951927763224,1,26.2379804040749,1,24.2270428072926,1,29.6361363298111,1,29.7120406421423,1,24.0030415885272,1,26.7718199098354,1,23.93212290388,1,24.9259612170011,1,24.0347172017329,1,23.8281496621983,1,23.6891505575969,1,24.6778746335253
1,39.5573809763526,1,31.1708964200877,1,27.909947490153,1,28.3105216637976,1,26.6340077366203,1,28.7242466483198,1,23.6383873872455,1,24.6286089856846,1,23.9320857285138,1,24.4912062781844,1,23.9472168010279,0,24.7330245706999,0,24.4556137000333,1,23.6041857066655,0,24.0552753660289,1,24.654336846591,1,23.8877555155251,0,23.1011794988646,0,23.928948977381,1,28.3943405977184
1,45.3446113512056,1,31.8893552382379,1,29.8634205811264,1,28.0188486514308,1,27.3779429591231,1,27.8998091722343,1,29.1293564109194,1,26.3521307916352,1,23.5705443193042,0,24.6910729684898,1,22.4230490016884,0,22.1754417403305,1,29.1039449233453,1,30.093475450146,1,24.2036608018955,1,23.2100000488337,1,24.5943430378977,1,30.0237566384976,1,22.2581747928346,1,24.1869985658194
1,32.5527399074906,1,27.9105293799048,1,24.6045637547938,1,25.4888267113552,1,30.6921044306655,1,24.6957667145334,1,29.4558721969221,1,25.7069609968292,1,22.2540060945158,1,23.9864005488053,1,23.9646481740977,1,23.9482001190882,1,24.2422418667298,1,25.4977120549715,1,24.4968835682352,1,25.2672042637753,1,24.8099327017799,0,24.3815497336725,1,24.5031528193539,1,24.7958498125346
1,37.0796821005017,1,27.8679864182774,1,31.9097681947722,1,30.4448360029735,0,25.0625839774627,1,24.0692251771725,1,29.4697904426785,1,36.221625186025,1,23.8024010022458,1,25.8376132775577,1,25.9699718404592,1,40.9155253424736,1,24.6209032980305,1,23.5906082777469,1,34.2306871952874,1,25.5384011136486,1,24.4454500400689,1,24.5324886435593,1,32.0082355296108,1,29.2596230340912
1,34.7860956736303,1,33.1561607497897,1,24.090259572908,1,29.5289409427327,1,34.4118973605059,1,29.5120710219691,0,24.3089347508124,0,28.9803270622619,1,24.6123329509607,1,28.2854223525204,1,24.4103760810846,1,23.8970061914164,1,23.9955110028274,1,24.092541424175,1,23.9445267184702,1,24.7097880190281,1,24.8208938422484,1,30.0051296524589,1,24.2146817138305,1,23.1204677886246
1,34.2441732718269,1,33.655243344428,1,27.7870810001661,1,26.4329107673783,1,31.8726602845031,1,22.2349533909186,1,24.9131055618066,1,28.8113951087003,1,28.7427111980194,1,23.7637001893979,1,25.8876551296482,1,24.3326193149799,1,23.9681317972132,1,24.1297463020777,1,26.5056976186481,1,24.5538286517887,1,24.4277347742351,1,24.2342596600101,1,24.7001888669026,1,29.0000623144773
1,40.7078843529579,1,39.1800390073266,1,25.4480440859743,1,29.2921515886299,1,25.0919714334918,1,29.1804679169305,1,28.4743794588539,0,24.0176904316511,1,24.3276305424619,1,30.9493763276733,1,23.544825749148,0,24.2021142674315,1,28.2560789897682,1,24.5865500066204,1,22.3049292805829,1,23.9337773054414,1,25.0508360288884,1,23.9550292390123,1,24.292749234542,1,24.8892805101886
1,33.4611926096067,1,34.6352521750051,0,22.6958209579802,1,30.230400305026,1,25.7210101380387,1,25.4710081755506,1,28.9092224920111,1,25.4292548983068,1,24.3857636014887,0,23.8633677645952,1,24.3864286471167,0,25.1976407918482,1,28.8627095516637,1,23.7727652577676,1,23.2369219079591,1,25.623543547805,1,24.4238337449023,1,24.3091688480654,0,23.7559776310999,0,22.4926745689544
1,45.1123780001425,1,31.4652651233712,1,34.5912490640039,1,28.7085010370491,1,25.2689042293064,1,30.4596907984285,1,28.3577200045898,1,23.970420400765,1,23.55152300319,1,23.9762271212089,1,25.3579392577267,1,24.5189024181571,1,23.7014090361857,1,29.5743459897135,1,29.1661205317445,1,24.9613500310824,1,24.6026716773775,1,24.8613440266474,1,24.066504199603,1,24.806018410234
1,37.0775420203458,1,27.9261602470413,1,26.6809431286412,1,26.6869868883162,1,24.7502873149027,1,32.7838217803847,1,29.9273724943291,1,35.560263470104,1,25.5617622223375,1,24.7413039012492,1,28.8400445978675,1,24.9297066178187,1,34.9075708424303,1,24.2987363670728,1,24.5021642395287,1,30.2469600543647,1,29.7486786087394,1,24.6846256528341,0,24.0843769041056,1,23.6482100884003
1,37.6102736306147,1,34.2697401779763,1,31.4366156068295,1,24.4456494864122,1,38.3950373768759,1,24.8573036874082,1,27.8133509768889,0,26.0820914672559,1,25.1816160361448,0,28.9502903255327,1,23.5481315358603,1,24.262853574112,1,24.0875250616213,1,24.7965647629997,1,25.2012186084603,0,24.0914661273339,1,24.3853027469306,1,24.7544658245619,0,20.9680637762902,1,28.7985672648203
1,41.9885563352804,1,32.348731114804,1,28.4593722770604,1,25.0898853094928,1,28.4095446603268,1,27.093173396395,1,24.5907684879495,1,23.9193642716341,1,23.9347877183358,1,28.6367523464727,1,24.5750689775633,1,30.1712909132372,1,25.0205837049929,1,25.1849835585573,1,29.4392796967862,1,24.1257073919413,1,24.2937568308876,1,24.4814704361926,1,24.1599902915873,1,23.4852459811795
0,35.2951755909484,1,29.3571279749041,1,30.819184248717,1,24.9174746399526,1,25.5286321303155,0,24.8906196538845,1,24.1312203905481,1,24.8591584519918,1,24.8047741542348,0,24.2046831064146,1,24.3721236869405,1,24.2183697888878,1,28.6604366869263,1,24.521306121729,1,23.897845213928,0,24.3835746695043,1,23.8612847020774,1,24.8900116288939,1,23.9713451588315,1,30.3145695865796
1,35.1935237130067,1,37.8184859895496,1,29.4040365146704,1,24.4599516972698,1,28.3993492516109,1,23.9290139211917,1,26.7525360747018,1,24.13702972492,1,23.6783709061942,1,25.0541434496079,1,24.8083028769545,1,35.5543982882445,0,28.1992688872678,1,24.152729479094,1,24.2839114826974,1,24.8207097211004,1,23.5772535754667,1,25.7073883033523,1,23.9728289185107,1,24.4453656960862
1,34.0209286950343,1,30.7353483705363,1,32.9619194739443,1,25.7105480722068,1,24.5402579182366,1,29.0088653285154,1,28.7198952610217,1,25.1859352288787,1,24.127163913689,1,24.0869681436567,1,28.7555677396611,0,23.5277100736747,1,38.1253183222045,1,23.9561778603283,1,24.2734510792327,1,24.7737808987797,1,24.1464385015355,1,24.5667828746701,1,29.2487515768426,0,25.9087543908137
1,29.944040575912,1,31.0829231697365,1,24.9718202843004,1,24.5043548674071,0,24.6232823679542,1,25.7574768520474,1,22.9747751404281,1,24.30944345814,1,24.1828273296318,1,26.4841310576888,0,24.6645960254488,1,26.7984888665325,1,25.0763957753036,1,29.1724511623975,1,23.176827848738,1,23.555143771033,1,23.8191874735481,1,23.7324341904984,1,23.9069933951439,1,25.6961027442896
1,37.8552327800351,1,32.6736623552038,1,38.0319286532885,1,33.2696545921974,1,30.3967631567404,0,24.0288856633512,1,26.1705555301382,1,31.8749814450371,1,29.7187758064117,1,24.5886695103143,1,28.2946221327941,1,28.5713310701405,1,29.2625246902455,1,29.7628327371305,1,29.410180462651,1,25.5283641220341,1,24.7109500017579,1,23.6488847801873,1,24.9487777641365,1,25.1501296668843
1,33.5964549463725,1,46.5499844965297,1,36.6035479144563,1,31.2177243214594,0,25.1612786834888,1,21.2950445412429,0,28.0336221061982,1,23.7748802875152,1,24.1103397147456,1,26.012438460696,1,25.4554592458957,1,24.8282672361698,1,25.2556031843368,1,28.7890801926487,1,29.4328274043755,1,23.6987214926222,1,24.0625509669465,1,24.153200836347,1,24.2506378310906,1,24.0545013683747
1,40.1439507681619,1,26.9778568052477,1,28.9097483424155,1,29.6192642812134,1,25.8142475629402,1,23.7018269074141,0,27.9071648368744,1,27.1627127348016,0,28.3738827470268,1,23.8579268157635,1,31.305581887742,1,26.9067558295163,0,24.234108242226,1,24.3320132737721,1,24.451379772307,1,23.6216711874281,1,25.4072266195346,1,25.7233887815701,0,24.2293678823008,1,24.9466754017119
1,38.9532580225903,1,29.8455210850647,1,27.8059690990829,0,27.7919033501537,1,22.7577573099123,1,32.6811753889879,1,27.741789581842,1,24.3546167136223,1,23.7279842255735,1,25.3949581660683,1,29.3832704127473,1,27.0443201472391,1,24.9930106624104,1,24.6348453987198,1,29.8603487439748,1,24.7786735513996,1,24.1405347077103,1,29.9179986294967,1,24.0011949778212,1,21.4522344215766
1,37.7519289436088,1,29.1891122203849,1,29.4954542088927,1,29.7710285180204,1,26.806601424221,0,25.0589131327584,1,25.7483397977062,1,24.9013469768873,1,29.6309715740655,1,29.6923332982376,1,24.742553892109,1,24.8592187408036,1,26.9339280388553,1,23.2848175787602,1,24.073424873926,1,36.0550555369443,1,22.5104523088452,1,23.5915285353537,1,23.6965917715963,1,23.4609794621153
1,30.6673892299262,1,30.0807522446564,1,27.0819860682932,1,28.8533684782476,1,31.131045739549,1,30.5268687484645,1,24.1809272139134,0,23.7683949280107,1,25.9421224641102,1,24.8607695499323,1,33.8807036116795,1,30.2752834418571,1,24.5390180850357,1,24.5262837032469,1,24.3044468486501,1,28.3470953184671,0,24.6735929142575,1,25.208155477439,1,24.9252647983163,1,25.969662785998
1,38.4693951520559,1,30.3526746896101,1,27.1939153867109,1,27.2563972607479,1,30.635499490203,1,25.1028170839725,1,24.1145924030387,1,46.6396419107218,1,29.413536927754,1,23.9253090099319,1,28.8046844077428,1,25.1102606271875,1,24.0268635677118,1,23.7458960124721,1,24.764607059292,1,25.3156815556591,1,29.5844280157999,1,23.7578984157355,0,23.2878049316146,1,24.4286489627589
1,40.0309292569243,1,28.6957513360877,1,26.8461437880209,1,23.9203778949401,1,22.5341166154415,0,25.0070321177073,0,24.7249148457379,1,27.5578535350606,1,28.0795687419901,1,28.3575297892409,1,23.7806115966733,1,23.9673710251337,1,24.4418757173065,1,24.6279404227596,1,30.0568838017075,0,29.9583241885511,1,24.624382569396,1,24.2579776546475,1,24.4285994831403,1,25.5521650163116
1,30.4224336147862,1,30.6502329430476,1,26.8824673089541,1,24.5197728039329,1,25.32766929358,1,24.2454292358387,1,48.0328207509466,1,29.0754032713436,1,29.6813491425759,1,24.3275289808921,1,24.9766410066556,1,23.8974751745774,1,25.8542524207483,1,23.0920541047738,1,23.6811807572036,1,29.7808234199538,1,23.9754875754783,1,24.272701168108,1,23.7441900096539,1,30.0612575189714
1,33.5594732303916,1,27.5161270882106,1,26.4069168859974,1,28.1973223036274,1,23.765371430122,1,28.4582236779487,0,25.132667457738,1,24.8541995150363,1,34.4471661607074,0,24.8869925400129,1,23.9769277605314,1,24.587259098245,1,21.923558941353,1,30.7597233761915,1,24.1715160892238,1,24.9939697751613,1,24.0245315800949,1,29.1027555095873,1,29.2680814672081,1,24.098733790758
1,39.9930296060523,1,30.5893064198141,1,28.3371153068415,1,24.6739628176352,1,28.3435693242012,1,25.3553340998929,1,25.0002505964774,1,24.5635530526263,1,24.7943285577428,1,23.9879335635928,1,24.3042193625207,1,28.5052892947516,1,23.8099771234063,1,24.6606182885819,1,23.8823494934668,1,25.1916965750541,1,24.1753103598896,1,24.9266693448079,1,25.1835077431169,1,24.4691739113888
1,37.2255173146666,1,28.0108351850221,1,22.5406754392462,1,23.8280444997179,1,23.5867843004283,1,39.5060852702432,1,27.2751405076371,1,27.9245345553394,1,24.7096487067151,1,23.9178193265466,1,28.2897703914701,1,25.8189379277586,1,23.7995023526028,1,24.4489453565071,1,24.0313914102698,1,24.8385770828051,1,23.9726748275441,1,23.4316366399337,1,23.3579286684802,1,24.3744512534051
1,37.9379733744781,1,29.9612551392839,1,35.0180305634803,0,25.0565269099193,1,23.9547814941479,1,33.0004584684943,1,32.3372709659197,1,24.5220686249055,1,24.0463099568387,1,24.5774870666119,1,28.526819623144,1,25.1676470470217,1,31.5194354407821,1,28.8622225811464,1,23.9474057396727,1,23.9595811843449,1,24.2371147768438,1,23.8865550168999,1,23.9092724074827,1,29.5572779425923
1,34.5096350633657,1,29.8978194339914,1,23.8089287880861,1,27.8590133908082,1,24.7132776565853,1,23.2815670893069,1,23.8969649194647,1,29.8380509626592,1,23.6318482853147,1,25.681321078403,1,28.8265234914093,1,30.5509940693442,1,23.7081144748184,1,23.662040986094,1,23.651852819088,1,28.6349439781881,0,24.0231356920017,0,28.0848094141724,1,28.7729867391256,1,24.1383145946671
1,41.7541381515304,1,33.0796506409055,1,29.3145334773722,1,28.7033619464347,1,24.3848770127999,1,29.0998645598204,1,25.6193157393082,1,28.7574997606548,1,23.9479464021379,1,24.3851109689725,0,30.2821946487642,1,24.5657242613651,1,22.7761493490368,1,30.7349733065697,1,24.3516191028929,1,25.4282501993955,1,33.9237600040564,1,24.2145515980221,1,25.308253913132,1,28.7136612247527
0,38.4712963451209,1,27.2443435853103,1,30.4710815449891,1,26.1341303439899,1,29.4281758497173,1,39.4458474820253,1,24.2634504826876,1,24.774355681545,1,28.61474486112,0,29.7494923243958,1,30.9002079031196,1,24.2814782982463,1,29.4779175827837,1,24.4415005578924,1,25.9300909665325,1,24.0695195753447,1,29.2030476551724,0,24.0752506984778,1,24.9808356193766,1,24.9937633343267
1,38.3074621181501,1,30.7042656342067,1,28.6004783659074,1,29.4507288900066,1,24.5177241894895,1,36.3873616347875,1,24.5813668932631,1,24.3032732960512,0,26.6579327082133,0,24.9090120005453,1,35.9267184344446,1,34.8908172156154,1,23.5154524145779,1,24.3788749000847,0,30.8963874565034,1,29.0088777086095,1,25.3231536451862,0,31.0222027789949,1,31.3000901331057,1,24.3291270468224
1,32.3822662210214,0,31.1736155733489,1,30.5567699419276,1,27.9589120696309,1,22.0447767476187,1,30.0663763058911,0,28.8928614091507,1,24.587886052127,1,23.6221416533064,1,24.2328433683666,1,24.2915460527848,0,23.3984196024291,1,24.0216077821789,1,29.4288956868028,1,24.3032488599665,1,23.9486216771237,0,23.8700443000156,0,24.1282563819973,1,31.121000911181,1,25.9972566188507
1,50.1680495848872,1,27.4288203618095,1,24.6833494764555,1,25.0735203987313,1,24.982370669243,1,29.4558039925063,1,25.5062299525495,1,23.5313344949949,1,29.0494169234882,1,24.5766608082346,0,24.0917477840966,1,25.2991823852776,1,23.9227735958462,1,24.3365717945674,1,24.8129608887137,1,28.777855122126,1,24.4920100553412,0,24.2003712751313,1,25.147045245237,1,24.723699537328
1,32.9354992096967,0,31.9094810066831,1,24.0369513640083,0,26.6122931404576,1,24.6667631204285,1,26.2834307105802,1,24.1634751162238,1,24.3789678734587,1,24.6020649688494,1,25.0327526257646,1,24.5266414920638,1,30.3341507931581,1,24.3595335518206,0,24.8782958180756,1,23.167185047797,1,24.1152781735939,1,24.145399122626,1,24.2789805211842,1,31.1799023423733,1,25.1556769890283
1,37.4805368230755,1,28.9553032472238,1,29.2611332703486,1,29.9926181893246,1,23.6056416021629,1,24.725806434993,1,29.6498085431228,1,29.7213699265153,1,25.0453645080883,1,23.2080250291457,1,29.4163737028112,1,23.747981728809,1,24.2907768353805,1,24.9955609274079,1,24.3782359230131,1,24.3390223453704,1,25.2390159616202,1,23.4999850178778,1,31.0712523555633,1,25.9253266782234
1,40.9270256298199,1,28.5417621163807,1,37.5303718873788,1,25.9231389329568,1,33.0094732166854,1,24.4976969299433,1,24.2396768628916,1,29.071957330224,0,23.6688772662826,1,24.196464165099,1,23.6992835168697,1,23.3675228547512,1,34.1080227422186,1,24.1060335568859,1,25.0256930382819,1,24.6233755873936,1,24.2719005389649,1,24.1081341084098,0,24.4860258816334,1,23.5113147892538
1,37.8913145783084,1,31.7136428153163,0,23.0902088887262,1,26.1998435706844,1,23.4417161021971,1,25.8727674440571,1,27.3113173515817,1,29.5120674616828,1,23.8320304260833,1,28.9304104618393,1,26.0075031821353,1,24.2123274525898,1,25.5942251758572,1,29.7190190505105,1,25.0923238605486,1,24.1503436783051,1,25.2989368077313,0,34.6276841762654,1,30.0454337229192,0,23.9198415335847
1,38.9806052564853,1,33.4024945087727,1,26.1814194996961,1,36.2909539818675,1,34.152018348671,1,23.6152863332761,1,38.046203915335,1,29.131058128752,1,24.8987227325106,1,24.6913080512541,1,25.7372082745019,1,25.0957198946301,1,29.05972627068,1,24.6046977833542,1,24.369169762522,1,24.0348658569952,1,24.7231549228409,1,25.2113495272175,1,22.3839319159156,1,26.0466072762212
1,41.4565895498766,1,29.1346506358057,1,24.7883864545036,1,25.4753948525932,1,25.460168364147,1,24.9027445127649,1,24.8240319518375,1,33.1613158159349,1,23.325132689052,1,24.1565674155545,1,21.5344107833316,1,25.7255773591011,1,25.432918655176,1,24.2313470838502,1,28.7721472746023,0,29.7093790508546,1,23.6813987682716,1,24.6405943667715,1,23.8553947361326,1,23.7252646102608
1,36.8060521545789,1,38.8512655031508,1,25.9481353851231,1,25.675274443244,1,32.0032248441767,1,29.3948301493306,1,25.1413462074332,1,25.1073221460406,1,24.5104988340878,1,23.6247908656323,1,26.0708725799786,1,24.3112643892557,1,28.355694143699,1,26.59077052971,1,24.7103106311608,1,25.8912446549384,1,22.6127536224518,1,23.0305107317183,1,31.6294042373533,1,29.6715168149954
1,41.03398272645,1,29.6785226349159,1,23.6463285669209,1,25.3900355563369,1,29.4827249337223,1,29.7951156304248,1,23.9528910670895,1,24.6529025800071,0,27.2903526893989,1,24.4885290980382,1,24.0478048032965,1,24.5839930680328,1,25.1777120823607,0,29.9635353417238,1,30.6022237129712,0,29.5903963807244,1,31.3522574341214,1,25.6027518894003,1,20.7791623504102,1,27.9260070028354
1,39.0363521222236,1,30.7518990878525,1,29.3463517589007,0,29.5251581765236,1,25.3529887819738,1,25.6116238980967,1,24.6773084894364,1,24.6171489912756,1,24.395491436897,1,24.1187864031979,1,24.3680703514152,0,27.7448506596951,0,24.0919136617923,1,24.2337210299462,1,23.6901231781444,1,21.0970998136699,1,24.8888240143652,1,24.8020928276195,1,24.0878956047148,1,23.8106639891261
1,34.7750298290584,1,32.3094454737849,0,23.1042064239317,1,29.2866934055339,1,25.006680283512,1,23.626056570821,0,23.7593379026125,1,29.8249281983905,1,29.3998921206564,1,20.8919693920755,1,24.939277740167,1,24.9853276817138,1,24.1910010286434,1,24.0013431052846,1,25.5316791090728,1,24.5037209384767,1,24.6478647995591,1,30.6238564386963,1,24.024964489293,1,24.7417443431777
1,35.1579737429104,1,36.1405459785903,1,29.620795806137,1,28.7991979362469,1,28.7178454515454,1,29.8408369118875,1,29.4837985193179,1,25.1518412055486,1,31.3193107280742,1,29.9372407500574,1,29.4490341581299,1,24.5292346744197,1,29.5964175579722,1,23.7453707337722,1,24.0272124513872,1,24.8773646790762,1,22.6733446677939,1,24.8405853241884,1,24.6419789412956,1,24.7238887729243
1,40.5460929453077,1,25.4140154664357,1,27.0244536421746,1,30.1232945413014,1,28.3029256443791,1,23.7928759805159,1,24.1402522928975,1,23.5296031533634,1,29.4252054551445,1,24.4434114623742,1,29.901366341269,1,29.7397338244095,1,29.3329196070132,1,30.0632374894836,1,24.12935208961,1,23.6162706104549,1,24.3862314625894,1,24.5660804578521,1,24.2508852452786,1,24.8914611836827
1,39.3897533755994,1,26.6865734538437,1,34.5800406046598,1,30.3771662610977,1,29.1061863993021,1,29.1011409775283,1,30.1102697170348,1,24.0576752267247,0,28.5754606575123,1,24.6668553351157,1,23.6442080778565,1,24.8546554210617,1,35.6783879659224,1,26.0234451301623,1,24.4401190199819,1,24.008495732781,0,29.301587650003,1,24.196135952848,1,25.6265044735546,0,24.0141719400731
1,39.1463261203991,1,31.4882298997281,1,26.4612545512577,1,28.6985234996001,1,43.2009149676719,1,33.9592212570128,0,25.1430383644504,1,40.7129671288172,1,29.3937907066487,1,30.4881289162812,1,29.0363518662532,1,23.9298133212578,1,24.7430241401235,1,24.790223000998,1,23.4294782471908,1,24.025691312667,1,23.5738177001256,1,28.8069474058252,1,24.7703428358057,1,23.8687418840799
1,37.7907883946431,1,30.2907965423121,1,26.8292226336749,1,31.4387911357654,1,24.8281047602676,1,23.7519513334296,0,28.4699574675911,1,25.1917306640323,1,24.7480176512918,1,25.6445113577117,1,24.4484136815226,1,30.5789980603846,0,24.3027359650372,1,24.8020352247852,1,24.1520218765454,1,24.19427278087,0,24.7847788790659,1,24.6497362376312,0,24.4118540958786,1,24.2937076098224
1,31.9468675997716,1,30.2846576355401,1,28.882643049643,1,25.3760602941005,1,24.7941142909154,1,24.1596059706183,1,25.4153680200609,1,25.2266129362153,1,30.6587777457604,1,23.8457426484786,1,29.202149608236,1,28.7614987602481,1,24.2872729572713,1,30.3870260450912,1,25.3446118048181,1,23.6649366852138,0,24.3090855395227,1,29.4835594061514,1,24.4726121677236,1,25.4563807448832
1,33.0545312670481,1,29.6408256815414,1,29.0041850564457,1,28.3757324946472,1,25.4793305075307,1,32.9271350605726,1,29.4640276955358,1,26.9669432417209,1,28.7932652324491,1,30.4794676886064,1,25.3173995557454,1,25.4748214091196,1,23.8363527884304,1,24.9690514840382,1,23.5622946972784,1,26.4621065570939,1,23.301800404745,1,29.2485168821163,1,29.3864576229476,1,23.8837412877502
1,41.4632351285933,1,36.097561179702,1,33.7914963681455,0,23.6245012274566,1,25.1648884489425,0,24.2823481297067,1,24.9109448878582,1,23.521158220242,0,25.1344633320212,1,30.8920635644885,0,25.4760311895212,1,30.0188792326431,1,23.571806319818,1,22.4524537020982,1,24.7689625856374,1,24.5820157004832,1,23.9385686501493,1,24.2545724943842,1,23.6900468643215,1,24.0459311791741
1,40.1859127929586,1,32.9657953196162,1,26.2914211109651,1,27.5273288910738,1,24.2159885466363,1,27.5923198379083,1,26.0943461680342,1,29.6041446111738,1,29.7649227477262,1,29.0715994156737,1,23.8924647790794,1,23.8998623348902,1,24.25317893889,1,24.1635396134722,1,22.9174715263453,1,24.1181745632617,1,23.9253570372759,1,24.0542988965816,1,24.4698107187973,1,24.5746975007072
1,37.7006006059872,1,30.1339438230216,1,24.7144360953252,1,28.3818810186377,1,28.7215041168622,1,31.8070726157869,1,23.9378779450907,1,37.7516218541106,1,25.0663969727584,1,24.02576700446,0,27.7014033911198,1,24.3612475240181,1,24.9136612921562,1,24.8765171013895,1,24.9090507352636,1,33.5015953511264,1,24.9196395640118,1,24.2891013456836,1,23.4667946602345,1,24.1786395841556
1,33.4984623615813,1,27.9930429280078,0,26.034022663132,1,23.6527053439075,1,24.0693771308159,1,25.879796091093,1,33.1998275690077,0,23.9104837760356,1,23.8876834033554,0,24.0759817929123,1,22.6931034859255,1,23.8010030064937,1,25.4932061334144,1,24.8630299124936,1,24.1856081208001,1,23.4269704533958,1,24.1574291473686,1,23.2376620348944,0,28.8353656579395,1,24.4608552110557
1,39.0282393920192,1,28.5994763190787,1,26.5453297516487,1,26.6225627133492,1,25.8149332004172,1,24.5099145462635,1,23.6327424865638,1,27.9367232485817,1,24.1571293391233,0,24.2652470743442,1,30.3691120494044,1,24.5601854249522,1,24.2540907258848,1,25.3249746456731,1,24.2500682417503,1,24.1023943308162,1,24.0461976021624,1,23.9915583374486,1,24.9995068426707,1,21.5276240196334
1,42.9472847145525,1,31.4731623550878,1,25.0779098570328,1,25.7191779393674,1,27.8737246469823,1,23.5583349510579,1,24.5689365654329,1,28.6849068523711,1,29.1598961091309,1,30.0560077283261,1,23.6134421216131,0,24.3900273607215,1,25.6003862407492,1,29.2625505010697,1,23.6745836823109,1,23.8364646392903,1,24.6760830722421,1,24.4199888908702,1,24.6354533167376,1,23.9840448344422
1,34.7336584384229,1,31.0282996143048,1,25.1319852644713,1,25.2787429621656,1,36.1211033398348,1,29.4168519337363,1,25.5314556286812,1,24.5968304024104,1,29.0561270285559,1,33.7296782097137,1,30.7385449665405,1,25.3650040996279,1,24.8124276048778,1,24.7424550558198,1,23.6694231777965,1,25.0279159895355,1,29.1883866938467,1,24.2743808662543,1,24.6644957992251,1,29.3677688769125
1,36.15552128331,1,27.6878136280001,1,27.499989220361,1,23.8825560020594,1,31.1718714917928,1,24.9556239456159,1,24.7441139587841,1,24.595305485665,1,24.18050491754,1,24.8683288108752,1,30.5417861122684,1,23.8895507824014,1,26.4252783077509,1,23.1559127611174,1,24.4423350142544,1,34.9577447443265,1,24.8031838567935,1,24.5431219274712,1,24.6602452708367,1,25.3912863100939
1,41.2278808581109,1,30.9898545751535,1,35.4773867353679,1,26.8525687393512,1,33.679299495309,1,29.9534534779986,1,30.7107310074938,1,24.4315311870391,1,27.7557992341809,1,25.2260303058998,1,30.136964087549,0,24.1243185502247,1,24.2169975032053,1,24.4337955838754,1,23.6492803230472,1,25.961479650037,1,23.7617603573594,1,23.983015124547,1,24.5173012989435,1,24.4404723394118
1,36.1783921156691,1,26.6386937843598,1,28.7644708466684,1,26.7163925478476,1,30.8561033287697,1,24.6306723317433,1,23.1463592019079,1,28.691828894045,1,29.1064641169024,1,25.3808044020697,1,23.6236412804866,1,29.0404726800495,1,23.7853484118452,1,24.1603817486267,1,24.9713970428011,1,24.2134362128325,1,24.8180430913493,1,29.7799345018183,1,28.6522511220131,1,33.0520497755838
1,45.713446266273,1,26.6130331435068,1,25.0373546308574,1,28.4533253787703,1,25.2878913725548,1,32.594205765535,1,28.9872025161475,1,28.3310167609422,1,24.3251048498925,1,23.9227084519181,1,23.8927965701415,1,24.1043358236678,1,29.2666580178286,1,24.5625096635854,1,23.5030315561231,1,28.4391470085435,1,24.6063832287244,1,24.7164697179291,1,23.8069784754723,1,24.1895588509856
1,42.9872749226695,1,33.7288554498666,0,29.4494202318353,1,23.9231747740636,1,25.8511354528738,1,23.7149090593958,0,25.6469146884222,1,32.260300435401,1,24.6327036068891,1,29.6382164426147,1,29.2486833833246,1,25.2508285519361,1,24.3522700265617,1,24.4948363436024,1,25.773540376028,1,25.5001876402897,0,23.992691529608,1,23.7030266017414,0,24.1044272896981,1,24.7453928049167
1,36.061338129119,1,29.1497673466568,1,29.1946988007742,1,24.5911660483295,1,28.1892765952521,1,28.9996527821584,1,23.7506115099229,1,25.1434065496781,1,23.9534754819949,1,23.8406145237844,1,25.5383750652514,1,33.2965817712498,1,25.4895476894605,1,25.6097819135335,1,24.8127703231823,1,24.215142634548,1,24.8282446962865,1,18.6352162755097,1,24.2226489532641,1,24.713522141246
1,36.3905939387493,1,26.0871413911356,1,23.9764367084715,1,24.287363991506,0,27.3123339986803,1,24.3435533869592,1,25.0925202077733,1,25.1402218406475,1,23.4840447694428,1,27.3870111845388,1,25.1583468725134,1,24.6648012983063,1,24.2771606063973,1,30.4496267640132,1,24.5658261245574,1,23.0928167385372,1,24.0231951770411,1,23.7182114142664,1,23.964760393993,1,29.2509945973884
1,40.1969274804502,1,37.871584597533,1,31.2142871524672,1,25.6187674724808,1,28.5041097787646,0,24.7328020498078,0,30.928634916728,1,29.0409426620606,1,24.7393276637417,1,24.8061870837605,1,24.4411574764498,1,23.1206264947718,1,24.7914928067442,1,23.8364484556922,1,24.3522961323171,1,24.6545916058502,1,25.4677838746523,1,24.360285755833,1,29.39031395847,1,29.1521680868209
1,37.3278535718718,1,33.2935205123321,1,24.7695144407021,0,30.3991218101217,1,24.2190854191389,1,24.276881780976,1,24.8617645195556,1,29.6056586739087,1,30.2881916480268,1,23.922100044544,1,23.5103336707383,0,22.8632651067588,1,23.9315377595054,1,24.1529390495193,1,28.7670899487305,1,24.5861114979938,1,25.5632784429955,1,24.5411649335971,0,24.0819802063366,1,23.8152419402642
1,38.4290505975342,1,27.6141700707952,1,32.3661007442111,1,24.6375756032354,1,24.6973387198149,1,25.0326720967625,1,22.214259090282,1,24.504763719246,1,24.7704109172746,1,24.9313838950635,1,28.8309365493573,1,25.2705438467898,0,23.0187834374088,1,24.0212240118493,1,24.202786726126,1,28.7913224817357,1,24.2975352792779,1,23.9657144480241,1,24.4644959784209,0,24.2489881110721
1,36.8100805062983,1,28.0059430090416,0,23.7517579595268,1,32.1926856763508,1,31.1142600043802,1,23.5450643575333,0,23.6200253309186,1,23.5391214938268,1,24.6056194294987,1,23.9785629883062,1,24.2736549587572,1,24.5189399982871,0,38.1463502011221,0,21.6374776429702,1,28.5636302557965,1,23.2915191392831,0,29.9294985807589,1,23.3788301390812,1,23.3422215210219,1,23.0923020482284
1,30.7933676585791,1,29.790802943391,1,23.9135523940142,1,23.9309347019401,1,29.9511582852216,0,24.0729429549097,1,24.1733639753492,1,24.8783658060867,1,23.2707707705547,1,28.8844332214049,1,24.6572431145172,1,29.8330165716388,1,23.8394231911846,1,25.1825342679002,1,23.630068894879,1,25.3534311321222,1,28.6818710538257,1,34.8378067845799,1,24.1401745003993,1,24.4332609435272
1,43.6275747553543,1,37.2834818405979,1,24.3583673275025,1,24.6349260072974,0,28.1607911461982,1,28.1396563726914,1,23.9934961580149,1,29.4157965306714,1,24.8198498578103,1,28.8232646887096,1,28.641529342585,1,23.6497396202221,1,23.8909292695782,0,24.0772008378432,1,24.9569227471134,1,28.6450219911188,1,24.4025799010871,1,24.96800934209,0,23.962217108343,1,30.7205653370093
1,34.5483154666872,1,27.8049226325793,1,29.9422666754503,1,29.3659892990221,1,28.2889470336015,1,29.0505262987374,0,23.6582472695231,1,28.8389611527208,1,25.8100384414852,1,23.3912186323677,1,23.7757995577316,1,24.4761217100037,1,25.2791068214118,1,24.8379307670899,1,23.7116493719226,0,23.9196221112853,0,23.6942500285523,1,26.2428866474908,1,29.2477321410423,1,28.9196806571744
1,36.5688566214122,1,30.7847044251205,1,24.1733447716239,1,30.6659294340559,1,29.0657715336485,1,24.4211090302986,1,24.5152100758453,1,25.0531872898908,1,33.144737529643,1,29.4853324366094,1,24.4224722650638,1,22.7738148364769,1,30.2476996811649,1,29.228333091416,1,24.8895242205412,1,24.8117821513077,1,24.6638684740596,1,24.5895348224188,1,24.7735408490541,1,24.3790294991993
1,35.0860043459616,1,29.1973204003134,1,25.5640555160838,1,25.8285906417922,1,28.6431423304375,1,25.6293817715323,1,23.7830493714648,1,24.8587368230179,1,24.0987420405359,0,23.493551590107,1,24.5964963453911,1,23.8677848535097,0,29.0741214936139,1,23.5377726960446,1,24.2988711783954,1,26.416957886454,1,25.4210154262943,1,23.5567668651779,1,24.3305652572626,1,25.0194269215462
0,36.2716157380897,1,30.4337367133628,1,28.4394222828428,1,25.2767244063063,1,25.568534369317,1,24.5808825310808,1,24.489454162917,1,24.2393267724798,1,29.8252906568773,1,28.7639460972478,0,25.2601461613869,0,21.7654326141942,1,23.9938363939883,1,24.4859233890185,1,29.7016027185955,1,33.4317675147969,1,23.9084179433181,1,29.3376800942512,1,23.7745006776862,1,32.7394001485814
1,40.0633751958327,1,25.1918780487445,1,31.5564054784035,1,23.4990927797778,0,23.714604086182,0,30.3818512449538,1,24.3669038658169,1,23.4004241138425,1,24.717859971926,1,23.4168798974898,1,24.5092425930137,1,26.1531085100331,1,29.9894905273728,1,21.3733785903801,0,23.8818692678338,1,24.4875534104065,1,22.97994789742,1,26.5205130337314,1,26.3256399268547,1,24.9336281170965
1,31.2870436132584,1,32.0405017616439,1,46.2056382281319,1,28.2079004223299,1,25.4467453813701,1,24.6361813032081,1,25.6971676635956,1,25.2905371958939,0,24.2430128074435,1,25.5556288675375,1,24.2401014073923,1,24.2774075504115,1,26.1161994312595,1,23.9767072114276,1,24.9512757323393,1,25.7089406809011,1,28.0603147490918,0,25.5709170653384,1,29.7019505341239,1,23.9569021633344
1,41.606863337569,1,35.9279775115635,1,36.1040958619847,1,25.7856228835529,1,29.6600214124371,1,23.9358291962367,1,24.7501038518651,1,25.1297189117497,1,24.4399530614677,1,24.171092888494,1,24.7786377657969,1,25.770577073226,1,22.3032275545637,1,25.5192996921519,1,25.8007158670731,1,23.8135946344488,1,24.1323951964592,1,24.5455277017915,1,25.4391881767478,1,28.8761274754023
1,38.6005852618826,1,32.3298661753973,1,27.723738031703,1,24.2067616575443,1,24.5288307976611,1,26.5644627885461,1,29.5853190467429,1,31.287625471332,1,24.5950916760862,1,24.2349642839808,1,24.9295397943374,1,25.0884093241891,1,30.122049669517,1,23.1930511580878,1,26.2106687013004,1,30.5325098624711,1,23.5799711851719,0,29.8960519656432,1,30.1987528513469,1,23.7107021825779
1,43.0250534722714,1,27.8592734219557,1,24.7946141879552,1,25.1371904529709,1,28.5140164627485,1,23.9880837121101,1,24.2485614842601,1,24.8217890468401,1,24.4583597025656,1,24.1280529824601,1,29.2193475632254,1,23.4011820440358,1,20.2606109679464,1,24.1751805886486,1,23.3172966973118,1,23.6399283418903,1,23.7657620058434,1,23.6825505786926,1,24.6028175158108,1,24.4023095691343
1,36.3203479335029,1,31.2203744708593,1,32.2007744175395,1,29.2987380531932,1,28.6577998789624,1,26.0605491642496,1,29.5272751960456,1,25.6947275681451,1,27.4165123502148,1,23.603793564696,1,30.268101786893,1,23.5335821895858,0,24.4573139023331,1,24.0527775409705,1,24.929924368875,1,24.1174455017745,1,23.8157745997008,0,24.8226557207101,1,23.9770998228468,0,22.6081562092931
1,37.0234431507733,1,27.3870191998551,1,29.3510984343937,1,32.7203774414385,1,23.6683549197567,1,23.1673383832877,0,24.2751773882158,1,23.9218760644022,1,24.659574613567,1,24.4855336591047,1,24.8014955528815,1,25.0960709896271,1,25.0405267299987,1,25.5161266572427,1,28.897707241418,0,24.712182046359,1,24.1292110043348,1,22.6140358993169,1,23.7281935504853,1,23.6365829633115
1,38.4104001892106,1,29.1055978157094,1,25.7945126794004,1,31.3850290112178,1,29.8328117179956,1,27.1190856604145,1,24.9642134927794,1,29.5309418595688,1,24.2648513773966,1,25.5608844127205,1,24.5426961993783,1,23.6172420049119,1,24.753463279447,1,28.5047829470066,0,24.7405073319008,1,24.2280858916411,1,24.1970784259797,1,23.5427978696268,1,25.0958778106061,1,23.7908792062663
1,39.3199693324534,1,34.4346384881995,1,30.449371034406,1,26.0448177631691,1,24.8479917444436,0,29.8024234333941,1,23.9371458991684,1,25.2299666883609,1,23.9767409044225,1,23.5265312801817,1,34.0015897998891,1,24.7955638304252,1,24.6201537306844,1,24.4391978744465,1,24.8254999441308,1,23.2995126334839,1,29.1836596551477,1,24.2013045894176,1,28.7744070208673,1,23.914762632933
1,39.511071103198,0,30.2947296880021,0,24.2458156967248,1,24.6983678840801,1,34.1353858825801,1,24.2987045562703,1,24.0897502654543,1,24.7373025852016,1,28.15887350633,1,28.969173623272,1,23.9721532785904,1,20.7614185329249,1,23.0888869823909,1,22.9452026017699,1,24.0975596248675,1,24.147522332858,1,24.0570090666285,1,23.8758080950005,0,19.620794227329,1,25.1551223097405
1,35.9882667742201,1,31.8538419318685,1,24.675493366121,1,35.392910038035,1,27.7432822749141,1,29.1581510976384,1,29.2194500313706,1,24.9712195720468,1,23.525605261882,1,25.2967613862703,1,24.8276867620622,1,24.5188068879511,1,23.9205247786086,1,35.5101771238457,1,24.2895217677666,1,22.1922343136163,1,25.1262330479674,1,23.8845027483828,1,24.374227000097,1,20.0697787005658
1,40.0468351028844,1,30.6978721319747,1,29.4324461737806,1,24.2737224030832,1,24.1877829865563,1,29.2474502425081,1,28.4715145964741,1,30.0768057025989,1,29.3820891996973,1,24.0659739273728,1,23.7623572640181,1,24.3362240970761,1,24.4533897551486,1,22.1334043726811,0,25.5773852341573,1,23.6863831488121,1,23.783497263556,1,24.3599039179215,1,29.7508502044244,1,23.2221508477349
1,34.0583760696171,1,32.9806613570783,1,25.2871199297123,1,31.1215443978107,1,36.9842763324191,1,24.7023899929654,1,29.2473777188277,1,30.4319999439556,1,23.845035101914,1,23.5947125690247,1,24.4711608435079,1,24.0923074161962,1,24.9962361264539,1,24.7360089571513,1,24.9829896643871,1,24.0562803565801,1,29.25054885325,1,23.5578427601668,1,24.2842572225422,1,24.1748449673052
1,35.1010720172505,1,28.1827260384817,1,26.155071369176,1,24.5886970389262,1,24.9796825223858,1,25.2304095413967,1,33.3372128379566,1,25.6518414651562,1,30.5335530858243,1,24.4983336667735,1,24.4971025226301,1,29.6144699298778,1,30.0118147956932,0,24.4075392817092,1,24.266965685614,1,27.9673495336731,1,26.7479560258275,1,25.6611191040619,1,23.8584087104491,1,24.8244300686815
1,34.6614098652479,0,30.5756911401413,1,40.9733875096731,1,25.5896765783871,1,24.9799768343324,1,23.666011693797,1,23.9039630008414,1,29.0795406101909,1,28.2350782783784,0,24.4439760595843,1,35.1050619442751,1,21.9602537133448,1,24.89617297156,1,24.2046002420879,1,24.5265845510585,1,24.4109534940141,1,24.5224329143724,1,23.9800232873619,1,24.8794963846281,1,22.7851761279189
1,39.6129834378864,1,37.5238203031561,1,30.8210970651576,1,24.9266887068978,1,30.20049515643,0,28.4683907087576,1,26.1179233361493,1,22.9359006962335,1,24.8892134548563,1,24.6492069536577,1,24.1583948872637,1,29.2432139434222,1,23.8228456507072,1,30.9216758645253,1,23.0967969823759,1,24.9930682106215,1,24.6473732238862,1,24.6671276648801,1,24.402285382271,1,23.9285286388049
1,43.1084287547101,1,29.4303130476149,1,30.3692070850105,1,25.1112851111171,1,22.95037994351,1,23.9767444029598,1,24.4816178993213,1,29.0140611795868,1,28.1410309446291,1,30.3187571637706,1,25.0821058469598,1,24.1329614006231,1,24.7313723989023,0,24.0920045280901,1,24.4134450378647,1,24.6672354011587,1,24.6731834827492,1,24.6340759371323,1,23.8481405371817,1,24.3674472231728
1,43.8781879364421,1,27.5036844978744,1,31.8118549485149,1,24.809599162616,1,25.281117398732,1,29.0480042326642,1,26.3085324605111,1,24.8444386683943,1,23.1425505522681,1,23.8815098593236,1,29.53363668984,1,24.278980582984,1,24.8942553803678,1,24.8756286412877,0,23.8154586772997,1,29.5500103210123,0,23.8933180504987,0,24.4046012339978,1,23.7039786164423,1,24.0605100045234
1,35.7176466264944,1,30.5128386307668,1,25.4005639519121,1,24.1028587111152,1,24.7374538261142,1,24.8943575824031,1,34.5334922530514,1,24.4455286470576,1,23.5476000831029,1,30.2906032708922,1,23.9399198155194,1,24.5106598928956,1,23.7834629478377,1,28.3709227756485,1,23.9716870288967,1,29.5218081574949,1,28.7584335757628,1,24.1310105369102,1,24.6050010096266,1,23.8537461897865
1,41.2795361892152,1,28.0619306839454,0,24.2417889840472,1,24.9249342137538,1,23.7948940490863,1,25.9777433624552,1,30.3962556858183,1,23.8658101809083,1,25.4826963744826,1,33.9244093536555,1,24.3082993439374,1,23.6415017495314,1,24.2237044750428,0,24.651467649744,1,25.0353552410944,1,24.9837583713065,1,24.5106493684054,1,24.5848829236129,1,23.7421215722699,1,24.4269455839044
1,38.3684397579924,1,27.5470880755988,1,30.4957806287711,1,24.3080432185502,1,29.6959034409114,1,29.9189720071699,1,26.9646024535345,1,24.1510009545309,1,24.6266335929669,1,24.1624082593525,1,23.8870062135739,1,24.4749731305807,1,24.4067046095619,1,23.9060473819302,1,24.4123422058335,1,24.421771464855,1,26.4632834639236,1,24.5392111498336,1,24.3894952278373,1,28.9388816045585
1,38.6574558313634,1,30.1993794877853,1,33.1395041854418,0,23.1142396961768,1,28.3188174128105,1,25.2565758603093,1,29.986726530498,1,24.2132758283661,1,24.2445441207697,1,24.2635469677073,1,29.086640244374,1,23.8232023466125,1,22.757062452854,1,24.8847628489065,1,24.475777235228,1,28.5093680063777,1,23.6997474418393,1,23.9772190079149,0,24.2420984051723,0,23.8122006802784
1,34.746137284501,1,30.5556130546315,1,36.1909397574545,1,29.885174646553,1,28.3915562081104,1,32.0191940398624,1,23.9740867472336,1,25.4025808899778,1,25.7132016277964,1,23.9854091032724,1,29.1780581391114,1,23.3193899908395,1,30.8338719681666,1,29.935360678893,1,25.0392691329773,1,43.2371397906384,0,23.6377473081278,1,24.0391305014375,1,30.7478193493253,1,24.4512496060111
1,38.7663393756098,1,33.6224701247915,1,24.2983985843201,1,36.0993918481925,1,24.2788584154861,0,26.758357892812,1,24.1148034899802,1,25.5368055872846,0,23.8967288150042,1,25.3988053389971,1,24.2844267254819,1,24.2159072840288,1,25.4214671711448,1,28.7157798489249,1,23.7983990362933,1,25.8121071994022,1,24.3159875238152,1,24.0791439296859,1,24.6467865833284,0,22.148957484226
1,31.9529172026379,1,29.0942620051848,1,38.4601979038624,1,23.2876928854701,1,32.7482111979934,0,33.4054912965536,1,28.3781417212275,1,25.6511983315611,1,24.8930022990182,1,24.7401533376221,1,25.0766589328853,1,24.1045646296444,1,29.0822100322403,1,30.710151762184,1,24.6010065361885,0,21.815772407529,1,29.9203816794785,1,24.6096301993616,1,29.4535551488939,1,28.7778610011302
1,38.4775434914377,1,27.7175083618918,1,25.1594994091094,1,28.1701769925843,1,28.9715546898284,1,24.6940862929126,1,24.7869531414594,1,27.4550351957371,0,24.330018899234,1,24.3479086087658,1,23.2728016069321,1,24.5599405886978,1,24.409011565195,1,25.0447080802811,1,24.1157812445463,1,35.9476085918601,1,23.7862695262635,1,29.4205025897524,1,23.9734988494959,1,25.4835275459669
1,41.0196620944574,1,33.1921769258685,0,24.0726524123179,1,24.1140186234814,1,28.7782586144356,1,30.3857823153299,0,24.6353709852682,1,24.3175213793296,1,24.0184936455349,1,24.751576293082,1,24.4037009699032,1,23.6179850804516,0,23.8448120643012,1,23.9327735922982,1,24.5684137336286,1,26.8447196128111,1,23.9116501237569,1,23.5309340204124,1,23.8241126925858,1,24.8575845131093
0,38.6750738832433,1,32.7742549342167,1,29.8980842944306,1,23.7550043760139,1,24.7950651179245,1,23.6190724565673,1,24.6784263458594,1,24.4709164595121,1,29.3833193286817,1,23.1083031994021,1,24.9586753463355,1,23.9495164463727,1,29.7923879353329,1,23.8405688404649,1,25.2619723082934,1,23.7018029755039,1,23.4316956574435,1,23.7238262408597,1,23.5547865309216,1,24.4176391239238
1,34.2245397401176,1,30.8679069110422,0,21.2305629089945,1,26.9029142934773,1,23.0400339896864,1,27.2762353668748,1,23.8647437512042,1,23.5264805846868,1,24.3000122453574,1,23.5545086424255,0,23.8606871588157,1,36.0108816027644,1,23.6527031731654,1,24.6820816339023,1,23.8691032038334,1,24.4996345900165,1,25.0818877579658,1,23.5923086880153,1,24.5492326996559,1,24.0812018029091
1,34.223979190099,1,32.5896954198925,0,32.904268708941,1,26.0483473971724,1,23.3177217510021,1,28.3410702744473,0,23.9587258863058,1,23.6328672456142,1,28.99195768476,1,29.3615328382366,1,24.0165332609364,1,23.9398406172176,1,28.9028603983576,1,23.649676766329,1,24.5925732900723,1,25.6965290185319,1,35.8167679951075,1,25.0584209973703,1,24.8502482201651,1,24.6327784965191
1,47.1288074267474,1,27.432807449314,1,36.368481303955,1,24.6363623164119,1,29.8415785992465,1,24.9658963179476,1,24.9299058306917,1,25.4362717027347,0,24.1136795480445,1,25.5511856194082,1,29.2779314997417,1,24.3569001650165,1,24.7374554869933,1,29.5391195422252,1,24.9466202551921,1,30.0086327554777,1,24.2730551337483,1,23.7910412365753,1,22.6461225524191,1,34.9283650260972
1,37.1038483835742,1,29.579202425745,1,33.208020986072,1,23.0984553778344,1,23.1064674229048,1,29.566190339397,1,24.656933606297,1,27.631976815902,1,29.7876756398579,1,24.1786618095739,1,24.9010243682134,1,25.3874453890532,1,24.6975453628289,1,25.9015655525826,1,23.8939475351937,1,24.5428221727517,1,25.040255276393,1,24.072354760174,0,24.9750627680754,1,25.0550977513533
1,38.1383858298362,1,35.6674775467364,1,25.6820540611418,1,24.2536403489514,1,24.854055998759,1,29.1960350220484,1,23.6277244341136,1,24.5188682193344,1,23.9576527285332,1,24.4275072298021,1,28.8222192992842,1,30.9981713024317,1,30.1131261053197,1,36.6681853268744,1,29.5081208092975,1,25.059702225683,1,25.1556271233268,1,30.2456468394744,1,23.3343632381066,1,24.2985870539001
1,37.8297026208869,1,33.6902683918693,1,25.0428992018605,0,25.8762161887618,1,24.0575905263862,1,29.9267096076635,1,24.5899394992678,1,25.0603515420794,1,23.6693538526758,1,24.1676699113824,1,24.1836178749267,1,26.3636575621616,1,24.6390177812898,1,30.0610328067554,1,21.5407512956793,0,23.1213527292757,1,23.7270109272894,1,24.2437253013521,1,25.096517974631,1,24.0121879478284
1,39.5446203714664,1,26.7216003731247,1,28.9610198556335,1,24.2356643569263,1,24.8526930827043,1,28.0671782827502,1,24.253564317636,1,24.5968779227688,1,25.3736423010836,0,23.5258009979843,1,29.6535587731301,1,26.2945756740848,1,24.2522802808637,1,25.5911398898632,1,29.7965348009196,1,29.3171162130617,1,24.5353065066655,0,28.6652639293142,1,30.4966000439793,1,24.3862527447405
1,37.5840989794573,1,27.4461787811661,1,23.862414822932,1,29.9721146796474,1,24.2446691679727,1,29.4168256999963,1,23.5272736139213,1,29.5578419174838,1,23.6276909614335,0,24.0849606796298,1,29.7463798389641,1,24.5749362134187,1,23.9095478723551,1,29.6684343515985,1,23.7140736117453,0,29.0155582092327,1,24.119734963793,1,24.6700706249857,0,23.6644094302358,1,29.6150604203129
1,38.7587274170559,1,26.5255107785128,1,30.0012485248942,1,23.2308641085422,1,24.4962079852488,1,28.6828082537806,1,25.0541875815341,1,29.4691828420393,0,24.3246610017136,0,29.0114038398949,1,23.540252766152,1,24.1135221538466,1,29.2928560962596,1,30.4911964974193,0,23.8317201023779,1,24.8327172819583,1,23.7124771306197,1,24.2015863134907,1,41.2898127798643,1,23.6302244028799
1,38.0217728542594,1,28.7444246022577,1,27.7286999613638,1,23.6013528194619,1,32.3356342556167,1,24.7433031886235,1,25.0201870934664,1,24.2682788012473,1,24.5520833475086,1,24.8804612600473,1,25.5546093967242,1,23.7223821606751,1,23.9941065777045,1,25.0914830477573,1,24.499469728822,1,24.1125046664581,1,23.8029269954325,1,40.1561097835475,1,29.763848733534,1,24.6030203081893
1,35.3864950481853,1,28.5519287059644,1,29.0391378857432,1,26.6077711429894,1,24.8220318443365,0,23.1525463463414,1,23.7289233104811,1,28.9678469414173,1,24.4190104400433,1,27.0849817589404,1,23.9628918558781,1,25.4658336403856,1,24.9136673494966,1,23.9612124555137,1,24.90341794159,0,25.4062946712801,1,24.1834540715111,1,24.5936353403776,1,24.132633808984,0,24.1192713634229
1,36.9120454471924,1,29.6352864625449,1,32.2019979160699,1,29.6945472594179,1,25.3543662766856,1,28.8509511572545,1,25.2508707423541,1,23.7123570845649,1,26.8213971292562,1,25.1374723815439,1,23.9111944952765,1,24.4162878040212,1,23.9023227964288,1,24.9942845575605,1,29.9880202210973,1,24.8096646082892,1,25.0329305790783,1,24.9703439320887,1,24.3943299108958,1,24.3244098733308
1,45.722121373378,1,28.2331906334315,1,36.8896655406905,1,25.0634990514983,1,26.714527974137,1,25.4340553340181,1,24.6498476146522,1,24.1161115235504,1,24.8724390925903,1,29.8774264442566,1,25.1342306840789,0,25.8679649673407,0,25.2002695397683,1,24.9107576499506,1,23.095448115262,1,29.3312216679602,1,28.8121463030315,1,29.1146139372698,0,23.9736795651812,0,23.6690611936783
1,37.933894945973,1,29.845776082514,1,30.0225629178863,1,28.4366463840025,1,29.9964844728901,1,23.6797694012632,1,24.0088460917634,1,25.1202159068999,1,25.593899952815,1,23.9569041529222,1,24.6650006195407,1,24.3215507821692,1,24.6728144328902,1,24.566251518208,1,24.1959417066968,1,23.1882316465206,1,29.4350981567822,1,23.0080229507293,1,23.9813723102131,1,30.3887665166259
1,40.3496537248501,1,29.7816420501934,1,33.7720112911161,0,24.0614821826157,1,30.5585898665517,1,25.1450463235828,1,24.8061552531084,1,25.6699410587952,1,29.8185115232502,1,24.239649849995,1,23.517350252373,1,24.2124807596153,1,24.3786498500637,1,29.036372215859,1,24.8791750204274,1,23.8804030150251,1,24.371767057612,0,25.2430955557979,1,28.3717705869818,1,24.4635446011963
1,32.9585401836054,1,31.3474231969666,0,24.3058138045392,1,27.6479100767866,1,23.924733584713,1,27.6972205306906,1,31.6516228075466,1,25.7544924142004,1,36.5593596659897,1,23.7226620103937,1,23.6782788586521,1,24.5400959904432,1,24.3800349798497,1,27.9073909298611,1,28.4157808444746,1,30.0971887621386,1,22.9541060657571,1,24.1189579424588,1,23.9215364296862,1,30.3621090975279
1,36.5067460781959,1,29.4215928322695,1,26.851355216352,1,29.0280884971691,1,26.363841116983,0,24.5158659934504,1,28.7756034599191,1,24.0264159721558,1,24.231361392364,1,24.8564612746715,1,25.0196028449033,1,24.7536700346005,1,24.8331203819766,0,23.8541623819151,0,24.1150341101857,1,23.8621335084298,0,23.6112785162241,1,29.5224682469217,1,23.8617472411024,1,23.7467036262098
1,38.4109026664936,1,30.2145259400658,1,24.3232399548192,1,24.5454688264437,1,24.9905759842843,1,28.8149601252486,0,29.5351531071906,1,25.4387344146205,1,28.3347189041571,1,25.0027269482583,1,23.5374780552479,1,24.3849910831421,1,25.2316136637911,1,24.2080392618907,1,24.9409280439609,1,24.2443112564539,1,23.9088096836973,1,24.5318128589798,1,24.2559508678647,1,23.8594738778545
1,41.9570129100773,1,33.001716195439,1,21.0172145065152,1,28.5412133321903,1,26.3141871469024,1,24.8630367247046,1,26.7760220009752,1,23.4580884945252,1,21.9330056597847,1,23.2674195295097,1,23.7482958072005,1,24.1633159814882,1,29.8580788506564,1,28.7634096506349,1,24.4366721978297,1,23.856388817419,1,24.026016479724,1,30.3313569513315,1,24.2167560323894,1,24.4821372597278
1,41.5329364118634,1,38.0507119024503,0,29.900389604454,1,31.4993572604823,1,25.6153129318733,1,23.5230198197295,1,29.6356138895643,0,25.569518593363,1,22.8526647893564,1,28.4137959158939,1,27.3980366680397,1,24.865889642155,1,25.299376815892,1,24.1542729611643,1,29.1312381547063,1,25.5449512133593,1,30.5767119173486,1,22.3847829469862,1,24.8703552175093,1,24.5089829141958
1,37.8655356797063,0,28.7400457271774,1,28.7740728160883,1,26.0630596992365,0,27.8304795708746,1,24.8655779398218,1,25.5430600148192,1,24.0647616395719,1,25.2901721718667,1,24.3716976923144,1,24.3664492065563,1,29.1066746247261,1,23.9427968034914,1,21.5875439409485,1,23.4435286960319,1,24.185431624673,1,24.9519535435175,1,24.5247774546358,0,22.6550774230497,0,23.9762787272857
1,35.0379826460479,1,27.3134507528872,1,29.7274743366163,1,23.2191654112865,1,25.8337079116741,1,24.1121095829352,1,23.6565077055316,1,24.8750922657838,0,28.8445011792504,1,23.9784293560704,1,24.571602951727,1,24.2085358694014,1,23.6943052922828,1,24.5173060828064,1,24.9845177608249,1,23.994228338815,1,26.4920465090308,1,24.1696034111918,1,24.5009878738797,1,23.976878356631
1,30.1733699408959,1,27.663232827505,1,30.7823741395557,1,25.6317252326361,1,24.4768056321557,1,24.1806526304054,1,24.7153931099423,1,24.205037490275,1,25.0351186925419,0,28.8409622583172,0,28.917853837507,1,24.3293435590903,1,23.8783270514227,1,29.9347345301862,1,23.2547366218575,1,28.2877135473149,1,25.3246703367649,1,24.2507059718602,1,29.549585971916,1,23.663110242993
1,42.8182122345166,1,28.2930241447397,0,24.9644743938204,1,28.1530559399979,1,31.4425827182475,1,22.6045010250538,1,24.1372319032073,1,26.1070159129099,1,29.6350088297889,1,24.4419140100526,1,25.2431041063112,1,26.943339242664,1,24.3733893907143,1,23.3221060875077,1,29.2566565821347,1,24.4352359921026,1,24.6811449872655,1,25.9902760495165,1,29.8294976784346,1,23.9877462975014
1,39.1823203595255,1,31.6197320620653,1,35.9020871726455,1,24.2731914857212,1,37.1095224345124,1,28.064779401988,1,23.057802098562,1,26.3736293079657,1,36.6483910175615,1,23.8567852669278,1,25.6542065101658,1,23.0484416432962,1,23.4950512748498,1,25.4311388599213,0,23.6559062292147,1,24.188603718358,1,24.176209765561,1,24.2218226323563,0,23.669757821845,1,32.9606246153975
1,39.9199607374485,1,35.6923380500072,1,28.7281179315713,1,31.2561133447766,1,28.5591786307309,1,29.3645046822373,1,28.5779183650024,1,23.3031840933146,1,25.7091125051563,1,23.5036189854571,1,28.322106051999,1,25.7715502658166,1,24.2919470810854,1,24.4413736298782,1,25.201139097898,1,24.6637472204706,1,24.1722076440638,1,24.2798163022244,1,25.1403493521052,1,29.0654141573964
1,41.3839996457286,1,30.6928941838598,1,24.8377168733933,1,28.2233615774062,1,27.1891906611407,0,24.4227315760546,1,22.4895083709024,1,24.6027815366016,1,25.3151733114149,1,24.2624697138345,1,23.9306581474757,1,28.3633835908811,1,30.3534273120397,1,23.9204171495348,1,24.0519155370928,0,24.4341315590518,1,22.5983488814607,1,24.1566540274104,1,24.5349165612135,1,24.2406509947621
1,38.884843746477,1,31.0163930247838,1,37.6156764901363,1,34.0605656080594,1,28.9608450855952,1,24.3736858767549,1,24.5554797035588,0,24.2524632811434,1,24.350590711038,1,25.2025619565472,1,24.7189739523417,1,24.0406859356431,1,24.2812352838539,1,24.0598062052347,1,24.4856750963413,1,24.513385124264,1,24.5426204864322,1,23.4001311852713,1,24.9213946938383,0,24.8219853118949
1,36.5712815578988,1,31.4807783600965,1,31.7431714434809,1,29.1634421261229,1,21.3723830478808,1,28.5172950327224,1,25.5189646079775,0,24.6014279570041,1,25.8346259947075,1,24.9165485529549,1,25.2584186155747,1,36.0761142077629,1,24.0140355471149,1,30.2664822279839,0,23.6497581977108,1,30.1064413299118,1,33.8325628876818,1,29.4468712831744,1,24.6487579082717,0,24.3476177530618
1,41.418940579603,1,27.1228292035291,1,27.7639990881617,1,27.1289394315392,1,29.8787667461757,1,24.9920479812267,1,27.1611484425466,1,24.6784808884569,1,24.4391151922774,1,24.0826269612447,1,28.1976576385647,1,24.1718205548913,1,23.7116615651098,1,24.1439897054109,1,23.9008064838875,1,30.3877316315983,1,24.9572962108229,1,24.6046552612059,1,24.6352061614303,1,25.2896302487662
1,31.9439982395818,1,31.0287826238442,1,25.0389417020574,1,30.7876327146851,1,35.6354862389018,1,24.8105319366709,1,24.8193710937626,0,24.9754498426429,0,30.4261502161244,1,36.1136068320002,1,25.2024731470343,1,24.2709371767385,1,34.6571760760162,1,29.3951411769996,1,24.2208594891985,1,28.6523673654389,1,23.9678328266002,1,24.9787287440178,1,23.9819159687272,1,24.5055246589122
1,37.9698907924683,1,31.6334026965159,1,36.8059206666609,1,24.9243584799379,1,31.1571359915478,1,25.4775826171651,1,23.5593269200543,1,23.8090676337819,1,29.0371308531786,1,28.8877116982399,1,24.0940367682212,1,25.2110217087827,1,25.4066997310474,1,29.8407738205061,1,24.9093879886899,1,23.0602874350861,1,29.3263022794095,1,23.7218469691668,1,24.5954589021623,1,24.1047928049485
1,38.5645475032515,1,25.6142402232814,1,30.3203180334742,1,24.9181550856957,1,29.461589282061,1,28.664426210253,0,30.3685298791826,1,26.2779928536834,1,29.6229017403535,0,23.5310749991059,1,24.0608086384025,1,23.6581258876559,1,29.5232402115292,1,20.0993654276166,1,23.9543836983118,1,23.9958119352572,1,23.4767403501074,1,23.8866869632534,1,24.2710860465676,1,28.6835732485115
1,35.9972586942957,1,31.3159425721134,1,23.5712525999163,1,24.9772014937744,1,29.1910401255606,1,27.8231114886289,1,24.8992872207404,1,25.8799999977249,1,30.3359268076647,1,24.7597456518955,1,25.0657287775861,1,34.3524940139488,1,24.5063728554951,1,28.754378331945,1,22.9118066769413,1,25.2699859293611,1,29.487371019801,1,24.4310691296527,1,24.5630322755877,1,27.6778473687241
1,35.869458821569,1,30.7057882046658,1,35.7996742121573,1,25.6381196385887,1,24.6768855959887,1,29.7732812211046,1,30.2923250564828,0,24.644065725379,1,24.6442732604379,1,28.9878089993317,1,24.2215197508792,1,24.4443122269564,1,24.9158346991432,1,24.3279222667172,0,23.6239410439064,0,23.4461807610635,1,22.752208245446,1,24.325549744885,1,30.6026311415805,1,31.4646503415749
