"id","time","true","lower","upper","method","missing_rate","prediction_type"
10002,-0.741958,548,281.145728643216,1349.77889447236,"HCP","20","pointwise"
10002,-0.246407,893,185.447236180905,1429.52763819095,"HCP","20","pointwise"
10002,0.243669,657,233.29648241206,1285.97989949749,"HCP","20","pointwise"
10002,-0.741958,548,249.246231155779,1333.82914572864,"DWR","20","pointwise"
10002,-0.246407,893,360.894472361809,1238.13065326633,"DWR","20","pointwise"
10002,0.243669,657,297.095477386935,1238.13065326633,"DWR","20","pointwise"
10002,-0.741958,548,360.894472361809,1493.32663316583,"LC","20","pointwise"
10002,-0.246407,893,376.844221105528,1716.62311557789,"LC","20","pointwise"
10002,0.243669,657,360.894472361809,1349.77889447236,"LC","20","pointwise"
10005,-2.729637,464,328.994974874372,1365.72864321608,"HCP","20","pointwise"
10005,-2.250513,845,440.643216080402,1333.82914572864,"HCP","20","pointwise"
10005,-0.221766,752,360.894472361809,1397.62814070352,"HCP","20","pointwise"
10005,0.221766,459,297.095477386935,1285.97989949749,"HCP","20","pointwise"
10005,0.774812,181,185.447236180905,1014.83417085427,"HCP","20","pointwise"
10005,1.256673,434,153.547738693467,966.984924623115,"HCP","20","pointwise"
10005,-2.729637,464,360.894472361809,1413.57788944724,"DWR","20","pointwise"
10005,-2.250513,845,440.643216080402,1397.62814070352,"DWR","20","pointwise"
10005,-0.221766,752,456.592964824121,1285.97989949749,"DWR","20","pointwise"
10005,0.221766,459,344.94472361809,1301.92964824121,"DWR","20","pointwise"
10005,0.774812,181,185.447236180905,1285.97989949749,"DWR","20","pointwise"
10005,1.256673,434,217.346733668342,1206.23115577889,"DWR","20","pointwise"
10005,-2.729637,464,392.793969849246,1301.92964824121,"LC","20","pointwise"
10005,-2.250513,845,313.045226130653,1732.57286432161,"LC","20","pointwise"
10005,-0.221766,752,328.994974874372,1477.37688442211,"LC","20","pointwise"
10005,0.221766,459,328.994974874372,1270.03015075377,"LC","20","pointwise"
10005,0.774812,181,376.844221105528,1333.82914572864,"LC","20","pointwise"
10005,1.256673,434,10,2099.41708542714,"LC","20","pointwise"
10029,-1.240246,846,297.095477386935,1349.77889447236,"HCP","20","pointwise"
10029,-0.741958,1102,344.94472361809,1365.72864321608,"HCP","20","pointwise"
10029,-0.251882,801,360.894472361809,1301.92964824121,"HCP","20","pointwise"
10029,0.251882,824,249.246231155779,1254.08040201005,"HCP","20","pointwise"
10029,0.769336,866,169.497487437186,1062.68341708543,"HCP","20","pointwise"
10029,1.412731,704,137.597989949749,998.884422110553,"HCP","20","pointwise"
10029,1.806982,757,89.748743718593,998.884422110553,"HCP","20","pointwise"
10029,2.42026,726,73.7989949748744,998.884422110553,"HCP","20","pointwise"
10029,-1.240246,846,440.643216080402,1397.62814070352,"DWR","20","pointwise"
10029,-0.741958,1102,376.844221105528,1349.77889447236,"DWR","20","pointwise"
10029,-0.251882,801,249.246231155779,1301.92964824121,"DWR","20","pointwise"
10029,0.251882,824,233.29648241206,1190.28140703518,"DWR","20","pointwise"
10029,0.769336,866,169.497487437186,1190.28140703518,"DWR","20","pointwise"
10029,1.412731,704,265.195979899498,1222.18090452261,"DWR","20","pointwise"
10029,1.806982,757,10,1046.73366834171,"DWR","20","pointwise"
10029,2.42026,726,73.7989949748744,1078.63316582915,"DWR","20","pointwise"
10029,-1.240246,846,376.844221105528,1206.23115577889,"LC","20","pointwise"
10029,-0.741958,1102,328.994974874372,1413.57788944724,"LC","20","pointwise"
10029,-0.251882,801,376.844221105528,1190.28140703518,"LC","20","pointwise"
10029,0.251882,824,360.894472361809,1365.72864321608,"LC","20","pointwise"
10029,0.769336,866,360.894472361809,1174.33165829146,"LC","20","pointwise"
10029,1.412731,704,169.497487437186,1270.03015075377,"LC","20","pointwise"
10029,1.806982,757,169.497487437186,1301.92964824121,"LC","20","pointwise"
10029,2.42026,726,10,1365.72864321608,"LC","20","pointwise"
10039,-1.393566,1277,328.994974874372,1573.07537688442,"HCP","20","pointwise"
10039,-0.720055,1132,313.045226130653,1589.02512562814,"HCP","20","pointwise"
10039,-0.260096,1454,328.994974874372,1604.97487437186,"HCP","20","pointwise"
10039,0.260096,738,137.597989949749,1365.72864321608,"HCP","20","pointwise"
10039,-1.393566,1277,600.140703517588,1525.22613065327,"DWR","20","pointwise"
10039,-0.720055,1132,376.844221105528,1349.77889447236,"DWR","20","pointwise"
10039,-0.260096,1454,408.743718592965,1397.62814070352,"DWR","20","pointwise"
10039,0.260096,738,89.748743718593,1190.28140703518,"DWR","20","pointwise"
10039,-1.393566,1277,169.497487437186,1700.67336683417,"LC","20","pointwise"
10039,-0.720055,1132,281.145728643216,1700.67336683417,"LC","20","pointwise"
10039,-0.260096,1454,233.29648241206,1620.92462311558,"LC","20","pointwise"
10039,0.260096,738,25.9497487437186,1461.42713567839,"LC","20","pointwise"
10048,-0.306639,994,376.844221105528,1429.52763819095,"HCP","20","pointwise"
10048,0.306639,486,201.396984924623,1349.77889447236,"HCP","20","pointwise"
10048,0.813142,605,137.597989949749,1206.23115577889,"HCP","20","pointwise"
10048,1.09514,880,137.597989949749,1238.13065326633,"HCP","20","pointwise"
10048,1.593429,352,73.7989949748744,1142.43216080402,"HCP","20","pointwise"
10048,2.094456,376,10,1238.13065326633,"HCP","20","pointwise"
10048,2.625599,212,10,1142.43216080402,"HCP","20","pointwise"
10048,3.143053,237,10,1190.28140703518,"HCP","20","pointwise"
10048,-0.306639,994,392.793969849246,1254.08040201005,"DWR","20","pointwise"
10048,0.306639,486,233.29648241206,1190.28140703518,"DWR","20","pointwise"
10048,0.813142,605,137.597989949749,998.884422110553,"DWR","20","pointwise"
10048,1.09514,880,297.095477386935,1158.38190954774,"DWR","20","pointwise"
10048,1.593429,352,169.497487437186,1094.58291457286,"DWR","20","pointwise"
10048,2.094456,376,169.497487437186,1046.73366834171,"DWR","20","pointwise"
10048,2.625599,212,121.64824120603,1062.68341708543,"DWR","20","pointwise"
10048,3.143053,237,153.547738693467,1046.73366834171,"DWR","20","pointwise"
10048,-0.306639,994,297.095477386935,1333.82914572864,"LC","20","pointwise"
10048,0.306639,486,249.246231155779,1429.52763819095,"LC","20","pointwise"
10048,0.813142,605,265.195979899498,1142.43216080402,"LC","20","pointwise"
10048,1.09514,880,233.29648241206,1333.82914572864,"LC","20","pointwise"
10048,1.593429,352,185.447236180905,1301.92964824121,"LC","20","pointwise"
10048,2.094456,376,121.64824120603,1413.57788944724,"LC","20","pointwise"
10048,2.625599,212,89.748743718593,1557.1256281407,"LC","20","pointwise"
10048,3.143053,237,201.396984924623,1126.4824120603,"LC","20","pointwise"
10052,-1.409993,1119,265.195979899498,1254.08040201005,"HCP","20","pointwise"
10052,-0.873374,729,281.145728643216,1254.08040201005,"HCP","20","pointwise"
10052,0.873374,355,105.698492462312,1014.83417085427,"HCP","20","pointwise"
10052,4.358658,611,57.8492462311558,903.185929648241,"HCP","20","pointwise"
10052,-1.409993,1119,376.844221105528,1254.08040201005,"DWR","20","pointwise"
10052,-0.873374,729,408.743718592965,1349.77889447236,"DWR","20","pointwise"
10052,0.873374,355,249.246231155779,1190.28140703518,"DWR","20","pointwise"
10052,4.358658,611,57.8492462311558,1014.83417085427,"DWR","20","pointwise"
10052,-1.409993,1119,392.793969849246,1413.57788944724,"LC","20","pointwise"
10052,-0.873374,729,440.643216080402,1620.92462311558,"LC","20","pointwise"
10052,0.873374,355,217.346733668342,1365.72864321608,"LC","20","pointwise"
10052,4.358658,611,89.748743718593,1365.72864321608,"LC","20","pointwise"
10079,-0.73922,429,297.095477386935,1285.97989949749,"HCP","20","pointwise"
10079,-0.232717,467,328.994974874372,1270.03015075377,"HCP","20","pointwise"
10079,0.232717,599,281.145728643216,1301.92964824121,"HCP","20","pointwise"
10079,0.709103,184,201.396984924623,1078.63316582915,"HCP","20","pointwise"
10079,-0.73922,429,440.643216080402,1317.87939698492,"DWR","20","pointwise"
10079,-0.232717,467,297.095477386935,1397.62814070352,"DWR","20","pointwise"
10079,0.232717,599,297.095477386935,1174.33165829146,"DWR","20","pointwise"
10079,0.709103,184,265.195979899498,1110.53266331658,"DWR","20","pointwise"
10079,-0.73922,429,344.94472361809,1254.08040201005,"LC","20","pointwise"
10079,-0.232717,467,297.095477386935,1461.42713567839,"LC","20","pointwise"
10079,0.232717,599,265.195979899498,1190.28140703518,"LC","20","pointwise"
10079,0.709103,184,344.94472361809,1062.68341708543,"LC","20","pointwise"
10088,-0.279261,783,344.94472361809,1270.03015075377,"HCP","20","pointwise"
10088,0.279261,858,201.396984924623,1222.18090452261,"HCP","20","pointwise"
10088,0.81588,709,137.597989949749,998.884422110553,"HCP","20","pointwise"
10088,1.182752,517,105.698492462312,951.035175879397,"HCP","20","pointwise"
10088,2.223135,952,41.8994974874372,951.035175879397,"HCP","20","pointwise"
10088,2.86653,845,25.9497487437186,919.13567839196,"HCP","20","pointwise"
10088,3.326489,428,73.7989949748744,998.884422110553,"HCP","20","pointwise"
10088,3.756331,755,41.8994974874372,1014.83417085427,"HCP","20","pointwise"
10088,4.235455,463,41.8994974874372,1014.83417085427,"HCP","20","pointwise"
10088,5.075975,484,73.7989949748744,998.884422110553,"HCP","20","pointwise"
10088,5.459274,534,73.7989949748744,982.934673366834,"HCP","20","pointwise"
10088,-0.279261,783,328.994974874372,1174.33165829146,"DWR","20","pointwise"
10088,0.279261,858,217.346733668342,1158.38190954774,"DWR","20","pointwise"
10088,0.81588,709,153.547738693467,1158.38190954774,"DWR","20","pointwise"
10088,1.182752,517,41.8994974874372,1110.53266331658,"DWR","20","pointwise"
10088,2.223135,952,153.547738693467,1094.58291457286,"DWR","20","pointwise"
10088,2.86653,845,10,1094.58291457286,"DWR","20","pointwise"
10088,3.326489,428,105.698492462312,951.035175879397,"DWR","20","pointwise"
10088,3.756331,755,105.698492462312,998.884422110553,"DWR","20","pointwise"
10088,4.235455,463,137.597989949749,1030.78391959799,"DWR","20","pointwise"
10088,5.075975,484,10,1062.68341708543,"DWR","20","pointwise"
10088,5.459274,534,10,1030.78391959799,"DWR","20","pointwise"
10088,-0.279261,783,376.844221105528,1206.23115577889,"LC","20","pointwise"
10088,0.279261,858,281.145728643216,1413.57788944724,"LC","20","pointwise"
10088,0.81588,709,169.497487437186,1317.87939698492,"LC","20","pointwise"
10088,1.182752,517,344.94472361809,1222.18090452261,"LC","20","pointwise"
10088,2.223135,952,233.29648241206,1174.33165829146,"LC","20","pointwise"
10088,2.86653,845,10,1333.82914572864,"LC","20","pointwise"
10088,3.326489,428,185.447236180905,1078.63316582915,"LC","20","pointwise"
10088,3.756331,755,25.9497487437186,1764.47236180905,"LC","20","pointwise"
10088,4.235455,463,10,1270.03015075377,"LC","20","pointwise"
10088,5.075975,484,41.8994974874372,1030.78391959799,"LC","20","pointwise"
10088,5.459274,534,137.597989949749,1381.6783919598,"LC","20","pointwise"
10092,-2.193018,1860,344.94472361809,1317.87939698492,"HCP","20","pointwise"
10092,-1.57974,1420,297.095477386935,1238.13065326633,"HCP","20","pointwise"
10092,-1.062286,2016,297.095477386935,1238.13065326633,"HCP","20","pointwise"
10092,-0.761123,2622,281.145728643216,1254.08040201005,"HCP","20","pointwise"
10092,-2.193018,1860,265.195979899498,1254.08040201005,"DWR","20","pointwise"
10092,-1.57974,1420,313.045226130653,1317.87939698492,"DWR","20","pointwise"
10092,-1.062286,2016,360.894472361809,1333.82914572864,"DWR","20","pointwise"
10092,-0.761123,2622,392.793969849246,1285.97989949749,"DWR","20","pointwise"
10092,-2.193018,1860,185.447236180905,1254.08040201005,"LC","20","pointwise"
10092,-1.57974,1420,360.894472361809,1254.08040201005,"LC","20","pointwise"
10092,-1.062286,2016,344.94472361809,1668.77386934673,"LC","20","pointwise"
10092,-0.761123,2622,10,1716.62311557789,"LC","20","pointwise"
10131,-0.249144,1761,281.145728643216,1461.42713567839,"HCP","20","pointwise"
10131,0.249144,2271,233.29648241206,1349.77889447236,"HCP","20","pointwise"
10131,1.226557,1054,121.64824120603,1158.38190954774,"HCP","20","pointwise"
10131,1.760438,1418,89.748743718593,1174.33165829146,"HCP","20","pointwise"
10131,2.258727,1886,73.7989949748744,1126.4824120603,"HCP","20","pointwise"
10131,3.255305,1306,10,1190.28140703518,"HCP","20","pointwise"
10131,3.928816,1276,10,1158.38190954774,"HCP","20","pointwise"
10131,4.347707,1544,25.9497487437186,1126.4824120603,"HCP","20","pointwise"
10131,4.865161,1230,10,1158.38190954774,"HCP","20","pointwise"
10131,5.344285,1689,10,1174.33165829146,"HCP","20","pointwise"
10131,-0.249144,1761,392.793969849246,1285.97989949749,"DWR","20","pointwise"
10131,0.249144,2271,328.994974874372,1301.92964824121,"DWR","20","pointwise"
10131,1.226557,1054,105.698492462312,1254.08040201005,"DWR","20","pointwise"
10131,1.760438,1418,105.698492462312,1190.28140703518,"DWR","20","pointwise"
10131,2.258727,1886,137.597989949749,1062.68341708543,"DWR","20","pointwise"
10131,3.255305,1306,10,935.085427135678,"DWR","20","pointwise"
10131,3.928816,1276,217.346733668342,1046.73366834171,"DWR","20","pointwise"
10131,4.347707,1544,121.64824120603,982.934673366834,"DWR","20","pointwise"
10131,4.865161,1230,121.64824120603,1190.28140703518,"DWR","20","pointwise"
10131,5.344285,1689,201.396984924623,1078.63316582915,"DWR","20","pointwise"
10131,-0.249144,1761,376.844221105528,1509.27638190955,"LC","20","pointwise"
10131,0.249144,2271,217.346733668342,1636.8743718593,"LC","20","pointwise"
10131,1.226557,1054,57.8492462311558,1381.6783919598,"LC","20","pointwise"
10131,1.760438,1418,121.64824120603,1493.32663316583,"LC","20","pointwise"
10131,2.258727,1886,169.497487437186,1413.57788944724,"LC","20","pointwise"
10131,3.255305,1306,10,1174.33165829146,"LC","20","pointwise"
10131,3.928816,1276,153.547738693467,998.884422110553,"LC","20","pointwise"
10131,4.347707,1544,105.698492462312,1142.43216080402,"LC","20","pointwise"
10131,4.865161,1230,10,1285.97989949749,"LC","20","pointwise"
10131,5.344285,1689,201.396984924623,1397.62814070352,"LC","20","pointwise"
10132,-1.338809,853,344.94472361809,1413.57788944724,"HCP","20","pointwise"
10132,-0.835045,1369,360.894472361809,1461.42713567839,"HCP","20","pointwise"
10132,-0.240931,1049,265.195979899498,1461.42713567839,"HCP","20","pointwise"
10132,0.240931,682,249.246231155779,1317.87939698492,"HCP","20","pointwise"
10132,0.728268,328,169.497487437186,1397.62814070352,"HCP","20","pointwise"
10132,1.256673,480,153.547738693467,1158.38190954774,"HCP","20","pointwise"
10132,1.831622,224,41.8994974874372,1285.97989949749,"HCP","20","pointwise"
10132,2.291581,440,73.7989949748744,1190.28140703518,"HCP","20","pointwise"
10132,-1.338809,853,520.391959798995,1397.62814070352,"DWR","20","pointwise"
10132,-0.835045,1369,440.643216080402,1349.77889447236,"DWR","20","pointwise"
10132,-0.240931,1049,233.29648241206,1429.52763819095,"DWR","20","pointwise"
10132,0.240931,682,313.045226130653,1254.08040201005,"DWR","20","pointwise"
10132,0.728268,328,201.396984924623,1126.4824120603,"DWR","20","pointwise"
10132,1.256673,480,217.346733668342,1206.23115577889,"DWR","20","pointwise"
10132,1.831622,224,249.246231155779,1238.13065326633,"DWR","20","pointwise"
10132,2.291581,440,121.64824120603,1046.73366834171,"DWR","20","pointwise"
10132,-1.338809,853,297.095477386935,2035.61809045226,"LC","20","pointwise"
10132,-0.835045,1369,456.592964824121,1987.76884422111,"LC","20","pointwise"
10132,-0.240931,1049,281.145728643216,2019.66834170854,"LC","20","pointwise"
10132,0.240931,682,185.447236180905,1636.8743718593,"LC","20","pointwise"
10132,0.728268,328,265.195979899498,2179.16582914573,"LC","20","pointwise"
10132,1.256673,480,10,2227.01507537688,"LC","20","pointwise"
10132,1.831622,224,121.64824120603,1429.52763819095,"LC","20","pointwise"
10132,2.291581,440,169.497487437186,1333.82914572864,"LC","20","pointwise"
10135,-1.727584,1470,297.095477386935,1589.02512562814,"HCP","20","pointwise"
10135,-1.226557,1568,344.94472361809,1557.1256281407,"HCP","20","pointwise"
10135,-0.249144,1010,281.145728643216,1525.22613065327,"HCP","20","pointwise"
10135,1.930185,142,73.7989949748744,1046.73366834171,"HCP","20","pointwise"
10135,-1.727584,1470,424.693467336683,1397.62814070352,"DWR","20","pointwise"
10135,-1.226557,1568,440.643216080402,1461.42713567839,"DWR","20","pointwise"
10135,-0.249144,1010,376.844221105528,1333.82914572864,"DWR","20","pointwise"
10135,1.930185,142,121.64824120603,1062.68341708543,"DWR","20","pointwise"
10135,-1.727584,1470,137.597989949749,1876.12060301508,"LC","20","pointwise"
10135,-1.226557,1568,10,1668.77386934673,"LC","20","pointwise"
10135,-0.249144,1010,105.698492462312,1445.47738693467,"LC","20","pointwise"
10135,1.930185,142,121.64824120603,1493.32663316583,"LC","20","pointwise"
10145,-1.253936,561,360.894472361809,1301.92964824121,"HCP","20","pointwise"
10145,-0.755647,1102,344.94472361809,1445.47738693467,"HCP","20","pointwise"
10145,-0.240931,1620,313.045226130653,1317.87939698492,"HCP","20","pointwise"
10145,0.238193,697,281.145728643216,1254.08040201005,"HCP","20","pointwise"
10145,0.766598,538,201.396984924623,1078.63316582915,"HCP","20","pointwise"
10145,1.284052,811,185.447236180905,1126.4824120603,"HCP","20","pointwise"
10145,1.779603,592,137.597989949749,1174.33165829146,"HCP","20","pointwise"
10145,2.277892,568,169.497487437186,1046.73366834171,"HCP","20","pointwise"
10145,2.795346,384,121.64824120603,1014.83417085427,"HCP","20","pointwise"
10145,3.293634,431,153.547738693467,935.085427135678,"HCP","20","pointwise"
10145,3.772758,544,89.748743718593,982.934673366834,"HCP","20","pointwise"
10145,4.290212,677,121.64824120603,951.035175879397,"HCP","20","pointwise"
10145,-1.253936,561,424.693467336683,1333.82914572864,"DWR","20","pointwise"
10145,-0.755647,1102,472.542713567839,1301.92964824121,"DWR","20","pointwise"
10145,-0.240931,1620,424.693467336683,1333.82914572864,"DWR","20","pointwise"
10145,0.238193,697,249.246231155779,1238.13065326633,"DWR","20","pointwise"
10145,0.766598,538,233.29648241206,1126.4824120603,"DWR","20","pointwise"
10145,1.284052,811,169.497487437186,1062.68341708543,"DWR","20","pointwise"
10145,1.779603,592,185.447236180905,1046.73366834171,"DWR","20","pointwise"
10145,2.277892,568,105.698492462312,1078.63316582915,"DWR","20","pointwise"
10145,2.795346,384,10,1030.78391959799,"DWR","20","pointwise"
10145,3.293634,431,10,1094.58291457286,"DWR","20","pointwise"
10145,3.772758,544,41.8994974874372,1014.83417085427,"DWR","20","pointwise"
10145,4.290212,677,89.748743718593,1030.78391959799,"DWR","20","pointwise"
10145,-1.253936,561,328.994974874372,1700.67336683417,"LC","20","pointwise"
10145,-0.755647,1102,249.246231155779,1844.22110552764,"LC","20","pointwise"
10145,-0.240931,1620,392.793969849246,2099.41708542714,"LC","20","pointwise"
10145,0.238193,697,297.095477386935,1397.62814070352,"LC","20","pointwise"
10145,0.766598,538,217.346733668342,1461.42713567839,"LC","20","pointwise"
10145,1.284052,811,313.045226130653,1716.62311557789,"LC","20","pointwise"
10145,1.779603,592,105.698492462312,1700.67336683417,"LC","20","pointwise"
10145,2.277892,568,10,1381.6783919598,"LC","20","pointwise"
10145,2.795346,384,217.346733668342,1126.4824120603,"LC","20","pointwise"
10145,3.293634,431,185.447236180905,1270.03015075377,"LC","20","pointwise"
10145,3.772758,544,89.748743718593,919.13567839196,"LC","20","pointwise"
10145,4.290212,677,73.7989949748744,1190.28140703518,"LC","20","pointwise"
10171,-1.270363,218,313.045226130653,1365.72864321608,"HCP","20","pointwise"
10171,-0.73922,2241,265.195979899498,1541.17587939698,"HCP","20","pointwise"
10171,-0.229979,1714,281.145728643216,1557.1256281407,"HCP","20","pointwise"
10171,0.229979,1250,217.346733668342,1301.92964824121,"HCP","20","pointwise"
10171,0.709103,499,121.64824120603,1174.33165829146,"HCP","20","pointwise"
10171,1.744011,382,121.64824120603,1062.68341708543,"HCP","20","pointwise"
10171,-1.270363,218,185.447236180905,1413.57788944724,"DWR","20","pointwise"
10171,-0.73922,2241,424.693467336683,1413.57788944724,"DWR","20","pointwise"
10171,-0.229979,1714,376.844221105528,1333.82914572864,"DWR","20","pointwise"
10171,0.229979,1250,360.894472361809,1333.82914572864,"DWR","20","pointwise"
10171,0.709103,499,249.246231155779,1222.18090452261,"DWR","20","pointwise"
10171,1.744011,382,217.346733668342,1014.83417085427,"DWR","20","pointwise"
10171,-1.270363,218,328.994974874372,1285.97989949749,"LC","20","pointwise"
10171,-0.73922,2241,313.045226130653,1716.62311557789,"LC","20","pointwise"
10171,-0.229979,1714,265.195979899498,1652.82412060301,"LC","20","pointwise"
10171,0.229979,1250,153.547738693467,1923.96984924623,"LC","20","pointwise"
10171,0.709103,499,249.246231155779,1317.87939698492,"LC","20","pointwise"
10171,1.744011,382,10,1923.96984924623,"LC","20","pointwise"
10173,-2.759754,1435,313.045226130653,1445.47738693467,"HCP","20","pointwise"
10173,-0.766598,1265,360.894472361809,1397.62814070352,"HCP","20","pointwise"
10173,-0.249144,960,328.994974874372,1317.87939698492,"HCP","20","pointwise"
10173,0.249144,944,201.396984924623,1206.23115577889,"HCP","20","pointwise"
10173,0.747433,766,217.346733668342,1126.4824120603,"HCP","20","pointwise"
10173,1.207392,1265,137.597989949749,1094.58291457286,"HCP","20","pointwise"
10173,-2.759754,1435,472.542713567839,1509.27638190955,"DWR","20","pointwise"
10173,-0.766598,1265,424.693467336683,1349.77889447236,"DWR","20","pointwise"
10173,-0.249144,960,472.542713567839,1285.97989949749,"DWR","20","pointwise"
10173,0.249144,944,265.195979899498,1301.92964824121,"DWR","20","pointwise"
10173,0.747433,766,185.447236180905,1078.63316582915,"DWR","20","pointwise"
10173,1.207392,1265,233.29648241206,1142.43216080402,"DWR","20","pointwise"
10173,-2.759754,1435,265.195979899498,1828.27135678392,"LC","20","pointwise"
10173,-0.766598,1265,249.246231155779,1573.07537688442,"LC","20","pointwise"
10173,-0.249144,960,10,2131.31658291457,"LC","20","pointwise"
10173,0.249144,944,313.045226130653,1429.52763819095,"LC","20","pointwise"
10173,0.747433,766,233.29648241206,1397.62814070352,"LC","20","pointwise"
10173,1.207392,1265,249.246231155779,1652.82412060301,"LC","20","pointwise"
10175,-0.249144,639,297.095477386935,1445.47738693467,"HCP","20","pointwise"
10175,0.249144,540,185.447236180905,1301.92964824121,"HCP","20","pointwise"
10175,-0.249144,639,233.29648241206,1254.08040201005,"DWR","20","pointwise"
10175,0.249144,540,169.497487437186,1174.33165829146,"DWR","20","pointwise"
10175,-0.249144,639,328.994974874372,1716.62311557789,"LC","20","pointwise"
10175,0.249144,540,313.045226130653,1477.37688442211,"LC","20","pointwise"
10191,-0.750171,1261,312.010050251256,1504.94974874372,"HCP","20","pointwise"
10191,-0.243669,3184,357.311557788945,1399.24623115578,"HCP","20","pointwise"
10191,0.243669,1225,266.708542713568,1399.24623115578,"HCP","20","pointwise"
10191,0.722793,804,161.005025125628,1263.34170854271,"HCP","20","pointwise"
10191,1.182752,742,100.603015075377,1293.54271356784,"HCP","20","pointwise"
10191,2.217659,756,85.5025125628141,1308.6432160804,"HCP","20","pointwise"
10191,2.715948,368,70.4020100502512,1263.34170854271,"HCP","20","pointwise"
10191,4.202601,1156,100.603015075377,1172.73869346734,"HCP","20","pointwise"
10191,-0.750171,1261,372.412060301508,1399.24623115578,"DWR","20","pointwise"
10191,-0.243669,3184,372.412060301508,1293.54271356784,"DWR","20","pointwise"
10191,0.243669,1225,312.010050251256,1233.14070351759,"DWR","20","pointwise"
10191,0.722793,804,296.909547738693,1278.44221105528,"DWR","20","pointwise"
10191,1.182752,742,206.306532663317,1082.13567839196,"DWR","20","pointwise"
10191,2.217659,756,145.904522613065,1127.43718592965,"DWR","20","pointwise"
10191,2.715948,368,55.3015075376884,1097.23618090452,"DWR","20","pointwise"
10191,4.202601,1156,85.5025125628141,946.231155778895,"DWR","20","pointwise"
10191,-0.750171,1261,281.809045226131,1474.74874371859,"LC","20","pointwise"
10191,-0.243669,3184,161.005025125628,1565.35175879397,"LC","20","pointwise"
10191,0.243669,1225,402.613065326633,1187.8391959799,"LC","20","pointwise"
10191,0.722793,804,221.407035175879,1746.55778894472,"LC","20","pointwise"
10191,1.182752,742,236.507537688442,1414.34673366834,"LC","20","pointwise"
10191,2.217659,756,85.5025125628141,1550.25125628141,"LC","20","pointwise"
10191,2.715948,368,10,1671.05527638191,"LC","20","pointwise"
10191,4.202601,1156,10,1776.75879396985,"LC","20","pointwise"
10196,0.251882,584,233.29648241206,1270.03015075377,"HCP","20","pointwise"
10196,0.750171,447,153.547738693467,1190.28140703518,"HCP","20","pointwise"
10196,1.226557,439,153.547738693467,1126.4824120603,"HCP","20","pointwise"
10196,3.22245,340,10,1174.33165829146,"HCP","20","pointwise"
10196,3.737166,207,10,1174.33165829146,"HCP","20","pointwise"
10196,0.251882,584,153.547738693467,1301.92964824121,"DWR","20","pointwise"
10196,0.750171,447,297.095477386935,1158.38190954774,"DWR","20","pointwise"
10196,1.226557,439,73.7989949748744,1206.23115577889,"DWR","20","pointwise"
10196,3.22245,340,73.7989949748744,998.884422110553,"DWR","20","pointwise"
10196,3.737166,207,105.698492462312,1126.4824120603,"DWR","20","pointwise"
10196,0.251882,584,249.246231155779,1987.76884422111,"LC","20","pointwise"
10196,0.750171,447,249.246231155779,1764.47236180905,"LC","20","pointwise"
10196,1.226557,439,10,2083.46733668342,"LC","20","pointwise"
10196,3.22245,340,281.145728643216,1317.87939698492,"LC","20","pointwise"
10196,3.737166,207,10,1301.92964824121,"LC","20","pointwise"
10204,-0.249144,1159,360.894472361809,1333.82914572864,"HCP","20","pointwise"
10204,0.249144,1172,249.246231155779,1206.23115577889,"HCP","20","pointwise"
10204,0.752909,653,185.447236180905,1030.78391959799,"HCP","20","pointwise"
10204,1.180014,741,201.396984924623,982.934673366834,"HCP","20","pointwise"
10204,1.73306,736,153.547738693467,982.934673366834,"HCP","20","pointwise"
10204,2.231348,851,89.748743718593,1046.73366834171,"HCP","20","pointwise"
10204,2.729637,717,89.748743718593,966.984924623115,"HCP","20","pointwise"
10204,3.227926,592,73.7989949748744,1014.83417085427,"HCP","20","pointwise"
10204,4.224504,613,105.698492462312,998.884422110553,"HCP","20","pointwise"
10204,4.722793,423,105.698492462312,951.035175879397,"HCP","20","pointwise"
10204,5.259411,480,105.698492462312,966.984924623115,"HCP","20","pointwise"
10204,-0.249144,1159,456.592964824121,1254.08040201005,"DWR","20","pointwise"
10204,0.249144,1172,185.447236180905,1190.28140703518,"DWR","20","pointwise"
10204,0.752909,653,217.346733668342,1285.97989949749,"DWR","20","pointwise"
10204,1.180014,741,153.547738693467,1062.68341708543,"DWR","20","pointwise"
10204,1.73306,736,105.698492462312,1014.83417085427,"DWR","20","pointwise"
10204,2.231348,851,105.698492462312,1078.63316582915,"DWR","20","pointwise"
10204,2.729637,717,153.547738693467,966.984924623115,"DWR","20","pointwise"
10204,3.227926,592,41.8994974874372,1126.4824120603,"DWR","20","pointwise"
10204,4.224504,613,73.7989949748744,1046.73366834171,"DWR","20","pointwise"
10204,4.722793,423,10,1301.92964824121,"DWR","20","pointwise"
10204,5.259411,480,137.597989949749,1014.83417085427,"DWR","20","pointwise"
10204,-0.249144,1159,265.195979899498,1206.23115577889,"LC","20","pointwise"
10204,0.249144,1172,344.94472361809,1206.23115577889,"LC","20","pointwise"
10204,0.752909,653,408.743718592965,1222.18090452261,"LC","20","pointwise"
10204,1.180014,741,217.346733668342,1413.57788944724,"LC","20","pointwise"
10204,1.73306,736,89.748743718593,1285.97989949749,"LC","20","pointwise"
10204,2.231348,851,185.447236180905,1429.52763819095,"LC","20","pointwise"
10204,2.729637,717,153.547738693467,1110.53266331658,"LC","20","pointwise"
10204,3.227926,592,201.396984924623,1222.18090452261,"LC","20","pointwise"
10204,4.224504,613,25.9497487437186,1557.1256281407,"LC","20","pointwise"
10204,4.722793,423,233.29648241206,1317.87939698492,"LC","20","pointwise"
10204,5.259411,480,105.698492462312,1844.22110552764,"LC","20","pointwise"
10213,-0.243669,933,313.045226130653,1317.87939698492,"HCP","20","pointwise"
10213,0.243669,876,249.246231155779,1238.13065326633,"HCP","20","pointwise"
10213,0.741958,178,185.447236180905,1126.4824120603,"HCP","20","pointwise"
10213,1.223819,727,137.597989949749,1094.58291457286,"HCP","20","pointwise"
10213,1.722108,539,10,1158.38190954774,"HCP","20","pointwise"
10213,2.737851,756,10,1110.53266331658,"HCP","20","pointwise"
10213,3.255305,649,10,1126.4824120603,"HCP","20","pointwise"
10213,3.772758,428,41.8994974874372,1094.58291457286,"HCP","20","pointwise"
10213,-0.243669,933,408.743718592965,1254.08040201005,"DWR","20","pointwise"
10213,0.243669,876,504.442211055276,1381.6783919598,"DWR","20","pointwise"
10213,0.741958,178,169.497487437186,1174.33165829146,"DWR","20","pointwise"
10213,1.223819,727,185.447236180905,1094.58291457286,"DWR","20","pointwise"
10213,1.722108,539,297.095477386935,1190.28140703518,"DWR","20","pointwise"
10213,2.737851,756,121.64824120603,998.884422110553,"DWR","20","pointwise"
10213,3.255305,649,249.246231155779,1110.53266331658,"DWR","20","pointwise"
10213,3.772758,428,153.547738693467,1126.4824120603,"DWR","20","pointwise"
10213,-0.243669,933,313.045226130653,1509.27638190955,"LC","20","pointwise"
10213,0.243669,876,121.64824120603,1700.67336683417,"LC","20","pointwise"
10213,0.741958,178,249.246231155779,1461.42713567839,"LC","20","pointwise"
10213,1.223819,727,121.64824120603,1780.42211055276,"LC","20","pointwise"
10213,1.722108,539,25.9497487437186,1525.22613065327,"LC","20","pointwise"
10213,2.737851,756,10,1620.92462311558,"LC","20","pointwise"
10213,3.255305,649,25.9497487437186,1238.13065326633,"LC","20","pointwise"
10213,3.772758,428,105.698492462312,1285.97989949749,"LC","20","pointwise"
10221,-1.201916,1536,376.844221105528,1413.57788944724,"HCP","20","pointwise"
10221,-0.709103,688,328.994974874372,1429.52763819095,"HCP","20","pointwise"
10221,-0.210815,1562,249.246231155779,1429.52763819095,"HCP","20","pointwise"
10221,0.210815,547,297.095477386935,1397.62814070352,"HCP","20","pointwise"
10221,1.212868,912,121.64824120603,1078.63316582915,"HCP","20","pointwise"
10221,1.711157,660,73.7989949748744,1142.43216080402,"HCP","20","pointwise"
10221,2.691307,477,89.748743718593,1174.33165829146,"HCP","20","pointwise"
10221,3.244353,446,10,1110.53266331658,"HCP","20","pointwise"
10221,3.704312,348,10,1158.38190954774,"HCP","20","pointwise"
10221,4.271047,138,10,1174.33165829146,"HCP","20","pointwise"
10221,-1.201916,1536,472.542713567839,1365.72864321608,"DWR","20","pointwise"
10221,-0.709103,688,392.793969849246,1270.03015075377,"DWR","20","pointwise"
10221,-0.210815,1562,456.592964824121,1270.03015075377,"DWR","20","pointwise"
10221,0.210815,547,392.793969849246,1270.03015075377,"DWR","20","pointwise"
10221,1.212868,912,281.145728643216,1174.33165829146,"DWR","20","pointwise"
10221,1.711157,660,233.29648241206,1094.58291457286,"DWR","20","pointwise"
10221,2.691307,477,10,1270.03015075377,"DWR","20","pointwise"
10221,3.244353,446,185.447236180905,1062.68341708543,"DWR","20","pointwise"
10221,3.704312,348,121.64824120603,1014.83417085427,"DWR","20","pointwise"
10221,4.271047,138,121.64824120603,1158.38190954774,"DWR","20","pointwise"
10221,-1.201916,1536,10,2609.80904522613,"LC","20","pointwise"
10221,-0.709103,688,344.94472361809,1796.37185929648,"LC","20","pointwise"
10221,-0.210815,1562,121.64824120603,1222.18090452261,"LC","20","pointwise"
10221,0.210815,547,10,2195.11557788945,"LC","20","pointwise"
10221,1.212868,912,10,1477.37688442211,"LC","20","pointwise"
10221,1.711157,660,153.547738693467,2099.41708542714,"LC","20","pointwise"
10221,2.691307,477,57.8492462311558,1429.52763819095,"LC","20","pointwise"
10221,3.244353,446,137.597989949749,1844.22110552764,"LC","20","pointwise"
10221,3.704312,348,137.597989949749,1620.92462311558,"LC","20","pointwise"
10221,4.271047,138,10,1987.76884422111,"LC","20","pointwise"
10222,-2.803559,734,344.94472361809,1397.62814070352,"HCP","20","pointwise"
10222,-1.787817,817,376.844221105528,1365.72864321608,"HCP","20","pointwise"
10222,-1.327858,994,376.844221105528,1413.57788944724,"HCP","20","pointwise"
10222,-0.829569,710,344.94472361809,1413.57788944724,"HCP","20","pointwise"
10222,0.813142,275,153.547738693467,1062.68341708543,"HCP","20","pointwise"
10222,1.319644,147,137.597989949749,1030.78391959799,"HCP","20","pointwise"
10222,-2.803559,734,440.643216080402,1254.08040201005,"DWR","20","pointwise"
10222,-1.787817,817,328.994974874372,1317.87939698492,"DWR","20","pointwise"
10222,-1.327858,994,344.94472361809,1270.03015075377,"DWR","20","pointwise"
10222,-0.829569,710,392.793969849246,1238.13065326633,"DWR","20","pointwise"
10222,0.813142,275,185.447236180905,1062.68341708543,"DWR","20","pointwise"
10222,1.319644,147,201.396984924623,1142.43216080402,"DWR","20","pointwise"
10222,-2.803559,734,392.793969849246,1174.33165829146,"LC","20","pointwise"
10222,-1.787817,817,376.844221105528,1429.52763819095,"LC","20","pointwise"
10222,-1.327858,994,376.844221105528,1461.42713567839,"LC","20","pointwise"
10222,-0.829569,710,10,1636.8743718593,"LC","20","pointwise"
10222,0.813142,275,376.844221105528,1620.92462311558,"LC","20","pointwise"
10222,1.319644,147,10,1477.37688442211,"LC","20","pointwise"
10259,-0.260096,821,360.894472361809,1429.52763819095,"HCP","20","pointwise"
10259,0.260096,1005,185.447236180905,1285.97989949749,"HCP","20","pointwise"
10259,0.758385,364,201.396984924623,1110.53266331658,"HCP","20","pointwise"
10259,3.27447,520,73.7989949748744,1030.78391959799,"HCP","20","pointwise"
10259,3.753593,279,41.8994974874372,982.934673366834,"HCP","20","pointwise"
10259,4.251882,579,57.8492462311558,951.035175879397,"HCP","20","pointwise"
10259,4.750171,348,10,919.13567839196,"HCP","20","pointwise"
10259,-0.260096,821,392.793969849246,1317.87939698492,"DWR","20","pointwise"
10259,0.260096,1005,344.94472361809,1174.33165829146,"DWR","20","pointwise"
10259,0.758385,364,217.346733668342,1158.38190954774,"DWR","20","pointwise"
10259,3.27447,520,185.447236180905,1142.43216080402,"DWR","20","pointwise"
10259,3.753593,279,201.396984924623,1126.4824120603,"DWR","20","pointwise"
10259,4.251882,579,57.8492462311558,1078.63316582915,"DWR","20","pointwise"
10259,4.750171,348,10,1110.53266331658,"DWR","20","pointwise"
10259,-0.260096,821,488.492462311558,1397.62814070352,"LC","20","pointwise"
10259,0.260096,1005,376.844221105528,1270.03015075377,"LC","20","pointwise"
10259,0.758385,364,201.396984924623,1509.27638190955,"LC","20","pointwise"
10259,3.27447,520,89.748743718593,1222.18090452261,"LC","20","pointwise"
10259,3.753593,279,217.346733668342,1397.62814070352,"LC","20","pointwise"
10259,4.251882,579,249.246231155779,1142.43216080402,"LC","20","pointwise"
10259,4.750171,348,25.9497487437186,998.884422110553,"LC","20","pointwise"
10263,-0.774812,328,281.145728643216,1509.27638190955,"HCP","20","pointwise"
10263,-0.257358,542,360.894472361809,1461.42713567839,"HCP","20","pointwise"
10263,0.257358,454,217.346733668342,1206.23115577889,"HCP","20","pointwise"
10263,1.73306,316,105.698492462312,1126.4824120603,"HCP","20","pointwise"
10263,-0.774812,328,281.145728643216,1349.77889447236,"DWR","20","pointwise"
10263,-0.257358,542,520.391959798995,1365.72864321608,"DWR","20","pointwise"
10263,0.257358,454,185.447236180905,1270.03015075377,"DWR","20","pointwise"
10263,1.73306,316,89.748743718593,998.884422110553,"DWR","20","pointwise"
10263,-0.774812,328,424.693467336683,1365.72864321608,"LC","20","pointwise"
10263,-0.257358,542,281.145728643216,1429.52763819095,"LC","20","pointwise"
10263,0.257358,454,233.29648241206,1333.82914572864,"LC","20","pointwise"
10263,1.73306,316,297.095477386935,1333.82914572864,"LC","20","pointwise"
10273,-2.685832,491,281.145728643216,1525.22613065327,"HCP","20","pointwise"
10273,-2.198494,1114,360.894472361809,1557.1256281407,"HCP","20","pointwise"
10273,-1.744011,1125,392.793969849246,1509.27638190955,"HCP","20","pointwise"
10273,0.249144,1009,169.497487437186,1301.92964824121,"HCP","20","pointwise"
10273,0.747433,1010,153.547738693467,1062.68341708543,"HCP","20","pointwise"
10273,1.303217,964,137.597989949749,1014.83417085427,"HCP","20","pointwise"
10273,1.801506,1029,73.7989949748744,966.984924623115,"HCP","20","pointwise"
10273,-2.685832,491,376.844221105528,1301.92964824121,"DWR","20","pointwise"
10273,-2.198494,1114,424.693467336683,1365.72864321608,"DWR","20","pointwise"
10273,-1.744011,1125,408.743718592965,1397.62814070352,"DWR","20","pointwise"
10273,0.249144,1009,153.547738693467,1301.92964824121,"DWR","20","pointwise"
10273,0.747433,1010,185.447236180905,1078.63316582915,"DWR","20","pointwise"
10273,1.303217,964,169.497487437186,1126.4824120603,"DWR","20","pointwise"
10273,1.801506,1029,153.547738693467,1062.68341708543,"DWR","20","pointwise"
10273,-2.685832,491,169.497487437186,1509.27638190955,"LC","20","pointwise"
10273,-2.198494,1114,249.246231155779,1573.07537688442,"LC","20","pointwise"
10273,-1.744011,1125,456.592964824121,1365.72864321608,"LC","20","pointwise"
10273,0.249144,1009,265.195979899498,1285.97989949749,"LC","20","pointwise"
10273,0.747433,1010,169.497487437186,1493.32663316583,"LC","20","pointwise"
10273,1.303217,964,201.396984924623,1301.92964824121,"LC","20","pointwise"
10273,1.801506,1029,121.64824120603,1541.17587939698,"LC","20","pointwise"
10290,-1.256673,627,376.844221105528,1477.37688442211,"HCP","20","pointwise"
10290,-0.260096,657,344.94472361809,1477.37688442211,"HCP","20","pointwise"
10290,0.260096,504,185.447236180905,1222.18090452261,"HCP","20","pointwise"
10290,1.620808,355,137.597989949749,1014.83417085427,"HCP","20","pointwise"
10290,-1.256673,627,392.793969849246,1317.87939698492,"DWR","20","pointwise"
10290,-0.260096,657,424.693467336683,1285.97989949749,"DWR","20","pointwise"
10290,0.260096,504,313.045226130653,1222.18090452261,"DWR","20","pointwise"
10290,1.620808,355,169.497487437186,1046.73366834171,"DWR","20","pointwise"
10290,-1.256673,627,424.693467336683,1206.23115577889,"LC","20","pointwise"
10290,-0.260096,657,376.844221105528,1365.72864321608,"LC","20","pointwise"
10290,0.260096,504,153.547738693467,1317.87939698492,"LC","20","pointwise"
10290,1.620808,355,281.145728643216,1158.38190954774,"LC","20","pointwise"
10302,-1.242984,1985,344.94472361809,1557.1256281407,"HCP","20","pointwise"
10302,-0.744695,1782,328.994974874372,1604.97487437186,"HCP","20","pointwise"
10302,-0.240931,1081,281.145728643216,1589.02512562814,"HCP","20","pointwise"
10302,0.240931,789,153.547738693467,1429.52763819095,"HCP","20","pointwise"
10302,2.272416,991,25.9497487437186,1158.38190954774,"HCP","20","pointwise"
10302,2.770705,1199,41.8994974874372,1078.63316582915,"HCP","20","pointwise"
10302,3.268994,833,10,1078.63316582915,"HCP","20","pointwise"
10302,3.767283,845,25.9497487437186,1062.68341708543,"HCP","20","pointwise"
10302,4.265572,693,41.8994974874372,1014.83417085427,"HCP","20","pointwise"
10302,-1.242984,1985,360.894472361809,1254.08040201005,"DWR","20","pointwise"
10302,-0.744695,1782,313.045226130653,1381.6783919598,"DWR","20","pointwise"
10302,-0.240931,1081,408.743718592965,1301.92964824121,"DWR","20","pointwise"
10302,0.240931,789,281.145728643216,1222.18090452261,"DWR","20","pointwise"
10302,2.272416,991,233.29648241206,1062.68341708543,"DWR","20","pointwise"
10302,2.770705,1199,249.246231155779,1206.23115577889,"DWR","20","pointwise"
10302,3.268994,833,73.7989949748744,1046.73366834171,"DWR","20","pointwise"
10302,3.767283,845,105.698492462312,1030.78391959799,"DWR","20","pointwise"
10302,4.265572,693,10,1078.63316582915,"DWR","20","pointwise"
10302,-1.242984,1985,344.94472361809,1700.67336683417,"LC","20","pointwise"
10302,-0.744695,1782,281.145728643216,1796.37185929648,"LC","20","pointwise"
10302,-0.240931,1081,265.195979899498,1812.3216080402,"LC","20","pointwise"
10302,0.240931,789,265.195979899498,1477.37688442211,"LC","20","pointwise"
10302,2.272416,991,121.64824120603,1333.82914572864,"LC","20","pointwise"
10302,2.770705,1199,233.29648241206,1094.58291457286,"LC","20","pointwise"
10302,3.268994,833,185.447236180905,1413.57788944724,"LC","20","pointwise"
10302,3.767283,845,121.64824120603,1254.08040201005,"LC","20","pointwise"
10302,4.265572,693,217.346733668342,1222.18090452261,"LC","20","pointwise"
10304,-1.667351,587,376.844221105528,1349.77889447236,"HCP","20","pointwise"
10304,-1.193703,638,328.994974874372,1317.87939698492,"HCP","20","pointwise"
10304,-0.673511,583,328.994974874372,1333.82914572864,"HCP","20","pointwise"
10304,-0.249144,479,344.94472361809,1285.97989949749,"HCP","20","pointwise"
10304,1.152635,588,185.447236180905,951.035175879397,"HCP","20","pointwise"
10304,1.40178,826,185.447236180905,966.984924623115,"HCP","20","pointwise"
10304,1.91102,273,105.698492462312,966.984924623115,"HCP","20","pointwise"
10304,2.737851,324,57.8492462311558,1046.73366834171,"HCP","20","pointwise"
10304,3.23614,515,41.8994974874372,1030.78391959799,"HCP","20","pointwise"
10304,-1.667351,587,233.29648241206,1365.72864321608,"DWR","20","pointwise"
10304,-1.193703,638,456.592964824121,1413.57788944724,"DWR","20","pointwise"
10304,-0.673511,583,344.94472361809,1381.6783919598,"DWR","20","pointwise"
10304,-0.249144,479,456.592964824121,1301.92964824121,"DWR","20","pointwise"
10304,1.152635,588,233.29648241206,1158.38190954774,"DWR","20","pointwise"
10304,1.40178,826,121.64824120603,1078.63316582915,"DWR","20","pointwise"
10304,1.91102,273,10,1094.58291457286,"DWR","20","pointwise"
10304,2.737851,324,121.64824120603,1078.63316582915,"DWR","20","pointwise"
10304,3.23614,515,89.748743718593,966.984924623115,"DWR","20","pointwise"
10304,-1.667351,587,424.693467336683,1445.47738693467,"LC","20","pointwise"
10304,-1.193703,638,472.542713567839,1573.07537688442,"LC","20","pointwise"
10304,-0.673511,583,57.8492462311558,1652.82412060301,"LC","20","pointwise"
10304,-0.249144,479,105.698492462312,1541.17587939698,"LC","20","pointwise"
10304,1.152635,588,233.29648241206,1206.23115577889,"LC","20","pointwise"
10304,1.40178,826,313.045226130653,1046.73366834171,"LC","20","pointwise"
10304,1.91102,273,217.346733668342,1525.22613065327,"LC","20","pointwise"
10304,2.737851,324,25.9497487437186,1397.62814070352,"LC","20","pointwise"
10304,3.23614,515,313.045226130653,1158.38190954774,"LC","20","pointwise"
10323,-2.384668,876,392.793969849246,1365.72864321608,"HCP","20","pointwise"
10323,-1.869952,1509,408.743718592965,1413.57788944724,"HCP","20","pointwise"
10323,-1.366188,1701,440.643216080402,1397.62814070352,"HCP","20","pointwise"
10323,-0.867899,1288,376.844221105528,1365.72864321608,"HCP","20","pointwise"
10323,1.278576,683,89.748743718593,1142.43216080402,"HCP","20","pointwise"
10323,1.700205,753,57.8492462311558,1046.73366834171,"HCP","20","pointwise"
10323,2.149213,686,41.8994974874372,1094.58291457286,"HCP","20","pointwise"
10323,2.524298,576,25.9497487437186,998.884422110553,"HCP","20","pointwise"
10323,3.080082,647,10,1030.78391959799,"HCP","20","pointwise"
10323,-2.384668,876,328.994974874372,1397.62814070352,"DWR","20","pointwise"
10323,-1.869952,1509,408.743718592965,1238.13065326633,"DWR","20","pointwise"
10323,-1.366188,1701,392.793969849246,1349.77889447236,"DWR","20","pointwise"
10323,-0.867899,1288,281.145728643216,1381.6783919598,"DWR","20","pointwise"
10323,1.278576,683,153.547738693467,1126.4824120603,"DWR","20","pointwise"
10323,1.700205,753,217.346733668342,1094.58291457286,"DWR","20","pointwise"
10323,2.149213,686,137.597989949749,1094.58291457286,"DWR","20","pointwise"
10323,2.524298,576,169.497487437186,1190.28140703518,"DWR","20","pointwise"
10323,3.080082,647,105.698492462312,1030.78391959799,"DWR","20","pointwise"
10323,-2.384668,876,456.592964824121,1301.92964824121,"LC","20","pointwise"
10323,-1.869952,1509,153.547738693467,1541.17587939698,"LC","20","pointwise"
10323,-1.366188,1701,281.145728643216,1445.47738693467,"LC","20","pointwise"
10323,-0.867899,1288,73.7989949748744,1461.42713567839,"LC","20","pointwise"
10323,1.278576,683,57.8492462311558,1349.77889447236,"LC","20","pointwise"
10323,1.700205,753,169.497487437186,1365.72864321608,"LC","20","pointwise"
10323,2.149213,686,185.447236180905,1381.6783919598,"LC","20","pointwise"
10323,2.524298,576,73.7989949748744,1477.37688442211,"LC","20","pointwise"
10323,3.080082,647,233.29648241206,1094.58291457286,"LC","20","pointwise"
10343,-1.604381,1472,360.894472361809,1493.32663316583,"HCP","20","pointwise"
10343,-0.25462,1589,265.195979899498,1557.1256281407,"HCP","20","pointwise"
10343,1.519507,739,73.7989949748744,1285.97989949749,"HCP","20","pointwise"
10343,-1.604381,1472,376.844221105528,1429.52763819095,"DWR","20","pointwise"
10343,-0.25462,1589,440.643216080402,1365.72864321608,"DWR","20","pointwise"
10343,1.519507,739,153.547738693467,1062.68341708543,"DWR","20","pointwise"
10343,-1.604381,1472,121.64824120603,1301.92964824121,"LC","20","pointwise"
10343,-0.25462,1589,233.29648241206,1700.67336683417,"LC","20","pointwise"
10343,1.519507,739,25.9497487437186,1477.37688442211,"LC","20","pointwise"
10344,-0.747433,1549,281.145728643216,1509.27638190955,"HCP","20","pointwise"
10344,-0.249144,2187,313.045226130653,1509.27638190955,"HCP","20","pointwise"
10344,0.249144,1637,233.29648241206,1254.08040201005,"HCP","20","pointwise"
10344,0.728268,1164,217.346733668342,1174.33165829146,"HCP","20","pointwise"
10344,2.817248,1521,73.7989949748744,1078.63316582915,"HCP","20","pointwise"
10344,3.392197,792,89.748743718593,1030.78391959799,"HCP","20","pointwise"
10344,3.912389,1038,105.698492462312,982.934673366834,"HCP","20","pointwise"
10344,4.361396,719,137.597989949749,998.884422110553,"HCP","20","pointwise"
10344,4.810404,1115,105.698492462312,1014.83417085427,"HCP","20","pointwise"
10344,-0.747433,1549,456.592964824121,1317.87939698492,"DWR","20","pointwise"
10344,-0.249144,2187,360.894472361809,1333.82914572864,"DWR","20","pointwise"
10344,0.249144,1637,424.693467336683,1222.18090452261,"DWR","20","pointwise"
10344,0.728268,1164,281.145728643216,1222.18090452261,"DWR","20","pointwise"
10344,2.817248,1521,121.64824120603,1126.4824120603,"DWR","20","pointwise"
10344,3.392197,792,153.547738693467,1110.53266331658,"DWR","20","pointwise"
10344,3.912389,1038,137.597989949749,1014.83417085427,"DWR","20","pointwise"
10344,4.361396,719,153.547738693467,982.934673366834,"DWR","20","pointwise"
10344,4.810404,1115,105.698492462312,1190.28140703518,"DWR","20","pointwise"
10344,-0.747433,1549,392.793969849246,2003.71859296482,"LC","20","pointwise"
10344,-0.249144,2187,105.698492462312,1955.86934673367,"LC","20","pointwise"
10344,0.249144,1637,249.246231155779,1429.52763819095,"LC","20","pointwise"
10344,0.728268,1164,201.396984924623,1413.57788944724,"LC","20","pointwise"
10344,2.817248,1521,73.7989949748744,1557.1256281407,"LC","20","pointwise"
10344,3.392197,792,89.748743718593,1764.47236180905,"LC","20","pointwise"
10344,3.912389,1038,10,1700.67336683417,"LC","20","pointwise"
10344,4.361396,719,169.497487437186,1158.38190954774,"LC","20","pointwise"
10344,4.810404,1115,89.748743718593,1636.8743718593,"LC","20","pointwise"
10350,-2.726899,1697,233.29648241206,1700.67336683417,"HCP","20","pointwise"
10350,-2.228611,1416,297.095477386935,1620.92462311558,"HCP","20","pointwise"
10350,-1.749487,803,360.894472361809,1573.07537688442,"HCP","20","pointwise"
10350,0.766598,713,249.246231155779,1142.43216080402,"HCP","20","pointwise"
10350,2.031485,599,121.64824120603,1062.68341708543,"HCP","20","pointwise"
10350,2.502396,556,137.597989949749,1046.73366834171,"HCP","20","pointwise"
10350,-2.726899,1697,424.693467336683,1397.62814070352,"DWR","20","pointwise"
10350,-2.228611,1416,472.542713567839,1397.62814070352,"DWR","20","pointwise"
10350,-1.749487,803,408.743718592965,1365.72864321608,"DWR","20","pointwise"
10350,0.766598,713,137.597989949749,1142.43216080402,"DWR","20","pointwise"
10350,2.031485,599,201.396984924623,1222.18090452261,"DWR","20","pointwise"
10350,2.502396,556,265.195979899498,1174.33165829146,"DWR","20","pointwise"
10350,-2.726899,1697,360.894472361809,1636.8743718593,"LC","20","pointwise"
10350,-2.228611,1416,360.894472361809,1461.42713567839,"LC","20","pointwise"
10350,-1.749487,803,424.693467336683,2035.61809045226,"LC","20","pointwise"
10350,0.766598,713,281.145728643216,1222.18090452261,"LC","20","pointwise"
10350,2.031485,599,297.095477386935,1397.62814070352,"LC","20","pointwise"
10350,2.502396,556,57.8492462311558,1285.97989949749,"LC","20","pointwise"
10360,-1.242984,1313,376.844221105528,1509.27638190955,"HCP","20","pointwise"
10360,-0.744695,1176,313.045226130653,1477.37688442211,"HCP","20","pointwise"
10360,-0.240931,1552,328.994974874372,1445.47738693467,"HCP","20","pointwise"
10360,0.240931,1253,281.145728643216,1270.03015075377,"HCP","20","pointwise"
10360,1.256673,1319,153.547738693467,1110.53266331658,"HCP","20","pointwise"
10360,1.754962,930,121.64824120603,1142.43216080402,"HCP","20","pointwise"
10360,2.272416,790,105.698492462312,1078.63316582915,"HCP","20","pointwise"
10360,2.770705,898,41.8994974874372,1222.18090452261,"HCP","20","pointwise"
10360,3.268994,716,10,1206.23115577889,"HCP","20","pointwise"
10360,3.767283,718,10,982.934673366834,"HCP","20","pointwise"
10360,4.265572,718,73.7989949748744,982.934673366834,"HCP","20","pointwise"
10360,-1.242984,1313,328.994974874372,1365.72864321608,"DWR","20","pointwise"
10360,-0.744695,1176,376.844221105528,1365.72864321608,"DWR","20","pointwise"
10360,-0.240931,1552,440.643216080402,1381.6783919598,"DWR","20","pointwise"
10360,0.240931,1253,328.994974874372,1254.08040201005,"DWR","20","pointwise"
10360,1.256673,1319,105.698492462312,1158.38190954774,"DWR","20","pointwise"
10360,1.754962,930,249.246231155779,1110.53266331658,"DWR","20","pointwise"
10360,2.272416,790,10,1126.4824120603,"DWR","20","pointwise"
10360,2.770705,898,217.346733668342,1046.73366834171,"DWR","20","pointwise"
10360,3.268994,716,105.698492462312,1094.58291457286,"DWR","20","pointwise"
10360,3.767283,718,169.497487437186,1030.78391959799,"DWR","20","pointwise"
10360,4.265572,718,137.597989949749,982.934673366834,"DWR","20","pointwise"
10360,-1.242984,1313,376.844221105528,1461.42713567839,"LC","20","pointwise"
10360,-0.744695,1176,297.095477386935,1445.47738693467,"LC","20","pointwise"
10360,-0.240931,1552,328.994974874372,1716.62311557789,"LC","20","pointwise"
10360,0.240931,1253,313.045226130653,1748.52261306533,"LC","20","pointwise"
10360,1.256673,1319,10,1573.07537688442,"LC","20","pointwise"
10360,1.754962,930,10,1413.57788944724,"LC","20","pointwise"
10360,2.272416,790,121.64824120603,1557.1256281407,"LC","20","pointwise"
10360,2.770705,898,217.346733668342,1748.52261306533,"LC","20","pointwise"
10360,3.268994,716,153.547738693467,1238.13065326633,"LC","20","pointwise"
10360,3.767283,718,169.497487437186,935.085427135678,"LC","20","pointwise"
10360,4.265572,718,201.396984924623,1174.33165829146,"LC","20","pointwise"
10361,0.246407,668,297.095477386935,1206.23115577889,"HCP","20","pointwise"
10361,0.744695,405,201.396984924623,1046.73366834171,"HCP","20","pointwise"
10361,1.262149,400,201.396984924623,1126.4824120603,"HCP","20","pointwise"
10361,1.741273,259,169.497487437186,1014.83417085427,"HCP","20","pointwise"
10361,2.321697,558,153.547738693467,966.984924623115,"HCP","20","pointwise"
10361,2.78987,488,137.597989949749,935.085427135678,"HCP","20","pointwise"
10361,3.288159,307,105.698492462312,935.085427135678,"HCP","20","pointwise"
10361,3.786448,307,57.8492462311558,919.13567839196,"HCP","20","pointwise"
10361,4.284737,326,89.748743718593,935.085427135678,"HCP","20","pointwise"
10361,4.80219,293,57.8492462311558,951.035175879397,"HCP","20","pointwise"
10361,5.289528,343,57.8492462311558,919.13567839196,"HCP","20","pointwise"
10361,0.246407,668,217.346733668342,1285.97989949749,"DWR","20","pointwise"
10361,0.744695,405,233.29648241206,1110.53266331658,"DWR","20","pointwise"
10361,1.262149,400,153.547738693467,1110.53266331658,"DWR","20","pointwise"
10361,1.741273,259,105.698492462312,1094.58291457286,"DWR","20","pointwise"
10361,2.321697,558,73.7989949748744,1094.58291457286,"DWR","20","pointwise"
10361,2.78987,488,89.748743718593,1110.53266331658,"DWR","20","pointwise"
10361,3.288159,307,153.547738693467,1014.83417085427,"DWR","20","pointwise"
10361,3.786448,307,153.547738693467,1030.78391959799,"DWR","20","pointwise"
10361,4.284737,326,233.29648241206,1094.58291457286,"DWR","20","pointwise"
10361,4.80219,293,89.748743718593,1158.38190954774,"DWR","20","pointwise"
10361,5.289528,343,105.698492462312,1078.63316582915,"DWR","20","pointwise"
10361,0.246407,668,281.145728643216,1461.42713567839,"LC","20","pointwise"
10361,0.744695,405,25.9497487437186,1317.87939698492,"LC","20","pointwise"
10361,1.262149,400,137.597989949749,1238.13065326633,"LC","20","pointwise"
10361,1.741273,259,313.045226130653,1365.72864321608,"LC","20","pointwise"
10361,2.321697,558,265.195979899498,1301.92964824121,"LC","20","pointwise"
10361,2.78987,488,201.396984924623,966.984924623115,"LC","20","pointwise"
10361,3.288159,307,169.497487437186,1158.38190954774,"LC","20","pointwise"
10361,3.786448,307,169.497487437186,1238.13065326633,"LC","20","pointwise"
10361,4.284737,326,169.497487437186,1094.58291457286,"LC","20","pointwise"
10361,4.80219,293,10,1365.72864321608,"LC","20","pointwise"
10361,5.289528,343,233.29648241206,1301.92964824121,"LC","20","pointwise"
10362,-2.765229,1211,249.246231155779,1620.92462311558,"HCP","20","pointwise"
10362,-2.26694,1452,265.195979899498,1509.27638190955,"HCP","20","pointwise"
10362,-1.79603,703,360.894472361809,1493.32663316583,"HCP","20","pointwise"
10362,0.224504,853,265.195979899498,1270.03015075377,"HCP","20","pointwise"
10362,0.722793,793,137.597989949749,1206.23115577889,"HCP","20","pointwise"
10362,-2.765229,1211,584.190954773869,1445.47738693467,"DWR","20","pointwise"
10362,-2.26694,1452,344.94472361809,1397.62814070352,"DWR","20","pointwise"
10362,-1.79603,703,376.844221105528,1413.57788944724,"DWR","20","pointwise"
10362,0.224504,853,360.894472361809,1365.72864321608,"DWR","20","pointwise"
10362,0.722793,793,249.246231155779,1094.58291457286,"DWR","20","pointwise"
10362,-2.765229,1211,328.994974874372,1636.8743718593,"LC","20","pointwise"
10362,-2.26694,1452,105.698492462312,1541.17587939698,"LC","20","pointwise"
10362,-1.79603,703,424.693467336683,1333.82914572864,"LC","20","pointwise"
10362,0.224504,853,328.994974874372,1238.13065326633,"LC","20","pointwise"
10362,0.722793,793,313.045226130653,1652.82412060301,"LC","20","pointwise"
10372,-0.375086,1615,281.145728643216,1509.27638190955,"HCP","20","pointwise"
10372,0.375086,785,153.547738693467,1381.6783919598,"HCP","20","pointwise"
10372,-0.375086,1615,217.346733668342,1238.13065326633,"DWR","20","pointwise"
10372,0.375086,785,233.29648241206,1174.33165829146,"DWR","20","pointwise"
10372,-0.375086,1615,10,1796.37185929648,"LC","20","pointwise"
10372,0.375086,785,201.396984924623,1652.82412060301,"LC","20","pointwise"
10388,-0.752909,1501,281.145728643216,1493.32663316583,"HCP","20","pointwise"
10388,-0.249144,1248,328.994974874372,1493.32663316583,"HCP","20","pointwise"
10388,0.835045,567,217.346733668342,1206.23115577889,"HCP","20","pointwise"
10388,1.316906,309,201.396984924623,1110.53266331658,"HCP","20","pointwise"
10388,2.140999,448,89.748743718593,1190.28140703518,"HCP","20","pointwise"
10388,-0.752909,1501,488.492462311558,1461.42713567839,"DWR","20","pointwise"
10388,-0.249144,1248,392.793969849246,1270.03015075377,"DWR","20","pointwise"
10388,0.835045,567,153.547738693467,1190.28140703518,"DWR","20","pointwise"
10388,1.316906,309,137.597989949749,1078.63316582915,"DWR","20","pointwise"
10388,2.140999,448,105.698492462312,1014.83417085427,"DWR","20","pointwise"
10388,-0.752909,1501,376.844221105528,1589.02512562814,"LC","20","pointwise"
10388,-0.249144,1248,344.94472361809,1270.03015075377,"LC","20","pointwise"
10388,0.835045,567,313.045226130653,1222.18090452261,"LC","20","pointwise"
10388,1.316906,309,344.94472361809,1254.08040201005,"LC","20","pointwise"
10388,2.140999,448,249.246231155779,1397.62814070352,"LC","20","pointwise"
10396,-1.24846,644,344.94472361809,1365.72864321608,"HCP","20","pointwise"
10396,-0.750171,1488,328.994974874372,1349.77889447236,"HCP","20","pointwise"
10396,-0.251882,1696,249.246231155779,1301.92964824121,"HCP","20","pointwise"
10396,0.251882,612,201.396984924623,1270.03015075377,"HCP","20","pointwise"
10396,0.936345,946,121.64824120603,1206.23115577889,"HCP","20","pointwise"
10396,1.352498,765,201.396984924623,1078.63316582915,"HCP","20","pointwise"
10396,2.655715,650,105.698492462312,1126.4824120603,"HCP","20","pointwise"
10396,4.005476,848,121.64824120603,1285.97989949749,"HCP","20","pointwise"
10396,4.591376,550,57.8492462311558,1190.28140703518,"HCP","20","pointwise"
10396,-1.24846,644,344.94472361809,1285.97989949749,"DWR","20","pointwise"
10396,-0.750171,1488,488.492462311558,1349.77889447236,"DWR","20","pointwise"
10396,-0.251882,1696,360.894472361809,1349.77889447236,"DWR","20","pointwise"
10396,0.251882,612,328.994974874372,1222.18090452261,"DWR","20","pointwise"
10396,0.936345,946,265.195979899498,1078.63316582915,"DWR","20","pointwise"
10396,1.352498,765,249.246231155779,1030.78391959799,"DWR","20","pointwise"
10396,2.655715,650,137.597989949749,1030.78391959799,"DWR","20","pointwise"
10396,4.005476,848,25.9497487437186,998.884422110553,"DWR","20","pointwise"
10396,4.591376,550,73.7989949748744,966.984924623115,"DWR","20","pointwise"
10396,-1.24846,644,313.045226130653,1509.27638190955,"LC","20","pointwise"
10396,-0.750171,1488,472.542713567839,1413.57788944724,"LC","20","pointwise"
10396,-0.251882,1696,328.994974874372,1493.32663316583,"LC","20","pointwise"
10396,0.251882,612,10,1525.22613065327,"LC","20","pointwise"
10396,0.936345,946,41.8994974874372,1285.97989949749,"LC","20","pointwise"
10396,1.352498,765,73.7989949748744,1333.82914572864,"LC","20","pointwise"
10396,2.655715,650,185.447236180905,998.884422110553,"LC","20","pointwise"
10396,4.005476,848,41.8994974874372,1317.87939698492,"LC","20","pointwise"
10396,4.591376,550,153.547738693467,1030.78391959799,"LC","20","pointwise"
10401,-0.265572,816,281.145728643216,1333.82914572864,"HCP","20","pointwise"
10401,0.262834,943,201.396984924623,1238.13065326633,"HCP","20","pointwise"
10401,0.780287,826,201.396984924623,1078.63316582915,"HCP","20","pointwise"
10401,1.240246,623,169.497487437186,1062.68341708543,"HCP","20","pointwise"
10401,3.195072,747,89.748743718593,982.934673366834,"HCP","20","pointwise"
10401,3.865845,497,137.597989949749,998.884422110553,"HCP","20","pointwise"
10401,4.249145,515,89.748743718593,951.035175879397,"HCP","20","pointwise"
10401,4.689939,187,121.64824120603,951.035175879397,"HCP","20","pointwise"
10401,-0.265572,816,328.994974874372,1349.77889447236,"DWR","20","pointwise"
10401,0.262834,943,153.547738693467,1190.28140703518,"DWR","20","pointwise"
10401,0.780287,826,153.547738693467,1222.18090452261,"DWR","20","pointwise"
10401,1.240246,623,153.547738693467,1110.53266331658,"DWR","20","pointwise"
10401,3.195072,747,10,1046.73366834171,"DWR","20","pointwise"
10401,3.865845,497,121.64824120603,1030.78391959799,"DWR","20","pointwise"
10401,4.249145,515,57.8492462311558,1014.83417085427,"DWR","20","pointwise"
10401,4.689939,187,10,1030.78391959799,"DWR","20","pointwise"
10401,-0.265572,816,472.542713567839,1238.13065326633,"LC","20","pointwise"
10401,0.262834,943,328.994974874372,1301.92964824121,"LC","20","pointwise"
10401,0.780287,826,344.94472361809,1094.58291457286,"LC","20","pointwise"
10401,1.240246,623,392.793969849246,1317.87939698492,"LC","20","pointwise"
10401,3.195072,747,41.8994974874372,1078.63316582915,"LC","20","pointwise"
10401,3.865845,497,201.396984924623,1062.68341708543,"LC","20","pointwise"
10401,4.249145,515,201.396984924623,1062.68341708543,"LC","20","pointwise"
10401,4.689939,187,265.195979899498,1078.63316582915,"LC","20","pointwise"
10403,-0.246407,1003,281.145728643216,1525.22613065327,"HCP","20","pointwise"
10403,0.251882,710,185.447236180905,1477.37688442211,"HCP","20","pointwise"
10403,0.804928,706,169.497487437186,1110.53266331658,"HCP","20","pointwise"
10403,-0.246407,1003,504.442211055276,1381.6783919598,"DWR","20","pointwise"
10403,0.251882,710,328.994974874372,1349.77889447236,"DWR","20","pointwise"
10403,0.804928,706,265.195979899498,1206.23115577889,"DWR","20","pointwise"
10403,-0.246407,1003,249.246231155779,1716.62311557789,"LC","20","pointwise"
10403,0.251882,710,360.894472361809,1668.77386934673,"LC","20","pointwise"
10403,0.804928,706,297.095477386935,1317.87939698492,"LC","20","pointwise"
10416,-2.683094,661,360.894472361809,1270.03015075377,"HCP","20","pointwise"
10416,-2.171116,1299,344.94472361809,1301.92964824121,"HCP","20","pointwise"
10416,-1.702943,664,360.894472361809,1333.82914572864,"HCP","20","pointwise"
10416,0.301164,1187,233.29648241206,1238.13065326633,"HCP","20","pointwise"
10416,0.791239,819,153.547738693467,1046.73366834171,"HCP","20","pointwise"
10416,1.308693,589,105.698492462312,998.884422110553,"HCP","20","pointwise"
10416,1.787817,659,57.8492462311558,1030.78391959799,"HCP","20","pointwise"
10416,2.324435,810,10,1014.83417085427,"HCP","20","pointwise"
10416,-2.683094,661,344.94472361809,1349.77889447236,"DWR","20","pointwise"
10416,-2.171116,1299,440.643216080402,1397.62814070352,"DWR","20","pointwise"
10416,-1.702943,664,424.693467336683,1349.77889447236,"DWR","20","pointwise"
10416,0.301164,1187,201.396984924623,1222.18090452261,"DWR","20","pointwise"
10416,0.791239,819,185.447236180905,1110.53266331658,"DWR","20","pointwise"
10416,1.308693,589,137.597989949749,1062.68341708543,"DWR","20","pointwise"
10416,1.787817,659,121.64824120603,1062.68341708543,"DWR","20","pointwise"
10416,2.324435,810,57.8492462311558,1030.78391959799,"DWR","20","pointwise"
10416,-2.683094,661,25.9497487437186,1461.42713567839,"LC","20","pointwise"
10416,-2.171116,1299,169.497487437186,1812.3216080402,"LC","20","pointwise"
10416,-1.702943,664,344.94472361809,1317.87939698492,"LC","20","pointwise"
10416,0.301164,1187,297.095477386935,1381.6783919598,"LC","20","pointwise"
10416,0.791239,819,313.045226130653,1285.97989949749,"LC","20","pointwise"
10416,1.308693,589,153.547738693467,1668.77386934673,"LC","20","pointwise"
10416,1.787817,659,217.346733668342,1158.38190954774,"LC","20","pointwise"
10416,2.324435,810,10,1589.02512562814,"LC","20","pointwise"
10419,-1.678303,1103,328.994974874372,1349.77889447236,"HCP","20","pointwise"
10419,-1.180014,1498,328.994974874372,1381.6783919598,"HCP","20","pointwise"
10419,-0.66256,1542,281.145728643216,1333.82914572864,"HCP","20","pointwise"
10419,-0.240931,1211,233.29648241206,1461.42713567839,"HCP","20","pointwise"
10419,0.240931,840,153.547738693467,1397.62814070352,"HCP","20","pointwise"
10419,0.73922,1113,169.497487437186,1094.58291457286,"HCP","20","pointwise"
10419,1.240246,741,57.8492462311558,1078.63316582915,"HCP","20","pointwise"
10419,1.738535,503,25.9497487437186,1046.73366834171,"HCP","20","pointwise"
10419,2.236824,950,10,1030.78391959799,"HCP","20","pointwise"
10419,2.78987,716,10,1030.78391959799,"HCP","20","pointwise"
10419,3.268994,690,10,1030.78391959799,"HCP","20","pointwise"
10419,3.767283,705,10,1014.83417085427,"HCP","20","pointwise"
10419,-1.678303,1103,360.894472361809,1254.08040201005,"DWR","20","pointwise"
10419,-1.180014,1498,408.743718592965,1429.52763819095,"DWR","20","pointwise"
10419,-0.66256,1542,297.095477386935,1317.87939698492,"DWR","20","pointwise"
10419,-0.240931,1211,376.844221105528,1285.97989949749,"DWR","20","pointwise"
10419,0.240931,840,376.844221105528,1222.18090452261,"DWR","20","pointwise"
10419,0.73922,1113,217.346733668342,1142.43216080402,"DWR","20","pointwise"
10419,1.240246,741,153.547738693467,1014.83417085427,"DWR","20","pointwise"
10419,1.738535,503,57.8492462311558,1046.73366834171,"DWR","20","pointwise"
10419,2.236824,950,233.29648241206,1062.68341708543,"DWR","20","pointwise"
10419,2.78987,716,89.748743718593,1030.78391959799,"DWR","20","pointwise"
10419,3.268994,690,121.64824120603,1062.68341708543,"DWR","20","pointwise"
10419,3.767283,705,153.547738693467,1030.78391959799,"DWR","20","pointwise"
10419,-1.678303,1103,408.743718592965,1541.17587939698,"LC","20","pointwise"
10419,-1.180014,1498,344.94472361809,1238.13065326633,"LC","20","pointwise"
10419,-0.66256,1542,344.94472361809,1317.87939698492,"LC","20","pointwise"
10419,-0.240931,1211,344.94472361809,1429.52763819095,"LC","20","pointwise"
10419,0.240931,840,89.748743718593,1955.86934673367,"LC","20","pointwise"
10419,0.73922,1113,25.9497487437186,2418.41206030151,"LC","20","pointwise"
10419,1.240246,741,233.29648241206,1301.92964824121,"LC","20","pointwise"
10419,1.738535,503,249.246231155779,1477.37688442211,"LC","20","pointwise"
10419,2.236824,950,328.994974874372,1684.72361809045,"LC","20","pointwise"
10419,2.78987,716,185.447236180905,1589.02512562814,"LC","20","pointwise"
10419,3.268994,690,10,1142.43216080402,"LC","20","pointwise"
10419,3.767283,705,121.64824120603,1174.33165829146,"LC","20","pointwise"
10424,-0.167009,1290,281.145728643216,1349.77889447236,"HCP","20","pointwise"
10424,0.249144,2053,281.145728643216,1206.23115577889,"HCP","20","pointwise"
10424,0.766598,609,217.346733668342,1078.63316582915,"HCP","20","pointwise"
10424,1.188227,573,217.346733668342,1062.68341708543,"HCP","20","pointwise"
10424,2.68857,654,73.7989949748744,998.884422110553,"HCP","20","pointwise"
10424,3.225188,855,41.8994974874372,1014.83417085427,"HCP","20","pointwise"
10424,3.742642,453,10,998.884422110553,"HCP","20","pointwise"
10424,4.758385,293,10,1046.73366834171,"HCP","20","pointwise"
10424,-0.167009,1290,201.396984924623,1381.6783919598,"DWR","20","pointwise"
10424,0.249144,2053,201.396984924623,1174.33165829146,"DWR","20","pointwise"
10424,0.766598,609,185.447236180905,1158.38190954774,"DWR","20","pointwise"
10424,1.188227,573,201.396984924623,1158.38190954774,"DWR","20","pointwise"
10424,2.68857,654,217.346733668342,1014.83417085427,"DWR","20","pointwise"
10424,3.225188,855,217.346733668342,1174.33165829146,"DWR","20","pointwise"
10424,3.742642,453,169.497487437186,1014.83417085427,"DWR","20","pointwise"
10424,4.758385,293,41.8994974874372,1014.83417085427,"DWR","20","pointwise"
10424,-0.167009,1290,297.095477386935,1429.52763819095,"LC","20","pointwise"
10424,0.249144,2053,265.195979899498,1206.23115577889,"LC","20","pointwise"
10424,0.766598,609,201.396984924623,1397.62814070352,"LC","20","pointwise"
10424,1.188227,573,233.29648241206,1158.38190954774,"LC","20","pointwise"
10424,2.68857,654,73.7989949748744,1254.08040201005,"LC","20","pointwise"
10424,3.225188,855,89.748743718593,1541.17587939698,"LC","20","pointwise"
10424,3.742642,453,137.597989949749,951.035175879397,"LC","20","pointwise"
10424,4.758385,293,10,1174.33165829146,"LC","20","pointwise"
10425,-0.421629,1587,185.447236180905,1620.92462311558,"HCP","20","pointwise"
10425,0.424367,1613,185.447236180905,1254.08040201005,"HCP","20","pointwise"
10425,0.999316,986,105.698492462312,1094.58291457286,"HCP","20","pointwise"
10425,1.678303,1072,10,1126.4824120603,"HCP","20","pointwise"
10425,1.952088,1457,10,1126.4824120603,"HCP","20","pointwise"
10425,3.307324,1556,10,1110.53266331658,"HCP","20","pointwise"
10425,5.051335,1667,10,1062.68341708543,"HCP","20","pointwise"
10425,-0.421629,1587,313.045226130653,1349.77889447236,"DWR","20","pointwise"
10425,0.424367,1613,297.095477386935,1206.23115577889,"DWR","20","pointwise"
10425,0.999316,986,121.64824120603,1046.73366834171,"DWR","20","pointwise"
10425,1.678303,1072,121.64824120603,1014.83417085427,"DWR","20","pointwise"
10425,1.952088,1457,137.597989949749,1014.83417085427,"DWR","20","pointwise"
10425,3.307324,1556,105.698492462312,998.884422110553,"DWR","20","pointwise"
10425,5.051335,1667,137.597989949749,1222.18090452261,"DWR","20","pointwise"
10425,-0.421629,1587,233.29648241206,1493.32663316583,"LC","20","pointwise"
10425,0.424367,1613,10,2434.36180904523,"LC","20","pointwise"
10425,0.999316,986,10,2163.21608040201,"LC","20","pointwise"
10425,1.678303,1072,249.246231155779,1461.42713567839,"LC","20","pointwise"
10425,1.952088,1457,10,1636.8743718593,"LC","20","pointwise"
10425,3.307324,1556,10,1636.8743718593,"LC","20","pointwise"
10425,5.051335,1667,10,1892.07035175879,"LC","20","pointwise"
10432,-0.257358,1092,249.246231155779,1429.52763819095,"HCP","20","pointwise"
10432,3.485284,688,41.8994974874372,998.884422110553,"HCP","20","pointwise"
10432,4.728268,505,10,935.085427135678,"HCP","20","pointwise"
10432,-0.257358,1092,313.045226130653,1270.03015075377,"DWR","20","pointwise"
10432,3.485284,688,153.547738693467,1158.38190954774,"DWR","20","pointwise"
10432,4.728268,505,137.597989949749,1062.68341708543,"DWR","20","pointwise"
10432,-0.257358,1092,281.145728643216,1238.13065326633,"LC","20","pointwise"
10432,3.485284,688,105.698492462312,1174.33165829146,"LC","20","pointwise"
10432,4.728268,505,169.497487437186,998.884422110553,"LC","20","pointwise"
10433,-2.464066,659,281.145728643216,1461.42713567839,"HCP","20","pointwise"
10433,-1.941136,1081,297.095477386935,1397.62814070352,"HCP","20","pointwise"
10433,0.966461,431,121.64824120603,1014.83417085427,"HCP","20","pointwise"
10433,1.527721,521,121.64824120603,998.884422110553,"HCP","20","pointwise"
10433,2.02601,585,73.7989949748744,982.934673366834,"HCP","20","pointwise"
10433,2.806297,669,57.8492462311558,1062.68341708543,"HCP","20","pointwise"
10433,-2.464066,659,297.095477386935,1349.77889447236,"DWR","20","pointwise"
10433,-1.941136,1081,408.743718592965,1349.77889447236,"DWR","20","pointwise"
10433,0.966461,431,121.64824120603,1142.43216080402,"DWR","20","pointwise"
10433,1.527721,521,73.7989949748744,1094.58291457286,"DWR","20","pointwise"
10433,2.02601,585,89.748743718593,1126.4824120603,"DWR","20","pointwise"
10433,2.806297,669,25.9497487437186,1158.38190954774,"DWR","20","pointwise"
10433,-2.464066,659,233.29648241206,1222.18090452261,"LC","20","pointwise"
10433,-1.941136,1081,169.497487437186,1397.62814070352,"LC","20","pointwise"
10433,0.966461,431,297.095477386935,1620.92462311558,"LC","20","pointwise"
10433,1.527721,521,153.547738693467,1413.57788944724,"LC","20","pointwise"
10433,2.02601,585,169.497487437186,1270.03015075377,"LC","20","pointwise"
10433,2.806297,669,249.246231155779,998.884422110553,"LC","20","pointwise"
10437,-0.262834,1723,344.94472361809,1604.97487437186,"HCP","20","pointwise"
10437,0.262834,1632,169.497487437186,1317.87939698492,"HCP","20","pointwise"
10437,0.780287,1278,89.748743718593,1110.53266331658,"HCP","20","pointwise"
10437,1.223819,605,41.8994974874372,1126.4824120603,"HCP","20","pointwise"
10437,1.702943,1003,89.748743718593,1110.53266331658,"HCP","20","pointwise"
10437,2.201232,1236,10,1062.68341708543,"HCP","20","pointwise"
10437,3.230664,232,89.748743718593,966.984924623115,"HCP","20","pointwise"
10437,3.748118,618,10,998.884422110553,"HCP","20","pointwise"
10437,4.246407,819,10,951.035175879397,"HCP","20","pointwise"
10437,4.76386,676,10,887.236180904523,"HCP","20","pointwise"
10437,5.204654,211,10,903.185929648241,"HCP","20","pointwise"
10437,-0.262834,1723,313.045226130653,1333.82914572864,"DWR","20","pointwise"
10437,0.262834,1632,201.396984924623,1333.82914572864,"DWR","20","pointwise"
10437,0.780287,1278,201.396984924623,1174.33165829146,"DWR","20","pointwise"
10437,1.223819,605,217.346733668342,1126.4824120603,"DWR","20","pointwise"
10437,1.702943,1003,105.698492462312,1158.38190954774,"DWR","20","pointwise"
10437,2.201232,1236,185.447236180905,1030.78391959799,"DWR","20","pointwise"
10437,3.230664,232,57.8492462311558,1078.63316582915,"DWR","20","pointwise"
10437,3.748118,618,121.64824120603,1174.33165829146,"DWR","20","pointwise"
10437,4.246407,819,41.8994974874372,1046.73366834171,"DWR","20","pointwise"
10437,4.76386,676,121.64824120603,951.035175879397,"DWR","20","pointwise"
10437,5.204654,211,153.547738693467,1078.63316582915,"DWR","20","pointwise"
10437,-0.262834,1723,233.29648241206,1780.42211055276,"LC","20","pointwise"
10437,0.262834,1632,185.447236180905,1604.97487437186,"LC","20","pointwise"
10437,0.780287,1278,137.597989949749,1429.52763819095,"LC","20","pointwise"
10437,1.223819,605,249.246231155779,1349.77889447236,"LC","20","pointwise"
10437,1.702943,1003,10,1652.82412060301,"LC","20","pointwise"
10437,2.201232,1236,10,1541.17587939698,"LC","20","pointwise"
10437,3.230664,232,249.246231155779,1541.17587939698,"LC","20","pointwise"
10437,3.748118,618,89.748743718593,1301.92964824121,"LC","20","pointwise"
10437,4.246407,819,313.045226130653,1668.77386934673,"LC","20","pointwise"
10437,4.76386,676,249.246231155779,1620.92462311558,"LC","20","pointwise"
10437,5.204654,211,105.698492462312,1301.92964824121,"LC","20","pointwise"
10444,-0.257358,283,344.94472361809,1509.27638190955,"HCP","20","pointwise"
10444,0.257358,449,217.346733668342,1270.03015075377,"HCP","20","pointwise"
10444,0.750171,528,137.597989949749,1110.53266331658,"HCP","20","pointwise"
10444,1.193703,456,105.698492462312,1094.58291457286,"HCP","20","pointwise"
10444,-0.257358,283,408.743718592965,1413.57788944724,"DWR","20","pointwise"
10444,0.257358,449,313.045226130653,1222.18090452261,"DWR","20","pointwise"
10444,0.750171,528,217.346733668342,1078.63316582915,"DWR","20","pointwise"
10444,1.193703,456,169.497487437186,1190.28140703518,"DWR","20","pointwise"
10444,-0.257358,283,249.246231155779,1381.6783919598,"LC","20","pointwise"
10444,0.257358,449,297.095477386935,1493.32663316583,"LC","20","pointwise"
10444,0.750171,528,10,1732.57286432161,"LC","20","pointwise"
10444,1.193703,456,10,1317.87939698492,"LC","20","pointwise"
10453,-1.760438,761,360.894472361809,1349.77889447236,"HCP","20","pointwise"
10453,-0.744695,788,265.195979899498,1365.72864321608,"HCP","20","pointwise"
10453,-0.210815,774,249.246231155779,1381.6783919598,"HCP","20","pointwise"
10453,1.453799,481,153.547738693467,1078.63316582915,"HCP","20","pointwise"
10453,1.979466,1039,41.8994974874372,982.934673366834,"HCP","20","pointwise"
10453,2.584531,629,41.8994974874372,1030.78391959799,"HCP","20","pointwise"
10453,2.833676,1014,89.748743718593,1142.43216080402,"HCP","20","pointwise"
10453,-1.760438,761,376.844221105528,1333.82914572864,"DWR","20","pointwise"
10453,-0.744695,788,408.743718592965,1461.42713567839,"DWR","20","pointwise"
10453,-0.210815,774,392.793969849246,1301.92964824121,"DWR","20","pointwise"
10453,1.453799,481,105.698492462312,1126.4824120603,"DWR","20","pointwise"
10453,1.979466,1039,137.597989949749,1046.73366834171,"DWR","20","pointwise"
10453,2.584531,629,57.8492462311558,1174.33165829146,"DWR","20","pointwise"
10453,2.833676,1014,73.7989949748744,1030.78391959799,"DWR","20","pointwise"
10453,-1.760438,761,376.844221105528,2211.06532663317,"LC","20","pointwise"
10453,-0.744695,788,169.497487437186,1525.22613065327,"LC","20","pointwise"
10453,-0.210815,774,392.793969849246,1365.72864321608,"LC","20","pointwise"
10453,1.453799,481,265.195979899498,1509.27638190955,"LC","20","pointwise"
10453,1.979466,1039,137.597989949749,1254.08040201005,"LC","20","pointwise"
10453,2.584531,629,217.346733668342,1094.58291457286,"LC","20","pointwise"
10453,2.833676,1014,89.748743718593,1541.17587939698,"LC","20","pointwise"
10473,-1.292266,631,249.246231155779,1381.6783919598,"HCP","20","pointwise"
10473,-0.747433,558,233.29648241206,1429.52763819095,"HCP","20","pointwise"
10473,-0.229979,934,217.346733668342,1365.72864321608,"HCP","20","pointwise"
10473,0.229979,200,281.145728643216,1285.97989949749,"HCP","20","pointwise"
10473,2.338125,314,57.8492462311558,1094.58291457286,"HCP","20","pointwise"
10473,2.839151,149,10,1046.73366834171,"HCP","20","pointwise"
10473,-1.292266,631,328.994974874372,1190.28140703518,"DWR","20","pointwise"
10473,-0.747433,558,344.94472361809,1397.62814070352,"DWR","20","pointwise"
10473,-0.229979,934,360.894472361809,1317.87939698492,"DWR","20","pointwise"
10473,0.229979,200,313.045226130653,1238.13065326633,"DWR","20","pointwise"
10473,2.338125,314,57.8492462311558,1030.78391959799,"DWR","20","pointwise"
10473,2.839151,149,89.748743718593,1094.58291457286,"DWR","20","pointwise"
10473,-1.292266,631,360.894472361809,1349.77889447236,"LC","20","pointwise"
10473,-0.747433,558,360.894472361809,1429.52763819095,"LC","20","pointwise"
10473,-0.229979,934,392.793969849246,1461.42713567839,"LC","20","pointwise"
10473,0.229979,200,10,1445.47738693467,"LC","20","pointwise"
10473,2.338125,314,153.547738693467,1270.03015075377,"LC","20","pointwise"
10473,2.839151,149,201.396984924623,1142.43216080402,"LC","20","pointwise"
10526,-0.257358,890,344.94472361809,1381.6783919598,"HCP","20","pointwise"
10526,0.257358,1037,249.246231155779,1270.03015075377,"HCP","20","pointwise"
10526,0.780287,813,201.396984924623,1190.28140703518,"HCP","20","pointwise"
10526,1.163587,611,137.597989949749,1333.82914572864,"HCP","20","pointwise"
10526,1.661875,862,89.748743718593,1222.18090452261,"HCP","20","pointwise"
10526,2.409309,1285,73.7989949748744,1285.97989949749,"HCP","20","pointwise"
10526,5.051335,926,57.8492462311558,982.934673366834,"HCP","20","pointwise"
10526,-0.257358,890,360.894472361809,1349.77889447236,"DWR","20","pointwise"
10526,0.257358,1037,169.497487437186,1126.4824120603,"DWR","20","pointwise"
10526,0.780287,813,89.748743718593,1094.58291457286,"DWR","20","pointwise"
10526,1.163587,611,121.64824120603,1014.83417085427,"DWR","20","pointwise"
10526,1.661875,862,169.497487437186,1030.78391959799,"DWR","20","pointwise"
10526,2.409309,1285,185.447236180905,1206.23115577889,"DWR","20","pointwise"
10526,5.051335,926,137.597989949749,998.884422110553,"DWR","20","pointwise"
10526,-0.257358,890,313.045226130653,1397.62814070352,"LC","20","pointwise"
10526,0.257358,1037,313.045226130653,1620.92462311558,"LC","20","pointwise"
10526,0.780287,813,249.246231155779,1270.03015075377,"LC","20","pointwise"
10526,1.163587,611,281.145728643216,1445.47738693467,"LC","20","pointwise"
10526,1.661875,862,233.29648241206,1206.23115577889,"LC","20","pointwise"
10526,2.409309,1285,185.447236180905,1190.28140703518,"LC","20","pointwise"
10526,5.051335,926,249.246231155779,1030.78391959799,"LC","20","pointwise"
10527,-0.334018,754,344.94472361809,1381.6783919598,"HCP","20","pointwise"
10527,0.334018,643,233.29648241206,1206.23115577889,"HCP","20","pointwise"
10527,0.755647,478,201.396984924623,1190.28140703518,"HCP","20","pointwise"
10527,1.226557,393,201.396984924623,1158.38190954774,"HCP","20","pointwise"
10527,2.499658,408,41.8994974874372,919.13567839196,"HCP","20","pointwise"
10527,2.863792,413,25.9497487437186,935.085427135678,"HCP","20","pointwise"
10527,3.479808,363,41.8994974874372,1078.63316582915,"HCP","20","pointwise"
10527,-0.334018,754,344.94472361809,1557.1256281407,"DWR","20","pointwise"
10527,0.334018,643,328.994974874372,1222.18090452261,"DWR","20","pointwise"
10527,0.755647,478,121.64824120603,1174.33165829146,"DWR","20","pointwise"
10527,1.226557,393,169.497487437186,1142.43216080402,"DWR","20","pointwise"
10527,2.499658,408,10,1174.33165829146,"DWR","20","pointwise"
10527,2.863792,413,169.497487437186,1158.38190954774,"DWR","20","pointwise"
10527,3.479808,363,89.748743718593,935.085427135678,"DWR","20","pointwise"
10527,-0.334018,754,360.894472361809,1860.17085427136,"LC","20","pointwise"
10527,0.334018,643,344.94472361809,1270.03015075377,"LC","20","pointwise"
10527,0.755647,478,281.145728643216,1413.57788944724,"LC","20","pointwise"
10527,1.226557,393,201.396984924623,1190.28140703518,"LC","20","pointwise"
10527,2.499658,408,10,1668.77386934673,"LC","20","pointwise"
10527,2.863792,413,217.346733668342,1270.03015075377,"LC","20","pointwise"
10527,3.479808,363,233.29648241206,1206.23115577889,"LC","20","pointwise"
10538,-0.851472,659,217.346733668342,1573.07537688442,"HCP","20","pointwise"
10538,-0.257358,972,217.346733668342,1493.32663316583,"HCP","20","pointwise"
10538,0.257358,587,153.547738693467,1397.62814070352,"HCP","20","pointwise"
10538,0.755647,250,169.497487437186,1110.53266331658,"HCP","20","pointwise"
10538,-0.851472,659,424.693467336683,1270.03015075377,"DWR","20","pointwise"
10538,-0.257358,972,376.844221105528,1317.87939698492,"DWR","20","pointwise"
10538,0.257358,587,217.346733668342,1126.4824120603,"DWR","20","pointwise"
10538,0.755647,250,201.396984924623,1190.28140703518,"DWR","20","pointwise"
10538,-0.851472,659,10,1780.42211055276,"LC","20","pointwise"
10538,-0.257358,972,137.597989949749,1684.72361809045,"LC","20","pointwise"
10538,0.257358,587,344.94472361809,1780.42211055276,"LC","20","pointwise"
10538,0.755647,250,41.8994974874372,1700.67336683417,"LC","20","pointwise"
10557,-1.215606,944,297.095477386935,1333.82914572864,"HCP","20","pointwise"
10557,-0.717317,1604,265.195979899498,1397.62814070352,"HCP","20","pointwise"
10557,-0.21629,1226,249.246231155779,1270.03015075377,"HCP","20","pointwise"
10557,0.21629,415,313.045226130653,1238.13065326633,"HCP","20","pointwise"
10557,1.180014,1014,73.7989949748744,1046.73366834171,"HCP","20","pointwise"
10557,1.69473,830,89.748743718593,1062.68341708543,"HCP","20","pointwise"
10557,2.182067,630,137.597989949749,1078.63316582915,"HCP","20","pointwise"
10557,2.96783,503,105.698492462312,1062.68341708543,"HCP","20","pointwise"
10557,3.178645,455,89.748743718593,1078.63316582915,"HCP","20","pointwise"
10557,3.676934,526,105.698492462312,1014.83417085427,"HCP","20","pointwise"
10557,4.194387,435,73.7989949748744,982.934673366834,"HCP","20","pointwise"
10557,-1.215606,944,584.190954773869,1509.27638190955,"DWR","20","pointwise"
10557,-0.717317,1604,392.793969849246,1413.57788944724,"DWR","20","pointwise"
10557,-0.21629,1226,313.045226130653,1270.03015075377,"DWR","20","pointwise"
10557,0.21629,415,392.793969849246,1381.6783919598,"DWR","20","pointwise"
10557,1.180014,1014,10,1254.08040201005,"DWR","20","pointwise"
10557,1.69473,830,137.597989949749,935.085427135678,"DWR","20","pointwise"
10557,2.182067,630,185.447236180905,1062.68341708543,"DWR","20","pointwise"
10557,2.96783,503,153.547738693467,1078.63316582915,"DWR","20","pointwise"
10557,3.178645,455,105.698492462312,982.934673366834,"DWR","20","pointwise"
10557,3.676934,526,41.8994974874372,1078.63316582915,"DWR","20","pointwise"
10557,4.194387,435,41.8994974874372,1126.4824120603,"DWR","20","pointwise"
10557,-1.215606,944,408.743718592965,2067.5175879397,"LC","20","pointwise"
10557,-0.717317,1604,344.94472361809,1461.42713567839,"LC","20","pointwise"
10557,-0.21629,1226,201.396984924623,1604.97487437186,"LC","20","pointwise"
10557,0.21629,415,265.195979899498,1461.42713567839,"LC","20","pointwise"
10557,1.180014,1014,249.246231155779,1397.62814070352,"LC","20","pointwise"
10557,1.69473,830,281.145728643216,1652.82412060301,"LC","20","pointwise"
10557,2.182067,630,313.045226130653,1477.37688442211,"LC","20","pointwise"
10557,2.96783,503,281.145728643216,935.085427135678,"LC","20","pointwise"
10557,3.178645,455,10,1317.87939698492,"LC","20","pointwise"
10557,3.676934,526,185.447236180905,1429.52763819095,"LC","20","pointwise"
10557,4.194387,435,185.447236180905,1397.62814070352,"LC","20","pointwise"
10564,-0.741958,824,360.894472361809,1397.62814070352,"HCP","20","pointwise"
10564,-0.260096,980,313.045226130653,1397.62814070352,"HCP","20","pointwise"
10564,0.260096,924,249.246231155779,1270.03015075377,"HCP","20","pointwise"
10564,0.73922,476,185.447236180905,1142.43216080402,"HCP","20","pointwise"
10564,1.735797,801,57.8492462311558,1126.4824120603,"HCP","20","pointwise"
10564,3.364819,713,89.748743718593,1078.63316582915,"HCP","20","pointwise"
10564,3.904175,622,73.7989949748744,1062.68341708543,"HCP","20","pointwise"
10564,4.476386,731,57.8492462311558,998.884422110553,"HCP","20","pointwise"
10564,-0.741958,824,376.844221105528,1349.77889447236,"DWR","20","pointwise"
10564,-0.260096,980,376.844221105528,1301.92964824121,"DWR","20","pointwise"
10564,0.260096,924,249.246231155779,1190.28140703518,"DWR","20","pointwise"
10564,0.73922,476,185.447236180905,1142.43216080402,"DWR","20","pointwise"
10564,1.735797,801,185.447236180905,1046.73366834171,"DWR","20","pointwise"
10564,3.364819,713,89.748743718593,1046.73366834171,"DWR","20","pointwise"
10564,3.904175,622,10,1142.43216080402,"DWR","20","pointwise"
10564,4.476386,731,57.8492462311558,1078.63316582915,"DWR","20","pointwise"
10564,-0.741958,824,249.246231155779,1349.77889447236,"LC","20","pointwise"
10564,-0.260096,980,265.195979899498,1429.52763819095,"LC","20","pointwise"
10564,0.260096,924,376.844221105528,1254.08040201005,"LC","20","pointwise"
10564,0.73922,476,281.145728643216,1413.57788944724,"LC","20","pointwise"
10564,1.735797,801,73.7989949748744,1525.22613065327,"LC","20","pointwise"
10564,3.364819,713,249.246231155779,1078.63316582915,"LC","20","pointwise"
10564,3.904175,622,281.145728643216,1445.47738693467,"LC","20","pointwise"
10564,4.476386,731,57.8492462311558,1174.33165829146,"LC","20","pointwise"
10569,-2.461328,1641,265.195979899498,1445.47738693467,"HCP","20","pointwise"
10569,-1.963039,2621,265.195979899498,1413.57788944724,"HCP","20","pointwise"
10569,-0.506502,1185,217.346733668342,1525.22613065327,"HCP","20","pointwise"
10569,0.506502,1193,153.547738693467,1301.92964824121,"HCP","20","pointwise"
10569,0.999316,1581,57.8492462311558,1110.53266331658,"HCP","20","pointwise"
10569,1.571526,1134,57.8492462311558,1046.73366834171,"HCP","20","pointwise"
10569,2.069815,620,25.9497487437186,1142.43216080402,"HCP","20","pointwise"
10569,2.491444,874,89.748743718593,1078.63316582915,"HCP","20","pointwise"
10569,-2.461328,1641,440.643216080402,1429.52763819095,"DWR","20","pointwise"
10569,-1.963039,2621,185.447236180905,1349.77889447236,"DWR","20","pointwise"
10569,-0.506502,1185,440.643216080402,1413.57788944724,"DWR","20","pointwise"
10569,0.506502,1193,297.095477386935,1206.23115577889,"DWR","20","pointwise"
10569,0.999316,1581,105.698492462312,1190.28140703518,"DWR","20","pointwise"
10569,1.571526,1134,25.9497487437186,1142.43216080402,"DWR","20","pointwise"
10569,2.069815,620,105.698492462312,1142.43216080402,"DWR","20","pointwise"
10569,2.491444,874,10,1190.28140703518,"DWR","20","pointwise"
10569,-2.461328,1641,313.045226130653,1477.37688442211,"LC","20","pointwise"
10569,-1.963039,2621,472.542713567839,1222.18090452261,"LC","20","pointwise"
10569,-0.506502,1185,233.29648241206,1844.22110552764,"LC","20","pointwise"
10569,0.506502,1193,265.195979899498,1604.97487437186,"LC","20","pointwise"
10569,0.999316,1581,169.497487437186,1254.08040201005,"LC","20","pointwise"
10569,1.571526,1134,201.396984924623,1238.13065326633,"LC","20","pointwise"
10569,2.069815,620,137.597989949749,1222.18090452261,"LC","20","pointwise"
10569,2.491444,874,217.346733668342,1285.97989949749,"LC","20","pointwise"
10579,-2.35729,560,392.793969849246,1429.52763819095,"HCP","20","pointwise"
10579,-1.853525,475,408.743718592965,1397.62814070352,"HCP","20","pointwise"
10579,-1.092402,812,424.693467336683,1365.72864321608,"HCP","20","pointwise"
10579,-0.835045,729,424.693467336683,1381.6783919598,"HCP","20","pointwise"
10579,0.728268,749,265.195979899498,1158.38190954774,"HCP","20","pointwise"
10579,-2.35729,560,392.793969849246,1365.72864321608,"DWR","20","pointwise"
10579,-1.853525,475,233.29648241206,1270.03015075377,"DWR","20","pointwise"
10579,-1.092402,812,376.844221105528,1285.97989949749,"DWR","20","pointwise"
10579,-0.835045,729,456.592964824121,1333.82914572864,"DWR","20","pointwise"
10579,0.728268,749,89.748743718593,1222.18090452261,"DWR","20","pointwise"
10579,-2.35729,560,344.94472361809,1365.72864321608,"LC","20","pointwise"
10579,-1.853525,475,344.94472361809,1748.52261306533,"LC","20","pointwise"
10579,-1.092402,812,281.145728643216,1270.03015075377,"LC","20","pointwise"
10579,-0.835045,729,408.743718592965,1636.8743718593,"LC","20","pointwise"
10579,0.728268,749,10,1700.67336683417,"LC","20","pointwise"
10587,-2.699521,855,328.994974874372,1525.22613065327,"HCP","20","pointwise"
10587,-2.193018,1264,376.844221105528,1477.37688442211,"HCP","20","pointwise"
10587,-1.675565,1259,424.693467336683,1349.77889447236,"HCP","20","pointwise"
10587,-1.256673,519,440.643216080402,1397.62814070352,"HCP","20","pointwise"
10587,0.711841,1103,265.195979899498,1078.63316582915,"HCP","20","pointwise"
10587,1.708419,1082,121.64824120603,1062.68341708543,"HCP","20","pointwise"
10587,2.225873,779,137.597989949749,982.934673366834,"HCP","20","pointwise"
10587,-2.699521,855,504.442211055276,1429.52763819095,"DWR","20","pointwise"
10587,-2.193018,1264,440.643216080402,1397.62814070352,"DWR","20","pointwise"
10587,-1.675565,1259,472.542713567839,1285.97989949749,"DWR","20","pointwise"
10587,-1.256673,519,249.246231155779,1413.57788944724,"DWR","20","pointwise"
10587,0.711841,1103,233.29648241206,1158.38190954774,"DWR","20","pointwise"
10587,1.708419,1082,137.597989949749,1110.53266331658,"DWR","20","pointwise"
10587,2.225873,779,169.497487437186,1014.83417085427,"DWR","20","pointwise"
10587,-2.699521,855,392.793969849246,1429.52763819095,"LC","20","pointwise"
10587,-2.193018,1264,344.94472361809,1604.97487437186,"LC","20","pointwise"
10587,-1.675565,1259,360.894472361809,1477.37688442211,"LC","20","pointwise"
10587,-1.256673,519,233.29648241206,1732.57286432161,"LC","20","pointwise"
10587,0.711841,1103,169.497487437186,1764.47236180905,"LC","20","pointwise"
10587,1.708419,1082,201.396984924623,1365.72864321608,"LC","20","pointwise"
10587,2.225873,779,201.396984924623,1509.27638190955,"LC","20","pointwise"
10591,0.25462,1151,233.29648241206,1222.18090452261,"HCP","20","pointwise"
10591,1.067762,867,169.497487437186,982.934673366834,"HCP","20","pointwise"
10591,2.494182,705,41.8994974874372,1014.83417085427,"HCP","20","pointwise"
10591,3.29911,890,89.748743718593,1014.83417085427,"HCP","20","pointwise"
10591,3.830253,551,25.9497487437186,1046.73366834171,"HCP","20","pointwise"
10591,4.191649,794,41.8994974874372,1030.78391959799,"HCP","20","pointwise"
10591,4.717317,801,105.698492462312,1014.83417085427,"HCP","20","pointwise"
10591,5.253936,677,137.597989949749,966.984924623115,"HCP","20","pointwise"
10591,0.25462,1151,297.095477386935,1190.28140703518,"DWR","20","pointwise"
10591,1.067762,867,105.698492462312,1014.83417085427,"DWR","20","pointwise"
10591,2.494182,705,89.748743718593,1094.58291457286,"DWR","20","pointwise"
10591,3.29911,890,137.597989949749,1014.83417085427,"DWR","20","pointwise"
10591,3.830253,551,153.547738693467,998.884422110553,"DWR","20","pointwise"
10591,4.191649,794,89.748743718593,1014.83417085427,"DWR","20","pointwise"
10591,4.717317,801,89.748743718593,951.035175879397,"DWR","20","pointwise"
10591,5.253936,677,41.8994974874372,951.035175879397,"DWR","20","pointwise"
10591,0.25462,1151,137.597989949749,1206.23115577889,"LC","20","pointwise"
10591,1.067762,867,313.045226130653,1461.42713567839,"LC","20","pointwise"
10591,2.494182,705,185.447236180905,1142.43216080402,"LC","20","pointwise"
10591,3.29911,890,169.497487437186,1094.58291457286,"LC","20","pointwise"
10591,3.830253,551,57.8492462311558,1142.43216080402,"LC","20","pointwise"
10591,4.191649,794,313.045226130653,1317.87939698492,"LC","20","pointwise"
10591,4.717317,801,73.7989949748744,1190.28140703518,"LC","20","pointwise"
10591,5.253936,677,10,1110.53266331658,"LC","20","pointwise"
10642,-0.851472,983,265.195979899498,1509.27638190955,"HCP","20","pointwise"
10642,-0.240931,1270,249.246231155779,1397.62814070352,"HCP","20","pointwise"
10642,0.240931,1162,249.246231155779,1365.72864321608,"HCP","20","pointwise"
10642,3.378508,447,41.8994974874372,1062.68341708543,"HCP","20","pointwise"
10642,-0.851472,983,392.793969849246,1222.18090452261,"DWR","20","pointwise"
10642,-0.240931,1270,504.442211055276,1270.03015075377,"DWR","20","pointwise"
10642,0.240931,1162,297.095477386935,1285.97989949749,"DWR","20","pointwise"
10642,3.378508,447,217.346733668342,1142.43216080402,"DWR","20","pointwise"
10642,-0.851472,983,281.145728643216,1413.57788944724,"LC","20","pointwise"
10642,-0.240931,1270,10,1636.8743718593,"LC","20","pointwise"
10642,0.240931,1162,10,1796.37185929648,"LC","20","pointwise"
10642,3.378508,447,10,1557.1256281407,"LC","20","pointwise"
10662,-0.271047,1407,344.94472361809,1285.97989949749,"HCP","20","pointwise"
10662,0.268309,1285,217.346733668342,1238.13065326633,"HCP","20","pointwise"
10662,0.785763,881,201.396984924623,1078.63316582915,"HCP","20","pointwise"
10662,1.24846,459,137.597989949749,1078.63316582915,"HCP","20","pointwise"
10662,2.35729,305,89.748743718593,1062.68341708543,"HCP","20","pointwise"
10662,3.373032,130,41.8994974874372,1046.73366834171,"HCP","20","pointwise"
10662,4.005476,40,57.8492462311558,966.984924623115,"HCP","20","pointwise"
10662,-0.271047,1407,344.94472361809,1301.92964824121,"DWR","20","pointwise"
10662,0.268309,1285,297.095477386935,1254.08040201005,"DWR","20","pointwise"
10662,0.785763,881,233.29648241206,1158.38190954774,"DWR","20","pointwise"
10662,1.24846,459,137.597989949749,998.884422110553,"DWR","20","pointwise"
10662,2.35729,305,89.748743718593,1014.83417085427,"DWR","20","pointwise"
10662,3.373032,130,41.8994974874372,1046.73366834171,"DWR","20","pointwise"
10662,4.005476,40,137.597989949749,1078.63316582915,"DWR","20","pointwise"
10662,-0.271047,1407,376.844221105528,1445.47738693467,"LC","20","pointwise"
10662,0.268309,1285,313.045226130653,1222.18090452261,"LC","20","pointwise"
10662,0.785763,881,328.994974874372,1078.63316582915,"LC","20","pointwise"
10662,1.24846,459,249.246231155779,1062.68341708543,"LC","20","pointwise"
10662,2.35729,305,153.547738693467,1030.78391959799,"LC","20","pointwise"
10662,3.373032,130,89.748743718593,1158.38190954774,"LC","20","pointwise"
10662,4.005476,40,41.8994974874372,1190.28140703518,"LC","20","pointwise"
10669,-1.697467,1245,265.195979899498,1333.82914572864,"HCP","20","pointwise"
10669,-1.199179,1103,281.145728643216,1333.82914572864,"HCP","20","pointwise"
10669,-0.260096,1260,297.095477386935,1349.77889447236,"HCP","20","pointwise"
10669,1.316906,478,169.497487437186,1094.58291457286,"HCP","20","pointwise"
10669,1.891855,385,169.497487437186,1126.4824120603,"HCP","20","pointwise"
10669,-1.697467,1245,424.693467336683,1301.92964824121,"DWR","20","pointwise"
10669,-1.199179,1103,392.793969849246,1270.03015075377,"DWR","20","pointwise"
10669,-0.260096,1260,408.743718592965,1397.62814070352,"DWR","20","pointwise"
10669,1.316906,478,169.497487437186,1094.58291457286,"DWR","20","pointwise"
10669,1.891855,385,153.547738693467,1078.63316582915,"DWR","20","pointwise"
10669,-1.697467,1245,233.29648241206,1684.72361809045,"LC","20","pointwise"
10669,-1.199179,1103,424.693467336683,1254.08040201005,"LC","20","pointwise"
10669,-0.260096,1260,73.7989949748744,1445.47738693467,"LC","20","pointwise"
10669,1.316906,478,153.547738693467,1285.97989949749,"LC","20","pointwise"
10669,1.891855,385,10,1620.92462311558,"LC","20","pointwise"
10675,-0.906229,2640,328.994974874372,1381.6783919598,"HCP","20","pointwise"
10675,-0.312115,1934,281.145728643216,1445.47738693467,"HCP","20","pointwise"
10675,0.312115,738,217.346733668342,1174.33165829146,"HCP","20","pointwise"
10675,0.561259,1188,201.396984924623,1190.28140703518,"HCP","20","pointwise"
10675,-0.906229,2640,440.643216080402,1317.87939698492,"DWR","20","pointwise"
10675,-0.312115,1934,520.391959798995,1573.07537688442,"DWR","20","pointwise"
10675,0.312115,738,313.045226130653,1285.97989949749,"DWR","20","pointwise"
10675,0.561259,1188,201.396984924623,1142.43216080402,"DWR","20","pointwise"
10675,-0.906229,2640,217.346733668342,1732.57286432161,"LC","20","pointwise"
10675,-0.312115,1934,169.497487437186,1620.92462311558,"LC","20","pointwise"
10675,0.312115,738,392.793969849246,1780.42211055276,"LC","20","pointwise"
10675,0.561259,1188,376.844221105528,1413.57788944724,"LC","20","pointwise"
10678,-1.785079,945,328.994974874372,1333.82914572864,"HCP","20","pointwise"
10678,-1.218344,1042,297.095477386935,1285.97989949749,"HCP","20","pointwise"
10678,-0.744695,1256,328.994974874372,1333.82914572864,"HCP","20","pointwise"
10678,0.747433,836,121.64824120603,1062.68341708543,"HCP","20","pointwise"
10678,1.284052,566,185.447236180905,1030.78391959799,"HCP","20","pointwise"
10678,1.787817,845,73.7989949748744,1142.43216080402,"HCP","20","pointwise"
10678,2.874743,527,57.8492462311558,1046.73366834171,"HCP","20","pointwise"
10678,-1.785079,945,360.894472361809,1381.6783919598,"DWR","20","pointwise"
10678,-1.218344,1042,344.94472361809,1349.77889447236,"DWR","20","pointwise"
10678,-0.744695,1256,440.643216080402,1333.82914572864,"DWR","20","pointwise"
10678,0.747433,836,233.29648241206,1014.83417085427,"DWR","20","pointwise"
10678,1.284052,566,169.497487437186,1190.28140703518,"DWR","20","pointwise"
10678,1.787817,845,89.748743718593,998.884422110553,"DWR","20","pointwise"
10678,2.874743,527,10,1078.63316582915,"DWR","20","pointwise"
10678,-1.785079,945,344.94472361809,1477.37688442211,"LC","20","pointwise"
10678,-1.218344,1042,265.195979899498,1349.77889447236,"LC","20","pointwise"
10678,-0.744695,1256,392.793969849246,1365.72864321608,"LC","20","pointwise"
10678,0.747433,836,281.145728643216,1094.58291457286,"LC","20","pointwise"
10678,1.284052,566,265.195979899498,1908.02010050251,"LC","20","pointwise"
10678,1.787817,845,328.994974874372,1270.03015075377,"LC","20","pointwise"
10678,2.874743,527,10,1254.08040201005,"LC","20","pointwise"
10700,-2.68857,908,313.045226130653,1254.08040201005,"HCP","20","pointwise"
10700,-0.262834,1202,233.29648241206,1349.77889447236,"HCP","20","pointwise"
10700,0.262834,641,185.447236180905,1222.18090452261,"HCP","20","pointwise"
10700,1.919233,441,153.547738693467,1078.63316582915,"HCP","20","pointwise"
10700,2.45859,645,105.698492462312,1094.58291457286,"HCP","20","pointwise"
10700,-2.68857,908,520.391959798995,1365.72864321608,"DWR","20","pointwise"
10700,-0.262834,1202,137.597989949749,1429.52763819095,"DWR","20","pointwise"
10700,0.262834,641,297.095477386935,1206.23115577889,"DWR","20","pointwise"
10700,1.919233,441,137.597989949749,1030.78391959799,"DWR","20","pointwise"
10700,2.45859,645,137.597989949749,998.884422110553,"DWR","20","pointwise"
10700,-2.68857,908,360.894472361809,1477.37688442211,"LC","20","pointwise"
10700,-0.262834,1202,392.793969849246,1477.37688442211,"LC","20","pointwise"
10700,0.262834,641,313.045226130653,1317.87939698492,"LC","20","pointwise"
10700,1.919233,441,217.346733668342,1206.23115577889,"LC","20","pointwise"
10700,2.45859,645,153.547738693467,1509.27638190955,"LC","20","pointwise"
10770,-0.810404,1088,313.045226130653,1509.27638190955,"HCP","20","pointwise"
10770,-0.240931,681,360.894472361809,1413.57788944724,"HCP","20","pointwise"
10770,1.141684,836,185.447236180905,1014.83417085427,"HCP","20","pointwise"
10770,2.663929,1615,57.8492462311558,982.934673366834,"HCP","20","pointwise"
10770,3.123888,1231,25.9497487437186,951.035175879397,"HCP","20","pointwise"
10770,3.660506,1681,41.8994974874372,966.984924623115,"HCP","20","pointwise"
10770,4.13963,1740,57.8492462311558,982.934673366834,"HCP","20","pointwise"
10770,-0.810404,1088,392.793969849246,1381.6783919598,"DWR","20","pointwise"
10770,-0.240931,681,408.743718592965,1397.62814070352,"DWR","20","pointwise"
10770,1.141684,836,201.396984924623,1078.63316582915,"DWR","20","pointwise"
10770,2.663929,1615,217.346733668342,1030.78391959799,"DWR","20","pointwise"
10770,3.123888,1231,121.64824120603,1030.78391959799,"DWR","20","pointwise"
10770,3.660506,1681,10,1110.53266331658,"DWR","20","pointwise"
10770,4.13963,1740,73.7989949748744,1078.63316582915,"DWR","20","pointwise"
10770,-0.810404,1088,376.844221105528,1509.27638190955,"LC","20","pointwise"
10770,-0.240931,681,360.894472361809,1445.47738693467,"LC","20","pointwise"
10770,1.141684,836,217.346733668342,1397.62814070352,"LC","20","pointwise"
10770,2.663929,1615,265.195979899498,1349.77889447236,"LC","20","pointwise"
10770,3.123888,1231,169.497487437186,1126.4824120603,"LC","20","pointwise"
10770,3.660506,1681,89.748743718593,1062.68341708543,"LC","20","pointwise"
10770,4.13963,1740,153.547738693467,1270.03015075377,"LC","20","pointwise"
10773,-2.466804,1236,265.195979899498,1285.97989949749,"HCP","20","pointwise"
10773,2.464066,942,57.8492462311558,1014.83417085427,"HCP","20","pointwise"
10773,2.981519,950,57.8492462311558,1014.83417085427,"HCP","20","pointwise"
10773,-2.466804,1236,408.743718592965,1301.92964824121,"DWR","20","pointwise"
10773,2.464066,942,89.748743718593,1046.73366834171,"DWR","20","pointwise"
10773,2.981519,950,153.547738693467,998.884422110553,"DWR","20","pointwise"
10773,-2.466804,1236,360.894472361809,1732.57286432161,"LC","20","pointwise"
10773,2.464066,942,10,2131.31658291457,"LC","20","pointwise"
10773,2.981519,950,25.9497487437186,1238.13065326633,"LC","20","pointwise"
10806,-1.24846,1077,233.29648241206,1317.87939698492,"HCP","20","pointwise"
10806,-0.747433,1220,249.246231155779,1381.6783919598,"HCP","20","pointwise"
10806,-0.249144,756,281.145728643216,1349.77889447236,"HCP","20","pointwise"
10806,0.249144,551,265.195979899498,1254.08040201005,"HCP","20","pointwise"
10806,0.747433,676,169.497487437186,1078.63316582915,"HCP","20","pointwise"
10806,-1.24846,1077,440.643216080402,1270.03015075377,"DWR","20","pointwise"
10806,-0.747433,1220,328.994974874372,1285.97989949749,"DWR","20","pointwise"
10806,-0.249144,756,360.894472361809,1317.87939698492,"DWR","20","pointwise"
10806,0.249144,551,137.597989949749,1222.18090452261,"DWR","20","pointwise"
10806,0.747433,676,201.396984924623,1062.68341708543,"DWR","20","pointwise"
10806,-1.24846,1077,233.29648241206,1381.6783919598,"LC","20","pointwise"
10806,-0.747433,1220,328.994974874372,1349.77889447236,"LC","20","pointwise"
10806,-0.249144,756,201.396984924623,1684.72361809045,"LC","20","pointwise"
10806,0.249144,551,281.145728643216,1413.57788944724,"LC","20","pointwise"
10806,0.747433,676,185.447236180905,1429.52763819095,"LC","20","pointwise"
10865,-1.820671,1960,265.195979899498,1397.62814070352,"HCP","20","pointwise"
10865,-1.264887,1043,249.246231155779,1413.57788944724,"HCP","20","pointwise"
10865,-0.747433,1465,217.346733668342,1445.47738693467,"HCP","20","pointwise"
10865,-0.249144,1442,201.396984924623,1413.57788944724,"HCP","20","pointwise"
10865,0.249144,1329,121.64824120603,1317.87939698492,"HCP","20","pointwise"
10865,-1.820671,1960,281.145728643216,1413.57788944724,"DWR","20","pointwise"
10865,-1.264887,1043,408.743718592965,1365.72864321608,"DWR","20","pointwise"
10865,-0.747433,1465,297.095477386935,1333.82914572864,"DWR","20","pointwise"
10865,-0.249144,1442,472.542713567839,1413.57788944724,"DWR","20","pointwise"
10865,0.249144,1329,392.793969849246,1206.23115577889,"DWR","20","pointwise"
10865,-1.820671,1960,344.94472361809,1573.07537688442,"LC","20","pointwise"
10865,-1.264887,1043,488.492462311558,1748.52261306533,"LC","20","pointwise"
10865,-0.747433,1465,360.894472361809,1844.22110552764,"LC","20","pointwise"
10865,-0.249144,1442,10,1636.8743718593,"LC","20","pointwise"
10865,0.249144,1329,10,1812.3216080402,"LC","20","pointwise"
10878,-0.240931,1206,313.045226130653,1317.87939698492,"HCP","20","pointwise"
10878,0.240931,691,297.095477386935,1206.23115577889,"HCP","20","pointwise"
10878,-0.240931,1206,265.195979899498,1206.23115577889,"DWR","20","pointwise"
10878,0.240931,691,297.095477386935,1222.18090452261,"DWR","20","pointwise"
10878,-0.240931,1206,488.492462311558,1445.47738693467,"LC","20","pointwise"
10878,0.240931,691,185.447236180905,1525.22613065327,"LC","20","pointwise"
10915,-0.758385,773,313.045226130653,1317.87939698492,"HCP","20","pointwise"
10915,-0.240931,735,313.045226130653,1238.13065326633,"HCP","20","pointwise"
10915,2.198494,264,121.64824120603,1094.58291457286,"HCP","20","pointwise"
10915,2.726899,139,89.748743718593,1110.53266331658,"HCP","20","pointwise"
10915,3.225188,145,105.698492462312,1030.78391959799,"HCP","20","pointwise"
10915,3.633128,221,73.7989949748744,1046.73366834171,"HCP","20","pointwise"
10915,4.123203,274,89.748743718593,1014.83417085427,"HCP","20","pointwise"
10915,-0.758385,773,376.844221105528,1365.72864321608,"DWR","20","pointwise"
10915,-0.240931,735,265.195979899498,1317.87939698492,"DWR","20","pointwise"
10915,2.198494,264,89.748743718593,1062.68341708543,"DWR","20","pointwise"
10915,2.726899,139,25.9497487437186,1030.78391959799,"DWR","20","pointwise"
10915,3.225188,145,10,982.934673366834,"DWR","20","pointwise"
10915,3.633128,221,121.64824120603,1078.63316582915,"DWR","20","pointwise"
10915,4.123203,274,10,1062.68341708543,"DWR","20","pointwise"
10915,-0.758385,773,233.29648241206,1620.92462311558,"LC","20","pointwise"
10915,-0.240931,735,392.793969849246,1477.37688442211,"LC","20","pointwise"
10915,2.198494,264,89.748743718593,1317.87939698492,"LC","20","pointwise"
10915,2.726899,139,249.246231155779,1429.52763819095,"LC","20","pointwise"
10915,3.225188,145,105.698492462312,1062.68341708543,"LC","20","pointwise"
10915,3.633128,221,169.497487437186,982.934673366834,"LC","20","pointwise"
10915,4.123203,274,89.748743718593,1190.28140703518,"LC","20","pointwise"
10916,-0.758385,596,265.195979899498,1333.82914572864,"HCP","20","pointwise"
10916,-0.240931,616,233.29648241206,1349.77889447236,"HCP","20","pointwise"
10916,0.240931,496,185.447236180905,1285.97989949749,"HCP","20","pointwise"
10916,0.70089,672,233.29648241206,1142.43216080402,"HCP","20","pointwise"
10916,1.215606,359,169.497487437186,1094.58291457286,"HCP","20","pointwise"
10916,1.771389,660,137.597989949749,1046.73366834171,"HCP","20","pointwise"
10916,2.308008,257,73.7989949748744,1078.63316582915,"HCP","20","pointwise"
10916,2.825462,383,57.8492462311558,1222.18090452261,"HCP","20","pointwise"
10916,-0.758385,596,424.693467336683,1333.82914572864,"DWR","20","pointwise"
10916,-0.240931,616,504.442211055276,1333.82914572864,"DWR","20","pointwise"
10916,0.240931,496,328.994974874372,1254.08040201005,"DWR","20","pointwise"
10916,0.70089,672,265.195979899498,1158.38190954774,"DWR","20","pointwise"
10916,1.215606,359,169.497487437186,1126.4824120603,"DWR","20","pointwise"
10916,1.771389,660,137.597989949749,1094.58291457286,"DWR","20","pointwise"
10916,2.308008,257,153.547738693467,1014.83417085427,"DWR","20","pointwise"
10916,2.825462,383,169.497487437186,1126.4824120603,"DWR","20","pointwise"
10916,-0.758385,596,281.145728643216,1397.62814070352,"LC","20","pointwise"
10916,-0.240931,616,265.195979899498,1317.87939698492,"LC","20","pointwise"
10916,0.240931,496,201.396984924623,1636.8743718593,"LC","20","pointwise"
10916,0.70089,672,392.793969849246,1142.43216080402,"LC","20","pointwise"
10916,1.215606,359,185.447236180905,1429.52763819095,"LC","20","pointwise"
10916,1.771389,660,169.497487437186,998.884422110553,"LC","20","pointwise"
10916,2.308008,257,185.447236180905,1158.38190954774,"LC","20","pointwise"
10916,2.825462,383,153.547738693467,1285.97989949749,"LC","20","pointwise"
10949,-2.836413,710,265.195979899498,1349.77889447236,"HCP","20","pointwise"
10949,-2.297057,605,297.095477386935,1413.57788944724,"HCP","20","pointwise"
10949,-1.820671,765,281.145728643216,1397.62814070352,"HCP","20","pointwise"
10949,-0.780287,1144,233.29648241206,1589.02512562814,"HCP","20","pointwise"
10949,-0.251882,1035,217.346733668342,1541.17587939698,"HCP","20","pointwise"
10949,0.769336,749,153.547738693467,1190.28140703518,"HCP","20","pointwise"
10949,1.24846,675,153.547738693467,1126.4824120603,"HCP","20","pointwise"
10949,1.746749,690,121.64824120603,1158.38190954774,"HCP","20","pointwise"
10949,2.384668,928,89.748743718593,1158.38190954774,"HCP","20","pointwise"
10949,-2.836413,710,408.743718592965,1349.77889447236,"DWR","20","pointwise"
10949,-2.297057,605,328.994974874372,1174.33165829146,"DWR","20","pointwise"
10949,-1.820671,765,472.542713567839,1397.62814070352,"DWR","20","pointwise"
10949,-0.780287,1144,440.643216080402,1461.42713567839,"DWR","20","pointwise"
10949,-0.251882,1035,456.592964824121,1285.97989949749,"DWR","20","pointwise"
10949,0.769336,749,105.698492462312,1174.33165829146,"DWR","20","pointwise"
10949,1.24846,675,121.64824120603,1174.33165829146,"DWR","20","pointwise"
10949,1.746749,690,73.7989949748744,1094.58291457286,"DWR","20","pointwise"
10949,2.384668,928,201.396984924623,1046.73366834171,"DWR","20","pointwise"
10949,-2.836413,710,488.492462311558,1333.82914572864,"LC","20","pointwise"
10949,-2.297057,605,424.693467336683,1828.27135678392,"LC","20","pointwise"
10949,-1.820671,765,281.145728643216,1349.77889447236,"LC","20","pointwise"
10949,-0.780287,1144,185.447236180905,1923.96984924623,"LC","20","pointwise"
10949,-0.251882,1035,408.743718592965,2290.81407035176,"LC","20","pointwise"
10949,0.769336,749,217.346733668342,1365.72864321608,"LC","20","pointwise"
10949,1.24846,675,265.195979899498,1477.37688442211,"LC","20","pointwise"
10949,1.746749,690,249.246231155779,1509.27638190955,"LC","20","pointwise"
10949,2.384668,928,25.9497487437186,1636.8743718593,"LC","20","pointwise"
10954,0.848734,618,121.64824120603,1190.28140703518,"HCP","20","pointwise"
10954,3.195072,299,25.9497487437186,1158.38190954774,"HCP","20","pointwise"
10954,3.77002,459,10,1142.43216080402,"HCP","20","pointwise"
10954,4.15332,454,10,1014.83417085427,"HCP","20","pointwise"
10954,4.632443,556,10,1142.43216080402,"HCP","20","pointwise"
10954,4.971937,155,10,1126.4824120603,"HCP","20","pointwise"
10954,0.848734,618,169.497487437186,1094.58291457286,"DWR","20","pointwise"
10954,3.195072,299,89.748743718593,1078.63316582915,"DWR","20","pointwise"
10954,3.77002,459,153.547738693467,1014.83417085427,"DWR","20","pointwise"
10954,4.15332,454,153.547738693467,982.934673366834,"DWR","20","pointwise"
10954,4.632443,556,10,1094.58291457286,"DWR","20","pointwise"
10954,4.971937,155,73.7989949748744,1046.73366834171,"DWR","20","pointwise"
10954,0.848734,618,10,1636.8743718593,"LC","20","pointwise"
10954,3.195072,299,105.698492462312,1700.67336683417,"LC","20","pointwise"
10954,3.77002,459,10,1365.72864321608,"LC","20","pointwise"
10954,4.15332,454,10,2849.05527638191,"LC","20","pointwise"
10954,4.632443,556,169.497487437186,1254.08040201005,"LC","20","pointwise"
10954,4.971937,155,41.8994974874372,1333.82914572864,"LC","20","pointwise"
10956,-0.755647,942,328.994974874372,1365.72864321608,"HCP","20","pointwise"
10956,-0.238193,958,328.994974874372,1301.92964824121,"HCP","20","pointwise"
10956,0.238193,760,297.095477386935,1254.08040201005,"HCP","20","pointwise"
10956,0.70089,781,105.698492462312,1158.38190954774,"HCP","20","pointwise"
10956,2.250513,848,137.597989949749,1046.73366834171,"HCP","20","pointwise"
10956,2.90486,662,25.9497487437186,1030.78391959799,"HCP","20","pointwise"
10956,3.37577,708,57.8492462311558,966.984924623115,"HCP","20","pointwise"
10956,3.86037,736,73.7989949748744,998.884422110553,"HCP","20","pointwise"
10956,4.358658,750,89.748743718593,982.934673366834,"HCP","20","pointwise"
10956,-0.755647,942,408.743718592965,1270.03015075377,"DWR","20","pointwise"
10956,-0.238193,958,265.195979899498,1333.82914572864,"DWR","20","pointwise"
10956,0.238193,760,313.045226130653,1301.92964824121,"DWR","20","pointwise"
10956,0.70089,781,153.547738693467,1142.43216080402,"DWR","20","pointwise"
10956,2.250513,848,73.7989949748744,998.884422110553,"DWR","20","pointwise"
10956,2.90486,662,73.7989949748744,1158.38190954774,"DWR","20","pointwise"
10956,3.37577,708,201.396984924623,1030.78391959799,"DWR","20","pointwise"
10956,3.86037,736,57.8492462311558,1014.83417085427,"DWR","20","pointwise"
10956,4.358658,750,57.8492462311558,1014.83417085427,"DWR","20","pointwise"
10956,-0.755647,942,376.844221105528,1317.87939698492,"LC","20","pointwise"
10956,-0.238193,958,408.743718592965,1222.18090452261,"LC","20","pointwise"
10956,0.238193,760,360.894472361809,1381.6783919598,"LC","20","pointwise"
10956,0.70089,781,297.095477386935,1254.08040201005,"LC","20","pointwise"
10956,2.250513,848,201.396984924623,1126.4824120603,"LC","20","pointwise"
10956,2.90486,662,73.7989949748744,1190.28140703518,"LC","20","pointwise"
10956,3.37577,708,233.29648241206,1110.53266331658,"LC","20","pointwise"
10956,3.86037,736,57.8492462311558,1285.97989949749,"LC","20","pointwise"
10956,4.358658,750,233.29648241206,1110.53266331658,"LC","20","pointwise"
10968,-1.691992,295,360.894472361809,1349.77889447236,"HCP","20","pointwise"
10968,-1.078713,494,344.94472361809,1254.08040201005,"HCP","20","pointwise"
10968,-0.607803,389,360.894472361809,1429.52763819095,"HCP","20","pointwise"
10968,-0.301164,619,281.145728643216,1604.97487437186,"HCP","20","pointwise"
10968,0.301164,288,169.497487437186,1190.28140703518,"HCP","20","pointwise"
10968,1.374401,539,185.447236180905,1190.28140703518,"HCP","20","pointwise"
10968,1.87269,349,137.597989949749,1078.63316582915,"HCP","20","pointwise"
10968,2.409309,343,121.64824120603,998.884422110553,"HCP","20","pointwise"
10968,2.896646,529,41.8994974874372,1062.68341708543,"HCP","20","pointwise"
10968,3.408624,404,10,998.884422110553,"HCP","20","pointwise"
10968,3.906913,473,25.9497487437186,1014.83417085427,"HCP","20","pointwise"
10968,-1.691992,295,344.94472361809,1285.97989949749,"DWR","20","pointwise"
10968,-1.078713,494,281.145728643216,1270.03015075377,"DWR","20","pointwise"
10968,-0.607803,389,313.045226130653,1413.57788944724,"DWR","20","pointwise"
10968,-0.301164,619,408.743718592965,1413.57788944724,"DWR","20","pointwise"
10968,0.301164,288,201.396984924623,1110.53266331658,"DWR","20","pointwise"
10968,1.374401,539,89.748743718593,1142.43216080402,"DWR","20","pointwise"
10968,1.87269,349,153.547738693467,998.884422110553,"DWR","20","pointwise"
10968,2.409309,343,41.8994974874372,1078.63316582915,"DWR","20","pointwise"
10968,2.896646,529,57.8492462311558,998.884422110553,"DWR","20","pointwise"
10968,3.408624,404,57.8492462311558,1094.58291457286,"DWR","20","pointwise"
10968,3.906913,473,185.447236180905,998.884422110553,"DWR","20","pointwise"
10968,-1.691992,295,313.045226130653,1509.27638190955,"LC","20","pointwise"
10968,-1.078713,494,328.994974874372,1158.38190954774,"LC","20","pointwise"
10968,-0.607803,389,392.793969849246,1349.77889447236,"LC","20","pointwise"
10968,-0.301164,619,313.045226130653,1206.23115577889,"LC","20","pointwise"
10968,0.301164,288,328.994974874372,1333.82914572864,"LC","20","pointwise"
10968,1.374401,539,185.447236180905,1190.28140703518,"LC","20","pointwise"
10968,1.87269,349,10,1094.58291457286,"LC","20","pointwise"
10968,2.409309,343,10,1301.92964824121,"LC","20","pointwise"
10968,2.896646,529,10,1684.72361809045,"LC","20","pointwise"
10968,3.408624,404,217.346733668342,1174.33165829146,"LC","20","pointwise"
10968,3.906913,473,217.346733668342,1174.33165829146,"LC","20","pointwise"
11005,-1.05681,984,297.095477386935,1493.32663316583,"HCP","20","pointwise"
11005,-0.25462,1332,265.195979899498,1477.37688442211,"HCP","20","pointwise"
11005,0.25462,1098,201.396984924623,1254.08040201005,"HCP","20","pointwise"
11005,2.57358,299,41.8994974874372,982.934673366834,"HCP","20","pointwise"
11005,3.813826,700,10,966.984924623115,"HCP","20","pointwise"
11005,4.312115,568,10,966.984924623115,"HCP","20","pointwise"
11005,-1.05681,984,408.743718592965,1317.87939698492,"DWR","20","pointwise"
11005,-0.25462,1332,265.195979899498,1301.92964824121,"DWR","20","pointwise"
11005,0.25462,1098,233.29648241206,1206.23115577889,"DWR","20","pointwise"
11005,2.57358,299,137.597989949749,1126.4824120603,"DWR","20","pointwise"
11005,3.813826,700,73.7989949748744,1046.73366834171,"DWR","20","pointwise"
11005,4.312115,568,10,1110.53266331658,"DWR","20","pointwise"
11005,-1.05681,984,10,2402.46231155779,"LC","20","pointwise"
11005,-0.25462,1332,10,2195.11557788945,"LC","20","pointwise"
11005,0.25462,1098,265.195979899498,1828.27135678392,"LC","20","pointwise"
11005,2.57358,299,297.095477386935,1078.63316582915,"LC","20","pointwise"
11005,3.813826,700,265.195979899498,1190.28140703518,"LC","20","pointwise"
11005,4.312115,568,313.045226130653,1589.02512562814,"LC","20","pointwise"
11048,-1.587953,1521,344.94472361809,1285.97989949749,"HCP","20","pointwise"
11048,-0.744695,484,281.145728643216,1254.08040201005,"HCP","20","pointwise"
11048,2.198494,351,73.7989949748744,998.884422110553,"HCP","20","pointwise"
11048,2.737851,187,41.8994974874372,935.085427135678,"HCP","20","pointwise"
11048,-1.587953,1521,297.095477386935,1301.92964824121,"DWR","20","pointwise"
11048,-0.744695,484,360.894472361809,1317.87939698492,"DWR","20","pointwise"
11048,2.198494,351,89.748743718593,951.035175879397,"DWR","20","pointwise"
11048,2.737851,187,73.7989949748744,982.934673366834,"DWR","20","pointwise"
11048,-1.587953,1521,424.693467336683,2546.01005025126,"LC","20","pointwise"
11048,-0.744695,484,121.64824120603,1844.22110552764,"LC","20","pointwise"
11048,2.198494,351,169.497487437186,1285.97989949749,"LC","20","pointwise"
11048,2.737851,187,233.29648241206,1222.18090452261,"LC","20","pointwise"
11062,-0.246407,700,265.195979899498,1397.62814070352,"HCP","20","pointwise"
11062,0.249144,365,297.095477386935,1285.97989949749,"HCP","20","pointwise"
11062,0.621492,273,10,1158.38190954774,"HCP","20","pointwise"
11062,2.997947,391,137.597989949749,935.085427135678,"HCP","20","pointwise"
11062,-0.246407,700,313.045226130653,1222.18090452261,"DWR","20","pointwise"
11062,0.249144,365,376.844221105528,1397.62814070352,"DWR","20","pointwise"
11062,0.621492,273,297.095477386935,1094.58291457286,"DWR","20","pointwise"
11062,2.997947,391,10,1062.68341708543,"DWR","20","pointwise"
11062,-0.246407,700,328.994974874372,1301.92964824121,"LC","20","pointwise"
11062,0.249144,365,424.693467336683,1620.92462311558,"LC","20","pointwise"
11062,0.621492,273,217.346733668342,1365.72864321608,"LC","20","pointwise"
11062,2.997947,391,233.29648241206,1301.92964824121,"LC","20","pointwise"
11076,-1.097878,940,249.246231155779,1381.6783919598,"HCP","20","pointwise"
11076,-0.240931,570,265.195979899498,1381.6783919598,"HCP","20","pointwise"
11076,-1.097878,940,376.844221105528,1349.77889447236,"DWR","20","pointwise"
11076,-0.240931,570,360.894472361809,1270.03015075377,"DWR","20","pointwise"
11076,-1.097878,940,233.29648241206,1620.92462311558,"LC","20","pointwise"
11076,-0.240931,570,297.095477386935,1365.72864321608,"LC","20","pointwise"
11088,-0.246407,1848,328.994974874372,1333.82914572864,"HCP","20","pointwise"
11088,0.246407,1119,169.497487437186,1222.18090452261,"HCP","20","pointwise"
11088,0.744695,1273,169.497487437186,1142.43216080402,"HCP","20","pointwise"
11088,-0.246407,1848,265.195979899498,1238.13065326633,"DWR","20","pointwise"
11088,0.246407,1119,328.994974874372,1126.4824120603,"DWR","20","pointwise"
11088,0.744695,1273,185.447236180905,1126.4824120603,"DWR","20","pointwise"
11088,-0.246407,1848,281.145728643216,1429.52763819095,"LC","20","pointwise"
11088,0.246407,1119,121.64824120603,1413.57788944724,"LC","20","pointwise"
11088,0.744695,1273,281.145728643216,1238.13065326633,"LC","20","pointwise"
11100,0.251882,497,249.246231155779,1190.28140703518,"HCP","20","pointwise"
11100,0.251882,497,313.045226130653,1254.08040201005,"DWR","20","pointwise"
11100,0.251882,497,376.844221105528,1541.17587939698,"LC","20","pointwise"
11106,-0.240931,684,281.145728643216,1349.77889447236,"HCP","20","pointwise"
11106,0.240931,561,169.497487437186,1333.82914572864,"HCP","20","pointwise"
11106,0.744695,397,121.64824120603,1062.68341708543,"HCP","20","pointwise"
11106,2.948665,441,10,951.035175879397,"HCP","20","pointwise"
11106,3.427789,370,10,903.185929648241,"HCP","20","pointwise"
11106,3.791923,629,10,919.13567839196,"HCP","20","pointwise"
11106,4.610541,403,10,966.984924623115,"HCP","20","pointwise"
11106,-0.240931,684,297.095477386935,1365.72864321608,"DWR","20","pointwise"
11106,0.240931,561,249.246231155779,1270.03015075377,"DWR","20","pointwise"
11106,0.744695,397,73.7989949748744,1190.28140703518,"DWR","20","pointwise"
11106,2.948665,441,57.8492462311558,1046.73366834171,"DWR","20","pointwise"
11106,3.427789,370,73.7989949748744,1126.4824120603,"DWR","20","pointwise"
11106,3.791923,629,105.698492462312,1014.83417085427,"DWR","20","pointwise"
11106,4.610541,403,105.698492462312,1014.83417085427,"DWR","20","pointwise"
11106,-0.240931,684,249.246231155779,1764.47236180905,"LC","20","pointwise"
11106,0.240931,561,121.64824120603,1381.6783919598,"LC","20","pointwise"
11106,0.744695,397,201.396984924623,1413.57788944724,"LC","20","pointwise"
11106,2.948665,441,169.497487437186,1030.78391959799,"LC","20","pointwise"
11106,3.427789,370,217.346733668342,1110.53266331658,"LC","20","pointwise"
11106,3.791923,629,265.195979899498,1509.27638190955,"LC","20","pointwise"
11106,4.610541,403,10,1285.97989949749,"LC","20","pointwise"
11118,0.210815,1976,297.095477386935,1365.72864321608,"HCP","20","pointwise"
11118,1.188227,1391,89.748743718593,998.884422110553,"HCP","20","pointwise"
11118,1.574264,1417,25.9497487437186,951.035175879397,"HCP","20","pointwise"
11118,2.759754,466,25.9497487437186,1062.68341708543,"HCP","20","pointwise"
11118,3.277207,1041,10,966.984924623115,"HCP","20","pointwise"
11118,3.750856,663,10,998.884422110553,"HCP","20","pointwise"
11118,4.024641,783,25.9497487437186,903.185929648241,"HCP","20","pointwise"
11118,4.698152,651,10,919.13567839196,"HCP","20","pointwise"
11118,5.158111,898,25.9497487437186,919.13567839196,"HCP","20","pointwise"
11118,0.210815,1976,217.346733668342,1349.77889447236,"DWR","20","pointwise"
11118,1.188227,1391,89.748743718593,1046.73366834171,"DWR","20","pointwise"
11118,1.574264,1417,153.547738693467,982.934673366834,"DWR","20","pointwise"
11118,2.759754,466,137.597989949749,966.984924623115,"DWR","20","pointwise"
11118,3.277207,1041,105.698492462312,919.13567839196,"DWR","20","pointwise"
11118,3.750856,663,201.396984924623,1158.38190954774,"DWR","20","pointwise"
11118,4.024641,783,169.497487437186,1094.58291457286,"DWR","20","pointwise"
11118,4.698152,651,57.8492462311558,1046.73366834171,"DWR","20","pointwise"
11118,5.158111,898,25.9497487437186,1014.83417085427,"DWR","20","pointwise"
11118,0.210815,1976,10,1732.57286432161,"LC","20","pointwise"
11118,1.188227,1391,137.597989949749,1285.97989949749,"LC","20","pointwise"
11118,1.574264,1417,121.64824120603,1604.97487437186,"LC","20","pointwise"
11118,2.759754,466,25.9497487437186,1509.27638190955,"LC","20","pointwise"
11118,3.277207,1041,73.7989949748744,1317.87939698492,"LC","20","pointwise"
11118,3.750856,663,201.396984924623,1285.97989949749,"LC","20","pointwise"
11118,4.024641,783,41.8994974874372,1381.6783919598,"LC","20","pointwise"
11118,4.698152,651,169.497487437186,966.984924623115,"LC","20","pointwise"
11118,5.158111,898,265.195979899498,1014.83417085427,"LC","20","pointwise"
11131,-1.741273,833,392.793969849246,1397.62814070352,"HCP","20","pointwise"
11131,-1.437372,902,376.844221105528,1349.77889447236,"HCP","20","pointwise"
11131,-0.963723,713,376.844221105528,1381.6783919598,"HCP","20","pointwise"
11131,1.462012,317,153.547738693467,1062.68341708543,"HCP","20","pointwise"
11131,-1.741273,833,297.095477386935,1349.77889447236,"DWR","20","pointwise"
11131,-1.437372,902,376.844221105528,1381.6783919598,"DWR","20","pointwise"
11131,-0.963723,713,376.844221105528,1365.72864321608,"DWR","20","pointwise"
11131,1.462012,317,105.698492462312,1174.33165829146,"DWR","20","pointwise"
11131,-1.741273,833,424.693467336683,1636.8743718593,"LC","20","pointwise"
11131,-1.437372,902,360.894472361809,1620.92462311558,"LC","20","pointwise"
11131,-0.963723,713,392.793969849246,1429.52763819095,"LC","20","pointwise"
11131,1.462012,317,281.145728643216,1254.08040201005,"LC","20","pointwise"
11142,-0.251882,582,328.994974874372,1349.77889447236,"HCP","20","pointwise"
11142,0.251882,831,233.29648241206,1270.03015075377,"HCP","20","pointwise"
11142,0.711841,878,233.29648241206,1094.58291457286,"HCP","20","pointwise"
11142,1.1718,612,217.346733668342,1046.73366834171,"HCP","20","pointwise"
11142,1.765914,563,57.8492462311558,1030.78391959799,"HCP","20","pointwise"
11142,2.264203,924,105.698492462312,1014.83417085427,"HCP","20","pointwise"
11142,2.735113,384,73.7989949748744,982.934673366834,"HCP","20","pointwise"
11142,3.241615,765,41.8994974874372,966.984924623115,"HCP","20","pointwise"
11142,3.759069,526,57.8492462311558,919.13567839196,"HCP","20","pointwise"
11142,4.295688,630,105.698492462312,887.236180904523,"HCP","20","pointwise"
11142,4.832307,475,137.597989949749,903.185929648241,"HCP","20","pointwise"
11142,5.273101,549,10,951.035175879397,"HCP","20","pointwise"
11142,-0.251882,582,313.045226130653,1317.87939698492,"DWR","20","pointwise"
11142,0.251882,831,281.145728643216,1094.58291457286,"DWR","20","pointwise"
11142,0.711841,878,201.396984924623,1158.38190954774,"DWR","20","pointwise"
11142,1.1718,612,185.447236180905,1030.78391959799,"DWR","20","pointwise"
11142,1.765914,563,137.597989949749,951.035175879397,"DWR","20","pointwise"
11142,2.264203,924,153.547738693467,1062.68341708543,"DWR","20","pointwise"
11142,2.735113,384,41.8994974874372,1046.73366834171,"DWR","20","pointwise"
11142,3.241615,765,89.748743718593,998.884422110553,"DWR","20","pointwise"
11142,3.759069,526,25.9497487437186,1014.83417085427,"DWR","20","pointwise"
11142,4.295688,630,105.698492462312,1094.58291457286,"DWR","20","pointwise"
11142,4.832307,475,121.64824120603,1046.73366834171,"DWR","20","pointwise"
11142,5.273101,549,89.748743718593,951.035175879397,"DWR","20","pointwise"
11142,-0.251882,582,233.29648241206,1525.22613065327,"LC","20","pointwise"
11142,0.251882,831,360.894472361809,2657.65829145729,"LC","20","pointwise"
11142,0.711841,878,10,1684.72361809045,"LC","20","pointwise"
11142,1.1718,612,57.8492462311558,1413.57788944724,"LC","20","pointwise"
11142,1.765914,563,217.346733668342,1158.38190954774,"LC","20","pointwise"
11142,2.264203,924,201.396984924623,1174.33165829146,"LC","20","pointwise"
11142,2.735113,384,153.547738693467,1206.23115577889,"LC","20","pointwise"
11142,3.241615,765,201.396984924623,1397.62814070352,"LC","20","pointwise"
11142,3.759069,526,105.698492462312,1174.33165829146,"LC","20","pointwise"
11142,4.295688,630,137.597989949749,998.884422110553,"LC","20","pointwise"
11142,4.832307,475,137.597989949749,1254.08040201005,"LC","20","pointwise"
11142,5.273101,549,265.195979899498,1174.33165829146,"LC","20","pointwise"
11143,-2.833676,893,281.145728643216,1445.47738693467,"HCP","20","pointwise"
11143,-0.720055,2014,217.346733668342,1636.8743718593,"HCP","20","pointwise"
11143,-0.221766,1698,265.195979899498,1317.87939698492,"HCP","20","pointwise"
11143,0.221766,1310,201.396984924623,1381.6783919598,"HCP","20","pointwise"
11143,0.769336,1459,137.597989949749,1142.43216080402,"HCP","20","pointwise"
11143,1.256673,1294,153.547738693467,1126.4824120603,"HCP","20","pointwise"
11143,-2.833676,893,376.844221105528,1333.82914572864,"DWR","20","pointwise"
11143,-0.720055,2014,456.592964824121,1365.72864321608,"DWR","20","pointwise"
11143,-0.221766,1698,408.743718592965,1270.03015075377,"DWR","20","pointwise"
11143,0.221766,1310,344.94472361809,1254.08040201005,"DWR","20","pointwise"
11143,0.769336,1459,185.447236180905,1062.68341708543,"DWR","20","pointwise"
11143,1.256673,1294,169.497487437186,1094.58291457286,"DWR","20","pointwise"
11143,-2.833676,893,392.793969849246,1604.97487437186,"LC","20","pointwise"
11143,-0.720055,2014,360.894472361809,1413.57788944724,"LC","20","pointwise"
11143,-0.221766,1698,344.94472361809,1445.47738693467,"LC","20","pointwise"
11143,0.221766,1310,297.095477386935,1700.67336683417,"LC","20","pointwise"
11143,0.769336,1459,105.698492462312,1955.86934673367,"LC","20","pointwise"
11143,1.256673,1294,89.748743718593,1413.57788944724,"LC","20","pointwise"
11165,-1.612594,1906,360.894472361809,1254.08040201005,"HCP","20","pointwise"
11165,-1.226557,2335,328.994974874372,1254.08040201005,"HCP","20","pointwise"
11165,0.709103,1208,201.396984924623,1222.18090452261,"HCP","20","pointwise"
11165,1.240246,1714,233.29648241206,1014.83417085427,"HCP","20","pointwise"
11165,2.299795,1771,185.447236180905,1078.63316582915,"HCP","20","pointwise"
11165,2.869268,1537,153.547738693467,1014.83417085427,"HCP","20","pointwise"
11165,3.386721,2434,137.597989949749,935.085427135678,"HCP","20","pointwise"
11165,3.909651,1510,153.547738693467,935.085427135678,"HCP","20","pointwise"
11165,-1.612594,1906,376.844221105528,1365.72864321608,"DWR","20","pointwise"
11165,-1.226557,2335,408.743718592965,1365.72864321608,"DWR","20","pointwise"
11165,0.709103,1208,249.246231155779,1254.08040201005,"DWR","20","pointwise"
11165,1.240246,1714,89.748743718593,1174.33165829146,"DWR","20","pointwise"
11165,2.299795,1771,137.597989949749,1094.58291457286,"DWR","20","pointwise"
11165,2.869268,1537,137.597989949749,1030.78391959799,"DWR","20","pointwise"
11165,3.386721,2434,201.396984924623,1110.53266331658,"DWR","20","pointwise"
11165,3.909651,1510,121.64824120603,1014.83417085427,"DWR","20","pointwise"
11165,-1.612594,1906,233.29648241206,1381.6783919598,"LC","20","pointwise"
11165,-1.226557,2335,504.442211055276,1301.92964824121,"LC","20","pointwise"
11165,0.709103,1208,185.447236180905,2003.71859296482,"LC","20","pointwise"
11165,1.240246,1714,297.095477386935,1254.08040201005,"LC","20","pointwise"
11165,2.299795,1771,153.547738693467,1413.57788944724,"LC","20","pointwise"
11165,2.869268,1537,73.7989949748744,1142.43216080402,"LC","20","pointwise"
11165,3.386721,2434,265.195979899498,903.185929648241,"LC","20","pointwise"
11165,3.909651,1510,217.346733668342,1014.83417085427,"LC","20","pointwise"
11172,-2.784394,1341,360.894472361809,1301.92964824121,"HCP","20","pointwise"
11172,-1.779603,1056,424.693467336683,1270.03015075377,"HCP","20","pointwise"
11172,-1.270363,1229,408.743718592965,1317.87939698492,"HCP","20","pointwise"
11172,0.818617,958,169.497487437186,998.884422110553,"HCP","20","pointwise"
11172,1.281314,893,185.447236180905,1030.78391959799,"HCP","20","pointwise"
11172,1.7577,474,105.698492462312,1014.83417085427,"HCP","20","pointwise"
11172,2.255989,756,121.64824120603,998.884422110553,"HCP","20","pointwise"
11172,-2.784394,1341,456.592964824121,1429.52763819095,"DWR","20","pointwise"
11172,-1.779603,1056,424.693467336683,1301.92964824121,"DWR","20","pointwise"
11172,-1.270363,1229,424.693467336683,1333.82914572864,"DWR","20","pointwise"
11172,0.818617,958,137.597989949749,1174.33165829146,"DWR","20","pointwise"
11172,1.281314,893,201.396984924623,1158.38190954774,"DWR","20","pointwise"
11172,1.7577,474,137.597989949749,1062.68341708543,"DWR","20","pointwise"
11172,2.255989,756,153.547738693467,1126.4824120603,"DWR","20","pointwise"
11172,-2.784394,1341,360.894472361809,1557.1256281407,"LC","20","pointwise"
11172,-1.779603,1056,344.94472361809,1301.92964824121,"LC","20","pointwise"
11172,-1.270363,1229,281.145728643216,1206.23115577889,"LC","20","pointwise"
11172,0.818617,958,281.145728643216,1270.03015075377,"LC","20","pointwise"
11172,1.281314,893,265.195979899498,1333.82914572864,"LC","20","pointwise"
11172,1.7577,474,281.145728643216,1509.27638190955,"LC","20","pointwise"
11172,2.255989,756,153.547738693467,1238.13065326633,"LC","20","pointwise"
11175,-1.240246,1432,281.145728643216,1270.03015075377,"HCP","20","pointwise"
11175,-0.741958,1593,185.447236180905,1254.08040201005,"HCP","20","pointwise"
11175,-0.262834,756,281.145728643216,1301.92964824121,"HCP","20","pointwise"
11175,1.273101,938,169.497487437186,1078.63316582915,"HCP","20","pointwise"
11175,1.806982,912,89.748743718593,998.884422110553,"HCP","20","pointwise"
11175,2.297057,882,121.64824120603,1062.68341708543,"HCP","20","pointwise"
11175,2.806297,1009,10,1030.78391959799,"HCP","20","pointwise"
11175,3.310062,702,89.748743718593,998.884422110553,"HCP","20","pointwise"
11175,3.789186,574,73.7989949748744,1126.4824120603,"HCP","20","pointwise"
11175,-1.240246,1432,376.844221105528,1461.42713567839,"DWR","20","pointwise"
11175,-0.741958,1593,313.045226130653,1301.92964824121,"DWR","20","pointwise"
11175,-0.262834,756,313.045226130653,1317.87939698492,"DWR","20","pointwise"
11175,1.273101,938,153.547738693467,1078.63316582915,"DWR","20","pointwise"
11175,1.806982,912,201.396984924623,1094.58291457286,"DWR","20","pointwise"
11175,2.297057,882,121.64824120603,1158.38190954774,"DWR","20","pointwise"
11175,2.806297,1009,153.547738693467,1062.68341708543,"DWR","20","pointwise"
11175,3.310062,702,73.7989949748744,1062.68341708543,"DWR","20","pointwise"
11175,3.789186,574,137.597989949749,1014.83417085427,"DWR","20","pointwise"
11175,-1.240246,1432,472.542713567839,1301.92964824121,"LC","20","pointwise"
11175,-0.741958,1593,360.894472361809,1445.47738693467,"LC","20","pointwise"
11175,-0.262834,756,313.045226130653,1238.13065326633,"LC","20","pointwise"
11175,1.273101,938,249.246231155779,1254.08040201005,"LC","20","pointwise"
11175,1.806982,912,281.145728643216,1110.53266331658,"LC","20","pointwise"
11175,2.297057,882,25.9497487437186,998.884422110553,"LC","20","pointwise"
11175,2.806297,1009,121.64824120603,1030.78391959799,"LC","20","pointwise"
11175,3.310062,702,137.597989949749,1349.77889447236,"LC","20","pointwise"
11175,3.789186,574,217.346733668342,1174.33165829146,"LC","20","pointwise"
11199,-1.267625,1128,297.095477386935,1461.42713567839,"HCP","20","pointwise"
11199,-0.783025,986,265.195979899498,1541.17587939698,"HCP","20","pointwise"
11199,-0.251882,570,281.145728643216,1477.37688442211,"HCP","20","pointwise"
11199,0.692676,730,121.64824120603,1222.18090452261,"HCP","20","pointwise"
11199,2.291581,1119,89.748743718593,1110.53266331658,"HCP","20","pointwise"
11199,-1.267625,1128,424.693467336683,1461.42713567839,"DWR","20","pointwise"
11199,-0.783025,986,408.743718592965,1429.52763819095,"DWR","20","pointwise"
11199,-0.251882,570,392.793969849246,1254.08040201005,"DWR","20","pointwise"
11199,0.692676,730,185.447236180905,1142.43216080402,"DWR","20","pointwise"
11199,2.291581,1119,153.547738693467,1046.73366834171,"DWR","20","pointwise"
11199,-1.267625,1128,233.29648241206,1764.47236180905,"LC","20","pointwise"
11199,-0.783025,986,328.994974874372,1557.1256281407,"LC","20","pointwise"
11199,-0.251882,570,10,1652.82412060301,"LC","20","pointwise"
11199,0.692676,730,201.396984924623,1557.1256281407,"LC","20","pointwise"
11199,2.291581,1119,185.447236180905,1636.8743718593,"LC","20","pointwise"
11200,-1.166324,1083,376.844221105528,1301.92964824121,"HCP","20","pointwise"
11200,-0.758385,1268,297.095477386935,1317.87939698492,"HCP","20","pointwise"
11200,-0.240931,993,313.045226130653,1413.57788944724,"HCP","20","pointwise"
11200,0.758385,462,281.145728643216,1078.63316582915,"HCP","20","pointwise"
11200,1.275838,449,233.29648241206,982.934673366834,"HCP","20","pointwise"
11200,1.754962,370,153.547738693467,935.085427135678,"HCP","20","pointwise"
11200,2.272416,279,153.547738693467,998.884422110553,"HCP","20","pointwise"
11200,2.770705,350,137.597989949749,951.035175879397,"HCP","20","pointwise"
11200,3.268994,183,105.698492462312,919.13567839196,"HCP","20","pointwise"
11200,3.780972,132,105.698492462312,982.934673366834,"HCP","20","pointwise"
11200,-1.166324,1083,424.693467336683,1317.87939698492,"DWR","20","pointwise"
11200,-0.758385,1268,440.643216080402,1413.57788944724,"DWR","20","pointwise"
11200,-0.240931,993,392.793969849246,1397.62814070352,"DWR","20","pointwise"
11200,0.758385,462,185.447236180905,1110.53266331658,"DWR","20","pointwise"
11200,1.275838,449,233.29648241206,998.884422110553,"DWR","20","pointwise"
11200,1.754962,370,217.346733668342,982.934673366834,"DWR","20","pointwise"
11200,2.272416,279,121.64824120603,982.934673366834,"DWR","20","pointwise"
11200,2.770705,350,89.748743718593,935.085427135678,"DWR","20","pointwise"
11200,3.268994,183,10,1078.63316582915,"DWR","20","pointwise"
11200,3.780972,132,121.64824120603,1062.68341708543,"DWR","20","pointwise"
11200,-1.166324,1083,408.743718592965,1285.97989949749,"LC","20","pointwise"
11200,-0.758385,1268,297.095477386935,1636.8743718593,"LC","20","pointwise"
11200,-0.240931,993,376.844221105528,1716.62311557789,"LC","20","pointwise"
11200,0.758385,462,233.29648241206,1270.03015075377,"LC","20","pointwise"
11200,1.275838,449,185.447236180905,1381.6783919598,"LC","20","pointwise"
11200,1.754962,370,297.095477386935,1014.83417085427,"LC","20","pointwise"
11200,2.272416,279,41.8994974874372,1301.92964824121,"LC","20","pointwise"
11200,2.770705,350,121.64824120603,1046.73366834171,"LC","20","pointwise"
11200,3.268994,183,57.8492462311558,1222.18090452261,"LC","20","pointwise"
11200,3.780972,132,137.597989949749,1030.78391959799,"LC","20","pointwise"
20003,-2.091718,1137,249.246231155779,1445.47738693467,"HCP","20","pointwise"
20003,-1.555099,973,265.195979899498,1397.62814070352,"HCP","20","pointwise"
20003,1.555099,463,105.698492462312,1206.23115577889,"HCP","20","pointwise"
20003,2.477755,483,121.64824120603,1078.63316582915,"HCP","20","pointwise"
20003,-2.091718,1137,488.492462311558,1190.28140703518,"DWR","20","pointwise"
20003,-1.555099,973,153.547738693467,1445.47738693467,"DWR","20","pointwise"
20003,1.555099,463,153.547738693467,1110.53266331658,"DWR","20","pointwise"
20003,2.477755,483,10,1094.58291457286,"DWR","20","pointwise"
20003,-2.091718,1137,10,1939.91959798995,"LC","20","pointwise"
20003,-1.555099,973,57.8492462311558,1684.72361809045,"LC","20","pointwise"
20003,1.555099,463,137.597989949749,1573.07537688442,"LC","20","pointwise"
20003,2.477755,483,185.447236180905,1413.57788944724,"LC","20","pointwise"
20013,-0.251882,863,281.145728643216,1333.82914572864,"HCP","20","pointwise"
20013,0.900753,814,217.346733668342,1142.43216080402,"HCP","20","pointwise"
20013,1.470226,634,89.748743718593,1014.83417085427,"HCP","20","pointwise"
20013,2.620123,570,57.8492462311558,1014.83417085427,"HCP","20","pointwise"
20013,3.126626,600,10,1062.68341708543,"HCP","20","pointwise"
20013,3.718001,261,10,1046.73366834171,"HCP","20","pointwise"
20013,-0.251882,863,456.592964824121,1413.57788944724,"DWR","20","pointwise"
20013,0.900753,814,121.64824120603,1142.43216080402,"DWR","20","pointwise"
20013,1.470226,634,57.8492462311558,1030.78391959799,"DWR","20","pointwise"
20013,2.620123,570,105.698492462312,951.035175879397,"DWR","20","pointwise"
20013,3.126626,600,73.7989949748744,951.035175879397,"DWR","20","pointwise"
20013,3.718001,261,89.748743718593,1110.53266331658,"DWR","20","pointwise"
20013,-0.251882,863,233.29648241206,1365.72864321608,"LC","20","pointwise"
20013,0.900753,814,281.145728643216,1285.97989949749,"LC","20","pointwise"
20013,1.470226,634,249.246231155779,1477.37688442211,"LC","20","pointwise"
20013,2.620123,570,185.447236180905,1206.23115577889,"LC","20","pointwise"
20013,3.126626,600,121.64824120603,1365.72864321608,"LC","20","pointwise"
20013,3.718001,261,249.246231155779,1046.73366834171,"LC","20","pointwise"
20014,-1.341547,799,313.045226130653,1381.6783919598,"HCP","20","pointwise"
20014,-0.347707,913,297.095477386935,1301.92964824121,"HCP","20","pointwise"
20014,0.826831,269,201.396984924623,1046.73366834171,"HCP","20","pointwise"
20014,1.382615,276,201.396984924623,1078.63316582915,"HCP","20","pointwise"
20014,1.87269,224,137.597989949749,1094.58291457286,"HCP","20","pointwise"
20014,-1.341547,799,472.542713567839,1349.77889447236,"DWR","20","pointwise"
20014,-0.347707,913,249.246231155779,1333.82914572864,"DWR","20","pointwise"
20014,0.826831,269,201.396984924623,1094.58291457286,"DWR","20","pointwise"
20014,1.382615,276,57.8492462311558,1222.18090452261,"DWR","20","pointwise"
20014,1.87269,224,137.597989949749,1142.43216080402,"DWR","20","pointwise"
20014,-1.341547,799,153.547738693467,1557.1256281407,"LC","20","pointwise"
20014,-0.347707,913,392.793969849246,1652.82412060301,"LC","20","pointwise"
20014,0.826831,269,344.94472361809,1270.03015075377,"LC","20","pointwise"
20014,1.382615,276,297.095477386935,1222.18090452261,"LC","20","pointwise"
20014,1.87269,224,137.597989949749,1461.42713567839,"LC","20","pointwise"
20032,-1.563313,1075,201.396984924623,1445.47738693467,"HCP","20","pointwise"
20032,-0.867899,865,281.145728643216,1445.47738693467,"HCP","20","pointwise"
20032,-0.720055,988,265.195979899498,1429.52763819095,"HCP","20","pointwise"
20032,-0.336756,940,297.095477386935,1397.62814070352,"HCP","20","pointwise"
20032,0.336756,900,169.497487437186,1301.92964824121,"HCP","20","pointwise"
20032,0.87885,556,185.447236180905,1158.38190954774,"HCP","20","pointwise"
20032,-1.563313,1075,456.592964824121,1349.77889447236,"DWR","20","pointwise"
20032,-0.867899,865,233.29648241206,1397.62814070352,"DWR","20","pointwise"
20032,-0.720055,988,408.743718592965,1413.57788944724,"DWR","20","pointwise"
20032,-0.336756,940,392.793969849246,1254.08040201005,"DWR","20","pointwise"
20032,0.336756,900,121.64824120603,1206.23115577889,"DWR","20","pointwise"
20032,0.87885,556,201.396984924623,1030.78391959799,"DWR","20","pointwise"
20032,-1.563313,1075,281.145728643216,1573.07537688442,"LC","20","pointwise"
20032,-0.867899,865,360.894472361809,1668.77386934673,"LC","20","pointwise"
20032,-0.720055,988,344.94472361809,1557.1256281407,"LC","20","pointwise"
20032,-0.336756,940,376.844221105528,1174.33165829146,"LC","20","pointwise"
20032,0.336756,900,281.145728643216,1317.87939698492,"LC","20","pointwise"
20032,0.87885,556,201.396984924623,1589.02512562814,"LC","20","pointwise"
20042,-0.257358,1586,313.045226130653,1317.87939698492,"HCP","20","pointwise"
20042,0.257358,485,249.246231155779,1317.87939698492,"HCP","20","pointwise"
20042,1.434634,459,137.597989949749,982.934673366834,"HCP","20","pointwise"
20042,1.965777,387,73.7989949748744,998.884422110553,"HCP","20","pointwise"
20042,2.518823,254,73.7989949748744,998.884422110553,"HCP","20","pointwise"
20042,2.948665,592,25.9497487437186,966.984924623115,"HCP","20","pointwise"
20042,3.594798,118,73.7989949748744,951.035175879397,"HCP","20","pointwise"
20042,3.693361,151,10,998.884422110553,"HCP","20","pointwise"
20042,4.402464,112,105.698492462312,903.185929648241,"HCP","20","pointwise"
20042,5.05681,45,105.698492462312,903.185929648241,"HCP","20","pointwise"
20042,-0.257358,1586,456.592964824121,1317.87939698492,"DWR","20","pointwise"
20042,0.257358,485,137.597989949749,1158.38190954774,"DWR","20","pointwise"
20042,1.434634,459,73.7989949748744,1078.63316582915,"DWR","20","pointwise"
20042,1.965777,387,233.29648241206,1078.63316582915,"DWR","20","pointwise"
20042,2.518823,254,89.748743718593,1030.78391959799,"DWR","20","pointwise"
20042,2.948665,592,10,1094.58291457286,"DWR","20","pointwise"
20042,3.594798,118,10,1094.58291457286,"DWR","20","pointwise"
20042,3.693361,151,41.8994974874372,982.934673366834,"DWR","20","pointwise"
20042,4.402464,112,153.547738693467,1046.73366834171,"DWR","20","pointwise"
20042,5.05681,45,137.597989949749,1142.43216080402,"DWR","20","pointwise"
20042,-0.257358,1586,265.195979899498,1668.77386934673,"LC","20","pointwise"
20042,0.257358,485,392.793969849246,1238.13065326633,"LC","20","pointwise"
20042,1.434634,459,328.994974874372,1301.92964824121,"LC","20","pointwise"
20042,1.965777,387,281.145728643216,1317.87939698492,"LC","20","pointwise"
20042,2.518823,254,10,2450.31155778894,"LC","20","pointwise"
20042,2.948665,592,10,1652.82412060301,"LC","20","pointwise"
20042,3.594798,118,201.396984924623,951.035175879397,"LC","20","pointwise"
20042,3.693361,151,10,1493.32663316583,"LC","20","pointwise"
20042,4.402464,112,376.844221105528,1174.33165829146,"LC","20","pointwise"
20042,5.05681,45,185.447236180905,1174.33165829146,"LC","20","pointwise"
20057,-0.251882,1331,233.29648241206,1477.37688442211,"HCP","20","pointwise"
20057,0.251882,905,137.597989949749,1365.72864321608,"HCP","20","pointwise"
20057,0.761123,744,105.698492462312,1174.33165829146,"HCP","20","pointwise"
20057,1.355236,530,121.64824120603,1190.28140703518,"HCP","20","pointwise"
20057,1.820671,680,41.8994974874372,1254.08040201005,"HCP","20","pointwise"
20057,-0.251882,1331,408.743718592965,1333.82914572864,"DWR","20","pointwise"
20057,0.251882,905,217.346733668342,1349.77889447236,"DWR","20","pointwise"
20057,0.761123,744,249.246231155779,1110.53266331658,"DWR","20","pointwise"
20057,1.355236,530,89.748743718593,1142.43216080402,"DWR","20","pointwise"
20057,1.820671,680,217.346733668342,1094.58291457286,"DWR","20","pointwise"
20057,-0.251882,1331,328.994974874372,1604.97487437186,"LC","20","pointwise"
20057,0.251882,905,249.246231155779,1509.27638190955,"LC","20","pointwise"
20057,0.761123,744,217.346733668342,1158.38190954774,"LC","20","pointwise"
20057,1.355236,530,281.145728643216,1254.08040201005,"LC","20","pointwise"
20057,1.820671,680,105.698492462312,1477.37688442211,"LC","20","pointwise"
20066,-1.670089,561,376.844221105528,1381.6783919598,"HCP","20","pointwise"
20066,-0.375086,1255,328.994974874372,1349.77889447236,"HCP","20","pointwise"
20066,0.375086,922,281.145728643216,1222.18090452261,"HCP","20","pointwise"
20066,-1.670089,561,456.592964824121,1285.97989949749,"DWR","20","pointwise"
20066,-0.375086,1255,424.693467336683,1270.03015075377,"DWR","20","pointwise"
20066,0.375086,922,185.447236180905,1301.92964824121,"DWR","20","pointwise"
20066,-1.670089,561,281.145728643216,1509.27638190955,"LC","20","pointwise"
20066,-0.375086,1255,313.045226130653,1190.28140703518,"LC","20","pointwise"
20066,0.375086,922,281.145728643216,1254.08040201005,"LC","20","pointwise"
20072,-0.249144,941,249.246231155779,1381.6783919598,"HCP","20","pointwise"
20072,0.249144,785,249.246231155779,1333.82914572864,"HCP","20","pointwise"
20072,0.744695,976,153.547738693467,1222.18090452261,"HCP","20","pointwise"
20072,1.418207,801,153.547738693467,1142.43216080402,"HCP","20","pointwise"
20072,1.842574,591,121.64824120603,1110.53266331658,"HCP","20","pointwise"
20072,4.353183,410,41.8994974874372,1030.78391959799,"HCP","20","pointwise"
20072,-0.249144,941,344.94472361809,1254.08040201005,"DWR","20","pointwise"
20072,0.249144,785,392.793969849246,1158.38190954774,"DWR","20","pointwise"
20072,0.744695,976,201.396984924623,1190.28140703518,"DWR","20","pointwise"
20072,1.418207,801,89.748743718593,1078.63316582915,"DWR","20","pointwise"
20072,1.842574,591,25.9497487437186,1110.53266331658,"DWR","20","pointwise"
20072,4.353183,410,105.698492462312,1030.78391959799,"DWR","20","pointwise"
20072,-0.249144,941,217.346733668342,1844.22110552764,"LC","20","pointwise"
20072,0.249144,785,217.346733668342,1429.52763819095,"LC","20","pointwise"
20072,0.744695,976,57.8492462311558,1604.97487437186,"LC","20","pointwise"
20072,1.418207,801,10,1365.72864321608,"LC","20","pointwise"
20072,1.842574,591,10,2354.61306532663,"LC","20","pointwise"
20072,4.353183,410,10,1668.77386934673,"LC","20","pointwise"
20082,-2.882957,754,281.145728643216,1445.47738693467,"HCP","20","pointwise"
20082,-2.349076,814,265.195979899498,1429.52763819095,"HCP","20","pointwise"
20082,-0.758385,936,297.095477386935,1413.57788944724,"HCP","20","pointwise"
20082,-0.224504,796,297.095477386935,1270.03015075377,"HCP","20","pointwise"
20082,0.224504,770,297.095477386935,1238.13065326633,"HCP","20","pointwise"
20082,0.511978,676,233.29648241206,1158.38190954774,"HCP","20","pointwise"
20082,1.029432,811,169.497487437186,1110.53266331658,"HCP","20","pointwise"
20082,1.492129,662,73.7989949748744,1046.73366834171,"HCP","20","pointwise"
20082,2.023272,780,10,1014.83417085427,"HCP","20","pointwise"
20082,-2.882957,754,376.844221105528,1270.03015075377,"DWR","20","pointwise"
20082,-2.349076,814,376.844221105528,1397.62814070352,"DWR","20","pointwise"
20082,-0.758385,936,360.894472361809,1317.87939698492,"DWR","20","pointwise"
20082,-0.224504,796,440.643216080402,1413.57788944724,"DWR","20","pointwise"
20082,0.224504,770,89.748743718593,1190.28140703518,"DWR","20","pointwise"
20082,0.511978,676,281.145728643216,1174.33165829146,"DWR","20","pointwise"
20082,1.029432,811,25.9497487437186,1254.08040201005,"DWR","20","pointwise"
20082,1.492129,662,137.597989949749,1142.43216080402,"DWR","20","pointwise"
20082,2.023272,780,201.396984924623,982.934673366834,"DWR","20","pointwise"
20082,-2.882957,754,376.844221105528,1365.72864321608,"LC","20","pointwise"
20082,-2.349076,814,504.442211055276,1270.03015075377,"LC","20","pointwise"
20082,-0.758385,936,392.793969849246,1620.92462311558,"LC","20","pointwise"
20082,-0.224504,796,153.547738693467,1429.52763819095,"LC","20","pointwise"
20082,0.224504,770,153.547738693467,1652.82412060301,"LC","20","pointwise"
20082,0.511978,676,344.94472361809,1381.6783919598,"LC","20","pointwise"
20082,1.029432,811,328.994974874372,1557.1256281407,"LC","20","pointwise"
20082,1.492129,662,217.346733668342,1397.62814070352,"LC","20","pointwise"
20082,2.023272,780,265.195979899498,1062.68341708543,"LC","20","pointwise"
20086,-0.243669,1828,281.145728643216,1493.32663316583,"HCP","20","pointwise"
20086,0.736482,1517,233.29648241206,1301.92964824121,"HCP","20","pointwise"
20086,1.355236,1215,105.698492462312,1142.43216080402,"HCP","20","pointwise"
20086,1.826146,1448,25.9497487437186,1142.43216080402,"HCP","20","pointwise"
20086,2.362765,880,25.9497487437186,1142.43216080402,"HCP","20","pointwise"
20086,3.230664,740,10,1094.58291457286,"HCP","20","pointwise"
20086,3.479808,1329,10,1094.58291457286,"HCP","20","pointwise"
20086,3.786448,926,10,1094.58291457286,"HCP","20","pointwise"
20086,4.202601,1193,10,1126.4824120603,"HCP","20","pointwise"
20086,4.725531,986,10,1078.63316582915,"HCP","20","pointwise"
20086,5.226557,582,41.8994974874372,1046.73366834171,"HCP","20","pointwise"
20086,-0.243669,1828,265.195979899498,1333.82914572864,"DWR","20","pointwise"
20086,0.736482,1517,201.396984924623,1174.33165829146,"DWR","20","pointwise"
20086,1.355236,1215,233.29648241206,1110.53266331658,"DWR","20","pointwise"
20086,1.826146,1448,153.547738693467,1110.53266331658,"DWR","20","pointwise"
20086,2.362765,880,121.64824120603,1110.53266331658,"DWR","20","pointwise"
20086,3.230664,740,121.64824120603,1062.68341708543,"DWR","20","pointwise"
20086,3.479808,1329,89.748743718593,1110.53266331658,"DWR","20","pointwise"
20086,3.786448,926,105.698492462312,1206.23115577889,"DWR","20","pointwise"
20086,4.202601,1193,169.497487437186,1062.68341708543,"DWR","20","pointwise"
20086,4.725531,986,10,1030.78391959799,"DWR","20","pointwise"
20086,5.226557,582,169.497487437186,966.984924623115,"DWR","20","pointwise"
20086,-0.243669,1828,249.246231155779,1525.22613065327,"LC","20","pointwise"
20086,0.736482,1517,10,2067.5175879397,"LC","20","pointwise"
20086,1.355236,1215,10,1955.86934673367,"LC","20","pointwise"
20086,1.826146,1448,201.396984924623,1509.27638190955,"LC","20","pointwise"
20086,2.362765,880,153.547738693467,1270.03015075377,"LC","20","pointwise"
20086,3.230664,740,185.447236180905,1589.02512562814,"LC","20","pointwise"
20086,3.479808,1329,185.447236180905,1413.57788944724,"LC","20","pointwise"
20086,3.786448,926,25.9497487437186,1477.37688442211,"LC","20","pointwise"
20086,4.202601,1193,10,1142.43216080402,"LC","20","pointwise"
20086,4.725531,986,201.396984924623,1461.42713567839,"LC","20","pointwise"
20086,5.226557,582,281.145728643216,1381.6783919598,"LC","20","pointwise"
20089,-0.251882,641,344.94472361809,1477.37688442211,"HCP","20","pointwise"
20089,0.766598,284,169.497487437186,1285.97989949749,"HCP","20","pointwise"
20089,1.347023,186,153.547738693467,1062.68341708543,"HCP","20","pointwise"
20089,1.79603,52,121.64824120603,998.884422110553,"HCP","20","pointwise"
20089,2.332649,65,105.698492462312,982.934673366834,"HCP","20","pointwise"
20089,-0.251882,641,249.246231155779,1397.62814070352,"DWR","20","pointwise"
20089,0.766598,284,201.396984924623,1158.38190954774,"DWR","20","pointwise"
20089,1.347023,186,153.547738693467,1046.73366834171,"DWR","20","pointwise"
20089,1.79603,52,233.29648241206,1094.58291457286,"DWR","20","pointwise"
20089,2.332649,65,153.547738693467,1110.53266331658,"DWR","20","pointwise"
20089,-0.251882,641,376.844221105528,1333.82914572864,"LC","20","pointwise"
20089,0.766598,284,57.8492462311558,1445.47738693467,"LC","20","pointwise"
20089,1.347023,186,169.497487437186,1062.68341708543,"LC","20","pointwise"
20089,1.79603,52,89.748743718593,1349.77889447236,"LC","20","pointwise"
20089,2.332649,65,281.145728643216,1062.68341708543,"LC","20","pointwise"
20111,-0.249144,1289,249.246231155779,1397.62814070352,"HCP","20","pointwise"
20111,0.249144,1010,249.246231155779,1270.03015075377,"HCP","20","pointwise"
20111,0.733744,847,233.29648241206,1078.63316582915,"HCP","20","pointwise"
20111,1.303217,829,185.447236180905,1094.58291457286,"HCP","20","pointwise"
20111,1.782341,702,73.7989949748744,935.085427135678,"HCP","20","pointwise"
20111,2.297057,742,57.8492462311558,1014.83417085427,"HCP","20","pointwise"
20111,2.814511,692,73.7989949748744,998.884422110553,"HCP","20","pointwise"
20111,3.605749,869,10,1046.73366834171,"HCP","20","pointwise"
20111,4.098563,615,57.8492462311558,982.934673366834,"HCP","20","pointwise"
20111,4.659822,498,57.8492462311558,935.085427135678,"HCP","20","pointwise"
20111,5.190965,334,41.8994974874372,935.085427135678,"HCP","20","pointwise"
20111,-0.249144,1289,392.793969849246,1270.03015075377,"DWR","20","pointwise"
20111,0.249144,1010,328.994974874372,1206.23115577889,"DWR","20","pointwise"
20111,0.733744,847,185.447236180905,1222.18090452261,"DWR","20","pointwise"
20111,1.303217,829,10,1126.4824120603,"DWR","20","pointwise"
20111,1.782341,702,73.7989949748744,1062.68341708543,"DWR","20","pointwise"
20111,2.297057,742,121.64824120603,1014.83417085427,"DWR","20","pointwise"
20111,2.814511,692,137.597989949749,982.934673366834,"DWR","20","pointwise"
20111,3.605749,869,137.597989949749,1030.78391959799,"DWR","20","pointwise"
20111,4.098563,615,169.497487437186,1078.63316582915,"DWR","20","pointwise"
20111,4.659822,498,89.748743718593,1110.53266331658,"DWR","20","pointwise"
20111,5.190965,334,73.7989949748744,1030.78391959799,"DWR","20","pointwise"
20111,-0.249144,1289,360.894472361809,1206.23115577889,"LC","20","pointwise"
20111,0.249144,1010,376.844221105528,1174.33165829146,"LC","20","pointwise"
20111,0.733744,847,313.045226130653,1333.82914572864,"LC","20","pointwise"
20111,1.303217,829,217.346733668342,1333.82914572864,"LC","20","pointwise"
20111,1.782341,702,281.145728643216,1142.43216080402,"LC","20","pointwise"
20111,2.297057,742,297.095477386935,1222.18090452261,"LC","20","pointwise"
20111,2.814511,692,217.346733668342,966.984924623115,"LC","20","pointwise"
20111,3.605749,869,10,1190.28140703518,"LC","20","pointwise"
20111,4.098563,615,281.145728643216,1190.28140703518,"LC","20","pointwise"
20111,4.659822,498,217.346733668342,1062.68341708543,"LC","20","pointwise"
20111,5.190965,334,233.29648241206,982.934673366834,"LC","20","pointwise"
20143,-0.309377,1618,297.095477386935,1509.27638190955,"HCP","20","pointwise"
20143,0.309377,1105,137.597989949749,1238.13065326633,"HCP","20","pointwise"
20143,0.821355,694,169.497487437186,1158.38190954774,"HCP","20","pointwise"
20143,1.270363,207,137.597989949749,1158.38190954774,"HCP","20","pointwise"
20143,1.711157,30,41.8994974874372,1110.53266331658,"HCP","20","pointwise"
20143,-0.309377,1618,297.095477386935,1317.87939698492,"DWR","20","pointwise"
20143,0.309377,1105,344.94472361809,1270.03015075377,"DWR","20","pointwise"
20143,0.821355,694,233.29648241206,1094.58291457286,"DWR","20","pointwise"
20143,1.270363,207,265.195979899498,1174.33165829146,"DWR","20","pointwise"
20143,1.711157,30,89.748743718593,1078.63316582915,"DWR","20","pointwise"
20143,-0.309377,1618,153.547738693467,1477.37688442211,"LC","20","pointwise"
20143,0.309377,1105,201.396984924623,1461.42713567839,"LC","20","pointwise"
20143,0.821355,694,392.793969849246,1413.57788944724,"LC","20","pointwise"
20143,1.270363,207,10,1620.92462311558,"LC","20","pointwise"
20143,1.711157,30,217.346733668342,1620.92462311558,"LC","20","pointwise"
20147,-0.76386,746,249.246231155779,1429.52763819095,"HCP","20","pointwise"
20147,-0.25462,964,313.045226130653,1445.47738693467,"HCP","20","pointwise"
20147,0.25462,360,297.095477386935,1270.03015075377,"HCP","20","pointwise"
20147,0.772074,624,201.396984924623,1190.28140703518,"HCP","20","pointwise"
20147,-0.76386,746,424.693467336683,1285.97989949749,"DWR","20","pointwise"
20147,-0.25462,964,344.94472361809,1349.77889447236,"DWR","20","pointwise"
20147,0.25462,360,185.447236180905,1206.23115577889,"DWR","20","pointwise"
20147,0.772074,624,313.045226130653,1238.13065326633,"DWR","20","pointwise"
20147,-0.76386,746,10,1844.22110552764,"LC","20","pointwise"
20147,-0.25462,964,25.9497487437186,1700.67336683417,"LC","20","pointwise"
20147,0.25462,360,392.793969849246,1636.8743718593,"LC","20","pointwise"
20147,0.772074,624,233.29648241206,1477.37688442211,"LC","20","pointwise"
20158,-0.752909,590,328.994974874372,1509.27638190955,"HCP","20","pointwise"
20158,-0.25462,669,265.195979899498,1493.32663316583,"HCP","20","pointwise"
20158,0.249144,843,185.447236180905,1317.87939698492,"HCP","20","pointwise"
20158,0.744695,536,185.447236180905,1078.63316582915,"HCP","20","pointwise"
20158,1.278576,535,153.547738693467,1062.68341708543,"HCP","20","pointwise"
20158,1.83436,333,105.698492462312,1094.58291457286,"HCP","20","pointwise"
20158,2.313484,542,153.547738693467,1046.73366834171,"HCP","20","pointwise"
20158,2.740589,125,89.748743718593,1014.83417085427,"HCP","20","pointwise"
20158,3.15948,284,73.7989949748744,1030.78391959799,"HCP","20","pointwise"
20158,3.56742,153,89.748743718593,1014.83417085427,"HCP","20","pointwise"
20158,4.019165,258,105.698492462312,998.884422110553,"HCP","20","pointwise"
20158,4.555784,243,105.698492462312,982.934673366834,"HCP","20","pointwise"
20158,-0.752909,590,408.743718592965,1270.03015075377,"DWR","20","pointwise"
20158,-0.25462,669,297.095477386935,1254.08040201005,"DWR","20","pointwise"
20158,0.249144,843,360.894472361809,1254.08040201005,"DWR","20","pointwise"
20158,0.744695,536,169.497487437186,1126.4824120603,"DWR","20","pointwise"
20158,1.278576,535,89.748743718593,1078.63316582915,"DWR","20","pointwise"
20158,1.83436,333,153.547738693467,1142.43216080402,"DWR","20","pointwise"
20158,2.313484,542,10,1158.38190954774,"DWR","20","pointwise"
20158,2.740589,125,121.64824120603,1158.38190954774,"DWR","20","pointwise"
20158,3.15948,284,137.597989949749,1078.63316582915,"DWR","20","pointwise"
20158,3.56742,153,233.29648241206,1110.53266331658,"DWR","20","pointwise"
20158,4.019165,258,10,1078.63316582915,"DWR","20","pointwise"
20158,4.555784,243,105.698492462312,1046.73366834171,"DWR","20","pointwise"
20158,-0.752909,590,456.592964824121,1158.38190954774,"LC","20","pointwise"
20158,-0.25462,669,10,1844.22110552764,"LC","20","pointwise"
20158,0.249144,843,297.095477386935,1349.77889447236,"LC","20","pointwise"
20158,0.744695,536,201.396984924623,1525.22613065327,"LC","20","pointwise"
20158,1.278576,535,217.346733668342,1317.87939698492,"LC","20","pointwise"
20158,1.83436,333,249.246231155779,1142.43216080402,"LC","20","pointwise"
20158,2.313484,542,25.9497487437186,1397.62814070352,"LC","20","pointwise"
20158,2.740589,125,10,1493.32663316583,"LC","20","pointwise"
20158,3.15948,284,281.145728643216,1270.03015075377,"LC","20","pointwise"
20158,3.56742,153,328.994974874372,1126.4824120603,"LC","20","pointwise"
20158,4.019165,258,57.8492462311558,1270.03015075377,"LC","20","pointwise"
20158,4.555784,243,185.447236180905,1014.83417085427,"LC","20","pointwise"
20175,-0.287474,1537,233.29648241206,1557.1256281407,"HCP","20","pointwise"
20175,3.293634,413,10,1174.33165829146,"HCP","20","pointwise"
20175,-0.287474,1537,344.94472361809,1317.87939698492,"DWR","20","pointwise"
20175,3.293634,413,137.597989949749,966.984924623115,"DWR","20","pointwise"
20175,-0.287474,1537,25.9497487437186,1461.42713567839,"LC","20","pointwise"
20175,3.293634,413,10,1923.96984924623,"LC","20","pointwise"
20199,-2.902122,799,297.095477386935,1349.77889447236,"HCP","20","pointwise"
20199,-2.332649,790,201.396984924623,1429.52763819095,"HCP","20","pointwise"
20199,1.303217,740,137.597989949749,966.984924623115,"HCP","20","pointwise"
20199,1.763176,327,137.597989949749,1078.63316582915,"HCP","20","pointwise"
20199,2.3436,430,73.7989949748744,1174.33165829146,"HCP","20","pointwise"
20199,-2.902122,799,424.693467336683,1333.82914572864,"DWR","20","pointwise"
20199,-2.332649,790,488.492462311558,1461.42713567839,"DWR","20","pointwise"
20199,1.303217,740,121.64824120603,1190.28140703518,"DWR","20","pointwise"
20199,1.763176,327,105.698492462312,1094.58291457286,"DWR","20","pointwise"
20199,2.3436,430,105.698492462312,1142.43216080402,"DWR","20","pointwise"
20199,-2.902122,799,281.145728643216,1349.77889447236,"LC","20","pointwise"
20199,-2.332649,790,504.442211055276,1557.1256281407,"LC","20","pointwise"
20199,1.303217,740,328.994974874372,1636.8743718593,"LC","20","pointwise"
20199,1.763176,327,313.045226130653,1206.23115577889,"LC","20","pointwise"
20199,2.3436,430,265.195979899498,1381.6783919598,"LC","20","pointwise"
20205,-0.747433,1452,344.94472361809,1493.32663316583,"HCP","20","pointwise"
20205,-0.251882,2057,249.246231155779,1557.1256281407,"HCP","20","pointwise"
20205,0.251882,1171,233.29648241206,1349.77889447236,"HCP","20","pointwise"
20205,0.843258,1380,169.497487437186,1110.53266331658,"HCP","20","pointwise"
20205,1.357974,926,89.748743718593,1062.68341708543,"HCP","20","pointwise"
20205,1.798768,1408,89.748743718593,935.085427135678,"HCP","20","pointwise"
20205,2.453114,1231,73.7989949748744,1014.83417085427,"HCP","20","pointwise"
20205,2.776181,828,10,1030.78391959799,"HCP","20","pointwise"
20205,3.099247,551,57.8492462311558,1046.73366834171,"HCP","20","pointwise"
20205,3.712526,632,25.9497487437186,1014.83417085427,"HCP","20","pointwise"
20205,4.219028,722,41.8994974874372,951.035175879397,"HCP","20","pointwise"
20205,4.810404,724,57.8492462311558,998.884422110553,"HCP","20","pointwise"
20205,-0.747433,1452,297.095477386935,1349.77889447236,"DWR","20","pointwise"
20205,-0.251882,2057,424.693467336683,1270.03015075377,"DWR","20","pointwise"
20205,0.251882,1171,105.698492462312,1270.03015075377,"DWR","20","pointwise"
20205,0.843258,1380,201.396984924623,1190.28140703518,"DWR","20","pointwise"
20205,1.357974,926,153.547738693467,1110.53266331658,"DWR","20","pointwise"
20205,1.798768,1408,185.447236180905,1222.18090452261,"DWR","20","pointwise"
20205,2.453114,1231,137.597989949749,1222.18090452261,"DWR","20","pointwise"
20205,2.776181,828,73.7989949748744,1030.78391959799,"DWR","20","pointwise"
20205,3.099247,551,153.547738693467,1126.4824120603,"DWR","20","pointwise"
20205,3.712526,632,89.748743718593,1078.63316582915,"DWR","20","pointwise"
20205,4.219028,722,121.64824120603,1062.68341708543,"DWR","20","pointwise"
20205,4.810404,724,105.698492462312,1030.78391959799,"DWR","20","pointwise"
20205,-0.747433,1452,313.045226130653,1317.87939698492,"LC","20","pointwise"
20205,-0.251882,2057,25.9497487437186,1939.91959798995,"LC","20","pointwise"
20205,0.251882,1171,424.693467336683,1429.52763819095,"LC","20","pointwise"
20205,0.843258,1380,10,2131.31658291457,"LC","20","pointwise"
20205,1.357974,926,344.94472361809,1557.1256281407,"LC","20","pointwise"
20205,1.798768,1408,105.698492462312,1365.72864321608,"LC","20","pointwise"
20205,2.453114,1231,217.346733668342,1477.37688442211,"LC","20","pointwise"
20205,2.776181,828,185.447236180905,1078.63316582915,"LC","20","pointwise"
20205,3.099247,551,201.396984924623,1174.33165829146,"LC","20","pointwise"
20205,3.712526,632,121.64824120603,1589.02512562814,"LC","20","pointwise"
20205,4.219028,722,25.9497487437186,1381.6783919598,"LC","20","pointwise"
20205,4.810404,724,249.246231155779,1349.77889447236,"LC","20","pointwise"
20232,-0.251882,488,233.29648241206,1509.27638190955,"HCP","20","pointwise"
20232,0.246407,787,249.246231155779,1301.92964824121,"HCP","20","pointwise"
20232,0.744695,435,233.29648241206,1126.4824120603,"HCP","20","pointwise"
20232,1.262149,640,169.497487437186,1030.78391959799,"HCP","20","pointwise"
20232,1.779603,636,57.8492462311558,1110.53266331658,"HCP","20","pointwise"
20232,2.335387,889,57.8492462311558,1110.53266331658,"HCP","20","pointwise"
20232,2.910335,621,41.8994974874372,1030.78391959799,"HCP","20","pointwise"
20232,3.19781,426,10,1046.73366834171,"HCP","20","pointwise"
20232,3.638604,498,41.8994974874372,966.984924623115,"HCP","20","pointwise"
20232,3.964408,426,105.698492462312,982.934673366834,"HCP","20","pointwise"
20232,4.462697,596,89.748743718593,1062.68341708543,"HCP","20","pointwise"
20232,-0.251882,488,328.994974874372,1301.92964824121,"DWR","20","pointwise"
20232,0.246407,787,121.64824120603,1238.13065326633,"DWR","20","pointwise"
20232,0.744695,435,153.547738693467,1062.68341708543,"DWR","20","pointwise"
20232,1.262149,640,137.597989949749,1110.53266331658,"DWR","20","pointwise"
20232,1.779603,636,10,1142.43216080402,"DWR","20","pointwise"
20232,2.335387,889,185.447236180905,1030.78391959799,"DWR","20","pointwise"
20232,2.910335,621,121.64824120603,1126.4824120603,"DWR","20","pointwise"
20232,3.19781,426,137.597989949749,935.085427135678,"DWR","20","pointwise"
20232,3.638604,498,137.597989949749,998.884422110553,"DWR","20","pointwise"
20232,3.964408,426,41.8994974874372,1046.73366834171,"DWR","20","pointwise"
20232,4.462697,596,73.7989949748744,998.884422110553,"DWR","20","pointwise"
20232,-0.251882,488,217.346733668342,1748.52261306533,"LC","20","pointwise"
20232,0.246407,787,360.894472361809,1285.97989949749,"LC","20","pointwise"
20232,0.744695,435,265.195979899498,1094.58291457286,"LC","20","pointwise"
20232,1.262149,640,201.396984924623,1620.92462311558,"LC","20","pointwise"
20232,1.779603,636,185.447236180905,1349.77889447236,"LC","20","pointwise"
20232,2.335387,889,25.9497487437186,1270.03015075377,"LC","20","pointwise"
20232,2.910335,621,281.145728643216,1429.52763819095,"LC","20","pointwise"
20232,3.19781,426,89.748743718593,1126.4824120603,"LC","20","pointwise"
20232,3.638604,498,137.597989949749,1174.33165829146,"LC","20","pointwise"
20232,3.964408,426,185.447236180905,1046.73366834171,"LC","20","pointwise"
20232,4.462697,596,57.8492462311558,966.984924623115,"LC","20","pointwise"
20240,-2.787132,857,392.793969849246,1461.42713567839,"HCP","20","pointwise"
20240,-2.422998,375,313.045226130653,1381.6783919598,"HCP","20","pointwise"
20240,-2.078029,543,360.894472361809,1349.77889447236,"HCP","20","pointwise"
20240,-1.382615,530,408.743718592965,1349.77889447236,"HCP","20","pointwise"
20240,-0.900753,525,360.894472361809,1333.82914572864,"HCP","20","pointwise"
20240,-0.251882,633,392.793969849246,1333.82914572864,"HCP","20","pointwise"
20240,-2.787132,857,313.045226130653,1270.03015075377,"DWR","20","pointwise"
20240,-2.422998,375,313.045226130653,1333.82914572864,"DWR","20","pointwise"
20240,-2.078029,543,376.844221105528,1333.82914572864,"DWR","20","pointwise"
20240,-1.382615,530,344.94472361809,1317.87939698492,"DWR","20","pointwise"
20240,-0.900753,525,360.894472361809,1397.62814070352,"DWR","20","pointwise"
20240,-0.251882,633,408.743718592965,1238.13065326633,"DWR","20","pointwise"
20240,-2.787132,857,344.94472361809,1317.87939698492,"LC","20","pointwise"
20240,-2.422998,375,297.095477386935,1860.17085427136,"LC","20","pointwise"
20240,-2.078029,543,456.592964824121,1110.53266331658,"LC","20","pointwise"
20240,-1.382615,530,424.693467336683,1285.97989949749,"LC","20","pointwise"
20240,-0.900753,525,153.547738693467,1525.22613065327,"LC","20","pointwise"
20240,-0.251882,633,424.693467336683,1413.57788944724,"LC","20","pointwise"
20284,-0.301164,1116,344.94472361809,1525.22613065327,"HCP","20","pointwise"
20284,0.295688,543,185.447236180905,1349.77889447236,"HCP","20","pointwise"
20284,0.722793,605,169.497487437186,1317.87939698492,"HCP","20","pointwise"
20284,1.242984,560,137.597989949749,1206.23115577889,"HCP","20","pointwise"
20284,1.752224,482,10,1142.43216080402,"HCP","20","pointwise"
20284,2.250513,513,25.9497487437186,1094.58291457286,"HCP","20","pointwise"
20284,2.710472,529,10,1094.58291457286,"HCP","20","pointwise"
20284,3.501711,387,10,1078.63316582915,"HCP","20","pointwise"
20284,3.975359,278,10,1062.68341708543,"HCP","20","pointwise"
20284,4.377823,370,10,1046.73366834171,"HCP","20","pointwise"
20284,4.919918,280,25.9497487437186,1030.78391959799,"HCP","20","pointwise"
20284,-0.301164,1116,424.693467336683,1254.08040201005,"DWR","20","pointwise"
20284,0.295688,543,153.547738693467,1254.08040201005,"DWR","20","pointwise"
20284,0.722793,605,169.497487437186,1078.63316582915,"DWR","20","pointwise"
20284,1.242984,560,137.597989949749,1126.4824120603,"DWR","20","pointwise"
20284,1.752224,482,121.64824120603,1094.58291457286,"DWR","20","pointwise"
20284,2.250513,513,73.7989949748744,1078.63316582915,"DWR","20","pointwise"
20284,2.710472,529,105.698492462312,1014.83417085427,"DWR","20","pointwise"
20284,3.501711,387,153.547738693467,1030.78391959799,"DWR","20","pointwise"
20284,3.975359,278,185.447236180905,1190.28140703518,"DWR","20","pointwise"
20284,4.377823,370,10,1158.38190954774,"DWR","20","pointwise"
20284,4.919918,280,105.698492462312,1158.38190954774,"DWR","20","pointwise"
20284,-0.301164,1116,201.396984924623,1764.47236180905,"LC","20","pointwise"
20284,0.295688,543,376.844221105528,1796.37185929648,"LC","20","pointwise"
20284,0.722793,605,10,1636.8743718593,"LC","20","pointwise"
20284,1.242984,560,10,1748.52261306533,"LC","20","pointwise"
20284,1.752224,482,328.994974874372,1174.33165829146,"LC","20","pointwise"
20284,2.250513,513,153.547738693467,1461.42713567839,"LC","20","pointwise"
20284,2.710472,529,10,1604.97487437186,"LC","20","pointwise"
20284,3.501711,387,57.8492462311558,1270.03015075377,"LC","20","pointwise"
20284,3.975359,278,25.9497487437186,1254.08040201005,"LC","20","pointwise"
20284,4.377823,370,217.346733668342,1668.77386934673,"LC","20","pointwise"
20284,4.919918,280,10,1254.08040201005,"LC","20","pointwise"
20305,-1.664613,1104,376.844221105528,1349.77889447236,"HCP","20","pointwise"
20305,-1.141684,577,344.94472361809,1397.62814070352,"HCP","20","pointwise"
20305,-0.594114,801,281.145728643216,1381.6783919598,"HCP","20","pointwise"
20305,-0.11499,1264,265.195979899498,1301.92964824121,"HCP","20","pointwise"
20305,0.43258,1163,201.396984924623,1270.03015075377,"HCP","20","pointwise"
20305,0.960986,471,201.396984924623,998.884422110553,"HCP","20","pointwise"
20305,1.555099,505,153.547738693467,966.984924623115,"HCP","20","pointwise"
20305,1.801506,450,105.698492462312,1014.83417085427,"HCP","20","pointwise"
20305,2.30527,524,73.7989949748744,982.934673366834,"HCP","20","pointwise"
20305,2.625599,698,10,1142.43216080402,"HCP","20","pointwise"
20305,3.162218,695,57.8492462311558,951.035175879397,"HCP","20","pointwise"
20305,3.824778,1131,41.8994974874372,935.085427135678,"HCP","20","pointwise"
20305,-1.664613,1104,440.643216080402,1349.77889447236,"DWR","20","pointwise"
20305,-1.141684,577,392.793969849246,1413.57788944724,"DWR","20","pointwise"
20305,-0.594114,801,360.894472361809,1301.92964824121,"DWR","20","pointwise"
20305,-0.11499,1264,328.994974874372,1349.77889447236,"DWR","20","pointwise"
20305,0.43258,1163,344.94472361809,1222.18090452261,"DWR","20","pointwise"
20305,0.960986,471,10,1285.97989949749,"DWR","20","pointwise"
20305,1.555099,505,217.346733668342,1126.4824120603,"DWR","20","pointwise"
20305,1.801506,450,169.497487437186,1174.33165829146,"DWR","20","pointwise"
20305,2.30527,524,10,1126.4824120603,"DWR","20","pointwise"
20305,2.625599,698,121.64824120603,1158.38190954774,"DWR","20","pointwise"
20305,3.162218,695,121.64824120603,982.934673366834,"DWR","20","pointwise"
20305,3.824778,1131,105.698492462312,1062.68341708543,"DWR","20","pointwise"
20305,-1.664613,1104,392.793969849246,1445.47738693467,"LC","20","pointwise"
20305,-1.141684,577,313.045226130653,1285.97989949749,"LC","20","pointwise"
20305,-0.594114,801,440.643216080402,1557.1256281407,"LC","20","pointwise"
20305,-0.11499,1264,440.643216080402,2019.66834170854,"LC","20","pointwise"
20305,0.43258,1163,376.844221105528,1349.77889447236,"LC","20","pointwise"
20305,0.960986,471,249.246231155779,1684.72361809045,"LC","20","pointwise"
20305,1.555099,505,281.145728643216,1174.33165829146,"LC","20","pointwise"
20305,1.801506,450,121.64824120603,1509.27638190955,"LC","20","pointwise"
20305,2.30527,524,201.396984924623,1062.68341708543,"LC","20","pointwise"
20305,2.625599,698,89.748743718593,1158.38190954774,"LC","20","pointwise"
20305,3.162218,695,10,1620.92462311558,"LC","20","pointwise"
20305,3.824778,1131,201.396984924623,998.884422110553,"LC","20","pointwise"
20323,-0.791239,1038,297.095477386935,1317.87939698492,"HCP","20","pointwise"
20323,0.227242,505,265.195979899498,1270.03015075377,"HCP","20","pointwise"
20323,0.752909,89,169.497487437186,1094.58291457286,"HCP","20","pointwise"
20323,1.177276,43,153.547738693467,966.984924623115,"HCP","20","pointwise"
20323,-0.791239,1038,313.045226130653,1301.92964824121,"DWR","20","pointwise"
20323,0.227242,505,408.743718592965,1285.97989949749,"DWR","20","pointwise"
20323,0.752909,89,57.8492462311558,1222.18090452261,"DWR","20","pointwise"
20323,1.177276,43,105.698492462312,966.984924623115,"DWR","20","pointwise"
20323,-0.791239,1038,344.94472361809,1349.77889447236,"LC","20","pointwise"
20323,0.227242,505,297.095477386935,1238.13065326633,"LC","20","pointwise"
20323,0.752909,89,105.698492462312,1509.27638190955,"LC","20","pointwise"
20323,1.177276,43,313.045226130653,1126.4824120603,"LC","20","pointwise"
20324,-0.243669,1197,344.94472361809,1413.57788944724,"HCP","20","pointwise"
20324,0.243669,750,249.246231155779,1349.77889447236,"HCP","20","pointwise"
20324,0.854209,622,201.396984924623,1046.73366834171,"HCP","20","pointwise"
20324,1.259411,479,137.597989949749,1110.53266331658,"HCP","20","pointwise"
20324,1.776865,553,89.748743718593,982.934673366834,"HCP","20","pointwise"
20324,2.96783,315,89.748743718593,982.934673366834,"HCP","20","pointwise"
20324,4.021903,127,73.7989949748744,1014.83417085427,"HCP","20","pointwise"
20324,-0.243669,1197,281.145728643216,1301.92964824121,"DWR","20","pointwise"
20324,0.243669,750,360.894472361809,1381.6783919598,"DWR","20","pointwise"
20324,0.854209,622,265.195979899498,1142.43216080402,"DWR","20","pointwise"
20324,1.259411,479,233.29648241206,1206.23115577889,"DWR","20","pointwise"
20324,1.776865,553,169.497487437186,1078.63316582915,"DWR","20","pointwise"
20324,2.96783,315,153.547738693467,1110.53266331658,"DWR","20","pointwise"
20324,4.021903,127,25.9497487437186,1014.83417085427,"DWR","20","pointwise"
20324,-0.243669,1197,440.643216080402,1620.92462311558,"LC","20","pointwise"
20324,0.243669,750,281.145728643216,1700.67336683417,"LC","20","pointwise"
20324,0.854209,622,169.497487437186,1477.37688442211,"LC","20","pointwise"
20324,1.259411,479,281.145728643216,1317.87939698492,"LC","20","pointwise"
20324,1.776865,553,201.396984924623,1365.72864321608,"LC","20","pointwise"
20324,2.96783,315,201.396984924623,1174.33165829146,"LC","20","pointwise"
20324,4.021903,127,10,1126.4824120603,"LC","20","pointwise"
20332,-0.747433,1720,281.145728643216,1892.07035175879,"HCP","20","pointwise"
20332,-0.235455,930,297.095477386935,1828.27135678392,"HCP","20","pointwise"
20332,0.235455,921,217.346733668342,1477.37688442211,"HCP","20","pointwise"
20332,-0.747433,1720,297.095477386935,1349.77889447236,"DWR","20","pointwise"
20332,-0.235455,930,504.442211055276,1397.62814070352,"DWR","20","pointwise"
20332,0.235455,921,376.844221105528,1349.77889447236,"DWR","20","pointwise"
20332,-0.747433,1720,10,1764.47236180905,"LC","20","pointwise"
20332,-0.235455,930,249.246231155779,1413.57788944724,"LC","20","pointwise"
20332,0.235455,921,424.693467336683,1780.42211055276,"LC","20","pointwise"
20344,-0.741958,889,360.894472361809,1525.22613065327,"HCP","20","pointwise"
20344,-0.243669,946,249.246231155779,1509.27638190955,"HCP","20","pointwise"
20344,0.243669,798,265.195979899498,1413.57788944724,"HCP","20","pointwise"
20344,0.77755,385,201.396984924623,1270.03015075377,"HCP","20","pointwise"
20344,1.273101,383,153.547738693467,1142.43216080402,"HCP","20","pointwise"
20344,1.771389,216,105.698492462312,982.934673366834,"HCP","20","pointwise"
20344,2.231348,224,89.748743718593,1014.83417085427,"HCP","20","pointwise"
20344,4.531143,14,10,951.035175879397,"HCP","20","pointwise"
20344,-0.741958,889,424.693467336683,1285.97989949749,"DWR","20","pointwise"
20344,-0.243669,946,360.894472361809,1238.13065326633,"DWR","20","pointwise"
20344,0.243669,798,392.793969849246,1397.62814070352,"DWR","20","pointwise"
20344,0.77755,385,185.447236180905,1238.13065326633,"DWR","20","pointwise"
20344,1.273101,383,169.497487437186,1110.53266331658,"DWR","20","pointwise"
20344,1.771389,216,137.597989949749,1238.13065326633,"DWR","20","pointwise"
20344,2.231348,224,185.447236180905,1190.28140703518,"DWR","20","pointwise"
20344,4.531143,14,121.64824120603,1030.78391959799,"DWR","20","pointwise"
20344,-0.741958,889,249.246231155779,1349.77889447236,"LC","20","pointwise"
20344,-0.243669,946,440.643216080402,1270.03015075377,"LC","20","pointwise"
20344,0.243669,798,185.447236180905,1525.22613065327,"LC","20","pointwise"
20344,0.77755,385,153.547738693467,1461.42713567839,"LC","20","pointwise"
20344,1.273101,383,185.447236180905,1270.03015075377,"LC","20","pointwise"
20344,1.771389,216,233.29648241206,1270.03015075377,"LC","20","pointwise"
20344,2.231348,224,297.095477386935,1541.17587939698,"LC","20","pointwise"
20344,4.531143,14,217.346733668342,1014.83417085427,"LC","20","pointwise"
20348,-0.265572,673,313.045226130653,1301.92964824121,"HCP","20","pointwise"
20348,0.265572,616,233.29648241206,1270.03015075377,"HCP","20","pointwise"
20348,0.77755,802,217.346733668342,1014.83417085427,"HCP","20","pointwise"
20348,1.275838,429,153.547738693467,982.934673366834,"HCP","20","pointwise"
20348,1.749487,536,153.547738693467,935.085427135678,"HCP","20","pointwise"
20348,2.313484,346,89.748743718593,919.13567839196,"HCP","20","pointwise"
20348,4.109514,371,73.7989949748744,919.13567839196,"HCP","20","pointwise"
20348,4.62423,758,105.698492462312,982.934673366834,"HCP","20","pointwise"
20348,5.14716,590,105.698492462312,998.884422110553,"HCP","20","pointwise"
20348,-0.265572,673,201.396984924623,1381.6783919598,"DWR","20","pointwise"
20348,0.265572,616,313.045226130653,1238.13065326633,"DWR","20","pointwise"
20348,0.77755,802,137.597989949749,1062.68341708543,"DWR","20","pointwise"
20348,1.275838,429,137.597989949749,998.884422110553,"DWR","20","pointwise"
20348,1.749487,536,153.547738693467,1030.78391959799,"DWR","20","pointwise"
20348,2.313484,346,105.698492462312,1126.4824120603,"DWR","20","pointwise"
20348,4.109514,371,121.64824120603,1094.58291457286,"DWR","20","pointwise"
20348,4.62423,758,25.9497487437186,966.984924623115,"DWR","20","pointwise"
20348,5.14716,590,25.9497487437186,1110.53266331658,"DWR","20","pointwise"
20348,-0.265572,673,376.844221105528,1445.47738693467,"LC","20","pointwise"
20348,0.265572,616,169.497487437186,1461.42713567839,"LC","20","pointwise"
20348,0.77755,802,105.698492462312,1541.17587939698,"LC","20","pointwise"
20348,1.275838,429,313.045226130653,1238.13065326633,"LC","20","pointwise"
20348,1.749487,536,249.246231155779,1301.92964824121,"LC","20","pointwise"
20348,2.313484,346,10,1206.23115577889,"LC","20","pointwise"
20348,4.109514,371,137.597989949749,1158.38190954774,"LC","20","pointwise"
20348,4.62423,758,201.396984924623,1158.38190954774,"LC","20","pointwise"
20348,5.14716,590,344.94472361809,1062.68341708543,"LC","20","pointwise"
20362,-2.841889,1264,376.844221105528,1301.92964824121,"HCP","20","pointwise"
20362,-1.440109,692,360.894472361809,1317.87939698492,"HCP","20","pointwise"
20362,-0.922656,559,360.894472361809,1317.87939698492,"HCP","20","pointwise"
20362,-0.709103,838,297.095477386935,1301.92964824121,"HCP","20","pointwise"
20362,-0.229979,657,281.145728643216,1317.87939698492,"HCP","20","pointwise"
20362,0.229979,640,217.346733668342,1270.03015075377,"HCP","20","pointwise"
20362,0.761123,551,233.29648241206,1094.58291457286,"HCP","20","pointwise"
20362,-2.841889,1264,424.693467336683,1493.32663316583,"DWR","20","pointwise"
20362,-1.440109,692,328.994974874372,1285.97989949749,"DWR","20","pointwise"
20362,-0.922656,559,424.693467336683,1270.03015075377,"DWR","20","pointwise"
20362,-0.709103,838,328.994974874372,1381.6783919598,"DWR","20","pointwise"
20362,-0.229979,657,392.793969849246,1222.18090452261,"DWR","20","pointwise"
20362,0.229979,640,313.045226130653,1285.97989949749,"DWR","20","pointwise"
20362,0.761123,551,41.8994974874372,1126.4824120603,"DWR","20","pointwise"
20362,-2.841889,1264,281.145728643216,1317.87939698492,"LC","20","pointwise"
20362,-1.440109,692,376.844221105528,1461.42713567839,"LC","20","pointwise"
20362,-0.922656,559,281.145728643216,1238.13065326633,"LC","20","pointwise"
20362,-0.709103,838,217.346733668342,1445.47738693467,"LC","20","pointwise"
20362,-0.229979,657,344.94472361809,1397.62814070352,"LC","20","pointwise"
20362,0.229979,640,137.597989949749,1604.97487437186,"LC","20","pointwise"
20362,0.761123,551,217.346733668342,998.884422110553,"LC","20","pointwise"
20363,-2.806297,655,408.743718592965,1429.52763819095,"HCP","20","pointwise"
20363,-2.291581,770,392.793969849246,1381.6783919598,"HCP","20","pointwise"
20363,-0.194387,869,344.94472361809,1461.42713567839,"HCP","20","pointwise"
20363,0.194387,471,313.045226130653,1413.57788944724,"HCP","20","pointwise"
20363,0.531143,460,185.447236180905,1429.52763819095,"HCP","20","pointwise"
20363,1.048597,602,89.748743718593,1078.63316582915,"HCP","20","pointwise"
20363,1.574264,451,73.7989949748744,982.934673366834,"HCP","20","pointwise"
20363,2.069815,510,41.8994974874372,966.984924623115,"HCP","20","pointwise"
20363,-2.806297,655,360.894472361809,1285.97989949749,"DWR","20","pointwise"
20363,-2.291581,770,408.743718592965,1301.92964824121,"DWR","20","pointwise"
20363,-0.194387,869,249.246231155779,1301.92964824121,"DWR","20","pointwise"
20363,0.194387,471,344.94472361809,1301.92964824121,"DWR","20","pointwise"
20363,0.531143,460,185.447236180905,1301.92964824121,"DWR","20","pointwise"
20363,1.048597,602,185.447236180905,1078.63316582915,"DWR","20","pointwise"
20363,1.574264,451,233.29648241206,1222.18090452261,"DWR","20","pointwise"
20363,2.069815,510,137.597989949749,951.035175879397,"DWR","20","pointwise"
20363,-2.806297,655,153.547738693467,1652.82412060301,"LC","20","pointwise"
20363,-2.291581,770,440.643216080402,1285.97989949749,"LC","20","pointwise"
20363,-0.194387,869,424.693467336683,1604.97487437186,"LC","20","pointwise"
20363,0.194387,471,376.844221105528,1254.08040201005,"LC","20","pointwise"
20363,0.531143,460,297.095477386935,1349.77889447236,"LC","20","pointwise"
20363,1.048597,602,10,1301.92964824121,"LC","20","pointwise"
20363,1.574264,451,10,1764.47236180905,"LC","20","pointwise"
20363,2.069815,510,217.346733668342,1381.6783919598,"LC","20","pointwise"
20374,-0.238193,542,281.145728643216,1285.97989949749,"HCP","20","pointwise"
20374,0.238193,527,281.145728643216,1301.92964824121,"HCP","20","pointwise"
20374,0.758385,396,201.396984924623,1174.33165829146,"HCP","20","pointwise"
20374,1.327858,425,153.547738693467,998.884422110553,"HCP","20","pointwise"
20374,1.754962,505,105.698492462312,966.984924623115,"HCP","20","pointwise"
20374,2.30527,270,10,935.085427135678,"HCP","20","pointwise"
20374,2.918549,244,10,951.035175879397,"HCP","20","pointwise"
20374,3.230664,250,10,919.13567839196,"HCP","20","pointwise"
20374,3.512663,251,10,903.185929648241,"HCP","20","pointwise"
20374,4.054757,323,10,871.286432160804,"HCP","20","pointwise"
20374,4.70089,428,10,887.236180904523,"HCP","20","pointwise"
20374,5.218344,465,25.9497487437186,887.236180904523,"HCP","20","pointwise"
20374,-0.238193,542,281.145728643216,1381.6783919598,"DWR","20","pointwise"
20374,0.238193,527,201.396984924623,1349.77889447236,"DWR","20","pointwise"
20374,0.758385,396,249.246231155779,1142.43216080402,"DWR","20","pointwise"
20374,1.327858,425,153.547738693467,1158.38190954774,"DWR","20","pointwise"
20374,1.754962,505,201.396984924623,1190.28140703518,"DWR","20","pointwise"
20374,2.30527,270,105.698492462312,998.884422110553,"DWR","20","pointwise"
20374,2.918549,244,137.597989949749,1078.63316582915,"DWR","20","pointwise"
20374,3.230664,250,73.7989949748744,966.984924623115,"DWR","20","pointwise"
20374,3.512663,251,121.64824120603,966.984924623115,"DWR","20","pointwise"
20374,4.054757,323,121.64824120603,1078.63316582915,"DWR","20","pointwise"
20374,4.70089,428,121.64824120603,1046.73366834171,"DWR","20","pointwise"
20374,5.218344,465,169.497487437186,1046.73366834171,"DWR","20","pointwise"
20374,-0.238193,542,265.195979899498,1445.47738693467,"LC","20","pointwise"
20374,0.238193,527,328.994974874372,1429.52763819095,"LC","20","pointwise"
20374,0.758385,396,328.994974874372,1206.23115577889,"LC","20","pointwise"
20374,1.327858,425,57.8492462311558,1254.08040201005,"LC","20","pointwise"
20374,1.754962,505,328.994974874372,1190.28140703518,"LC","20","pointwise"
20374,2.30527,270,185.447236180905,1333.82914572864,"LC","20","pointwise"
20374,2.918549,244,137.597989949749,1301.92964824121,"LC","20","pointwise"
20374,3.230664,250,249.246231155779,1413.57788944724,"LC","20","pointwise"
20374,3.512663,251,89.748743718593,1333.82914572864,"LC","20","pointwise"
20374,4.054757,323,10,1142.43216080402,"LC","20","pointwise"
20374,4.70089,428,10,1620.92462311558,"LC","20","pointwise"
20374,5.218344,465,105.698492462312,1126.4824120603,"LC","20","pointwise"
20393,-0.262834,908,297.095477386935,1397.62814070352,"HCP","20","pointwise"
20393,0.262834,250,249.246231155779,1285.97989949749,"HCP","20","pointwise"
20393,0.818617,307,201.396984924623,1030.78391959799,"HCP","20","pointwise"
20393,1.330595,605,185.447236180905,1014.83417085427,"HCP","20","pointwise"
20393,1.79603,546,185.447236180905,998.884422110553,"HCP","20","pointwise"
20393,2.255989,372,10,1030.78391959799,"HCP","20","pointwise"
20393,2.85284,339,41.8994974874372,935.085427135678,"HCP","20","pointwise"
20393,3.175907,311,25.9497487437186,1030.78391959799,"HCP","20","pointwise"
20393,3.466119,319,41.8994974874372,951.035175879397,"HCP","20","pointwise"
20393,4,492,25.9497487437186,966.984924623115,"HCP","20","pointwise"
20393,4.536619,350,41.8994974874372,919.13567839196,"HCP","20","pointwise"
20393,5.103354,442,89.748743718593,919.13567839196,"HCP","20","pointwise"
20393,-0.262834,908,328.994974874372,1477.37688442211,"DWR","20","pointwise"
20393,0.262834,250,360.894472361809,1190.28140703518,"DWR","20","pointwise"
20393,0.818617,307,57.8492462311558,1206.23115577889,"DWR","20","pointwise"
20393,1.330595,605,105.698492462312,1142.43216080402,"DWR","20","pointwise"
20393,1.79603,546,105.698492462312,1046.73366834171,"DWR","20","pointwise"
20393,2.255989,372,121.64824120603,1190.28140703518,"DWR","20","pointwise"
20393,2.85284,339,137.597989949749,1030.78391959799,"DWR","20","pointwise"
20393,3.175907,311,57.8492462311558,935.085427135678,"DWR","20","pointwise"
20393,3.466119,319,89.748743718593,1030.78391959799,"DWR","20","pointwise"
20393,4,492,10,1046.73366834171,"DWR","20","pointwise"
20393,4.536619,350,105.698492462312,1014.83417085427,"DWR","20","pointwise"
20393,5.103354,442,121.64824120603,1030.78391959799,"DWR","20","pointwise"
20393,-0.262834,908,376.844221105528,1812.3216080402,"LC","20","pointwise"
20393,0.262834,250,456.592964824121,1509.27638190955,"LC","20","pointwise"
20393,0.818617,307,392.793969849246,1429.52763819095,"LC","20","pointwise"
20393,1.330595,605,169.497487437186,1222.18090452261,"LC","20","pointwise"
20393,1.79603,546,233.29648241206,1142.43216080402,"LC","20","pointwise"
20393,2.255989,372,249.246231155779,1381.6783919598,"LC","20","pointwise"
20393,2.85284,339,217.346733668342,1254.08040201005,"LC","20","pointwise"
20393,3.175907,311,73.7989949748744,1110.53266331658,"LC","20","pointwise"
20393,3.466119,319,169.497487437186,839.386934673367,"LC","20","pointwise"
20393,4,492,249.246231155779,1142.43216080402,"LC","20","pointwise"
20393,4.536619,350,73.7989949748744,951.035175879397,"LC","20","pointwise"
20393,5.103354,442,10,1796.37185929648,"LC","20","pointwise"
20395,-2.811773,859,313.045226130653,1397.62814070352,"HCP","20","pointwise"
20395,-2.272416,1333,265.195979899498,1604.97487437186,"HCP","20","pointwise"
20395,-1.771389,995,249.246231155779,1461.42713567839,"HCP","20","pointwise"
20395,0.320329,356,185.447236180905,1285.97989949749,"HCP","20","pointwise"
20395,1.470226,450,169.497487437186,1110.53266331658,"HCP","20","pointwise"
20395,1.87269,590,121.64824120603,1046.73366834171,"HCP","20","pointwise"
20395,2.518823,451,73.7989949748744,1094.58291457286,"HCP","20","pointwise"
20395,-2.811773,859,472.542713567839,1333.82914572864,"DWR","20","pointwise"
20395,-2.272416,1333,504.442211055276,1381.6783919598,"DWR","20","pointwise"
20395,-1.771389,995,472.542713567839,1429.52763819095,"DWR","20","pointwise"
20395,0.320329,356,297.095477386935,1206.23115577889,"DWR","20","pointwise"
20395,1.470226,450,57.8492462311558,1206.23115577889,"DWR","20","pointwise"
20395,1.87269,590,105.698492462312,1110.53266331658,"DWR","20","pointwise"
20395,2.518823,451,185.447236180905,1014.83417085427,"DWR","20","pointwise"
20395,-2.811773,859,185.447236180905,1620.92462311558,"LC","20","pointwise"
20395,-2.272416,1333,10,1796.37185929648,"LC","20","pointwise"
20395,-1.771389,995,201.396984924623,1541.17587939698,"LC","20","pointwise"
20395,0.320329,356,217.346733668342,1285.97989949749,"LC","20","pointwise"
20395,1.470226,450,10,1285.97989949749,"LC","20","pointwise"
20395,1.87269,590,265.195979899498,1174.33165829146,"LC","20","pointwise"
20395,2.518823,451,121.64824120603,1525.22613065327,"LC","20","pointwise"
20397,-0.265572,899,201.396984924623,1365.72864321608,"HCP","20","pointwise"
20397,0.271047,950,201.396984924623,1285.97989949749,"HCP","20","pointwise"
20397,1.259411,791,185.447236180905,1078.63316582915,"HCP","20","pointwise"
20397,1.87269,611,137.597989949749,1110.53266331658,"HCP","20","pointwise"
20397,2.370979,1011,57.8492462311558,1046.73366834171,"HCP","20","pointwise"
20397,2.891171,338,10,1126.4824120603,"HCP","20","pointwise"
20397,3.140315,369,73.7989949748744,1094.58291457286,"HCP","20","pointwise"
20397,3.682409,411,25.9497487437186,1062.68341708543,"HCP","20","pointwise"
20397,4.002738,311,41.8994974874372,1046.73366834171,"HCP","20","pointwise"
20397,4.558522,447,73.7989949748744,966.984924623115,"HCP","20","pointwise"
20397,5.130733,309,121.64824120603,966.984924623115,"HCP","20","pointwise"
20397,-0.265572,899,376.844221105528,1365.72864321608,"DWR","20","pointwise"
20397,0.271047,950,217.346733668342,1174.33165829146,"DWR","20","pointwise"
20397,1.259411,791,89.748743718593,1158.38190954774,"DWR","20","pointwise"
20397,1.87269,611,121.64824120603,1078.63316582915,"DWR","20","pointwise"
20397,2.370979,1011,73.7989949748744,1126.4824120603,"DWR","20","pointwise"
20397,2.891171,338,105.698492462312,1030.78391959799,"DWR","20","pointwise"
20397,3.140315,369,233.29648241206,1174.33165829146,"DWR","20","pointwise"
20397,3.682409,411,105.698492462312,1030.78391959799,"DWR","20","pointwise"
20397,4.002738,311,105.698492462312,1110.53266331658,"DWR","20","pointwise"
20397,4.558522,447,281.145728643216,1190.28140703518,"DWR","20","pointwise"
20397,5.130733,309,121.64824120603,966.984924623115,"DWR","20","pointwise"
20397,-0.265572,899,249.246231155779,1461.42713567839,"LC","20","pointwise"
20397,0.271047,950,360.894472361809,1317.87939698492,"LC","20","pointwise"
20397,1.259411,791,249.246231155779,1254.08040201005,"LC","20","pointwise"
20397,1.87269,611,137.597989949749,1908.02010050251,"LC","20","pointwise"
20397,2.370979,1011,153.547738693467,1445.47738693467,"LC","20","pointwise"
20397,2.891171,338,265.195979899498,1078.63316582915,"LC","20","pointwise"
20397,3.140315,369,344.94472361809,1285.97989949749,"LC","20","pointwise"
20397,3.682409,411,265.195979899498,1333.82914572864,"LC","20","pointwise"
20397,4.002738,311,105.698492462312,1541.17587939698,"LC","20","pointwise"
20397,4.558522,447,297.095477386935,1174.33165829146,"LC","20","pointwise"
20397,5.130733,309,105.698492462312,1222.18090452261,"LC","20","pointwise"
20404,-2.603696,838,344.94472361809,1413.57788944724,"HCP","20","pointwise"
20404,-1.555099,412,281.145728643216,1445.47738693467,"HCP","20","pointwise"
20404,-0.678987,888,360.894472361809,1477.37688442211,"HCP","20","pointwise"
20404,-0.268309,724,297.095477386935,1413.57788944724,"HCP","20","pointwise"
20404,0.268309,721,217.346733668342,1301.92964824121,"HCP","20","pointwise"
20404,-2.603696,838,488.492462311558,1413.57788944724,"DWR","20","pointwise"
20404,-1.555099,412,360.894472361809,1365.72864321608,"DWR","20","pointwise"
20404,-0.678987,888,392.793969849246,1365.72864321608,"DWR","20","pointwise"
20404,-0.268309,724,520.391959798995,1238.13065326633,"DWR","20","pointwise"
20404,0.268309,721,328.994974874372,1206.23115577889,"DWR","20","pointwise"
20404,-2.603696,838,217.346733668342,1238.13065326633,"LC","20","pointwise"
20404,-1.555099,412,328.994974874372,1541.17587939698,"LC","20","pointwise"
20404,-0.678987,888,297.095477386935,1365.72864321608,"LC","20","pointwise"
20404,-0.268309,724,217.346733668342,1557.1256281407,"LC","20","pointwise"
20404,0.268309,721,328.994974874372,1429.52763819095,"LC","20","pointwise"
20417,-0.506502,690,217.346733668342,1285.97989949749,"HCP","20","pointwise"
20417,0.511978,1025,233.29648241206,1206.23115577889,"HCP","20","pointwise"
20417,0.966461,483,121.64824120603,1094.58291457286,"HCP","20","pointwise"
20417,-0.506502,690,424.693467336683,1413.57788944724,"DWR","20","pointwise"
20417,0.511978,1025,408.743718592965,1126.4824120603,"DWR","20","pointwise"
20417,0.966461,483,201.396984924623,1094.58291457286,"DWR","20","pointwise"
20417,-0.506502,690,488.492462311558,1636.8743718593,"LC","20","pointwise"
20417,0.511978,1025,440.643216080402,1190.28140703518,"LC","20","pointwise"
20417,0.966461,483,313.045226130653,1174.33165829146,"LC","20","pointwise"
20421,-0.76386,935,265.195979899498,1461.42713567839,"HCP","20","pointwise"
20421,-0.260096,816,265.195979899498,1493.32663316583,"HCP","20","pointwise"
20421,0.251882,1119,201.396984924623,1206.23115577889,"HCP","20","pointwise"
20421,0.799452,902,153.547738693467,998.884422110553,"HCP","20","pointwise"
20421,1.28679,809,137.597989949749,1014.83417085427,"HCP","20","pointwise"
20421,1.785079,374,41.8994974874372,998.884422110553,"HCP","20","pointwise"
20421,2.321697,684,41.8994974874372,998.884422110553,"HCP","20","pointwise"
20421,3.687885,725,10,966.984924623115,"HCP","20","pointwise"
20421,-0.76386,935,440.643216080402,1270.03015075377,"DWR","20","pointwise"
20421,-0.260096,816,281.145728643216,1238.13065326633,"DWR","20","pointwise"
20421,0.251882,1119,344.94472361809,1254.08040201005,"DWR","20","pointwise"
20421,0.799452,902,57.8492462311558,1158.38190954774,"DWR","20","pointwise"
20421,1.28679,809,105.698492462312,1046.73366834171,"DWR","20","pointwise"
20421,1.785079,374,89.748743718593,1094.58291457286,"DWR","20","pointwise"
20421,2.321697,684,89.748743718593,982.934673366834,"DWR","20","pointwise"
20421,3.687885,725,73.7989949748744,935.085427135678,"DWR","20","pointwise"
20421,-0.76386,935,297.095477386935,1397.62814070352,"LC","20","pointwise"
20421,-0.260096,816,169.497487437186,1604.97487437186,"LC","20","pointwise"
20421,0.251882,1119,297.095477386935,1110.53266331658,"LC","20","pointwise"
20421,0.799452,902,233.29648241206,1301.92964824121,"LC","20","pointwise"
20421,1.28679,809,201.396984924623,1445.47738693467,"LC","20","pointwise"
20421,1.785079,374,137.597989949749,1301.92964824121,"LC","20","pointwise"
20421,2.321697,684,10,1349.77889447236,"LC","20","pointwise"
20421,3.687885,725,41.8994974874372,1254.08040201005,"LC","20","pointwise"
20439,-1.429158,752,281.145728643216,1333.82914572864,"HCP","20","pointwise"
20439,-0.936345,590,201.396984924623,1349.77889447236,"HCP","20","pointwise"
20439,-0.295688,758,297.095477386935,1381.6783919598,"HCP","20","pointwise"
20439,0.295688,696,153.547738693467,1317.87939698492,"HCP","20","pointwise"
20439,1.352498,350,89.748743718593,1014.83417085427,"HCP","20","pointwise"
20439,1.831622,346,41.8994974874372,1094.58291457286,"HCP","20","pointwise"
20439,2.349076,473,10,982.934673366834,"HCP","20","pointwise"
20439,2.907598,533,10,966.984924623115,"HCP","20","pointwise"
20439,3.323751,417,41.8994974874372,919.13567839196,"HCP","20","pointwise"
20439,3.685147,230,41.8994974874372,966.984924623115,"HCP","20","pointwise"
20439,-1.429158,752,424.693467336683,1254.08040201005,"DWR","20","pointwise"
20439,-0.936345,590,392.793969849246,1254.08040201005,"DWR","20","pointwise"
20439,-0.295688,758,249.246231155779,1301.92964824121,"DWR","20","pointwise"
20439,0.295688,696,201.396984924623,1190.28140703518,"DWR","20","pointwise"
20439,1.352498,350,201.396984924623,1174.33165829146,"DWR","20","pointwise"
20439,1.831622,346,137.597989949749,1078.63316582915,"DWR","20","pointwise"
20439,2.349076,473,57.8492462311558,1078.63316582915,"DWR","20","pointwise"
20439,2.907598,533,10,998.884422110553,"DWR","20","pointwise"
20439,3.323751,417,89.748743718593,1030.78391959799,"DWR","20","pointwise"
20439,3.685147,230,89.748743718593,1030.78391959799,"DWR","20","pointwise"
20439,-1.429158,752,408.743718592965,1381.6783919598,"LC","20","pointwise"
20439,-0.936345,590,392.793969849246,1301.92964824121,"LC","20","pointwise"
20439,-0.295688,758,153.547738693467,1397.62814070352,"LC","20","pointwise"
20439,0.295688,696,328.994974874372,1301.92964824121,"LC","20","pointwise"
20439,1.352498,350,105.698492462312,1445.47738693467,"LC","20","pointwise"
20439,1.831622,346,217.346733668342,1062.68341708543,"LC","20","pointwise"
20439,2.349076,473,233.29648241206,1429.52763819095,"LC","20","pointwise"
20439,2.907598,533,153.547738693467,1126.4824120603,"LC","20","pointwise"
20439,3.323751,417,233.29648241206,951.035175879397,"LC","20","pointwise"
20439,3.685147,230,233.29648241206,1046.73366834171,"LC","20","pointwise"
20476,-0.273785,1354,185.447236180905,1317.87939698492,"HCP","20","pointwise"
20476,0.273785,809,233.29648241206,1222.18090452261,"HCP","20","pointwise"
20476,0.747433,511,217.346733668342,1094.58291457286,"HCP","20","pointwise"
20476,1.705681,299,121.64824120603,966.984924623115,"HCP","20","pointwise"
20476,-0.273785,1354,249.246231155779,1333.82914572864,"DWR","20","pointwise"
20476,0.273785,809,233.29648241206,1238.13065326633,"DWR","20","pointwise"
20476,0.747433,511,233.29648241206,1126.4824120603,"DWR","20","pointwise"
20476,1.705681,299,185.447236180905,1094.58291457286,"DWR","20","pointwise"
20476,-0.273785,1354,297.095477386935,1365.72864321608,"LC","20","pointwise"
20476,0.273785,809,265.195979899498,1301.92964824121,"LC","20","pointwise"
20476,0.747433,511,313.045226130653,1285.97989949749,"LC","20","pointwise"
20476,1.705681,299,10,1477.37688442211,"LC","20","pointwise"
20477,-2.776181,892,313.045226130653,1333.82914572864,"HCP","20","pointwise"
20477,-2.28063,1110,360.894472361809,1270.03015075377,"HCP","20","pointwise"
20477,-0.117728,740,265.195979899498,1254.08040201005,"HCP","20","pointwise"
20477,0.117728,472,281.145728643216,1254.08040201005,"HCP","20","pointwise"
20477,0.481862,755,217.346733668342,1142.43216080402,"HCP","20","pointwise"
20477,1.018481,701,217.346733668342,1030.78391959799,"HCP","20","pointwise"
20477,1.555099,37,121.64824120603,998.884422110553,"HCP","20","pointwise"
20477,2.072553,470,41.8994974874372,998.884422110553,"HCP","20","pointwise"
20477,-2.776181,892,472.542713567839,1413.57788944724,"DWR","20","pointwise"
20477,-2.28063,1110,408.743718592965,1301.92964824121,"DWR","20","pointwise"
20477,-0.117728,740,313.045226130653,1094.58291457286,"DWR","20","pointwise"
20477,0.117728,472,233.29648241206,1333.82914572864,"DWR","20","pointwise"
20477,0.481862,755,249.246231155779,1110.53266331658,"DWR","20","pointwise"
20477,1.018481,701,121.64824120603,1254.08040201005,"DWR","20","pointwise"
20477,1.555099,37,57.8492462311558,1206.23115577889,"DWR","20","pointwise"
20477,2.072553,470,153.547738693467,1142.43216080402,"DWR","20","pointwise"
20477,-2.776181,892,10,1668.77386934673,"LC","20","pointwise"
20477,-2.28063,1110,328.994974874372,1461.42713567839,"LC","20","pointwise"
20477,-0.117728,740,424.693467336683,1429.52763819095,"LC","20","pointwise"
20477,0.117728,472,249.246231155779,1844.22110552764,"LC","20","pointwise"
20477,0.481862,755,376.844221105528,1381.6783919598,"LC","20","pointwise"
20477,1.018481,701,344.94472361809,1094.58291457286,"LC","20","pointwise"
20477,1.555099,37,249.246231155779,1254.08040201005,"LC","20","pointwise"
20477,2.072553,470,185.447236180905,1238.13065326633,"LC","20","pointwise"
20492,-2.2423,1035,344.94472361809,1493.32663316583,"HCP","20","pointwise"
20492,-1.744011,1296,313.045226130653,1461.42713567839,"HCP","20","pointwise"
20492,-1.242984,1219,328.994974874372,1525.22613065327,"HCP","20","pointwise"
20492,0.843258,855,137.597989949749,1190.28140703518,"HCP","20","pointwise"
20492,1.341547,938,89.748743718593,1254.08040201005,"HCP","20","pointwise"
20492,2.069815,1320,41.8994974874372,1206.23115577889,"HCP","20","pointwise"
20492,2.644764,1125,25.9497487437186,1206.23115577889,"HCP","20","pointwise"
20492,3.206023,1368,10,1158.38190954774,"HCP","20","pointwise"
20492,-2.2423,1035,392.793969849246,1365.72864321608,"DWR","20","pointwise"
20492,-1.744011,1296,456.592964824121,1445.47738693467,"DWR","20","pointwise"
20492,-1.242984,1219,472.542713567839,1541.17587939698,"DWR","20","pointwise"
20492,0.843258,855,153.547738693467,1110.53266331658,"DWR","20","pointwise"
20492,1.341547,938,169.497487437186,1158.38190954774,"DWR","20","pointwise"
20492,2.069815,1320,297.095477386935,1301.92964824121,"DWR","20","pointwise"
20492,2.644764,1125,137.597989949749,1110.53266331658,"DWR","20","pointwise"
20492,3.206023,1368,105.698492462312,1142.43216080402,"DWR","20","pointwise"
20492,-2.2423,1035,10,2338.66331658291,"LC","20","pointwise"
20492,-1.744011,1296,153.547738693467,1764.47236180905,"LC","20","pointwise"
20492,-1.242984,1219,392.793969849246,1493.32663316583,"LC","20","pointwise"
20492,0.843258,855,10,1429.52763819095,"LC","20","pointwise"
20492,1.341547,938,10,1445.47738693467,"LC","20","pointwise"
20492,2.069815,1320,89.748743718593,1493.32663316583,"LC","20","pointwise"
20492,2.644764,1125,265.195979899498,1062.68341708543,"LC","20","pointwise"
20492,3.206023,1368,121.64824120603,1477.37688442211,"LC","20","pointwise"
20498,-0.273785,823,344.94472361809,1285.97989949749,"HCP","20","pointwise"
20498,0.772074,313,185.447236180905,1046.73366834171,"HCP","20","pointwise"
20498,1.327858,123,201.396984924623,1062.68341708543,"HCP","20","pointwise"
20498,1.806982,165,169.497487437186,982.934673366834,"HCP","20","pointwise"
20498,-0.273785,823,424.693467336683,1381.6783919598,"DWR","20","pointwise"
20498,0.772074,313,233.29648241206,1110.53266331658,"DWR","20","pointwise"
20498,1.327858,123,137.597989949749,1142.43216080402,"DWR","20","pointwise"
20498,1.806982,165,137.597989949749,1094.58291457286,"DWR","20","pointwise"
20498,-0.273785,823,344.94472361809,1333.82914572864,"LC","20","pointwise"
20498,0.772074,313,297.095477386935,1238.13065326633,"LC","20","pointwise"
20498,1.327858,123,121.64824120603,1349.77889447236,"LC","20","pointwise"
20498,1.806982,165,201.396984924623,1206.23115577889,"LC","20","pointwise"
20523,0.268309,548,169.497487437186,1333.82914572864,"HCP","20","pointwise"
20523,0.268309,548,408.743718592965,1301.92964824121,"DWR","20","pointwise"
20523,0.268309,548,217.346733668342,1493.32663316583,"LC","20","pointwise"
20537,-0.262834,626,328.994974874372,1397.62814070352,"HCP","20","pointwise"
20537,0.72553,415,217.346733668342,1142.43216080402,"HCP","20","pointwise"
20537,1.237509,605,201.396984924623,1094.58291457286,"HCP","20","pointwise"
20537,1.867214,454,89.748743718593,1158.38190954774,"HCP","20","pointwise"
20537,2.288843,595,73.7989949748744,1046.73366834171,"HCP","20","pointwise"
20537,2.825462,440,41.8994974874372,1174.33165829146,"HCP","20","pointwise"
20537,-0.262834,626,360.894472361809,1301.92964824121,"DWR","20","pointwise"
20537,0.72553,415,185.447236180905,1110.53266331658,"DWR","20","pointwise"
20537,1.237509,605,169.497487437186,1078.63316582915,"DWR","20","pointwise"
20537,1.867214,454,121.64824120603,1062.68341708543,"DWR","20","pointwise"
20537,2.288843,595,73.7989949748744,1126.4824120603,"DWR","20","pointwise"
20537,2.825462,440,10,1142.43216080402,"DWR","20","pointwise"
20537,-0.262834,626,281.145728643216,1206.23115577889,"LC","20","pointwise"
20537,0.72553,415,121.64824120603,1397.62814070352,"LC","20","pointwise"
20537,1.237509,605,217.346733668342,1461.42713567839,"LC","20","pointwise"
20537,1.867214,454,201.396984924623,1285.97989949749,"LC","20","pointwise"
20537,2.288843,595,153.547738693467,1062.68341708543,"LC","20","pointwise"
20537,2.825462,440,10,1222.18090452261,"LC","20","pointwise"
20567,-1.839836,957,376.844221105528,1349.77889447236,"HCP","20","pointwise"
20567,-1.234771,1006,313.045226130653,1381.6783919598,"HCP","20","pointwise"
20567,-0.80219,936,328.994974874372,1301.92964824121,"HCP","20","pointwise"
20567,0.717317,492,217.346733668342,1094.58291457286,"HCP","20","pointwise"
20567,1.314168,1629,169.497487437186,1046.73366834171,"HCP","20","pointwise"
20567,1.615332,1203,153.547738693467,1094.58291457286,"HCP","20","pointwise"
20567,2.439425,1397,121.64824120603,1317.87939698492,"HCP","20","pointwise"
20567,-1.839836,957,440.643216080402,1429.52763819095,"DWR","20","pointwise"
20567,-1.234771,1006,360.894472361809,1381.6783919598,"DWR","20","pointwise"
20567,-0.80219,936,281.145728643216,1381.6783919598,"DWR","20","pointwise"
20567,0.717317,492,153.547738693467,1094.58291457286,"DWR","20","pointwise"
20567,1.314168,1629,137.597989949749,1110.53266331658,"DWR","20","pointwise"
20567,1.615332,1203,57.8492462311558,1254.08040201005,"DWR","20","pointwise"
20567,2.439425,1397,41.8994974874372,1030.78391959799,"DWR","20","pointwise"
20567,-1.839836,957,265.195979899498,1525.22613065327,"LC","20","pointwise"
20567,-1.234771,1006,328.994974874372,1285.97989949749,"LC","20","pointwise"
20567,-0.80219,936,344.94472361809,2019.66834170854,"LC","20","pointwise"
20567,0.717317,492,376.844221105528,2099.41708542714,"LC","20","pointwise"
20567,1.314168,1629,297.095477386935,1445.47738693467,"LC","20","pointwise"
20567,1.615332,1203,217.346733668342,1285.97989949749,"LC","20","pointwise"
20567,2.439425,1397,185.447236180905,1126.4824120603,"LC","20","pointwise"
20568,-0.262834,1116,233.29648241206,1477.37688442211,"HCP","20","pointwise"
20568,0.262834,467,201.396984924623,1381.6783919598,"HCP","20","pointwise"
20568,0.73922,360,137.597989949749,1222.18090452261,"HCP","20","pointwise"
20568,1.226557,512,89.748743718593,1158.38190954774,"HCP","20","pointwise"
20568,2.288843,704,89.748743718593,1078.63316582915,"HCP","20","pointwise"
20568,2.78987,250,10,1030.78391959799,"HCP","20","pointwise"
20568,3.085558,202,41.8994974874372,1094.58291457286,"HCP","20","pointwise"
20568,3.526352,174,57.8492462311558,1126.4824120603,"HCP","20","pointwise"
20568,-0.262834,1116,313.045226130653,1381.6783919598,"DWR","20","pointwise"
20568,0.262834,467,233.29648241206,1206.23115577889,"DWR","20","pointwise"
20568,0.73922,360,201.396984924623,1158.38190954774,"DWR","20","pointwise"
20568,1.226557,512,217.346733668342,1174.33165829146,"DWR","20","pointwise"
20568,2.288843,704,153.547738693467,1078.63316582915,"DWR","20","pointwise"
20568,2.78987,250,121.64824120603,1110.53266331658,"DWR","20","pointwise"
20568,3.085558,202,105.698492462312,1030.78391959799,"DWR","20","pointwise"
20568,3.526352,174,89.748743718593,935.085427135678,"DWR","20","pointwise"
20568,-0.262834,1116,201.396984924623,1573.07537688442,"LC","20","pointwise"
20568,0.262834,467,185.447236180905,1317.87939698492,"LC","20","pointwise"
20568,0.73922,360,313.045226130653,1812.3216080402,"LC","20","pointwise"
20568,1.226557,512,297.095477386935,1429.52763819095,"LC","20","pointwise"
20568,2.288843,704,344.94472361809,1126.4824120603,"LC","20","pointwise"
20568,2.78987,250,10,1604.97487437186,"LC","20","pointwise"
20568,3.085558,202,41.8994974874372,1301.92964824121,"LC","20","pointwise"
20568,3.526352,174,201.396984924623,1238.13065326633,"LC","20","pointwise"
20571,-1.535934,424,360.894472361809,1493.32663316583,"HCP","20","pointwise"
20571,-1.152635,553,328.994974874372,1493.32663316583,"HCP","20","pointwise"
20571,-0.769336,734,344.94472361809,1477.37688442211,"HCP","20","pointwise"
20571,-0.328542,405,313.045226130653,1445.47738693467,"HCP","20","pointwise"
20571,0.328542,596,73.7989949748744,1238.13065326633,"HCP","20","pointwise"
20571,0.884326,396,89.748743718593,1429.52763819095,"HCP","20","pointwise"
20571,-1.535934,424,424.693467336683,1381.6783919598,"DWR","20","pointwise"
20571,-1.152635,553,552.291457286432,1349.77889447236,"DWR","20","pointwise"
20571,-0.769336,734,456.592964824121,1333.82914572864,"DWR","20","pointwise"
20571,-0.328542,405,249.246231155779,1238.13065326633,"DWR","20","pointwise"
20571,0.328542,596,201.396984924623,1206.23115577889,"DWR","20","pointwise"
20571,0.884326,396,185.447236180905,1174.33165829146,"DWR","20","pointwise"
20571,-1.535934,424,265.195979899498,1301.92964824121,"LC","20","pointwise"
20571,-1.152635,553,10,1732.57286432161,"LC","20","pointwise"
20571,-0.769336,734,10,2195.11557788945,"LC","20","pointwise"
20571,-0.328542,405,265.195979899498,1397.62814070352,"LC","20","pointwise"
20571,0.328542,596,297.095477386935,1955.86934673367,"LC","20","pointwise"
20571,0.884326,396,249.246231155779,1349.77889447236,"LC","20","pointwise"
20583,-0.25462,1438,313.045226130653,1445.47738693467,"HCP","20","pointwise"
20583,0.25462,858,217.346733668342,1429.52763819095,"HCP","20","pointwise"
20583,1.226557,1181,137.597989949749,1078.63316582915,"HCP","20","pointwise"
20583,1.823409,1321,25.9497487437186,1030.78391959799,"HCP","20","pointwise"
20583,2.247776,1412,137.597989949749,1014.83417085427,"HCP","20","pointwise"
20583,2.861054,685,25.9497487437186,1046.73366834171,"HCP","20","pointwise"
20583,3.140315,1160,41.8994974874372,1014.83417085427,"HCP","20","pointwise"
20583,3.471595,971,10,1190.28140703518,"HCP","20","pointwise"
20583,4.375085,877,73.7989949748744,1014.83417085427,"HCP","20","pointwise"
20583,4.826831,718,41.8994974874372,982.934673366834,"HCP","20","pointwise"
20583,-0.25462,1438,328.994974874372,1317.87939698492,"DWR","20","pointwise"
20583,0.25462,858,281.145728643216,1238.13065326633,"DWR","20","pointwise"
20583,1.226557,1181,137.597989949749,1030.78391959799,"DWR","20","pointwise"
20583,1.823409,1321,185.447236180905,998.884422110553,"DWR","20","pointwise"
20583,2.247776,1412,185.447236180905,982.934673366834,"DWR","20","pointwise"
20583,2.861054,685,57.8492462311558,1014.83417085427,"DWR","20","pointwise"
20583,3.140315,1160,73.7989949748744,998.884422110553,"DWR","20","pointwise"
20583,3.471595,971,201.396984924623,1078.63316582915,"DWR","20","pointwise"
20583,4.375085,877,10,1110.53266331658,"DWR","20","pointwise"
20583,4.826831,718,121.64824120603,982.934673366834,"DWR","20","pointwise"
20583,-0.25462,1438,233.29648241206,1684.72361809045,"LC","20","pointwise"
20583,0.25462,858,392.793969849246,1589.02512562814,"LC","20","pointwise"
20583,1.226557,1181,217.346733668342,1493.32663316583,"LC","20","pointwise"
20583,1.823409,1321,10,1254.08040201005,"LC","20","pointwise"
20583,2.247776,1412,297.095477386935,1397.62814070352,"LC","20","pointwise"
20583,2.861054,685,201.396984924623,935.085427135678,"LC","20","pointwise"
20583,3.140315,1160,105.698492462312,1142.43216080402,"LC","20","pointwise"
20583,3.471595,971,10,1270.03015075377,"LC","20","pointwise"
20583,4.375085,877,249.246231155779,1222.18090452261,"LC","20","pointwise"
20583,4.826831,718,169.497487437186,1174.33165829146,"LC","20","pointwise"
20584,-1.259411,831,328.994974874372,1413.57788944724,"HCP","20","pointwise"
20584,-0.761123,753,313.045226130653,1397.62814070352,"HCP","20","pointwise"
20584,-0.260096,508,265.195979899498,1509.27638190955,"HCP","20","pointwise"
20584,1.366188,406,41.8994974874372,1094.58291457286,"HCP","20","pointwise"
20584,1.809719,175,10,1110.53266331658,"HCP","20","pointwise"
20584,2.59822,108,10,1078.63316582915,"HCP","20","pointwise"
20584,-1.259411,831,392.793969849246,1270.03015075377,"DWR","20","pointwise"
20584,-0.761123,753,392.793969849246,1333.82914572864,"DWR","20","pointwise"
20584,-0.260096,508,233.29648241206,1461.42713567839,"DWR","20","pointwise"
20584,1.366188,406,121.64824120603,1190.28140703518,"DWR","20","pointwise"
20584,1.809719,175,137.597989949749,1094.58291457286,"DWR","20","pointwise"
20584,2.59822,108,121.64824120603,982.934673366834,"DWR","20","pointwise"
20584,-1.259411,831,360.894472361809,1684.72361809045,"LC","20","pointwise"
20584,-0.761123,753,281.145728643216,1525.22613065327,"LC","20","pointwise"
20584,-0.260096,508,376.844221105528,1732.57286432161,"LC","20","pointwise"
20584,1.366188,406,344.94472361809,1238.13065326633,"LC","20","pointwise"
20584,1.809719,175,249.246231155779,1222.18090452261,"LC","20","pointwise"
20584,2.59822,108,201.396984924623,1349.77889447236,"LC","20","pointwise"
20591,-1.278576,473,297.095477386935,1349.77889447236,"HCP","20","pointwise"
20591,-0.758385,513,297.095477386935,1333.82914572864,"HCP","20","pointwise"
20591,-0.279261,701,249.246231155779,1317.87939698492,"HCP","20","pointwise"
20591,0.810404,367,201.396984924623,1062.68341708543,"HCP","20","pointwise"
20591,1.390828,438,137.597989949749,1078.63316582915,"HCP","20","pointwise"
20591,1.812457,367,121.64824120603,1030.78391959799,"HCP","20","pointwise"
20591,2.08898,449,89.748743718593,1078.63316582915,"HCP","20","pointwise"
20591,2.631075,393,10,1062.68341708543,"HCP","20","pointwise"
20591,3.066393,507,25.9497487437186,1078.63316582915,"HCP","20","pointwise"
20591,3.564682,255,41.8994974874372,1030.78391959799,"HCP","20","pointwise"
20591,3.997262,189,41.8994974874372,1030.78391959799,"HCP","20","pointwise"
20591,-1.278576,473,408.743718592965,1493.32663316583,"DWR","20","pointwise"
20591,-0.758385,513,249.246231155779,1429.52763819095,"DWR","20","pointwise"
20591,-0.279261,701,313.045226130653,1222.18090452261,"DWR","20","pointwise"
20591,0.810404,367,89.748743718593,1062.68341708543,"DWR","20","pointwise"
20591,1.390828,438,153.547738693467,1206.23115577889,"DWR","20","pointwise"
20591,1.812457,367,105.698492462312,1142.43216080402,"DWR","20","pointwise"
20591,2.08898,449,185.447236180905,1190.28140703518,"DWR","20","pointwise"
20591,2.631075,393,89.748743718593,1062.68341708543,"DWR","20","pointwise"
20591,3.066393,507,73.7989949748744,1014.83417085427,"DWR","20","pointwise"
20591,3.564682,255,10,1030.78391959799,"DWR","20","pointwise"
20591,3.997262,189,121.64824120603,1126.4824120603,"DWR","20","pointwise"
20591,-1.278576,473,233.29648241206,1317.87939698492,"LC","20","pointwise"
20591,-0.758385,513,328.994974874372,1445.47738693467,"LC","20","pointwise"
20591,-0.279261,701,281.145728643216,1461.42713567839,"LC","20","pointwise"
20591,0.810404,367,153.547738693467,1301.92964824121,"LC","20","pointwise"
20591,1.390828,438,10,1620.92462311558,"LC","20","pointwise"
20591,1.812457,367,313.045226130653,1349.77889447236,"LC","20","pointwise"
20591,2.08898,449,10,1301.92964824121,"LC","20","pointwise"
20591,2.631075,393,10,1285.97989949749,"LC","20","pointwise"
20591,3.066393,507,57.8492462311558,1158.38190954774,"LC","20","pointwise"
20591,3.564682,255,137.597989949749,1062.68341708543,"LC","20","pointwise"
20591,3.997262,189,121.64824120603,1110.53266331658,"LC","20","pointwise"
20595,-1.459274,1292,328.994974874372,1445.47738693467,"HCP","20","pointwise"
20595,-1.040383,884,297.095477386935,1349.77889447236,"HCP","20","pointwise"
20595,-0.747433,785,265.195979899498,1493.32663316583,"HCP","20","pointwise"
20595,-0.268309,1243,249.246231155779,1636.8743718593,"HCP","20","pointwise"
20595,0.268309,789,185.447236180905,1238.13065326633,"HCP","20","pointwise"
20595,0.769336,517,217.346733668342,1062.68341708543,"HCP","20","pointwise"
20595,-1.459274,1292,297.095477386935,1365.72864321608,"DWR","20","pointwise"
20595,-1.040383,884,568.241206030151,1604.97487437186,"DWR","20","pointwise"
20595,-0.747433,785,440.643216080402,1317.87939698492,"DWR","20","pointwise"
20595,-0.268309,1243,328.994974874372,1285.97989949749,"DWR","20","pointwise"
20595,0.268309,789,265.195979899498,1110.53266331658,"DWR","20","pointwise"
20595,0.769336,517,233.29648241206,1062.68341708543,"DWR","20","pointwise"
20595,-1.459274,1292,297.095477386935,2322.7135678392,"LC","20","pointwise"
20595,-1.040383,884,10,2227.01507537688,"LC","20","pointwise"
20595,-0.747433,785,10,1971.81909547739,"LC","20","pointwise"
20595,-0.268309,1243,408.743718592965,1381.6783919598,"LC","20","pointwise"
20595,0.268309,789,217.346733668342,1828.27135678392,"LC","20","pointwise"
20595,0.769336,517,281.145728643216,1317.87939698492,"LC","20","pointwise"
20604,-0.290212,573,249.246231155779,1429.52763819095,"HCP","20","pointwise"
20604,0.290212,414,169.497487437186,1285.97989949749,"HCP","20","pointwise"
20604,-0.290212,573,328.994974874372,1493.32663316583,"DWR","20","pointwise"
20604,0.290212,414,201.396984924623,1190.28140703518,"DWR","20","pointwise"
20604,-0.290212,573,10,2131.31658291457,"LC","20","pointwise"
20604,0.290212,414,344.94472361809,1429.52763819095,"LC","20","pointwise"
20605,-2.581793,676,344.94472361809,1349.77889447236,"HCP","20","pointwise"
20605,-2.121834,682,344.94472361809,1381.6783919598,"HCP","20","pointwise"
20605,-2.581793,676,344.94472361809,1270.03015075377,"DWR","20","pointwise"
20605,-2.121834,682,424.693467336683,1365.72864321608,"DWR","20","pointwise"
20605,-2.581793,676,472.542713567839,1589.02512562814,"LC","20","pointwise"
20605,-2.121834,682,297.095477386935,1573.07537688442,"LC","20","pointwise"
20616,-2.71321,728,265.195979899498,1413.57788944724,"HCP","20","pointwise"
20616,1.752224,558,121.64824120603,903.185929648241,"HCP","20","pointwise"
20616,-2.71321,728,360.894472361809,1317.87939698492,"DWR","20","pointwise"
20616,1.752224,558,169.497487437186,1110.53266331658,"DWR","20","pointwise"
20616,-2.71321,728,408.743718592965,1206.23115577889,"LC","20","pointwise"
20616,1.752224,558,376.844221105528,1668.77386934673,"LC","20","pointwise"
20664,-2.721424,1039,297.095477386935,1461.42713567839,"HCP","20","pointwise"
20664,-0.240931,511,233.29648241206,1445.47738693467,"HCP","20","pointwise"
20664,-2.721424,1039,392.793969849246,1333.82914572864,"DWR","20","pointwise"
20664,-0.240931,511,265.195979899498,1158.38190954774,"DWR","20","pointwise"
20664,-2.721424,1039,360.894472361809,1445.47738693467,"LC","20","pointwise"
20664,-0.240931,511,153.547738693467,1541.17587939698,"LC","20","pointwise"
20678,-0.281999,1022,297.095477386935,1333.82914572864,"HCP","20","pointwise"
20678,-0.281999,1022,297.095477386935,1238.13065326633,"DWR","20","pointwise"
20678,-0.281999,1022,313.045226130653,1636.8743718593,"LC","20","pointwise"
20713,-1.270363,800,313.045226130653,1285.97989949749,"HCP","20","pointwise"
20713,-0.76386,743,265.195979899498,1365.72864321608,"HCP","20","pointwise"
20713,-0.251882,719,185.447236180905,1285.97989949749,"HCP","20","pointwise"
20713,1.223819,481,105.698492462312,982.934673366834,"HCP","20","pointwise"
20713,1.971253,348,10,998.884422110553,"HCP","20","pointwise"
20713,2.362765,392,41.8994974874372,1014.83417085427,"HCP","20","pointwise"
20713,-1.270363,800,360.894472361809,1317.87939698492,"DWR","20","pointwise"
20713,-0.76386,743,360.894472361809,1317.87939698492,"DWR","20","pointwise"
20713,-0.251882,719,233.29648241206,1333.82914572864,"DWR","20","pointwise"
20713,1.223819,481,73.7989949748744,1014.83417085427,"DWR","20","pointwise"
20713,1.971253,348,57.8492462311558,1094.58291457286,"DWR","20","pointwise"
20713,2.362765,392,41.8994974874372,982.934673366834,"DWR","20","pointwise"
20713,-1.270363,800,472.542713567839,1190.28140703518,"LC","20","pointwise"
20713,-0.76386,743,249.246231155779,1525.22613065327,"LC","20","pointwise"
20713,-0.251882,719,297.095477386935,1333.82914572864,"LC","20","pointwise"
20713,1.223819,481,281.145728643216,1206.23115577889,"LC","20","pointwise"
20713,1.971253,348,121.64824120603,1732.57286432161,"LC","20","pointwise"
20713,2.362765,392,185.447236180905,1509.27638190955,"LC","20","pointwise"
20723,-0.251882,440,297.095477386935,1333.82914572864,"HCP","20","pointwise"
20723,1.223819,375,217.346733668342,1078.63316582915,"HCP","20","pointwise"
20723,2.718686,388,169.497487437186,1014.83417085427,"HCP","20","pointwise"
20723,2.948665,274,153.547738693467,1046.73366834171,"HCP","20","pointwise"
20723,-0.251882,440,360.894472361809,1333.82914572864,"DWR","20","pointwise"
20723,1.223819,375,137.597989949749,1142.43216080402,"DWR","20","pointwise"
20723,2.718686,388,137.597989949749,1174.33165829146,"DWR","20","pointwise"
20723,2.948665,274,201.396984924623,1110.53266331658,"DWR","20","pointwise"
20723,-0.251882,440,344.94472361809,1668.77386934673,"LC","20","pointwise"
20723,1.223819,375,185.447236180905,1254.08040201005,"LC","20","pointwise"
20723,2.718686,388,153.547738693467,1301.92964824121,"LC","20","pointwise"
20723,2.948665,274,281.145728643216,1525.22613065327,"LC","20","pointwise"
20736,-0.829569,1196,344.94472361809,1445.47738693467,"HCP","20","pointwise"
20736,0.210815,489,265.195979899498,1301.92964824121,"HCP","20","pointwise"
20736,0.706366,519,185.447236180905,1142.43216080402,"HCP","20","pointwise"
20736,-0.829569,1196,265.195979899498,1381.6783919598,"DWR","20","pointwise"
20736,0.210815,489,217.346733668342,1270.03015075377,"DWR","20","pointwise"
20736,0.706366,519,169.497487437186,1094.58291457286,"DWR","20","pointwise"
20736,-0.829569,1196,89.748743718593,1812.3216080402,"LC","20","pointwise"
20736,0.210815,489,281.145728643216,2179.16582914573,"LC","20","pointwise"
20736,0.706366,519,265.195979899498,1668.77386934673,"LC","20","pointwise"
20748,-2.023272,1212,328.994974874372,1333.82914572864,"HCP","20","pointwise"
20748,-1.612594,1000,328.994974874372,1684.72361809045,"HCP","20","pointwise"
20748,-1.111567,1244,360.894472361809,1397.62814070352,"HCP","20","pointwise"
20748,-0.670773,1023,201.396984924623,1477.37688442211,"HCP","20","pointwise"
20748,-0.249144,714,344.94472361809,1397.62814070352,"HCP","20","pointwise"
20748,-2.023272,1212,313.045226130653,1285.97989949749,"DWR","20","pointwise"
20748,-1.612594,1000,392.793969849246,1397.62814070352,"DWR","20","pointwise"
20748,-1.111567,1244,281.145728643216,1270.03015075377,"DWR","20","pointwise"
20748,-0.670773,1023,392.793969849246,1333.82914572864,"DWR","20","pointwise"
20748,-0.249144,714,344.94472361809,1222.18090452261,"DWR","20","pointwise"
20748,-2.023272,1212,297.095477386935,1573.07537688442,"LC","20","pointwise"
20748,-1.612594,1000,376.844221105528,1509.27638190955,"LC","20","pointwise"
20748,-1.111567,1244,344.94472361809,1493.32663316583,"LC","20","pointwise"
20748,-0.670773,1023,392.793969849246,1381.6783919598,"LC","20","pointwise"
20748,-0.249144,714,424.693467336683,1301.92964824121,"LC","20","pointwise"
20749,-0.25462,1451,328.994974874372,1301.92964824121,"HCP","20","pointwise"
20749,0.249144,1684,281.145728643216,1222.18090452261,"HCP","20","pointwise"
20749,0.744695,797,233.29648241206,1046.73366834171,"HCP","20","pointwise"
20749,1.289528,916,137.597989949749,935.085427135678,"HCP","20","pointwise"
20749,1.897331,918,105.698492462312,919.13567839196,"HCP","20","pointwise"
20749,2.247776,1345,89.748743718593,903.185929648241,"HCP","20","pointwise"
20749,3.110198,821,25.9497487437186,887.236180904523,"HCP","20","pointwise"
20749,-0.25462,1451,265.195979899498,1301.92964824121,"DWR","20","pointwise"
20749,0.249144,1684,153.547738693467,1254.08040201005,"DWR","20","pointwise"
20749,0.744695,797,281.145728643216,1126.4824120603,"DWR","20","pointwise"
20749,1.289528,916,89.748743718593,1126.4824120603,"DWR","20","pointwise"
20749,1.897331,918,153.547738693467,1014.83417085427,"DWR","20","pointwise"
20749,2.247776,1345,10,1014.83417085427,"DWR","20","pointwise"
20749,3.110198,821,57.8492462311558,1094.58291457286,"DWR","20","pointwise"
20749,-0.25462,1451,328.994974874372,1413.57788944724,"LC","20","pointwise"
20749,0.249144,1684,249.246231155779,1493.32663316583,"LC","20","pointwise"
20749,0.744695,797,89.748743718593,1301.92964824121,"LC","20","pointwise"
20749,1.289528,916,185.447236180905,1142.43216080402,"LC","20","pointwise"
20749,1.897331,918,265.195979899498,1158.38190954774,"LC","20","pointwise"
20749,2.247776,1345,185.447236180905,1477.37688442211,"LC","20","pointwise"
20749,3.110198,821,233.29648241206,1110.53266331658,"LC","20","pointwise"
20768,-0.251882,906,313.045226130653,1525.22613065327,"HCP","20","pointwise"
20768,0.246407,763,281.145728643216,1238.13065326633,"HCP","20","pointwise"
20768,0.659822,533,201.396984924623,1222.18090452261,"HCP","20","pointwise"
20768,1.1718,513,121.64824120603,1094.58291457286,"HCP","20","pointwise"
20768,1.691992,764,105.698492462312,1078.63316582915,"HCP","20","pointwise"
20768,2.190281,869,25.9497487437186,1110.53266331658,"HCP","20","pointwise"
20768,3.427789,369,10,1094.58291457286,"HCP","20","pointwise"
20768,4.659822,343,10,1078.63316582915,"HCP","20","pointwise"
20768,-0.251882,906,456.592964824121,1397.62814070352,"DWR","20","pointwise"
20768,0.246407,763,265.195979899498,1190.28140703518,"DWR","20","pointwise"
20768,0.659822,533,105.698492462312,1142.43216080402,"DWR","20","pointwise"
20768,1.1718,513,217.346733668342,1078.63316582915,"DWR","20","pointwise"
20768,1.691992,764,297.095477386935,1126.4824120603,"DWR","20","pointwise"
20768,2.190281,869,89.748743718593,1062.68341708543,"DWR","20","pointwise"
20768,3.427789,369,121.64824120603,1238.13065326633,"DWR","20","pointwise"
20768,4.659822,343,201.396984924623,1046.73366834171,"DWR","20","pointwise"
20768,-0.251882,906,408.743718592965,1573.07537688442,"LC","20","pointwise"
20768,0.246407,763,313.045226130653,1349.77889447236,"LC","20","pointwise"
20768,0.659822,533,376.844221105528,1429.52763819095,"LC","20","pointwise"
20768,1.1718,513,233.29648241206,1397.62814070352,"LC","20","pointwise"
20768,1.691992,764,121.64824120603,1317.87939698492,"LC","20","pointwise"
20768,2.190281,869,41.8994974874372,1206.23115577889,"LC","20","pointwise"
20768,3.427789,369,73.7989949748744,1285.97989949749,"LC","20","pointwise"
20768,4.659822,343,10,1174.33165829146,"LC","20","pointwise"
20776,-1.234771,555,265.195979899498,1381.6783919598,"HCP","20","pointwise"
20776,-0.736482,668,249.246231155779,1333.82914572864,"HCP","20","pointwise"
20776,-0.246407,585,297.095477386935,1397.62814070352,"HCP","20","pointwise"
20776,0.736482,402,201.396984924623,1094.58291457286,"HCP","20","pointwise"
20776,1.234771,565,137.597989949749,1078.63316582915,"HCP","20","pointwise"
20776,1.826146,241,169.497487437186,998.884422110553,"HCP","20","pointwise"
20776,2.965092,203,105.698492462312,966.984924623115,"HCP","20","pointwise"
20776,3.383984,232,73.7989949748744,998.884422110553,"HCP","20","pointwise"
20776,-1.234771,555,408.743718592965,1254.08040201005,"DWR","20","pointwise"
20776,-0.736482,668,233.29648241206,1429.52763819095,"DWR","20","pointwise"
20776,-0.246407,585,472.542713567839,1429.52763819095,"DWR","20","pointwise"
20776,0.736482,402,233.29648241206,1142.43216080402,"DWR","20","pointwise"
20776,1.234771,565,137.597989949749,1158.38190954774,"DWR","20","pointwise"
20776,1.826146,241,41.8994974874372,1062.68341708543,"DWR","20","pointwise"
20776,2.965092,203,121.64824120603,1094.58291457286,"DWR","20","pointwise"
20776,3.383984,232,153.547738693467,1030.78391959799,"DWR","20","pointwise"
20776,-1.234771,555,121.64824120603,1652.82412060301,"LC","20","pointwise"
20776,-0.736482,668,376.844221105528,1445.47738693467,"LC","20","pointwise"
20776,-0.246407,585,169.497487437186,1445.47738693467,"LC","20","pointwise"
20776,0.736482,402,10,1557.1256281407,"LC","20","pointwise"
20776,1.234771,565,297.095477386935,1174.33165829146,"LC","20","pointwise"
20776,1.826146,241,249.246231155779,1142.43216080402,"LC","20","pointwise"
20776,2.965092,203,265.195979899498,1110.53266331658,"LC","20","pointwise"
20776,3.383984,232,89.748743718593,935.085427135678,"LC","20","pointwise"
20777,-2.195756,1003,360.894472361809,1365.72864321608,"HCP","20","pointwise"
20777,-1.700205,1683,344.94472361809,1381.6783919598,"HCP","20","pointwise"
20777,-1.240246,2109,392.793969849246,1333.82914572864,"HCP","20","pointwise"
20777,0.99384,996,121.64824120603,1222.18090452261,"HCP","20","pointwise"
20777,1.338809,1058,105.698492462312,1301.92964824121,"HCP","20","pointwise"
20777,1.97399,1552,57.8492462311558,1046.73366834171,"HCP","20","pointwise"
20777,2.431211,1210,10,1094.58291457286,"HCP","20","pointwise"
20777,3.003422,1007,25.9497487437186,982.934673366834,"HCP","20","pointwise"
20777,-2.195756,1003,424.693467336683,1285.97989949749,"DWR","20","pointwise"
20777,-1.700205,1683,344.94472361809,1461.42713567839,"DWR","20","pointwise"
20777,-1.240246,2109,344.94472361809,1365.72864321608,"DWR","20","pointwise"
20777,0.99384,996,185.447236180905,1190.28140703518,"DWR","20","pointwise"
20777,1.338809,1058,73.7989949748744,1110.53266331658,"DWR","20","pointwise"
20777,1.97399,1552,121.64824120603,1142.43216080402,"DWR","20","pointwise"
20777,2.431211,1210,73.7989949748744,1078.63316582915,"DWR","20","pointwise"
20777,3.003422,1007,57.8492462311558,951.035175879397,"DWR","20","pointwise"
20777,-2.195756,1003,25.9497487437186,1636.8743718593,"LC","20","pointwise"
20777,-1.700205,1683,376.844221105528,1477.37688442211,"LC","20","pointwise"
20777,-1.240246,2109,408.743718592965,1509.27638190955,"LC","20","pointwise"
20777,0.99384,996,313.045226130653,1270.03015075377,"LC","20","pointwise"
20777,1.338809,1058,41.8994974874372,1349.77889447236,"LC","20","pointwise"
20777,1.97399,1552,265.195979899498,1174.33165829146,"LC","20","pointwise"
20777,2.431211,1210,121.64824120603,1509.27638190955,"LC","20","pointwise"
20777,3.003422,1007,10,1333.82914572864,"LC","20","pointwise"
20779,-2.02601,912,281.145728643216,1557.1256281407,"HCP","20","pointwise"
20779,-0.818617,1122,281.145728643216,1461.42713567839,"HCP","20","pointwise"
20779,-0.279261,1035,217.346733668342,1445.47738693467,"HCP","20","pointwise"
20779,0.279261,647,201.396984924623,1301.92964824121,"HCP","20","pointwise"
20779,-2.02601,912,536.341708542713,1413.57788944724,"DWR","20","pointwise"
20779,-0.818617,1122,408.743718592965,1397.62814070352,"DWR","20","pointwise"
20779,-0.279261,1035,344.94472361809,1381.6783919598,"DWR","20","pointwise"
20779,0.279261,647,328.994974874372,1142.43216080402,"DWR","20","pointwise"
20779,-2.02601,912,10,1812.3216080402,"LC","20","pointwise"
20779,-0.818617,1122,10,2179.16582914573,"LC","20","pointwise"
20779,-0.279261,1035,328.994974874372,1732.57286432161,"LC","20","pointwise"
20779,0.279261,647,10,1780.42211055276,"LC","20","pointwise"
20837,-2.551677,520,344.94472361809,1285.97989949749,"HCP","20","pointwise"
20837,-1.188227,778,281.145728643216,1301.92964824121,"HCP","20","pointwise"
20837,-0.229979,1490,233.29648241206,1254.08040201005,"HCP","20","pointwise"
20837,0.229979,995,201.396984924623,1206.23115577889,"HCP","20","pointwise"
20837,-2.551677,520,328.994974874372,1493.32663316583,"DWR","20","pointwise"
20837,-1.188227,778,328.994974874372,1429.52763819095,"DWR","20","pointwise"
20837,-0.229979,1490,233.29648241206,1238.13065326633,"DWR","20","pointwise"
20837,0.229979,995,424.693467336683,1238.13065326633,"DWR","20","pointwise"
20837,-2.551677,520,328.994974874372,1285.97989949749,"LC","20","pointwise"
20837,-1.188227,778,313.045226130653,1700.67336683417,"LC","20","pointwise"
20837,-0.229979,1490,265.195979899498,1238.13065326633,"LC","20","pointwise"
20837,0.229979,995,344.94472361809,1620.92462311558,"LC","20","pointwise"
20839,-1.067762,995,233.29648241206,1270.03015075377,"HCP","20","pointwise"
20839,-0.550308,827,217.346733668342,1365.72864321608,"HCP","20","pointwise"
20839,-0.262834,1310,185.447236180905,1285.97989949749,"HCP","20","pointwise"
20839,0.257358,732,217.346733668342,1222.18090452261,"HCP","20","pointwise"
20839,1.180014,625,57.8492462311558,982.934673366834,"HCP","20","pointwise"
20839,1.713895,507,89.748743718593,951.035175879397,"HCP","20","pointwise"
20839,2.083504,243,89.748743718593,919.13567839196,"HCP","20","pointwise"
20839,3.025325,638,25.9497487437186,982.934673366834,"HCP","20","pointwise"
20839,3.463381,600,41.8994974874372,903.185929648241,"HCP","20","pointwise"
20839,3.96167,632,57.8492462311558,887.236180904523,"HCP","20","pointwise"
20839,-1.067762,995,313.045226130653,1381.6783919598,"DWR","20","pointwise"
20839,-0.550308,827,392.793969849246,1333.82914572864,"DWR","20","pointwise"
20839,-0.262834,1310,408.743718592965,1349.77889447236,"DWR","20","pointwise"
20839,0.257358,732,265.195979899498,1254.08040201005,"DWR","20","pointwise"
20839,1.180014,625,265.195979899498,1110.53266331658,"DWR","20","pointwise"
20839,1.713895,507,73.7989949748744,1046.73366834171,"DWR","20","pointwise"
20839,2.083504,243,217.346733668342,1094.58291457286,"DWR","20","pointwise"
20839,3.025325,638,10,1062.68341708543,"DWR","20","pointwise"
20839,3.463381,600,105.698492462312,1110.53266331658,"DWR","20","pointwise"
20839,3.96167,632,105.698492462312,1110.53266331658,"DWR","20","pointwise"
20839,-1.067762,995,376.844221105528,1285.97989949749,"LC","20","pointwise"
20839,-0.550308,827,360.894472361809,1525.22613065327,"LC","20","pointwise"
20839,-0.262834,1310,360.894472361809,1493.32663316583,"LC","20","pointwise"
20839,0.257358,732,217.346733668342,1222.18090452261,"LC","20","pointwise"
20839,1.180014,625,249.246231155779,1333.82914572864,"LC","20","pointwise"
20839,1.713895,507,265.195979899498,1270.03015075377,"LC","20","pointwise"
20839,2.083504,243,328.994974874372,1142.43216080402,"LC","20","pointwise"
20839,3.025325,638,249.246231155779,1030.78391959799,"LC","20","pointwise"
20839,3.463381,600,25.9497487437186,1413.57788944724,"LC","20","pointwise"
20839,3.96167,632,265.195979899498,966.984924623115,"LC","20","pointwise"
20850,-0.251882,972,185.447236180905,1317.87939698492,"HCP","20","pointwise"
20850,0.246407,500,201.396984924623,1317.87939698492,"HCP","20","pointwise"
20850,0.517454,380,233.29648241206,1158.38190954774,"HCP","20","pointwise"
20850,1.089665,350,57.8492462311558,1030.78391959799,"HCP","20","pointwise"
20850,1.587953,272,25.9497487437186,1110.53266331658,"HCP","20","pointwise"
20850,2.047912,569,10,1094.58291457286,"HCP","20","pointwise"
20850,2.469541,266,10,1062.68341708543,"HCP","20","pointwise"
20850,3.203285,221,25.9497487437186,1014.83417085427,"HCP","20","pointwise"
20850,3.715264,262,25.9497487437186,966.984924623115,"HCP","20","pointwise"
20850,4.213552,299,25.9497487437186,966.984924623115,"HCP","20","pointwise"
20850,-0.251882,972,10,1365.72864321608,"DWR","20","pointwise"
20850,0.246407,500,297.095477386935,1158.38190954774,"DWR","20","pointwise"
20850,0.517454,380,185.447236180905,1142.43216080402,"DWR","20","pointwise"
20850,1.089665,350,137.597989949749,1190.28140703518,"DWR","20","pointwise"
20850,1.587953,272,89.748743718593,1094.58291457286,"DWR","20","pointwise"
20850,2.047912,569,169.497487437186,1126.4824120603,"DWR","20","pointwise"
20850,2.469541,266,41.8994974874372,1110.53266331658,"DWR","20","pointwise"
20850,3.203285,221,105.698492462312,1110.53266331658,"DWR","20","pointwise"
20850,3.715264,262,137.597989949749,1126.4824120603,"DWR","20","pointwise"
20850,4.213552,299,10,1062.68341708543,"DWR","20","pointwise"
20850,-0.251882,972,328.994974874372,1174.33165829146,"LC","20","pointwise"
20850,0.246407,500,281.145728643216,1285.97989949749,"LC","20","pointwise"
20850,0.517454,380,185.447236180905,1270.03015075377,"LC","20","pointwise"
20850,1.089665,350,105.698492462312,1381.6783919598,"LC","20","pointwise"
20850,1.587953,272,217.346733668342,1445.47738693467,"LC","20","pointwise"
20850,2.047912,569,233.29648241206,1094.58291457286,"LC","20","pointwise"
20850,2.469541,266,57.8492462311558,1206.23115577889,"LC","20","pointwise"
20850,3.203285,221,217.346733668342,1030.78391959799,"LC","20","pointwise"
20850,3.715264,262,185.447236180905,935.085427135678,"LC","20","pointwise"
20850,4.213552,299,185.447236180905,1142.43216080402,"LC","20","pointwise"
20851,-0.134155,752,153.547738693467,1397.62814070352,"HCP","20","pointwise"
20851,0.147844,711,185.447236180905,1333.82914572864,"HCP","20","pointwise"
20851,0.668036,230,73.7989949748744,1222.18090452261,"HCP","20","pointwise"
20851,1.204654,319,57.8492462311558,1110.53266331658,"HCP","20","pointwise"
20851,1.645448,289,25.9497487437186,1062.68341708543,"HCP","20","pointwise"
20851,2.822724,188,41.8994974874372,1158.38190954774,"HCP","20","pointwise"
20851,-0.134155,752,249.246231155779,1349.77889447236,"DWR","20","pointwise"
20851,0.147844,711,392.793969849246,1270.03015075377,"DWR","20","pointwise"
20851,0.668036,230,328.994974874372,1174.33165829146,"DWR","20","pointwise"
20851,1.204654,319,249.246231155779,1158.38190954774,"DWR","20","pointwise"
20851,1.645448,289,153.547738693467,1030.78391959799,"DWR","20","pointwise"
20851,2.822724,188,169.497487437186,1094.58291457286,"DWR","20","pointwise"
20851,-0.134155,752,249.246231155779,1764.47236180905,"LC","20","pointwise"
20851,0.147844,711,297.095477386935,1844.22110552764,"LC","20","pointwise"
20851,0.668036,230,10,1796.37185929648,"LC","20","pointwise"
20851,1.204654,319,201.396984924623,1589.02512562814,"LC","20","pointwise"
20851,1.645448,289,10,1684.72361809045,"LC","20","pointwise"
20851,2.822724,188,57.8492462311558,1525.22613065327,"LC","20","pointwise"
20852,-0.210815,759,265.195979899498,1285.97989949749,"HCP","20","pointwise"
20852,0.210815,969,249.246231155779,1349.77889447236,"HCP","20","pointwise"
20852,1.1718,664,105.698492462312,1062.68341708543,"HCP","20","pointwise"
20852,1.664613,587,73.7989949748744,998.884422110553,"HCP","20","pointwise"
20852,2.469541,499,73.7989949748744,998.884422110553,"HCP","20","pointwise"
20852,3.011636,486,57.8492462311558,1062.68341708543,"HCP","20","pointwise"
20852,3.493498,805,89.748743718593,1062.68341708543,"HCP","20","pointwise"
20852,3.972621,400,89.748743718593,1078.63316582915,"HCP","20","pointwise"
20852,4.583162,567,89.748743718593,1030.78391959799,"HCP","20","pointwise"
20852,-0.210815,759,217.346733668342,1222.18090452261,"DWR","20","pointwise"
20852,0.210815,969,217.346733668342,1238.13065326633,"DWR","20","pointwise"
20852,1.1718,664,201.396984924623,1142.43216080402,"DWR","20","pointwise"
20852,1.664613,587,73.7989949748744,1030.78391959799,"DWR","20","pointwise"
20852,2.469541,499,121.64824120603,1030.78391959799,"DWR","20","pointwise"
20852,3.011636,486,105.698492462312,1078.63316582915,"DWR","20","pointwise"
20852,3.493498,805,41.8994974874372,982.934673366834,"DWR","20","pointwise"
20852,3.972621,400,89.748743718593,1030.78391959799,"DWR","20","pointwise"
20852,4.583162,567,249.246231155779,1158.38190954774,"DWR","20","pointwise"
20852,-0.210815,759,265.195979899498,1301.92964824121,"LC","20","pointwise"
20852,0.210815,969,169.497487437186,1525.22613065327,"LC","20","pointwise"
20852,1.1718,664,233.29648241206,1445.47738693467,"LC","20","pointwise"
20852,1.664613,587,265.195979899498,1397.62814070352,"LC","20","pointwise"
20852,2.469541,499,73.7989949748744,1365.72864321608,"LC","20","pointwise"
20852,3.011636,486,201.396984924623,1142.43216080402,"LC","20","pointwise"
20852,3.493498,805,217.346733668342,1174.33165829146,"LC","20","pointwise"
20852,3.972621,400,89.748743718593,1046.73366834171,"LC","20","pointwise"
20852,4.583162,567,10,1270.03015075377,"LC","20","pointwise"
20891,-0.221766,926,313.045226130653,1317.87939698492,"HCP","20","pointwise"
20891,0.221766,354,233.29648241206,1270.03015075377,"HCP","20","pointwise"
20891,0.550308,899,169.497487437186,1158.38190954774,"HCP","20","pointwise"
20891,1.081451,675,121.64824120603,1110.53266331658,"HCP","20","pointwise"
20891,1.585216,524,57.8492462311558,1126.4824120603,"HCP","20","pointwise"
20891,2.045175,1082,105.698492462312,966.984924623115,"HCP","20","pointwise"
20891,2.521561,590,89.748743718593,966.984924623115,"HCP","20","pointwise"
20891,2.825462,861,41.8994974874372,998.884422110553,"HCP","20","pointwise"
20891,3.252567,786,10,1062.68341708543,"HCP","20","pointwise"
20891,3.82204,728,57.8492462311558,1014.83417085427,"HCP","20","pointwise"
20891,4.262834,764,10,998.884422110553,"HCP","20","pointwise"
20891,-0.221766,926,360.894472361809,1301.92964824121,"DWR","20","pointwise"
20891,0.221766,354,233.29648241206,1222.18090452261,"DWR","20","pointwise"
20891,0.550308,899,169.497487437186,1094.58291457286,"DWR","20","pointwise"
20891,1.081451,675,137.597989949749,1142.43216080402,"DWR","20","pointwise"
20891,1.585216,524,201.396984924623,1126.4824120603,"DWR","20","pointwise"
20891,2.045175,1082,89.748743718593,966.984924623115,"DWR","20","pointwise"
20891,2.521561,590,89.748743718593,935.085427135678,"DWR","20","pointwise"
20891,2.825462,861,105.698492462312,1078.63316582915,"DWR","20","pointwise"
20891,3.252567,786,10,1030.78391959799,"DWR","20","pointwise"
20891,3.82204,728,233.29648241206,1158.38190954774,"DWR","20","pointwise"
20891,4.262834,764,105.698492462312,982.934673366834,"DWR","20","pointwise"
20891,-0.221766,926,281.145728643216,1429.52763819095,"LC","20","pointwise"
20891,0.221766,354,281.145728643216,1493.32663316583,"LC","20","pointwise"
20891,0.550308,899,328.994974874372,1445.47738693467,"LC","20","pointwise"
20891,1.081451,675,233.29648241206,1301.92964824121,"LC","20","pointwise"
20891,1.585216,524,121.64824120603,1461.42713567839,"LC","20","pointwise"
20891,2.045175,1082,344.94472361809,1381.6783919598,"LC","20","pointwise"
20891,2.521561,590,265.195979899498,1301.92964824121,"LC","20","pointwise"
20891,2.825462,861,281.145728643216,1094.58291457286,"LC","20","pointwise"
20891,3.252567,786,10,1429.52763819095,"LC","20","pointwise"
20891,3.82204,728,137.597989949749,1142.43216080402,"LC","20","pointwise"
20891,4.262834,764,10,1429.52763819095,"LC","20","pointwise"
20906,-0.210815,1877,284.804020100502,1304.30150753769,"HCP","20","pointwise"
20906,0.210815,1051,284.804020100502,1383.94974874372,"HCP","20","pointwise"
20906,0.520192,1155,221.085427135678,1208.72361809045,"HCP","20","pointwise"
20906,1.045859,270,221.085427135678,1001.63819095477,"HCP","20","pointwise"
20906,2.05065,10,109.577889447236,1033.49748743719,"HCP","20","pointwise"
20906,-0.210815,1877,316.663316582915,1192.79396984925,"DWR","20","pointwise"
20906,0.210815,1051,141.437185929648,1176.86432160804,"DWR","20","pointwise"
20906,0.520192,1155,221.085427135678,1224.65326633166,"DWR","20","pointwise"
20906,1.045859,270,221.085427135678,1129.07537688442,"DWR","20","pointwise"
20906,2.05065,10,189.226130653266,985.708542713568,"DWR","20","pointwise"
20906,-0.210815,1877,364.452261306533,1336.1608040201,"LC","20","pointwise"
20906,0.210815,1051,396.311557788945,1272.44221105528,"LC","20","pointwise"
20906,0.520192,1155,348.522613065327,2307.86934673367,"LC","20","pointwise"
20906,1.045859,270,332.592964824121,1336.1608040201,"LC","20","pointwise"
20906,2.05065,10,221.085427135678,1129.07537688442,"LC","20","pointwise"
21029,-0.298426,617,297.095477386935,1301.92964824121,"HCP","20","pointwise"
21029,0.298426,644,233.29648241206,1158.38190954774,"HCP","20","pointwise"
21029,0.703628,719,217.346733668342,1126.4824120603,"HCP","20","pointwise"
21029,1.779603,680,73.7989949748744,1094.58291457286,"HCP","20","pointwise"
21029,2.220397,669,57.8492462311558,1078.63316582915,"HCP","20","pointwise"
21029,2.757016,423,25.9497487437186,935.085427135678,"HCP","20","pointwise"
21029,-0.298426,617,313.045226130653,1301.92964824121,"DWR","20","pointwise"
21029,0.298426,644,217.346733668342,1158.38190954774,"DWR","20","pointwise"
21029,0.703628,719,169.497487437186,1174.33165829146,"DWR","20","pointwise"
21029,1.779603,680,169.497487437186,1062.68341708543,"DWR","20","pointwise"
21029,2.220397,669,89.748743718593,1078.63316582915,"DWR","20","pointwise"
21029,2.757016,423,137.597989949749,1030.78391959799,"DWR","20","pointwise"
21029,-0.298426,617,360.894472361809,1301.92964824121,"LC","20","pointwise"
21029,0.298426,644,233.29648241206,1317.87939698492,"LC","20","pointwise"
21029,0.703628,719,265.195979899498,1333.82914572864,"LC","20","pointwise"
21029,1.779603,680,185.447236180905,1333.82914572864,"LC","20","pointwise"
21029,2.220397,669,281.145728643216,1317.87939698492,"LC","20","pointwise"
21029,2.757016,423,153.547738693467,1062.68341708543,"LC","20","pointwise"
21058,-0.268309,573,297.095477386935,1413.57788944724,"HCP","20","pointwise"
21058,0.268309,686,249.246231155779,1158.38190954774,"HCP","20","pointwise"
21058,0.731006,636,185.447236180905,1158.38190954774,"HCP","20","pointwise"
21058,1.284052,467,137.597989949749,1142.43216080402,"HCP","20","pointwise"
21058,2.299795,306,105.698492462312,1094.58291457286,"HCP","20","pointwise"
21058,3.028063,333,105.698492462312,1110.53266331658,"HCP","20","pointwise"
21058,3.583847,274,105.698492462312,982.934673366834,"HCP","20","pointwise"
21058,5.404518,322,25.9497487437186,1046.73366834171,"HCP","20","pointwise"
21058,-0.268309,573,392.793969849246,1254.08040201005,"DWR","20","pointwise"
21058,0.268309,686,153.547738693467,1174.33165829146,"DWR","20","pointwise"
21058,0.731006,636,281.145728643216,1094.58291457286,"DWR","20","pointwise"
21058,1.284052,467,233.29648241206,1222.18090452261,"DWR","20","pointwise"
21058,2.299795,306,297.095477386935,1254.08040201005,"DWR","20","pointwise"
21058,3.028063,333,233.29648241206,1062.68341708543,"DWR","20","pointwise"
21058,3.583847,274,73.7989949748744,1110.53266331658,"DWR","20","pointwise"
21058,5.404518,322,121.64824120603,1014.83417085427,"DWR","20","pointwise"
21058,-0.268309,573,424.693467336683,1477.37688442211,"LC","20","pointwise"
21058,0.268309,686,313.045226130653,1254.08040201005,"LC","20","pointwise"
21058,0.731006,636,10,2242.9648241206,"LC","20","pointwise"
21058,1.284052,467,10,1748.52261306533,"LC","20","pointwise"
21058,2.299795,306,10,1939.91959798995,"LC","20","pointwise"
21058,3.028063,333,169.497487437186,1636.8743718593,"LC","20","pointwise"
21058,3.583847,274,73.7989949748744,1062.68341708543,"LC","20","pointwise"
21058,5.404518,322,10,1636.8743718593,"LC","20","pointwise"
21083,-0.793977,1056,249.246231155779,1493.32663316583,"HCP","20","pointwise"
21083,0.240931,635,201.396984924623,1126.4824120603,"HCP","20","pointwise"
21083,0.736482,650,217.346733668342,1062.68341708543,"HCP","20","pointwise"
21083,1.240246,391,153.547738693467,1030.78391959799,"HCP","20","pointwise"
21083,1.713895,205,89.748743718593,998.884422110553,"HCP","20","pointwise"
21083,-0.793977,1056,344.94472361809,1397.62814070352,"DWR","20","pointwise"
21083,0.240931,635,281.145728643216,1222.18090452261,"DWR","20","pointwise"
21083,0.736482,650,217.346733668342,1094.58291457286,"DWR","20","pointwise"
21083,1.240246,391,185.447236180905,1158.38190954774,"DWR","20","pointwise"
21083,1.713895,205,249.246231155779,1126.4824120603,"DWR","20","pointwise"
21083,-0.793977,1056,233.29648241206,1301.92964824121,"LC","20","pointwise"
21083,0.240931,635,360.894472361809,1333.82914572864,"LC","20","pointwise"
21083,0.736482,650,376.844221105528,1222.18090452261,"LC","20","pointwise"
21083,1.240246,391,89.748743718593,1509.27638190955,"LC","20","pointwise"
21083,1.713895,205,233.29648241206,1381.6783919598,"LC","20","pointwise"
21087,-2.516085,1150,281.145728643216,1557.1256281407,"HCP","20","pointwise"
21087,-2.061602,2342,297.095477386935,1541.17587939698,"HCP","20","pointwise"
21087,-1.577002,2540,297.095477386935,1604.97487437186,"HCP","20","pointwise"
21087,-0.555784,1140,297.095477386935,1573.07537688442,"HCP","20","pointwise"
21087,-0.260096,1688,313.045226130653,1477.37688442211,"HCP","20","pointwise"
21087,0.758385,1080,169.497487437186,1110.53266331658,"HCP","20","pointwise"
21087,-2.516085,1150,392.793969849246,1317.87939698492,"DWR","20","pointwise"
21087,-2.061602,2342,360.894472361809,1285.97989949749,"DWR","20","pointwise"
21087,-1.577002,2540,360.894472361809,1397.62814070352,"DWR","20","pointwise"
21087,-0.555784,1140,297.095477386935,1317.87939698492,"DWR","20","pointwise"
21087,-0.260096,1688,568.241206030151,1477.37688442211,"DWR","20","pointwise"
21087,0.758385,1080,153.547738693467,1126.4824120603,"DWR","20","pointwise"
21087,-2.516085,1150,233.29648241206,1397.62814070352,"LC","20","pointwise"
21087,-2.061602,2342,360.894472361809,2019.66834170854,"LC","20","pointwise"
21087,-1.577002,2540,249.246231155779,2019.66834170854,"LC","20","pointwise"
21087,-0.555784,1140,121.64824120603,2530.06030150754,"LC","20","pointwise"
21087,-0.260096,1688,424.693467336683,1317.87939698492,"LC","20","pointwise"
21087,0.758385,1080,185.447236180905,1541.17587939698,"LC","20","pointwise"
21090,-0.257358,846,265.195979899498,1349.77889447236,"HCP","20","pointwise"
21090,0.257358,757,185.447236180905,1238.13065326633,"HCP","20","pointwise"
21090,-0.257358,846,313.045226130653,1206.23115577889,"DWR","20","pointwise"
21090,0.257358,757,153.547738693467,1190.28140703518,"DWR","20","pointwise"
21090,-0.257358,846,328.994974874372,1812.3216080402,"LC","20","pointwise"
21090,0.257358,757,297.095477386935,1365.72864321608,"LC","20","pointwise"
21093,-0.533881,896,344.94472361809,1397.62814070352,"HCP","20","pointwise"
21093,1.03217,390,185.447236180905,1062.68341708543,"HCP","20","pointwise"
21093,1.489391,467,137.597989949749,1030.78391959799,"HCP","20","pointwise"
21093,2.031485,540,105.698492462312,1078.63316582915,"HCP","20","pointwise"
21093,2.587269,335,41.8994974874372,1078.63316582915,"HCP","20","pointwise"
21093,3.991786,279,89.748743718593,966.984924623115,"HCP","20","pointwise"
21093,4.566735,221,89.748743718593,982.934673366834,"HCP","20","pointwise"
21093,-0.533881,896,344.94472361809,1381.6783919598,"DWR","20","pointwise"
21093,1.03217,390,25.9497487437186,1030.78391959799,"DWR","20","pointwise"
21093,1.489391,467,201.396984924623,1158.38190954774,"DWR","20","pointwise"
21093,2.031485,540,121.64824120603,1094.58291457286,"DWR","20","pointwise"
21093,2.587269,335,137.597989949749,1158.38190954774,"DWR","20","pointwise"
21093,3.991786,279,57.8492462311558,1030.78391959799,"DWR","20","pointwise"
21093,4.566735,221,25.9497487437186,1030.78391959799,"DWR","20","pointwise"
21093,-0.533881,896,217.346733668342,1525.22613065327,"LC","20","pointwise"
21093,1.03217,390,185.447236180905,1317.87939698492,"LC","20","pointwise"
21093,1.489391,467,201.396984924623,1270.03015075377,"LC","20","pointwise"
21093,2.031485,540,233.29648241206,1349.77889447236,"LC","20","pointwise"
21093,2.587269,335,57.8492462311558,1365.72864321608,"LC","20","pointwise"
21093,3.991786,279,73.7989949748744,1525.22613065327,"LC","20","pointwise"
21093,4.566735,221,153.547738693467,1222.18090452261,"LC","20","pointwise"
21136,-0.235455,946,313.045226130653,1333.82914572864,"HCP","20","pointwise"
21136,0.240931,473,265.195979899498,1254.08040201005,"HCP","20","pointwise"
21136,1.100616,969,185.447236180905,1062.68341708543,"HCP","20","pointwise"
21136,1.585216,761,153.547738693467,1062.68341708543,"HCP","20","pointwise"
21136,2.116359,669,89.748743718593,1142.43216080402,"HCP","20","pointwise"
21136,2.557153,594,137.597989949749,1014.83417085427,"HCP","20","pointwise"
21136,3.132101,286,89.748743718593,1078.63316582915,"HCP","20","pointwise"
21136,3.59206,243,121.64824120603,966.984924623115,"HCP","20","pointwise"
21136,4.043806,557,25.9497487437186,966.984924623115,"HCP","20","pointwise"
21136,4.550308,329,25.9497487437186,982.934673366834,"HCP","20","pointwise"
21136,-0.235455,946,297.095477386935,1349.77889447236,"DWR","20","pointwise"
21136,0.240931,473,360.894472361809,1222.18090452261,"DWR","20","pointwise"
21136,1.100616,969,137.597989949749,1142.43216080402,"DWR","20","pointwise"
21136,1.585216,761,217.346733668342,1078.63316582915,"DWR","20","pointwise"
21136,2.116359,669,10,1094.58291457286,"DWR","20","pointwise"
21136,2.557153,594,41.8994974874372,1158.38190954774,"DWR","20","pointwise"
21136,3.132101,286,10,1030.78391959799,"DWR","20","pointwise"
21136,3.59206,243,57.8492462311558,951.035175879397,"DWR","20","pointwise"
21136,4.043806,557,185.447236180905,1142.43216080402,"DWR","20","pointwise"
21136,4.550308,329,185.447236180905,1046.73366834171,"DWR","20","pointwise"
21136,-0.235455,946,360.894472361809,1445.47738693467,"LC","20","pointwise"
21136,0.240931,473,376.844221105528,1317.87939698492,"LC","20","pointwise"
21136,1.100616,969,105.698492462312,1620.92462311558,"LC","20","pointwise"
21136,1.585216,761,328.994974874372,1078.63316582915,"LC","20","pointwise"
21136,2.116359,669,10,1349.77889447236,"LC","20","pointwise"
21136,2.557153,594,105.698492462312,1285.97989949749,"LC","20","pointwise"
21136,3.132101,286,153.547738693467,1142.43216080402,"LC","20","pointwise"
21136,3.59206,243,137.597989949749,1254.08040201005,"LC","20","pointwise"
21136,4.043806,557,185.447236180905,919.13567839196,"LC","20","pointwise"
21136,4.550308,329,137.597989949749,1589.02512562814,"LC","20","pointwise"
21194,-1.489391,417,360.894472361809,1333.82914572864,"HCP","20","pointwise"
21194,-0.736482,635,281.145728643216,1557.1256281407,"HCP","20","pointwise"
21194,-0.229979,544,297.095477386935,1557.1256281407,"HCP","20","pointwise"
21194,-1.489391,417,424.693467336683,1349.77889447236,"DWR","20","pointwise"
21194,-0.736482,635,520.391959798995,1604.97487437186,"DWR","20","pointwise"
21194,-0.229979,544,360.894472361809,1333.82914572864,"DWR","20","pointwise"
21194,-1.489391,417,376.844221105528,1301.92964824121,"LC","20","pointwise"
21194,-0.736482,635,137.597989949749,1285.97989949749,"LC","20","pointwise"
21194,-0.229979,544,105.698492462312,1413.57788944724,"LC","20","pointwise"
30007,-0.668036,491,249.246231155779,1285.97989949749,"HCP","20","pointwise"
30007,0.668036,740,169.497487437186,1270.03015075377,"HCP","20","pointwise"
30007,1.169062,885,153.547738693467,982.934673366834,"HCP","20","pointwise"
30007,1.590691,453,153.547738693467,935.085427135678,"HCP","20","pointwise"
30007,2.08898,698,105.698492462312,966.984924623115,"HCP","20","pointwise"
30007,2.644764,796,73.7989949748744,919.13567839196,"HCP","20","pointwise"
30007,3.085558,404,121.64824120603,935.085427135678,"HCP","20","pointwise"
30007,4.082136,422,105.698492462312,919.13567839196,"HCP","20","pointwise"
30007,4.752909,474,137.597989949749,951.035175879397,"HCP","20","pointwise"
30007,-0.668036,491,408.743718592965,1333.82914572864,"DWR","20","pointwise"
30007,0.668036,740,217.346733668342,1158.38190954774,"DWR","20","pointwise"
30007,1.169062,885,153.547738693467,1078.63316582915,"DWR","20","pointwise"
30007,1.590691,453,185.447236180905,1206.23115577889,"DWR","20","pointwise"
30007,2.08898,698,10,1062.68341708543,"DWR","20","pointwise"
30007,2.644764,796,137.597989949749,1030.78391959799,"DWR","20","pointwise"
30007,3.085558,404,153.547738693467,1030.78391959799,"DWR","20","pointwise"
30007,4.082136,422,41.8994974874372,1046.73366834171,"DWR","20","pointwise"
30007,4.752909,474,73.7989949748744,1046.73366834171,"DWR","20","pointwise"
30007,-0.668036,491,121.64824120603,1541.17587939698,"LC","20","pointwise"
30007,0.668036,740,201.396984924623,1317.87939698492,"LC","20","pointwise"
30007,1.169062,885,153.547738693467,1365.72864321608,"LC","20","pointwise"
30007,1.590691,453,265.195979899498,1270.03015075377,"LC","20","pointwise"
30007,2.08898,698,73.7989949748744,1301.92964824121,"LC","20","pointwise"
30007,2.644764,796,249.246231155779,1158.38190954774,"LC","20","pointwise"
30007,3.085558,404,10,1333.82914572864,"LC","20","pointwise"
30007,4.082136,422,185.447236180905,1525.22613065327,"LC","20","pointwise"
30007,4.752909,474,89.748743718593,1174.33165829146,"LC","20","pointwise"
30010,-2.803559,540,328.994974874372,1333.82914572864,"HCP","20","pointwise"
30010,-2.316222,1016,328.994974874372,1333.82914572864,"HCP","20","pointwise"
30010,-1.817933,1132,328.994974874372,1270.03015075377,"HCP","20","pointwise"
30010,-1.297741,796,265.195979899498,1270.03015075377,"HCP","20","pointwise"
30010,-0.747433,1159,249.246231155779,1270.03015075377,"HCP","20","pointwise"
30010,-0.287474,418,217.346733668342,1333.82914572864,"HCP","20","pointwise"
30010,0.80219,114,153.547738693467,1030.78391959799,"HCP","20","pointwise"
30010,-2.803559,540,440.643216080402,1317.87939698492,"DWR","20","pointwise"
30010,-2.316222,1016,392.793969849246,1365.72864321608,"DWR","20","pointwise"
30010,-1.817933,1132,424.693467336683,1317.87939698492,"DWR","20","pointwise"
30010,-1.297741,796,408.743718592965,1413.57788944724,"DWR","20","pointwise"
30010,-0.747433,1159,472.542713567839,1349.77889447236,"DWR","20","pointwise"
30010,-0.287474,418,472.542713567839,1365.72864321608,"DWR","20","pointwise"
30010,0.80219,114,73.7989949748744,1046.73366834171,"DWR","20","pointwise"
30010,-2.803559,540,313.045226130653,1573.07537688442,"LC","20","pointwise"
30010,-2.316222,1016,265.195979899498,1190.28140703518,"LC","20","pointwise"
30010,-1.817933,1132,472.542713567839,1636.8743718593,"LC","20","pointwise"
30010,-1.297741,796,281.145728643216,1301.92964824121,"LC","20","pointwise"
30010,-0.747433,1159,408.743718592965,1652.82412060301,"LC","20","pointwise"
30010,-0.287474,418,185.447236180905,1413.57788944724,"LC","20","pointwise"
30010,0.80219,114,217.346733668342,1397.62814070352,"LC","20","pointwise"
30018,-1.97399,1004,313.045226130653,1333.82914572864,"HCP","20","pointwise"
30018,-1.489391,1471,265.195979899498,1317.87939698492,"HCP","20","pointwise"
30018,-0.747433,932,265.195979899498,1301.92964824121,"HCP","20","pointwise"
30018,0.243669,688,233.29648241206,1254.08040201005,"HCP","20","pointwise"
30018,-1.97399,1004,440.643216080402,1285.97989949749,"DWR","20","pointwise"
30018,-1.489391,1471,360.894472361809,1190.28140703518,"DWR","20","pointwise"
30018,-0.747433,932,392.793969849246,1270.03015075377,"DWR","20","pointwise"
30018,0.243669,688,201.396984924623,1126.4824120603,"DWR","20","pointwise"
30018,-1.97399,1004,344.94472361809,1764.47236180905,"LC","20","pointwise"
30018,-1.489391,1471,10,2083.46733668342,"LC","20","pointwise"
30018,-0.747433,932,392.793969849246,1301.92964824121,"LC","20","pointwise"
30018,0.243669,688,10,1604.97487437186,"LC","20","pointwise"
30024,-2.422998,574,313.045226130653,1429.52763819095,"HCP","20","pointwise"
30024,-1.629021,1302,440.643216080402,1317.87939698492,"HCP","20","pointwise"
30024,-1.117043,540,408.743718592965,1333.82914572864,"HCP","20","pointwise"
30024,-0.613279,1115,344.94472361809,1429.52763819095,"HCP","20","pointwise"
30024,-0.229979,914,297.095477386935,1429.52763819095,"HCP","20","pointwise"
30024,0.229979,1096,297.095477386935,1317.87939698492,"HCP","20","pointwise"
30024,1.073238,969,153.547738693467,1110.53266331658,"HCP","20","pointwise"
30024,1.623546,699,73.7989949748744,982.934673366834,"HCP","20","pointwise"
30024,2.121834,703,10,1030.78391959799,"HCP","20","pointwise"
30024,2.620123,613,10,1094.58291457286,"HCP","20","pointwise"
30024,-2.422998,574,408.743718592965,1365.72864321608,"DWR","20","pointwise"
30024,-1.629021,1302,360.894472361809,1317.87939698492,"DWR","20","pointwise"
30024,-1.117043,540,344.94472361809,1413.57788944724,"DWR","20","pointwise"
30024,-0.613279,1115,233.29648241206,1222.18090452261,"DWR","20","pointwise"
30024,-0.229979,914,265.195979899498,1206.23115577889,"DWR","20","pointwise"
30024,0.229979,1096,328.994974874372,1158.38190954774,"DWR","20","pointwise"
30024,1.073238,969,25.9497487437186,1174.33165829146,"DWR","20","pointwise"
30024,1.623546,699,313.045226130653,1238.13065326633,"DWR","20","pointwise"
30024,2.121834,703,137.597989949749,1062.68341708543,"DWR","20","pointwise"
30024,2.620123,613,153.547738693467,1046.73366834171,"DWR","20","pointwise"
30024,-2.422998,574,328.994974874372,1333.82914572864,"LC","20","pointwise"
30024,-1.629021,1302,313.045226130653,1477.37688442211,"LC","20","pointwise"
30024,-1.117043,540,121.64824120603,1509.27638190955,"LC","20","pointwise"
30024,-0.613279,1115,344.94472361809,1254.08040201005,"LC","20","pointwise"
30024,-0.229979,914,281.145728643216,1349.77889447236,"LC","20","pointwise"
30024,0.229979,1096,121.64824120603,1174.33165829146,"LC","20","pointwise"
30024,1.073238,969,217.346733668342,1477.37688442211,"LC","20","pointwise"
30024,1.623546,699,217.346733668342,1254.08040201005,"LC","20","pointwise"
30024,2.121834,703,169.497487437186,1381.6783919598,"LC","20","pointwise"
30024,2.620123,613,249.246231155779,1317.87939698492,"LC","20","pointwise"
30038,-0.276523,1342,249.246231155779,1493.32663316583,"HCP","20","pointwise"
30038,0.262834,718,153.547738693467,1285.97989949749,"HCP","20","pointwise"
30038,0.799452,413,89.748743718593,1094.58291457286,"HCP","20","pointwise"
30038,1.524983,633,73.7989949748744,998.884422110553,"HCP","20","pointwise"
30038,4.016427,458,73.7989949748744,919.13567839196,"HCP","20","pointwise"
30038,-0.276523,1342,440.643216080402,1317.87939698492,"DWR","20","pointwise"
30038,0.262834,718,344.94472361809,1317.87939698492,"DWR","20","pointwise"
30038,0.799452,413,217.346733668342,1270.03015075377,"DWR","20","pointwise"
30038,1.524983,633,185.447236180905,935.085427135678,"DWR","20","pointwise"
30038,4.016427,458,121.64824120603,1030.78391959799,"DWR","20","pointwise"
30038,-0.276523,1342,137.597989949749,1604.97487437186,"LC","20","pointwise"
30038,0.262834,718,137.597989949749,1509.27638190955,"LC","20","pointwise"
30038,0.799452,413,10,1764.47236180905,"LC","20","pointwise"
30038,1.524983,633,233.29648241206,1748.52261306533,"LC","20","pointwise"
30038,4.016427,458,169.497487437186,1174.33165829146,"LC","20","pointwise"
30046,-2.984257,467,344.94472361809,1461.42713567839,"HCP","20","pointwise"
30046,-2.576318,539,408.743718592965,1429.52763819095,"HCP","20","pointwise"
30046,-2.094456,841,456.592964824121,1365.72864321608,"HCP","20","pointwise"
30046,-1.596167,970,504.442211055276,1445.47738693467,"HCP","20","pointwise"
30046,-1.180014,1054,456.592964824121,1461.42713567839,"HCP","20","pointwise"
30046,-0.758385,718,360.894472361809,1445.47738693467,"HCP","20","pointwise"
30046,-0.298426,770,313.045226130653,1429.52763819095,"HCP","20","pointwise"
30046,0.298426,738,281.145728643216,1190.28140703518,"HCP","20","pointwise"
30046,0.854209,593,121.64824120603,1094.58291457286,"HCP","20","pointwise"
30046,-2.984257,467,376.844221105528,1365.72864321608,"DWR","20","pointwise"
30046,-2.576318,539,424.693467336683,1397.62814070352,"DWR","20","pointwise"
30046,-2.094456,841,281.145728643216,1333.82914572864,"DWR","20","pointwise"
30046,-1.596167,970,440.643216080402,1381.6783919598,"DWR","20","pointwise"
30046,-1.180014,1054,488.492462311558,1397.62814070352,"DWR","20","pointwise"
30046,-0.758385,718,440.643216080402,1285.97989949749,"DWR","20","pointwise"
30046,-0.298426,770,281.145728643216,1381.6783919598,"DWR","20","pointwise"
30046,0.298426,738,249.246231155779,1254.08040201005,"DWR","20","pointwise"
30046,0.854209,593,313.045226130653,1317.87939698492,"DWR","20","pointwise"
30046,-2.984257,467,344.94472361809,1317.87939698492,"LC","20","pointwise"
30046,-2.576318,539,10,2067.5175879397,"LC","20","pointwise"
30046,-2.094456,841,153.547738693467,1445.47738693467,"LC","20","pointwise"
30046,-1.596167,970,328.994974874372,1381.6783919598,"LC","20","pointwise"
30046,-1.180014,1054,456.592964824121,1254.08040201005,"LC","20","pointwise"
30046,-0.758385,718,392.793969849246,1620.92462311558,"LC","20","pointwise"
30046,-0.298426,770,328.994974874372,1636.8743718593,"LC","20","pointwise"
30046,0.298426,738,328.994974874372,1493.32663316583,"LC","20","pointwise"
30046,0.854209,593,233.29648241206,1365.72864321608,"LC","20","pointwise"
30048,-0.249144,547,281.145728643216,1365.72864321608,"HCP","20","pointwise"
30048,0.249144,228,201.396984924623,1238.13065326633,"HCP","20","pointwise"
30048,0.750171,391,105.698492462312,1062.68341708543,"HCP","20","pointwise"
30048,1.234771,361,41.8994974874372,966.984924623115,"HCP","20","pointwise"
30048,1.601643,288,73.7989949748744,951.035175879397,"HCP","20","pointwise"
30048,2.954141,197,105.698492462312,919.13567839196,"HCP","20","pointwise"
30048,4.065709,39,10,951.035175879397,"HCP","20","pointwise"
30048,-0.249144,547,281.145728643216,1222.18090452261,"DWR","20","pointwise"
30048,0.249144,228,313.045226130653,1254.08040201005,"DWR","20","pointwise"
30048,0.750171,391,185.447236180905,1238.13065326633,"DWR","20","pointwise"
30048,1.234771,361,121.64824120603,1270.03015075377,"DWR","20","pointwise"
30048,1.601643,288,153.547738693467,1062.68341708543,"DWR","20","pointwise"
30048,2.954141,197,169.497487437186,1014.83417085427,"DWR","20","pointwise"
30048,4.065709,39,137.597989949749,1046.73366834171,"DWR","20","pointwise"
30048,-0.249144,547,89.748743718593,1908.02010050251,"LC","20","pointwise"
30048,0.249144,228,73.7989949748744,1557.1256281407,"LC","20","pointwise"
30048,0.750171,391,297.095477386935,1381.6783919598,"LC","20","pointwise"
30048,1.234771,361,185.447236180905,1222.18090452261,"LC","20","pointwise"
30048,1.601643,288,137.597989949749,1365.72864321608,"LC","20","pointwise"
30048,2.954141,197,281.145728643216,1365.72864321608,"LC","20","pointwise"
30048,4.065709,39,10,1270.03015075377,"LC","20","pointwise"
30049,-1.746749,1328,313.045226130653,1254.08040201005,"HCP","20","pointwise"
30049,-1.32512,1678,265.195979899498,1285.97989949749,"HCP","20","pointwise"
30049,-0.788501,1087,297.095477386935,1349.77889447236,"HCP","20","pointwise"
30049,-0.249144,1407,105.698492462312,1238.13065326633,"HCP","20","pointwise"
30049,0.249144,944,169.497487437186,1206.23115577889,"HCP","20","pointwise"
30049,-1.746749,1328,233.29648241206,1254.08040201005,"DWR","20","pointwise"
30049,-1.32512,1678,360.894472361809,1254.08040201005,"DWR","20","pointwise"
30049,-0.788501,1087,360.894472361809,1525.22613065327,"DWR","20","pointwise"
30049,-0.249144,1407,392.793969849246,1349.77889447236,"DWR","20","pointwise"
30049,0.249144,944,297.095477386935,1174.33165829146,"DWR","20","pointwise"
30049,-1.746749,1328,89.748743718593,1317.87939698492,"LC","20","pointwise"
30049,-1.32512,1678,169.497487437186,1349.77889447236,"LC","20","pointwise"
30049,-0.788501,1087,281.145728643216,1254.08040201005,"LC","20","pointwise"
30049,-0.249144,1407,313.045226130653,1477.37688442211,"LC","20","pointwise"
30049,0.249144,944,233.29648241206,1349.77889447236,"LC","20","pointwise"
30050,-1.226557,980,392.793969849246,1349.77889447236,"HCP","20","pointwise"
30050,-0.747433,508,344.94472361809,1365.72864321608,"HCP","20","pointwise"
30050,-0.240931,1306,249.246231155779,1365.72864321608,"HCP","20","pointwise"
30050,0.240931,1164,217.346733668342,1317.87939698492,"HCP","20","pointwise"
30050,0.659822,917,121.64824120603,1078.63316582915,"HCP","20","pointwise"
30050,1.081451,760,121.64824120603,1030.78391959799,"HCP","20","pointwise"
30050,1.609856,803,121.64824120603,966.984924623115,"HCP","20","pointwise"
30050,2.069815,795,153.547738693467,919.13567839196,"HCP","20","pointwise"
30050,2.587269,876,137.597989949749,935.085427135678,"HCP","20","pointwise"
30050,3.321013,605,137.597989949749,919.13567839196,"HCP","20","pointwise"
30050,3.86037,284,137.597989949749,903.185929648241,"HCP","20","pointwise"
30050,-1.226557,980,392.793969849246,1333.82914572864,"DWR","20","pointwise"
30050,-0.747433,508,472.542713567839,1445.47738693467,"DWR","20","pointwise"
30050,-0.240931,1306,185.447236180905,1270.03015075377,"DWR","20","pointwise"
30050,0.240931,1164,233.29648241206,1206.23115577889,"DWR","20","pointwise"
30050,0.659822,917,185.447236180905,1110.53266331658,"DWR","20","pointwise"
30050,1.081451,760,265.195979899498,1110.53266331658,"DWR","20","pointwise"
30050,1.609856,803,201.396984924623,1014.83417085427,"DWR","20","pointwise"
30050,2.069815,795,89.748743718593,982.934673366834,"DWR","20","pointwise"
30050,2.587269,876,57.8492462311558,1094.58291457286,"DWR","20","pointwise"
30050,3.321013,605,73.7989949748744,1030.78391959799,"DWR","20","pointwise"
30050,3.86037,284,137.597989949749,1046.73366834171,"DWR","20","pointwise"
30050,-1.226557,980,472.542713567839,1525.22613065327,"LC","20","pointwise"
30050,-0.747433,508,265.195979899498,1397.62814070352,"LC","20","pointwise"
30050,-0.240931,1306,408.743718592965,1317.87939698492,"LC","20","pointwise"
30050,0.240931,1164,10,1604.97487437186,"LC","20","pointwise"
30050,0.659822,917,217.346733668342,1397.62814070352,"LC","20","pointwise"
30050,1.081451,760,313.045226130653,1062.68341708543,"LC","20","pointwise"
30050,1.609856,803,153.547738693467,1317.87939698492,"LC","20","pointwise"
30050,2.069815,795,169.497487437186,1078.63316582915,"LC","20","pointwise"
30050,2.587269,876,281.145728643216,1094.58291457286,"LC","20","pointwise"
30050,3.321013,605,25.9497487437186,1206.23115577889,"LC","20","pointwise"
30050,3.86037,284,121.64824120603,1509.27638190955,"LC","20","pointwise"
30051,-2.710472,806,360.894472361809,1381.6783919598,"HCP","20","pointwise"
30051,-1.418207,619,360.894472361809,1285.97989949749,"HCP","20","pointwise"
30051,-0.728268,664,376.844221105528,1254.08040201005,"HCP","20","pointwise"
30051,-0.325804,436,313.045226130653,1254.08040201005,"HCP","20","pointwise"
30051,0.325804,450,233.29648241206,1174.33165829146,"HCP","20","pointwise"
30051,-2.710472,806,360.894472361809,1349.77889447236,"DWR","20","pointwise"
30051,-1.418207,619,376.844221105528,1254.08040201005,"DWR","20","pointwise"
30051,-0.728268,664,328.994974874372,1222.18090452261,"DWR","20","pointwise"
30051,-0.325804,436,392.793969849246,1222.18090452261,"DWR","20","pointwise"
30051,0.325804,450,249.246231155779,1238.13065326633,"DWR","20","pointwise"
30051,-2.710472,806,185.447236180905,1381.6783919598,"LC","20","pointwise"
30051,-1.418207,619,41.8994974874372,1509.27638190955,"LC","20","pointwise"
30051,-0.728268,664,249.246231155779,1589.02512562814,"LC","20","pointwise"
30051,-0.325804,436,137.597989949749,1604.97487437186,"LC","20","pointwise"
30051,0.325804,450,281.145728643216,1620.92462311558,"LC","20","pointwise"
30069,-2.327173,879,297.095477386935,1429.52763819095,"HCP","20","pointwise"
30069,-1.921971,1215,344.94472361809,1525.22613065327,"HCP","20","pointwise"
30069,-1.404517,1184,328.994974874372,1477.37688442211,"HCP","20","pointwise"
30069,-0.829569,984,265.195979899498,1365.72864321608,"HCP","20","pointwise"
30069,-0.284736,1200,233.29648241206,1349.77889447236,"HCP","20","pointwise"
30069,-2.327173,879,424.693467336683,1349.77889447236,"DWR","20","pointwise"
30069,-1.921971,1215,472.542713567839,1365.72864321608,"DWR","20","pointwise"
30069,-1.404517,1184,408.743718592965,1365.72864321608,"DWR","20","pointwise"
30069,-0.829569,984,297.095477386935,1333.82914572864,"DWR","20","pointwise"
30069,-0.284736,1200,408.743718592965,1397.62814070352,"DWR","20","pointwise"
30069,-2.327173,879,249.246231155779,1190.28140703518,"LC","20","pointwise"
30069,-1.921971,1215,25.9497487437186,1509.27638190955,"LC","20","pointwise"
30069,-1.404517,1184,201.396984924623,1381.6783919598,"LC","20","pointwise"
30069,-0.829569,984,360.894472361809,1413.57788944724,"LC","20","pointwise"
30069,-0.284736,1200,313.045226130653,1206.23115577889,"LC","20","pointwise"
30075,-0.832307,768,313.045226130653,1573.07537688442,"HCP","20","pointwise"
30075,-0.238193,656,233.29648241206,1493.32663316583,"HCP","20","pointwise"
30075,0.238193,511,201.396984924623,1365.72864321608,"HCP","20","pointwise"
30075,0.698152,710,121.64824120603,1254.08040201005,"HCP","20","pointwise"
30075,1.0705,641,89.748743718593,1206.23115577889,"HCP","20","pointwise"
30075,2.425736,916,57.8492462311558,1158.38190954774,"HCP","20","pointwise"
30075,-0.832307,768,360.894472361809,1365.72864321608,"DWR","20","pointwise"
30075,-0.238193,656,344.94472361809,1206.23115577889,"DWR","20","pointwise"
30075,0.238193,511,360.894472361809,1317.87939698492,"DWR","20","pointwise"
30075,0.698152,710,153.547738693467,1190.28140703518,"DWR","20","pointwise"
30075,1.0705,641,10,1206.23115577889,"DWR","20","pointwise"
30075,2.425736,916,169.497487437186,1078.63316582915,"DWR","20","pointwise"
30075,-0.832307,768,185.447236180905,1923.96984924623,"LC","20","pointwise"
30075,-0.238193,656,392.793969849246,1285.97989949749,"LC","20","pointwise"
30075,0.238193,511,137.597989949749,1397.62814070352,"LC","20","pointwise"
30075,0.698152,710,57.8492462311558,1190.28140703518,"LC","20","pointwise"
30075,1.0705,641,265.195979899498,1748.52261306533,"LC","20","pointwise"
30075,2.425736,916,10,2227.01507537688,"LC","20","pointwise"
30083,-1.549623,875,297.095477386935,1413.57788944724,"HCP","20","pointwise"
30083,-0.621492,972,344.94472361809,1429.52763819095,"HCP","20","pointwise"
30083,0.621492,609,217.346733668342,1174.33165829146,"HCP","20","pointwise"
30083,-1.549623,875,376.844221105528,1333.82914572864,"DWR","20","pointwise"
30083,-0.621492,972,392.793969849246,1285.97989949749,"DWR","20","pointwise"
30083,0.621492,609,233.29648241206,1174.33165829146,"DWR","20","pointwise"
30083,-1.549623,875,137.597989949749,1445.47738693467,"LC","20","pointwise"
30083,-0.621492,972,281.145728643216,1732.57286432161,"LC","20","pointwise"
30083,0.621492,609,10,1589.02512562814,"LC","20","pointwise"
30101,-0.720055,839,297.095477386935,1317.87939698492,"HCP","20","pointwise"
30101,-0.251882,1357,281.145728643216,1317.87939698492,"HCP","20","pointwise"
30101,0.251882,1138,265.195979899498,1254.08040201005,"HCP","20","pointwise"
30101,0.689938,1018,169.497487437186,1158.38190954774,"HCP","20","pointwise"
30101,1.782341,1129,137.597989949749,1014.83417085427,"HCP","20","pointwise"
30101,2.16564,968,89.748743718593,1014.83417085427,"HCP","20","pointwise"
30101,2.606434,950,25.9497487437186,1014.83417085427,"HCP","20","pointwise"
30101,3.104723,1005,10,1014.83417085427,"HCP","20","pointwise"
30101,3.586585,1125,57.8492462311558,1014.83417085427,"HCP","20","pointwise"
30101,4.084873,914,73.7989949748744,951.035175879397,"HCP","20","pointwise"
30101,-0.720055,839,297.095477386935,1285.97989949749,"DWR","20","pointwise"
30101,-0.251882,1357,344.94472361809,1270.03015075377,"DWR","20","pointwise"
30101,0.251882,1138,185.447236180905,1238.13065326633,"DWR","20","pointwise"
30101,0.689938,1018,313.045226130653,1142.43216080402,"DWR","20","pointwise"
30101,1.782341,1129,137.597989949749,1126.4824120603,"DWR","20","pointwise"
30101,2.16564,968,89.748743718593,1078.63316582915,"DWR","20","pointwise"
30101,2.606434,950,185.447236180905,1158.38190954774,"DWR","20","pointwise"
30101,3.104723,1005,121.64824120603,1046.73366834171,"DWR","20","pointwise"
30101,3.586585,1125,73.7989949748744,1110.53266331658,"DWR","20","pointwise"
30101,4.084873,914,137.597989949749,1174.33165829146,"DWR","20","pointwise"
30101,-0.720055,839,153.547738693467,1700.67336683417,"LC","20","pointwise"
30101,-0.251882,1357,297.095477386935,1397.62814070352,"LC","20","pointwise"
30101,0.251882,1138,249.246231155779,1796.37185929648,"LC","20","pointwise"
30101,0.689938,1018,265.195979899498,1094.58291457286,"LC","20","pointwise"
30101,1.782341,1129,328.994974874372,1174.33165829146,"LC","20","pointwise"
30101,2.16564,968,233.29648241206,1429.52763819095,"LC","20","pointwise"
30101,2.606434,950,137.597989949749,1365.72864321608,"LC","20","pointwise"
30101,3.104723,1005,217.346733668342,1126.4824120603,"LC","20","pointwise"
30101,3.586585,1125,153.547738693467,1142.43216080402,"LC","20","pointwise"
30101,4.084873,914,89.748743718593,1190.28140703518,"LC","20","pointwise"
30119,-2.053388,2407,344.94472361809,1429.52763819095,"HCP","20","pointwise"
30119,-1.533196,1082,313.045226130653,1493.32663316583,"HCP","20","pointwise"
30119,-1.034908,945,344.94472361809,1525.22613065327,"HCP","20","pointwise"
30119,-0.574949,1166,281.145728643216,1493.32663316583,"HCP","20","pointwise"
30119,-0.210815,1279,249.246231155779,1493.32663316583,"HCP","20","pointwise"
30119,0.210815,1085,281.145728643216,1429.52763819095,"HCP","20","pointwise"
30119,0.689938,1176,153.547738693467,1174.33165829146,"HCP","20","pointwise"
30119,1.418207,1190,41.8994974874372,1158.38190954774,"HCP","20","pointwise"
30119,1.839836,1379,89.748743718593,1142.43216080402,"HCP","20","pointwise"
30119,2.42026,831,41.8994974874372,1110.53266331658,"HCP","20","pointwise"
30119,2.937714,821,10,1238.13065326633,"HCP","20","pointwise"
30119,3.474333,840,10,1078.63316582915,"HCP","20","pointwise"
30119,-2.053388,2407,360.894472361809,1381.6783919598,"DWR","20","pointwise"
30119,-1.533196,1082,392.793969849246,1270.03015075377,"DWR","20","pointwise"
30119,-1.034908,945,600.140703517588,1445.47738693467,"DWR","20","pointwise"
30119,-0.574949,1166,392.793969849246,1333.82914572864,"DWR","20","pointwise"
30119,-0.210815,1279,153.547738693467,1222.18090452261,"DWR","20","pointwise"
30119,0.210815,1085,344.94472361809,1222.18090452261,"DWR","20","pointwise"
30119,0.689938,1176,217.346733668342,1126.4824120603,"DWR","20","pointwise"
30119,1.418207,1190,137.597989949749,1094.58291457286,"DWR","20","pointwise"
30119,1.839836,1379,121.64824120603,1158.38190954774,"DWR","20","pointwise"
30119,2.42026,831,10,1030.78391959799,"DWR","20","pointwise"
30119,2.937714,821,73.7989949748744,998.884422110553,"DWR","20","pointwise"
30119,3.474333,840,41.8994974874372,1078.63316582915,"DWR","20","pointwise"
30119,-2.053388,2407,328.994974874372,1780.42211055276,"LC","20","pointwise"
30119,-1.533196,1082,552.291457286432,2131.31658291457,"LC","20","pointwise"
30119,-1.034908,945,57.8492462311558,2306.76381909548,"LC","20","pointwise"
30119,-0.574949,1166,233.29648241206,2051.56783919598,"LC","20","pointwise"
30119,-0.210815,1279,201.396984924623,1620.92462311558,"LC","20","pointwise"
30119,0.210815,1085,233.29648241206,2546.01005025126,"LC","20","pointwise"
30119,0.689938,1176,121.64824120603,1429.52763819095,"LC","20","pointwise"
30119,1.418207,1190,10,1748.52261306533,"LC","20","pointwise"
30119,1.839836,1379,10,1285.97989949749,"LC","20","pointwise"
30119,2.42026,831,169.497487437186,1748.52261306533,"LC","20","pointwise"
30119,2.937714,821,169.497487437186,1493.32663316583,"LC","20","pointwise"
30119,3.474333,840,121.64824120603,1222.18090452261,"LC","20","pointwise"
30122,-2.798084,831,265.195979899498,1365.72864321608,"HCP","20","pointwise"
30122,2.798084,622,137.597989949749,951.035175879397,"HCP","20","pointwise"
30122,-2.798084,831,472.542713567839,1381.6783919598,"DWR","20","pointwise"
30122,2.798084,622,217.346733668342,1174.33165829146,"DWR","20","pointwise"
30122,-2.798084,831,217.346733668342,1509.27638190955,"LC","20","pointwise"
30122,2.798084,622,233.29648241206,1126.4824120603,"LC","20","pointwise"
30132,-2.532512,504,297.095477386935,1445.47738693467,"HCP","20","pointwise"
30132,-2.110883,695,313.045226130653,1349.77889447236,"HCP","20","pointwise"
30132,-1.708419,900,313.045226130653,1317.87939698492,"HCP","20","pointwise"
30132,-1.24846,665,313.045226130653,1381.6783919598,"HCP","20","pointwise"
30132,-0.249144,1166,297.095477386935,1333.82914572864,"HCP","20","pointwise"
30132,0.249144,274,233.29648241206,1270.03015075377,"HCP","20","pointwise"
30132,-2.532512,504,328.994974874372,1349.77889447236,"DWR","20","pointwise"
30132,-2.110883,695,520.391959798995,1397.62814070352,"DWR","20","pointwise"
30132,-1.708419,900,313.045226130653,1317.87939698492,"DWR","20","pointwise"
30132,-1.24846,665,201.396984924623,1317.87939698492,"DWR","20","pointwise"
30132,-0.249144,1166,408.743718592965,1301.92964824121,"DWR","20","pointwise"
30132,0.249144,274,217.346733668342,1317.87939698492,"DWR","20","pointwise"
30132,-2.532512,504,424.693467336683,1397.62814070352,"LC","20","pointwise"
30132,-2.110883,695,408.743718592965,1716.62311557789,"LC","20","pointwise"
30132,-1.708419,900,456.592964824121,1333.82914572864,"LC","20","pointwise"
30132,-1.24846,665,408.743718592965,1461.42713567839,"LC","20","pointwise"
30132,-0.249144,1166,408.743718592965,1397.62814070352,"LC","20","pointwise"
30132,0.249144,274,73.7989949748744,1525.22613065327,"LC","20","pointwise"
30133,-1.535934,973,328.994974874372,1477.37688442211,"HCP","20","pointwise"
30133,-1.002053,948,313.045226130653,1525.22613065327,"HCP","20","pointwise"
30133,-0.520192,595,328.994974874372,1573.07537688442,"HCP","20","pointwise"
30133,0.520192,729,169.497487437186,1285.97989949749,"HCP","20","pointwise"
30133,0.980151,994,105.698492462312,1078.63316582915,"HCP","20","pointwise"
30133,2.047912,858,10,1222.18090452261,"HCP","20","pointwise"
30133,2.469541,482,10,1285.97989949749,"HCP","20","pointwise"
30133,3.449692,553,10,1206.23115577889,"HCP","20","pointwise"
30133,3.989048,787,10,1190.28140703518,"HCP","20","pointwise"
30133,-1.535934,973,408.743718592965,1285.97989949749,"DWR","20","pointwise"
30133,-1.002053,948,297.095477386935,1381.6783919598,"DWR","20","pointwise"
30133,-0.520192,595,408.743718592965,1285.97989949749,"DWR","20","pointwise"
30133,0.520192,729,233.29648241206,1142.43216080402,"DWR","20","pointwise"
30133,0.980151,994,233.29648241206,1206.23115577889,"DWR","20","pointwise"
30133,2.047912,858,137.597989949749,1094.58291457286,"DWR","20","pointwise"
30133,2.469541,482,137.597989949749,1174.33165829146,"DWR","20","pointwise"
30133,3.449692,553,73.7989949748744,1078.63316582915,"DWR","20","pointwise"
30133,3.989048,787,137.597989949749,1046.73366834171,"DWR","20","pointwise"
30133,-1.535934,973,10,2051.56783919598,"LC","20","pointwise"
30133,-1.002053,948,10,1923.96984924623,"LC","20","pointwise"
30133,-0.520192,595,217.346733668342,1636.8743718593,"LC","20","pointwise"
30133,0.520192,729,153.547738693467,1445.47738693467,"LC","20","pointwise"
30133,0.980151,994,105.698492462312,1732.57286432161,"LC","20","pointwise"
30133,2.047912,858,10,2179.16582914573,"LC","20","pointwise"
30133,2.469541,482,73.7989949748744,1541.17587939698,"LC","20","pointwise"
30133,3.449692,553,10,1270.03015075377,"LC","20","pointwise"
30133,3.989048,787,10,1413.57788944724,"LC","20","pointwise"
30135,-0.752909,1869,344.94472361809,1573.07537688442,"HCP","20","pointwise"
30135,-0.251882,2128,344.94472361809,1604.97487437186,"HCP","20","pointwise"
30135,0.249144,1407,249.246231155779,1461.42713567839,"HCP","20","pointwise"
30135,0.728268,1071,137.597989949749,1301.92964824121,"HCP","20","pointwise"
30135,1.127995,1140,137.597989949749,1078.63316582915,"HCP","20","pointwise"
30135,1.519507,757,105.698492462312,1110.53266331658,"HCP","20","pointwise"
30135,2.020534,799,57.8492462311558,1062.68341708543,"HCP","20","pointwise"
30135,2.480493,673,41.8994974874372,1030.78391959799,"HCP","20","pointwise"
30135,-0.752909,1869,408.743718592965,1413.57788944724,"DWR","20","pointwise"
30135,-0.251882,2128,297.095477386935,1301.92964824121,"DWR","20","pointwise"
30135,0.249144,1407,249.246231155779,1190.28140703518,"DWR","20","pointwise"
30135,0.728268,1071,281.145728643216,1174.33165829146,"DWR","20","pointwise"
30135,1.127995,1140,89.748743718593,1110.53266331658,"DWR","20","pointwise"
30135,1.519507,757,137.597989949749,1078.63316582915,"DWR","20","pointwise"
30135,2.020534,799,137.597989949749,1062.68341708543,"DWR","20","pointwise"
30135,2.480493,673,89.748743718593,1062.68341708543,"DWR","20","pointwise"
30135,-0.752909,1869,105.698492462312,1636.8743718593,"LC","20","pointwise"
30135,-0.251882,2128,281.145728643216,1589.02512562814,"LC","20","pointwise"
30135,0.249144,1407,10,1557.1256281407,"LC","20","pointwise"
30135,0.728268,1071,344.94472361809,1222.18090452261,"LC","20","pointwise"
30135,1.127995,1140,25.9497487437186,1445.47738693467,"LC","20","pointwise"
30135,1.519507,757,41.8994974874372,2083.46733668342,"LC","20","pointwise"
30135,2.020534,799,137.597989949749,1158.38190954774,"LC","20","pointwise"
30135,2.480493,673,153.547738693467,1381.6783919598,"LC","20","pointwise"
30148,-0.265572,1479,217.346733668342,1397.62814070352,"HCP","20","pointwise"
30148,0.260096,3015,153.547738693467,1270.03015075377,"HCP","20","pointwise"
30148,0.758385,892,10,1142.43216080402,"HCP","20","pointwise"
30148,1.237509,1061,121.64824120603,1126.4824120603,"HCP","20","pointwise"
30148,1.601643,953,121.64824120603,1285.97989949749,"HCP","20","pointwise"
30148,2.138262,983,57.8492462311558,1126.4824120603,"HCP","20","pointwise"
30148,3.096509,1054,105.698492462312,1062.68341708543,"HCP","20","pointwise"
30148,3.66872,1098,73.7989949748744,1126.4824120603,"HCP","20","pointwise"
30148,4.399726,793,105.698492462312,919.13567839196,"HCP","20","pointwise"
30148,-0.265572,1479,360.894472361809,1254.08040201005,"DWR","20","pointwise"
30148,0.260096,3015,201.396984924623,1206.23115577889,"DWR","20","pointwise"
30148,0.758385,892,217.346733668342,1078.63316582915,"DWR","20","pointwise"
30148,1.237509,1061,121.64824120603,1158.38190954774,"DWR","20","pointwise"
30148,1.601643,953,185.447236180905,1094.58291457286,"DWR","20","pointwise"
30148,2.138262,983,201.396984924623,1094.58291457286,"DWR","20","pointwise"
30148,3.096509,1054,249.246231155779,1222.18090452261,"DWR","20","pointwise"
30148,3.66872,1098,73.7989949748744,998.884422110553,"DWR","20","pointwise"
30148,4.399726,793,57.8492462311558,1062.68341708543,"DWR","20","pointwise"
30148,-0.265572,1479,297.095477386935,1509.27638190955,"LC","20","pointwise"
30148,0.260096,3015,344.94472361809,1716.62311557789,"LC","20","pointwise"
30148,0.758385,892,10,2019.66834170854,"LC","20","pointwise"
30148,1.237509,1061,249.246231155779,1636.8743718593,"LC","20","pointwise"
30148,1.601643,953,10,1541.17587939698,"LC","20","pointwise"
30148,2.138262,983,233.29648241206,1413.57788944724,"LC","20","pointwise"
30148,3.096509,1054,201.396984924623,1477.37688442211,"LC","20","pointwise"
30148,3.66872,1098,201.396984924623,1062.68341708543,"LC","20","pointwise"
30148,4.399726,793,10,1285.97989949749,"LC","20","pointwise"
30173,-0.747433,1876,169.497487437186,1429.52763819095,"HCP","20","pointwise"
30173,-0.232717,1254,249.246231155779,1589.02512562814,"HCP","20","pointwise"
30173,-0.747433,1876,504.442211055276,1429.52763819095,"DWR","20","pointwise"
30173,-0.232717,1254,105.698492462312,1413.57788944724,"DWR","20","pointwise"
30173,-0.747433,1876,376.844221105528,1780.42211055276,"LC","20","pointwise"
30173,-0.232717,1254,313.045226130653,1509.27638190955,"LC","20","pointwise"
30177,0.251882,428,89.748743718593,1190.28140703518,"HCP","20","pointwise"
30177,0.251882,428,169.497487437186,1206.23115577889,"DWR","20","pointwise"
30177,0.251882,428,344.94472361809,1429.52763819095,"LC","20","pointwise"
30179,0.194387,662,233.29648241206,1238.13065326633,"HCP","20","pointwise"
30179,1.629021,780,57.8492462311558,998.884422110553,"HCP","20","pointwise"
30179,0.194387,662,297.095477386935,1142.43216080402,"DWR","20","pointwise"
30179,1.629021,780,169.497487437186,1110.53266331658,"DWR","20","pointwise"
30179,0.194387,662,265.195979899498,1445.47738693467,"LC","20","pointwise"
30179,1.629021,780,297.095477386935,1142.43216080402,"LC","20","pointwise"
30183,-2.989733,814,265.195979899498,1493.32663316583,"HCP","20","pointwise"
30183,-1.897331,1226,201.396984924623,1525.22613065327,"HCP","20","pointwise"
30183,-1.303217,1637,281.145728643216,1397.62814070352,"HCP","20","pointwise"
30183,-0.785763,1435,281.145728643216,1349.77889447236,"HCP","20","pointwise"
30183,-0.268309,1437,297.095477386935,1413.57788944724,"HCP","20","pointwise"
30183,0.268309,906,265.195979899498,1190.28140703518,"HCP","20","pointwise"
30183,-2.989733,814,408.743718592965,1349.77889447236,"DWR","20","pointwise"
30183,-1.897331,1226,344.94472361809,1365.72864321608,"DWR","20","pointwise"
30183,-1.303217,1637,344.94472361809,1270.03015075377,"DWR","20","pointwise"
30183,-0.785763,1435,265.195979899498,1413.57788944724,"DWR","20","pointwise"
30183,-0.268309,1437,376.844221105528,1333.82914572864,"DWR","20","pointwise"
30183,0.268309,906,169.497487437186,1254.08040201005,"DWR","20","pointwise"
30183,-2.989733,814,41.8994974874372,1955.86934673367,"LC","20","pointwise"
30183,-1.897331,1226,121.64824120603,1684.72361809045,"LC","20","pointwise"
30183,-1.303217,1637,297.095477386935,1317.87939698492,"LC","20","pointwise"
30183,-0.785763,1435,360.894472361809,1365.72864321608,"LC","20","pointwise"
30183,-0.268309,1437,360.894472361809,1365.72864321608,"LC","20","pointwise"
30183,0.268309,906,297.095477386935,1285.97989949749,"LC","20","pointwise"
30193,-2.529774,886,249.246231155779,1413.57788944724,"HCP","20","pointwise"
30193,-2.031485,1046,185.447236180905,1477.37688442211,"HCP","20","pointwise"
30193,-1.533196,1210,265.195979899498,1413.57788944724,"HCP","20","pointwise"
30193,-0.747433,1025,313.045226130653,1445.47738693467,"HCP","20","pointwise"
30193,0.210815,953,249.246231155779,1365.72864321608,"HCP","20","pointwise"
30193,1.839836,168,73.7989949748744,1062.68341708543,"HCP","20","pointwise"
30193,-2.529774,886,360.894472361809,1317.87939698492,"DWR","20","pointwise"
30193,-2.031485,1046,408.743718592965,1397.62814070352,"DWR","20","pointwise"
30193,-1.533196,1210,488.492462311558,1270.03015075377,"DWR","20","pointwise"
30193,-0.747433,1025,360.894472361809,1285.97989949749,"DWR","20","pointwise"
30193,0.210815,953,297.095477386935,1270.03015075377,"DWR","20","pointwise"
30193,1.839836,168,105.698492462312,1046.73366834171,"DWR","20","pointwise"
30193,-2.529774,886,408.743718592965,1413.57788944724,"LC","20","pointwise"
30193,-2.031485,1046,185.447236180905,2227.01507537688,"LC","20","pointwise"
30193,-1.533196,1210,392.793969849246,1254.08040201005,"LC","20","pointwise"
30193,-0.747433,1025,392.793969849246,1190.28140703518,"LC","20","pointwise"
30193,0.210815,953,408.743718592965,1365.72864321608,"LC","20","pointwise"
30193,1.839836,168,105.698492462312,1365.72864321608,"LC","20","pointwise"
30216,-0.156057,612,265.195979899498,1285.97989949749,"HCP","20","pointwise"
30216,0.960986,506,233.29648241206,1030.78391959799,"HCP","20","pointwise"
30216,1.440109,659,169.497487437186,998.884422110553,"HCP","20","pointwise"
30216,1.984942,381,137.597989949749,998.884422110553,"HCP","20","pointwise"
30216,2.475017,397,89.748743718593,1030.78391959799,"HCP","20","pointwise"
30216,3.030801,765,25.9497487437186,1046.73366834171,"HCP","20","pointwise"
30216,3.548255,438,10,1062.68341708543,"HCP","20","pointwise"
30216,4.065709,422,73.7989949748744,1030.78391959799,"HCP","20","pointwise"
30216,4.563997,483,41.8994974874372,1030.78391959799,"HCP","20","pointwise"
30216,5.062286,369,41.8994974874372,1046.73366834171,"HCP","20","pointwise"
30216,-0.156057,612,313.045226130653,1238.13065326633,"DWR","20","pointwise"
30216,0.960986,506,89.748743718593,1238.13065326633,"DWR","20","pointwise"
30216,1.440109,659,89.748743718593,1110.53266331658,"DWR","20","pointwise"
30216,1.984942,381,137.597989949749,1094.58291457286,"DWR","20","pointwise"
30216,2.475017,397,201.396984924623,1062.68341708543,"DWR","20","pointwise"
30216,3.030801,765,217.346733668342,1126.4824120603,"DWR","20","pointwise"
30216,3.548255,438,89.748743718593,1046.73366834171,"DWR","20","pointwise"
30216,4.065709,422,73.7989949748744,1078.63316582915,"DWR","20","pointwise"
30216,4.563997,483,137.597989949749,1142.43216080402,"DWR","20","pointwise"
30216,5.062286,369,57.8492462311558,1142.43216080402,"DWR","20","pointwise"
30216,-0.156057,612,392.793969849246,1254.08040201005,"LC","20","pointwise"
30216,0.960986,506,249.246231155779,1668.77386934673,"LC","20","pointwise"
30216,1.440109,659,281.145728643216,1254.08040201005,"LC","20","pointwise"
30216,1.984942,381,153.547738693467,1461.42713567839,"LC","20","pointwise"
30216,2.475017,397,105.698492462312,1301.92964824121,"LC","20","pointwise"
30216,3.030801,765,137.597989949749,1174.33165829146,"LC","20","pointwise"
30216,3.548255,438,10,1174.33165829146,"LC","20","pointwise"
30216,4.065709,422,10,1860.17085427136,"LC","20","pointwise"
30216,4.563997,483,169.497487437186,1477.37688442211,"LC","20","pointwise"
30216,5.062286,369,153.547738693467,1126.4824120603,"LC","20","pointwise"
30225,-1.760438,522,392.793969849246,1285.97989949749,"HCP","20","pointwise"
30225,1.138946,421,233.29648241206,951.035175879397,"HCP","20","pointwise"
30225,-1.760438,522,360.894472361809,1285.97989949749,"DWR","20","pointwise"
30225,1.138946,421,265.195979899498,1206.23115577889,"DWR","20","pointwise"
30225,-1.760438,522,217.346733668342,1381.6783919598,"LC","20","pointwise"
30225,1.138946,421,313.045226130653,1668.77386934673,"LC","20","pointwise"
30239,-0.936345,1267,313.045226130653,1461.42713567839,"HCP","20","pointwise"
30239,-0.410678,1120,344.94472361809,1397.62814070352,"HCP","20","pointwise"
30239,0.413415,978,185.447236180905,1270.03015075377,"HCP","20","pointwise"
30239,1.065024,609,121.64824120603,1126.4824120603,"HCP","20","pointwise"
30239,-0.936345,1267,456.592964824121,1397.62814070352,"DWR","20","pointwise"
30239,-0.410678,1120,376.844221105528,1365.72864321608,"DWR","20","pointwise"
30239,0.413415,978,344.94472361809,1126.4824120603,"DWR","20","pointwise"
30239,1.065024,609,137.597989949749,1174.33165829146,"DWR","20","pointwise"
30239,-0.936345,1267,440.643216080402,1652.82412060301,"LC","20","pointwise"
30239,-0.410678,1120,10,1732.57286432161,"LC","20","pointwise"
30239,0.413415,978,10,2227.01507537688,"LC","20","pointwise"
30239,1.065024,609,10,1509.27638190955,"LC","20","pointwise"
30262,-0.262834,1093,265.195979899498,1445.47738693467,"HCP","20","pointwise"
30262,0.262834,757,201.396984924623,1397.62814070352,"HCP","20","pointwise"
30262,0.799452,894,169.497487437186,1206.23115577889,"HCP","20","pointwise"
30262,1.697467,619,105.698492462312,1126.4824120603,"HCP","20","pointwise"
30262,3.370294,602,10,1046.73366834171,"HCP","20","pointwise"
30262,-0.262834,1093,472.542713567839,1317.87939698492,"DWR","20","pointwise"
30262,0.262834,757,392.793969849246,1222.18090452261,"DWR","20","pointwise"
30262,0.799452,894,217.346733668342,1158.38190954774,"DWR","20","pointwise"
30262,1.697467,619,169.497487437186,1142.43216080402,"DWR","20","pointwise"
30262,3.370294,602,153.547738693467,1174.33165829146,"DWR","20","pointwise"
30262,-0.262834,1093,10,1860.17085427136,"LC","20","pointwise"
30262,0.262834,757,297.095477386935,1270.03015075377,"LC","20","pointwise"
30262,0.799452,894,10,1764.47236180905,"LC","20","pointwise"
30262,1.697467,619,10,1573.07537688442,"LC","20","pointwise"
30262,3.370294,602,217.346733668342,1716.62311557789,"LC","20","pointwise"
30281,-0.736482,766,249.246231155779,1477.37688442211,"HCP","20","pointwise"
30281,-0.249144,1168,265.195979899498,1333.82914572864,"HCP","20","pointwise"
30281,0.246407,825,265.195979899498,1174.33165829146,"HCP","20","pointwise"
30281,0.651608,741,169.497487437186,1126.4824120603,"HCP","20","pointwise"
30281,1.486653,576,121.64824120603,1206.23115577889,"HCP","20","pointwise"
30281,1.98768,435,121.64824120603,982.934673366834,"HCP","20","pointwise"
30281,3.099247,88,73.7989949748744,1014.83417085427,"HCP","20","pointwise"
30281,-0.736482,766,408.743718592965,1285.97989949749,"DWR","20","pointwise"
30281,-0.249144,1168,536.341708542713,1413.57788944724,"DWR","20","pointwise"
30281,0.246407,825,201.396984924623,1206.23115577889,"DWR","20","pointwise"
30281,0.651608,741,153.547738693467,1174.33165829146,"DWR","20","pointwise"
30281,1.486653,576,137.597989949749,1094.58291457286,"DWR","20","pointwise"
30281,1.98768,435,25.9497487437186,1046.73366834171,"DWR","20","pointwise"
30281,3.099247,88,105.698492462312,998.884422110553,"DWR","20","pointwise"
30281,-0.736482,766,328.994974874372,1828.27135678392,"LC","20","pointwise"
30281,-0.249144,1168,408.743718592965,1796.37185929648,"LC","20","pointwise"
30281,0.246407,825,313.045226130653,1285.97989949749,"LC","20","pointwise"
30281,0.651608,741,392.793969849246,1429.52763819095,"LC","20","pointwise"
30281,1.486653,576,344.94472361809,1174.33165829146,"LC","20","pointwise"
30281,1.98768,435,57.8492462311558,1238.13065326633,"LC","20","pointwise"
30281,3.099247,88,89.748743718593,1254.08040201005,"LC","20","pointwise"
30301,-0.709103,992,328.994974874372,1493.32663316583,"HCP","20","pointwise"
30301,-0.210815,1029,297.095477386935,1333.82914572864,"HCP","20","pointwise"
30301,0.210815,597,281.145728643216,1174.33165829146,"HCP","20","pointwise"
30301,0.651608,389,233.29648241206,1110.53266331658,"HCP","20","pointwise"
30301,1.152635,419,121.64824120603,1206.23115577889,"HCP","20","pointwise"
30301,-0.709103,992,344.94472361809,1333.82914572864,"DWR","20","pointwise"
30301,-0.210815,1029,440.643216080402,1333.82914572864,"DWR","20","pointwise"
30301,0.210815,597,249.246231155779,1349.77889447236,"DWR","20","pointwise"
30301,0.651608,389,137.597989949749,1190.28140703518,"DWR","20","pointwise"
30301,1.152635,419,137.597989949749,1046.73366834171,"DWR","20","pointwise"
30301,-0.709103,992,297.095477386935,1732.57286432161,"LC","20","pointwise"
30301,-0.210815,1029,456.592964824121,1557.1256281407,"LC","20","pointwise"
30301,0.210815,597,10,1493.32663316583,"LC","20","pointwise"
30301,0.651608,389,328.994974874372,1349.77889447236,"LC","20","pointwise"
30301,1.152635,419,57.8492462311558,1573.07537688442,"LC","20","pointwise"
30306,-0.221766,615,328.994974874372,1285.97989949749,"HCP","20","pointwise"
30306,0.221766,1157,313.045226130653,1222.18090452261,"HCP","20","pointwise"
30306,1.188227,479,153.547738693467,982.934673366834,"HCP","20","pointwise"
30306,1.700205,517,121.64824120603,966.984924623115,"HCP","20","pointwise"
30306,2.220397,200,105.698492462312,966.984924623115,"HCP","20","pointwise"
30306,2.71321,152,41.8994974874372,998.884422110553,"HCP","20","pointwise"
30306,3.277207,16,57.8492462311558,1046.73366834171,"HCP","20","pointwise"
30306,-0.221766,615,328.994974874372,1190.28140703518,"DWR","20","pointwise"
30306,0.221766,1157,344.94472361809,1238.13065326633,"DWR","20","pointwise"
30306,1.188227,479,105.698492462312,1110.53266331658,"DWR","20","pointwise"
30306,1.700205,517,89.748743718593,1046.73366834171,"DWR","20","pointwise"
30306,2.220397,200,185.447236180905,1206.23115577889,"DWR","20","pointwise"
30306,2.71321,152,57.8492462311558,1062.68341708543,"DWR","20","pointwise"
30306,3.277207,16,121.64824120603,951.035175879397,"DWR","20","pointwise"
30306,-0.221766,615,201.396984924623,1700.67336683417,"LC","20","pointwise"
30306,0.221766,1157,41.8994974874372,1732.57286432161,"LC","20","pointwise"
30306,1.188227,479,105.698492462312,1062.68341708543,"LC","20","pointwise"
30306,1.700205,517,153.547738693467,1573.07537688442,"LC","20","pointwise"
30306,2.220397,200,281.145728643216,1541.17587939698,"LC","20","pointwise"
30306,2.71321,152,169.497487437186,1062.68341708543,"LC","20","pointwise"
30306,3.277207,16,217.346733668342,1094.58291457286,"LC","20","pointwise"
30310,-2.036961,948,328.994974874372,1541.17587939698,"HCP","20","pointwise"
30310,-1.557837,449,297.095477386935,1589.02512562814,"HCP","20","pointwise"
30310,-0.561259,589,313.045226130653,1509.27638190955,"HCP","20","pointwise"
30310,-0.229979,740,328.994974874372,1509.27638190955,"HCP","20","pointwise"
30310,0.229979,427,233.29648241206,1397.62814070352,"HCP","20","pointwise"
30310,0.804928,590,121.64824120603,1078.63316582915,"HCP","20","pointwise"
30310,1.396304,563,73.7989949748744,1158.38190954774,"HCP","20","pointwise"
30310,1.820671,411,41.8994974874372,1030.78391959799,"HCP","20","pointwise"
30310,2.370979,439,10,982.934673366834,"HCP","20","pointwise"
30310,2.888433,351,10,1046.73366834171,"HCP","20","pointwise"
30310,-2.036961,948,488.492462311558,1429.52763819095,"DWR","20","pointwise"
30310,-1.557837,449,376.844221105528,1333.82914572864,"DWR","20","pointwise"
30310,-0.561259,589,376.844221105528,1349.77889447236,"DWR","20","pointwise"
30310,-0.229979,740,313.045226130653,1222.18090452261,"DWR","20","pointwise"
30310,0.229979,427,217.346733668342,1301.92964824121,"DWR","20","pointwise"
30310,0.804928,590,121.64824120603,1126.4824120603,"DWR","20","pointwise"
30310,1.396304,563,137.597989949749,1158.38190954774,"DWR","20","pointwise"
30310,1.820671,411,217.346733668342,1030.78391959799,"DWR","20","pointwise"
30310,2.370979,439,10,982.934673366834,"DWR","20","pointwise"
30310,2.888433,351,105.698492462312,1062.68341708543,"DWR","20","pointwise"
30310,-2.036961,948,10,2290.81407035176,"LC","20","pointwise"
30310,-1.557837,449,153.547738693467,1700.67336683417,"LC","20","pointwise"
30310,-0.561259,589,41.8994974874372,1844.22110552764,"LC","20","pointwise"
30310,-0.229979,740,201.396984924623,1397.62814070352,"LC","20","pointwise"
30310,0.229979,427,233.29648241206,1525.22613065327,"LC","20","pointwise"
30310,0.804928,590,10,2322.7135678392,"LC","20","pointwise"
30310,1.396304,563,105.698492462312,1509.27638190955,"LC","20","pointwise"
30310,1.820671,411,73.7989949748744,1206.23115577889,"LC","20","pointwise"
30310,2.370979,439,153.547738693467,1381.6783919598,"LC","20","pointwise"
30310,2.888433,351,10,1445.47738693467,"LC","20","pointwise"
30324,-0.807666,764,297.095477386935,1270.03015075377,"HCP","20","pointwise"
30324,-0.268309,779,249.246231155779,1254.08040201005,"HCP","20","pointwise"
30324,0.268309,630,233.29648241206,1190.28140703518,"HCP","20","pointwise"
30324,0.676249,618,201.396984924623,1317.87939698492,"HCP","20","pointwise"
30324,1.059548,514,137.597989949749,966.984924623115,"HCP","20","pointwise"
30324,1.557837,389,169.497487437186,951.035175879397,"HCP","20","pointwise"
30324,2.075291,486,89.748743718593,1174.33165829146,"HCP","20","pointwise"
30324,2.847365,234,121.64824120603,966.984924623115,"HCP","20","pointwise"
30324,-0.807666,764,392.793969849246,1397.62814070352,"DWR","20","pointwise"
30324,-0.268309,779,344.94472361809,1222.18090452261,"DWR","20","pointwise"
30324,0.268309,630,217.346733668342,1317.87939698492,"DWR","20","pointwise"
30324,0.676249,618,249.246231155779,1174.33165829146,"DWR","20","pointwise"
30324,1.059548,514,57.8492462311558,1206.23115577889,"DWR","20","pointwise"
30324,1.557837,389,201.396984924623,1142.43216080402,"DWR","20","pointwise"
30324,2.075291,486,105.698492462312,966.984924623115,"DWR","20","pointwise"
30324,2.847365,234,105.698492462312,1062.68341708543,"DWR","20","pointwise"
30324,-0.807666,764,328.994974874372,1493.32663316583,"LC","20","pointwise"
30324,-0.268309,779,169.497487437186,1349.77889447236,"LC","20","pointwise"
30324,0.268309,630,392.793969849246,1174.33165829146,"LC","20","pointwise"
30324,0.676249,618,217.346733668342,1349.77889447236,"LC","20","pointwise"
30324,1.059548,514,313.045226130653,1636.8743718593,"LC","20","pointwise"
30324,1.557837,389,313.045226130653,1285.97989949749,"LC","20","pointwise"
30324,2.075291,486,10,1892.07035175879,"LC","20","pointwise"
30324,2.847365,234,137.597989949749,1206.23115577889,"LC","20","pointwise"
30372,-2.718686,695,376.844221105528,1365.72864321608,"HCP","20","pointwise"
30372,-2.313484,760,328.994974874372,1349.77889447236,"HCP","20","pointwise"
30372,-1.839836,580,185.447236180905,1254.08040201005,"HCP","20","pointwise"
30372,-0.804928,592,344.94472361809,1333.82914572864,"HCP","20","pointwise"
30372,0.804928,481,169.497487437186,1126.4824120603,"HCP","20","pointwise"
30372,1.305955,487,185.447236180905,1094.58291457286,"HCP","20","pointwise"
30372,-2.718686,695,344.94472361809,1349.77889447236,"DWR","20","pointwise"
30372,-2.313484,760,440.643216080402,1397.62814070352,"DWR","20","pointwise"
30372,-1.839836,580,344.94472361809,1413.57788944724,"DWR","20","pointwise"
30372,-0.804928,592,424.693467336683,1301.92964824121,"DWR","20","pointwise"
30372,0.804928,481,217.346733668342,1142.43216080402,"DWR","20","pointwise"
30372,1.305955,487,10,1222.18090452261,"DWR","20","pointwise"
30372,-2.718686,695,392.793969849246,1589.02512562814,"LC","20","pointwise"
30372,-2.313484,760,360.894472361809,1461.42713567839,"LC","20","pointwise"
30372,-1.839836,580,488.492462311558,1604.97487437186,"LC","20","pointwise"
30372,-0.804928,592,376.844221105528,1828.27135678392,"LC","20","pointwise"
30372,0.804928,481,73.7989949748744,1620.92462311558,"LC","20","pointwise"
30372,1.305955,487,10,2211.06532663317,"LC","20","pointwise"
30376,-0.249144,995,265.195979899498,1349.77889447236,"HCP","20","pointwise"
30376,0.249144,975,233.29648241206,1222.18090452261,"HCP","20","pointwise"
30376,0.824093,782,137.597989949749,1062.68341708543,"HCP","20","pointwise"
30376,-0.249144,995,328.994974874372,1285.97989949749,"DWR","20","pointwise"
30376,0.249144,975,313.045226130653,1381.6783919598,"DWR","20","pointwise"
30376,0.824093,782,217.346733668342,1142.43216080402,"DWR","20","pointwise"
30376,-0.249144,995,10,1812.3216080402,"LC","20","pointwise"
30376,0.249144,975,297.095477386935,1365.72864321608,"LC","20","pointwise"
30376,0.824093,782,265.195979899498,1716.62311557789,"LC","20","pointwise"
30382,-2.609172,1253,328.994974874372,1461.42713567839,"HCP","20","pointwise"
30382,-2.110883,1688,344.94472361809,1525.22613065327,"HCP","20","pointwise"
30382,-0.750171,1357,360.894472361809,1557.1256281407,"HCP","20","pointwise"
30382,0.271047,1210,169.497487437186,1254.08040201005,"HCP","20","pointwise"
30382,-2.609172,1253,408.743718592965,1397.62814070352,"DWR","20","pointwise"
30382,-2.110883,1688,424.693467336683,1381.6783919598,"DWR","20","pointwise"
30382,-0.750171,1357,392.793969849246,1301.92964824121,"DWR","20","pointwise"
30382,0.271047,1210,281.145728643216,1094.58291457286,"DWR","20","pointwise"
30382,-2.609172,1253,297.095477386935,1636.8743718593,"LC","20","pointwise"
30382,-2.110883,1688,360.894472361809,1238.13065326633,"LC","20","pointwise"
30382,-0.750171,1357,105.698492462312,1780.42211055276,"LC","20","pointwise"
30382,0.271047,1210,281.145728643216,1285.97989949749,"LC","20","pointwise"
30388,-1.6564,624,313.045226130653,1397.62814070352,"HCP","20","pointwise"
30388,-1.196441,687,392.793969849246,1349.77889447236,"HCP","20","pointwise"
30388,-0.70089,692,376.844221105528,1349.77889447236,"HCP","20","pointwise"
30388,0.260096,349,265.195979899498,1222.18090452261,"HCP","20","pointwise"
30388,1.793292,305,73.7989949748744,903.185929648241,"HCP","20","pointwise"
30388,2.291581,293,25.9497487437186,982.934673366834,"HCP","20","pointwise"
30388,2.724162,230,10,966.984924623115,"HCP","20","pointwise"
30388,3.219712,130,10,951.035175879397,"HCP","20","pointwise"
30388,-1.6564,624,376.844221105528,1285.97989949749,"DWR","20","pointwise"
30388,-1.196441,687,408.743718592965,1365.72864321608,"DWR","20","pointwise"
30388,-0.70089,692,520.391959798995,1493.32663316583,"DWR","20","pointwise"
30388,0.260096,349,344.94472361809,1206.23115577889,"DWR","20","pointwise"
30388,1.793292,305,41.8994974874372,1206.23115577889,"DWR","20","pointwise"
30388,2.291581,293,169.497487437186,1014.83417085427,"DWR","20","pointwise"
30388,2.724162,230,73.7989949748744,1078.63316582915,"DWR","20","pointwise"
30388,3.219712,130,57.8492462311558,1046.73366834171,"DWR","20","pointwise"
30388,-1.6564,624,297.095477386935,1238.13065326633,"LC","20","pointwise"
30388,-1.196441,687,328.994974874372,1413.57788944724,"LC","20","pointwise"
30388,-0.70089,692,313.045226130653,1445.47738693467,"LC","20","pointwise"
30388,0.260096,349,328.994974874372,1413.57788944724,"LC","20","pointwise"
30388,1.793292,305,233.29648241206,1541.17587939698,"LC","20","pointwise"
30388,2.291581,293,57.8492462311558,1254.08040201005,"LC","20","pointwise"
30388,2.724162,230,105.698492462312,1110.53266331658,"LC","20","pointwise"
30388,3.219712,130,41.8994974874372,1636.8743718593,"LC","20","pointwise"
30392,-2.253251,1276,297.095477386935,1381.6783919598,"HCP","20","pointwise"
30392,-1.793292,928,360.894472361809,1397.62814070352,"HCP","20","pointwise"
30392,-0.796715,1118,297.095477386935,1349.77889447236,"HCP","20","pointwise"
30392,-0.260096,1171,297.095477386935,1349.77889447236,"HCP","20","pointwise"
30392,0.260096,679,249.246231155779,1206.23115577889,"HCP","20","pointwise"
30392,0.950034,380,185.447236180905,982.934673366834,"HCP","20","pointwise"
30392,1.524983,651,73.7989949748744,982.934673366834,"HCP","20","pointwise"
30392,-2.253251,1276,472.542713567839,1317.87939698492,"DWR","20","pointwise"
30392,-1.793292,928,424.693467336683,1349.77889447236,"DWR","20","pointwise"
30392,-0.796715,1118,440.643216080402,1349.77889447236,"DWR","20","pointwise"
30392,-0.260096,1171,313.045226130653,1270.03015075377,"DWR","20","pointwise"
30392,0.260096,679,281.145728643216,1158.38190954774,"DWR","20","pointwise"
30392,0.950034,380,169.497487437186,1110.53266331658,"DWR","20","pointwise"
30392,1.524983,651,57.8492462311558,1046.73366834171,"DWR","20","pointwise"
30392,-2.253251,1276,408.743718592965,1413.57788944724,"LC","20","pointwise"
30392,-1.793292,928,376.844221105528,1541.17587939698,"LC","20","pointwise"
30392,-0.796715,1118,392.793969849246,1493.32663316583,"LC","20","pointwise"
30392,-0.260096,1171,360.894472361809,1668.77386934673,"LC","20","pointwise"
30392,0.260096,679,376.844221105528,1604.97487437186,"LC","20","pointwise"
30392,0.950034,380,328.994974874372,1365.72864321608,"LC","20","pointwise"
30392,1.524983,651,10,1620.92462311558,"LC","20","pointwise"
30405,-0.287474,1647,233.29648241206,1557.1256281407,"HCP","20","pointwise"
30405,0.287474,868,169.497487437186,1381.6783919598,"HCP","20","pointwise"
30405,0.791239,946,105.698492462312,1110.53266331658,"HCP","20","pointwise"
30405,1.289528,1174,73.7989949748744,1094.58291457286,"HCP","20","pointwise"
30405,1.837098,811,10,1126.4824120603,"HCP","20","pointwise"
30405,2.143737,888,10,1078.63316582915,"HCP","20","pointwise"
30405,2.666667,582,10,1062.68341708543,"HCP","20","pointwise"
30405,3.049966,371,10,1110.53266331658,"HCP","20","pointwise"
30405,3.523614,483,10,1078.63316582915,"HCP","20","pointwise"
30405,4.041068,447,10,1062.68341708543,"HCP","20","pointwise"
30405,-0.287474,1647,360.894472361809,1397.62814070352,"DWR","20","pointwise"
30405,0.287474,868,297.095477386935,1142.43216080402,"DWR","20","pointwise"
30405,0.791239,946,185.447236180905,1254.08040201005,"DWR","20","pointwise"
30405,1.289528,1174,89.748743718593,1142.43216080402,"DWR","20","pointwise"
30405,1.837098,811,265.195979899498,1110.53266331658,"DWR","20","pointwise"
30405,2.143737,888,137.597989949749,1062.68341708543,"DWR","20","pointwise"
30405,2.666667,582,121.64824120603,1142.43216080402,"DWR","20","pointwise"
30405,3.049966,371,121.64824120603,1126.4824120603,"DWR","20","pointwise"
30405,3.523614,483,233.29648241206,1158.38190954774,"DWR","20","pointwise"
30405,4.041068,447,137.597989949749,1190.28140703518,"DWR","20","pointwise"
30405,-0.287474,1647,281.145728643216,1413.57788944724,"LC","20","pointwise"
30405,0.287474,868,185.447236180905,1525.22613065327,"LC","20","pointwise"
30405,0.791239,946,121.64824120603,1620.92462311558,"LC","20","pointwise"
30405,1.289528,1174,344.94472361809,1812.3216080402,"LC","20","pointwise"
30405,1.837098,811,217.346733668342,2195.11557788945,"LC","20","pointwise"
30405,2.143737,888,10,1557.1256281407,"LC","20","pointwise"
30405,2.666667,582,153.547738693467,1397.62814070352,"LC","20","pointwise"
30405,3.049966,371,105.698492462312,1158.38190954774,"LC","20","pointwise"
30405,3.523614,483,10,1429.52763819095,"LC","20","pointwise"
30405,4.041068,447,10,1445.47738693467,"LC","20","pointwise"
30412,-0.262834,1240,297.095477386935,1317.87939698492,"HCP","20","pointwise"
30412,0.262834,529,201.396984924623,1238.13065326633,"HCP","20","pointwise"
30412,0.703628,876,201.396984924623,1126.4824120603,"HCP","20","pointwise"
30412,1.259411,804,121.64824120603,1046.73366834171,"HCP","20","pointwise"
30412,1.982204,694,89.748743718593,1078.63316582915,"HCP","20","pointwise"
30412,2.464066,852,41.8994974874372,1110.53266331658,"HCP","20","pointwise"
30412,3.789186,564,25.9497487437186,1046.73366834171,"HCP","20","pointwise"
30412,4.188912,402,41.8994974874372,1014.83417085427,"HCP","20","pointwise"
30412,5.278576,323,10,919.13567839196,"HCP","20","pointwise"
30412,-0.262834,1240,297.095477386935,1238.13065326633,"DWR","20","pointwise"
30412,0.262834,529,137.597989949749,1301.92964824121,"DWR","20","pointwise"
30412,0.703628,876,137.597989949749,1190.28140703518,"DWR","20","pointwise"
30412,1.259411,804,201.396984924623,1110.53266331658,"DWR","20","pointwise"
30412,1.982204,694,169.497487437186,1126.4824120603,"DWR","20","pointwise"
30412,2.464066,852,10,1014.83417085427,"DWR","20","pointwise"
30412,3.789186,564,73.7989949748744,1254.08040201005,"DWR","20","pointwise"
30412,4.188912,402,217.346733668342,1126.4824120603,"DWR","20","pointwise"
30412,5.278576,323,185.447236180905,1174.33165829146,"DWR","20","pointwise"
30412,-0.262834,1240,89.748743718593,2386.51256281407,"LC","20","pointwise"
30412,0.262834,529,281.145728643216,1429.52763819095,"LC","20","pointwise"
30412,0.703628,876,376.844221105528,1158.38190954774,"LC","20","pointwise"
30412,1.259411,804,297.095477386935,1429.52763819095,"LC","20","pointwise"
30412,1.982204,694,217.346733668342,2258.91457286432,"LC","20","pointwise"
30412,2.464066,852,10,1764.47236180905,"LC","20","pointwise"
30412,3.789186,564,233.29648241206,1381.6783919598,"LC","20","pointwise"
30412,4.188912,402,249.246231155779,1094.58291457286,"LC","20","pointwise"
30412,5.278576,323,297.095477386935,1158.38190954774,"LC","20","pointwise"
30420,-0.985626,803,233.29648241206,1509.27638190955,"HCP","20","pointwise"
30420,-0.317591,1823,217.346733668342,1429.52763819095,"HCP","20","pointwise"
30420,0.317591,1139,169.497487437186,1270.03015075377,"HCP","20","pointwise"
30420,2.291581,973,57.8492462311558,1110.53266331658,"HCP","20","pointwise"
30420,-0.985626,803,408.743718592965,1254.08040201005,"DWR","20","pointwise"
30420,-0.317591,1823,392.793969849246,1381.6783919598,"DWR","20","pointwise"
30420,0.317591,1139,297.095477386935,1270.03015075377,"DWR","20","pointwise"
30420,2.291581,973,217.346733668342,1126.4824120603,"DWR","20","pointwise"
30420,-0.985626,803,10,2482.21105527638,"LC","20","pointwise"
30420,-0.317591,1823,185.447236180905,1796.37185929648,"LC","20","pointwise"
30420,0.317591,1139,360.894472361809,1429.52763819095,"LC","20","pointwise"
30420,2.291581,973,10,1573.07537688442,"LC","20","pointwise"
30428,-2.855578,672,392.793969849246,1365.72864321608,"HCP","20","pointwise"
30428,-2.327173,391,408.743718592965,1333.82914572864,"HCP","20","pointwise"
30428,-1.196441,622,328.994974874372,1365.72864321608,"HCP","20","pointwise"
30428,-0.276523,764,265.195979899498,1349.77889447236,"HCP","20","pointwise"
30428,0.276523,1155,281.145728643216,1158.38190954774,"HCP","20","pointwise"
30428,1.010267,595,169.497487437186,998.884422110553,"HCP","20","pointwise"
30428,1.722108,560,121.64824120603,951.035175879397,"HCP","20","pointwise"
30428,-2.855578,672,392.793969849246,1317.87939698492,"DWR","20","pointwise"
30428,-2.327173,391,472.542713567839,1301.92964824121,"DWR","20","pointwise"
30428,-1.196441,622,472.542713567839,1365.72864321608,"DWR","20","pointwise"
30428,-0.276523,764,424.693467336683,1254.08040201005,"DWR","20","pointwise"
30428,0.276523,1155,265.195979899498,1285.97989949749,"DWR","20","pointwise"
30428,1.010267,595,121.64824120603,1078.63316582915,"DWR","20","pointwise"
30428,1.722108,560,217.346733668342,1126.4824120603,"DWR","20","pointwise"
30428,-2.855578,672,360.894472361809,2593.85929648241,"LC","20","pointwise"
30428,-2.327173,391,297.095477386935,1860.17085427136,"LC","20","pointwise"
30428,-1.196441,622,169.497487437186,1413.57788944724,"LC","20","pointwise"
30428,-0.276523,764,169.497487437186,2609.80904522613,"LC","20","pointwise"
30428,0.276523,1155,313.045226130653,1620.92462311558,"LC","20","pointwise"
30428,1.010267,595,25.9497487437186,1509.27638190955,"LC","20","pointwise"
30428,1.722108,560,57.8492462311558,1301.92964824121,"LC","20","pointwise"
30454,-0.314853,1326,313.045226130653,1413.57788944724,"HCP","20","pointwise"
30454,0.314853,1781,217.346733668342,1206.23115577889,"HCP","20","pointwise"
30454,0.835045,1490,185.447236180905,1126.4824120603,"HCP","20","pointwise"
30454,-0.314853,1326,360.894472361809,1317.87939698492,"DWR","20","pointwise"
30454,0.314853,1781,313.045226130653,1174.33165829146,"DWR","20","pointwise"
30454,0.835045,1490,249.246231155779,1046.73366834171,"DWR","20","pointwise"
30454,-0.314853,1326,376.844221105528,1732.57286432161,"LC","20","pointwise"
30454,0.314853,1781,10,1541.17587939698,"LC","20","pointwise"
30454,0.835045,1490,10,1939.91959798995,"LC","20","pointwise"
30485,-0.287474,744,281.145728643216,1317.87939698492,"HCP","20","pointwise"
30485,0.287474,694,201.396984924623,1285.97989949749,"HCP","20","pointwise"
30485,0.804928,662,89.748743718593,1046.73366834171,"HCP","20","pointwise"
30485,1.705681,504,57.8492462311558,1046.73366834171,"HCP","20","pointwise"
30485,2.146475,580,25.9497487437186,1046.73366834171,"HCP","20","pointwise"
30485,2.721424,665,10,982.934673366834,"HCP","20","pointwise"
30485,3.583847,381,41.8994974874372,1014.83417085427,"HCP","20","pointwise"
30485,4.101301,527,121.64824120603,935.085427135678,"HCP","20","pointwise"
30485,4.613278,544,57.8492462311558,982.934673366834,"HCP","20","pointwise"
30485,-0.287474,744,281.145728643216,1190.28140703518,"DWR","20","pointwise"
30485,0.287474,694,313.045226130653,1285.97989949749,"DWR","20","pointwise"
30485,0.804928,662,185.447236180905,1014.83417085427,"DWR","20","pointwise"
30485,1.705681,504,169.497487437186,1158.38190954774,"DWR","20","pointwise"
30485,2.146475,580,89.748743718593,966.984924623115,"DWR","20","pointwise"
30485,2.721424,665,121.64824120603,998.884422110553,"DWR","20","pointwise"
30485,3.583847,381,41.8994974874372,1126.4824120603,"DWR","20","pointwise"
30485,4.101301,527,105.698492462312,1030.78391959799,"DWR","20","pointwise"
30485,4.613278,544,137.597989949749,1110.53266331658,"DWR","20","pointwise"
30485,-0.287474,744,153.547738693467,1636.8743718593,"LC","20","pointwise"
30485,0.287474,694,185.447236180905,1365.72864321608,"LC","20","pointwise"
30485,0.804928,662,10,1365.72864321608,"LC","20","pointwise"
30485,1.705681,504,10,1477.37688442211,"LC","20","pointwise"
30485,2.146475,580,10,1604.97487437186,"LC","20","pointwise"
30485,2.721424,665,169.497487437186,1317.87939698492,"LC","20","pointwise"
30485,3.583847,381,41.8994974874372,1126.4824120603,"LC","20","pointwise"
30485,4.101301,527,10,1381.6783919598,"LC","20","pointwise"
30485,4.613278,544,10,1301.92964824121,"LC","20","pointwise"
30489,-2.234086,573,313.045226130653,1429.52763819095,"HCP","20","pointwise"
30489,-0.750171,1178,408.743718592965,1270.03015075377,"HCP","20","pointwise"
30489,0.750171,769,201.396984924623,1046.73366834171,"HCP","20","pointwise"
30489,-2.234086,573,313.045226130653,1365.72864321608,"DWR","20","pointwise"
30489,-0.750171,1178,265.195979899498,1381.6783919598,"DWR","20","pointwise"
30489,0.750171,769,137.597989949749,1094.58291457286,"DWR","20","pointwise"
30489,-2.234086,573,344.94472361809,1381.6783919598,"LC","20","pointwise"
30489,-0.750171,1178,408.743718592965,1381.6783919598,"LC","20","pointwise"
30489,0.750171,769,328.994974874372,1381.6783919598,"LC","20","pointwise"
30490,-2.642026,1067,344.94472361809,1381.6783919598,"HCP","20","pointwise"
30490,-1.722108,1112,408.743718592965,1365.72864321608,"HCP","20","pointwise"
30490,-1.262149,1095,408.743718592965,1397.62814070352,"HCP","20","pointwise"
30490,-0.323066,1018,313.045226130653,1493.32663316583,"HCP","20","pointwise"
30490,0.323066,624,249.246231155779,1174.33165829146,"HCP","20","pointwise"
30490,-2.642026,1067,376.844221105528,1333.82914572864,"DWR","20","pointwise"
30490,-1.722108,1112,472.542713567839,1285.97989949749,"DWR","20","pointwise"
30490,-1.262149,1095,472.542713567839,1254.08040201005,"DWR","20","pointwise"
30490,-0.323066,1018,440.643216080402,1333.82914572864,"DWR","20","pointwise"
30490,0.323066,624,185.447236180905,1238.13065326633,"DWR","20","pointwise"
30490,-2.642026,1067,328.994974874372,1285.97989949749,"LC","20","pointwise"
30490,-1.722108,1112,73.7989949748744,1620.92462311558,"LC","20","pointwise"
30490,-1.262149,1095,328.994974874372,1254.08040201005,"LC","20","pointwise"
30490,-0.323066,1018,344.94472361809,2083.46733668342,"LC","20","pointwise"
30490,0.323066,624,376.844221105528,1349.77889447236,"LC","20","pointwise"
30498,-2.956879,749,344.94472361809,1381.6783919598,"HCP","20","pointwise"
30498,-2.387406,974,328.994974874372,1381.6783919598,"HCP","20","pointwise"
30498,2.387406,147,137.597989949749,1030.78391959799,"HCP","20","pointwise"
30498,-2.956879,749,297.095477386935,1317.87939698492,"DWR","20","pointwise"
30498,-2.387406,974,344.94472361809,1301.92964824121,"DWR","20","pointwise"
30498,2.387406,147,169.497487437186,1142.43216080402,"DWR","20","pointwise"
30498,-2.956879,749,328.994974874372,1413.57788944724,"LC","20","pointwise"
30498,-2.387406,974,360.894472361809,1254.08040201005,"LC","20","pointwise"
30498,2.387406,147,233.29648241206,1046.73366834171,"LC","20","pointwise"
30503,-2.433949,2534,249.246231155779,1493.32663316583,"HCP","20","pointwise"
30503,2.433949,394,57.8492462311558,1046.73366834171,"HCP","20","pointwise"
30503,-2.433949,2534,313.045226130653,1365.72864321608,"DWR","20","pointwise"
30503,2.433949,394,41.8994974874372,1078.63316582915,"DWR","20","pointwise"
30503,-2.433949,2534,10,1700.67336683417,"LC","20","pointwise"
30503,2.433949,394,105.698492462312,1381.6783919598,"LC","20","pointwise"
30504,-2.836413,824,376.844221105528,1333.82914572864,"HCP","20","pointwise"
30504,-2.395619,697,313.045226130653,1333.82914572864,"HCP","20","pointwise"
30504,-1.93566,518,344.94472361809,1349.77889447236,"HCP","20","pointwise"
30504,-1.054072,707,376.844221105528,1270.03015075377,"HCP","20","pointwise"
30504,-0.728268,775,313.045226130653,1238.13065326633,"HCP","20","pointwise"
30504,-0.210815,558,249.246231155779,1254.08040201005,"HCP","20","pointwise"
30504,0.210815,806,249.246231155779,1222.18090452261,"HCP","20","pointwise"
30504,0.709103,418,249.246231155779,1142.43216080402,"HCP","20","pointwise"
30504,-2.836413,824,360.894472361809,1285.97989949749,"DWR","20","pointwise"
30504,-2.395619,697,185.447236180905,1525.22613065327,"DWR","20","pointwise"
30504,-1.93566,518,488.492462311558,1333.82914572864,"DWR","20","pointwise"
30504,-1.054072,707,297.095477386935,1365.72864321608,"DWR","20","pointwise"
30504,-0.728268,775,472.542713567839,1333.82914572864,"DWR","20","pointwise"
30504,-0.210815,558,233.29648241206,1254.08040201005,"DWR","20","pointwise"
30504,0.210815,806,313.045226130653,1333.82914572864,"DWR","20","pointwise"
30504,0.709103,418,265.195979899498,1174.33165829146,"DWR","20","pointwise"
30504,-2.836413,824,328.994974874372,1971.81909547739,"LC","20","pointwise"
30504,-2.395619,697,265.195979899498,1573.07537688442,"LC","20","pointwise"
30504,-1.93566,518,344.94472361809,1828.27135678392,"LC","20","pointwise"
30504,-1.054072,707,328.994974874372,1541.17587939698,"LC","20","pointwise"
30504,-0.728268,775,344.94472361809,1333.82914572864,"LC","20","pointwise"
30504,-0.210815,558,249.246231155779,1365.72864321608,"LC","20","pointwise"
30504,0.210815,806,392.793969849246,1971.81909547739,"LC","20","pointwise"
30504,0.709103,418,313.045226130653,1493.32663316583,"LC","20","pointwise"
30508,-0.249144,852,265.195979899498,1573.07537688442,"HCP","20","pointwise"
30508,0.659822,508,249.246231155779,1461.42713567839,"HCP","20","pointwise"
30508,1.571526,561,137.597989949749,1477.37688442211,"HCP","20","pointwise"
30508,2.069815,479,121.64824120603,1461.42713567839,"HCP","20","pointwise"
30508,2.548939,289,57.8492462311558,1285.97989949749,"HCP","20","pointwise"
30508,-0.249144,852,440.643216080402,1270.03015075377,"DWR","20","pointwise"
30508,0.659822,508,169.497487437186,1190.28140703518,"DWR","20","pointwise"
30508,1.571526,561,217.346733668342,1030.78391959799,"DWR","20","pointwise"
30508,2.069815,479,169.497487437186,1094.58291457286,"DWR","20","pointwise"
30508,2.548939,289,41.8994974874372,1078.63316582915,"DWR","20","pointwise"
30508,-0.249144,852,201.396984924623,1923.96984924623,"LC","20","pointwise"
30508,0.659822,508,328.994974874372,1652.82412060301,"LC","20","pointwise"
30508,1.571526,561,105.698492462312,1876.12060301508,"LC","20","pointwise"
30508,2.069815,479,89.748743718593,1413.57788944724,"LC","20","pointwise"
30508,2.548939,289,201.396984924623,1445.47738693467,"LC","20","pointwise"
30515,-2.138262,974,328.994974874372,1365.72864321608,"HCP","20","pointwise"
30515,-1.639973,665,376.844221105528,1365.72864321608,"HCP","20","pointwise"
30515,-1.13347,989,360.894472361809,1349.77889447236,"HCP","20","pointwise"
30515,-0.629706,1303,376.844221105528,1397.62814070352,"HCP","20","pointwise"
30515,-0.227242,578,281.145728643216,1620.92462311558,"HCP","20","pointwise"
30515,0.227242,938,297.095477386935,1222.18090452261,"HCP","20","pointwise"
30515,0.744695,824,249.246231155779,1094.58291457286,"HCP","20","pointwise"
30515,1.169062,1133,185.447236180905,1014.83417085427,"HCP","20","pointwise"
30515,1.590691,712,137.597989949749,1062.68341708543,"HCP","20","pointwise"
30515,2.168378,540,121.64824120603,1062.68341708543,"HCP","20","pointwise"
30515,2.685832,547,105.698492462312,1078.63316582915,"HCP","20","pointwise"
30515,3.164956,385,25.9497487437186,1014.83417085427,"HCP","20","pointwise"
30515,-2.138262,974,328.994974874372,1317.87939698492,"DWR","20","pointwise"
30515,-1.639973,665,488.492462311558,1349.77889447236,"DWR","20","pointwise"
30515,-1.13347,989,424.693467336683,1285.97989949749,"DWR","20","pointwise"
30515,-0.629706,1303,376.844221105528,1429.52763819095,"DWR","20","pointwise"
30515,-0.227242,578,392.793969849246,1254.08040201005,"DWR","20","pointwise"
30515,0.227242,938,328.994974874372,1238.13065326633,"DWR","20","pointwise"
30515,0.744695,824,73.7989949748744,1285.97989949749,"DWR","20","pointwise"
30515,1.169062,1133,185.447236180905,1174.33165829146,"DWR","20","pointwise"
30515,1.590691,712,169.497487437186,1190.28140703518,"DWR","20","pointwise"
30515,2.168378,540,169.497487437186,1014.83417085427,"DWR","20","pointwise"
30515,2.685832,547,281.145728643216,1126.4824120603,"DWR","20","pointwise"
30515,3.164956,385,105.698492462312,1030.78391959799,"DWR","20","pointwise"
30515,-2.138262,974,376.844221105528,1429.52763819095,"LC","20","pointwise"
30515,-1.639973,665,424.693467336683,1190.28140703518,"LC","20","pointwise"
30515,-1.13347,989,169.497487437186,1844.22110552764,"LC","20","pointwise"
30515,-0.629706,1303,440.643216080402,1301.92964824121,"LC","20","pointwise"
30515,-0.227242,578,376.844221105528,1238.13065326633,"LC","20","pointwise"
30515,0.227242,938,360.894472361809,1190.28140703518,"LC","20","pointwise"
30515,0.744695,824,201.396984924623,1589.02512562814,"LC","20","pointwise"
30515,1.169062,1133,313.045226130653,1381.6783919598,"LC","20","pointwise"
30515,1.590691,712,233.29648241206,1349.77889447236,"LC","20","pointwise"
30515,2.168378,540,233.29648241206,1333.82914572864,"LC","20","pointwise"
30515,2.685832,547,201.396984924623,1078.63316582915,"LC","20","pointwise"
30515,3.164956,385,89.748743718593,1381.6783919598,"LC","20","pointwise"
30531,-0.268309,378,313.045226130653,1270.03015075377,"HCP","20","pointwise"
30531,0.544832,657,233.29648241206,1158.38190954774,"HCP","20","pointwise"
30531,1.566051,686,217.346733668342,1030.78391959799,"HCP","20","pointwise"
30531,2.310746,647,201.396984924623,998.884422110553,"HCP","20","pointwise"
30531,-0.268309,378,376.844221105528,1254.08040201005,"DWR","20","pointwise"
30531,0.544832,657,153.547738693467,1270.03015075377,"DWR","20","pointwise"
30531,1.566051,686,137.597989949749,1094.58291457286,"DWR","20","pointwise"
30531,2.310746,647,169.497487437186,1206.23115577889,"DWR","20","pointwise"
30531,-0.268309,378,313.045226130653,1238.13065326633,"LC","20","pointwise"
30531,0.544832,657,217.346733668342,1222.18090452261,"LC","20","pointwise"
30531,1.566051,686,281.145728643216,1301.92964824121,"LC","20","pointwise"
30531,2.310746,647,41.8994974874372,1014.83417085427,"LC","20","pointwise"
30536,-0.413415,1814,265.195979899498,1525.22613065327,"HCP","20","pointwise"
30536,0.413415,1064,185.447236180905,1222.18090452261,"HCP","20","pointwise"
30536,1.735797,409,169.497487437186,1126.4824120603,"HCP","20","pointwise"
30536,-0.413415,1814,328.994974874372,1174.33165829146,"DWR","20","pointwise"
30536,0.413415,1064,424.693467336683,1285.97989949749,"DWR","20","pointwise"
30536,1.735797,409,265.195979899498,1174.33165829146,"DWR","20","pointwise"
30536,-0.413415,1814,313.045226130653,1349.77889447236,"LC","20","pointwise"
30536,0.413415,1064,313.045226130653,1317.87939698492,"LC","20","pointwise"
30536,1.735797,409,249.246231155779,1541.17587939698,"LC","20","pointwise"
30548,1.314168,641,281.145728643216,1317.87939698492,"HCP","20","pointwise"
30548,4.358658,510,57.8492462311558,998.884422110553,"HCP","20","pointwise"
30548,1.314168,641,169.497487437186,1062.68341708543,"DWR","20","pointwise"
30548,4.358658,510,73.7989949748744,1046.73366834171,"DWR","20","pointwise"
30548,1.314168,641,297.095477386935,1110.53266331658,"LC","20","pointwise"
30548,4.358658,510,265.195979899498,1046.73366834171,"LC","20","pointwise"
30562,-2.162902,493,376.844221105528,1254.08040201005,"HCP","20","pointwise"
30562,-1.645448,1094,376.844221105528,1317.87939698492,"HCP","20","pointwise"
30562,-1.119781,645,344.94472361809,1317.87939698492,"HCP","20","pointwise"
30562,-0.670773,1166,328.994974874372,1349.77889447236,"HCP","20","pointwise"
30562,-0.229979,574,328.994974874372,1317.87939698492,"HCP","20","pointwise"
30562,0.229979,806,281.145728643216,1270.03015075377,"HCP","20","pointwise"
30562,0.766598,862,185.447236180905,1110.53266331658,"HCP","20","pointwise"
30562,1.149897,638,153.547738693467,1046.73366834171,"HCP","20","pointwise"
30562,-2.162902,493,376.844221105528,1301.92964824121,"DWR","20","pointwise"
30562,-1.645448,1094,376.844221105528,1301.92964824121,"DWR","20","pointwise"
30562,-1.119781,645,360.894472361809,1365.72864321608,"DWR","20","pointwise"
30562,-0.670773,1166,392.793969849246,1413.57788944724,"DWR","20","pointwise"
30562,-0.229979,574,265.195979899498,1238.13065326633,"DWR","20","pointwise"
30562,0.229979,806,281.145728643216,1206.23115577889,"DWR","20","pointwise"
30562,0.766598,862,10,1238.13065326633,"DWR","20","pointwise"
30562,1.149897,638,137.597989949749,1014.83417085427,"DWR","20","pointwise"
30562,-2.162902,493,360.894472361809,1238.13065326633,"LC","20","pointwise"
30562,-1.645448,1094,217.346733668342,2306.76381909548,"LC","20","pointwise"
30562,-1.119781,645,185.447236180905,1349.77889447236,"LC","20","pointwise"
30562,-0.670773,1166,344.94472361809,1381.6783919598,"LC","20","pointwise"
30562,-0.229979,574,328.994974874372,1876.12060301508,"LC","20","pointwise"
30562,0.229979,806,233.29648241206,1573.07537688442,"LC","20","pointwise"
30562,0.766598,862,265.195979899498,1254.08040201005,"LC","20","pointwise"
30562,1.149897,638,153.547738693467,1445.47738693467,"LC","20","pointwise"
30599,2.951403,402,57.8492462311558,1046.73366834171,"HCP","20","pointwise"
30599,3.411362,356,10,1062.68341708543,"HCP","20","pointwise"
30599,3.947981,259,41.8994974874372,1014.83417085427,"HCP","20","pointwise"
30599,2.951403,402,25.9497487437186,1030.78391959799,"DWR","20","pointwise"
30599,3.411362,356,57.8492462311558,1174.33165829146,"DWR","20","pointwise"
30599,3.947981,259,73.7989949748744,1078.63316582915,"DWR","20","pointwise"
30599,2.951403,402,10,1493.32663316583,"LC","20","pointwise"
30599,3.411362,356,281.145728643216,1062.68341708543,"LC","20","pointwise"
30599,3.947981,259,217.346733668342,1222.18090452261,"LC","20","pointwise"
30654,-2.59822,1378,328.994974874372,1365.72864321608,"HCP","20","pointwise"
30654,-2.02601,529,281.145728643216,1413.57788944724,"HCP","20","pointwise"
30654,-1.527721,696,297.095477386935,1413.57788944724,"HCP","20","pointwise"
30654,-0.988364,773,297.095477386935,1413.57788944724,"HCP","20","pointwise"
30654,-0.240931,932,281.145728643216,1413.57788944724,"HCP","20","pointwise"
30654,0.240931,316,265.195979899498,1270.03015075377,"HCP","20","pointwise"
30654,-2.59822,1378,424.693467336683,1397.62814070352,"DWR","20","pointwise"
30654,-2.02601,529,408.743718592965,1317.87939698492,"DWR","20","pointwise"
30654,-1.527721,696,249.246231155779,1413.57788944724,"DWR","20","pointwise"
30654,-0.988364,773,344.94472361809,1429.52763819095,"DWR","20","pointwise"
30654,-0.240931,932,297.095477386935,1317.87939698492,"DWR","20","pointwise"
30654,0.240931,316,297.095477386935,1222.18090452261,"DWR","20","pointwise"
30654,-2.59822,1378,105.698492462312,1557.1256281407,"LC","20","pointwise"
30654,-2.02601,529,281.145728643216,1764.47236180905,"LC","20","pointwise"
30654,-1.527721,696,376.844221105528,1589.02512562814,"LC","20","pointwise"
30654,-0.988364,773,265.195979899498,1413.57788944724,"LC","20","pointwise"
30654,-0.240931,932,392.793969849246,1589.02512562814,"LC","20","pointwise"
30654,0.240931,316,153.547738693467,1557.1256281407,"LC","20","pointwise"
30663,-2.740589,1206,265.195979899498,1429.52763819095,"HCP","20","pointwise"
30663,-2.146475,966,217.346733668342,1413.57788944724,"HCP","20","pointwise"
30663,-1.705681,722,265.195979899498,1461.42713567839,"HCP","20","pointwise"
30663,-1.245722,830,185.447236180905,1429.52763819095,"HCP","20","pointwise"
30663,-0.229979,768,233.29648241206,1397.62814070352,"HCP","20","pointwise"
30663,0.229979,545,249.246231155779,1349.77889447236,"HCP","20","pointwise"
30663,0.774812,448,185.447236180905,1174.33165829146,"HCP","20","pointwise"
30663,1.412731,406,137.597989949749,1142.43216080402,"HCP","20","pointwise"
30663,1.943874,317,121.64824120603,1126.4824120603,"HCP","20","pointwise"
30663,-2.740589,1206,504.442211055276,1429.52763819095,"DWR","20","pointwise"
30663,-2.146475,966,360.894472361809,1381.6783919598,"DWR","20","pointwise"
30663,-1.705681,722,392.793969849246,1397.62814070352,"DWR","20","pointwise"
30663,-1.245722,830,392.793969849246,1301.92964824121,"DWR","20","pointwise"
30663,-0.229979,768,408.743718592965,1238.13065326633,"DWR","20","pointwise"
30663,0.229979,545,360.894472361809,1365.72864321608,"DWR","20","pointwise"
30663,0.774812,448,201.396984924623,1174.33165829146,"DWR","20","pointwise"
30663,1.412731,406,153.547738693467,1158.38190954774,"DWR","20","pointwise"
30663,1.943874,317,57.8492462311558,1062.68341708543,"DWR","20","pointwise"
30663,-2.740589,1206,153.547738693467,1477.37688442211,"LC","20","pointwise"
30663,-2.146475,966,360.894472361809,1413.57788944724,"LC","20","pointwise"
30663,-1.705681,722,472.542713567839,1509.27638190955,"LC","20","pointwise"
30663,-1.245722,830,328.994974874372,1509.27638190955,"LC","20","pointwise"
30663,-0.229979,768,10,1652.82412060301,"LC","20","pointwise"
30663,0.229979,545,185.447236180905,1365.72864321608,"LC","20","pointwise"
30663,0.774812,448,313.045226130653,1429.52763819095,"LC","20","pointwise"
30663,1.412731,406,25.9497487437186,1636.8743718593,"LC","20","pointwise"
30663,1.943874,317,281.145728643216,1301.92964824121,"LC","20","pointwise"
30673,-2.683094,918,328.994974874372,1333.82914572864,"HCP","20","pointwise"
30673,-1.727584,1016,313.045226130653,1301.92964824121,"HCP","20","pointwise"
30673,-0.73922,971,265.195979899498,1429.52763819095,"HCP","20","pointwise"
30673,1.256673,821,201.396984924623,1030.78391959799,"HCP","20","pointwise"
30673,1.390828,851,185.447236180905,1030.78391959799,"HCP","20","pointwise"
30673,-2.683094,918,408.743718592965,1381.6783919598,"DWR","20","pointwise"
30673,-1.727584,1016,328.994974874372,1285.97989949749,"DWR","20","pointwise"
30673,-0.73922,971,424.693467336683,1333.82914572864,"DWR","20","pointwise"
30673,1.256673,821,328.994974874372,1206.23115577889,"DWR","20","pointwise"
30673,1.390828,851,73.7989949748744,1030.78391959799,"DWR","20","pointwise"
30673,-2.683094,918,392.793969849246,1333.82914572864,"LC","20","pointwise"
30673,-1.727584,1016,376.844221105528,1477.37688442211,"LC","20","pointwise"
30673,-0.73922,971,281.145728643216,1477.37688442211,"LC","20","pointwise"
30673,1.256673,821,360.894472361809,1541.17587939698,"LC","20","pointwise"
30673,1.390828,851,233.29648241206,1493.32663316583,"LC","20","pointwise"
30677,-0.780287,348,313.045226130653,1285.97989949749,"HCP","20","pointwise"
30677,-0.249144,1076,297.095477386935,1285.97989949749,"HCP","20","pointwise"
30677,0.637919,758,233.29648241206,1142.43216080402,"HCP","20","pointwise"
30677,1.149897,469,137.597989949749,998.884422110553,"HCP","20","pointwise"
30677,1.648186,794,89.748743718593,1030.78391959799,"HCP","20","pointwise"
30677,2.108145,754,73.7989949748744,1030.78391959799,"HCP","20","pointwise"
30677,2.625599,635,10,1078.63316582915,"HCP","20","pointwise"
30677,3.123888,886,10,1014.83417085427,"HCP","20","pointwise"
30677,-0.780287,348,360.894472361809,1301.92964824121,"DWR","20","pointwise"
30677,-0.249144,1076,297.095477386935,1413.57788944724,"DWR","20","pointwise"
30677,0.637919,758,89.748743718593,1110.53266331658,"DWR","20","pointwise"
30677,1.149897,469,201.396984924623,1158.38190954774,"DWR","20","pointwise"
30677,1.648186,794,89.748743718593,1126.4824120603,"DWR","20","pointwise"
30677,2.108145,754,10,1078.63316582915,"DWR","20","pointwise"
30677,2.625599,635,121.64824120603,1014.83417085427,"DWR","20","pointwise"
30677,3.123888,886,57.8492462311558,1030.78391959799,"DWR","20","pointwise"
30677,-0.780287,348,408.743718592965,1349.77889447236,"LC","20","pointwise"
30677,-0.249144,1076,328.994974874372,1541.17587939698,"LC","20","pointwise"
30677,0.637919,758,297.095477386935,1238.13065326633,"LC","20","pointwise"
30677,1.149897,469,201.396984924623,1429.52763819095,"LC","20","pointwise"
30677,1.648186,794,313.045226130653,1222.18090452261,"LC","20","pointwise"
30677,2.108145,754,137.597989949749,1270.03015075377,"LC","20","pointwise"
30677,2.625599,635,185.447236180905,1700.67336683417,"LC","20","pointwise"
30677,3.123888,886,89.748743718593,1445.47738693467,"LC","20","pointwise"
30692,-2.691307,576,344.94472361809,1270.03015075377,"HCP","20","pointwise"
30692,-2.173854,896,328.994974874372,1317.87939698492,"HCP","20","pointwise"
30692,-1.752224,1163,313.045226130653,1301.92964824121,"HCP","20","pointwise"
30692,-1.28679,1191,328.994974874372,1238.13065326633,"HCP","20","pointwise"
30692,-0.290212,1186,281.145728643216,1349.77889447236,"HCP","20","pointwise"
30692,0.290212,708,217.346733668342,1206.23115577889,"HCP","20","pointwise"
30692,0.845996,419,169.497487437186,1062.68341708543,"HCP","20","pointwise"
30692,1.382615,505,153.547738693467,1094.58291457286,"HCP","20","pointwise"
30692,1.919233,544,57.8492462311558,1030.78391959799,"HCP","20","pointwise"
30692,-2.691307,576,360.894472361809,1333.82914572864,"DWR","20","pointwise"
30692,-2.173854,896,281.145728643216,1222.18090452261,"DWR","20","pointwise"
30692,-1.752224,1163,488.492462311558,1381.6783919598,"DWR","20","pointwise"
30692,-1.28679,1191,344.94472361809,1365.72864321608,"DWR","20","pointwise"
30692,-0.290212,1186,313.045226130653,1317.87939698492,"DWR","20","pointwise"
30692,0.290212,708,217.346733668342,1238.13065326633,"DWR","20","pointwise"
30692,0.845996,419,169.497487437186,1014.83417085427,"DWR","20","pointwise"
30692,1.382615,505,201.396984924623,1174.33165829146,"DWR","20","pointwise"
30692,1.919233,544,153.547738693467,1046.73366834171,"DWR","20","pointwise"
30692,-2.691307,576,313.045226130653,1939.91959798995,"LC","20","pointwise"
30692,-2.173854,896,456.592964824121,1349.77889447236,"LC","20","pointwise"
30692,-1.752224,1163,360.894472361809,1700.67336683417,"LC","20","pointwise"
30692,-1.28679,1191,313.045226130653,1158.38190954774,"LC","20","pointwise"
30692,-0.290212,1186,201.396984924623,1764.47236180905,"LC","20","pointwise"
30692,0.290212,708,169.497487437186,1477.37688442211,"LC","20","pointwise"
30692,0.845996,419,281.145728643216,1748.52261306533,"LC","20","pointwise"
30692,1.382615,505,169.497487437186,1381.6783919598,"LC","20","pointwise"
30692,1.919233,544,201.396984924623,1509.27638190955,"LC","20","pointwise"
30693,-1.232033,905,360.894472361809,1445.47738693467,"HCP","20","pointwise"
30693,-0.728268,991,360.894472361809,1301.92964824121,"HCP","20","pointwise"
30693,0.728268,484,249.246231155779,1142.43216080402,"HCP","20","pointwise"
30693,1.245722,612,105.698492462312,1062.68341708543,"HCP","20","pointwise"
30693,2.067077,628,137.597989949749,1046.73366834171,"HCP","20","pointwise"
30693,2.568104,273,121.64824120603,1030.78391959799,"HCP","20","pointwise"
30693,3.140315,451,105.698492462312,1078.63316582915,"HCP","20","pointwise"
30693,-1.232033,905,392.793969849246,1349.77889447236,"DWR","20","pointwise"
30693,-0.728268,991,408.743718592965,1413.57788944724,"DWR","20","pointwise"
30693,0.728268,484,217.346733668342,1126.4824120603,"DWR","20","pointwise"
30693,1.245722,612,217.346733668342,1078.63316582915,"DWR","20","pointwise"
30693,2.067077,628,73.7989949748744,1030.78391959799,"DWR","20","pointwise"
30693,2.568104,273,105.698492462312,1014.83417085427,"DWR","20","pointwise"
30693,3.140315,451,41.8994974874372,1126.4824120603,"DWR","20","pointwise"
30693,-1.232033,905,488.492462311558,1381.6783919598,"LC","20","pointwise"
30693,-0.728268,991,297.095477386935,1333.82914572864,"LC","20","pointwise"
30693,0.728268,484,10,1668.77386934673,"LC","20","pointwise"
30693,1.245722,612,313.045226130653,1333.82914572864,"LC","20","pointwise"
30693,2.067077,628,137.597989949749,1397.62814070352,"LC","20","pointwise"
30693,2.568104,273,281.145728643216,1604.97487437186,"LC","20","pointwise"
30693,3.140315,451,169.497487437186,1046.73366834171,"LC","20","pointwise"
30698,-2.039699,605,313.045226130653,1301.92964824121,"HCP","20","pointwise"
30698,-1.563313,917,344.94472361809,1254.08040201005,"HCP","20","pointwise"
30698,-0.835045,770,313.045226130653,1254.08040201005,"HCP","20","pointwise"
30698,-0.240931,1200,297.095477386935,1270.03015075377,"HCP","20","pointwise"
30698,0.240931,845,281.145728643216,1285.97989949749,"HCP","20","pointwise"
30698,0.566735,685,169.497487437186,1126.4824120603,"HCP","20","pointwise"
30698,1.103354,527,169.497487437186,1062.68341708543,"HCP","20","pointwise"
30698,1.620808,503,153.547738693467,1030.78391959799,"HCP","20","pointwise"
30698,2.176591,525,73.7989949748744,951.035175879397,"HCP","20","pointwise"
30698,-2.039699,605,392.793969849246,1285.97989949749,"DWR","20","pointwise"
30698,-1.563313,917,456.592964824121,1429.52763819095,"DWR","20","pointwise"
30698,-0.835045,770,408.743718592965,1381.6783919598,"DWR","20","pointwise"
30698,-0.240931,1200,233.29648241206,1190.28140703518,"DWR","20","pointwise"
30698,0.240931,845,313.045226130653,1301.92964824121,"DWR","20","pointwise"
30698,0.566735,685,313.045226130653,1254.08040201005,"DWR","20","pointwise"
30698,1.103354,527,121.64824120603,1110.53266331658,"DWR","20","pointwise"
30698,1.620808,503,185.447236180905,1046.73366834171,"DWR","20","pointwise"
30698,2.176591,525,201.396984924623,998.884422110553,"DWR","20","pointwise"
30698,-2.039699,605,424.693467336683,1589.02512562814,"LC","20","pointwise"
30698,-1.563313,917,217.346733668342,1525.22613065327,"LC","20","pointwise"
30698,-0.835045,770,297.095477386935,1493.32663316583,"LC","20","pointwise"
30698,-0.240931,1200,313.045226130653,1397.62814070352,"LC","20","pointwise"
30698,0.240931,845,297.095477386935,1604.97487437186,"LC","20","pointwise"
30698,0.566735,685,360.894472361809,1429.52763819095,"LC","20","pointwise"
30698,1.103354,527,153.547738693467,1238.13065326633,"LC","20","pointwise"
30698,1.620808,503,233.29648241206,1142.43216080402,"LC","20","pointwise"
30698,2.176591,525,121.64824120603,1190.28140703518,"LC","20","pointwise"
30699,-2.119097,838,249.246231155779,1668.77386934673,"HCP","20","pointwise"
30699,-1.620808,1126,313.045226130653,1573.07537688442,"HCP","20","pointwise"
30699,-1.141684,971,281.145728643216,1557.1256281407,"HCP","20","pointwise"
30699,-0.260096,992,313.045226130653,1604.97487437186,"HCP","20","pointwise"
30699,0.260096,791,169.497487437186,1413.57788944724,"HCP","20","pointwise"
30699,0.73922,505,137.597989949749,1174.33165829146,"HCP","20","pointwise"
30699,1.806982,676,25.9497487437186,1062.68341708543,"HCP","20","pointwise"
30699,2.30527,590,105.698492462312,1046.73366834171,"HCP","20","pointwise"
30699,2.803559,483,73.7989949748744,1046.73366834171,"HCP","20","pointwise"
30699,-2.119097,838,233.29648241206,1222.18090452261,"DWR","20","pointwise"
30699,-1.620808,1126,472.542713567839,1445.47738693467,"DWR","20","pointwise"
30699,-1.141684,971,472.542713567839,1270.03015075377,"DWR","20","pointwise"
30699,-0.260096,992,408.743718592965,1397.62814070352,"DWR","20","pointwise"
30699,0.260096,791,249.246231155779,1270.03015075377,"DWR","20","pointwise"
30699,0.73922,505,217.346733668342,1142.43216080402,"DWR","20","pointwise"
30699,1.806982,676,121.64824120603,1174.33165829146,"DWR","20","pointwise"
30699,2.30527,590,185.447236180905,1126.4824120603,"DWR","20","pointwise"
30699,2.803559,483,233.29648241206,1094.58291457286,"DWR","20","pointwise"
30699,-2.119097,838,185.447236180905,1636.8743718593,"LC","20","pointwise"
30699,-1.620808,1126,408.743718592965,1429.52763819095,"LC","20","pointwise"
30699,-1.141684,971,10,2067.5175879397,"LC","20","pointwise"
30699,-0.260096,992,297.095477386935,1477.37688442211,"LC","20","pointwise"
30699,0.260096,791,217.346733668342,1573.07537688442,"LC","20","pointwise"
30699,0.73922,505,201.396984924623,1573.07537688442,"LC","20","pointwise"
30699,1.806982,676,89.748743718593,1365.72864321608,"LC","20","pointwise"
30699,2.30527,590,10,2019.66834170854,"LC","20","pointwise"
30699,2.803559,483,121.64824120603,1493.32663316583,"LC","20","pointwise"
30702,-0.84052,642,313.045226130653,1397.62814070352,"HCP","20","pointwise"
30702,-0.342231,314,313.045226130653,1509.27638190955,"HCP","20","pointwise"
30702,0.342231,572,265.195979899498,1174.33165829146,"HCP","20","pointwise"
30702,0.939083,472,185.447236180905,1062.68341708543,"HCP","20","pointwise"
30702,1.316906,500,153.547738693467,1062.68341708543,"HCP","20","pointwise"
30702,-0.84052,642,424.693467336683,1301.92964824121,"DWR","20","pointwise"
30702,-0.342231,314,376.844221105528,1397.62814070352,"DWR","20","pointwise"
30702,0.342231,572,201.396984924623,1078.63316582915,"DWR","20","pointwise"
30702,0.939083,472,217.346733668342,1142.43216080402,"DWR","20","pointwise"
30702,1.316906,500,121.64824120603,1158.38190954774,"DWR","20","pointwise"
30702,-0.84052,642,360.894472361809,1397.62814070352,"LC","20","pointwise"
30702,-0.342231,314,313.045226130653,1142.43216080402,"LC","20","pointwise"
30702,0.342231,572,41.8994974874372,1668.77386934673,"LC","20","pointwise"
30702,0.939083,472,344.94472361809,1317.87939698492,"LC","20","pointwise"
30702,1.316906,500,185.447236180905,1254.08040201005,"LC","20","pointwise"
30713,-0.298426,486,424.693467336683,1317.87939698492,"HCP","20","pointwise"
30713,0.939083,803,169.497487437186,1014.83417085427,"HCP","20","pointwise"
30713,2.989733,679,25.9497487437186,982.934673366834,"HCP","20","pointwise"
30713,-0.298426,486,392.793969849246,1254.08040201005,"DWR","20","pointwise"
30713,0.939083,803,137.597989949749,1142.43216080402,"DWR","20","pointwise"
30713,2.989733,679,137.597989949749,1046.73366834171,"DWR","20","pointwise"
30713,-0.298426,486,313.045226130653,1684.72361809045,"LC","20","pointwise"
30713,0.939083,803,408.743718592965,1349.77889447236,"LC","20","pointwise"
30713,2.989733,679,137.597989949749,998.884422110553,"LC","20","pointwise"
30735,-2.466804,748,281.145728643216,1333.82914572864,"HCP","20","pointwise"
30735,-1.968515,685,281.145728643216,1333.82914572864,"HCP","20","pointwise"
30735,-1.546886,684,344.94472361809,1573.07537688442,"HCP","20","pointwise"
30735,-1.144422,711,360.894472361809,1589.02512562814,"HCP","20","pointwise"
30735,-0.703628,837,344.94472361809,1445.47738693467,"HCP","20","pointwise"
30735,-0.224504,897,392.793969849246,1317.87939698492,"HCP","20","pointwise"
30735,0.435318,606,217.346733668342,1222.18090452261,"HCP","20","pointwise"
30735,0.952772,431,201.396984924623,1030.78391959799,"HCP","20","pointwise"
30735,1.467488,473,185.447236180905,966.984924623115,"HCP","20","pointwise"
30735,1.965777,370,153.547738693467,966.984924623115,"HCP","20","pointwise"
30735,-2.466804,748,392.793969849246,1254.08040201005,"DWR","20","pointwise"
30735,-1.968515,685,456.592964824121,1349.77889447236,"DWR","20","pointwise"
30735,-1.546886,684,313.045226130653,1349.77889447236,"DWR","20","pointwise"
30735,-1.144422,711,456.592964824121,1413.57788944724,"DWR","20","pointwise"
30735,-0.703628,837,249.246231155779,1349.77889447236,"DWR","20","pointwise"
30735,-0.224504,897,408.743718592965,1206.23115577889,"DWR","20","pointwise"
30735,0.435318,606,265.195979899498,1174.33165829146,"DWR","20","pointwise"
30735,0.952772,431,121.64824120603,1046.73366834171,"DWR","20","pointwise"
30735,1.467488,473,105.698492462312,1062.68341708543,"DWR","20","pointwise"
30735,1.965777,370,153.547738693467,1078.63316582915,"DWR","20","pointwise"
30735,-2.466804,748,281.145728643216,1349.77889447236,"LC","20","pointwise"
30735,-1.968515,685,440.643216080402,1365.72864321608,"LC","20","pointwise"
30735,-1.546886,684,233.29648241206,1333.82914572864,"LC","20","pointwise"
30735,-1.144422,711,265.195979899498,1238.13065326633,"LC","20","pointwise"
30735,-0.703628,837,265.195979899498,1110.53266331658,"LC","20","pointwise"
30735,-0.224504,897,376.844221105528,1254.08040201005,"LC","20","pointwise"
30735,0.435318,606,313.045226130653,1094.58291457286,"LC","20","pointwise"
30735,0.952772,431,201.396984924623,1285.97989949749,"LC","20","pointwise"
30735,1.467488,473,265.195979899498,1525.22613065327,"LC","20","pointwise"
30735,1.965777,370,10,1333.82914572864,"LC","20","pointwise"
30777,-0.249144,1137,392.793969849246,1349.77889447236,"HCP","20","pointwise"
30777,0.747433,441,233.29648241206,1110.53266331658,"HCP","20","pointwise"
30777,1.212868,623,201.396984924623,1014.83417085427,"HCP","20","pointwise"
30777,1.749487,554,153.547738693467,1062.68341708543,"HCP","20","pointwise"
30777,2.365503,955,121.64824120603,1030.78391959799,"HCP","20","pointwise"
30777,2.844627,314,41.8994974874372,998.884422110553,"HCP","20","pointwise"
30777,-0.249144,1137,313.045226130653,1222.18090452261,"DWR","20","pointwise"
30777,0.747433,441,185.447236180905,1062.68341708543,"DWR","20","pointwise"
30777,1.212868,623,153.547738693467,1110.53266331658,"DWR","20","pointwise"
30777,1.749487,554,57.8492462311558,1126.4824120603,"DWR","20","pointwise"
30777,2.365503,955,89.748743718593,1046.73366834171,"DWR","20","pointwise"
30777,2.844627,314,89.748743718593,1030.78391959799,"DWR","20","pointwise"
30777,-0.249144,1137,233.29648241206,1541.17587939698,"LC","20","pointwise"
30777,0.747433,441,10,1541.17587939698,"LC","20","pointwise"
30777,1.212868,623,169.497487437186,1381.6783919598,"LC","20","pointwise"
30777,1.749487,554,201.396984924623,1349.77889447236,"LC","20","pointwise"
30777,2.365503,955,10,1684.72361809045,"LC","20","pointwise"
30777,2.844627,314,185.447236180905,1270.03015075377,"LC","20","pointwise"
30798,-2.193018,414,360.894472361809,1349.77889447236,"HCP","20","pointwise"
30798,-1.180014,376,392.793969849246,1365.72864321608,"HCP","20","pointwise"
30798,-0.81588,411,392.793969849246,1365.72864321608,"HCP","20","pointwise"
30798,-0.273785,514,344.94472361809,1349.77889447236,"HCP","20","pointwise"
30798,0.273785,501,281.145728643216,1174.33165829146,"HCP","20","pointwise"
30798,0.695414,558,185.447236180905,1174.33165829146,"HCP","20","pointwise"
30798,1.117043,518,233.29648241206,1142.43216080402,"HCP","20","pointwise"
30798,1.615332,572,137.597989949749,1046.73366834171,"HCP","20","pointwise"
30798,2.116359,361,57.8492462311558,998.884422110553,"HCP","20","pointwise"
30798,2.633812,317,41.8994974874372,998.884422110553,"HCP","20","pointwise"
30798,-2.193018,414,472.542713567839,1429.52763819095,"DWR","20","pointwise"
30798,-1.180014,376,249.246231155779,1397.62814070352,"DWR","20","pointwise"
30798,-0.81588,411,360.894472361809,1365.72864321608,"DWR","20","pointwise"
30798,-0.273785,514,233.29648241206,1381.6783919598,"DWR","20","pointwise"
30798,0.273785,501,265.195979899498,1174.33165829146,"DWR","20","pointwise"
30798,0.695414,558,137.597989949749,1190.28140703518,"DWR","20","pointwise"
30798,1.117043,518,217.346733668342,1078.63316582915,"DWR","20","pointwise"
30798,1.615332,572,201.396984924623,1174.33165829146,"DWR","20","pointwise"
30798,2.116359,361,137.597989949749,1030.78391959799,"DWR","20","pointwise"
30798,2.633812,317,25.9497487437186,998.884422110553,"DWR","20","pointwise"
30798,-2.193018,414,392.793969849246,1477.37688442211,"LC","20","pointwise"
30798,-1.180014,376,137.597989949749,1541.17587939698,"LC","20","pointwise"
30798,-0.81588,411,392.793969849246,1206.23115577889,"LC","20","pointwise"
30798,-0.273785,514,328.994974874372,1636.8743718593,"LC","20","pointwise"
30798,0.273785,501,249.246231155779,1445.47738693467,"LC","20","pointwise"
30798,0.695414,558,217.346733668342,1604.97487437186,"LC","20","pointwise"
30798,1.117043,518,249.246231155779,1285.97989949749,"LC","20","pointwise"
30798,1.615332,572,169.497487437186,1126.4824120603,"LC","20","pointwise"
30798,2.116359,361,281.145728643216,935.085427135678,"LC","20","pointwise"
30798,2.633812,317,297.095477386935,1301.92964824121,"LC","20","pointwise"
30820,-0.251882,1785,313.045226130653,1285.97989949749,"HCP","20","pointwise"
30820,0.251882,1075,281.145728643216,1238.13065326633,"HCP","20","pointwise"
30820,1.631759,1117,185.447236180905,982.934673366834,"HCP","20","pointwise"
30820,-0.251882,1785,344.94472361809,1270.03015075377,"DWR","20","pointwise"
30820,0.251882,1075,153.547738693467,1110.53266331658,"DWR","20","pointwise"
30820,1.631759,1117,89.748743718593,1142.43216080402,"DWR","20","pointwise"
30820,-0.251882,1785,360.894472361809,1349.77889447236,"LC","20","pointwise"
30820,0.251882,1075,41.8994974874372,1142.43216080402,"LC","20","pointwise"
30820,1.631759,1117,185.447236180905,1094.58291457286,"LC","20","pointwise"
30827,-0.249144,303,297.095477386935,1349.77889447236,"HCP","20","pointwise"
30827,0.249144,451,217.346733668342,1270.03015075377,"HCP","20","pointwise"
30827,0.673511,297,185.447236180905,1190.28140703518,"HCP","20","pointwise"
30827,1.040383,233,169.497487437186,1078.63316582915,"HCP","20","pointwise"
30827,1.620808,290,57.8492462311558,1014.83417085427,"HCP","20","pointwise"
30827,1.908282,184,10,966.984924623115,"HCP","20","pointwise"
30827,2.417522,505,89.748743718593,982.934673366834,"HCP","20","pointwise"
30827,2.915811,301,57.8492462311558,1046.73366834171,"HCP","20","pointwise"
30827,3.436003,101,41.8994974874372,1030.78391959799,"HCP","20","pointwise"
30827,-0.249144,303,344.94472361809,1254.08040201005,"DWR","20","pointwise"
30827,0.249144,451,265.195979899498,1222.18090452261,"DWR","20","pointwise"
30827,0.673511,297,169.497487437186,1142.43216080402,"DWR","20","pointwise"
30827,1.040383,233,153.547738693467,1190.28140703518,"DWR","20","pointwise"
30827,1.620808,290,41.8994974874372,1174.33165829146,"DWR","20","pointwise"
30827,1.908282,184,137.597989949749,1190.28140703518,"DWR","20","pointwise"
30827,2.417522,505,169.497487437186,1094.58291457286,"DWR","20","pointwise"
30827,2.915811,301,121.64824120603,966.984924623115,"DWR","20","pointwise"
30827,3.436003,101,25.9497487437186,935.085427135678,"DWR","20","pointwise"
30827,-0.249144,303,344.94472361809,1381.6783919598,"LC","20","pointwise"
30827,0.249144,451,360.894472361809,1668.77386934673,"LC","20","pointwise"
30827,0.673511,297,185.447236180905,1413.57788944724,"LC","20","pointwise"
30827,1.040383,233,89.748743718593,1413.57788944724,"LC","20","pointwise"
30827,1.620808,290,57.8492462311558,1381.6783919598,"LC","20","pointwise"
30827,1.908282,184,281.145728643216,1317.87939698492,"LC","20","pointwise"
30827,2.417522,505,137.597989949749,1397.62814070352,"LC","20","pointwise"
30827,2.915811,301,201.396984924623,1046.73366834171,"LC","20","pointwise"
30827,3.436003,101,233.29648241206,1158.38190954774,"LC","20","pointwise"
30835,-1.21013,723,313.045226130653,1461.42713567839,"HCP","20","pointwise"
30835,-0.681725,1049,281.145728643216,1429.52763819095,"HCP","20","pointwise"
30835,-0.183436,1028,281.145728643216,1413.57788944724,"HCP","20","pointwise"
30835,0.183436,640,185.447236180905,1301.92964824121,"HCP","20","pointwise"
30835,0.643395,476,185.447236180905,1285.97989949749,"HCP","20","pointwise"
30835,1.155373,536,169.497487437186,1142.43216080402,"HCP","20","pointwise"
30835,-1.21013,723,344.94472361809,1349.77889447236,"DWR","20","pointwise"
30835,-0.681725,1049,456.592964824121,1397.62814070352,"DWR","20","pointwise"
30835,-0.183436,1028,281.145728643216,1206.23115577889,"DWR","20","pointwise"
30835,0.183436,640,328.994974874372,1317.87939698492,"DWR","20","pointwise"
30835,0.643395,476,153.547738693467,1174.33165829146,"DWR","20","pointwise"
30835,1.155373,536,185.447236180905,1142.43216080402,"DWR","20","pointwise"
30835,-1.21013,723,568.241206030151,1301.92964824121,"LC","20","pointwise"
30835,-0.681725,1049,328.994974874372,1413.57788944724,"LC","20","pointwise"
30835,-0.183436,1028,376.844221105528,1190.28140703518,"LC","20","pointwise"
30835,0.183436,640,89.748743718593,1285.97989949749,"LC","20","pointwise"
30835,0.643395,476,344.94472361809,1397.62814070352,"LC","20","pointwise"
30835,1.155373,536,185.447236180905,1254.08040201005,"LC","20","pointwise"
30840,-0.605065,1683,328.994974874372,1301.92964824121,"HCP","20","pointwise"
30840,0.605065,1317,217.346733668342,1206.23115577889,"HCP","20","pointwise"
30840,0.821355,670,249.246231155779,998.884422110553,"HCP","20","pointwise"
30840,1.412731,902,121.64824120603,982.934673366834,"HCP","20","pointwise"
30840,-0.605065,1683,344.94472361809,1397.62814070352,"DWR","20","pointwise"
30840,0.605065,1317,169.497487437186,1190.28140703518,"DWR","20","pointwise"
30840,0.821355,670,153.547738693467,1030.78391959799,"DWR","20","pointwise"
30840,1.412731,902,153.547738693467,1158.38190954774,"DWR","20","pointwise"
30840,-0.605065,1683,328.994974874372,1333.82914572864,"LC","20","pointwise"
30840,0.605065,1317,360.894472361809,1589.02512562814,"LC","20","pointwise"
30840,0.821355,670,408.743718592965,1110.53266331658,"LC","20","pointwise"
30840,1.412731,902,297.095477386935,1254.08040201005,"LC","20","pointwise"
30864,-2.324435,1178,233.29648241206,1509.27638190955,"HCP","20","pointwise"
30864,2.324435,348,10,1078.63316582915,"HCP","20","pointwise"
30864,-2.324435,1178,408.743718592965,1365.72864321608,"DWR","20","pointwise"
30864,2.324435,348,249.246231155779,1190.28140703518,"DWR","20","pointwise"
30864,-2.324435,1178,201.396984924623,1429.52763819095,"LC","20","pointwise"
30864,2.324435,348,281.145728643216,1732.57286432161,"LC","20","pointwise"
30868,-2.579056,941,217.346733668342,1413.57788944724,"HCP","20","pointwise"
30868,-2.119097,790,233.29648241206,1365.72864321608,"HCP","20","pointwise"
30868,-1.601643,1059,233.29648241206,1429.52763819095,"HCP","20","pointwise"
30868,-1.218344,1026,265.195979899498,1429.52763819095,"HCP","20","pointwise"
30868,-0.796715,1047,233.29648241206,1365.72864321608,"HCP","20","pointwise"
30868,-0.260096,1072,281.145728643216,1301.92964824121,"HCP","20","pointwise"
30868,0.260096,816,169.497487437186,1238.13065326633,"HCP","20","pointwise"
30868,0.81588,735,137.597989949749,1046.73366834171,"HCP","20","pointwise"
30868,-2.579056,941,360.894472361809,1190.28140703518,"DWR","20","pointwise"
30868,-2.119097,790,360.894472361809,1301.92964824121,"DWR","20","pointwise"
30868,-1.601643,1059,344.94472361809,1413.57788944724,"DWR","20","pointwise"
30868,-1.218344,1026,488.492462311558,1301.92964824121,"DWR","20","pointwise"
30868,-0.796715,1047,456.592964824121,1381.6783919598,"DWR","20","pointwise"
30868,-0.260096,1072,313.045226130653,1222.18090452261,"DWR","20","pointwise"
30868,0.260096,816,153.547738693467,1238.13065326633,"DWR","20","pointwise"
30868,0.81588,735,137.597989949749,1222.18090452261,"DWR","20","pointwise"
30868,-2.579056,941,392.793969849246,1620.92462311558,"LC","20","pointwise"
30868,-2.119097,790,233.29648241206,1796.37185929648,"LC","20","pointwise"
30868,-1.601643,1059,10,1923.96984924623,"LC","20","pointwise"
30868,-1.218344,1026,249.246231155779,1477.37688442211,"LC","20","pointwise"
30868,-0.796715,1047,376.844221105528,1636.8743718593,"LC","20","pointwise"
30868,-0.260096,1072,137.597989949749,1509.27638190955,"LC","20","pointwise"
30868,0.260096,816,297.095477386935,1270.03015075377,"LC","20","pointwise"
30868,0.81588,735,313.045226130653,1397.62814070352,"LC","20","pointwise"
30871,-2.031485,853,313.045226130653,1429.52763819095,"HCP","20","pointwise"
30871,-1.514032,743,297.095477386935,1445.47738693467,"HCP","20","pointwise"
30871,-1.034908,785,249.246231155779,1445.47738693467,"HCP","20","pointwise"
30871,-0.689938,687,201.396984924623,1477.37688442211,"HCP","20","pointwise"
30871,-0.268309,572,249.246231155779,1525.22613065327,"HCP","20","pointwise"
30871,0.268309,899,169.497487437186,1126.4824120603,"HCP","20","pointwise"
30871,0.651608,899,201.396984924623,1110.53266331658,"HCP","20","pointwise"
30871,1.149897,824,137.597989949749,998.884422110553,"HCP","20","pointwise"
30871,1.648186,728,10,966.984924623115,"HCP","20","pointwise"
30871,2.146475,858,25.9497487437186,982.934673366834,"HCP","20","pointwise"
30871,2.650239,899,41.8994974874372,982.934673366834,"HCP","20","pointwise"
30871,-2.031485,853,424.693467336683,1317.87939698492,"DWR","20","pointwise"
30871,-1.514032,743,424.693467336683,1365.72864321608,"DWR","20","pointwise"
30871,-1.034908,785,488.492462311558,1333.82914572864,"DWR","20","pointwise"
30871,-0.689938,687,456.592964824121,1397.62814070352,"DWR","20","pointwise"
30871,-0.268309,572,360.894472361809,1381.6783919598,"DWR","20","pointwise"
30871,0.268309,899,297.095477386935,1158.38190954774,"DWR","20","pointwise"
30871,0.651608,899,265.195979899498,1174.33165829146,"DWR","20","pointwise"
30871,1.149897,824,201.396984924623,1014.83417085427,"DWR","20","pointwise"
30871,1.648186,728,265.195979899498,1174.33165829146,"DWR","20","pointwise"
30871,2.146475,858,121.64824120603,1062.68341708543,"DWR","20","pointwise"
30871,2.650239,899,185.447236180905,1014.83417085427,"DWR","20","pointwise"
30871,-2.031485,853,408.743718592965,1285.97989949749,"LC","20","pointwise"
30871,-1.514032,743,376.844221105528,1190.28140703518,"LC","20","pointwise"
30871,-1.034908,785,297.095477386935,1445.47738693467,"LC","20","pointwise"
30871,-0.689938,687,360.894472361809,1317.87939698492,"LC","20","pointwise"
30871,-0.268309,572,328.994974874372,1445.47738693467,"LC","20","pointwise"
30871,0.268309,899,169.497487437186,1429.52763819095,"LC","20","pointwise"
30871,0.651608,899,121.64824120603,1477.37688442211,"LC","20","pointwise"
30871,1.149897,824,249.246231155779,1046.73366834171,"LC","20","pointwise"
30871,1.648186,728,201.396984924623,1397.62814070352,"LC","20","pointwise"
30871,2.146475,858,73.7989949748744,1333.82914572864,"LC","20","pointwise"
30871,2.650239,899,153.547738693467,1142.43216080402,"LC","20","pointwise"
30881,-0.769336,799,265.195979899498,1270.03015075377,"HCP","20","pointwise"
30881,-0.25462,921,217.346733668342,1222.18090452261,"HCP","20","pointwise"
30881,0.251882,326,169.497487437186,1190.28140703518,"HCP","20","pointwise"
30881,0.629706,272,217.346733668342,1158.38190954774,"HCP","20","pointwise"
30881,1.0705,276,153.547738693467,1062.68341708543,"HCP","20","pointwise"
30881,1.319644,415,201.396984924623,1014.83417085427,"HCP","20","pointwise"
30881,1.919233,410,153.547738693467,1030.78391959799,"HCP","20","pointwise"
30881,2.398357,354,105.698492462312,1110.53266331658,"HCP","20","pointwise"
30881,2.858316,333,41.8994974874372,1094.58291457286,"HCP","20","pointwise"
30881,3.373032,401,25.9497487437186,1030.78391959799,"HCP","20","pointwise"
30881,3.906913,387,57.8492462311558,998.884422110553,"HCP","20","pointwise"
30881,-0.769336,799,313.045226130653,1238.13065326633,"DWR","20","pointwise"
30881,-0.25462,921,360.894472361809,1333.82914572864,"DWR","20","pointwise"
30881,0.251882,326,153.547738693467,1174.33165829146,"DWR","20","pointwise"
30881,0.629706,272,297.095477386935,1270.03015075377,"DWR","20","pointwise"
30881,1.0705,276,297.095477386935,1190.28140703518,"DWR","20","pointwise"
30881,1.319644,415,121.64824120603,1078.63316582915,"DWR","20","pointwise"
30881,1.919233,410,73.7989949748744,1110.53266331658,"DWR","20","pointwise"
30881,2.398357,354,89.748743718593,1030.78391959799,"DWR","20","pointwise"
30881,2.858316,333,121.64824120603,1046.73366834171,"DWR","20","pointwise"
30881,3.373032,401,185.447236180905,1126.4824120603,"DWR","20","pointwise"
30881,3.906913,387,201.396984924623,1206.23115577889,"DWR","20","pointwise"
30881,-0.769336,799,328.994974874372,1541.17587939698,"LC","20","pointwise"
30881,-0.25462,921,313.045226130653,1285.97989949749,"LC","20","pointwise"
30881,0.251882,326,408.743718592965,1892.07035175879,"LC","20","pointwise"
30881,0.629706,272,344.94472361809,1748.52261306533,"LC","20","pointwise"
30881,1.0705,276,57.8492462311558,1684.72361809045,"LC","20","pointwise"
30881,1.319644,415,249.246231155779,1397.62814070352,"LC","20","pointwise"
30881,1.919233,410,281.145728643216,1046.73366834171,"LC","20","pointwise"
30881,2.398357,354,265.195979899498,1381.6783919598,"LC","20","pointwise"
30881,2.858316,333,89.748743718593,1270.03015075377,"LC","20","pointwise"
30881,3.373032,401,73.7989949748744,1365.72864321608,"LC","20","pointwise"
30881,3.906913,387,10,1413.57788944724,"LC","20","pointwise"
30882,-2.71321,1077,297.095477386935,1493.32663316583,"HCP","20","pointwise"
30882,-0.851472,1516,360.894472361809,1461.42713567839,"HCP","20","pointwise"
30882,-0.492813,1631,297.095477386935,1413.57788944724,"HCP","20","pointwise"
30882,0.851472,804,137.597989949749,1285.97989949749,"HCP","20","pointwise"
30882,1.221081,1215,121.64824120603,1349.77889447236,"HCP","20","pointwise"
30882,1.64271,810,57.8492462311558,1892.07035175879,"HCP","20","pointwise"
30882,2.138262,919,105.698492462312,1381.6783919598,"HCP","20","pointwise"
30882,-2.71321,1077,440.643216080402,1333.82914572864,"DWR","20","pointwise"
30882,-0.851472,1516,472.542713567839,1397.62814070352,"DWR","20","pointwise"
30882,-0.492813,1631,392.793969849246,1317.87939698492,"DWR","20","pointwise"
30882,0.851472,804,201.396984924623,1190.28140703518,"DWR","20","pointwise"
30882,1.221081,1215,137.597989949749,1254.08040201005,"DWR","20","pointwise"
30882,1.64271,810,41.8994974874372,1094.58291457286,"DWR","20","pointwise"
30882,2.138262,919,265.195979899498,1142.43216080402,"DWR","20","pointwise"
30882,-2.71321,1077,249.246231155779,1349.77889447236,"LC","20","pointwise"
30882,-0.851472,1516,10,1509.27638190955,"LC","20","pointwise"
30882,-0.492813,1631,281.145728643216,1445.47738693467,"LC","20","pointwise"
30882,0.851472,804,217.346733668342,1684.72361809045,"LC","20","pointwise"
30882,1.221081,1215,233.29648241206,1716.62311557789,"LC","20","pointwise"
30882,1.64271,810,153.547738693467,1397.62814070352,"LC","20","pointwise"
30882,2.138262,919,121.64824120603,1349.77889447236,"LC","20","pointwise"
30913,-2.160164,882,408.743718592965,1493.32663316583,"HCP","20","pointwise"
30913,-1.357974,698,376.844221105528,1636.8743718593,"HCP","20","pointwise"
30913,-0.952772,653,408.743718592965,1509.27638190955,"HCP","20","pointwise"
30913,-0.416153,550,376.844221105528,1413.57788944724,"HCP","20","pointwise"
30913,-2.160164,882,408.743718592965,1445.47738693467,"DWR","20","pointwise"
30913,-1.357974,698,472.542713567839,1333.82914572864,"DWR","20","pointwise"
30913,-0.952772,653,424.693467336683,1461.42713567839,"DWR","20","pointwise"
30913,-0.416153,550,328.994974874372,1381.6783919598,"DWR","20","pointwise"
30913,-2.160164,882,360.894472361809,1461.42713567839,"LC","20","pointwise"
30913,-1.357974,698,360.894472361809,1445.47738693467,"LC","20","pointwise"
30913,-0.952772,653,456.592964824121,1509.27638190955,"LC","20","pointwise"
30913,-0.416153,550,217.346733668342,1461.42713567839,"LC","20","pointwise"
30931,-2.05065,817,313.045226130653,1285.97989949749,"HCP","20","pointwise"
30931,2.42026,515,105.698492462312,1030.78391959799,"HCP","20","pointwise"
30931,-2.05065,817,504.442211055276,1445.47738693467,"DWR","20","pointwise"
30931,2.42026,515,217.346733668342,1349.77889447236,"DWR","20","pointwise"
30931,-2.05065,817,265.195979899498,1796.37185929648,"LC","20","pointwise"
30931,2.42026,515,169.497487437186,1461.42713567839,"LC","20","pointwise"
30933,-0.260096,701,217.346733668342,1333.82914572864,"HCP","20","pointwise"
30933,0.260096,767,137.597989949749,1349.77889447236,"HCP","20","pointwise"
30933,1.226557,344,169.497487437186,1142.43216080402,"HCP","20","pointwise"
30933,1.705681,328,105.698492462312,1158.38190954774,"HCP","20","pointwise"
30933,2.2423,413,121.64824120603,1110.53266331658,"HCP","20","pointwise"
30933,2.59822,291,73.7989949748744,1142.43216080402,"HCP","20","pointwise"
30933,3.028063,323,73.7989949748744,1158.38190954774,"HCP","20","pointwise"
30933,3.545517,150,105.698492462312,1158.38190954774,"HCP","20","pointwise"
30933,4.22998,102,105.698492462312,1062.68341708543,"HCP","20","pointwise"
30933,-0.260096,701,504.442211055276,1604.97487437186,"DWR","20","pointwise"
30933,0.260096,767,233.29648241206,1174.33165829146,"DWR","20","pointwise"
30933,1.226557,344,201.396984924623,1014.83417085427,"DWR","20","pointwise"
30933,1.705681,328,185.447236180905,1094.58291457286,"DWR","20","pointwise"
30933,2.2423,413,25.9497487437186,998.884422110553,"DWR","20","pointwise"
30933,2.59822,291,10,1062.68341708543,"DWR","20","pointwise"
30933,3.028063,323,185.447236180905,1030.78391959799,"DWR","20","pointwise"
30933,3.545517,150,265.195979899498,1190.28140703518,"DWR","20","pointwise"
30933,4.22998,102,169.497487437186,1110.53266331658,"DWR","20","pointwise"
30933,-0.260096,701,10,2115.36683417085,"LC","20","pointwise"
30933,0.260096,767,249.246231155779,1317.87939698492,"LC","20","pointwise"
30933,1.226557,344,73.7989949748744,1812.3216080402,"LC","20","pointwise"
30933,1.705681,328,10,2115.36683417085,"LC","20","pointwise"
30933,2.2423,413,153.547738693467,1732.57286432161,"LC","20","pointwise"
30933,2.59822,291,10,1333.82914572864,"LC","20","pointwise"
30933,3.028063,323,313.045226130653,1222.18090452261,"LC","20","pointwise"
30933,3.545517,150,10,1333.82914572864,"LC","20","pointwise"
30933,4.22998,102,10,1923.96984924623,"LC","20","pointwise"
30953,-2.540725,556,376.844221105528,1317.87939698492,"HCP","20","pointwise"
30953,-2.080767,779,313.045226130653,1317.87939698492,"HCP","20","pointwise"
30953,-1.620808,947,344.94472361809,1317.87939698492,"HCP","20","pointwise"
30953,-0.77755,936,281.145728643216,1365.72864321608,"HCP","20","pointwise"
30953,-0.298426,919,201.396984924623,1317.87939698492,"HCP","20","pointwise"
30953,0.298426,740,185.447236180905,1190.28140703518,"HCP","20","pointwise"
30953,1.111567,756,137.597989949749,1078.63316582915,"HCP","20","pointwise"
30953,-2.540725,556,265.195979899498,1190.28140703518,"DWR","20","pointwise"
30953,-2.080767,779,344.94472361809,1222.18090452261,"DWR","20","pointwise"
30953,-1.620808,947,392.793969849246,1301.92964824121,"DWR","20","pointwise"
30953,-0.77755,936,408.743718592965,1270.03015075377,"DWR","20","pointwise"
30953,-0.298426,919,360.894472361809,1333.82914572864,"DWR","20","pointwise"
30953,0.298426,740,233.29648241206,1078.63316582915,"DWR","20","pointwise"
30953,1.111567,756,185.447236180905,1174.33165829146,"DWR","20","pointwise"
30953,-2.540725,556,376.844221105528,1445.47738693467,"LC","20","pointwise"
30953,-2.080767,779,392.793969849246,1509.27638190955,"LC","20","pointwise"
30953,-1.620808,947,360.894472361809,1876.12060301508,"LC","20","pointwise"
30953,-0.77755,936,392.793969849246,1493.32663316583,"LC","20","pointwise"
30953,-0.298426,919,313.045226130653,1270.03015075377,"LC","20","pointwise"
30953,0.298426,740,344.94472361809,1285.97989949749,"LC","20","pointwise"
30953,1.111567,756,185.447236180905,1716.62311557789,"LC","20","pointwise"
30960,-2.628337,596,376.844221105528,1381.6783919598,"HCP","20","pointwise"
30960,-2.119097,760,376.844221105528,1397.62814070352,"HCP","20","pointwise"
30960,-1.218344,609,233.29648241206,1317.87939698492,"HCP","20","pointwise"
30960,-0.758385,648,233.29648241206,1301.92964824121,"HCP","20","pointwise"
30960,0.62423,575,137.597989949749,1190.28140703518,"HCP","20","pointwise"
30960,-2.628337,596,424.693467336683,1333.82914572864,"DWR","20","pointwise"
30960,-2.119097,760,344.94472361809,1270.03015075377,"DWR","20","pointwise"
30960,-1.218344,609,440.643216080402,1381.6783919598,"DWR","20","pointwise"
30960,-0.758385,648,520.391959798995,1477.37688442211,"DWR","20","pointwise"
30960,0.62423,575,217.346733668342,1110.53266331658,"DWR","20","pointwise"
30960,-2.628337,596,360.894472361809,1413.57788944724,"LC","20","pointwise"
30960,-2.119097,760,313.045226130653,1381.6783919598,"LC","20","pointwise"
30960,-1.218344,609,249.246231155779,1413.57788944724,"LC","20","pointwise"
30960,-0.758385,648,265.195979899498,1222.18090452261,"LC","20","pointwise"
30960,0.62423,575,121.64824120603,1509.27638190955,"LC","20","pointwise"
30995,-2.685832,715,376.844221105528,1285.97989949749,"HCP","20","pointwise"
30995,-2.187543,824,408.743718592965,1285.97989949749,"HCP","20","pointwise"
30995,-1.708419,641,440.643216080402,1333.82914572864,"HCP","20","pointwise"
30995,-1.201916,499,313.045226130653,1349.77889447236,"HCP","20","pointwise"
30995,-0.722793,462,344.94472361809,1285.97989949749,"HCP","20","pointwise"
30995,-2.685832,715,536.341708542713,1445.47738693467,"DWR","20","pointwise"
30995,-2.187543,824,360.894472361809,1365.72864321608,"DWR","20","pointwise"
30995,-1.708419,641,344.94472361809,1317.87939698492,"DWR","20","pointwise"
30995,-1.201916,499,233.29648241206,1429.52763819095,"DWR","20","pointwise"
30995,-0.722793,462,297.095477386935,1397.62814070352,"DWR","20","pointwise"
30995,-2.685832,715,265.195979899498,1222.18090452261,"LC","20","pointwise"
30995,-2.187543,824,392.793969849246,1987.76884422111,"LC","20","pointwise"
30995,-1.708419,641,424.693467336683,1668.77386934673,"LC","20","pointwise"
30995,-1.201916,499,265.195979899498,1716.62311557789,"LC","20","pointwise"
30995,-0.722793,462,440.643216080402,1365.72864321608,"LC","20","pointwise"
30999,-2.004107,1097,249.246231155779,1349.77889447236,"HCP","20","pointwise"
30999,-1.486653,818,297.095477386935,1349.77889447236,"HCP","20","pointwise"
30999,-1.048597,832,392.793969849246,1381.6783919598,"HCP","20","pointwise"
30999,1.048597,253,169.497487437186,1030.78391959799,"HCP","20","pointwise"
30999,-2.004107,1097,424.693467336683,1301.92964824121,"DWR","20","pointwise"
30999,-1.486653,818,265.195979899498,1254.08040201005,"DWR","20","pointwise"
30999,-1.048597,832,408.743718592965,1238.13065326633,"DWR","20","pointwise"
30999,1.048597,253,137.597989949749,1078.63316582915,"DWR","20","pointwise"
30999,-2.004107,1097,137.597989949749,1493.32663316583,"LC","20","pointwise"
30999,-1.486653,818,360.894472361809,1620.92462311558,"LC","20","pointwise"
30999,-1.048597,832,392.793969849246,1222.18090452261,"LC","20","pointwise"
30999,1.048597,253,10,1429.52763819095,"LC","20","pointwise"
31036,-1.130732,873,360.894472361809,1333.82914572864,"HCP","20","pointwise"
31036,-0.616016,829,265.195979899498,1445.47738693467,"HCP","20","pointwise"
31036,-0.19165,2702,313.045226130653,1317.87939698492,"HCP","20","pointwise"
31036,0.19165,932,281.145728643216,1333.82914572864,"HCP","20","pointwise"
31036,0.684463,658,217.346733668342,1158.38190954774,"HCP","20","pointwise"
31036,1.336071,823,201.396984924623,1030.78391959799,"HCP","20","pointwise"
31036,-1.130732,873,360.894472361809,1381.6783919598,"DWR","20","pointwise"
31036,-0.616016,829,424.693467336683,1317.87939698492,"DWR","20","pointwise"
31036,-0.19165,2702,408.743718592965,1429.52763819095,"DWR","20","pointwise"
31036,0.19165,932,313.045226130653,1301.92964824121,"DWR","20","pointwise"
31036,0.684463,658,185.447236180905,1254.08040201005,"DWR","20","pointwise"
31036,1.336071,823,217.346733668342,1110.53266331658,"DWR","20","pointwise"
31036,-1.130732,873,344.94472361809,1860.17085427136,"LC","20","pointwise"
31036,-0.616016,829,10,1876.12060301508,"LC","20","pointwise"
31036,-0.19165,2702,344.94472361809,1333.82914572864,"LC","20","pointwise"
31036,0.19165,932,360.894472361809,1987.76884422111,"LC","20","pointwise"
31036,0.684463,658,121.64824120603,1557.1256281407,"LC","20","pointwise"
31036,1.336071,823,105.698492462312,1317.87939698492,"LC","20","pointwise"
31054,-0.76386,1585,265.195979899498,1365.72864321608,"HCP","20","pointwise"
31054,-0.227242,1731,265.195979899498,1365.72864321608,"HCP","20","pointwise"
31054,0.227242,1466,217.346733668342,1301.92964824121,"HCP","20","pointwise"
31054,0.610541,1224,169.497487437186,1270.03015075377,"HCP","20","pointwise"
31054,1.10883,1482,201.396984924623,1110.53266331658,"HCP","20","pointwise"
31054,1.69473,1376,217.346733668342,1030.78391959799,"HCP","20","pointwise"
31054,2.08898,1245,185.447236180905,1062.68341708543,"HCP","20","pointwise"
31054,2.748802,1159,57.8492462311558,1126.4824120603,"HCP","20","pointwise"
31054,3.400411,916,41.8994974874372,1158.38190954774,"HCP","20","pointwise"
31054,-0.76386,1585,392.793969849246,1413.57788944724,"DWR","20","pointwise"
31054,-0.227242,1731,344.94472361809,1238.13065326633,"DWR","20","pointwise"
31054,0.227242,1466,376.844221105528,1270.03015075377,"DWR","20","pointwise"
31054,0.610541,1224,265.195979899498,1254.08040201005,"DWR","20","pointwise"
31054,1.10883,1482,344.94472361809,1254.08040201005,"DWR","20","pointwise"
31054,1.69473,1376,89.748743718593,1078.63316582915,"DWR","20","pointwise"
31054,2.08898,1245,73.7989949748744,935.085427135678,"DWR","20","pointwise"
31054,2.748802,1159,121.64824120603,1094.58291457286,"DWR","20","pointwise"
31054,3.400411,916,249.246231155779,1190.28140703518,"DWR","20","pointwise"
31054,-0.76386,1585,217.346733668342,1445.47738693467,"LC","20","pointwise"
31054,-0.227242,1731,217.346733668342,1429.52763819095,"LC","20","pointwise"
31054,0.227242,1466,105.698492462312,1365.72864321608,"LC","20","pointwise"
31054,0.610541,1224,169.497487437186,1620.92462311558,"LC","20","pointwise"
31054,1.10883,1482,10,1923.96984924623,"LC","20","pointwise"
31054,1.69473,1376,281.145728643216,1573.07537688442,"LC","20","pointwise"
31054,2.08898,1245,185.447236180905,1700.67336683417,"LC","20","pointwise"
31054,2.748802,1159,89.748743718593,1317.87939698492,"LC","20","pointwise"
31054,3.400411,916,41.8994974874372,1158.38190954774,"LC","20","pointwise"
31062,-2.20397,644,328.994974874372,1317.87939698492,"HCP","20","pointwise"
31062,-1.571526,373,360.894472361809,1333.82914572864,"HCP","20","pointwise"
31062,-1.169062,573,360.894472361809,1349.77889447236,"HCP","20","pointwise"
31062,-0.728268,408,328.994974874372,1301.92964824121,"HCP","20","pointwise"
31062,-0.268309,389,328.994974874372,1333.82914572864,"HCP","20","pointwise"
31062,0.268309,677,201.396984924623,1222.18090452261,"HCP","20","pointwise"
31062,0.678987,819,169.497487437186,1158.38190954774,"HCP","20","pointwise"
31062,0.900753,466,185.447236180905,1030.78391959799,"HCP","20","pointwise"
31062,1.399042,382,185.447236180905,1030.78391959799,"HCP","20","pointwise"
31062,1.878166,332,121.64824120603,1126.4824120603,"HCP","20","pointwise"
31062,2.759754,371,73.7989949748744,1094.58291457286,"HCP","20","pointwise"
31062,-2.20397,644,233.29648241206,1301.92964824121,"DWR","20","pointwise"
31062,-1.571526,373,392.793969849246,1349.77889447236,"DWR","20","pointwise"
31062,-1.169062,573,328.994974874372,1206.23115577889,"DWR","20","pointwise"
31062,-0.728268,408,392.793969849246,1238.13065326633,"DWR","20","pointwise"
31062,-0.268309,389,456.592964824121,1397.62814070352,"DWR","20","pointwise"
31062,0.268309,677,249.246231155779,1174.33165829146,"DWR","20","pointwise"
31062,0.678987,819,201.396984924623,1238.13065326633,"DWR","20","pointwise"
31062,0.900753,466,201.396984924623,1126.4824120603,"DWR","20","pointwise"
31062,1.399042,382,25.9497487437186,1046.73366834171,"DWR","20","pointwise"
31062,1.878166,332,73.7989949748744,998.884422110553,"DWR","20","pointwise"
31062,2.759754,371,89.748743718593,998.884422110553,"DWR","20","pointwise"
31062,-2.20397,644,424.693467336683,1397.62814070352,"LC","20","pointwise"
31062,-1.571526,373,313.045226130653,1477.37688442211,"LC","20","pointwise"
31062,-1.169062,573,249.246231155779,1349.77889447236,"LC","20","pointwise"
31062,-0.728268,408,265.195979899498,1397.62814070352,"LC","20","pointwise"
31062,-0.268309,389,328.994974874372,1573.07537688442,"LC","20","pointwise"
31062,0.268309,677,360.894472361809,1254.08040201005,"LC","20","pointwise"
31062,0.678987,819,249.246231155779,1126.4824120603,"LC","20","pointwise"
31062,0.900753,466,249.246231155779,1413.57788944724,"LC","20","pointwise"
31062,1.399042,382,10,2035.61809045226,"LC","20","pointwise"
31062,1.878166,332,41.8994974874372,1477.37688442211,"LC","20","pointwise"
31062,2.759754,371,137.597989949749,1397.62814070352,"LC","20","pointwise"
40012,-2.609172,616,281.145728643216,1270.03015075377,"HCP","20","pointwise"
40012,-0.783025,523,360.894472361809,1254.08040201005,"HCP","20","pointwise"
40012,-0.213552,781,313.045226130653,1381.6783919598,"HCP","20","pointwise"
40012,0.213552,656,328.994974874372,1270.03015075377,"HCP","20","pointwise"
40012,0.747433,751,201.396984924623,982.934673366834,"HCP","20","pointwise"
40012,1.379877,403,217.346733668342,966.984924623115,"HCP","20","pointwise"
40012,-2.609172,616,424.693467336683,1301.92964824121,"DWR","20","pointwise"
40012,-0.783025,523,424.693467336683,1429.52763819095,"DWR","20","pointwise"
40012,-0.213552,781,297.095477386935,1285.97989949749,"DWR","20","pointwise"
40012,0.213552,656,408.743718592965,1285.97989949749,"DWR","20","pointwise"
40012,0.747433,751,249.246231155779,1174.33165829146,"DWR","20","pointwise"
40012,1.379877,403,137.597989949749,1174.33165829146,"DWR","20","pointwise"
40012,-2.609172,616,233.29648241206,1461.42713567839,"LC","20","pointwise"
40012,-0.783025,523,408.743718592965,1477.37688442211,"LC","20","pointwise"
40012,-0.213552,781,281.145728643216,1541.17587939698,"LC","20","pointwise"
40012,0.213552,656,392.793969849246,1285.97989949749,"LC","20","pointwise"
40012,0.747433,751,328.994974874372,1429.52763819095,"LC","20","pointwise"
40012,1.379877,403,233.29648241206,1365.72864321608,"LC","20","pointwise"
40014,-0.391513,1043,297.095477386935,1381.6783919598,"HCP","20","pointwise"
40014,0.391513,1200,233.29648241206,1078.63316582915,"HCP","20","pointwise"
40014,0.906229,1331,137.597989949749,1014.83417085427,"HCP","20","pointwise"
40014,1.442847,1429,121.64824120603,998.884422110553,"HCP","20","pointwise"
40014,1.941136,1107,153.547738693467,1030.78391959799,"HCP","20","pointwise"
40014,2.365503,1093,105.698492462312,1030.78391959799,"HCP","20","pointwise"
40014,3.394935,1082,73.7989949748744,1030.78391959799,"HCP","20","pointwise"
40014,3.912389,1141,73.7989949748744,966.984924623115,"HCP","20","pointwise"
40014,4.438056,1483,121.64824120603,998.884422110553,"HCP","20","pointwise"
40014,4.928132,1229,121.64824120603,1014.83417085427,"HCP","20","pointwise"
40014,5.42642,918,73.7989949748744,982.934673366834,"HCP","20","pointwise"
40014,-0.391513,1043,360.894472361809,1397.62814070352,"DWR","20","pointwise"
40014,0.391513,1200,297.095477386935,1190.28140703518,"DWR","20","pointwise"
40014,0.906229,1331,153.547738693467,1110.53266331658,"DWR","20","pointwise"
40014,1.442847,1429,105.698492462312,1110.53266331658,"DWR","20","pointwise"
40014,1.941136,1107,137.597989949749,1030.78391959799,"DWR","20","pointwise"
40014,2.365503,1093,41.8994974874372,1190.28140703518,"DWR","20","pointwise"
40014,3.394935,1082,89.748743718593,1078.63316582915,"DWR","20","pointwise"
40014,3.912389,1141,41.8994974874372,1078.63316582915,"DWR","20","pointwise"
40014,4.438056,1483,89.748743718593,951.035175879397,"DWR","20","pointwise"
40014,4.928132,1229,137.597989949749,1046.73366834171,"DWR","20","pointwise"
40014,5.42642,918,10,1062.68341708543,"DWR","20","pointwise"
40014,-0.391513,1043,153.547738693467,1445.47738693467,"LC","20","pointwise"
40014,0.391513,1200,328.994974874372,1270.03015075377,"LC","20","pointwise"
40014,0.906229,1331,344.94472361809,1126.4824120603,"LC","20","pointwise"
40014,1.442847,1429,169.497487437186,1238.13065326633,"LC","20","pointwise"
40014,1.941136,1107,313.045226130653,1030.78391959799,"LC","20","pointwise"
40014,2.365503,1093,201.396984924623,1206.23115577889,"LC","20","pointwise"
40014,3.394935,1082,137.597989949749,998.884422110553,"LC","20","pointwise"
40014,3.912389,1141,25.9497487437186,1030.78391959799,"LC","20","pointwise"
40014,4.438056,1483,73.7989949748744,1078.63316582915,"LC","20","pointwise"
40014,4.928132,1229,105.698492462312,1365.72864321608,"LC","20","pointwise"
40014,5.42642,918,10,1206.23115577889,"LC","20","pointwise"
40043,-2.625599,1240,297.095477386935,1270.03015075377,"HCP","20","pointwise"
40043,-2.179329,959,297.095477386935,1285.97989949749,"HCP","20","pointwise"
40043,-1.664613,1358,249.246231155779,1301.92964824121,"HCP","20","pointwise"
40043,-1.163587,961,281.145728643216,1301.92964824121,"HCP","20","pointwise"
40043,-0.681725,1275,281.145728643216,1317.87939698492,"HCP","20","pointwise"
40043,-0.199863,1132,281.145728643216,1317.87939698492,"HCP","20","pointwise"
40043,0.506502,376,265.195979899498,1190.28140703518,"HCP","20","pointwise"
40043,1.086927,437,185.447236180905,1046.73366834171,"HCP","20","pointwise"
40043,2.064339,386,105.698492462312,998.884422110553,"HCP","20","pointwise"
40043,-2.625599,1240,313.045226130653,1301.92964824121,"DWR","20","pointwise"
40043,-2.179329,959,376.844221105528,1270.03015075377,"DWR","20","pointwise"
40043,-1.664613,1358,265.195979899498,1413.57788944724,"DWR","20","pointwise"
40043,-1.163587,961,408.743718592965,1365.72864321608,"DWR","20","pointwise"
40043,-0.681725,1275,424.693467336683,1270.03015075377,"DWR","20","pointwise"
40043,-0.199863,1132,281.145728643216,1238.13065326633,"DWR","20","pointwise"
40043,0.506502,376,105.698492462312,1174.33165829146,"DWR","20","pointwise"
40043,1.086927,437,57.8492462311558,1062.68341708543,"DWR","20","pointwise"
40043,2.064339,386,217.346733668342,1094.58291457286,"DWR","20","pointwise"
40043,-2.625599,1240,376.844221105528,1668.77386934673,"LC","20","pointwise"
40043,-2.179329,959,344.94472361809,1270.03015075377,"LC","20","pointwise"
40043,-1.664613,1358,169.497487437186,1413.57788944724,"LC","20","pointwise"
40043,-1.163587,961,392.793969849246,1493.32663316583,"LC","20","pointwise"
40043,-0.681725,1275,121.64824120603,1365.72864321608,"LC","20","pointwise"
40043,-0.199863,1132,169.497487437186,1285.97989949749,"LC","20","pointwise"
40043,0.506502,376,217.346733668342,1285.97989949749,"LC","20","pointwise"
40043,1.086927,437,328.994974874372,1254.08040201005,"LC","20","pointwise"
40043,2.064339,386,137.597989949749,1206.23115577889,"LC","20","pointwise"
40121,-0.722793,1009,392.793969849246,1254.08040201005,"HCP","20","pointwise"
40121,-0.295688,877,392.793969849246,1381.6783919598,"HCP","20","pointwise"
40121,0.295688,434,233.29648241206,1270.03015075377,"HCP","20","pointwise"
40121,0.813142,743,137.597989949749,998.884422110553,"HCP","20","pointwise"
40121,1.69473,393,89.748743718593,966.984924623115,"HCP","20","pointwise"
40121,-0.722793,1009,137.597989949749,1365.72864321608,"DWR","20","pointwise"
40121,-0.295688,877,344.94472361809,1254.08040201005,"DWR","20","pointwise"
40121,0.295688,434,137.597989949749,1190.28140703518,"DWR","20","pointwise"
40121,0.813142,743,89.748743718593,1238.13065326633,"DWR","20","pointwise"
40121,1.69473,393,105.698492462312,1030.78391959799,"DWR","20","pointwise"
40121,-0.722793,1009,297.095477386935,1301.92964824121,"LC","20","pointwise"
40121,-0.295688,877,249.246231155779,1844.22110552764,"LC","20","pointwise"
40121,0.295688,434,344.94472361809,1190.28140703518,"LC","20","pointwise"
40121,0.813142,743,57.8492462311558,1557.1256281407,"LC","20","pointwise"
40121,1.69473,393,281.145728643216,1270.03015075377,"LC","20","pointwise"
40132,-1.930185,887,408.743718592965,1349.77889447236,"HCP","20","pointwise"
40132,-1.259411,963,344.94472361809,1285.97989949749,"HCP","20","pointwise"
40132,-0.665298,1115,360.894472361809,1317.87939698492,"HCP","20","pointwise"
40132,-1.930185,887,456.592964824121,1445.47738693467,"DWR","20","pointwise"
40132,-1.259411,963,344.94472361809,1301.92964824121,"DWR","20","pointwise"
40132,-0.665298,1115,328.994974874372,1333.82914572864,"DWR","20","pointwise"
40132,-1.930185,887,201.396984924623,1892.07035175879,"LC","20","pointwise"
40132,-1.259411,963,297.095477386935,1461.42713567839,"LC","20","pointwise"
40132,-0.665298,1115,376.844221105528,1349.77889447236,"LC","20","pointwise"
40175,-0.306639,485,344.94472361809,1381.6783919598,"HCP","20","pointwise"
40175,0.306639,450,281.145728643216,1270.03015075377,"HCP","20","pointwise"
40175,1.24846,466,137.597989949749,935.085427135678,"HCP","20","pointwise"
40175,1.724846,560,89.748743718593,951.035175879397,"HCP","20","pointwise"
40175,2.16564,550,73.7989949748744,966.984924623115,"HCP","20","pointwise"
40175,2.642026,582,73.7989949748744,951.035175879397,"HCP","20","pointwise"
40175,3.597536,204,41.8994974874372,982.934673366834,"HCP","20","pointwise"
40175,-0.306639,485,297.095477386935,1206.23115577889,"DWR","20","pointwise"
40175,0.306639,450,249.246231155779,1301.92964824121,"DWR","20","pointwise"
40175,1.24846,466,217.346733668342,1078.63316582915,"DWR","20","pointwise"
40175,1.724846,560,169.497487437186,1062.68341708543,"DWR","20","pointwise"
40175,2.16564,550,201.396984924623,1046.73366834171,"DWR","20","pointwise"
40175,2.642026,582,73.7989949748744,1062.68341708543,"DWR","20","pointwise"
40175,3.597536,204,73.7989949748744,1030.78391959799,"DWR","20","pointwise"
40175,-0.306639,485,185.447236180905,1381.6783919598,"LC","20","pointwise"
40175,0.306639,450,360.894472361809,1541.17587939698,"LC","20","pointwise"
40175,1.24846,466,10,1589.02512562814,"LC","20","pointwise"
40175,1.724846,560,185.447236180905,1254.08040201005,"LC","20","pointwise"
40175,2.16564,550,265.195979899498,1222.18090452261,"LC","20","pointwise"
40175,2.642026,582,105.698492462312,1317.87939698492,"LC","20","pointwise"
40175,3.597536,204,137.597989949749,998.884422110553,"LC","20","pointwise"
40217,-0.77755,1267,392.793969849246,1493.32663316583,"HCP","20","pointwise"
40217,-0.243669,1106,313.045226130653,1429.52763819095,"HCP","20","pointwise"
40217,0.243669,1016,265.195979899498,1206.23115577889,"HCP","20","pointwise"
40217,1.273101,833,153.547738693467,1030.78391959799,"HCP","20","pointwise"
40217,1.812457,731,137.597989949749,1030.78391959799,"HCP","20","pointwise"
40217,2.288843,595,137.597989949749,966.984924623115,"HCP","20","pointwise"
40217,2.748802,677,25.9497487437186,1158.38190954774,"HCP","20","pointwise"
40217,3.225188,525,89.748743718593,1030.78391959799,"HCP","20","pointwise"
40217,3.84668,634,105.698492462312,1046.73366834171,"HCP","20","pointwise"
40217,4.26831,632,105.698492462312,1030.78391959799,"HCP","20","pointwise"
40217,-0.77755,1267,552.291457286432,1381.6783919598,"DWR","20","pointwise"
40217,-0.243669,1106,233.29648241206,1158.38190954774,"DWR","20","pointwise"
40217,0.243669,1016,344.94472361809,1270.03015075377,"DWR","20","pointwise"
40217,1.273101,833,185.447236180905,1094.58291457286,"DWR","20","pointwise"
40217,1.812457,731,10,1078.63316582915,"DWR","20","pointwise"
40217,2.288843,595,201.396984924623,1094.58291457286,"DWR","20","pointwise"
40217,2.748802,677,201.396984924623,1094.58291457286,"DWR","20","pointwise"
40217,3.225188,525,10,998.884422110553,"DWR","20","pointwise"
40217,3.84668,634,73.7989949748744,1094.58291457286,"DWR","20","pointwise"
40217,4.26831,632,89.748743718593,1110.53266331658,"DWR","20","pointwise"
40217,-0.77755,1267,105.698492462312,1509.27638190955,"LC","20","pointwise"
40217,-0.243669,1106,10,1620.92462311558,"LC","20","pointwise"
40217,0.243669,1016,153.547738693467,1397.62814070352,"LC","20","pointwise"
40217,1.273101,833,121.64824120603,1589.02512562814,"LC","20","pointwise"
40217,1.812457,731,57.8492462311558,1573.07537688442,"LC","20","pointwise"
40217,2.288843,595,89.748743718593,1254.08040201005,"LC","20","pointwise"
40217,2.748802,677,10,1604.97487437186,"LC","20","pointwise"
40217,3.225188,525,10,1381.6783919598,"LC","20","pointwise"
40217,3.84668,634,201.396984924623,1461.42713567839,"LC","20","pointwise"
40217,4.26831,632,185.447236180905,1509.27638190955,"LC","20","pointwise"
40224,-0.325804,803,392.793969849246,1525.22613065327,"HCP","20","pointwise"
40224,0.325804,664,233.29648241206,1317.87939698492,"HCP","20","pointwise"
40224,0.804928,539,169.497487437186,1174.33165829146,"HCP","20","pointwise"
40224,1.648186,311,57.8492462311558,1254.08040201005,"HCP","20","pointwise"
40224,-0.325804,803,328.994974874372,1254.08040201005,"DWR","20","pointwise"
40224,0.325804,664,169.497487437186,1206.23115577889,"DWR","20","pointwise"
40224,0.804928,539,201.396984924623,1046.73366834171,"DWR","20","pointwise"
40224,1.648186,311,89.748743718593,1062.68341708543,"DWR","20","pointwise"
40224,-0.325804,803,10,2051.56783919598,"LC","20","pointwise"
40224,0.325804,664,233.29648241206,1445.47738693467,"LC","20","pointwise"
40224,0.804928,539,10,2099.41708542714,"LC","20","pointwise"
40224,1.648186,311,137.597989949749,1445.47738693467,"LC","20","pointwise"
40249,-0.720055,1625,313.045226130653,1493.32663316583,"HCP","20","pointwise"
40249,-0.246407,866,297.095477386935,1333.82914572864,"HCP","20","pointwise"
40249,0.246407,1262,249.246231155779,1254.08040201005,"HCP","20","pointwise"
40249,1.281314,855,185.447236180905,1078.63316582915,"HCP","20","pointwise"
40249,-0.720055,1625,249.246231155779,1270.03015075377,"DWR","20","pointwise"
40249,-0.246407,866,297.095477386935,1174.33165829146,"DWR","20","pointwise"
40249,0.246407,1262,360.894472361809,1285.97989949749,"DWR","20","pointwise"
40249,1.281314,855,105.698492462312,1222.18090452261,"DWR","20","pointwise"
40249,-0.720055,1625,281.145728643216,1541.17587939698,"LC","20","pointwise"
40249,-0.246407,866,10,2003.71859296482,"LC","20","pointwise"
40249,0.246407,1262,201.396984924623,1541.17587939698,"LC","20","pointwise"
40249,1.281314,855,121.64824120603,1317.87939698492,"LC","20","pointwise"
40286,-2.715948,486,313.045226130653,1413.57788944724,"HCP","20","pointwise"
40286,-2.269678,479,344.94472361809,1317.87939698492,"HCP","20","pointwise"
40286,-1.760438,688,392.793969849246,1301.92964824121,"HCP","20","pointwise"
40286,-1.177276,794,265.195979899498,1285.97989949749,"HCP","20","pointwise"
40286,0.238193,602,297.095477386935,1238.13065326633,"HCP","20","pointwise"
40286,1.215606,384,201.396984924623,966.984924623115,"HCP","20","pointwise"
40286,2.220397,304,121.64824120603,1030.78391959799,"HCP","20","pointwise"
40286,-2.715948,486,281.145728643216,1333.82914572864,"DWR","20","pointwise"
40286,-2.269678,479,424.693467336683,1445.47738693467,"DWR","20","pointwise"
40286,-1.760438,688,328.994974874372,1365.72864321608,"DWR","20","pointwise"
40286,-1.177276,794,360.894472361809,1429.52763819095,"DWR","20","pointwise"
40286,0.238193,602,313.045226130653,1222.18090452261,"DWR","20","pointwise"
40286,1.215606,384,10,1254.08040201005,"DWR","20","pointwise"
40286,2.220397,304,169.497487437186,1014.83417085427,"DWR","20","pointwise"
40286,-2.715948,486,201.396984924623,1333.82914572864,"LC","20","pointwise"
40286,-2.269678,479,265.195979899498,1668.77386934673,"LC","20","pointwise"
40286,-1.760438,688,153.547738693467,1700.67336683417,"LC","20","pointwise"
40286,-1.177276,794,344.94472361809,1285.97989949749,"LC","20","pointwise"
40286,0.238193,602,169.497487437186,1509.27638190955,"LC","20","pointwise"
40286,1.215606,384,265.195979899498,1174.33165829146,"LC","20","pointwise"
40286,2.220397,304,217.346733668342,1062.68341708543,"LC","20","pointwise"
40327,-0.295688,1142,249.246231155779,1620.92462311558,"HCP","20","pointwise"
40327,0.273785,1023,233.29648241206,1365.72864321608,"HCP","20","pointwise"
40327,0.755647,1065,201.396984924623,1190.28140703518,"HCP","20","pointwise"
40327,1.158111,556,185.447236180905,1030.78391959799,"HCP","20","pointwise"
40327,-0.295688,1142,456.592964824121,1445.47738693467,"DWR","20","pointwise"
40327,0.273785,1023,217.346733668342,1222.18090452261,"DWR","20","pointwise"
40327,0.755647,1065,233.29648241206,1126.4824120603,"DWR","20","pointwise"
40327,1.158111,556,233.29648241206,1062.68341708543,"DWR","20","pointwise"
40327,-0.295688,1142,10,2354.61306532663,"LC","20","pointwise"
40327,0.273785,1023,265.195979899498,1732.57286432161,"LC","20","pointwise"
40327,0.755647,1065,185.447236180905,1525.22613065327,"LC","20","pointwise"
40327,1.158111,556,328.994974874372,1381.6783919598,"LC","20","pointwise"
40337,-0.936345,776,344.94472361809,1429.52763819095,"HCP","20","pointwise"
40337,-0.265572,847,297.095477386935,1317.87939698492,"HCP","20","pointwise"
40337,0.265572,594,249.246231155779,1158.38190954774,"HCP","20","pointwise"
40337,0.717317,414,201.396984924623,1062.68341708543,"HCP","20","pointwise"
40337,1.292266,472,153.547738693467,935.085427135678,"HCP","20","pointwise"
40337,1.853525,333,89.748743718593,919.13567839196,"HCP","20","pointwise"
40337,-0.936345,776,376.844221105528,1413.57788944724,"DWR","20","pointwise"
40337,-0.265572,847,297.095477386935,1301.92964824121,"DWR","20","pointwise"
40337,0.265572,594,392.793969849246,1333.82914572864,"DWR","20","pointwise"
40337,0.717317,414,249.246231155779,1126.4824120603,"DWR","20","pointwise"
40337,1.292266,472,137.597989949749,1030.78391959799,"DWR","20","pointwise"
40337,1.853525,333,105.698492462312,1078.63316582915,"DWR","20","pointwise"
40337,-0.936345,776,313.045226130653,1317.87939698492,"LC","20","pointwise"
40337,-0.265572,847,249.246231155779,1429.52763819095,"LC","20","pointwise"
40337,0.265572,594,297.095477386935,1158.38190954774,"LC","20","pointwise"
40337,0.717317,414,105.698492462312,1620.92462311558,"LC","20","pointwise"
40337,1.292266,472,10,1477.37688442211,"LC","20","pointwise"
40337,1.853525,333,233.29648241206,1158.38190954774,"LC","20","pointwise"
40340,-2.907598,1016,360.894472361809,1493.32663316583,"HCP","20","pointwise"
40340,-2.387406,923,249.246231155779,1493.32663316583,"HCP","20","pointwise"
40340,-1.897331,855,328.994974874372,1509.27638190955,"HCP","20","pointwise"
40340,-1.585216,1052,344.94472361809,1509.27638190955,"HCP","20","pointwise"
40340,0.960986,343,217.346733668342,1078.63316582915,"HCP","20","pointwise"
40340,-2.907598,1016,392.793969849246,1206.23115577889,"DWR","20","pointwise"
40340,-2.387406,923,233.29648241206,1333.82914572864,"DWR","20","pointwise"
40340,-1.897331,855,424.693467336683,1317.87939698492,"DWR","20","pointwise"
40340,-1.585216,1052,360.894472361809,1381.6783919598,"DWR","20","pointwise"
40340,0.960986,343,233.29648241206,1238.13065326633,"DWR","20","pointwise"
40340,-2.907598,1016,10,2227.01507537688,"LC","20","pointwise"
40340,-2.387406,923,249.246231155779,1397.62814070352,"LC","20","pointwise"
40340,-1.897331,855,360.894472361809,1238.13065326633,"LC","20","pointwise"
40340,-1.585216,1052,105.698492462312,1429.52763819095,"LC","20","pointwise"
40340,0.960986,343,249.246231155779,1365.72864321608,"LC","20","pointwise"
40362,-1.691992,1289,376.844221105528,1493.32663316583,"HCP","20","pointwise"
40362,-1.048597,1425,328.994974874372,1620.92462311558,"HCP","20","pointwise"
40362,-0.659822,1525,360.894472361809,1604.97487437186,"HCP","20","pointwise"
40362,-0.281999,1782,376.844221105528,1620.92462311558,"HCP","20","pointwise"
40362,0.281999,402,249.246231155779,1445.47738693467,"HCP","20","pointwise"
40362,0.793977,551,201.396984924623,1445.47738693467,"HCP","20","pointwise"
40362,1.817933,471,137.597989949749,1461.42713567839,"HCP","20","pointwise"
40362,2.412046,454,89.748743718593,1413.57788944724,"HCP","20","pointwise"
40362,2.924025,463,73.7989949748744,1110.53266331658,"HCP","20","pointwise"
40362,-1.691992,1289,552.291457286432,1461.42713567839,"DWR","20","pointwise"
40362,-1.048597,1425,360.894472361809,1317.87939698492,"DWR","20","pointwise"
40362,-0.659822,1525,392.793969849246,1365.72864321608,"DWR","20","pointwise"
40362,-0.281999,1782,344.94472361809,1381.6783919598,"DWR","20","pointwise"
40362,0.281999,402,297.095477386935,1349.77889447236,"DWR","20","pointwise"
40362,0.793977,551,265.195979899498,1270.03015075377,"DWR","20","pointwise"
40362,1.817933,471,105.698492462312,1062.68341708543,"DWR","20","pointwise"
40362,2.412046,454,10,1062.68341708543,"DWR","20","pointwise"
40362,2.924025,463,137.597989949749,1030.78391959799,"DWR","20","pointwise"
40362,-1.691992,1289,249.246231155779,1301.92964824121,"LC","20","pointwise"
40362,-1.048597,1425,10,2035.61809045226,"LC","20","pointwise"
40362,-0.659822,1525,297.095477386935,1445.47738693467,"LC","20","pointwise"
40362,-0.281999,1782,57.8492462311558,1684.72361809045,"LC","20","pointwise"
40362,0.281999,402,328.994974874372,1589.02512562814,"LC","20","pointwise"
40362,0.793977,551,10,1876.12060301508,"LC","20","pointwise"
40362,1.817933,471,265.195979899498,1493.32663316583,"LC","20","pointwise"
40362,2.412046,454,217.346733668342,1333.82914572864,"LC","20","pointwise"
40362,2.924025,463,153.547738693467,1238.13065326633,"LC","20","pointwise"
40363,-0.383299,547,344.94472361809,1333.82914572864,"HCP","20","pointwise"
40363,0.383299,446,217.346733668342,1206.23115577889,"HCP","20","pointwise"
40363,0.936345,446,201.396984924623,966.984924623115,"HCP","20","pointwise"
40363,1.505818,358,169.497487437186,1014.83417085427,"HCP","20","pointwise"
40363,2.217659,415,121.64824120603,935.085427135678,"HCP","20","pointwise"
40363,2.757016,358,121.64824120603,935.085427135678,"HCP","20","pointwise"
40363,3.233402,260,73.7989949748744,935.085427135678,"HCP","20","pointwise"
40363,3.709788,309,73.7989949748744,919.13567839196,"HCP","20","pointwise"
40363,4.342231,354,73.7989949748744,903.185929648241,"HCP","20","pointwise"
40363,4.706366,367,41.8994974874372,887.236180904523,"HCP","20","pointwise"
40363,5.305955,452,41.8994974874372,903.185929648241,"HCP","20","pointwise"
40363,-0.383299,547,424.693467336683,1445.47738693467,"DWR","20","pointwise"
40363,0.383299,446,265.195979899498,1142.43216080402,"DWR","20","pointwise"
40363,0.936345,446,57.8492462311558,1206.23115577889,"DWR","20","pointwise"
40363,1.505818,358,121.64824120603,1014.83417085427,"DWR","20","pointwise"
40363,2.217659,415,169.497487437186,1046.73366834171,"DWR","20","pointwise"
40363,2.757016,358,89.748743718593,1014.83417085427,"DWR","20","pointwise"
40363,3.233402,260,25.9497487437186,1062.68341708543,"DWR","20","pointwise"
40363,3.709788,309,41.8994974874372,1078.63316582915,"DWR","20","pointwise"
40363,4.342231,354,10,1110.53266331658,"DWR","20","pointwise"
40363,4.706366,367,89.748743718593,1030.78391959799,"DWR","20","pointwise"
40363,5.305955,452,41.8994974874372,1142.43216080402,"DWR","20","pointwise"
40363,-0.383299,547,41.8994974874372,1668.77386934673,"LC","20","pointwise"
40363,0.383299,446,185.447236180905,1413.57788944724,"LC","20","pointwise"
40363,0.936345,446,297.095477386935,1254.08040201005,"LC","20","pointwise"
40363,1.505818,358,169.497487437186,1238.13065326633,"LC","20","pointwise"
40363,2.217659,415,185.447236180905,1094.58291457286,"LC","20","pointwise"
40363,2.757016,358,217.346733668342,903.185929648241,"LC","20","pointwise"
40363,3.233402,260,10,1285.97989949749,"LC","20","pointwise"
40363,3.709788,309,153.547738693467,951.035175879397,"LC","20","pointwise"
40363,4.342231,354,185.447236180905,1333.82914572864,"LC","20","pointwise"
40363,4.706366,367,10,1206.23115577889,"LC","20","pointwise"
40363,5.305955,452,153.547738693467,1030.78391959799,"LC","20","pointwise"
40372,-1.69473,735,344.94472361809,1445.47738693467,"HCP","20","pointwise"
40372,-1.067762,966,297.095477386935,1445.47738693467,"HCP","20","pointwise"
40372,-0.665298,772,328.994974874372,1445.47738693467,"HCP","20","pointwise"
40372,-0.260096,749,392.793969849246,1573.07537688442,"HCP","20","pointwise"
40372,1.979466,423,121.64824120603,1014.83417085427,"HCP","20","pointwise"
40372,2.554415,446,73.7989949748744,1078.63316582915,"HCP","20","pointwise"
40372,3.088296,605,73.7989949748744,1030.78391959799,"HCP","20","pointwise"
40372,3.493498,534,57.8492462311558,1046.73366834171,"HCP","20","pointwise"
40372,4.062971,387,89.748743718593,1014.83417085427,"HCP","20","pointwise"
40372,-1.69473,735,392.793969849246,1349.77889447236,"DWR","20","pointwise"
40372,-1.067762,966,233.29648241206,1429.52763819095,"DWR","20","pointwise"
40372,-0.665298,772,217.346733668342,1525.22613065327,"DWR","20","pointwise"
40372,-0.260096,749,392.793969849246,1206.23115577889,"DWR","20","pointwise"
40372,1.979466,423,57.8492462311558,1110.53266331658,"DWR","20","pointwise"
40372,2.554415,446,89.748743718593,1014.83417085427,"DWR","20","pointwise"
40372,3.088296,605,89.748743718593,1190.28140703518,"DWR","20","pointwise"
40372,3.493498,534,73.7989949748744,1078.63316582915,"DWR","20","pointwise"
40372,4.062971,387,121.64824120603,1030.78391959799,"DWR","20","pointwise"
40372,-1.69473,735,105.698492462312,1477.37688442211,"LC","20","pointwise"
40372,-1.067762,966,169.497487437186,1541.17587939698,"LC","20","pointwise"
40372,-0.665298,772,376.844221105528,1413.57788944724,"LC","20","pointwise"
40372,-0.260096,749,249.246231155779,1381.6783919598,"LC","20","pointwise"
40372,1.979466,423,89.748743718593,1142.43216080402,"LC","20","pointwise"
40372,2.554415,446,185.447236180905,1365.72864321608,"LC","20","pointwise"
40372,3.088296,605,41.8994974874372,1190.28140703518,"LC","20","pointwise"
40372,3.493498,534,217.346733668342,1190.28140703518,"LC","20","pointwise"
40372,4.062971,387,185.447236180905,1126.4824120603,"LC","20","pointwise"
40374,-2.880219,955,297.095477386935,1349.77889447236,"HCP","20","pointwise"
40374,-2.379192,1065,201.396984924623,1445.47738693467,"HCP","20","pointwise"
40374,-1.826146,919,313.045226130653,1461.42713567839,"HCP","20","pointwise"
40374,-1.377139,683,313.045226130653,1445.47738693467,"HCP","20","pointwise"
40374,-0.898015,988,313.045226130653,1429.52763819095,"HCP","20","pointwise"
40374,-0.364134,1054,344.94472361809,1525.22613065327,"HCP","20","pointwise"
40374,0.131417,688,297.095477386935,1333.82914572864,"HCP","20","pointwise"
40374,-2.880219,955,328.994974874372,1317.87939698492,"DWR","20","pointwise"
40374,-2.379192,1065,392.793969849246,1349.77889447236,"DWR","20","pointwise"
40374,-1.826146,919,392.793969849246,1477.37688442211,"DWR","20","pointwise"
40374,-1.377139,683,408.743718592965,1397.62814070352,"DWR","20","pointwise"
40374,-0.898015,988,440.643216080402,1381.6783919598,"DWR","20","pointwise"
40374,-0.364134,1054,520.391959798995,1349.77889447236,"DWR","20","pointwise"
40374,0.131417,688,313.045226130653,1238.13065326633,"DWR","20","pointwise"
40374,-2.880219,955,10,1716.62311557789,"LC","20","pointwise"
40374,-2.379192,1065,281.145728643216,1445.47738693467,"LC","20","pointwise"
40374,-1.826146,919,424.693467336683,1397.62814070352,"LC","20","pointwise"
40374,-1.377139,683,249.246231155779,1557.1256281407,"LC","20","pointwise"
40374,-0.898015,988,153.547738693467,1525.22613065327,"LC","20","pointwise"
40374,-0.364134,1054,456.592964824121,1477.37688442211,"LC","20","pointwise"
40374,0.131417,688,392.793969849246,1222.18090452261,"LC","20","pointwise"
40375,-2.948665,1015,313.045226130653,1381.6783919598,"HCP","20","pointwise"
40375,-1.87269,800,344.94472361809,1349.77889447236,"HCP","20","pointwise"
40375,-1.382615,635,344.94472361809,1333.82914572864,"HCP","20","pointwise"
40375,-0.895277,752,297.095477386935,1397.62814070352,"HCP","20","pointwise"
40375,-0.438056,635,249.246231155779,1397.62814070352,"HCP","20","pointwise"
40375,0.438056,1024,217.346733668342,1238.13065326633,"HCP","20","pointwise"
40375,1.193703,575,169.497487437186,1030.78391959799,"HCP","20","pointwise"
40375,-2.948665,1015,392.793969849246,1333.82914572864,"DWR","20","pointwise"
40375,-1.87269,800,376.844221105528,1301.92964824121,"DWR","20","pointwise"
40375,-1.382615,635,472.542713567839,1541.17587939698,"DWR","20","pointwise"
40375,-0.895277,752,424.693467336683,1333.82914572864,"DWR","20","pointwise"
40375,-0.438056,635,424.693467336683,1301.92964824121,"DWR","20","pointwise"
40375,0.438056,1024,201.396984924623,1062.68341708543,"DWR","20","pointwise"
40375,1.193703,575,121.64824120603,1110.53266331658,"DWR","20","pointwise"
40375,-2.948665,1015,169.497487437186,1477.37688442211,"LC","20","pointwise"
40375,-1.87269,800,10,1923.96984924623,"LC","20","pointwise"
40375,-1.382615,635,313.045226130653,1971.81909547739,"LC","20","pointwise"
40375,-0.895277,752,281.145728643216,1525.22613065327,"LC","20","pointwise"
40375,-0.438056,635,328.994974874372,1333.82914572864,"LC","20","pointwise"
40375,0.438056,1024,376.844221105528,1557.1256281407,"LC","20","pointwise"
40375,1.193703,575,424.693467336683,1604.97487437186,"LC","20","pointwise"
40378,-0.202601,1109,201.396984924623,1429.52763819095,"HCP","20","pointwise"
40378,4.386037,899,41.8994974874372,1030.78391959799,"HCP","20","pointwise"
40378,-0.202601,1109,392.793969849246,1301.92964824121,"DWR","20","pointwise"
40378,4.386037,899,73.7989949748744,1110.53266331658,"DWR","20","pointwise"
40378,-0.202601,1109,137.597989949749,1700.67336683417,"LC","20","pointwise"
40378,4.386037,899,10,1732.57286432161,"LC","20","pointwise"
40390,-2.718686,1332,344.94472361809,1493.32663316583,"HCP","20","pointwise"
40390,-1.727584,937,392.793969849246,1445.47738693467,"HCP","20","pointwise"
40390,-1.281314,1248,344.94472361809,1525.22613065327,"HCP","20","pointwise"
40390,-0.741958,1541,281.145728643216,1573.07537688442,"HCP","20","pointwise"
40390,-0.249144,1080,265.195979899498,1557.1256281407,"HCP","20","pointwise"
40390,-2.718686,1332,440.643216080402,1397.62814070352,"DWR","20","pointwise"
40390,-1.727584,937,328.994974874372,1381.6783919598,"DWR","20","pointwise"
40390,-1.281314,1248,504.442211055276,1429.52763819095,"DWR","20","pointwise"
40390,-0.741958,1541,520.391959798995,1381.6783919598,"DWR","20","pointwise"
40390,-0.249144,1080,392.793969849246,1349.77889447236,"DWR","20","pointwise"
40390,-2.718686,1332,376.844221105528,2019.66834170854,"LC","20","pointwise"
40390,-1.727584,937,233.29648241206,1876.12060301508,"LC","20","pointwise"
40390,-1.281314,1248,10,1876.12060301508,"LC","20","pointwise"
40390,-0.741958,1541,440.643216080402,1748.52261306533,"LC","20","pointwise"
40390,-0.249144,1080,281.145728643216,1764.47236180905,"LC","20","pointwise"
40399,-2.532512,996,249.246231155779,1445.47738693467,"HCP","20","pointwise"
40399,-1.97399,699,297.095477386935,1397.62814070352,"HCP","20","pointwise"
40399,-2.532512,996,392.793969849246,1365.72864321608,"DWR","20","pointwise"
40399,-1.97399,699,265.195979899498,1333.82914572864,"DWR","20","pointwise"
40399,-2.532512,996,456.592964824121,1509.27638190955,"LC","20","pointwise"
40399,-1.97399,699,313.045226130653,1174.33165829146,"LC","20","pointwise"
40401,-2.45859,1344,297.095477386935,1270.03015075377,"HCP","20","pointwise"
40401,-1.661875,1148,265.195979899498,1301.92964824121,"HCP","20","pointwise"
40401,-1.467488,1296,281.145728643216,1270.03015075377,"HCP","20","pointwise"
40401,-0.772074,1069,185.447236180905,1254.08040201005,"HCP","20","pointwise"
40401,-0.298426,778,185.447236180905,1317.87939698492,"HCP","20","pointwise"
40401,0.298426,801,153.547738693467,1142.43216080402,"HCP","20","pointwise"
40401,0.722793,619,217.346733668342,1158.38190954774,"HCP","20","pointwise"
40401,1.221081,632,185.447236180905,998.884422110553,"HCP","20","pointwise"
40401,1.71937,372,121.64824120603,982.934673366834,"HCP","20","pointwise"
40401,-2.45859,1344,424.693467336683,1285.97989949749,"DWR","20","pointwise"
40401,-1.661875,1148,376.844221105528,1429.52763819095,"DWR","20","pointwise"
40401,-1.467488,1296,472.542713567839,1333.82914572864,"DWR","20","pointwise"
40401,-0.772074,1069,328.994974874372,1333.82914572864,"DWR","20","pointwise"
40401,-0.298426,778,360.894472361809,1317.87939698492,"DWR","20","pointwise"
40401,0.298426,801,185.447236180905,1301.92964824121,"DWR","20","pointwise"
40401,0.722793,619,137.597989949749,1094.58291457286,"DWR","20","pointwise"
40401,1.221081,632,137.597989949749,1062.68341708543,"DWR","20","pointwise"
40401,1.71937,372,121.64824120603,1078.63316582915,"DWR","20","pointwise"
40401,-2.45859,1344,185.447236180905,1541.17587939698,"LC","20","pointwise"
40401,-1.661875,1148,185.447236180905,1541.17587939698,"LC","20","pointwise"
40401,-1.467488,1296,440.643216080402,1636.8743718593,"LC","20","pointwise"
40401,-0.772074,1069,265.195979899498,1461.42713567839,"LC","20","pointwise"
40401,-0.298426,778,217.346733668342,1413.57788944724,"LC","20","pointwise"
40401,0.298426,801,297.095477386935,1413.57788944724,"LC","20","pointwise"
40401,0.722793,619,249.246231155779,1285.97989949749,"LC","20","pointwise"
40401,1.221081,632,153.547738693467,1349.77889447236,"LC","20","pointwise"
40401,1.71937,372,153.547738693467,1317.87939698492,"LC","20","pointwise"
40402,-1.700205,903,297.095477386935,1509.27638190955,"HCP","20","pointwise"
40402,2.198494,426,89.748743718593,1062.68341708543,"HCP","20","pointwise"
40402,-1.700205,903,488.492462311558,1413.57788944724,"DWR","20","pointwise"
40402,2.198494,426,217.346733668342,1110.53266331658,"DWR","20","pointwise"
40402,-1.700205,903,376.844221105528,1461.42713567839,"LC","20","pointwise"
40402,2.198494,426,137.597989949749,1222.18090452261,"LC","20","pointwise"
40419,-2.184805,1070,376.844221105528,1333.82914572864,"HCP","20","pointwise"
40419,-1.601643,1210,313.045226130653,1525.22613065327,"HCP","20","pointwise"
40419,-1.130732,1107,137.597989949749,1381.6783919598,"HCP","20","pointwise"
40419,0.268309,530,105.698492462312,1174.33165829146,"HCP","20","pointwise"
40419,0.769336,308,137.597989949749,1078.63316582915,"HCP","20","pointwise"
40419,-2.184805,1070,504.442211055276,1270.03015075377,"DWR","20","pointwise"
40419,-1.601643,1210,376.844221105528,1381.6783919598,"DWR","20","pointwise"
40419,-1.130732,1107,328.994974874372,1333.82914572864,"DWR","20","pointwise"
40419,0.268309,530,265.195979899498,1206.23115577889,"DWR","20","pointwise"
40419,0.769336,308,153.547738693467,1158.38190954774,"DWR","20","pointwise"
40419,-2.184805,1070,392.793969849246,1493.32663316583,"LC","20","pointwise"
40419,-1.601643,1210,217.346733668342,1620.92462311558,"LC","20","pointwise"
40419,-1.130732,1107,10,1604.97487437186,"LC","20","pointwise"
40419,0.268309,530,249.246231155779,1652.82412060301,"LC","20","pointwise"
40419,0.769336,308,233.29648241206,1620.92462311558,"LC","20","pointwise"
40438,-1.730322,1075,376.844221105528,1413.57788944724,"HCP","20","pointwise"
40438,-1.242984,941,408.743718592965,1541.17587939698,"HCP","20","pointwise"
40438,-0.670773,1161,376.844221105528,1716.62311557789,"HCP","20","pointwise"
40438,-0.268309,963,281.145728643216,1413.57788944724,"HCP","20","pointwise"
40438,0.268309,433,137.597989949749,1206.23115577889,"HCP","20","pointwise"
40438,-1.730322,1075,424.693467336683,1317.87939698492,"DWR","20","pointwise"
40438,-1.242984,941,392.793969849246,1285.97989949749,"DWR","20","pointwise"
40438,-0.670773,1161,328.994974874372,1270.03015075377,"DWR","20","pointwise"
40438,-0.268309,963,328.994974874372,1206.23115577889,"DWR","20","pointwise"
40438,0.268309,433,217.346733668342,1206.23115577889,"DWR","20","pointwise"
40438,-1.730322,1075,297.095477386935,1477.37688442211,"LC","20","pointwise"
40438,-1.242984,941,392.793969849246,1493.32663316583,"LC","20","pointwise"
40438,-0.670773,1161,344.94472361809,1445.47738693467,"LC","20","pointwise"
40438,-0.268309,963,281.145728643216,1429.52763819095,"LC","20","pointwise"
40438,0.268309,433,105.698492462312,1365.72864321608,"LC","20","pointwise"
40445,-0.394251,335,281.145728643216,1381.6783919598,"HCP","20","pointwise"
40445,0.394251,338,201.396984924623,1238.13065326633,"HCP","20","pointwise"
40445,1.34976,356,137.597989949749,1030.78391959799,"HCP","20","pointwise"
40445,3.479808,208,41.8994974874372,935.085427135678,"HCP","20","pointwise"
40445,3.937029,236,25.9497487437186,935.085427135678,"HCP","20","pointwise"
40445,4.495551,187,57.8492462311558,935.085427135678,"HCP","20","pointwise"
40445,4.91718,190,41.8994974874372,903.185929648241,"HCP","20","pointwise"
40445,-0.394251,335,440.643216080402,1317.87939698492,"DWR","20","pointwise"
40445,0.394251,338,217.346733668342,1158.38190954774,"DWR","20","pointwise"
40445,1.34976,356,201.396984924623,1078.63316582915,"DWR","20","pointwise"
40445,3.479808,208,89.748743718593,1094.58291457286,"DWR","20","pointwise"
40445,3.937029,236,89.748743718593,1030.78391959799,"DWR","20","pointwise"
40445,4.495551,187,137.597989949749,1046.73366834171,"DWR","20","pointwise"
40445,4.91718,190,153.547738693467,982.934673366834,"DWR","20","pointwise"
40445,-0.394251,335,57.8492462311558,1684.72361809045,"LC","20","pointwise"
40445,0.394251,338,249.246231155779,1365.72864321608,"LC","20","pointwise"
40445,1.34976,356,265.195979899498,1333.82914572864,"LC","20","pointwise"
40445,3.479808,208,217.346733668342,1206.23115577889,"LC","20","pointwise"
40445,3.937029,236,121.64824120603,1158.38190954774,"LC","20","pointwise"
40445,4.495551,187,10,1174.33165829146,"LC","20","pointwise"
40445,4.91718,190,25.9497487437186,1174.33165829146,"LC","20","pointwise"
40464,-1.423682,785,376.844221105528,1413.57788944724,"HCP","20","pointwise"
40464,-0.813142,857,408.743718592965,1493.32663316583,"HCP","20","pointwise"
40464,-0.229979,723,297.095477386935,1333.82914572864,"HCP","20","pointwise"
40464,0.229979,807,233.29648241206,1301.92964824121,"HCP","20","pointwise"
40464,0.736482,605,137.597989949749,1094.58291457286,"HCP","20","pointwise"
40464,1.675565,585,121.64824120603,982.934673366834,"HCP","20","pointwise"
40464,2.138262,616,89.748743718593,951.035175879397,"HCP","20","pointwise"
40464,2.63655,513,57.8492462311558,998.884422110553,"HCP","20","pointwise"
40464,3.249829,491,57.8492462311558,1046.73366834171,"HCP","20","pointwise"
40464,3.633128,509,73.7989949748744,1046.73366834171,"HCP","20","pointwise"
40464,-1.423682,785,376.844221105528,1317.87939698492,"DWR","20","pointwise"
40464,-0.813142,857,376.844221105528,1206.23115577889,"DWR","20","pointwise"
40464,-0.229979,723,376.844221105528,1254.08040201005,"DWR","20","pointwise"
40464,0.229979,807,313.045226130653,1301.92964824121,"DWR","20","pointwise"
40464,0.736482,605,281.145728643216,1285.97989949749,"DWR","20","pointwise"
40464,1.675565,585,25.9497487437186,1046.73366834171,"DWR","20","pointwise"
40464,2.138262,616,169.497487437186,1078.63316582915,"DWR","20","pointwise"
40464,2.63655,513,41.8994974874372,1174.33165829146,"DWR","20","pointwise"
40464,3.249829,491,10,1174.33165829146,"DWR","20","pointwise"
40464,3.633128,509,105.698492462312,1222.18090452261,"DWR","20","pointwise"
40464,-1.423682,785,281.145728643216,1238.13065326633,"LC","20","pointwise"
40464,-0.813142,857,424.693467336683,1684.72361809045,"LC","20","pointwise"
40464,-0.229979,723,297.095477386935,1445.47738693467,"LC","20","pointwise"
40464,0.229979,807,265.195979899498,1668.77386934673,"LC","20","pointwise"
40464,0.736482,605,297.095477386935,1317.87939698492,"LC","20","pointwise"
40464,1.675565,585,281.145728643216,1206.23115577889,"LC","20","pointwise"
40464,2.138262,616,137.597989949749,1126.4824120603,"LC","20","pointwise"
40464,2.63655,513,297.095477386935,951.035175879397,"LC","20","pointwise"
40464,3.249829,491,217.346733668342,1222.18090452261,"LC","20","pointwise"
40464,3.633128,509,137.597989949749,1094.58291457286,"LC","20","pointwise"
40499,-2.910335,942,328.994974874372,1589.02512562814,"HCP","20","pointwise"
40499,-2.422998,699,313.045226130653,1604.97487437186,"HCP","20","pointwise"
40499,-1.957563,907,328.994974874372,1573.07537688442,"HCP","20","pointwise"
40499,-1.552361,734,313.045226130653,1541.17587939698,"HCP","20","pointwise"
40499,-2.910335,942,424.693467336683,1397.62814070352,"DWR","20","pointwise"
40499,-2.422998,699,360.894472361809,1445.47738693467,"DWR","20","pointwise"
40499,-1.957563,907,376.844221105528,1493.32663316583,"DWR","20","pointwise"
40499,-1.552361,734,456.592964824121,1509.27638190955,"DWR","20","pointwise"
40499,-2.910335,942,392.793969849246,1573.07537688442,"LC","20","pointwise"
40499,-2.422998,699,249.246231155779,1413.57788944724,"LC","20","pointwise"
40499,-1.957563,907,344.94472361809,1764.47236180905,"LC","20","pointwise"
40499,-1.552361,734,25.9497487437186,1668.77386934673,"LC","20","pointwise"
40508,-0.314853,774,297.095477386935,1317.87939698492,"HCP","20","pointwise"
40508,0.314853,714,153.547738693467,1222.18090452261,"HCP","20","pointwise"
40508,0.974675,1323,137.597989949749,1030.78391959799,"HCP","20","pointwise"
40508,1.472964,842,169.497487437186,1046.73366834171,"HCP","20","pointwise"
40508,2.299795,924,153.547738693467,1062.68341708543,"HCP","20","pointwise"
40508,5.264887,678,10,998.884422110553,"HCP","20","pointwise"
40508,-0.314853,774,456.592964824121,1222.18090452261,"DWR","20","pointwise"
40508,0.314853,714,201.396984924623,1270.03015075377,"DWR","20","pointwise"
40508,0.974675,1323,281.145728643216,1174.33165829146,"DWR","20","pointwise"
40508,1.472964,842,201.396984924623,1094.58291457286,"DWR","20","pointwise"
40508,2.299795,924,105.698492462312,1142.43216080402,"DWR","20","pointwise"
40508,5.264887,678,153.547738693467,998.884422110553,"DWR","20","pointwise"
40508,-0.314853,774,344.94472361809,1046.73366834171,"LC","20","pointwise"
40508,0.314853,714,217.346733668342,1285.97989949749,"LC","20","pointwise"
40508,0.974675,1323,153.547738693467,1158.38190954774,"LC","20","pointwise"
40508,1.472964,842,328.994974874372,1301.92964824121,"LC","20","pointwise"
40508,2.299795,924,185.447236180905,1222.18090452261,"LC","20","pointwise"
40508,5.264887,678,89.748743718593,1206.23115577889,"LC","20","pointwise"
40520,-1.552361,650,328.994974874372,1668.77386934673,"HCP","20","pointwise"
40520,1.552361,311,137.597989949749,1142.43216080402,"HCP","20","pointwise"
40520,2.039699,466,73.7989949748744,1222.18090452261,"HCP","20","pointwise"
40520,2.557153,351,105.698492462312,1030.78391959799,"HCP","20","pointwise"
40520,3.085558,256,10,1110.53266331658,"HCP","20","pointwise"
40520,3.518138,386,57.8492462311558,1126.4824120603,"HCP","20","pointwise"
40520,-1.552361,650,376.844221105528,1381.6783919598,"DWR","20","pointwise"
40520,1.552361,311,121.64824120603,1126.4824120603,"DWR","20","pointwise"
40520,2.039699,466,153.547738693467,1046.73366834171,"DWR","20","pointwise"
40520,2.557153,351,105.698492462312,1110.53266331658,"DWR","20","pointwise"
40520,3.085558,256,73.7989949748744,1078.63316582915,"DWR","20","pointwise"
40520,3.518138,386,57.8492462311558,1094.58291457286,"DWR","20","pointwise"
40520,-1.552361,650,360.894472361809,1589.02512562814,"LC","20","pointwise"
40520,1.552361,311,10,1620.92462311558,"LC","20","pointwise"
40520,2.039699,466,10,1971.81909547739,"LC","20","pointwise"
40520,2.557153,351,217.346733668342,1222.18090452261,"LC","20","pointwise"
40520,3.085558,256,10,1971.81909547739,"LC","20","pointwise"
40520,3.518138,386,153.547738693467,1525.22613065327,"LC","20","pointwise"
40534,-0.895277,841,328.994974874372,1525.22613065327,"HCP","20","pointwise"
40534,-0.25462,511,392.793969849246,1461.42713567839,"HCP","20","pointwise"
40534,0.25462,520,249.246231155779,1174.33165829146,"HCP","20","pointwise"
40534,0.714579,513,137.597989949749,998.884422110553,"HCP","20","pointwise"
40534,1.218344,449,153.547738693467,998.884422110553,"HCP","20","pointwise"
40534,1.659138,371,169.497487437186,998.884422110553,"HCP","20","pointwise"
40534,2.190281,381,137.597989949749,966.984924623115,"HCP","20","pointwise"
40534,2.691307,384,105.698492462312,935.085427135678,"HCP","20","pointwise"
40534,3.186858,246,41.8994974874372,966.984924623115,"HCP","20","pointwise"
40534,4.167009,335,105.698492462312,903.185929648241,"HCP","20","pointwise"
40534,-0.895277,841,504.442211055276,1397.62814070352,"DWR","20","pointwise"
40534,-0.25462,511,440.643216080402,1381.6783919598,"DWR","20","pointwise"
40534,0.25462,520,233.29648241206,1158.38190954774,"DWR","20","pointwise"
40534,0.714579,513,121.64824120603,1206.23115577889,"DWR","20","pointwise"
40534,1.218344,449,169.497487437186,1142.43216080402,"DWR","20","pointwise"
40534,1.659138,371,201.396984924623,1030.78391959799,"DWR","20","pointwise"
40534,2.190281,381,169.497487437186,1174.33165829146,"DWR","20","pointwise"
40534,2.691307,384,10,1078.63316582915,"DWR","20","pointwise"
40534,3.186858,246,121.64824120603,903.185929648241,"DWR","20","pointwise"
40534,4.167009,335,57.8492462311558,1078.63316582915,"DWR","20","pointwise"
40534,-0.895277,841,344.94472361809,1317.87939698492,"LC","20","pointwise"
40534,-0.25462,511,297.095477386935,1477.37688442211,"LC","20","pointwise"
40534,0.25462,520,328.994974874372,1413.57788944724,"LC","20","pointwise"
40534,0.714579,513,281.145728643216,1285.97989949749,"LC","20","pointwise"
40534,1.218344,449,376.844221105528,1365.72864321608,"LC","20","pointwise"
40534,1.659138,371,169.497487437186,1429.52763819095,"LC","20","pointwise"
40534,2.190281,381,249.246231155779,1285.97989949749,"LC","20","pointwise"
40534,2.691307,384,73.7989949748744,1477.37688442211,"LC","20","pointwise"
40534,3.186858,246,153.547738693467,1238.13065326633,"LC","20","pointwise"
40534,4.167009,335,201.396984924623,1445.47738693467,"LC","20","pointwise"
40553,-0.835045,375,360.894472361809,1365.72864321608,"HCP","20","pointwise"
40553,-0.221766,725,328.994974874372,1285.97989949749,"HCP","20","pointwise"
40553,0.221766,661,233.29648241206,1190.28140703518,"HCP","20","pointwise"
40553,1.097878,451,169.497487437186,982.934673366834,"HCP","20","pointwise"
40553,1.538672,443,89.748743718593,982.934673366834,"HCP","20","pointwise"
40553,2.058864,499,105.698492462312,1014.83417085427,"HCP","20","pointwise"
40553,2.537988,606,57.8492462311558,998.884422110553,"HCP","20","pointwise"
40553,3.110198,347,25.9497487437186,998.884422110553,"HCP","20","pointwise"
40553,3.581109,478,73.7989949748744,966.984924623115,"HCP","20","pointwise"
40553,4.093087,330,10,935.085427135678,"HCP","20","pointwise"
40553,-0.835045,375,408.743718592965,1270.03015075377,"DWR","20","pointwise"
40553,-0.221766,725,265.195979899498,1285.97989949749,"DWR","20","pointwise"
40553,0.221766,661,424.693467336683,1381.6783919598,"DWR","20","pointwise"
40553,1.097878,451,73.7989949748744,966.984924623115,"DWR","20","pointwise"
40553,1.538672,443,105.698492462312,1062.68341708543,"DWR","20","pointwise"
40553,2.058864,499,57.8492462311558,1030.78391959799,"DWR","20","pointwise"
40553,2.537988,606,73.7989949748744,1078.63316582915,"DWR","20","pointwise"
40553,3.110198,347,57.8492462311558,1014.83417085427,"DWR","20","pointwise"
40553,3.581109,478,169.497487437186,1046.73366834171,"DWR","20","pointwise"
40553,4.093087,330,10,1126.4824120603,"DWR","20","pointwise"
40553,-0.835045,375,10,2290.81407035176,"LC","20","pointwise"
40553,-0.221766,725,408.743718592965,2211.06532663317,"LC","20","pointwise"
40553,0.221766,661,408.743718592965,1764.47236180905,"LC","20","pointwise"
40553,1.097878,451,265.195979899498,1349.77889447236,"LC","20","pointwise"
40553,1.538672,443,185.447236180905,1222.18090452261,"LC","20","pointwise"
40553,2.058864,499,265.195979899498,2179.16582914573,"LC","20","pointwise"
40553,2.537988,606,57.8492462311558,1365.72864321608,"LC","20","pointwise"
40553,3.110198,347,73.7989949748744,1174.33165829146,"LC","20","pointwise"
40553,3.581109,478,89.748743718593,1078.63316582915,"LC","20","pointwise"
40553,4.093087,330,169.497487437186,1158.38190954774,"LC","20","pointwise"
40555,0.443532,1242,217.346733668342,1142.43216080402,"HCP","20","pointwise"
40555,1.182752,494,233.29648241206,1126.4824120603,"HCP","20","pointwise"
40555,3.019849,368,137.597989949749,982.934673366834,"HCP","20","pointwise"
40555,3.728953,274,153.547738693467,998.884422110553,"HCP","20","pointwise"
40555,0.443532,1242,265.195979899498,1174.33165829146,"DWR","20","pointwise"
40555,1.182752,494,249.246231155779,1126.4824120603,"DWR","20","pointwise"
40555,3.019849,368,25.9497487437186,1094.58291457286,"DWR","20","pointwise"
40555,3.728953,274,169.497487437186,951.035175879397,"DWR","20","pointwise"
40555,0.443532,1242,344.94472361809,1461.42713567839,"LC","20","pointwise"
40555,1.182752,494,249.246231155779,1493.32663316583,"LC","20","pointwise"
40555,3.019849,368,41.8994974874372,1270.03015075377,"LC","20","pointwise"
40555,3.728953,274,73.7989949748744,1174.33165829146,"LC","20","pointwise"
40562,-0.306639,899,328.994974874372,1429.52763819095,"HCP","20","pointwise"
40562,0.306639,653,249.246231155779,1238.13065326633,"HCP","20","pointwise"
40562,0.72553,394,233.29648241206,1126.4824120603,"HCP","20","pointwise"
40562,3.19781,346,73.7989949748744,1110.53266331658,"HCP","20","pointwise"
40562,-0.306639,899,424.693467336683,1301.92964824121,"DWR","20","pointwise"
40562,0.306639,653,281.145728643216,1238.13065326633,"DWR","20","pointwise"
40562,0.72553,394,121.64824120603,1238.13065326633,"DWR","20","pointwise"
40562,3.19781,346,25.9497487437186,1158.38190954774,"DWR","20","pointwise"
40562,-0.306639,899,297.095477386935,1445.47738693467,"LC","20","pointwise"
40562,0.306639,653,313.045226130653,1270.03015075377,"LC","20","pointwise"
40562,0.72553,394,249.246231155779,1349.77889447236,"LC","20","pointwise"
40562,3.19781,346,57.8492462311558,1365.72864321608,"LC","20","pointwise"
40571,-0.375086,1109,313.045226130653,1477.37688442211,"HCP","20","pointwise"
40571,0.375086,1259,185.447236180905,1317.87939698492,"HCP","20","pointwise"
40571,0.930869,876,185.447236180905,1142.43216080402,"HCP","20","pointwise"
40571,1.54141,770,153.547738693467,1110.53266331658,"HCP","20","pointwise"
40571,-0.375086,1109,440.643216080402,1461.42713567839,"DWR","20","pointwise"
40571,0.375086,1259,313.045226130653,1158.38190954774,"DWR","20","pointwise"
40571,0.930869,876,233.29648241206,1174.33165829146,"DWR","20","pointwise"
40571,1.54141,770,233.29648241206,1126.4824120603,"DWR","20","pointwise"
40571,-0.375086,1109,121.64824120603,1652.82412060301,"LC","20","pointwise"
40571,0.375086,1259,249.246231155779,1812.3216080402,"LC","20","pointwise"
40571,0.930869,876,121.64824120603,1589.02512562814,"LC","20","pointwise"
40571,1.54141,770,328.994974874372,1429.52763819095,"LC","20","pointwise"
40624,-0.323066,506,344.94472361809,1381.6783919598,"HCP","20","pointwise"
40624,0.807666,529,121.64824120603,1094.58291457286,"HCP","20","pointwise"
40624,1.305955,386,185.447236180905,1078.63316582915,"HCP","20","pointwise"
40624,2.16564,514,73.7989949748744,966.984924623115,"HCP","20","pointwise"
40624,3.145791,591,73.7989949748744,966.984924623115,"HCP","20","pointwise"
40624,3.811088,492,73.7989949748744,1014.83417085427,"HCP","20","pointwise"
40624,-0.323066,506,328.994974874372,1445.47738693467,"DWR","20","pointwise"
40624,0.807666,529,105.698492462312,1046.73366834171,"DWR","20","pointwise"
40624,1.305955,386,137.597989949749,1046.73366834171,"DWR","20","pointwise"
40624,2.16564,514,153.547738693467,1046.73366834171,"DWR","20","pointwise"
40624,3.145791,591,105.698492462312,1046.73366834171,"DWR","20","pointwise"
40624,3.811088,492,121.64824120603,1078.63316582915,"DWR","20","pointwise"
40624,-0.323066,506,185.447236180905,1349.77889447236,"LC","20","pointwise"
40624,0.807666,529,313.045226130653,1238.13065326633,"LC","20","pointwise"
40624,1.305955,386,201.396984924623,1333.82914572864,"LC","20","pointwise"
40624,2.16564,514,10,1317.87939698492,"LC","20","pointwise"
40624,3.145791,591,10,1222.18090452261,"LC","20","pointwise"
40624,3.811088,492,121.64824120603,1046.73366834171,"LC","20","pointwise"
40661,-1.385352,880,360.894472361809,1397.62814070352,"HCP","20","pointwise"
40661,-0.774812,853,328.994974874372,1333.82914572864,"HCP","20","pointwise"
40661,-0.229979,504,281.145728643216,1254.08040201005,"HCP","20","pointwise"
40661,0.229979,490,297.095477386935,1206.23115577889,"HCP","20","pointwise"
40661,2.086242,314,41.8994974874372,1046.73366834171,"HCP","20","pointwise"
40661,2.565366,213,137.597989949749,1046.73366834171,"HCP","20","pointwise"
40661,3.066393,182,10,1014.83417085427,"HCP","20","pointwise"
40661,3.657769,278,10,982.934673366834,"HCP","20","pointwise"
40661,4.062971,228,73.7989949748744,966.984924623115,"HCP","20","pointwise"
40661,-1.385352,880,424.693467336683,1285.97989949749,"DWR","20","pointwise"
40661,-0.774812,853,488.492462311558,1317.87939698492,"DWR","20","pointwise"
40661,-0.229979,504,392.793969849246,1206.23115577889,"DWR","20","pointwise"
40661,0.229979,490,201.396984924623,1238.13065326633,"DWR","20","pointwise"
40661,2.086242,314,105.698492462312,1062.68341708543,"DWR","20","pointwise"
40661,2.565366,213,89.748743718593,1110.53266331658,"DWR","20","pointwise"
40661,3.066393,182,105.698492462312,951.035175879397,"DWR","20","pointwise"
40661,3.657769,278,25.9497487437186,1030.78391959799,"DWR","20","pointwise"
40661,4.062971,228,185.447236180905,1030.78391959799,"DWR","20","pointwise"
40661,-1.385352,880,408.743718592965,1349.77889447236,"LC","20","pointwise"
40661,-0.774812,853,73.7989949748744,1445.47738693467,"LC","20","pointwise"
40661,-0.229979,504,281.145728643216,1301.92964824121,"LC","20","pointwise"
40661,0.229979,490,265.195979899498,1668.77386934673,"LC","20","pointwise"
40661,2.086242,314,201.396984924623,1142.43216080402,"LC","20","pointwise"
40661,2.565366,213,201.396984924623,1238.13065326633,"LC","20","pointwise"
40661,3.066393,182,137.597989949749,1110.53266331658,"LC","20","pointwise"
40661,3.657769,278,10,1254.08040201005,"LC","20","pointwise"
40661,4.062971,228,10,1413.57788944724,"LC","20","pointwise"
40672,-1.289528,559,376.844221105528,1397.62814070352,"HCP","20","pointwise"
40672,-0.711841,705,344.94472361809,1429.52763819095,"HCP","20","pointwise"
40672,-0.229979,676,328.994974874372,1429.52763819095,"HCP","20","pointwise"
40672,0.229979,582,297.095477386935,1238.13065326633,"HCP","20","pointwise"
40672,1.190965,343,137.597989949749,998.884422110553,"HCP","20","pointwise"
40672,2.182067,416,73.7989949748744,966.984924623115,"HCP","20","pointwise"
40672,-1.289528,559,344.94472361809,1381.6783919598,"DWR","20","pointwise"
40672,-0.711841,705,249.246231155779,1397.62814070352,"DWR","20","pointwise"
40672,-0.229979,676,328.994974874372,1285.97989949749,"DWR","20","pointwise"
40672,0.229979,582,201.396984924623,1158.38190954774,"DWR","20","pointwise"
40672,1.190965,343,137.597989949749,1110.53266331658,"DWR","20","pointwise"
40672,2.182067,416,153.547738693467,951.035175879397,"DWR","20","pointwise"
40672,-1.289528,559,376.844221105528,1317.87939698492,"LC","20","pointwise"
40672,-0.711841,705,344.94472361809,1397.62814070352,"LC","20","pointwise"
40672,-0.229979,676,185.447236180905,1573.07537688442,"LC","20","pointwise"
40672,0.229979,582,313.045226130653,1429.52763819095,"LC","20","pointwise"
40672,1.190965,343,265.195979899498,1397.62814070352,"LC","20","pointwise"
40672,2.182067,416,153.547738693467,1349.77889447236,"LC","20","pointwise"
40681,-0.804928,937,360.894472361809,1445.47738693467,"HCP","20","pointwise"
40681,0.881588,641,185.447236180905,1030.78391959799,"HCP","20","pointwise"
40681,1.837098,405,73.7989949748744,1126.4824120603,"HCP","20","pointwise"
40681,2.699521,229,57.8492462311558,1126.4824120603,"HCP","20","pointwise"
40681,-0.804928,937,536.341708542713,1333.82914572864,"DWR","20","pointwise"
40681,0.881588,641,105.698492462312,1030.78391959799,"DWR","20","pointwise"
40681,1.837098,405,201.396984924623,1110.53266331658,"DWR","20","pointwise"
40681,2.699521,229,153.547738693467,1142.43216080402,"DWR","20","pointwise"
40681,-0.804928,937,376.844221105528,1477.37688442211,"LC","20","pointwise"
40681,0.881588,641,25.9497487437186,1589.02512562814,"LC","20","pointwise"
40681,1.837098,405,201.396984924623,1541.17587939698,"LC","20","pointwise"
40681,2.699521,229,169.497487437186,1620.92462311558,"LC","20","pointwise"
40693,-0.566735,535,392.793969849246,1429.52763819095,"HCP","20","pointwise"
40693,0.566735,690,201.396984924623,1349.77889447236,"HCP","20","pointwise"
40693,1.086927,542,169.497487437186,1174.33165829146,"HCP","20","pointwise"
40693,1.650924,508,121.64824120603,1206.23115577889,"HCP","20","pointwise"
40693,-0.566735,535,344.94472361809,1349.77889447236,"DWR","20","pointwise"
40693,0.566735,690,472.542713567839,1413.57788944724,"DWR","20","pointwise"
40693,1.086927,542,201.396984924623,1158.38190954774,"DWR","20","pointwise"
40693,1.650924,508,185.447236180905,1174.33165829146,"DWR","20","pointwise"
40693,-0.566735,535,328.994974874372,1764.47236180905,"LC","20","pointwise"
40693,0.566735,690,105.698492462312,1748.52261306533,"LC","20","pointwise"
40693,1.086927,542,25.9497487437186,1812.3216080402,"LC","20","pointwise"
40693,1.650924,508,10,1748.52261306533,"LC","20","pointwise"
40702,-1.379877,882,424.693467336683,1541.17587939698,"HCP","20","pointwise"
40702,-0.747433,1167,408.743718592965,1604.97487437186,"HCP","20","pointwise"
40702,0.648871,644,169.497487437186,1142.43216080402,"HCP","20","pointwise"
40702,1.10883,871,185.447236180905,1014.83417085427,"HCP","20","pointwise"
40702,2.198494,754,137.597989949749,1046.73366834171,"HCP","20","pointwise"
40702,2.658453,787,137.597989949749,1046.73366834171,"HCP","20","pointwise"
40702,-1.379877,882,424.693467336683,1397.62814070352,"DWR","20","pointwise"
40702,-0.747433,1167,297.095477386935,1270.03015075377,"DWR","20","pointwise"
40702,0.648871,644,313.045226130653,1190.28140703518,"DWR","20","pointwise"
40702,1.10883,871,153.547738693467,1110.53266331658,"DWR","20","pointwise"
40702,2.198494,754,121.64824120603,1078.63316582915,"DWR","20","pointwise"
40702,2.658453,787,73.7989949748744,1046.73366834171,"DWR","20","pointwise"
40702,-1.379877,882,360.894472361809,1939.91959798995,"LC","20","pointwise"
40702,-0.747433,1167,201.396984924623,1860.17085427136,"LC","20","pointwise"
40702,0.648871,644,233.29648241206,1333.82914572864,"LC","20","pointwise"
40702,1.10883,871,137.597989949749,1461.42713567839,"LC","20","pointwise"
40702,2.198494,754,10,1445.47738693467,"LC","20","pointwise"
40702,2.658453,787,233.29648241206,1573.07537688442,"LC","20","pointwise"
40738,-0.295688,1000,233.29648241206,1589.02512562814,"HCP","20","pointwise"
40738,0.295688,480,137.597989949749,1317.87939698492,"HCP","20","pointwise"
40738,0.835045,449,89.748743718593,1110.53266331658,"HCP","20","pointwise"
40738,1.448323,407,105.698492462312,1142.43216080402,"HCP","20","pointwise"
40738,1.946612,360,89.748743718593,1094.58291457286,"HCP","20","pointwise"
40738,3.457906,325,73.7989949748744,1078.63316582915,"HCP","20","pointwise"
40738,4.881588,382,10,1078.63316582915,"HCP","20","pointwise"
40738,-0.295688,1000,344.94472361809,1365.72864321608,"DWR","20","pointwise"
40738,0.295688,480,217.346733668342,1270.03015075377,"DWR","20","pointwise"
40738,0.835045,449,73.7989949748744,1094.58291457286,"DWR","20","pointwise"
40738,1.448323,407,41.8994974874372,1014.83417085427,"DWR","20","pointwise"
40738,1.946612,360,25.9497487437186,1110.53266331658,"DWR","20","pointwise"
40738,3.457906,325,105.698492462312,1094.58291457286,"DWR","20","pointwise"
40738,4.881588,382,57.8492462311558,1062.68341708543,"DWR","20","pointwise"
40738,-0.295688,1000,217.346733668342,1254.08040201005,"LC","20","pointwise"
40738,0.295688,480,217.346733668342,1333.82914572864,"LC","20","pointwise"
40738,0.835045,449,10,2131.31658291457,"LC","20","pointwise"
40738,1.448323,407,10,1668.77386934673,"LC","20","pointwise"
40738,1.946612,360,137.597989949749,1270.03015075377,"LC","20","pointwise"
40738,3.457906,325,169.497487437186,1285.97989949749,"LC","20","pointwise"
40738,4.881588,382,10,1381.6783919598,"LC","20","pointwise"
40759,-0.29295,942,360.894472361809,1349.77889447236,"HCP","20","pointwise"
40759,0.689938,322,201.396984924623,1142.43216080402,"HCP","20","pointwise"
40759,1.462012,376,185.447236180905,966.984924623115,"HCP","20","pointwise"
40759,3.852156,299,41.8994974874372,919.13567839196,"HCP","20","pointwise"
40759,-0.29295,942,376.844221105528,1254.08040201005,"DWR","20","pointwise"
40759,0.689938,322,185.447236180905,1174.33165829146,"DWR","20","pointwise"
40759,1.462012,376,105.698492462312,1062.68341708543,"DWR","20","pointwise"
40759,3.852156,299,217.346733668342,1014.83417085427,"DWR","20","pointwise"
40759,-0.29295,942,328.994974874372,1477.37688442211,"LC","20","pointwise"
40759,0.689938,322,10,1716.62311557789,"LC","20","pointwise"
40759,1.462012,376,153.547738693467,1062.68341708543,"LC","20","pointwise"
40759,3.852156,299,137.597989949749,1413.57788944724,"LC","20","pointwise"
40774,-0.334018,882,313.045226130653,1573.07537688442,"HCP","20","pointwise"
40774,0.334018,713,233.29648241206,1365.72864321608,"HCP","20","pointwise"
40774,0.835045,512,105.698492462312,1190.28140703518,"HCP","20","pointwise"
40774,1.34976,389,25.9497487437186,1126.4824120603,"HCP","20","pointwise"
40774,-0.334018,882,424.693467336683,1285.97989949749,"DWR","20","pointwise"
40774,0.334018,713,281.145728643216,1238.13065326633,"DWR","20","pointwise"
40774,0.835045,512,233.29648241206,1254.08040201005,"DWR","20","pointwise"
40774,1.34976,389,328.994974874372,1110.53266331658,"DWR","20","pointwise"
40774,-0.334018,882,265.195979899498,1493.32663316583,"LC","20","pointwise"
40774,0.334018,713,281.145728643216,1461.42713567839,"LC","20","pointwise"
40774,0.835045,512,249.246231155779,1413.57788944724,"LC","20","pointwise"
40774,1.34976,389,105.698492462312,1700.67336683417,"LC","20","pointwise"
40791,-0.383299,431,313.045226130653,1333.82914572864,"HCP","20","pointwise"
40791,0.383299,340,185.447236180905,1254.08040201005,"HCP","20","pointwise"
40791,-0.383299,431,297.095477386935,1270.03015075377,"DWR","20","pointwise"
40791,0.383299,340,185.447236180905,1206.23115577889,"DWR","20","pointwise"
40791,-0.383299,431,249.246231155779,1589.02512562814,"LC","20","pointwise"
40791,0.383299,340,233.29648241206,1557.1256281407,"LC","20","pointwise"
40795,-2.521561,1157,265.195979899498,1429.52763819095,"HCP","20","pointwise"
40795,-2.099931,972,249.246231155779,1429.52763819095,"HCP","20","pointwise"
40795,-1.661875,1350,297.095477386935,1477.37688442211,"HCP","20","pointwise"
40795,-1.182752,1290,297.095477386935,1445.47738693467,"HCP","20","pointwise"
40795,-0.240931,1246,249.246231155779,1349.77889447236,"HCP","20","pointwise"
40795,0.240931,530,185.447236180905,1254.08040201005,"HCP","20","pointwise"
40795,1.259411,546,185.447236180905,1110.53266331658,"HCP","20","pointwise"
40795,2.291581,394,89.748743718593,1078.63316582915,"HCP","20","pointwise"
40795,-2.521561,1157,376.844221105528,1270.03015075377,"DWR","20","pointwise"
40795,-2.099931,972,456.592964824121,1349.77889447236,"DWR","20","pointwise"
40795,-1.661875,1350,217.346733668342,1381.6783919598,"DWR","20","pointwise"
40795,-1.182752,1290,328.994974874372,1381.6783919598,"DWR","20","pointwise"
40795,-0.240931,1246,265.195979899498,1270.03015075377,"DWR","20","pointwise"
40795,0.240931,530,233.29648241206,1301.92964824121,"DWR","20","pointwise"
40795,1.259411,546,121.64824120603,1174.33165829146,"DWR","20","pointwise"
40795,2.291581,394,169.497487437186,1046.73366834171,"DWR","20","pointwise"
40795,-2.521561,1157,89.748743718593,1748.52261306533,"LC","20","pointwise"
40795,-2.099931,972,10,2179.16582914573,"LC","20","pointwise"
40795,-1.661875,1350,265.195979899498,1892.07035175879,"LC","20","pointwise"
40795,-1.182752,1290,10,1844.22110552764,"LC","20","pointwise"
40795,-0.240931,1246,10,1525.22613065327,"LC","20","pointwise"
40795,0.240931,530,328.994974874372,1541.17587939698,"LC","20","pointwise"
40795,1.259411,546,137.597989949749,1429.52763819095,"LC","20","pointwise"
40795,2.291581,394,10,1684.72361809045,"LC","20","pointwise"
40807,-0.287474,823,281.145728643216,1381.6783919598,"HCP","20","pointwise"
40807,0.287474,1313,89.748743718593,1270.03015075377,"HCP","20","pointwise"
40807,0.845996,866,25.9497487437186,1158.38190954774,"HCP","20","pointwise"
40807,1.420945,902,153.547738693467,1094.58291457286,"HCP","20","pointwise"
40807,1.93566,970,105.698492462312,1126.4824120603,"HCP","20","pointwise"
40807,2.874743,771,73.7989949748744,1030.78391959799,"HCP","20","pointwise"
40807,-0.287474,823,424.693467336683,1333.82914572864,"DWR","20","pointwise"
40807,0.287474,1313,265.195979899498,1270.03015075377,"DWR","20","pointwise"
40807,0.845996,866,73.7989949748744,1094.58291457286,"DWR","20","pointwise"
40807,1.420945,902,217.346733668342,1062.68341708543,"DWR","20","pointwise"
40807,1.93566,970,169.497487437186,1126.4824120603,"DWR","20","pointwise"
40807,2.874743,771,169.497487437186,1046.73366834171,"DWR","20","pointwise"
40807,-0.287474,823,233.29648241206,1509.27638190955,"LC","20","pointwise"
40807,0.287474,1313,137.597989949749,1397.62814070352,"LC","20","pointwise"
40807,0.845996,866,153.547738693467,1397.62814070352,"LC","20","pointwise"
40807,1.420945,902,169.497487437186,1381.6783919598,"LC","20","pointwise"
40807,1.93566,970,265.195979899498,1333.82914572864,"LC","20","pointwise"
40807,2.874743,771,185.447236180905,1158.38190954774,"LC","20","pointwise"
40867,-0.309377,694,281.145728643216,1477.37688442211,"HCP","20","pointwise"
40867,0.25462,827,169.497487437186,1190.28140703518,"HCP","20","pointwise"
40867,0.758385,714,137.597989949749,1046.73366834171,"HCP","20","pointwise"
40867,1.429158,519,73.7989949748744,1413.57788944724,"HCP","20","pointwise"
40867,-0.309377,694,488.492462311558,1349.77889447236,"DWR","20","pointwise"
40867,0.25462,827,265.195979899498,1126.4824120603,"DWR","20","pointwise"
40867,0.758385,714,265.195979899498,1126.4824120603,"DWR","20","pointwise"
40867,1.429158,519,169.497487437186,1142.43216080402,"DWR","20","pointwise"
40867,-0.309377,694,281.145728643216,1525.22613065327,"LC","20","pointwise"
40867,0.25462,827,328.994974874372,1349.77889447236,"LC","20","pointwise"
40867,0.758385,714,344.94472361809,1509.27638190955,"LC","20","pointwise"
40867,1.429158,519,169.497487437186,1589.02512562814,"LC","20","pointwise"
40873,-2.067077,918,376.844221105528,1349.77889447236,"HCP","20","pointwise"
40873,-1.601643,1186,249.246231155779,1254.08040201005,"HCP","20","pointwise"
40873,-1.0705,1110,360.894472361809,1238.13065326633,"HCP","20","pointwise"
40873,-0.257358,811,313.045226130653,1222.18090452261,"HCP","20","pointwise"
40873,-2.067077,918,520.391959798995,1365.72864321608,"DWR","20","pointwise"
40873,-1.601643,1186,328.994974874372,1397.62814070352,"DWR","20","pointwise"
40873,-1.0705,1110,456.592964824121,1461.42713567839,"DWR","20","pointwise"
40873,-0.257358,811,456.592964824121,1333.82914572864,"DWR","20","pointwise"
40873,-2.067077,918,376.844221105528,1636.8743718593,"LC","20","pointwise"
40873,-1.601643,1186,265.195979899498,1748.52261306533,"LC","20","pointwise"
40873,-1.0705,1110,281.145728643216,1477.37688442211,"LC","20","pointwise"
40873,-0.257358,811,153.547738693467,1716.62311557789,"LC","20","pointwise"
40901,-0.375086,662,313.045226130653,1301.92964824121,"HCP","20","pointwise"
40901,0.375086,618,249.246231155779,1238.13065326633,"HCP","20","pointwise"
40901,0.873374,589,201.396984924623,1046.73366834171,"HCP","20","pointwise"
40901,1.390828,653,121.64824120603,919.13567839196,"HCP","20","pointwise"
40901,1.869952,440,121.64824120603,919.13567839196,"HCP","20","pointwise"
40901,2.368241,763,105.698492462312,903.185929648241,"HCP","20","pointwise"
40901,2.885695,511,25.9497487437186,966.984924623115,"HCP","20","pointwise"
40901,3.345654,515,10,966.984924623115,"HCP","20","pointwise"
40901,3.863107,235,10,935.085427135678,"HCP","20","pointwise"
40901,4.380561,389,25.9497487437186,982.934673366834,"HCP","20","pointwise"
40901,4.859685,201,25.9497487437186,982.934673366834,"HCP","20","pointwise"
40901,-0.375086,662,456.592964824121,1254.08040201005,"DWR","20","pointwise"
40901,0.375086,618,153.547738693467,1190.28140703518,"DWR","20","pointwise"
40901,0.873374,589,201.396984924623,1190.28140703518,"DWR","20","pointwise"
40901,1.390828,653,89.748743718593,1046.73366834171,"DWR","20","pointwise"
40901,1.869952,440,121.64824120603,1142.43216080402,"DWR","20","pointwise"
40901,2.368241,763,73.7989949748744,1046.73366834171,"DWR","20","pointwise"
40901,2.885695,511,25.9497487437186,1078.63316582915,"DWR","20","pointwise"
40901,3.345654,515,137.597989949749,1126.4824120603,"DWR","20","pointwise"
40901,3.863107,235,57.8492462311558,935.085427135678,"DWR","20","pointwise"
40901,4.380561,389,185.447236180905,1110.53266331658,"DWR","20","pointwise"
40901,4.859685,201,153.547738693467,1046.73366834171,"DWR","20","pointwise"
40901,-0.375086,662,265.195979899498,1397.62814070352,"LC","20","pointwise"
40901,0.375086,618,328.994974874372,1365.72864321608,"LC","20","pointwise"
40901,0.873374,589,313.045226130653,1461.42713567839,"LC","20","pointwise"
40901,1.390828,653,233.29648241206,1381.6783919598,"LC","20","pointwise"
40901,1.869952,440,185.447236180905,1110.53266331658,"LC","20","pointwise"
40901,2.368241,763,265.195979899498,1078.63316582915,"LC","20","pointwise"
40901,2.885695,511,10,1493.32663316583,"LC","20","pointwise"
40901,3.345654,515,153.547738693467,1078.63316582915,"LC","20","pointwise"
40901,3.863107,235,41.8994974874372,1030.78391959799,"LC","20","pointwise"
40901,4.380561,389,265.195979899498,1301.92964824121,"LC","20","pointwise"
40901,4.859685,201,185.447236180905,998.884422110553,"LC","20","pointwise"
40904,-0.317591,992,360.894472361809,1285.97989949749,"HCP","20","pointwise"
40904,0.317591,927,185.447236180905,1206.23115577889,"HCP","20","pointwise"
40904,0.911704,1191,121.64824120603,1094.58291457286,"HCP","20","pointwise"
40904,1.429158,535,57.8492462311558,1126.4824120603,"HCP","20","pointwise"
40904,3.211499,558,10,1030.78391959799,"HCP","20","pointwise"
40904,3.594798,516,41.8994974874372,982.934673366834,"HCP","20","pointwise"
40904,-0.317591,992,488.492462311558,1381.6783919598,"DWR","20","pointwise"
40904,0.317591,927,201.396984924623,1206.23115577889,"DWR","20","pointwise"
40904,0.911704,1191,121.64824120603,1158.38190954774,"DWR","20","pointwise"
40904,1.429158,535,201.396984924623,1094.58291457286,"DWR","20","pointwise"
40904,3.211499,558,121.64824120603,1030.78391959799,"DWR","20","pointwise"
40904,3.594798,516,10,1110.53266331658,"DWR","20","pointwise"
40904,-0.317591,992,408.743718592965,1732.57286432161,"LC","20","pointwise"
40904,0.317591,927,233.29648241206,1812.3216080402,"LC","20","pointwise"
40904,0.911704,1191,313.045226130653,2067.5175879397,"LC","20","pointwise"
40904,1.429158,535,153.547738693467,1477.37688442211,"LC","20","pointwise"
40904,3.211499,558,121.64824120603,1365.72864321608,"LC","20","pointwise"
40904,3.594798,516,137.597989949749,1525.22613065327,"LC","20","pointwise"
40942,0.911704,638,169.497487437186,998.884422110553,"HCP","20","pointwise"
40942,1.50308,584,105.698492462312,966.984924623115,"HCP","20","pointwise"
40942,3.315537,204,10,951.035175879397,"HCP","20","pointwise"
40942,0.911704,638,153.547738693467,1078.63316582915,"DWR","20","pointwise"
40942,1.50308,584,121.64824120603,1142.43216080402,"DWR","20","pointwise"
40942,3.315537,204,153.547738693467,1030.78391959799,"DWR","20","pointwise"
40942,0.911704,638,360.894472361809,1429.52763819095,"LC","20","pointwise"
40942,1.50308,584,265.195979899498,1317.87939698492,"LC","20","pointwise"
40942,3.315537,204,185.447236180905,1525.22613065327,"LC","20","pointwise"
40959,-2.907598,794,344.94472361809,1541.17587939698,"HCP","20","pointwise"
40959,-2.45859,799,344.94472361809,1477.37688442211,"HCP","20","pointwise"
40959,-0.607803,1084,281.145728643216,1429.52763819095,"HCP","20","pointwise"
40959,-0.358658,901,265.195979899498,1429.52763819095,"HCP","20","pointwise"
40959,0.358658,721,217.346733668342,1174.33165829146,"HCP","20","pointwise"
40959,0.706366,560,185.447236180905,1142.43216080402,"HCP","20","pointwise"
40959,1.242984,588,137.597989949749,982.934673366834,"HCP","20","pointwise"
40959,-2.907598,794,392.793969849246,1461.42713567839,"DWR","20","pointwise"
40959,-2.45859,799,424.693467336683,1461.42713567839,"DWR","20","pointwise"
40959,-0.607803,1084,424.693467336683,1429.52763819095,"DWR","20","pointwise"
40959,-0.358658,901,297.095477386935,1317.87939698492,"DWR","20","pointwise"
40959,0.358658,721,153.547738693467,1110.53266331658,"DWR","20","pointwise"
40959,0.706366,560,249.246231155779,1349.77889447236,"DWR","20","pointwise"
40959,1.242984,588,137.597989949749,1110.53266331658,"DWR","20","pointwise"
40959,-2.907598,794,328.994974874372,2067.5175879397,"LC","20","pointwise"
40959,-2.45859,799,10,2099.41708542714,"LC","20","pointwise"
40959,-0.607803,1084,153.547738693467,1620.92462311558,"LC","20","pointwise"
40959,-0.358658,901,217.346733668342,1525.22613065327,"LC","20","pointwise"
40959,0.358658,721,249.246231155779,1254.08040201005,"LC","20","pointwise"
40959,0.706366,560,313.045226130653,1620.92462311558,"LC","20","pointwise"
40959,1.242984,588,57.8492462311558,1796.37185929648,"LC","20","pointwise"
40967,-1.117043,887,313.045226130653,1333.82914572864,"HCP","20","pointwise"
40967,0.610541,454,169.497487437186,1222.18090452261,"HCP","20","pointwise"
40967,-1.117043,887,424.693467336683,1301.92964824121,"DWR","20","pointwise"
40967,0.610541,454,201.396984924623,1126.4824120603,"DWR","20","pointwise"
40967,-1.117043,887,392.793969849246,1668.77386934673,"LC","20","pointwise"
40967,0.610541,454,281.145728643216,1254.08040201005,"LC","20","pointwise"
40970,-0.999316,458,281.145728643216,1429.52763819095,"HCP","20","pointwise"
40970,-0.325804,672,185.447236180905,1509.27638190955,"HCP","20","pointwise"
40970,0.325804,384,153.547738693467,1238.13065326633,"HCP","20","pointwise"
40970,0.651608,318,105.698492462312,1206.23115577889,"HCP","20","pointwise"
40970,1.590691,272,10,1174.33165829146,"HCP","20","pointwise"
40970,2.108145,226,10,1158.38190954774,"HCP","20","pointwise"
40970,2.606434,159,10,1142.43216080402,"HCP","20","pointwise"
40970,4.065709,217,10,1142.43216080402,"HCP","20","pointwise"
40970,-0.999316,458,376.844221105528,1349.77889447236,"DWR","20","pointwise"
40970,-0.325804,672,456.592964824121,1381.6783919598,"DWR","20","pointwise"
40970,0.325804,384,313.045226130653,1238.13065326633,"DWR","20","pointwise"
40970,0.651608,318,297.095477386935,1333.82914572864,"DWR","20","pointwise"
40970,1.590691,272,89.748743718593,1094.58291457286,"DWR","20","pointwise"
40970,2.108145,226,89.748743718593,1126.4824120603,"DWR","20","pointwise"
40970,2.606434,159,137.597989949749,1046.73366834171,"DWR","20","pointwise"
40970,4.065709,217,10,1046.73366834171,"DWR","20","pointwise"
40970,-0.999316,458,313.045226130653,2019.66834170854,"LC","20","pointwise"
40970,-0.325804,672,249.246231155779,1892.07035175879,"LC","20","pointwise"
40970,0.325804,384,313.045226130653,2258.91457286432,"LC","20","pointwise"
40970,0.651608,318,105.698492462312,1700.67336683417,"LC","20","pointwise"
40970,1.590691,272,73.7989949748744,1716.62311557789,"LC","20","pointwise"
40970,2.108145,226,137.597989949749,1381.6783919598,"LC","20","pointwise"
40970,2.606434,159,25.9497487437186,1206.23115577889,"LC","20","pointwise"
40970,4.065709,217,121.64824120603,1525.22613065327,"LC","20","pointwise"
40973,-2.765229,987,297.095477386935,1429.52763819095,"HCP","20","pointwise"
40973,-2.308008,742,281.145728643216,1365.72864321608,"HCP","20","pointwise"
40973,-1.817933,876,328.994974874372,1349.77889447236,"HCP","20","pointwise"
40973,-1.385352,796,313.045226130653,1381.6783919598,"HCP","20","pointwise"
40973,-0.813142,864,392.793969849246,1285.97989949749,"HCP","20","pointwise"
40973,-0.273785,775,297.095477386935,1461.42713567839,"HCP","20","pointwise"
40973,-2.765229,987,376.844221105528,1301.92964824121,"DWR","20","pointwise"
40973,-2.308008,742,328.994974874372,1365.72864321608,"DWR","20","pointwise"
40973,-1.817933,876,440.643216080402,1333.82914572864,"DWR","20","pointwise"
40973,-1.385352,796,313.045226130653,1222.18090452261,"DWR","20","pointwise"
40973,-0.813142,864,520.391959798995,1333.82914572864,"DWR","20","pointwise"
40973,-0.273785,775,392.793969849246,1301.92964824121,"DWR","20","pointwise"
40973,-2.765229,987,344.94472361809,2242.9648241206,"LC","20","pointwise"
40973,-2.308008,742,89.748743718593,1429.52763819095,"LC","20","pointwise"
40973,-1.817933,876,440.643216080402,1158.38190954774,"LC","20","pointwise"
40973,-1.385352,796,265.195979899498,1222.18090452261,"LC","20","pointwise"
40973,-0.813142,864,456.592964824121,1445.47738693467,"LC","20","pointwise"
40973,-0.273785,775,137.597989949749,1397.62814070352,"LC","20","pointwise"
41032,-2.951403,1218,281.145728643216,1509.27638190955,"HCP","20","pointwise"
41032,-2.491444,1331,281.145728643216,1461.42713567839,"HCP","20","pointwise"
41032,-2.01232,1175,265.195979899498,1445.47738693467,"HCP","20","pointwise"
41032,-0.19165,919,344.94472361809,1365.72864321608,"HCP","20","pointwise"
41032,0.19165,909,297.095477386935,1381.6783919598,"HCP","20","pointwise"
41032,0.881588,718,137.597989949749,1142.43216080402,"HCP","20","pointwise"
41032,1.188227,959,201.396984924623,1062.68341708543,"HCP","20","pointwise"
41032,1.667351,769,137.597989949749,1014.83417085427,"HCP","20","pointwise"
41032,-2.951403,1218,392.793969849246,1349.77889447236,"DWR","20","pointwise"
41032,-2.491444,1331,488.492462311558,1397.62814070352,"DWR","20","pointwise"
41032,-2.01232,1175,328.994974874372,1317.87939698492,"DWR","20","pointwise"
41032,-0.19165,919,360.894472361809,1397.62814070352,"DWR","20","pointwise"
41032,0.19165,909,313.045226130653,1270.03015075377,"DWR","20","pointwise"
41032,0.881588,718,233.29648241206,1062.68341708543,"DWR","20","pointwise"
41032,1.188227,959,137.597989949749,1062.68341708543,"DWR","20","pointwise"
41032,1.667351,769,185.447236180905,1222.18090452261,"DWR","20","pointwise"
41032,-2.951403,1218,360.894472361809,1461.42713567839,"LC","20","pointwise"
41032,-2.491444,1331,328.994974874372,1636.8743718593,"LC","20","pointwise"
41032,-2.01232,1175,328.994974874372,1445.47738693467,"LC","20","pointwise"
41032,-0.19165,919,105.698492462312,1700.67336683417,"LC","20","pointwise"
41032,0.19165,909,440.643216080402,1477.37688442211,"LC","20","pointwise"
41032,0.881588,718,328.994974874372,1732.57286432161,"LC","20","pointwise"
41032,1.188227,959,25.9497487437186,1541.17587939698,"LC","20","pointwise"
41032,1.667351,769,281.145728643216,1445.47738693467,"LC","20","pointwise"
41045,-1.097878,630,344.94472361809,1333.82914572864,"HCP","20","pointwise"
41045,-0.427105,1278,344.94472361809,1333.82914572864,"HCP","20","pointwise"
41045,0.427105,722,249.246231155779,1238.13065326633,"HCP","20","pointwise"
41045,0.974675,811,121.64824120603,1142.43216080402,"HCP","20","pointwise"
41045,2.488706,564,137.597989949749,1062.68341708543,"HCP","20","pointwise"
41045,3.471595,461,73.7989949748744,1078.63316582915,"HCP","20","pointwise"
41045,-1.097878,630,281.145728643216,1445.47738693467,"DWR","20","pointwise"
41045,-0.427105,1278,328.994974874372,1285.97989949749,"DWR","20","pointwise"
41045,0.427105,722,233.29648241206,1206.23115577889,"DWR","20","pointwise"
41045,0.974675,811,137.597989949749,1094.58291457286,"DWR","20","pointwise"
41045,2.488706,564,137.597989949749,1238.13065326633,"DWR","20","pointwise"
41045,3.471595,461,89.748743718593,1078.63316582915,"DWR","20","pointwise"
41045,-1.097878,630,344.94472361809,1381.6783919598,"LC","20","pointwise"
41045,-0.427105,1278,344.94472361809,1429.52763819095,"LC","20","pointwise"
41045,0.427105,722,344.94472361809,1780.42211055276,"LC","20","pointwise"
41045,0.974675,811,249.246231155779,1238.13065326633,"LC","20","pointwise"
41045,2.488706,564,233.29648241206,1285.97989949749,"LC","20","pointwise"
41045,3.471595,461,105.698492462312,1174.33165829146,"LC","20","pointwise"
41061,-1.259411,540,328.994974874372,1461.42713567839,"HCP","20","pointwise"
41061,1.259411,468,137.597989949749,1062.68341708543,"HCP","20","pointwise"
41061,4,593,121.64824120603,951.035175879397,"HCP","20","pointwise"
41061,-1.259411,540,504.442211055276,1413.57788944724,"DWR","20","pointwise"
41061,1.259411,468,89.748743718593,1142.43216080402,"DWR","20","pointwise"
41061,4,593,105.698492462312,1046.73366834171,"DWR","20","pointwise"
41061,-1.259411,540,344.94472361809,1557.1256281407,"LC","20","pointwise"
41061,1.259411,468,153.547738693467,1589.02512562814,"LC","20","pointwise"
41061,4,593,201.396984924623,1014.83417085427,"LC","20","pointwise"
41062,-1.853525,906,376.844221105528,1349.77889447236,"HCP","20","pointwise"
41062,-1.125257,1212,376.844221105528,1317.87939698492,"HCP","20","pointwise"
41062,-0.703628,1459,360.894472361809,1317.87939698492,"HCP","20","pointwise"
41062,-0.235455,1538,344.94472361809,1222.18090452261,"HCP","20","pointwise"
41062,0.235455,1362,297.095477386935,1206.23115577889,"HCP","20","pointwise"
41062,1.396304,624,121.64824120603,1062.68341708543,"HCP","20","pointwise"
41062,2.354552,170,41.8994974874372,1078.63316582915,"HCP","20","pointwise"
41062,2.819986,277,25.9497487437186,1062.68341708543,"HCP","20","pointwise"
41062,-1.853525,906,360.894472361809,1349.77889447236,"DWR","20","pointwise"
41062,-1.125257,1212,297.095477386935,1317.87939698492,"DWR","20","pointwise"
41062,-0.703628,1459,344.94472361809,1349.77889447236,"DWR","20","pointwise"
41062,-0.235455,1538,297.095477386935,1365.72864321608,"DWR","20","pointwise"
41062,0.235455,1362,297.095477386935,1317.87939698492,"DWR","20","pointwise"
41062,1.396304,624,201.396984924623,1094.58291457286,"DWR","20","pointwise"
41062,2.354552,170,57.8492462311558,1094.58291457286,"DWR","20","pointwise"
41062,2.819986,277,169.497487437186,1030.78391959799,"DWR","20","pointwise"
41062,-1.853525,906,440.643216080402,1349.77889447236,"LC","20","pointwise"
41062,-1.125257,1212,297.095477386935,1732.57286432161,"LC","20","pointwise"
41062,-0.703628,1459,440.643216080402,1333.82914572864,"LC","20","pointwise"
41062,-0.235455,1538,488.492462311558,1317.87939698492,"LC","20","pointwise"
41062,0.235455,1362,121.64824120603,1477.37688442211,"LC","20","pointwise"
41062,1.396304,624,10,1381.6783919598,"LC","20","pointwise"
41062,2.354552,170,201.396984924623,1620.92462311558,"LC","20","pointwise"
41062,2.819986,277,201.396984924623,1030.78391959799,"LC","20","pointwise"
41082,-0.287474,593,344.94472361809,1445.47738693467,"HCP","20","pointwise"
41082,1.267625,569,169.497487437186,1046.73366834171,"HCP","20","pointwise"
41082,1.727584,420,73.7989949748744,1078.63316582915,"HCP","20","pointwise"
41082,-0.287474,593,344.94472361809,1429.52763819095,"DWR","20","pointwise"
41082,1.267625,569,201.396984924623,1190.28140703518,"DWR","20","pointwise"
41082,1.727584,420,137.597989949749,1062.68341708543,"DWR","20","pointwise"
41082,-0.287474,593,201.396984924623,2274.86432160804,"LC","20","pointwise"
41082,1.267625,569,201.396984924623,1668.77386934673,"LC","20","pointwise"
41082,1.727584,420,10,1955.86934673367,"LC","20","pointwise"
41108,-2.483231,1193,328.994974874372,1445.47738693467,"HCP","20","pointwise"
41108,-2.039699,1009,297.095477386935,1493.32663316583,"HCP","20","pointwise"
41108,-1.314168,760,297.095477386935,1493.32663316583,"HCP","20","pointwise"
41108,-1.065024,1207,328.994974874372,1636.8743718593,"HCP","20","pointwise"
41108,-0.5859,1327,297.095477386935,1557.1256281407,"HCP","20","pointwise"
41108,-0.125941,1078,233.29648241206,1397.62814070352,"HCP","20","pointwise"
41108,0.43258,1049,121.64824120603,1238.13065326633,"HCP","20","pointwise"
41108,-2.483231,1193,472.542713567839,1333.82914572864,"DWR","20","pointwise"
41108,-2.039699,1009,360.894472361809,1541.17587939698,"DWR","20","pointwise"
41108,-1.314168,760,663.939698492462,1509.27638190955,"DWR","20","pointwise"
41108,-1.065024,1207,408.743718592965,1301.92964824121,"DWR","20","pointwise"
41108,-0.5859,1327,360.894472361809,1285.97989949749,"DWR","20","pointwise"
41108,-0.125941,1078,297.095477386935,1317.87939698492,"DWR","20","pointwise"
41108,0.43258,1049,408.743718592965,1190.28140703518,"DWR","20","pointwise"
41108,-2.483231,1193,10,1812.3216080402,"LC","20","pointwise"
41108,-2.039699,1009,249.246231155779,1668.77386934673,"LC","20","pointwise"
41108,-1.314168,760,169.497487437186,1780.42211055276,"LC","20","pointwise"
41108,-1.065024,1207,313.045226130653,1365.72864321608,"LC","20","pointwise"
41108,-0.5859,1327,265.195979899498,1270.03015075377,"LC","20","pointwise"
41108,-0.125941,1078,265.195979899498,1429.52763819095,"LC","20","pointwise"
41108,0.43258,1049,201.396984924623,1573.07537688442,"LC","20","pointwise"
41142,-0.301164,547,328.994974874372,1381.6783919598,"HCP","20","pointwise"
41142,0.813142,517,201.396984924623,1014.83417085427,"HCP","20","pointwise"
41142,1.292266,508,169.497487437186,1030.78391959799,"HCP","20","pointwise"
41142,-0.301164,547,265.195979899498,1285.97989949749,"DWR","20","pointwise"
41142,0.813142,517,153.547738693467,1078.63316582915,"DWR","20","pointwise"
41142,1.292266,508,121.64824120603,1158.38190954774,"DWR","20","pointwise"
41142,-0.301164,547,376.844221105528,1365.72864321608,"LC","20","pointwise"
41142,0.813142,517,249.246231155779,1270.03015075377,"LC","20","pointwise"
41142,1.292266,508,10,1684.72361809045,"LC","20","pointwise"
41157,-2.798084,2001,328.994974874372,1365.72864321608,"HCP","20","pointwise"
41157,-2.302532,1325,328.994974874372,1413.57788944724,"HCP","20","pointwise"
41157,-1.839836,2077,344.94472361809,1381.6783919598,"HCP","20","pointwise"
41157,-1.314168,1578,297.095477386935,1333.82914572864,"HCP","20","pointwise"
41157,-0.279261,2047,313.045226130653,1493.32663316583,"HCP","20","pointwise"
41157,-2.798084,2001,313.045226130653,1413.57788944724,"DWR","20","pointwise"
41157,-2.302532,1325,504.442211055276,1365.72864321608,"DWR","20","pointwise"
41157,-1.839836,2077,424.693467336683,1254.08040201005,"DWR","20","pointwise"
41157,-1.314168,1578,408.743718592965,1349.77889447236,"DWR","20","pointwise"
41157,-0.279261,2047,424.693467336683,1365.72864321608,"DWR","20","pointwise"
41157,-2.798084,2001,456.592964824121,1620.92462311558,"LC","20","pointwise"
41157,-2.302532,1325,121.64824120603,1923.96984924623,"LC","20","pointwise"
41157,-1.839836,2077,456.592964824121,1349.77889447236,"LC","20","pointwise"
41157,-1.314168,1578,233.29648241206,1349.77889447236,"LC","20","pointwise"
41157,-0.279261,2047,328.994974874372,1620.92462311558,"LC","20","pointwise"
41158,-0.821355,980,265.195979899498,1333.82914572864,"HCP","20","pointwise"
41158,-0.251882,1174,313.045226130653,1525.22613065327,"HCP","20","pointwise"
41158,0.251882,1008,201.396984924623,1238.13065326633,"HCP","20","pointwise"
41158,0.750171,931,169.497487437186,1078.63316582915,"HCP","20","pointwise"
41158,1.763176,910,105.698492462312,1110.53266331658,"HCP","20","pointwise"
41158,2.702259,327,41.8994974874372,1046.73366834171,"HCP","20","pointwise"
41158,3.200547,295,10,1110.53266331658,"HCP","20","pointwise"
41158,3.698836,83,41.8994974874372,1030.78391959799,"HCP","20","pointwise"
41158,-0.821355,980,408.743718592965,1365.72864321608,"DWR","20","pointwise"
41158,-0.251882,1174,344.94472361809,1397.62814070352,"DWR","20","pointwise"
41158,0.251882,1008,313.045226130653,1317.87939698492,"DWR","20","pointwise"
41158,0.750171,931,73.7989949748744,1126.4824120603,"DWR","20","pointwise"
41158,1.763176,910,169.497487437186,998.884422110553,"DWR","20","pointwise"
41158,2.702259,327,137.597989949749,1094.58291457286,"DWR","20","pointwise"
41158,3.200547,295,41.8994974874372,935.085427135678,"DWR","20","pointwise"
41158,3.698836,83,10,998.884422110553,"DWR","20","pointwise"
41158,-0.821355,980,185.447236180905,1604.97487437186,"LC","20","pointwise"
41158,-0.251882,1174,185.447236180905,1684.72361809045,"LC","20","pointwise"
41158,0.251882,1008,217.346733668342,1365.72864321608,"LC","20","pointwise"
41158,0.750171,931,265.195979899498,1285.97989949749,"LC","20","pointwise"
41158,1.763176,910,10,1716.62311557789,"LC","20","pointwise"
41158,2.702259,327,105.698492462312,998.884422110553,"LC","20","pointwise"
41158,3.200547,295,10,1557.1256281407,"LC","20","pointwise"
41158,3.698836,83,217.346733668342,1349.77889447236,"LC","20","pointwise"
41163,-2.53525,1124,313.045226130653,1429.52763819095,"HCP","20","pointwise"
41163,-2.01232,1081,344.94472361809,1301.92964824121,"HCP","20","pointwise"
41163,-0.15332,1069,217.346733668342,1301.92964824121,"HCP","20","pointwise"
41163,0.421629,665,201.396984924623,1190.28140703518,"HCP","20","pointwise"
41163,0.900753,422,89.748743718593,1158.38190954774,"HCP","20","pointwise"
41163,-2.53525,1124,488.492462311558,1333.82914572864,"DWR","20","pointwise"
41163,-2.01232,1081,376.844221105528,1301.92964824121,"DWR","20","pointwise"
41163,-0.15332,1069,328.994974874372,1365.72864321608,"DWR","20","pointwise"
41163,0.421629,665,281.145728643216,1270.03015075377,"DWR","20","pointwise"
41163,0.900753,422,169.497487437186,1174.33165829146,"DWR","20","pointwise"
41163,-2.53525,1124,10,1700.67336683417,"LC","20","pointwise"
41163,-2.01232,1081,233.29648241206,1397.62814070352,"LC","20","pointwise"
41163,-0.15332,1069,10,1732.57286432161,"LC","20","pointwise"
41163,0.421629,665,233.29648241206,1955.86934673367,"LC","20","pointwise"
41163,0.900753,422,249.246231155779,1557.1256281407,"LC","20","pointwise"
41165,-0.249144,934,265.195979899498,1349.77889447236,"HCP","20","pointwise"
41165,0.249144,1028,265.195979899498,1254.08040201005,"HCP","20","pointwise"
41165,0.733744,770,137.597989949749,1142.43216080402,"HCP","20","pointwise"
41165,1.284052,725,137.597989949749,1190.28140703518,"HCP","20","pointwise"
41165,1.801506,708,89.748743718593,1238.13065326633,"HCP","20","pointwise"
41165,2.491444,803,105.698492462312,1030.78391959799,"HCP","20","pointwise"
41165,3.085558,552,57.8492462311558,951.035175879397,"HCP","20","pointwise"
41165,-0.249144,934,313.045226130653,1349.77889447236,"DWR","20","pointwise"
41165,0.249144,1028,201.396984924623,1285.97989949749,"DWR","20","pointwise"
41165,0.733744,770,185.447236180905,1285.97989949749,"DWR","20","pointwise"
41165,1.284052,725,57.8492462311558,1094.58291457286,"DWR","20","pointwise"
41165,1.801506,708,153.547738693467,1110.53266331658,"DWR","20","pointwise"
41165,2.491444,803,105.698492462312,1062.68341708543,"DWR","20","pointwise"
41165,3.085558,552,57.8492462311558,1094.58291457286,"DWR","20","pointwise"
41165,-0.249144,934,360.894472361809,1636.8743718593,"LC","20","pointwise"
41165,0.249144,1028,376.844221105528,1317.87939698492,"LC","20","pointwise"
41165,0.733744,770,10,1668.77386934673,"LC","20","pointwise"
41165,1.284052,725,121.64824120603,1349.77889447236,"LC","20","pointwise"
41165,1.801506,708,217.346733668342,1365.72864321608,"LC","20","pointwise"
41165,2.491444,803,137.597989949749,1254.08040201005,"LC","20","pointwise"
41165,3.085558,552,217.346733668342,1014.83417085427,"LC","20","pointwise"
41185,-0.312115,736,297.095477386935,1429.52763819095,"HCP","20","pointwise"
41185,0.312115,804,233.29648241206,1254.08040201005,"HCP","20","pointwise"
41185,0.77755,748,217.346733668342,1014.83417085427,"HCP","20","pointwise"
41185,1.702943,484,89.748743718593,982.934673366834,"HCP","20","pointwise"
41185,2.250513,247,25.9497487437186,1030.78391959799,"HCP","20","pointwise"
41185,-0.312115,736,520.391959798995,1317.87939698492,"DWR","20","pointwise"
41185,0.312115,804,313.045226130653,1238.13065326633,"DWR","20","pointwise"
41185,0.77755,748,185.447236180905,1206.23115577889,"DWR","20","pointwise"
41185,1.702943,484,153.547738693467,1094.58291457286,"DWR","20","pointwise"
41185,2.250513,247,105.698492462312,1014.83417085427,"DWR","20","pointwise"
41185,-0.312115,736,376.844221105528,1684.72361809045,"LC","20","pointwise"
41185,0.312115,804,233.29648241206,1349.77889447236,"LC","20","pointwise"
41185,0.77755,748,249.246231155779,1317.87939698492,"LC","20","pointwise"
41185,1.702943,484,185.447236180905,1764.47236180905,"LC","20","pointwise"
41185,2.250513,247,249.246231155779,1620.92462311558,"LC","20","pointwise"
41194,-1.122519,670,265.195979899498,1285.97989949749,"HCP","20","pointwise"
41194,-0.643395,870,217.346733668342,1333.82914572864,"HCP","20","pointwise"
41194,0.643395,526,201.396984924623,1110.53266331658,"HCP","20","pointwise"
41194,1.971253,529,121.64824120603,1142.43216080402,"HCP","20","pointwise"
41194,2.718686,535,10,1142.43216080402,"HCP","20","pointwise"
41194,3.293634,490,10,1174.33165829146,"HCP","20","pointwise"
41194,-1.122519,670,408.743718592965,1317.87939698492,"DWR","20","pointwise"
41194,-0.643395,870,360.894472361809,1301.92964824121,"DWR","20","pointwise"
41194,0.643395,526,105.698492462312,1142.43216080402,"DWR","20","pointwise"
41194,1.971253,529,25.9497487437186,1078.63316582915,"DWR","20","pointwise"
41194,2.718686,535,169.497487437186,1126.4824120603,"DWR","20","pointwise"
41194,3.293634,490,121.64824120603,1110.53266331658,"DWR","20","pointwise"
41194,-1.122519,670,392.793969849246,1254.08040201005,"LC","20","pointwise"
41194,-0.643395,870,424.693467336683,1301.92964824121,"LC","20","pointwise"
41194,0.643395,526,408.743718592965,1365.72864321608,"LC","20","pointwise"
41194,1.971253,529,185.447236180905,1429.52763819095,"LC","20","pointwise"
41194,2.718686,535,249.246231155779,1094.58291457286,"LC","20","pointwise"
41194,3.293634,490,217.346733668342,1748.52261306533,"LC","20","pointwise"
41221,-0.276523,554,360.894472361809,1301.92964824121,"HCP","20","pointwise"
41221,0.276523,756,297.095477386935,1142.43216080402,"HCP","20","pointwise"
41221,0.791239,667,153.547738693467,1014.83417085427,"HCP","20","pointwise"
41221,1.284052,587,121.64824120603,966.984924623115,"HCP","20","pointwise"
41221,2.286105,575,89.748743718593,998.884422110553,"HCP","20","pointwise"
41221,2.78987,457,41.8994974874372,998.884422110553,"HCP","20","pointwise"
41221,3.786448,211,73.7989949748744,1014.83417085427,"HCP","20","pointwise"
41221,4.295688,307,73.7989949748744,966.984924623115,"HCP","20","pointwise"
41221,4.783025,98,89.748743718593,982.934673366834,"HCP","20","pointwise"
41221,-0.276523,554,265.195979899498,1333.82914572864,"DWR","20","pointwise"
41221,0.276523,756,297.095477386935,1158.38190954774,"DWR","20","pointwise"
41221,0.791239,667,185.447236180905,1046.73366834171,"DWR","20","pointwise"
41221,1.284052,587,121.64824120603,1190.28140703518,"DWR","20","pointwise"
41221,2.286105,575,10,1206.23115577889,"DWR","20","pointwise"
41221,2.78987,457,185.447236180905,1142.43216080402,"DWR","20","pointwise"
41221,3.786448,211,105.698492462312,1046.73366834171,"DWR","20","pointwise"
41221,4.295688,307,137.597989949749,1078.63316582915,"DWR","20","pointwise"
41221,4.783025,98,185.447236180905,1030.78391959799,"DWR","20","pointwise"
41221,-0.276523,554,201.396984924623,1222.18090452261,"LC","20","pointwise"
41221,0.276523,756,376.844221105528,1413.57788944724,"LC","20","pointwise"
41221,0.791239,667,376.844221105528,1429.52763819095,"LC","20","pointwise"
41221,1.284052,587,392.793969849246,1509.27638190955,"LC","20","pointwise"
41221,2.286105,575,169.497487437186,1062.68341708543,"LC","20","pointwise"
41221,2.78987,457,89.748743718593,1509.27638190955,"LC","20","pointwise"
41221,3.786448,211,201.396984924623,1413.57788944724,"LC","20","pointwise"
41221,4.295688,307,153.547738693467,919.13567839196,"LC","20","pointwise"
41221,4.783025,98,185.447236180905,1620.92462311558,"LC","20","pointwise"
41243,-0.958248,512,10,1349.77889447236,"HCP","20","pointwise"
41243,0.958248,532,265.195979899498,966.984924623115,"HCP","20","pointwise"
41243,1.555099,686,153.547738693467,951.035175879397,"HCP","20","pointwise"
41243,2.773443,385,10,951.035175879397,"HCP","20","pointwise"
41243,-0.958248,512,297.095477386935,1270.03015075377,"DWR","20","pointwise"
41243,0.958248,532,233.29648241206,1206.23115577889,"DWR","20","pointwise"
41243,1.555099,686,121.64824120603,1094.58291457286,"DWR","20","pointwise"
41243,2.773443,385,105.698492462312,1110.53266331658,"DWR","20","pointwise"
41243,-0.958248,512,360.894472361809,1158.38190954774,"LC","20","pointwise"
41243,0.958248,532,297.095477386935,1285.97989949749,"LC","20","pointwise"
41243,1.555099,686,185.447236180905,1493.32663316583,"LC","20","pointwise"
41243,2.773443,385,105.698492462312,1174.33165829146,"LC","20","pointwise"
41253,-0.279261,1238,297.095477386935,1445.47738693467,"HCP","20","pointwise"
41253,0.279261,347,249.246231155779,1349.77889447236,"HCP","20","pointwise"
41253,1.546886,360,89.748743718593,1206.23115577889,"HCP","20","pointwise"
41253,2.02601,562,89.748743718593,1285.97989949749,"HCP","20","pointwise"
41253,3.526352,313,10,1301.92964824121,"HCP","20","pointwise"
41253,-0.279261,1238,201.396984924623,1349.77889447236,"DWR","20","pointwise"
41253,0.279261,347,313.045226130653,1333.82914572864,"DWR","20","pointwise"
41253,1.546886,360,153.547738693467,1142.43216080402,"DWR","20","pointwise"
41253,2.02601,562,169.497487437186,1046.73366834171,"DWR","20","pointwise"
41253,3.526352,313,137.597989949749,1206.23115577889,"DWR","20","pointwise"
41253,-0.279261,1238,105.698492462312,1700.67336683417,"LC","20","pointwise"
41253,0.279261,347,121.64824120603,2242.9648241206,"LC","20","pointwise"
41253,1.546886,360,121.64824120603,1573.07537688442,"LC","20","pointwise"
41253,2.02601,562,137.597989949749,1477.37688442211,"LC","20","pointwise"
41253,3.526352,313,10,1620.92462311558,"LC","20","pointwise"
41261,-0.260096,1091,328.994974874372,1333.82914572864,"HCP","20","pointwise"
41261,0.260096,744,217.346733668342,1254.08040201005,"HCP","20","pointwise"
41261,0.87885,786,233.29648241206,982.934673366834,"HCP","20","pointwise"
41261,1.639973,663,137.597989949749,1030.78391959799,"HCP","20","pointwise"
41261,2.633812,804,57.8492462311558,998.884422110553,"HCP","20","pointwise"
41261,3.137577,716,25.9497487437186,982.934673366834,"HCP","20","pointwise"
41261,3.578371,930,10,935.085427135678,"HCP","20","pointwise"
41261,4.588638,983,10,935.085427135678,"HCP","20","pointwise"
41261,-0.260096,1091,313.045226130653,1365.72864321608,"DWR","20","pointwise"
41261,0.260096,744,297.095477386935,1238.13065326633,"DWR","20","pointwise"
41261,0.87885,786,153.547738693467,1078.63316582915,"DWR","20","pointwise"
41261,1.639973,663,10,1142.43216080402,"DWR","20","pointwise"
41261,2.633812,804,105.698492462312,982.934673366834,"DWR","20","pointwise"
41261,3.137577,716,121.64824120603,1030.78391959799,"DWR","20","pointwise"
41261,3.578371,930,25.9497487437186,998.884422110553,"DWR","20","pointwise"
41261,4.588638,983,121.64824120603,903.185929648241,"DWR","20","pointwise"
41261,-0.260096,1091,217.346733668342,1716.62311557789,"LC","20","pointwise"
41261,0.260096,744,10,1860.17085427136,"LC","20","pointwise"
41261,0.87885,786,217.346733668342,1270.03015075377,"LC","20","pointwise"
41261,1.639973,663,201.396984924623,1158.38190954774,"LC","20","pointwise"
41261,2.633812,804,169.497487437186,1174.33165829146,"LC","20","pointwise"
41261,3.137577,716,201.396984924623,871.286432160804,"LC","20","pointwise"
41261,3.578371,930,10,1589.02512562814,"LC","20","pointwise"
41261,4.588638,983,10,1716.62311557789,"LC","20","pointwise"
41265,-1.232033,471,360.894472361809,1285.97989949749,"HCP","20","pointwise"
41265,-0.720055,762,281.145728643216,1413.57788944724,"HCP","20","pointwise"
41265,-0.161533,931,233.29648241206,1349.77889447236,"HCP","20","pointwise"
41265,0.161533,595,265.195979899498,1349.77889447236,"HCP","20","pointwise"
41265,0.991102,405,73.7989949748744,1094.58291457286,"HCP","20","pointwise"
41265,1.399042,415,185.447236180905,951.035175879397,"HCP","20","pointwise"
41265,1.897331,299,137.597989949749,966.984924623115,"HCP","20","pointwise"
41265,3.805613,353,89.748743718593,1142.43216080402,"HCP","20","pointwise"
41265,-1.232033,471,408.743718592965,1301.92964824121,"DWR","20","pointwise"
41265,-0.720055,762,376.844221105528,1413.57788944724,"DWR","20","pointwise"
41265,-0.161533,931,344.94472361809,1238.13065326633,"DWR","20","pointwise"
41265,0.161533,595,440.643216080402,1333.82914572864,"DWR","20","pointwise"
41265,0.991102,405,297.095477386935,1014.83417085427,"DWR","20","pointwise"
41265,1.399042,415,121.64824120603,1062.68341708543,"DWR","20","pointwise"
41265,1.897331,299,185.447236180905,1174.33165829146,"DWR","20","pointwise"
41265,3.805613,353,169.497487437186,1094.58291457286,"DWR","20","pointwise"
41265,-1.232033,471,57.8492462311558,1461.42713567839,"LC","20","pointwise"
41265,-0.720055,762,313.045226130653,1158.38190954774,"LC","20","pointwise"
41265,-0.161533,931,376.844221105528,2227.01507537688,"LC","20","pointwise"
41265,0.161533,595,10,1700.67336683417,"LC","20","pointwise"
41265,0.991102,405,73.7989949748744,1238.13065326633,"LC","20","pointwise"
41265,1.399042,415,313.045226130653,1206.23115577889,"LC","20","pointwise"
41265,1.897331,299,185.447236180905,1126.4824120603,"LC","20","pointwise"
41265,3.805613,353,217.346733668342,1349.77889447236,"LC","20","pointwise"
41289,-1.067762,835,344.94472361809,1493.32663316583,"HCP","20","pointwise"
41289,-0.635181,1391,313.045226130653,1397.62814070352,"HCP","20","pointwise"
41289,-0.213552,1053,281.145728643216,1254.08040201005,"HCP","20","pointwise"
41289,0.213552,768,249.246231155779,1174.33165829146,"HCP","20","pointwise"
41289,2.154689,798,89.748743718593,966.984924623115,"HCP","20","pointwise"
41289,2.652977,893,57.8492462311558,951.035175879397,"HCP","20","pointwise"
41289,3.170431,955,73.7989949748744,951.035175879397,"HCP","20","pointwise"
41289,3.726215,729,25.9497487437186,966.984924623115,"HCP","20","pointwise"
41289,-1.067762,835,424.693467336683,1397.62814070352,"DWR","20","pointwise"
41289,-0.635181,1391,488.492462311558,1461.42713567839,"DWR","20","pointwise"
41289,-0.213552,1053,376.844221105528,1174.33165829146,"DWR","20","pointwise"
41289,0.213552,768,281.145728643216,1158.38190954774,"DWR","20","pointwise"
41289,2.154689,798,137.597989949749,1062.68341708543,"DWR","20","pointwise"
41289,2.652977,893,105.698492462312,1174.33165829146,"DWR","20","pointwise"
41289,3.170431,955,10,1110.53266331658,"DWR","20","pointwise"
41289,3.726215,729,137.597989949749,998.884422110553,"DWR","20","pointwise"
41289,-1.067762,835,249.246231155779,1222.18090452261,"LC","20","pointwise"
41289,-0.635181,1391,472.542713567839,1477.37688442211,"LC","20","pointwise"
41289,-0.213552,1053,360.894472361809,1381.6783919598,"LC","20","pointwise"
41289,0.213552,768,313.045226130653,1254.08040201005,"LC","20","pointwise"
41289,2.154689,798,10,1525.22613065327,"LC","20","pointwise"
41289,2.652977,893,217.346733668342,1317.87939698492,"LC","20","pointwise"
41289,3.170431,955,185.447236180905,1349.77889447236,"LC","20","pointwise"
41289,3.726215,729,10,1876.12060301508,"LC","20","pointwise"
41305,-2.896646,869,392.793969849246,1525.22613065327,"HCP","20","pointwise"
41305,-2.398357,928,360.894472361809,1381.6783919598,"HCP","20","pointwise"
41305,-2.015058,786,376.844221105528,1397.62814070352,"HCP","20","pointwise"
41305,-1.010267,792,344.94472361809,1397.62814070352,"HCP","20","pointwise"
41305,-0.492813,1044,392.793969849246,1349.77889447236,"HCP","20","pointwise"
41305,0.492813,833,185.447236180905,1142.43216080402,"HCP","20","pointwise"
41305,-2.896646,869,360.894472361809,1285.97989949749,"DWR","20","pointwise"
41305,-2.398357,928,376.844221105528,1413.57788944724,"DWR","20","pointwise"
41305,-2.015058,786,408.743718592965,1381.6783919598,"DWR","20","pointwise"
41305,-1.010267,792,297.095477386935,1301.92964824121,"DWR","20","pointwise"
41305,-0.492813,1044,440.643216080402,1270.03015075377,"DWR","20","pointwise"
41305,0.492813,833,169.497487437186,1142.43216080402,"DWR","20","pointwise"
41305,-2.896646,869,472.542713567839,1365.72864321608,"LC","20","pointwise"
41305,-2.398357,928,105.698492462312,1700.67336683417,"LC","20","pointwise"
41305,-2.015058,786,424.693467336683,1684.72361809045,"LC","20","pointwise"
41305,-1.010267,792,440.643216080402,1413.57788944724,"LC","20","pointwise"
41305,-0.492813,1044,360.894472361809,1190.28140703518,"LC","20","pointwise"
41305,0.492813,833,10,1493.32663316583,"LC","20","pointwise"
41314,-0.238193,580,265.195979899498,1285.97989949749,"HCP","20","pointwise"
41314,0.238193,819,233.29648241206,1301.92964824121,"HCP","20","pointwise"
41314,0.736482,412,217.346733668342,982.934673366834,"HCP","20","pointwise"
41314,1.204654,559,201.396984924623,1046.73366834171,"HCP","20","pointwise"
41314,3.041752,208,73.7989949748744,1014.83417085427,"HCP","20","pointwise"
41314,-0.238193,580,328.994974874372,1333.82914572864,"DWR","20","pointwise"
41314,0.238193,819,233.29648241206,1078.63316582915,"DWR","20","pointwise"
41314,0.736482,412,137.597989949749,1094.58291457286,"DWR","20","pointwise"
41314,1.204654,559,137.597989949749,1062.68341708543,"DWR","20","pointwise"
41314,3.041752,208,137.597989949749,935.085427135678,"DWR","20","pointwise"
41314,-0.238193,580,376.844221105528,1413.57788944724,"LC","20","pointwise"
41314,0.238193,819,392.793969849246,1222.18090452261,"LC","20","pointwise"
41314,0.736482,412,344.94472361809,1238.13065326633,"LC","20","pointwise"
41314,1.204654,559,121.64824120603,1142.43216080402,"LC","20","pointwise"
41314,3.041752,208,153.547738693467,1094.58291457286,"LC","20","pointwise"
41325,-2.255989,707,328.994974874372,1541.17587939698,"HCP","20","pointwise"
41325,-1.28679,731,328.994974874372,1365.72864321608,"HCP","20","pointwise"
41325,-0.72553,841,392.793969849246,1429.52763819095,"HCP","20","pointwise"
41325,1.763176,497,25.9497487437186,1110.53266331658,"HCP","20","pointwise"
41325,2.308008,449,105.698492462312,1014.83417085427,"HCP","20","pointwise"
41325,2.767967,441,105.698492462312,951.035175879397,"HCP","20","pointwise"
41325,-2.255989,707,360.894472361809,1349.77889447236,"DWR","20","pointwise"
41325,-1.28679,731,488.492462311558,1445.47738693467,"DWR","20","pointwise"
41325,-0.72553,841,456.592964824121,1317.87939698492,"DWR","20","pointwise"
41325,1.763176,497,153.547738693467,1078.63316582915,"DWR","20","pointwise"
41325,2.308008,449,10,1014.83417085427,"DWR","20","pointwise"
41325,2.767967,441,10,1206.23115577889,"DWR","20","pointwise"
41325,-2.255989,707,281.145728643216,1365.72864321608,"LC","20","pointwise"
41325,-1.28679,731,440.643216080402,2019.66834170854,"LC","20","pointwise"
41325,-0.72553,841,185.447236180905,1589.02512562814,"LC","20","pointwise"
41325,1.763176,497,10,2019.66834170854,"LC","20","pointwise"
41325,2.308008,449,10,1461.42713567839,"LC","20","pointwise"
41325,2.767967,441,89.748743718593,1285.97989949749,"LC","20","pointwise"
41328,-2.239562,2115,344.94472361809,1573.07537688442,"HCP","20","pointwise"
41328,-1.741273,2403,313.045226130653,1509.27638190955,"HCP","20","pointwise"
41328,-1.251198,2461,313.045226130653,1700.67336683417,"HCP","20","pointwise"
41328,-0.783025,2334,297.095477386935,1604.97487437186,"HCP","20","pointwise"
41328,0.273785,1221,169.497487437186,1349.77889447236,"HCP","20","pointwise"
41328,0.928131,1194,89.748743718593,1126.4824120603,"HCP","20","pointwise"
41328,1.311431,939,105.698492462312,1174.33165829146,"HCP","20","pointwise"
41328,1.916496,1083,41.8994974874372,1078.63316582915,"HCP","20","pointwise"
41328,2.767967,748,25.9497487437186,998.884422110553,"HCP","20","pointwise"
41328,-2.239562,2115,520.391959798995,1429.52763819095,"DWR","20","pointwise"
41328,-1.741273,2403,408.743718592965,1333.82914572864,"DWR","20","pointwise"
41328,-1.251198,2461,504.442211055276,1477.37688442211,"DWR","20","pointwise"
41328,-0.783025,2334,376.844221105528,1397.62814070352,"DWR","20","pointwise"
41328,0.273785,1221,313.045226130653,1333.82914572864,"DWR","20","pointwise"
41328,0.928131,1194,201.396984924623,1110.53266331658,"DWR","20","pointwise"
41328,1.311431,939,121.64824120603,1158.38190954774,"DWR","20","pointwise"
41328,1.916496,1083,73.7989949748744,1046.73366834171,"DWR","20","pointwise"
41328,2.767967,748,10,1078.63316582915,"DWR","20","pointwise"
41328,-2.239562,2115,153.547738693467,1812.3216080402,"LC","20","pointwise"
41328,-1.741273,2403,328.994974874372,1636.8743718593,"LC","20","pointwise"
41328,-1.251198,2461,10,2242.9648241206,"LC","20","pointwise"
41328,-0.783025,2334,328.994974874372,1477.37688442211,"LC","20","pointwise"
41328,0.273785,1221,89.748743718593,1509.27638190955,"LC","20","pointwise"
41328,0.928131,1194,41.8994974874372,1190.28140703518,"LC","20","pointwise"
41328,1.311431,939,137.597989949749,1604.97487437186,"LC","20","pointwise"
41328,1.916496,1083,89.748743718593,1684.72361809045,"LC","20","pointwise"
41328,2.767967,748,185.447236180905,1365.72864321608,"LC","20","pointwise"
41395,-0.29295,531,328.994974874372,1509.27638190955,"HCP","20","pointwise"
41395,0.29295,882,153.547738693467,1317.87939698492,"HCP","20","pointwise"
41395,0.829569,551,169.497487437186,1381.6783919598,"HCP","20","pointwise"
41395,2.020534,471,10,1317.87939698492,"HCP","20","pointwise"
41395,2.524298,348,41.8994974874372,1174.33165829146,"HCP","20","pointwise"
41395,2.978782,432,57.8492462311558,1142.43216080402,"HCP","20","pointwise"
41395,3.479808,481,25.9497487437186,1238.13065326633,"HCP","20","pointwise"
41395,3.997262,201,73.7989949748744,1142.43216080402,"HCP","20","pointwise"
41395,5.054072,109,105.698492462312,1110.53266331658,"HCP","20","pointwise"
41395,-0.29295,531,201.396984924623,1270.03015075377,"DWR","20","pointwise"
41395,0.29295,882,217.346733668342,1222.18090452261,"DWR","20","pointwise"
41395,0.829569,551,217.346733668342,1174.33165829146,"DWR","20","pointwise"
41395,2.020534,471,185.447236180905,1174.33165829146,"DWR","20","pointwise"
41395,2.524298,348,313.045226130653,1142.43216080402,"DWR","20","pointwise"
41395,2.978782,432,344.94472361809,1174.33165829146,"DWR","20","pointwise"
41395,3.479808,481,233.29648241206,1254.08040201005,"DWR","20","pointwise"
41395,3.997262,201,73.7989949748744,1110.53266331658,"DWR","20","pointwise"
41395,5.054072,109,201.396984924623,1142.43216080402,"DWR","20","pointwise"
41395,-0.29295,531,265.195979899498,1557.1256281407,"LC","20","pointwise"
41395,0.29295,882,360.894472361809,1509.27638190955,"LC","20","pointwise"
41395,0.829569,551,233.29648241206,1509.27638190955,"LC","20","pointwise"
41395,2.020534,471,121.64824120603,1365.72864321608,"LC","20","pointwise"
41395,2.524298,348,185.447236180905,1429.52763819095,"LC","20","pointwise"
41395,2.978782,432,10,1333.82914572864,"LC","20","pointwise"
41395,3.479808,481,201.396984924623,1557.1256281407,"LC","20","pointwise"
41395,3.997262,201,249.246231155779,1030.78391959799,"LC","20","pointwise"
41395,5.054072,109,233.29648241206,1254.08040201005,"LC","20","pointwise"
41402,-2.584531,1352,328.994974874372,1477.37688442211,"HCP","20","pointwise"
41402,-2.201232,1578,313.045226130653,1509.27638190955,"HCP","20","pointwise"
41402,-1.61807,1425,360.894472361809,1509.27638190955,"HCP","20","pointwise"
41402,-1.158111,1512,344.94472361809,1541.17587939698,"HCP","20","pointwise"
41402,-0.610541,1505,360.894472361809,1541.17587939698,"HCP","20","pointwise"
41402,0.610541,1464,105.698492462312,1270.03015075377,"HCP","20","pointwise"
41402,1.117043,924,89.748743718593,1158.38190954774,"HCP","20","pointwise"
41402,-2.584531,1352,408.743718592965,1429.52763819095,"DWR","20","pointwise"
41402,-2.201232,1578,249.246231155779,1349.77889447236,"DWR","20","pointwise"
41402,-1.61807,1425,456.592964824121,1254.08040201005,"DWR","20","pointwise"
41402,-1.158111,1512,376.844221105528,1381.6783919598,"DWR","20","pointwise"
41402,-0.610541,1505,408.743718592965,1270.03015075377,"DWR","20","pointwise"
41402,0.610541,1464,249.246231155779,1190.28140703518,"DWR","20","pointwise"
41402,1.117043,924,265.195979899498,1222.18090452261,"DWR","20","pointwise"
41402,-2.584531,1352,10,2019.66834170854,"LC","20","pointwise"
41402,-2.201232,1578,10,2242.9648241206,"LC","20","pointwise"
41402,-1.61807,1425,281.145728643216,1557.1256281407,"LC","20","pointwise"
41402,-1.158111,1512,10,1620.92462311558,"LC","20","pointwise"
41402,-0.610541,1505,376.844221105528,1461.42713567839,"LC","20","pointwise"
41402,0.610541,1464,249.246231155779,1589.02512562814,"LC","20","pointwise"
41402,1.117043,924,10,1620.92462311558,"LC","20","pointwise"
41406,-2.989733,400,376.844221105528,1254.08040201005,"HCP","20","pointwise"
41406,-2.299795,667,376.844221105528,1238.13065326633,"HCP","20","pointwise"
41406,-1.648186,625,313.045226130653,1270.03015075377,"HCP","20","pointwise"
41406,-1.245722,552,249.246231155779,1270.03015075377,"HCP","20","pointwise"
41406,-0.709103,1103,233.29648241206,1270.03015075377,"HCP","20","pointwise"
41406,-0.268309,472,121.64824120603,1285.97989949749,"HCP","20","pointwise"
41406,0.268309,357,137.597989949749,1190.28140703518,"HCP","20","pointwise"
41406,-2.989733,400,392.793969849246,1365.72864321608,"DWR","20","pointwise"
41406,-2.299795,667,392.793969849246,1365.72864321608,"DWR","20","pointwise"
41406,-1.648186,625,424.693467336683,1333.82914572864,"DWR","20","pointwise"
41406,-1.245722,552,472.542713567839,1397.62814070352,"DWR","20","pointwise"
41406,-0.709103,1103,313.045226130653,1381.6783919598,"DWR","20","pointwise"
41406,-0.268309,472,344.94472361809,1206.23115577889,"DWR","20","pointwise"
41406,0.268309,357,313.045226130653,1238.13065326633,"DWR","20","pointwise"
41406,-2.989733,400,360.894472361809,1573.07537688442,"LC","20","pointwise"
41406,-2.299795,667,392.793969849246,1812.3216080402,"LC","20","pointwise"
41406,-1.648186,625,313.045226130653,1365.72864321608,"LC","20","pointwise"
41406,-1.245722,552,201.396984924623,1301.92964824121,"LC","20","pointwise"
41406,-0.709103,1103,249.246231155779,1908.02010050251,"LC","20","pointwise"
41406,-0.268309,472,201.396984924623,1892.07035175879,"LC","20","pointwise"
41406,0.268309,357,376.844221105528,1270.03015075377,"LC","20","pointwise"
41407,-1.557837,920,328.994974874372,1477.37688442211,"HCP","20","pointwise"
41407,-0.963723,1188,297.095477386935,1301.92964824121,"HCP","20","pointwise"
41407,-0.44627,1022,201.396984924623,1397.62814070352,"HCP","20","pointwise"
41407,0.44627,845,169.497487437186,1222.18090452261,"HCP","20","pointwise"
41407,1.062286,462,73.7989949748744,1094.58291457286,"HCP","20","pointwise"
41407,1.691992,437,105.698492462312,1062.68341708543,"HCP","20","pointwise"
41407,-1.557837,920,376.844221105528,1381.6783919598,"DWR","20","pointwise"
41407,-0.963723,1188,360.894472361809,1381.6783919598,"DWR","20","pointwise"
41407,-0.44627,1022,408.743718592965,1222.18090452261,"DWR","20","pointwise"
41407,0.44627,845,281.145728643216,1094.58291457286,"DWR","20","pointwise"
41407,1.062286,462,169.497487437186,1046.73366834171,"DWR","20","pointwise"
41407,1.691992,437,233.29648241206,1110.53266331658,"DWR","20","pointwise"
41407,-1.557837,920,137.597989949749,1461.42713567839,"LC","20","pointwise"
41407,-0.963723,1188,233.29648241206,1923.96984924623,"LC","20","pointwise"
41407,-0.44627,1022,233.29648241206,1429.52763819095,"LC","20","pointwise"
41407,0.44627,845,233.29648241206,1349.77889447236,"LC","20","pointwise"
41407,1.062286,462,217.346733668342,1158.38190954774,"LC","20","pointwise"
41407,1.691992,437,185.447236180905,1365.72864321608,"LC","20","pointwise"
41411,-0.312115,676,313.045226130653,1413.57788944724,"HCP","20","pointwise"
41411,0.312115,767,217.346733668342,1174.33165829146,"HCP","20","pointwise"
41411,0.77755,866,153.547738693467,1046.73366834171,"HCP","20","pointwise"
41411,1.295003,941,121.64824120603,1046.73366834171,"HCP","20","pointwise"
41411,1.883641,714,73.7989949748744,1046.73366834171,"HCP","20","pointwise"
41411,2.327173,843,57.8492462311558,1046.73366834171,"HCP","20","pointwise"
41411,2.882957,755,57.8492462311558,1078.63316582915,"HCP","20","pointwise"
41411,3.457906,686,105.698492462312,1062.68341708543,"HCP","20","pointwise"
41411,3.958932,389,121.64824120603,982.934673366834,"HCP","20","pointwise"
41411,4.457221,698,89.748743718593,982.934673366834,"HCP","20","pointwise"
41411,4.876112,689,73.7989949748744,998.884422110553,"HCP","20","pointwise"
41411,-0.312115,676,344.94472361809,1301.92964824121,"DWR","20","pointwise"
41411,0.312115,767,297.095477386935,1094.58291457286,"DWR","20","pointwise"
41411,0.77755,866,105.698492462312,1094.58291457286,"DWR","20","pointwise"
41411,1.295003,941,57.8492462311558,1062.68341708543,"DWR","20","pointwise"
41411,1.883641,714,57.8492462311558,1094.58291457286,"DWR","20","pointwise"
41411,2.327173,843,57.8492462311558,1030.78391959799,"DWR","20","pointwise"
41411,2.882957,755,89.748743718593,1046.73366834171,"DWR","20","pointwise"
41411,3.457906,686,137.597989949749,1062.68341708543,"DWR","20","pointwise"
41411,3.958932,389,89.748743718593,1110.53266331658,"DWR","20","pointwise"
41411,4.457221,698,57.8492462311558,1014.83417085427,"DWR","20","pointwise"
41411,4.876112,689,57.8492462311558,982.934673366834,"DWR","20","pointwise"
41411,-0.312115,676,185.447236180905,1349.77889447236,"LC","20","pointwise"
41411,0.312115,767,185.447236180905,1317.87939698492,"LC","20","pointwise"
41411,0.77755,866,89.748743718593,1557.1256281407,"LC","20","pointwise"
41411,1.295003,941,73.7989949748744,1525.22613065327,"LC","20","pointwise"
41411,1.883641,714,169.497487437186,1333.82914572864,"LC","20","pointwise"
41411,2.327173,843,89.748743718593,1301.92964824121,"LC","20","pointwise"
41411,2.882957,755,169.497487437186,1301.92964824121,"LC","20","pointwise"
41411,3.457906,686,153.547738693467,919.13567839196,"LC","20","pointwise"
41411,3.958932,389,233.29648241206,919.13567839196,"LC","20","pointwise"
41411,4.457221,698,233.29648241206,1126.4824120603,"LC","20","pointwise"
41411,4.876112,689,105.698492462312,935.085427135678,"LC","20","pointwise"
41414,-0.268309,615,344.94472361809,1493.32663316583,"HCP","20","pointwise"
41414,0.268309,437,201.396984924623,1206.23115577889,"HCP","20","pointwise"
41414,0.813142,418,121.64824120603,1110.53266331658,"HCP","20","pointwise"
41414,2.899384,400,57.8492462311558,1190.28140703518,"HCP","20","pointwise"
41414,-0.268309,615,424.693467336683,1317.87939698492,"DWR","20","pointwise"
41414,0.268309,437,249.246231155779,1158.38190954774,"DWR","20","pointwise"
41414,0.813142,418,217.346733668342,1190.28140703518,"DWR","20","pointwise"
41414,2.899384,400,121.64824120603,1142.43216080402,"DWR","20","pointwise"
41414,-0.268309,615,265.195979899498,1317.87939698492,"LC","20","pointwise"
41414,0.268309,437,281.145728643216,1509.27638190955,"LC","20","pointwise"
41414,0.813142,418,281.145728643216,1190.28140703518,"LC","20","pointwise"
41414,2.899384,400,201.396984924623,1270.03015075377,"LC","20","pointwise"
41416,-0.72553,511,297.095477386935,1381.6783919598,"HCP","20","pointwise"
41416,-0.229979,399,297.095477386935,1349.77889447236,"HCP","20","pointwise"
41416,0.229979,380,265.195979899498,1238.13065326633,"HCP","20","pointwise"
41416,0.772074,304,153.547738693467,1078.63316582915,"HCP","20","pointwise"
41416,1.226557,254,169.497487437186,1062.68341708543,"HCP","20","pointwise"
41416,1.683778,232,137.597989949749,1046.73366834171,"HCP","20","pointwise"
41416,2.182067,108,89.748743718593,1078.63316582915,"HCP","20","pointwise"
41416,3.19781,89,73.7989949748744,1030.78391959799,"HCP","20","pointwise"
41416,-0.72553,511,360.894472361809,1254.08040201005,"DWR","20","pointwise"
41416,-0.229979,399,360.894472361809,1238.13065326633,"DWR","20","pointwise"
41416,0.229979,380,281.145728643216,1254.08040201005,"DWR","20","pointwise"
41416,0.772074,304,169.497487437186,1094.58291457286,"DWR","20","pointwise"
41416,1.226557,254,217.346733668342,1126.4824120603,"DWR","20","pointwise"
41416,1.683778,232,153.547738693467,1062.68341708543,"DWR","20","pointwise"
41416,2.182067,108,10,1126.4824120603,"DWR","20","pointwise"
41416,3.19781,89,73.7989949748744,1046.73366834171,"DWR","20","pointwise"
41416,-0.72553,511,424.693467336683,1285.97989949749,"LC","20","pointwise"
41416,-0.229979,399,392.793969849246,1876.12060301508,"LC","20","pointwise"
41416,0.229979,380,233.29648241206,1700.67336683417,"LC","20","pointwise"
41416,0.772074,304,265.195979899498,1285.97989949749,"LC","20","pointwise"
41416,1.226557,254,153.547738693467,1238.13065326633,"LC","20","pointwise"
41416,1.683778,232,233.29648241206,1190.28140703518,"LC","20","pointwise"
41416,2.182067,108,201.396984924623,1238.13065326633,"LC","20","pointwise"
41416,3.19781,89,57.8492462311558,1381.6783919598,"LC","20","pointwise"
41452,-1.798768,719,328.994974874372,1365.72864321608,"HCP","20","pointwise"
41452,-1.212868,1089,360.894472361809,1413.57788944724,"HCP","20","pointwise"
41452,-0.731006,1210,281.145728643216,1557.1256281407,"HCP","20","pointwise"
41452,-0.15332,1001,281.145728643216,1333.82914572864,"HCP","20","pointwise"
41452,2.302532,649,105.698492462312,998.884422110553,"HCP","20","pointwise"
41452,2.874743,758,41.8994974874372,1014.83417085427,"HCP","20","pointwise"
41452,3.542779,483,10,1014.83417085427,"HCP","20","pointwise"
41452,-1.798768,719,360.894472361809,1285.97989949749,"DWR","20","pointwise"
41452,-1.212868,1089,376.844221105528,1254.08040201005,"DWR","20","pointwise"
41452,-0.731006,1210,392.793969849246,1349.77889447236,"DWR","20","pointwise"
41452,-0.15332,1001,440.643216080402,1349.77889447236,"DWR","20","pointwise"
41452,2.302532,649,121.64824120603,1238.13065326633,"DWR","20","pointwise"
41452,2.874743,758,185.447236180905,1014.83417085427,"DWR","20","pointwise"
41452,3.542779,483,10,919.13567839196,"DWR","20","pointwise"
41452,-1.798768,719,456.592964824121,1174.33165829146,"LC","20","pointwise"
41452,-1.212868,1089,392.793969849246,1493.32663316583,"LC","20","pointwise"
41452,-0.731006,1210,472.542713567839,1190.28140703518,"LC","20","pointwise"
41452,-0.15332,1001,249.246231155779,1493.32663316583,"LC","20","pointwise"
41452,2.302532,649,153.547738693467,1254.08040201005,"LC","20","pointwise"
41452,2.874743,758,25.9497487437186,1381.6783919598,"LC","20","pointwise"
41452,3.542779,483,249.246231155779,1206.23115577889,"LC","20","pointwise"
41474,-2.647502,819,297.095477386935,1349.77889447236,"HCP","20","pointwise"
41474,-2.2423,970,297.095477386935,1397.62814070352,"HCP","20","pointwise"
41474,-1.760438,647,328.994974874372,1381.6783919598,"HCP","20","pointwise"
41474,-1.264887,828,265.195979899498,1461.42713567839,"HCP","20","pointwise"
41474,0.268309,647,169.497487437186,1190.28140703518,"HCP","20","pointwise"
41474,0.783025,624,89.748743718593,998.884422110553,"HCP","20","pointwise"
41474,1.347023,547,121.64824120603,1046.73366834171,"HCP","20","pointwise"
41474,1.768652,628,41.8994974874372,951.035175879397,"HCP","20","pointwise"
41474,-2.647502,819,344.94472361809,1254.08040201005,"DWR","20","pointwise"
41474,-2.2423,970,440.643216080402,1222.18090452261,"DWR","20","pointwise"
41474,-1.760438,647,392.793969849246,1285.97989949749,"DWR","20","pointwise"
41474,-1.264887,828,297.095477386935,1174.33165829146,"DWR","20","pointwise"
41474,0.268309,647,153.547738693467,1254.08040201005,"DWR","20","pointwise"
41474,0.783025,624,185.447236180905,1158.38190954774,"DWR","20","pointwise"
41474,1.347023,547,73.7989949748744,1094.58291457286,"DWR","20","pointwise"
41474,1.768652,628,137.597989949749,1030.78391959799,"DWR","20","pointwise"
41474,-2.647502,819,10,1557.1256281407,"LC","20","pointwise"
41474,-2.2423,970,376.844221105528,1317.87939698492,"LC","20","pointwise"
41474,-1.760438,647,249.246231155779,1477.37688442211,"LC","20","pointwise"
41474,-1.264887,828,297.095477386935,1461.42713567839,"LC","20","pointwise"
41474,0.268309,647,185.447236180905,1206.23115577889,"LC","20","pointwise"
41474,0.783025,624,201.396984924623,1684.72361809045,"LC","20","pointwise"
41474,1.347023,547,217.346733668342,1349.77889447236,"LC","20","pointwise"
41474,1.768652,628,281.145728643216,1190.28140703518,"LC","20","pointwise"
41475,-1.754962,924,297.095477386935,1333.82914572864,"HCP","20","pointwise"
41475,-1.273101,930,297.095477386935,1301.92964824121,"HCP","20","pointwise"
41475,-0.813142,1046,281.145728643216,1365.72864321608,"HCP","20","pointwise"
41475,-0.314853,747,217.346733668342,1317.87939698492,"HCP","20","pointwise"
41475,0.314853,804,233.29648241206,1285.97989949749,"HCP","20","pointwise"
41475,1.42642,605,153.547738693467,966.984924623115,"HCP","20","pointwise"
41475,2.406571,557,10,1030.78391959799,"HCP","20","pointwise"
41475,2.984257,567,25.9497487437186,966.984924623115,"HCP","20","pointwise"
41475,3.520876,532,10,982.934673366834,"HCP","20","pointwise"
41475,-1.754962,924,328.994974874372,1285.97989949749,"DWR","20","pointwise"
41475,-1.273101,930,392.793969849246,1381.6783919598,"DWR","20","pointwise"
41475,-0.813142,1046,344.94472361809,1206.23115577889,"DWR","20","pointwise"
41475,-0.314853,747,376.844221105528,1413.57788944724,"DWR","20","pointwise"
41475,0.314853,804,249.246231155779,1238.13065326633,"DWR","20","pointwise"
41475,1.42642,605,217.346733668342,1046.73366834171,"DWR","20","pointwise"
41475,2.406571,557,10,1238.13065326633,"DWR","20","pointwise"
41475,2.984257,567,137.597989949749,1078.63316582915,"DWR","20","pointwise"
41475,3.520876,532,121.64824120603,951.035175879397,"DWR","20","pointwise"
41475,-1.754962,924,408.743718592965,1270.03015075377,"LC","20","pointwise"
41475,-1.273101,930,10,1700.67336683417,"LC","20","pointwise"
41475,-0.813142,1046,265.195979899498,1254.08040201005,"LC","20","pointwise"
41475,-0.314853,747,392.793969849246,1541.17587939698,"LC","20","pointwise"
41475,0.314853,804,376.844221105528,1270.03015075377,"LC","20","pointwise"
41475,1.42642,605,201.396984924623,1190.28140703518,"LC","20","pointwise"
41475,2.406571,557,73.7989949748744,1477.37688442211,"LC","20","pointwise"
41475,2.984257,567,233.29648241206,1190.28140703518,"LC","20","pointwise"
41475,3.520876,532,217.346733668342,1461.42713567839,"LC","20","pointwise"
41521,-2.743326,889,297.095477386935,1317.87939698492,"HCP","20","pointwise"
41521,-0.747433,780,201.396984924623,1397.62814070352,"HCP","20","pointwise"
41521,-0.249144,760,233.29648241206,1317.87939698492,"HCP","20","pointwise"
41521,0.249144,513,265.195979899498,1254.08040201005,"HCP","20","pointwise"
41521,-2.743326,889,408.743718592965,1285.97989949749,"DWR","20","pointwise"
41521,-0.747433,780,344.94472361809,1301.92964824121,"DWR","20","pointwise"
41521,-0.249144,760,265.195979899498,1270.03015075377,"DWR","20","pointwise"
41521,0.249144,513,297.095477386935,1190.28140703518,"DWR","20","pointwise"
41521,-2.743326,889,313.045226130653,1732.57286432161,"LC","20","pointwise"
41521,-0.747433,780,281.145728643216,1206.23115577889,"LC","20","pointwise"
41521,-0.249144,760,10,1923.96984924623,"LC","20","pointwise"
41521,0.249144,513,281.145728643216,1349.77889447236,"LC","20","pointwise"
41549,0.224504,414,217.346733668342,1349.77889447236,"HCP","20","pointwise"
41549,0.224504,414,344.94472361809,1190.28140703518,"DWR","20","pointwise"
41549,0.224504,414,153.547738693467,1684.72361809045,"LC","20","pointwise"
41566,-1.130732,1433,344.94472361809,1557.1256281407,"HCP","20","pointwise"
41566,-0.689938,1238,328.994974874372,1493.32663316583,"HCP","20","pointwise"
41566,-0.229979,1022,328.994974874372,1477.37688442211,"HCP","20","pointwise"
41566,0.229979,750,328.994974874372,1317.87939698492,"HCP","20","pointwise"
41566,0.709103,839,185.447236180905,1158.38190954774,"HCP","20","pointwise"
41566,1.166324,796,153.547738693467,1094.58291457286,"HCP","20","pointwise"
41566,2.179329,498,89.748743718593,1030.78391959799,"HCP","20","pointwise"
41566,2.715948,311,89.748743718593,998.884422110553,"HCP","20","pointwise"
41566,4.15332,384,57.8492462311558,1030.78391959799,"HCP","20","pointwise"
41566,-1.130732,1433,281.145728643216,1381.6783919598,"DWR","20","pointwise"
41566,-0.689938,1238,392.793969849246,1238.13065326633,"DWR","20","pointwise"
41566,-0.229979,1022,344.94472361809,1301.92964824121,"DWR","20","pointwise"
41566,0.229979,750,360.894472361809,1301.92964824121,"DWR","20","pointwise"
41566,0.709103,839,89.748743718593,1174.33165829146,"DWR","20","pointwise"
41566,1.166324,796,25.9497487437186,1222.18090452261,"DWR","20","pointwise"
41566,2.179329,498,201.396984924623,1030.78391959799,"DWR","20","pointwise"
41566,2.715948,311,217.346733668342,1094.58291457286,"DWR","20","pointwise"
41566,4.15332,384,185.447236180905,1174.33165829146,"DWR","20","pointwise"
41566,-1.130732,1433,408.743718592965,1668.77386934673,"LC","20","pointwise"
41566,-0.689938,1238,313.045226130653,1780.42211055276,"LC","20","pointwise"
41566,-0.229979,1022,10,1780.42211055276,"LC","20","pointwise"
41566,0.229979,750,10,1939.91959798995,"LC","20","pointwise"
41566,0.709103,839,424.693467336683,1222.18090452261,"LC","20","pointwise"
41566,1.166324,796,265.195979899498,1174.33165829146,"LC","20","pointwise"
41566,2.179329,498,137.597989949749,1349.77889447236,"LC","20","pointwise"
41566,2.715948,311,57.8492462311558,1445.47738693467,"LC","20","pointwise"
41566,4.15332,384,201.396984924623,1094.58291457286,"LC","20","pointwise"
41620,-2.910335,1605,472.542713567839,1301.92964824121,"HCP","20","pointwise"
41620,-2.414784,1296,313.045226130653,1349.77889447236,"HCP","20","pointwise"
41620,-1.459274,1684,313.045226130653,1333.82914572864,"HCP","20","pointwise"
41620,0.309377,1048,169.497487437186,1190.28140703518,"HCP","20","pointwise"
41620,0.711841,932,201.396984924623,1126.4824120603,"HCP","20","pointwise"
41620,1.158111,430,169.497487437186,966.984924623115,"HCP","20","pointwise"
41620,1.598905,350,105.698492462312,951.035175879397,"HCP","20","pointwise"
41620,2.097194,297,105.698492462312,935.085427135678,"HCP","20","pointwise"
41620,-2.910335,1605,344.94472361809,1270.03015075377,"DWR","20","pointwise"
41620,-2.414784,1296,376.844221105528,1349.77889447236,"DWR","20","pointwise"
41620,-1.459274,1684,392.793969849246,1285.97989949749,"DWR","20","pointwise"
41620,0.309377,1048,217.346733668342,1238.13065326633,"DWR","20","pointwise"
41620,0.711841,932,169.497487437186,1190.28140703518,"DWR","20","pointwise"
41620,1.158111,430,73.7989949748744,1110.53266331658,"DWR","20","pointwise"
41620,1.598905,350,233.29648241206,1222.18090452261,"DWR","20","pointwise"
41620,2.097194,297,73.7989949748744,998.884422110553,"DWR","20","pointwise"
41620,-2.910335,1605,408.743718592965,1381.6783919598,"LC","20","pointwise"
41620,-2.414784,1296,408.743718592965,1493.32663316583,"LC","20","pointwise"
41620,-1.459274,1684,25.9497487437186,1461.42713567839,"LC","20","pointwise"
41620,0.309377,1048,249.246231155779,1301.92964824121,"LC","20","pointwise"
41620,0.711841,932,185.447236180905,1254.08040201005,"LC","20","pointwise"
41620,1.158111,430,360.894472361809,982.934673366834,"LC","20","pointwise"
41620,1.598905,350,233.29648241206,1206.23115577889,"LC","20","pointwise"
41620,2.097194,297,185.447236180905,1285.97989949749,"LC","20","pointwise"
41621,-0.265572,747,313.045226130653,1349.77889447236,"HCP","20","pointwise"
41621,0.76386,970,233.29648241206,1046.73366834171,"HCP","20","pointwise"
41621,1.779603,1093,57.8492462311558,1062.68341708543,"HCP","20","pointwise"
41621,2.220397,734,10,982.934673366834,"HCP","20","pointwise"
41621,2.833676,1082,73.7989949748744,982.934673366834,"HCP","20","pointwise"
41621,3.23614,972,73.7989949748744,935.085427135678,"HCP","20","pointwise"
41621,3.772758,1207,73.7989949748744,935.085427135678,"HCP","20","pointwise"
41621,4.271047,853,121.64824120603,951.035175879397,"HCP","20","pointwise"
41621,4.733744,974,41.8994974874372,935.085427135678,"HCP","20","pointwise"
41621,-0.265572,747,424.693467336683,1222.18090452261,"DWR","20","pointwise"
41621,0.76386,970,105.698492462312,1014.83417085427,"DWR","20","pointwise"
41621,1.779603,1093,105.698492462312,1078.63316582915,"DWR","20","pointwise"
41621,2.220397,734,137.597989949749,998.884422110553,"DWR","20","pointwise"
41621,2.833676,1082,89.748743718593,966.984924623115,"DWR","20","pointwise"
41621,3.23614,972,105.698492462312,1030.78391959799,"DWR","20","pointwise"
41621,3.772758,1207,137.597989949749,998.884422110553,"DWR","20","pointwise"
41621,4.271047,853,153.547738693467,1030.78391959799,"DWR","20","pointwise"
41621,4.733744,974,25.9497487437186,1158.38190954774,"DWR","20","pointwise"
41621,-0.265572,747,297.095477386935,1780.42211055276,"LC","20","pointwise"
41621,0.76386,970,344.94472361809,1270.03015075377,"LC","20","pointwise"
41621,1.779603,1093,217.346733668342,1126.4824120603,"LC","20","pointwise"
41621,2.220397,734,201.396984924623,1126.4824120603,"LC","20","pointwise"
41621,2.833676,1082,10,1397.62814070352,"LC","20","pointwise"
41621,3.23614,972,217.346733668342,1094.58291457286,"LC","20","pointwise"
41621,3.772758,1207,153.547738693467,1014.83417085427,"LC","20","pointwise"
41621,4.271047,853,153.547738693467,935.085427135678,"LC","20","pointwise"
41621,4.733744,974,105.698492462312,1493.32663316583,"LC","20","pointwise"
41628,-0.528405,1238,313.045226130653,1445.47738693467,"HCP","20","pointwise"
41628,0.528405,876,217.346733668342,1206.23115577889,"HCP","20","pointwise"
41628,-0.528405,1238,472.542713567839,1301.92964824121,"DWR","20","pointwise"
41628,0.528405,876,265.195979899498,1174.33165829146,"DWR","20","pointwise"
41628,-0.528405,1238,392.793969849246,1238.13065326633,"LC","20","pointwise"
41628,0.528405,876,424.693467336683,1206.23115577889,"LC","20","pointwise"
41646,-1.251198,1166,313.045226130653,1365.72864321608,"HCP","20","pointwise"
41646,-0.72553,1112,297.095477386935,1397.62814070352,"HCP","20","pointwise"
41646,-0.251882,1224,249.246231155779,1429.52763819095,"HCP","20","pointwise"
41646,0.251882,830,153.547738693467,1301.92964824121,"HCP","20","pointwise"
41646,0.766598,687,137.597989949749,1254.08040201005,"HCP","20","pointwise"
41646,1.245722,636,41.8994974874372,1158.38190954774,"HCP","20","pointwise"
41646,-1.251198,1166,424.693467336683,1381.6783919598,"DWR","20","pointwise"
41646,-0.72553,1112,408.743718592965,1270.03015075377,"DWR","20","pointwise"
41646,-0.251882,1224,376.844221105528,1413.57788944724,"DWR","20","pointwise"
41646,0.251882,830,137.597989949749,1317.87939698492,"DWR","20","pointwise"
41646,0.766598,687,297.095477386935,1301.92964824121,"DWR","20","pointwise"
41646,1.245722,636,169.497487437186,1158.38190954774,"DWR","20","pointwise"
41646,-1.251198,1166,185.447236180905,1509.27638190955,"LC","20","pointwise"
41646,-0.72553,1112,89.748743718593,1620.92462311558,"LC","20","pointwise"
41646,-0.251882,1224,313.045226130653,1780.42211055276,"LC","20","pointwise"
41646,0.251882,830,137.597989949749,1317.87939698492,"LC","20","pointwise"
41646,0.766598,687,233.29648241206,1413.57788944724,"LC","20","pointwise"
41646,1.245722,636,201.396984924623,1301.92964824121,"LC","20","pointwise"
41656,-1.919233,695,328.994974874372,1317.87939698492,"HCP","20","pointwise"
41656,-1.28679,562,328.994974874372,1397.62814070352,"HCP","20","pointwise"
41656,-0.747433,692,313.045226130653,1493.32663316583,"HCP","20","pointwise"
41656,-0.287474,695,328.994974874372,1445.47738693467,"HCP","20","pointwise"
41656,1.869952,42,57.8492462311558,1014.83417085427,"HCP","20","pointwise"
41656,-1.919233,695,376.844221105528,1285.97989949749,"DWR","20","pointwise"
41656,-1.28679,562,472.542713567839,1349.77889447236,"DWR","20","pointwise"
41656,-0.747433,692,360.894472361809,1238.13065326633,"DWR","20","pointwise"
41656,-0.287474,695,504.442211055276,1285.97989949749,"DWR","20","pointwise"
41656,1.869952,42,105.698492462312,1110.53266331658,"DWR","20","pointwise"
41656,-1.919233,695,424.693467336683,1238.13065326633,"LC","20","pointwise"
41656,-1.28679,562,456.592964824121,1317.87939698492,"LC","20","pointwise"
41656,-0.747433,692,313.045226130653,1541.17587939698,"LC","20","pointwise"
41656,-0.287474,695,376.844221105528,1445.47738693467,"LC","20","pointwise"
41656,1.869952,42,105.698492462312,1477.37688442211,"LC","20","pointwise"
41658,-2.773443,1722,297.095477386935,1509.27638190955,"HCP","20","pointwise"
41658,-2.223135,2051,297.095477386935,1493.32663316583,"HCP","20","pointwise"
41658,-1.702943,1786,297.095477386935,1557.1256281407,"HCP","20","pointwise"
41658,-1.374401,1764,297.095477386935,1509.27638190955,"HCP","20","pointwise"
41658,0.194387,827,201.396984924623,1270.03015075377,"HCP","20","pointwise"
41658,0.616016,608,121.64824120603,1158.38190954774,"HCP","20","pointwise"
41658,1.152635,507,137.597989949749,1062.68341708543,"HCP","20","pointwise"
41658,1.650924,471,41.8994974874372,1062.68341708543,"HCP","20","pointwise"
41658,2.132786,257,10,1062.68341708543,"HCP","20","pointwise"
41658,-2.773443,1722,488.492462311558,1301.92964824121,"DWR","20","pointwise"
41658,-2.223135,2051,520.391959798995,1445.47738693467,"DWR","20","pointwise"
41658,-1.702943,1786,456.592964824121,1285.97989949749,"DWR","20","pointwise"
41658,-1.374401,1764,424.693467336683,1509.27638190955,"DWR","20","pointwise"
41658,0.194387,827,297.095477386935,1190.28140703518,"DWR","20","pointwise"
41658,0.616016,608,249.246231155779,1222.18090452261,"DWR","20","pointwise"
41658,1.152635,507,89.748743718593,1126.4824120603,"DWR","20","pointwise"
41658,1.650924,471,153.547738693467,982.934673366834,"DWR","20","pointwise"
41658,2.132786,257,249.246231155779,1126.4824120603,"DWR","20","pointwise"
41658,-2.773443,1722,137.597989949749,1844.22110552764,"LC","20","pointwise"
41658,-2.223135,2051,10,1812.3216080402,"LC","20","pointwise"
41658,-1.702943,1786,456.592964824121,1604.97487437186,"LC","20","pointwise"
41658,-1.374401,1764,424.693467336683,1541.17587939698,"LC","20","pointwise"
41658,0.194387,827,169.497487437186,1716.62311557789,"LC","20","pointwise"
41658,0.616016,608,201.396984924623,1365.72864321608,"LC","20","pointwise"
41658,1.152635,507,328.994974874372,1397.62814070352,"LC","20","pointwise"
41658,1.650924,471,89.748743718593,1413.57788944724,"LC","20","pointwise"
41658,2.132786,257,10,1923.96984924623,"LC","20","pointwise"
41659,-2.340863,1746,313.045226130653,1493.32663316583,"HCP","20","pointwise"
41659,-1.727584,1294,249.246231155779,1525.22613065327,"HCP","20","pointwise"
41659,-1.28679,1683,265.195979899498,1525.22613065327,"HCP","20","pointwise"
41659,-0.755647,1457,297.095477386935,1461.42713567839,"HCP","20","pointwise"
41659,-0.355921,1663,297.095477386935,1301.92964824121,"HCP","20","pointwise"
41659,0.355921,948,169.497487437186,1206.23115577889,"HCP","20","pointwise"
41659,-2.340863,1746,536.341708542713,1397.62814070352,"DWR","20","pointwise"
41659,-1.727584,1294,217.346733668342,1461.42713567839,"DWR","20","pointwise"
41659,-1.28679,1683,424.693467336683,1333.82914572864,"DWR","20","pointwise"
41659,-0.755647,1457,233.29648241206,1333.82914572864,"DWR","20","pointwise"
41659,-0.355921,1663,424.693467336683,1477.37688442211,"DWR","20","pointwise"
41659,0.355921,948,249.246231155779,1365.72864321608,"DWR","20","pointwise"
41659,-2.340863,1746,10,1700.67336683417,"LC","20","pointwise"
41659,-1.727584,1294,265.195979899498,1716.62311557789,"LC","20","pointwise"
41659,-1.28679,1683,328.994974874372,1317.87939698492,"LC","20","pointwise"
41659,-0.755647,1457,10,1923.96984924623,"LC","20","pointwise"
41659,-0.355921,1663,313.045226130653,1589.02512562814,"LC","20","pointwise"
41659,0.355921,948,392.793969849246,1509.27638190955,"LC","20","pointwise"
41687,-0.287474,1058,344.94472361809,1397.62814070352,"HCP","20","pointwise"
41687,0.287474,780,217.346733668342,1285.97989949749,"HCP","20","pointwise"
41687,0.577686,719,185.447236180905,1110.53266331658,"HCP","20","pointwise"
41687,2.01232,364,121.64824120603,1046.73366834171,"HCP","20","pointwise"
41687,2.488706,371,10,998.884422110553,"HCP","20","pointwise"
41687,2.934976,281,10,998.884422110553,"HCP","20","pointwise"
41687,-0.287474,1058,376.844221105528,1317.87939698492,"DWR","20","pointwise"
41687,0.287474,780,233.29648241206,1222.18090452261,"DWR","20","pointwise"
41687,0.577686,719,89.748743718593,1110.53266331658,"DWR","20","pointwise"
41687,2.01232,364,137.597989949749,1078.63316582915,"DWR","20","pointwise"
41687,2.488706,371,41.8994974874372,1078.63316582915,"DWR","20","pointwise"
41687,2.934976,281,89.748743718593,1046.73366834171,"DWR","20","pointwise"
41687,-0.287474,1058,424.693467336683,1620.92462311558,"LC","20","pointwise"
41687,0.287474,780,328.994974874372,1222.18090452261,"LC","20","pointwise"
41687,0.577686,719,249.246231155779,1413.57788944724,"LC","20","pointwise"
41687,2.01232,364,233.29648241206,1270.03015075377,"LC","20","pointwise"
41687,2.488706,371,41.8994974874372,1397.62814070352,"LC","20","pointwise"
41687,2.934976,281,281.145728643216,1030.78391959799,"LC","20","pointwise"
41691,-1.779603,532,344.94472361809,1333.82914572864,"HCP","20","pointwise"
41691,-1.284052,464,328.994974874372,1333.82914572864,"HCP","20","pointwise"
41691,-0.766598,780,344.94472361809,1349.77889447236,"HCP","20","pointwise"
41691,-0.36961,633,376.844221105528,1301.92964824121,"HCP","20","pointwise"
41691,1.377139,540,169.497487437186,1030.78391959799,"HCP","20","pointwise"
41691,-1.779603,532,297.095477386935,1317.87939698492,"DWR","20","pointwise"
41691,-1.284052,464,424.693467336683,1317.87939698492,"DWR","20","pointwise"
41691,-0.766598,780,297.095477386935,1445.47738693467,"DWR","20","pointwise"
41691,-0.36961,633,520.391959798995,1317.87939698492,"DWR","20","pointwise"
41691,1.377139,540,185.447236180905,1062.68341708543,"DWR","20","pointwise"
41691,-1.779603,532,408.743718592965,1046.73366834171,"LC","20","pointwise"
41691,-1.284052,464,392.793969849246,1174.33165829146,"LC","20","pointwise"
41691,-0.766598,780,392.793969849246,1461.42713567839,"LC","20","pointwise"
41691,-0.36961,633,360.894472361809,1397.62814070352,"LC","20","pointwise"
41691,1.377139,540,217.346733668342,1270.03015075377,"LC","20","pointwise"
41692,-1.593429,563,328.994974874372,1285.97989949749,"HCP","20","pointwise"
41692,-1.180014,658,344.94472361809,1285.97989949749,"HCP","20","pointwise"
41692,-0.698152,1035,313.045226130653,1317.87939698492,"HCP","20","pointwise"
41692,-0.229979,588,185.447236180905,1333.82914572864,"HCP","20","pointwise"
41692,0.229979,686,105.698492462312,1174.33165829146,"HCP","20","pointwise"
41692,0.747433,576,201.396984924623,1062.68341708543,"HCP","20","pointwise"
41692,1.226557,370,153.547738693467,982.934673366834,"HCP","20","pointwise"
41692,1.700205,616,105.698492462312,966.984924623115,"HCP","20","pointwise"
41692,2.272416,652,57.8492462311558,951.035175879397,"HCP","20","pointwise"
41692,2.817248,566,41.8994974874372,919.13567839196,"HCP","20","pointwise"
41692,3.307324,945,57.8492462311558,935.085427135678,"HCP","20","pointwise"
41692,-1.593429,563,424.693467336683,1317.87939698492,"DWR","20","pointwise"
41692,-1.180014,658,249.246231155779,1254.08040201005,"DWR","20","pointwise"
41692,-0.698152,1035,360.894472361809,1301.92964824121,"DWR","20","pointwise"
41692,-0.229979,588,360.894472361809,1317.87939698492,"DWR","20","pointwise"
41692,0.229979,686,313.045226130653,1190.28140703518,"DWR","20","pointwise"
41692,0.747433,576,105.698492462312,1206.23115577889,"DWR","20","pointwise"
41692,1.226557,370,201.396984924623,1046.73366834171,"DWR","20","pointwise"
41692,1.700205,616,137.597989949749,1078.63316582915,"DWR","20","pointwise"
41692,2.272416,652,73.7989949748744,1142.43216080402,"DWR","20","pointwise"
41692,2.817248,566,10,951.035175879397,"DWR","20","pointwise"
41692,3.307324,945,73.7989949748744,1078.63316582915,"DWR","20","pointwise"
41692,-1.593429,563,424.693467336683,1126.4824120603,"LC","20","pointwise"
41692,-1.180014,658,297.095477386935,1668.77386934673,"LC","20","pointwise"
41692,-0.698152,1035,105.698492462312,1620.92462311558,"LC","20","pointwise"
41692,-0.229979,588,281.145728643216,1333.82914572864,"LC","20","pointwise"
41692,0.229979,686,121.64824120603,1477.37688442211,"LC","20","pointwise"
41692,0.747433,576,201.396984924623,1413.57788944724,"LC","20","pointwise"
41692,1.226557,370,217.346733668342,1445.47738693467,"LC","20","pointwise"
41692,1.700205,616,89.748743718593,1317.87939698492,"LC","20","pointwise"
41692,2.272416,652,153.547738693467,1365.72864321608,"LC","20","pointwise"
41692,2.817248,566,73.7989949748744,1158.38190954774,"LC","20","pointwise"
41692,3.307324,945,57.8492462311558,951.035175879397,"LC","20","pointwise"
41717,0.268309,756,137.597989949749,1222.18090452261,"HCP","20","pointwise"
41717,0.804928,659,105.698492462312,1110.53266331658,"HCP","20","pointwise"
41717,1.089665,1019,89.748743718593,1110.53266331658,"HCP","20","pointwise"
41717,1.820671,518,73.7989949748744,1126.4824120603,"HCP","20","pointwise"
41717,0.268309,756,281.145728643216,1333.82914572864,"DWR","20","pointwise"
41717,0.804928,659,249.246231155779,1270.03015075377,"DWR","20","pointwise"
41717,1.089665,1019,153.547738693467,1206.23115577889,"DWR","20","pointwise"
41717,1.820671,518,185.447236180905,1238.13065326633,"DWR","20","pointwise"
41717,0.268309,756,217.346733668342,1333.82914572864,"LC","20","pointwise"
41717,0.804928,659,73.7989949748744,1620.92462311558,"LC","20","pointwise"
41717,1.089665,1019,25.9497487437186,1445.47738693467,"LC","20","pointwise"
41717,1.820671,518,185.447236180905,1652.82412060301,"LC","20","pointwise"
41725,-1.571526,880,281.145728643216,1349.77889447236,"HCP","20","pointwise"
41725,-1.130732,432,344.94472361809,1285.97989949749,"HCP","20","pointwise"
41725,-0.632444,784,297.095477386935,1270.03015075377,"HCP","20","pointwise"
41725,-0.213552,885,201.396984924623,1301.92964824121,"HCP","20","pointwise"
41725,0.213552,961,281.145728643216,1285.97989949749,"HCP","20","pointwise"
41725,0.731006,867,185.447236180905,1062.68341708543,"HCP","20","pointwise"
41725,1.6564,674,137.597989949749,966.984924623115,"HCP","20","pointwise"
41725,2.206708,901,137.597989949749,966.984924623115,"HCP","20","pointwise"
41725,2.729637,617,73.7989949748744,982.934673366834,"HCP","20","pointwise"
41725,3.203285,746,89.748743718593,966.984924623115,"HCP","20","pointwise"
41725,-1.571526,880,440.643216080402,1317.87939698492,"DWR","20","pointwise"
41725,-1.130732,432,392.793969849246,1397.62814070352,"DWR","20","pointwise"
41725,-0.632444,784,297.095477386935,1222.18090452261,"DWR","20","pointwise"
41725,-0.213552,885,249.246231155779,1254.08040201005,"DWR","20","pointwise"
41725,0.213552,961,424.693467336683,1285.97989949749,"DWR","20","pointwise"
41725,0.731006,867,169.497487437186,1174.33165829146,"DWR","20","pointwise"
41725,1.6564,674,137.597989949749,1014.83417085427,"DWR","20","pointwise"
41725,2.206708,901,10,1014.83417085427,"DWR","20","pointwise"
41725,2.729637,617,10,998.884422110553,"DWR","20","pointwise"
41725,3.203285,746,169.497487437186,1014.83417085427,"DWR","20","pointwise"
41725,-1.571526,880,281.145728643216,1477.37688442211,"LC","20","pointwise"
41725,-1.130732,432,57.8492462311558,1780.42211055276,"LC","20","pointwise"
41725,-0.632444,784,281.145728643216,1270.03015075377,"LC","20","pointwise"
41725,-0.213552,885,153.547738693467,1620.92462311558,"LC","20","pointwise"
41725,0.213552,961,424.693467336683,1541.17587939698,"LC","20","pointwise"
41725,0.731006,867,185.447236180905,1525.22613065327,"LC","20","pointwise"
41725,1.6564,674,121.64824120603,1174.33165829146,"LC","20","pointwise"
41725,2.206708,901,10,1301.92964824121,"LC","20","pointwise"
41725,2.729637,617,185.447236180905,1525.22613065327,"LC","20","pointwise"
41725,3.203285,746,10,1270.03015075377,"LC","20","pointwise"
41728,-0.213552,1026,281.145728643216,1254.08040201005,"HCP","20","pointwise"
41728,0.213552,674,313.045226130653,1222.18090452261,"HCP","20","pointwise"
41728,0.769336,768,121.64824120603,1046.73366834171,"HCP","20","pointwise"
41728,1.188227,899,153.547738693467,998.884422110553,"HCP","20","pointwise"
41728,1.839836,449,137.597989949749,919.13567839196,"HCP","20","pointwise"
41728,2.49692,240,137.597989949749,935.085427135678,"HCP","20","pointwise"
41728,-0.213552,1026,392.793969849246,1301.92964824121,"DWR","20","pointwise"
41728,0.213552,674,328.994974874372,1174.33165829146,"DWR","20","pointwise"
41728,0.769336,768,169.497487437186,1285.97989949749,"DWR","20","pointwise"
41728,1.188227,899,105.698492462312,1142.43216080402,"DWR","20","pointwise"
41728,1.839836,449,217.346733668342,1142.43216080402,"DWR","20","pointwise"
41728,2.49692,240,153.547738693467,1094.58291457286,"DWR","20","pointwise"
41728,-0.213552,1026,297.095477386935,1365.72864321608,"LC","20","pointwise"
41728,0.213552,674,185.447236180905,1317.87939698492,"LC","20","pointwise"
41728,0.769336,768,313.045226130653,1142.43216080402,"LC","20","pointwise"
41728,1.188227,899,249.246231155779,1477.37688442211,"LC","20","pointwise"
41728,1.839836,449,137.597989949749,1206.23115577889,"LC","20","pointwise"
41728,2.49692,240,233.29648241206,1349.77889447236,"LC","20","pointwise"
41741,-2.579056,1453,313.045226130653,1493.32663316583,"HCP","20","pointwise"
41741,-2.239562,1932,344.94472361809,1493.32663316583,"HCP","20","pointwise"
41741,-0.835045,1661,313.045226130653,1541.17587939698,"HCP","20","pointwise"
41741,-0.295688,1761,281.145728643216,1541.17587939698,"HCP","20","pointwise"
41741,0.295688,737,217.346733668342,1301.92964824121,"HCP","20","pointwise"
41741,1.122519,431,121.64824120603,1062.68341708543,"HCP","20","pointwise"
41741,-2.579056,1453,360.894472361809,1397.62814070352,"DWR","20","pointwise"
41741,-2.239562,1932,344.94472361809,1222.18090452261,"DWR","20","pointwise"
41741,-0.835045,1661,392.793969849246,1413.57788944724,"DWR","20","pointwise"
41741,-0.295688,1761,281.145728643216,1381.6783919598,"DWR","20","pointwise"
41741,0.295688,737,185.447236180905,1174.33165829146,"DWR","20","pointwise"
41741,1.122519,431,121.64824120603,1110.53266331658,"DWR","20","pointwise"
41741,-2.579056,1453,73.7989949748744,1908.02010050251,"LC","20","pointwise"
41741,-2.239562,1932,297.095477386935,1716.62311557789,"LC","20","pointwise"
41741,-0.835045,1661,89.748743718593,1206.23115577889,"LC","20","pointwise"
41741,-0.295688,1761,281.145728643216,1381.6783919598,"LC","20","pointwise"
41741,0.295688,737,328.994974874372,1381.6783919598,"LC","20","pointwise"
41741,1.122519,431,217.346733668342,1365.72864321608,"LC","20","pointwise"
41820,-2.277892,695,360.894472361809,1317.87939698492,"HCP","20","pointwise"
41820,-1.226557,646,344.94472361809,1285.97989949749,"HCP","20","pointwise"
41820,-0.941821,882,360.894472361809,1270.03015075377,"HCP","20","pointwise"
41820,0.941821,391,137.597989949749,998.884422110553,"HCP","20","pointwise"
41820,2.49692,575,105.698492462312,1030.78391959799,"HCP","20","pointwise"
41820,-2.277892,695,360.894472361809,1270.03015075377,"DWR","20","pointwise"
41820,-1.226557,646,424.693467336683,1317.87939698492,"DWR","20","pointwise"
41820,-0.941821,882,456.592964824121,1365.72864321608,"DWR","20","pointwise"
41820,0.941821,391,233.29648241206,1238.13065326633,"DWR","20","pointwise"
41820,2.49692,575,57.8492462311558,1062.68341708543,"DWR","20","pointwise"
41820,-2.277892,695,344.94472361809,1780.42211055276,"LC","20","pointwise"
41820,-1.226557,646,297.095477386935,1270.03015075377,"LC","20","pointwise"
41820,-0.941821,882,440.643216080402,1270.03015075377,"LC","20","pointwise"
41820,0.941821,391,313.045226130653,1238.13065326633,"LC","20","pointwise"
41820,2.49692,575,57.8492462311558,1190.28140703518,"LC","20","pointwise"
41829,-0.262834,1518,313.045226130653,1222.18090452261,"HCP","20","pointwise"
41829,0.262834,973,265.195979899498,1158.38190954774,"HCP","20","pointwise"
41829,0.744695,677,201.396984924623,1046.73366834171,"HCP","20","pointwise"
41829,1.522245,874,169.497487437186,998.884422110553,"HCP","20","pointwise"
41829,2.480493,538,73.7989949748744,1030.78391959799,"HCP","20","pointwise"
41829,3.077344,546,41.8994974874372,998.884422110553,"HCP","20","pointwise"
41829,3.441478,294,57.8492462311558,1030.78391959799,"HCP","20","pointwise"
41829,4.021903,546,10,998.884422110553,"HCP","20","pointwise"
41829,4.531143,383,10,966.984924623115,"HCP","20","pointwise"
41829,-0.262834,1518,281.145728643216,1222.18090452261,"DWR","20","pointwise"
41829,0.262834,973,201.396984924623,1222.18090452261,"DWR","20","pointwise"
41829,0.744695,677,10,1285.97989949749,"DWR","20","pointwise"
41829,1.522245,874,185.447236180905,1030.78391959799,"DWR","20","pointwise"
41829,2.480493,538,25.9497487437186,982.934673366834,"DWR","20","pointwise"
41829,3.077344,546,89.748743718593,1062.68341708543,"DWR","20","pointwise"
41829,3.441478,294,121.64824120603,1062.68341708543,"DWR","20","pointwise"
41829,4.021903,546,105.698492462312,1110.53266331658,"DWR","20","pointwise"
41829,4.531143,383,10,1094.58291457286,"DWR","20","pointwise"
41829,-0.262834,1518,25.9497487437186,1652.82412060301,"LC","20","pointwise"
41829,0.262834,973,185.447236180905,1525.22613065327,"LC","20","pointwise"
41829,0.744695,677,297.095477386935,1429.52763819095,"LC","20","pointwise"
41829,1.522245,874,201.396984924623,1094.58291457286,"LC","20","pointwise"
41829,2.480493,538,313.045226130653,1174.33165829146,"LC","20","pointwise"
41829,3.077344,546,265.195979899498,1126.4824120603,"LC","20","pointwise"
41829,3.441478,294,249.246231155779,1413.57788944724,"LC","20","pointwise"
41829,4.021903,546,153.547738693467,1110.53266331658,"LC","20","pointwise"
41829,4.531143,383,121.64824120603,1142.43216080402,"LC","20","pointwise"
41844,-0.238193,606,217.346733668342,1413.57788944724,"HCP","20","pointwise"
41844,0.238193,570,185.447236180905,1317.87939698492,"HCP","20","pointwise"
41844,0.772074,826,105.698492462312,1110.53266331658,"HCP","20","pointwise"
41844,1.538672,983,121.64824120603,1030.78391959799,"HCP","20","pointwise"
41844,2.056126,517,73.7989949748744,1174.33165829146,"HCP","20","pointwise"
41844,3.419576,462,73.7989949748744,1110.53266331658,"HCP","20","pointwise"
41844,-0.238193,606,265.195979899498,1397.62814070352,"DWR","20","pointwise"
41844,0.238193,570,313.045226130653,1238.13065326633,"DWR","20","pointwise"
41844,0.772074,826,217.346733668342,1206.23115577889,"DWR","20","pointwise"
41844,1.538672,983,153.547738693467,1126.4824120603,"DWR","20","pointwise"
41844,2.056126,517,105.698492462312,998.884422110553,"DWR","20","pointwise"
41844,3.419576,462,233.29648241206,1174.33165829146,"DWR","20","pointwise"
41844,-0.238193,606,73.7989949748744,1620.92462311558,"LC","20","pointwise"
41844,0.238193,570,121.64824120603,1477.37688442211,"LC","20","pointwise"
41844,0.772074,826,265.195979899498,1860.17085427136,"LC","20","pointwise"
41844,1.538672,983,153.547738693467,1222.18090452261,"LC","20","pointwise"
41844,2.056126,517,105.698492462312,1142.43216080402,"LC","20","pointwise"
41844,3.419576,462,10,1477.37688442211,"LC","20","pointwise"
