"cov_n100","len_n100","cov_n200","len_n200","cov_n300","len_n300","cov_n400","len_n400","cov_n500","len_n500","cov_n600","len_n600","cov_n700","len_n700","cov_n800","len_n800","cov_n900","len_n900","cov_n1000","len_n1000","cov_n1100","len_n1100","cov_n1200","len_n1200","cov_n1300","len_n1300","cov_n1400","len_n1400","cov_n1500","len_n1500","cov_n1600","len_n1600","cov_n1700","len_n1700","cov_n1800","len_n1800","cov_n1900","len_n1900","cov_n2000","len_n2000"
1,22.9309517757209,1,21.1065879769679,1,11.1935249982293,1,11.1473548045609,1,10.2098786506737,1,11.0780686821845,0,10.0133887809132,1,10.0755772378659,1,20.5947171173694,1,10.8358854217205,1,11.1432080413858,1,10.2588240540561,1,15.241435787765,1,11.0578357434387,0,10.7180610969047,1,10.4174262777658,1,20.2597544876759,1,10.9942317578887,1,10.7780315474338,1,15.6836099985292
0,19.8244970530976,1,20.6900711215686,1,10.764314395818,1,9.80790574910677,1,15.9962746533648,0,15.1901013275646,1,10.908287914612,1,10.3945899724359,1,11.1007322000993,1,10.0681171968461,1,9.68313248430664,1,10.4878051345816,1,15.3467622509554,1,10.0633780981916,1,16.9932279329771,1,15.4399587762218,1,9.79518234441459,1,10.7867327201339,1,10.010563722717,0,10.2393314597667
1,27.2415177261497,1,16.1155528699238,1,18.3681620531004,1,15.7178140401011,0,15.8620411645021,1,20.9192703913311,1,10.5466507978624,1,14.7772550723121,1,10.3191880439855,1,16.4766392812907,1,10.2671431309326,1,10.6054463259689,0,9.78272061875226,1,10.491295312894,1,9.94281847563878,1,10.1420393009225,1,10.0363337021367,0,10.2468970613964,1,14.8315511471106,0,16.8576260524034
1,18.173498693474,1,14.2804110506835,1,11.2994988570032,1,17.783274295337,1,10.7674607523889,1,10.1563284241912,1,9.68185036168609,1,10.0593069947227,1,14.2578096435024,1,9.86163949772889,1,9.46345643510148,1,9.82295070116641,1,14.8298610365098,1,9.62522507956648,1,10.8726044512042,1,9.18153159008654,1,10.5296357892439,1,16.6045378400208,1,10.3907819062274,1,15.2990052687778
1,21.9239236700934,1,11.0318419685813,1,18.5116473404392,0,11.0344212670451,1,10.7027587034166,0,10.5190348487829,1,9.30242344909484,0,10.4579695133739,1,11.5135637607159,0,11.0594748198477,1,10.9430481382606,0,10.7168997972914,1,10.6003160605486,1,15.0304516388901,1,14.4085631406589,1,9.56485434622367,1,9.75517045800899,1,15.7892913995865,1,9.41788217183128,1,10.3467204282103
1,16.9199166737029,1,15.9305008883983,1,18.1243260561646,1,9.32720442062223,1,9.16583692075341,1,13.8292946796267,0,14.3201757235621,1,10.2368442918757,1,9.63162189364189,1,15.240725633024,1,14.5916521891367,1,10.4342322787432,1,9.77333629963179,1,9.82843232956151,1,10.3696819034669,1,16.0255878473865,1,9.96455024595699,0,9.36434391728794,1,10.0636447743374,1,9.78386278512223
1,14.434229971554,1,16.5141803080871,1,15.3033778193113,1,10.8178122760367,1,14.7416979626759,1,10.487313242307,1,10.7735622389075,1,10.4281151697432,1,10.4676083389146,1,9.90670459856518,1,10.9621039963157,1,10.1539193495236,1,9.2819848426941,1,15.3322459849513,1,16.158959900991,1,10.5234902577508,1,9.73018723300033,1,10.3866923561217,1,14.7010871096133,0,10.3291498513037
1,24.4529304162689,1,11.7633541457364,1,11.9854552828783,1,14.2951208479904,1,9.73467846194913,1,14.5076829280292,1,14.8026554077142,1,10.6729358122505,1,21.7055172785374,1,10.4563691539885,1,11.1995514068222,1,10.4077496061904,1,10.2982280328131,1,16.5916143260642,1,10.8797632658137,1,10.4296264221953,1,10.3968030876873,1,11.2456378968504,1,10.0635806753486,1,10.1736570510332
1,16.5606015106411,1,18.6628462449045,1,22.3613388268255,1,10.2975402184662,1,15.0178766786746,1,10.5665198595994,1,9.66359151173162,1,11.0950654073159,0,10.3958692615732,1,9.87453877778082,1,24.5690985631234,1,15.0501975251365,1,15.7899489116394,1,10.6970002779592,0,10.1807296822028,1,9.85921812169348,1,9.76675776852935,1,9.81190257633605,1,10.1856336558059,1,10.5121430057662
1,17.9057383421008,1,16.0540946924385,1,9.41528846954544,1,15.0516130357152,0,10.9334001383322,1,10.0269484774109,1,16.3782237567909,1,15.0329291800994,1,21.0517242844666,1,10.8325362900481,1,15.6730366580014,1,11.512236214374,0,10.0347598978644,1,17.6654663633105,1,9.81014020960715,1,16.6752629251501,1,15.0812694208693,1,10.1282115978262,1,14.6999742803281,1,10.4563246085905
1,28.2347892578528,1,15.5461896021911,1,10.0216200859903,1,14.0456434253487,1,16.0239493207323,1,14.6100950045783,1,9.71637405335805,1,10.8180241650517,1,9.09719741887282,1,14.1641646022971,1,10.6657563764854,1,10.9545678639713,1,15.4924542680725,1,16.4172233946895,1,15.5127826359651,1,10.2297998828397,1,16.0028407442657,1,11.5802759525831,1,20.4000570368338,1,9.80056495765031
1,23.5781374546848,1,13.3402730834044,1,11.1924336508399,1,13.6216577830205,1,16.8429563109598,1,10.9579671658453,1,10.9971336599593,1,10.5151435601833,1,10.1840752409798,1,10.0958172024805,1,9.06055302531961,1,14.6465647298596,1,10.4072188851969,1,10.407888487348,0,9.88230394727089,1,9.97351586071694,1,14.829000607027,1,14.5707708605351,1,9.52995753126678,1,10.1867510384455
1,28.2376786437035,1,15.8334831276169,1,15.5298641164995,1,18.5356396217169,0,16.6220700513371,1,10.0777270522792,1,19.3980998790538,1,9.93373141147228,1,15.5035094533038,1,9.71384221961109,1,9.72946171183841,1,15.62222052553,1,16.3579479501032,1,15.1033906643761,1,9.96489322356206,1,9.75362280095153,1,10.0500365360652,1,10.8731518015489,0,9.66332899452997,0,10.3324098883474
1,27.3776846404015,1,11.6728595504734,1,11.7051166514525,1,19.677636540391,1,10.5034800692265,1,10.3335930260038,1,15.7119292383548,1,15.3616518948375,1,10.6026102336282,1,10.8555119009896,1,10.3525370954463,1,10.5947927711998,1,10.2783672593397,1,10.4988859272912,1,10.1449092435618,1,9.23544384462824,1,10.3459997700266,0,9.99714360049991,1,10.5482420772772,0,10.5669194347173
1,30.555408084784,1,18.4161748589757,1,13.7900247084371,1,19.2688123145694,1,10.3536883757689,0,18.1334930194592,0,14.7424739694755,0,9.83542146829579,1,10.3093871887197,1,10.3257007509472,0,13.8516694423673,1,10.0122425721241,1,10.1597122736459,1,21.6721501483921,1,9.99199391864796,0,10.2102677731784,1,10.3057934841295,1,15.4835960107407,1,12.3872098694954,1,10.0962965161823
1,26.720160032381,1,15.1727546412683,1,10.2619299191104,1,10.6547947902611,1,11.4883627571778,1,11.2286224793688,1,10.0986794784854,1,10.2328950532673,1,10.8213855448287,1,10.1665085604044,1,14.2948008392652,0,10.516592740479,1,14.9549533762769,1,10.3865456436494,1,10.7416180792391,1,15.3070219163495,1,10.3171079838971,1,14.9281008163912,1,11.2770267714932,1,15.1614204334353
1,27.2993459360955,1,15.7781756386003,1,20.9875689952027,1,15.6583650767272,1,10.0197529688726,1,15.7958655022595,1,10.0657012146292,1,10.4020458122443,1,14.5923201712093,0,10.4731556647751,1,10.0702380782474,1,11.3433713984677,1,9.49479149403939,0,10.4888666802845,1,9.68782352756765,1,9.89261257459185,1,10.7411939920748,1,9.87513598735739,1,10.0575140225594,1,10.7847874094701
1,21.0896446875849,1,15.1888886596359,1,13.8582168146054,1,15.9788256399309,1,10.3729067057103,1,10.5555084968437,1,10.5119607908648,1,11.2138782062767,0,9.85024684585477,1,10.0440185246977,1,10.3422339000829,0,10.4367507692141,1,10.2766856758358,1,10.222798646246,1,14.9468533603135,1,18.1452657765916,1,10.1227823101376,0,9.82727823958723,1,14.6794059830855,1,9.91711189043354
1,23.788297307178,1,18.702737455446,1,11.2935112948443,1,14.051172730222,1,11.0480288686663,1,9.75980313006942,1,9.33517538124459,1,9.85558887188687,0,9.79531612890047,0,9.9901747297643,1,16.1107994659796,0,9.56181767995216,1,9.27157032048383,1,10.2492644984672,0,10.2632455984126,1,10.5073723134319,0,10.264739355016,0,9.85084204438057,1,9.7115230536731,1,10.0876620482708
1,22.3667814182623,1,16.0338434733242,1,11.2354139708861,1,13.8292361382456,1,10.5617570616824,1,15.0411593658078,1,16.4792891912039,1,10.1736604642256,1,9.57309799049716,1,9.99684917151618,1,11.5412828779897,1,9.49200758946409,1,14.9184218153999,1,19.8623531702395,1,10.1501298512812,1,16.0113229584359,1,15.2941950150425,1,15.5740139503026,1,10.3587022083991,1,10.1468943182851
1,25.0968974792397,0,15.4337977198703,1,11.6596942155942,1,9.92150452641752,1,11.1688613933277,1,16.2215897655411,0,14.2938768143544,1,9.58545016697821,1,10.5492221002166,0,9.58675464142969,1,9.9559007139029,1,15.4621140154689,1,9.63692242160567,1,15.7986882618065,1,11.2529790741015,1,9.91157776473205,1,15.623872655208,1,16.6803557607499,0,10.328452199086,1,13.8841019416804
1,21.3359835871509,1,19.5901894539257,1,20.0284094422831,1,14.8603343559691,1,22.0239501759223,1,10.38131833241,1,9.64623352630354,1,15.162847651605,1,9.4209936198467,1,9.67086061590415,1,9.6157494780185,1,14.3146956425911,1,9.93409022224798,1,14.4973472047392,1,10.1651764820668,0,14.7377650903657,1,10.324797777448,0,10.443923145224,1,9.58551280551621,1,9.88849581067562
1,28.6302932920232,1,11.5606394773593,1,10.9039058195301,0,14.2955051558697,1,10.2542467547002,1,10.4632535423113,1,9.76274088764997,1,10.1061576393108,1,9.36959008289323,1,9.45165349453685,1,10.5424727827926,1,15.327504648026,1,9.45180178574516,0,10.422884130277,1,9.94890020885014,1,10.0236126721696,1,10.1213662664907,1,15.9373656847597,1,10.0878208873414,1,9.99129571017195
1,23.6127864032532,1,11.7279885584002,1,12.0824612270016,1,18.9348074969291,0,11.0045288685738,1,11.4693957795522,1,16.1153272956735,0,11.5543075639177,1,15.3690296488899,0,16.2892975415135,1,10.4106585086747,1,10.9708367772327,1,16.1366562977311,1,10.6898205927538,1,10.8855040892321,1,10.0897559729693,0,9.6561772681207,1,10.2059021826265,1,10.5333589063551,1,9.23898046011546
1,20.3535515150821,1,12.9687713142471,1,12.1443210412031,1,21.2836042331596,1,15.0250751528514,1,15.6364351768433,1,16.0190576966505,1,15.8754152974585,1,10.1782218567439,1,19.9607162492783,0,10.0258194920929,1,10.2774058929225,1,10.6898809718498,1,10.1322158086564,1,10.4856141177975,1,10.4476684703711,1,10.1524622748346,0,9.69353203852892,1,15.2375168059633,1,11.6891487824834
1,23.2949560079955,1,23.7473643864999,1,14.900947259269,1,9.91612499337,1,10.2911822352627,1,16.1555542044333,1,14.5773048169629,1,9.19215054586924,1,9.54969374319855,1,15.4210077833437,1,9.83373121784029,1,9.75958117901344,1,10.2248514275627,1,10.3965850438597,1,10.7400348149119,1,9.66898238743752,1,10.0860142002926,1,8.85449453476238,1,9.43185635119932,1,16.1332361803611
1,24.0712638730461,1,20.1657295543825,1,11.5651668393112,1,11.4976087738511,1,10.6862410081787,1,15.6179802301324,1,10.1171957040729,0,10.4835955660034,1,10.6242656893714,1,9.88944803876303,0,15.2997017761642,0,10.2025909566679,1,10.420837666736,0,15.5686848917542,1,10.3621685154085,0,14.8728606854574,1,15.6413145402848,1,10.6910741417017,1,9.56705456782465,1,10.083726917663
1,15.4452255451419,1,15.7434855766217,1,13.1577011581601,1,9.92745813740862,1,9.56352685525986,1,9.23392837506664,1,16.1584881019832,1,10.811868001613,1,14.9883678984847,1,9.66612197500147,1,14.5953552880288,1,10.3740987685889,1,15.1144859716176,1,11.0645351148895,1,9.74305895486241,1,10.4544743323974,1,10.403746732064,1,10.1427043690084,1,10.0293864166507,0,10.5901160807823
1,30.5290908727266,1,18.2399289897115,1,10.8833035028903,1,15.8269412953642,1,10.0187820477299,1,10.6822972756411,1,9.32592912107843,1,15.4779718078945,1,10.5653440828378,1,9.99046581163492,1,11.4640948888497,1,10.8568118566725,1,10.6235137343614,1,9.62167130824566,1,10.5592210986153,1,10.6663669165572,1,10.1366237120497,1,9.91947684527216,1,16.4090570709939,0,10.2782228681833
0,13.5481509610884,1,20.5498018878345,0,11.2125202801682,0,14.6101215825653,1,15.4413239479167,1,10.4410926381913,1,10.0254213836958,1,10.218318672524,1,10.3259153726189,1,20.8034383538482,1,10.6394849875738,1,10.7862452431916,1,9.70466040485161,1,10.0425057198888,1,9.80335719257894,1,10.6566915289912,1,16.2875877362543,0,11.0676640525396,1,11.2396214866853,1,10.7998856046042
1,26.7584794734604,1,11.1195532471403,1,16.1069663968624,1,14.2994860928436,1,9.53735820926636,1,9.80867556217481,1,18.9587823072692,1,9.87911616953336,1,9.55422247188006,1,15.1449313212623,1,9.73652531906535,1,9.90446753414248,1,10.1529773936086,1,9.5053263338137,1,10.5301640751647,0,11.5318880614369,1,10.0307205916753,1,14.8928875188568,1,16.4316102285156,1,9.92529313571179
1,21.2282240081724,1,9.56289875457533,1,13.1908315327051,1,14.2280506914991,1,15.9322491907158,1,16.8429444087325,1,9.82756093783535,1,10.7182200837367,1,9.7915044190053,1,11.1537799063224,1,14.5893507240564,1,10.2265646807843,1,10.4090964223531,1,16.4517347253459,1,9.68440785021076,1,9.7008242446307,1,10.0270009264032,1,9.49323709133769,1,10.9232665304132,1,10.0852652475247
1,22.89083956342,1,11.9499103230163,1,10.9207076566232,1,9.68982550646603,1,16.6061570663475,1,15.8516777865784,1,11.7877493253298,1,10.1194576480598,0,14.9093434665042,1,10.4782801002605,1,10.0443886840312,1,10.7046260882091,1,14.9462983510269,1,15.8008455709907,1,9.57799661677656,1,9.81604172300654,1,10.2422619815906,1,15.9157075541847,1,10.4588477425125,1,15.7821428696518
1,18.266394335536,1,14.4079222706369,1,11.2311393425353,0,15.0175863408553,0,11.2226682134335,0,9.53022399800801,1,10.0599872336787,0,10.070553840382,1,9.48910897338315,1,9.83860696788314,1,9.41644189972537,1,14.6468608613494,1,15.2462915308175,1,15.0288040513446,1,9.68694233376219,1,14.6036855858596,1,10.400274923034,1,20.122340502602,1,15.5764812413872,1,15.6010258059541
1,37.8192407990646,1,18.9546199913902,1,16.5741158396604,1,11.9693293713221,0,10.3883723599138,1,20.4271686554154,1,15.2578702423155,1,11.2746970185388,1,9.78084125645153,1,10.5132308530376,1,10.4769279918137,1,10.5100518452125,1,10.1713164691709,1,10.7668810772692,1,14.4856074576,1,15.9122312808499,1,10.2933561448526,1,10.6277910848298,1,10.9861569978943,1,9.89019726089111
1,15.442034780085,1,22.5583923163485,1,10.6718864541294,1,13.8915748638577,1,15.3970809289316,1,9.78117283269095,1,14.6119118441157,1,10.5014603495894,1,10.1688871792591,1,15.2218809666889,1,14.2176249801336,1,11.2534035476975,1,17.0196366307789,1,10.3920392011633,0,9.82704372591619,0,9.79216671217828,1,10.2911238543594,1,9.89115157465424,1,9.94921754105847,1,16.381938563578
0,24.9253349002449,1,22.6839960983146,1,10.0937988497568,1,21.5470602205602,0,10.139649485551,1,9.57213930713608,1,14.9074051261728,1,10.3430376892324,1,8.67014563385744,1,10.2330320916234,1,10.0003289902274,1,9.73695561477831,1,10.7615858820884,1,10.55150867938,1,10.646837345931,1,10.3584767395814,1,10.0431861024205,1,16.2819891848252,0,10.0975165431123,1,15.2517127074728
1,16.4746919929041,1,17.1440551236057,1,11.8165234543406,1,14.6198378357988,1,13.9864045178861,1,10.3363391600113,1,10.7264295308435,1,10.1942002883703,1,10.2499167339298,1,9.35007025827848,1,9.71790705205273,1,10.4350550531402,1,10.2422988260699,1,9.87189702562772,1,9.85106329293994,1,10.680545502355,1,10.0262797621083,1,10.1731674602037,1,15.3028009246233,1,9.98648175601896
1,15.6739164146033,1,15.6015800189516,1,10.7374396966342,1,11.85415083627,1,11.937176313894,0,9.2130702888956,1,10.5083300727442,1,9.43318815272102,1,9.52088210114854,1,14.6779279072383,1,9.32728449270432,1,9.97620736470563,1,10.1564381816623,1,10.5531573495318,1,11.3834087684078,1,10.1566725644211,1,10.9365121215952,1,15.0659437657918,1,10.2390382647896,1,9.51660227657432
1,23.7686736373775,1,23.2401004025924,1,11.671739265835,1,11.0784872312124,1,14.4486183323963,1,11.1680772012724,1,10.8110203985276,1,13.916406633673,1,10.6611443730826,1,10.6994228161078,1,9.92267003660803,1,9.65769399160347,1,9.80706854094408,1,9.75142412577035,1,10.3932795932338,1,10.3854547918585,1,10.0437314179259,1,9.81647108113762,1,15.6972577905386,1,10.4123756021809
1,24.3520933376904,1,19.8848255916044,1,10.6059821734759,1,11.8908544360298,1,11.5913746641184,0,10.9807222432879,0,10.5735950992844,1,9.42934535745332,1,10.6674354220086,1,9.68657529188074,1,15.5431924133763,1,9.96748322141347,1,9.41130809040567,1,10.6708998974179,1,10.7595606839061,1,10.4068138147512,1,10.3715238355248,1,9.91998777209605,1,10.1781877623861,1,16.4563670797048
1,21.406403711188,1,11.0472320825739,1,10.3523189743934,1,14.2402788941171,1,10.4722449364706,1,9.99790742329323,1,10.9140391259064,1,14.6551368754177,1,14.1451083620694,1,10.5690661183801,1,10.4616401819479,1,10.0163613006775,1,15.8008851100695,1,10.0571771635139,1,10.0898979065027,1,10.4578254846909,1,10.0370455211548,0,10.3279124205209,1,10.5809431313015,1,10.1033420405503
1,18.6439786730255,1,14.5169579713217,1,9.87855143106503,1,10.7840867181615,1,15.4029618328356,1,13.2490030671313,1,10.3201935997689,1,10.4530778661103,1,9.9840996210473,1,9.20640637644718,1,10.2518389108926,1,10.0485343848426,1,13.4127208901964,1,19.4428194987917,1,9.79895395845979,0,10.3106386894888,1,9.91877083480071,1,20.5998575409473,1,10.4644555475281,1,10.9231611598199
1,22.1001742388735,1,16.1043628735396,1,10.4531571079541,0,9.99905803387787,1,15.1305909488637,1,14.5211925610572,1,14.4111305294304,1,9.83177524460978,1,15.8865564092996,1,10.2607080228325,1,15.8252131882807,1,15.3977995732849,1,10.4387761608446,1,14.450085053384,0,11.3216964915762,0,10.6841859241365,1,10.7584585458998,1,10.4188945009052,0,10.173922764326,0,9.82080683517648
1,27.0480816067068,1,19.9502115378098,0,10.7010563780104,0,10.4235851865836,1,13.6590311131237,0,11.6702109696343,1,9.42437844336122,1,19.4788044828361,1,12.1068072057546,1,10.3168281508507,1,10.387869122806,1,10.2750491355573,1,10.2937481726743,0,9.7957333329883,1,9.7067197208845,1,9.65954812625134,1,10.2672127275906,0,11.2429097468127,1,9.89148148810407,1,9.50984908766519
1,23.1142223772731,1,12.1503955136387,1,17.4156504275962,1,20.0360265156735,1,10.2994641134374,1,15.2848991790175,1,9.77151799654421,1,10.0709583368609,1,10.4404957870147,1,10.0096614892399,1,10.6619420973561,1,17.1891598366103,1,10.1218300328078,1,22.6249594000541,1,10.9568069682089,1,16.3997960656382,1,10.2613513712288,1,10.1812660027393,1,10.3391764036241,1,10.7460658086418
1,21.0261454787225,1,16.523261647935,1,10.732257659046,1,10.7934836697799,1,19.3449692499515,1,19.2613716003871,1,19.0370308941468,0,15.1977010266202,1,9.35058267984468,1,19.9579466489113,1,10.8282862245945,1,11.9935566232341,1,15.2008892490408,1,10.5560494286043,1,15.3920120655113,1,10.1304620994415,0,10.999744513388,1,9.93107119759626,1,15.8929543827984,1,10.3539314274082
1,20.3877521466771,1,11.807425890652,1,19.5862780437151,1,14.5211962926821,1,10.9904216136653,1,14.679915693978,1,9.63066739044284,1,10.7553618565197,1,10.6066638022648,1,9.89785065054289,1,9.88651673713226,1,14.9779388442158,1,10.5180270161133,1,10.2444204491772,1,9.51540047972341,1,14.2796443591279,1,9.97376987568357,1,10.2676381983765,1,10.5476716374605,1,10.1315190913359
1,31.9817487272653,1,11.7546193417773,0,19.1294924631742,1,10.6874004805903,1,14.4048836483785,1,11.2549319492413,1,10.7778172627637,1,15.7393481100084,0,10.3749141780131,1,10.3763194684049,1,16.878320867727,1,10.4143899436017,1,10.2046712487191,1,10.5549535581283,1,10.7752582183256,0,10.7924701045882,1,15.1867649829767,1,10.1214708910258,1,15.903939272792,0,9.51952374223367
1,24.27546682251,1,11.0273430470627,1,15.121731035813,1,9.2099877692167,1,9.28208675864826,0,10.0920508627953,1,19.3401848229285,1,10.6569859217148,1,10.298470915586,1,9.53738954232492,0,15.4207083085049,1,9.7526904425574,1,11.0089888770523,1,9.934499433674,1,9.73876486162973,1,9.61168988969026,1,10.8229256711817,0,10.9043924289786,1,11.8463436332042,0,10.5123256112131
1,18.4816729353478,1,12.0487713898564,1,19.2676695494708,1,16.1140569858603,1,14.8778396392609,1,10.4578128916154,1,10.1018017313552,1,14.9433330815615,1,14.4795308439029,1,14.2535430123002,1,9.63928812545937,1,9.86488512386997,1,15.4194962289526,1,17.0283032606362,0,10.6491924615333,1,11.4116559719781,1,10.6822843288265,1,10.1583420844183,1,9.83604832099685,1,10.0963529666274
1,13.4294735606434,1,14.9599053179126,1,18.3668194854804,1,13.5451270264431,1,11.1239107803325,1,23.7268870514798,1,10.3047459527437,1,10.9879291715176,0,15.1494080955006,1,19.590641793498,1,10.1754344169913,1,10.3422427876486,1,10.4224848603356,0,10.2688083990967,1,10.2423927723068,1,9.63904371715107,1,9.51022777928154,1,10.321764886895,1,9.78926648435867,1,9.92860764664991
1,13.7899466892915,1,13.2797188595509,1,10.5447877745244,1,9.39977652782957,1,15.6542223174275,1,9.98729618297154,1,15.5477547256493,1,10.143407348665,1,9.92240647997016,1,10.2658813575458,0,9.79817691118758,1,10.1174024792323,1,9.86183977167802,1,10.9543618732813,1,9.65554916950247,1,10.1188203146529,1,10.5772785947615,1,10.066132398379,1,10.3458042500016,1,9.99439848544177
1,28.0186549271505,1,11.7096743091669,1,10.8812626022199,1,15.223436143029,1,15.2779194080869,0,14.392980437167,1,9.2456311346292,1,10.0412219436093,1,9.77498058356968,1,9.49900243942345,1,14.2684468723568,1,9.85163535248985,1,9.78555225859155,1,9.41429153572091,1,10.2326662796033,1,10.2659271343885,1,10.1584353102614,1,10.265686779654,1,14.156853514578,1,10.62862382491
1,23.1474226695967,1,12.2112288810231,1,12.2225447665205,1,21.6255488563991,1,18.9446719717602,1,24.9561976538594,1,10.4239585634532,1,10.6441660800406,1,10.5825689228274,1,9.74863109145262,1,10.0829133858711,1,10.7428648923962,1,11.3389783866379,1,10.6062171810005,1,9.81134552680794,1,10.6320007965646,1,10.7099943083464,1,10.2001065808949,0,10.2998790675292,1,10.0182034230894
1,28.4514523585633,1,15.9584048286161,1,11.0301821757033,1,10.62258797454,1,13.9838860187932,1,9.9683654991618,1,9.94307111688824,1,10.0846980763974,1,14.3858729820529,1,9.71235431759903,1,15.7083654339673,1,10.0025640402088,1,10.7755328277842,1,18.4382997631439,1,10.3518956234857,1,9.45113445186701,1,10.1426043545333,1,16.9393465979001,1,9.63182530502847,0,10.6209594109358
1,33.5154437236596,1,15.4290547512383,1,11.9637353430087,1,11.9219273360281,1,15.6266333433519,1,16.2568975905544,0,9.2377403074828,1,10.2218442838766,1,20.7689991064973,1,15.5534803507025,1,10.6251489337134,1,9.96796288897273,1,10.4406243536563,1,9.50068561421922,1,9.95370451330924,1,9.99713545582686,1,20.6826151896811,1,10.320317638314,1,11.0848526116384,1,10.6657593546569
1,16.8281918243773,1,14.6735679981214,1,10.1152077325921,1,9.2629776471899,1,10.5348786800655,1,10.1704660694865,1,14.7090744768513,1,9.66116952449888,0,14.2912359822103,1,15.0339800625827,1,10.4649814492035,1,15.036434674613,1,14.1486520375973,1,10.2102886798564,1,20.7840178012994,0,10.5656879481229,0,15.4594429399581,1,11.1168267345732,0,9.7696632430488,1,10.5119718449859
1,33.9686266152616,1,10.1870196450841,1,16.2596941569408,1,10.7374954378854,1,14.073564149179,1,10.5482623345111,1,10.2304882452149,1,15.2337956110178,1,10.0256252959341,1,10.149804712135,1,15.404996826974,1,13.9410040255604,1,10.1369806474863,1,10.3453166970624,1,9.55699454325027,1,10.6393278730354,1,10.3014273302756,1,10.038557442035,1,9.2115696884474,1,10.2992418954621
1,29.3453651338531,0,23.6417243291826,1,10.5711224641453,1,16.9802150328953,1,10.2941344534703,0,18.824095040066,1,10.4461040494441,1,14.4214945941092,1,9.71958172863441,1,11.3569956144426,1,9.23303862647221,1,9.89010915277171,1,11.6993418133292,1,10.6101247903628,1,10.6417864485701,1,9.6581010978092,1,10.2025393767109,1,10.0530754723813,1,17.2997292660086,1,9.58618462352815
1,21.5394432012869,1,10.2084189374735,1,20.3857372213256,1,19.125193581004,1,9.79479419106562,1,10.1217531652525,0,10.2542233377938,1,9.99844202433991,1,15.3461623515958,1,10.1177346580804,1,19.7263590150194,1,10.0938441391786,1,10.134881448407,1,10.2193609123527,1,9.99646379176737,1,9.45714443811,1,9.93046802292353,0,9.56127010212291,1,9.34483791508743,1,10.534456890653
1,17.7858232680129,1,11.6151700636299,1,15.3867191338356,1,10.718172628294,1,11.2681536530145,1,10.3705509946301,1,15.0135760732737,1,11.0776431688882,1,16.6521482566127,1,9.75201367512431,1,10.8138906258227,1,10.0360312829261,1,10.2979066227825,0,9.53218818124349,1,16.7748113909249,1,15.9902611811044,1,10.0904207284906,1,10.5634127484942,1,15.4651642608597,1,16.1857176499505
1,20.3644054488372,1,18.9019995152039,0,11.6673248613224,1,10.8227918819196,1,20.9588640305917,0,10.4401039296711,1,16.0839505032591,1,9.87855597411763,0,23.9268591237291,1,11.3975534820522,1,14.8841577733029,1,10.9340997836054,1,10.8052574390637,1,10.4451092873378,1,11.5074585160907,1,10.758209322236,0,10.3760830862886,1,9.95036309647518,1,10.736187931064,1,15.8384837733438
1,19.1962143393087,0,9.84725650670861,1,10.8627857316316,1,10.0601418983579,1,10.6738169415432,1,14.3813538940351,1,14.6008579364147,1,9.29477331637433,1,9.82441392035771,1,10.5827746052489,1,8.81559548257675,1,10.2905888219668,1,10.4293675788116,1,10.1447659348269,1,9.13208280846838,1,10.2377780811719,1,10.242332841926,1,15.9524870906786,1,15.8439571326575,1,10.2705814828379
1,31.3765479917858,1,18.7704116690899,1,14.0101130591276,1,10.6239358868815,1,20.0139047408315,1,11.2314272943891,1,10.1752908536849,1,11.4782867284941,1,9.69051861925324,1,10.6138840711137,1,10.3273879140089,1,14.7159024260826,1,9.87058799322197,1,9.93829789552815,1,10.3096303669153,1,21.5325425723675,1,9.33012409461127,0,9.81390841201146,1,10.5293124045109,1,9.95276069290811
0,14.127868943556,1,13.7724618840497,1,10.2712280354253,0,14.6694028277939,1,9.85341928140028,1,10.5142293931109,1,11.1898747578479,1,10.2249684481693,1,15.1442850242764,0,9.65999373421724,0,10.2569599705565,1,10.1567304248426,1,15.9919175017616,0,10.0256805864194,1,10.5151323797432,0,9.75000293870863,1,17.2362355473788,1,10.1456903095863,1,9.97896182793589,1,10.0726845184057
1,23.8075189718398,1,15.651278675878,1,12.0205784971167,1,10.3819123610419,1,9.50186156796382,1,11.2904469832279,1,10.2418694196283,1,16.8757602133359,1,10.120367030878,1,10.2417425198767,1,9.30385572073414,1,10.1911011437986,0,9.93559973157635,1,10.5490151877669,1,9.65955869603631,1,16.0613227145174,1,10.6644199813773,1,16.801608829389,1,10.8712856363993,1,9.94635437556754
0,16.7449262990328,0,12.1016644697082,1,10.7504047155406,1,10.5650421390372,1,10.8063805777035,1,9.76182425400319,1,18.5516091749926,1,10.0948342982237,0,10.0715452444346,1,9.78904980417471,1,10.1327577123158,1,10.2306640276394,1,9.92710860233233,1,15.4533862961543,1,10.0104808699538,0,10.1272452747656,1,9.71839976544309,1,9.83161895245271,1,9.57942625868305,1,9.65590780249141
1,24.8124734037017,1,10.6798968941759,1,14.7653753528499,1,11.1670325202976,1,15.6109393900622,1,15.1472498350873,0,9.82578096808637,1,10.8904473832319,1,9.87921343690878,1,20.1642264633854,1,15.0815067562731,1,9.91020369238617,1,10.9059499062327,1,9.84539387713872,1,17.3329874416071,1,22.6701914587193,1,9.83803877486332,1,15.7594486619984,1,9.86909117118802,1,10.5881682772261
1,25.3130751669037,1,14.2081679982054,1,10.2201413553952,1,13.7954969272655,0,14.524212677284,1,10.3023628469554,0,9.31727908165731,1,9.8277913268806,1,10.320548714948,1,10.4566293570218,1,9.27606688489395,1,10.8816234058285,1,9.65539572860612,1,16.2864623591954,1,15.4795444274413,0,9.83932829018615,1,14.6288685630014,1,9.41893247668996,0,9.37425196188775,1,9.83327240845915
1,18.6144728614991,0,14.2111526233119,1,12.0702737366387,1,9.60751543862599,1,14.2552340938765,1,10.4318653510946,0,10.5203469940361,1,20.6157876173782,1,10.3653329985298,1,9.94416463889263,1,10.8178900271903,1,16.5835915219682,1,10.4800317523067,1,10.2931426763573,1,10.1618393244813,1,10.3430531196149,1,15.1076796623346,1,10.8920161754747,1,9.63691234721549,1,16.5985304416429
1,20.0126635038772,1,16.003344181546,1,16.6132247756347,1,15.7856813443144,1,20.2983995818874,1,9.70191150658675,1,10.2001210053176,1,10.3789767589194,1,10.4355072806811,1,9.74368660671415,1,9.91664349613823,1,11.5128747670656,1,10.2041648287591,1,9.36284021449619,1,9.69501763309863,1,9.53151998073069,0,10.661106727145,1,9.62967199808397,1,9.77055536061471,1,9.63063837057398
1,26.2909195900593,1,10.5899328208606,1,10.1792875734721,1,10.1257911689766,1,9.74049438878046,1,15.310737956814,1,15.2283305467508,1,10.1010272717247,0,10.178864353833,1,9.59544600567722,1,9.11988603271815,1,10.4722370401483,1,10.1404335239352,1,10.7866950675026,1,9.76744079724789,1,15.3670084638186,1,15.8164236197429,1,10.0455659229912,1,10.3826631581655,0,10.7050616455946
1,21.2349325809564,1,14.8785966361847,1,10.1206355608019,1,10.8193346515378,1,15.515158698207,1,11.6616356981353,0,10.1249137099699,1,15.4512991391047,1,9.16978386564571,0,10.8086584116949,1,16.2046253379907,1,10.1432866795327,0,10.5550211275237,0,9.5739228741801,1,11.8637386333385,1,9.88127186125013,1,9.96277780929847,1,10.6009295357902,1,10.5986246295846,1,10.1132515872625
1,16.3785092914095,1,11.7516806678824,1,13.0385901863879,1,15.632884745392,1,10.1728390131326,1,14.7981048953114,1,9.91295954240821,1,14.8239047192874,1,10.2913767173208,1,10.2883635995936,1,15.6188589117855,1,9.30992159256528,1,10.8147180998123,1,9.77942774346188,1,9.98980790270769,1,10.4773404611834,1,10.5624719041658,1,9.75714421436716,1,10.0931557954801,1,10.3979874281906
1,18.6798939575031,1,15.535620365694,1,15.5265292528048,1,16.6467338688162,1,15.2346308684966,1,9.7452436121553,1,9.16409703731372,1,9.80227895588266,1,14.1330843907678,1,9.49763809939397,1,10.7467725063794,1,15.3445102624797,0,9.59800395091519,1,9.58796198590292,1,10.7488064877985,1,10.2191113890512,1,9.5316835175892,1,9.75089290411033,1,10.1524419347513,1,9.49235785558344
1,27.0592834014707,1,16.5197549124159,0,9.83927327523765,1,9.96076321707647,1,9.60882742846957,1,10.693053828788,1,10.4904654009443,1,9.83620965060724,1,15.2688060637537,1,9.97099127207353,1,15.8000866872719,1,10.5371638848282,1,9.80434773501445,1,15.2478682076738,1,15.5490544034395,1,14.915673841867,1,16.0677357685975,1,9.89949353861722,0,10.6403896724182,1,10.1735895480581
1,18.4504498576325,1,21.6890060488607,1,12.9709987734415,0,9.60319200636291,1,9.8968272087563,1,9.32868740410954,1,9.94771807424381,1,9.54246911582664,1,10.3283790124577,0,9.18671180216797,0,11.1030272177329,1,10.2587088260637,0,11.1325286000167,1,9.08984359511331,1,9.90763948338155,1,9.91987677115073,0,10.1281736241389,1,10.7079652249837,1,9.81746072717122,1,9.86927193281644
1,30.204983181611,1,14.6924592445486,1,15.1337547927198,0,9.49791166771083,1,17.249427230298,1,9.22028177720767,1,10.1160043814799,1,16.6358152608686,1,11.5540740092283,1,9.47842141464975,1,9.7455977096765,1,14.6313700219656,1,9.96974210946945,1,14.0506293373347,1,9.72355850865076,1,15.8400611881286,1,9.38319264757431,1,10.9381852432418,1,9.72949498538099,1,10.9764949814082
1,24.050271114364,1,18.3277932213561,1,11.2173058594673,1,11.7075402347165,1,11.6171106412971,1,10.8443551982175,1,9.79041955000748,1,10.5998250044509,1,19.5751628424733,1,16.6398597875962,1,11.1627121347657,1,14.5299802779371,1,10.1443167133947,0,9.85427505628216,1,10.5720301789423,1,10.491747944341,1,10.1519261651225,1,9.97979198844985,1,10.2306360482464,1,10.0565219598734
1,26.4986737460285,1,15.3718017206903,1,10.2046425392455,1,10.402999032939,1,23.3149683599325,0,9.76240819134732,1,9.22910830848224,1,9.7638655128562,1,10.3140739021427,1,9.92666934574627,1,10.1165942052667,1,14.2060123541408,1,10.0447195874416,0,10.5682346517214,1,10.4383165965118,1,9.44450090928831,1,10.2891953883365,1,9.25299152707089,1,10.5088110893841,1,10.0491304675643
1,32.8683374322942,1,15.6869117053132,1,12.0809492373604,1,15.229780561065,1,10.4059137658733,1,8.58823667593625,1,9.4951040404914,1,16.8006119862145,1,14.5652473475727,1,9.89734797615202,1,10.2171588524199,1,9.76319546223962,1,14.9121883514379,1,16.6677519155518,0,9.73580305110998,1,16.7786168223239,1,9.5820780247686,1,10.3921326602994,1,9.49058812667541,1,15.8536039974171
1,19.1925897545184,1,19.5143212529705,1,15.7498773396405,1,10.6289025530315,1,10.5937678146421,1,10.5140443563787,1,10.4823422627088,1,11.1648720729203,1,13.7602307632387,1,15.180327573544,1,10.5241169388795,1,10.5141696118964,1,9.93278165554237,0,9.38843093559292,1,10.000283524658,0,10.5435563408039,1,9.81713441835635,1,10.1877438195403,1,9.6246275730167,1,9.82100467913983
1,25.59244357399,1,17.5116724070668,1,19.435810148404,1,9.59285570279638,1,15.3209232410097,1,11.5445761889954,1,10.9714250282946,1,10.1115660194048,1,9.93513822560155,1,9.67205758525292,1,10.1976629226818,1,9.80802133348915,1,10.4199482070921,1,10.2902316123982,1,10.0333708264723,1,10.8070915170491,1,10.6863713410144,1,10.3338145155248,1,10.7632375154312,1,10.2821607526499
1,28.7107011689939,1,26.7535833319682,1,10.0966877131683,1,9.65809475979428,1,14.7325258596804,1,15.2639511117494,1,9.68725508507476,1,14.3725648525065,1,10.6062830180324,1,16.1457252954957,1,8.78976413168331,1,10.0241423170988,1,9.83640712468274,0,9.68559179383867,0,9.97280747717573,1,10.0567245640209,1,9.85021966585987,1,9.59581005442567,1,16.3933025783036,1,10.0612158211342
1,19.0752176086079,1,13.369497345576,1,9.97606035635343,1,9.54048671453137,1,10.076629640602,1,19.8345800485503,1,14.5301117289505,1,10.318168851094,0,9.56083159679063,1,9.60249282375696,1,10.3827107527659,1,9.629880173182,1,15.7014603281347,1,10.3709247655545,1,10.8103368189495,0,9.65149125778626,1,10.2988557037413,1,10.272944726414,1,10.5882171175299,1,16.0746237680701
1,31.422086126648,0,14.5836665458841,1,10.9836078376003,1,10.976620737034,1,10.2910363723838,1,9.6225387556071,1,16.0899360590982,1,10.1863993808235,1,9.8553267129647,1,9.8774323631396,1,9.98442997221333,1,11.5863430687942,1,10.7885052475801,1,10.498143056321,1,15.3844487565548,1,10.2514605401799,1,10.0011618234814,1,16.229303011238,1,10.4331421872873,1,10.1265538258588
1,28.7839919715259,1,11.9106921414862,1,11.1138326273029,1,15.051331854663,1,13.9763423504813,1,10.4742466558879,1,10.4120034585088,1,10.4163097350056,1,15.4635166933226,1,10.4350795375138,1,9.36380139539219,1,15.2950735490961,1,10.2419981535062,1,9.47570131541931,0,9.53760230474786,1,15.2640409063307,1,9.61198708955751,1,9.94037840722978,1,9.90693094499784,1,10.2665617993162
1,29.1579184610964,1,16.0021974296625,0,10.4752169151879,1,15.6012972615529,1,10.4359077645354,1,10.1786097128841,1,11.1241282854596,1,9.95715337643227,1,10.0312747006398,1,9.98957626372798,1,10.8089833249,1,10.6857717211978,1,10.2305561997975,0,10.883802923984,1,9.95109836930237,0,10.2125167464913,0,10.379750648189,1,10.151621362766,1,10.0196936551454,1,9.9707217131874
1,25.2985636375136,1,23.3517401309388,1,14.2456610926846,1,15.8925288168268,1,18.3958146375247,1,10.6337819031158,1,10.7151081822654,1,9.94577917800494,1,15.1534747121564,1,9.88595063242726,1,10.7615994999477,1,10.4246038289217,0,10.3405688449465,1,10.2127179905257,1,9.84775059975355,1,10.3416096331043,1,9.26574838899763,1,9.40380219847438,1,15.6906661902675,0,9.82291066353065
1,23.5952279535587,1,13.5168051192248,1,9.94747608897986,1,9.91947052360696,1,17.0252701263252,1,10.8625052211964,1,10.2308996898661,0,14.195270625599,1,9.96047942002988,1,9.48606730936724,1,9.81681290666918,1,14.7703172964552,0,10.5367730931064,1,10.4793600356299,1,11.8150454764715,1,9.80712461575127,1,11.0929177800471,1,11.0140347638261,1,9.7343826297586,1,10.4695248084205
1,28.4637515485976,1,13.8519374754002,1,19.9271551162155,1,16.2760717326332,1,12.9225661219565,1,10.2666908748468,1,10.7843902501444,1,10.6601850434353,1,11.1027149920659,1,10.8959414417702,1,11.3154051819593,1,9.88225921800616,1,9.6038948761714,1,15.7226769180406,1,10.5392267373471,1,9.64511628099829,1,10.4255546400852,1,15.5432993327203,1,9.94291706663428,1,10.4664333953324
1,19.6036664828595,1,26.5517217248976,1,22.0203865913258,1,15.7393293571717,0,9.79770570123921,1,9.6521361131353,1,10.5064114032699,1,15.0448833637338,1,10.3440890616763,1,9.17462292870183,1,10.4969636778083,1,11.4114210617601,1,10.404702952439,1,9.85992084706419,1,11.0372227574193,1,10.3470152065723,1,10.2048530115476,0,10.468128972602,1,9.98255495447597,1,9.90326687034063
1,32.1256094300448,1,16.0213883703451,0,11.1796422213727,1,18.7214398226435,1,10.4126609320286,1,15.807252889148,0,9.93666528298982,1,9.97139868910716,0,10.4096358552966,1,10.8773697427248,1,9.98990476691966,0,10.2859739823631,1,9.98819084379106,1,22.9572312836493,1,10.048383358571,1,10.2895026214077,1,10.3676030579289,1,16.2815837009076,1,10.4494454109617,1,15.10970561653
1,27.1307461383048,1,19.9670068957759,1,16.6363025933862,1,10.983448191014,1,9.83792607719749,1,9.56349543366131,1,15.343398303407,1,15.6626239097091,1,20.5389355792979,1,10.1098439701335,1,9.84185625570392,1,9.8046252751862,1,10.0220577241059,1,10.0360705704161,1,14.6269312945025,1,16.083741605546,1,10.371895073104,1,14.665613521551,1,10.5743325463334,1,10.4048293303645
1,30.3530865956907,1,20.4679594255949,1,10.9922800789847,1,11.461527900861,1,10.7556287729338,1,9.96526440530456,1,16.0729273099251,1,10.5056506034409,1,11.8092982589314,1,10.3609542106257,1,10.1020290546184,1,11.6304012547559,1,10.5082941967862,1,10.2134358212375,0,10.5795864497872,1,9.68998293520162,1,11.4610695162333,0,9.91656802099731,1,16.0854180109501,1,11.2188795203956
1,20.9981927602836,1,15.320830802377,1,12.2427384132975,1,14.6972311350782,1,9.94782818999911,0,21.4208795918757,1,10.0705830626677,1,10.0383891152018,1,10.0784277838206,1,10.4452579925629,1,11.2339662133329,0,15.0500595961326,1,10.477098339689,1,14.7089481934931,1,9.88872821737752,1,9.97457710239674,1,10.2357325961431,1,10.3233309792768,1,16.0066413254423,1,11.9557507089617
1,14.4671550724334,1,11.3363977643764,1,9.80755988430864,1,16.0250774457722,1,11.7017192195731,1,9.91368202357859,1,9.70968466659819,1,9.44160756608173,1,14.8910625801457,1,9.42923296536685,1,16.274935499288,1,9.62770360514965,1,10.0951456976813,1,10.5962480030202,1,15.5687598693613,1,10.2024057410131,1,9.73384776695602,1,9.9639476488651,1,16.3527651074966,1,10.7456958954156
1,29.227511608952,1,15.1949111151737,1,10.5090791808826,1,18.0557699257272,1,10.8564829122191,1,16.2244652061026,1,9.5891540012599,1,16.2073149773363,1,10.9999544634861,1,10.7960001136277,1,10.4916907209363,1,11.0383856523409,1,9.45690319458975,1,10.5900629659722,1,15.2642737924825,1,14.6017745789203,1,10.2893839082159,1,11.8207314986192,1,16.2112418787118,1,10.3331150025663
1,27.2412068772241,1,16.6000072542511,1,11.3643610728934,1,15.296727009998,1,11.7022968032092,1,15.3595472930597,1,10.697422860226,1,14.3029661605008,0,10.7977259387391,1,10.3150733161761,1,10.7144468334407,1,9.75407700784582,1,10.4827740904075,1,10.3490880536474,1,10.4058597936723,1,11.3506729272264,1,9.1841002986545,1,9.9577726649085,1,10.3375140037008,1,10.2080717231401
1,28.0159724964542,1,14.4121693628435,1,15.1306693325782,1,10.3838208739901,1,10.1305724148583,1,15.6340789068022,1,9.9056619086578,1,10.1681489187401,1,15.9252265922549,1,15.2576266014804,1,9.29176888026599,1,16.474393250004,1,10.0439416321401,1,9.76055092467684,1,19.8272211479318,1,15.3683227213895,1,14.6789472160188,1,10.2289945395565,1,9.86916673968401,1,9.89043009619565
1,28.5974066209419,1,19.0642126322241,1,16.6786352260015,1,10.3916801354974,1,10.3074071854975,1,13.9183165244928,1,10.0670094377418,1,9.64536884970884,1,15.1925327181202,1,14.9444118082849,1,20.4455733707601,1,10.3709307629253,1,9.53230228135788,1,9.94150560799962,1,9.9958063967639,1,10.0848171463175,1,9.93433875190857,1,10.9880878202098,1,10.2107850637985,1,20.3258919019492
1,14.736304578373,1,15.6412700962906,1,10.4656045654718,1,14.0096543946793,1,10.9095150177897,1,10.186617849423,1,10.4539201647285,1,10.2472371379777,0,8.99580844692362,1,10.1975293012199,1,10.0373563139593,1,15.5794038407465,1,9.54523643390494,1,10.2701794422414,1,10.3442938049726,1,10.5636135654853,1,10.7721257773228,1,9.83755174475013,1,10.3448650384159,1,10.5460172966562
1,26.6633782565451,1,10.9039611873015,1,10.0164581557887,1,10.0904209930823,1,9.12468235853399,1,9.60157729632379,1,10.1992076109956,1,10.2613433597946,1,14.7277772726881,1,10.3229895514008,1,15.0601475567415,0,10.4028742192456,1,10.0878648911758,0,9.92449409666929,1,10.1165021345348,0,10.6067869730632,1,10.2519789227973,1,9.95440045681938,0,9.77262019176434,1,11.5819217683997
1,23.0938390954007,1,19.3660348017517,1,10.6163927229451,1,19.3388183617913,1,10.7520628698889,1,14.8669000443062,1,10.2538376490628,1,11.0072201907009,1,10.6903021887069,1,11.6469664876599,1,9.8064308552821,1,9.72130205318262,1,9.65571904630844,0,9.19043359873265,1,10.5086590643962,1,14.9332241631473,1,10.6334186946209,1,9.99297485262739,1,9.74343198582697,1,10.4215460451073
1,18.8697440900005,1,11.374123875047,1,10.5285882709691,1,15.1472100331333,1,11.3759249980391,1,15.6355108793565,1,10.0837541427428,1,10.0718478489175,1,9.51034276771844,1,9.7113646068079,0,10.6609031099214,1,19.748296312714,0,10.4298780148283,1,9.72799921748294,1,9.81054663000283,1,9.67323468053877,1,9.79967964008678,1,9.76210468348418,1,10.1058679284008,1,10.2059487182933
1,25.1176449471358,1,11.7467009605167,1,9.98973278481961,1,11.6323032500086,1,9.23620735783266,1,13.673083873553,1,14.7736542784719,1,9.47825530359016,1,9.72435150920882,1,9.9846523602265,1,9.51641036884976,1,14.7877598726732,1,9.90106327243953,1,15.2441709237206,1,9.95760293625053,1,10.1445091480951,1,10.7371795215579,1,10.3551276568647,0,9.49877039648607,1,10.5625427065381
1,20.5777641173844,1,18.3730890709333,1,11.0807945290424,1,11.1943270113989,1,15.8021246203085,1,10.9904359798591,1,9.74935016684107,1,11.2617338292872,1,9.90092039468653,1,9.576391279638,1,10.8319331834265,1,9.99651909658623,1,10.1758264830544,1,15.0469624657119,1,10.6116814440179,1,10.3047130373531,1,10.2583056968572,1,9.80462532633748,1,9.93630442367131,0,10.5748139001049
1,24.9005733611995,1,20.4602920112391,1,14.9306205420684,1,14.7456351099128,1,14.7471564169608,1,10.9028223771837,1,9.96996410376441,1,15.5306046144632,1,9.63010130378379,1,9.77235667166061,0,9.42682942764879,1,16.851141144195,1,16.0211049797935,1,10.5972685421892,1,10.3490236277803,1,10.2583403085471,1,10.3855286909763,1,10.7526488839367,1,11.0318661411075,1,9.93940112444527
1,19.9624065427441,1,10.7395582960396,1,15.5862652309003,1,15.9439809382365,0,14.9598810237875,1,10.5350574816939,1,10.3190317787832,1,9.76921732532216,1,10.0138785338122,1,11.5332555274035,1,11.7645252185961,1,10.3575057802815,1,10.8558861397214,1,10.3215869374177,1,22.2121862816332,1,10.3158805735305,1,15.8874375992725,1,10.2782246594293,1,17.5174800747598,1,9.90990703860961
1,23.6279209257226,1,16.338231075611,1,18.47048566624,1,15.3074729730037,1,15.6403653880777,1,14.2945142275051,1,10.0474064101634,1,9.14241922902391,1,14.7031317100633,1,10.9539145813672,1,11.3754067952483,1,9.50842507309224,1,11.1033366906115,1,10.3382210256735,1,15.7650747248324,1,10.2118434472007,1,10.5233488328658,1,9.65318704363101,1,9.2491251541523,1,10.4179916244275
1,19.593432345525,1,12.0237764589268,1,12.0110766259165,1,10.6931508769817,1,11.3742924504679,1,15.0041246140271,1,13.8411236753531,0,9.36534343083246,0,9.51811299330889,0,9.24571444990929,1,16.7274300424428,1,9.74884027426524,1,15.8238252763597,1,20.9742100151885,1,14.5284668543859,1,9.63701528271518,1,9.89442743285675,1,20.0002524747699,1,10.8750392495301,1,10.7550298668941
1,26.3194758525913,1,14.3850555217853,1,13.8213048420936,1,10.3834644857152,1,10.3204987741486,1,10.4147410718036,1,10.1080492554345,1,9.96258274305564,1,10.2553277413057,1,9.78293704116688,1,10.3238599914179,1,11.4022982552684,1,9.92819988894658,1,14.2221229029743,1,9.76248438492858,1,10.6974986135782,1,15.5713807605182,1,11.0911042248683,1,11.1270352669959,1,10.2448773492217
1,18.4662864478478,1,13.6864502361282,1,13.4436359796932,1,11.0224272459475,1,13.193627762097,1,14.2297585018926,1,10.4912042890812,1,10.5396531019827,1,10.866178953193,1,10.4108086310359,1,10.9237571633846,1,10.1120379773243,1,15.4139680755277,1,9.86547683037394,1,9.84531790136863,1,9.93892176609327,1,9.7998181523444,1,9.71373500721026,0,10.0933971871281,1,10.48728299032
1,25.2391580415061,1,11.7226898241489,1,11.3858307063058,1,11.9256777269796,1,15.3859316629548,0,15.6441228923311,1,14.9243601052984,1,17.6755394691238,1,11.0676054228515,1,10.970365229914,1,9.44354877576209,1,12.4322365700307,1,10.6182446473331,1,10.3516720207501,1,16.4839414251734,0,10.4928532126745,1,10.5205786509643,1,16.6941109455776,1,10.6769427682325,1,10.0718101417134
1,25.5580678708875,1,14.9764609604015,1,16.5101679123019,0,13.5925749147348,1,18.7848731755184,1,11.4630345524157,1,11.2676154380318,1,14.2601840970946,1,10.0114997022066,1,10.8957110085969,1,16.2430089800161,1,10.1337911435159,1,10.5178884076307,1,10.0797677438179,1,10.3001827228376,1,9.91559680479999,1,9.62744463854239,1,10.5329865409168,1,9.93376700656824,1,9.79329659907288
1,23.4378224766292,1,12.7007563131864,1,18.1571778834105,1,11.0331287279107,1,15.9226946400719,1,11.1872766810736,1,9.54183846446162,1,9.99564613648895,1,10.6045815876859,1,10.9158340225034,1,9.67889370692291,1,10.1216857119993,1,15.1657387568907,0,9.63919542202793,1,10.0274010789739,1,10.1753445389544,1,10.1965888163823,1,10.2570451127187,0,9.6944178179631,1,10.6871226248193
1,21.3662885015,1,13.3081310817781,1,16.3061697754651,1,14.92065425932,1,10.8965601829116,0,14.0180276599515,1,10.770086376266,1,15.2389913349501,1,9.20572144864513,1,9.5594893081152,1,10.6266479413929,1,9.91125225728137,1,10.0005528956204,1,10.348818299392,1,10.7374559055207,1,10.7269678957932,1,10.2838723503388,1,10.3168659551119,1,14.8625970829496,1,9.87160071579051
1,21.2767619049013,1,13.9924527296632,0,20.0078091503037,1,16.641244092699,1,9.90702880255264,1,9.80404921325993,1,18.9270242849632,1,9.52515468792449,1,10.0415940307768,0,11.3926676949429,1,10.3885686563881,1,15.9942100526515,1,16.4022900808947,0,10.0116413806038,1,9.54352406874954,1,10.0562843201813,1,10.4769845572259,1,9.53244074809134,1,17.0465641620333,1,10.5747829462199
1,33.611926063139,1,16.9378603079309,1,11.5755564686548,1,20.8751538355917,1,9.95791011210178,1,13.8979184513863,0,13.9702609913082,0,10.5420106645661,1,10.4434113817494,1,9.89378568169373,1,10.6617120872763,1,10.2927308796959,1,10.1703292180605,1,15.701551352027,1,15.2270191997678,1,9.73445885341133,1,10.6286623982191,1,10.4319262179371,1,10.9637318347888,1,9.81354558252822
1,14.2769067687726,1,11.4691494982425,0,14.3979830422905,1,17.1961902954297,1,10.4901405893405,1,10.0791954345663,1,10.0111790339609,1,14.2136703217863,1,15.0897574996603,1,19.2870358386562,1,14.8244555275581,1,10.7576722772363,1,15.46588184367,1,10.6445981717332,1,9.46128838041024,1,9.75703079069365,1,10.7259474350664,1,10.2320844490364,1,10.1844376606872,1,11.4080193650411
1,27.098589896304,1,18.5882626063767,1,11.2962644430632,1,14.7745834523136,1,15.8416639979833,1,11.6217143481518,1,11.5410710706118,1,10.833462164139,1,10.7542449933972,1,9.70064376085828,1,9.60529163370618,1,10.3806387915241,1,10.1676647420128,1,10.2883947032053,1,10.4129998111663,1,9.51536898591914,1,9.72089671476481,1,10.0082542532393,1,10.0580891818637,1,10.1831390137116
1,17.7078860819531,1,11.9502574441165,0,13.9344634091467,1,21.7125648969627,1,15.1345099161322,0,8.77899217648636,1,10.3546735038028,0,10.5397436735386,1,10.3364638028946,1,10.0620186751483,1,10.4039478265954,0,10.1079545394437,1,9.93342981173642,1,9.75360250401562,1,10.6755351589506,1,10.71867075701,1,10.0237981290556,1,10.1444175326026,1,10.0244558198437,1,10.11559372212
1,24.603020979829,1,18.7228230398711,1,13.3962142403443,1,9.89590666026493,0,10.0659692081285,1,10.9678380133107,1,23.976959728071,1,10.2653123013162,1,9.62395095934002,1,13.1691876379109,1,11.4940037731305,1,10.3029250743211,1,10.2346111371432,1,10.7478825878455,1,9.95208269293655,1,16.8679203763068,1,10.5184894041185,1,9.28743730411756,1,10.3371509315909,0,9.5875014907526
1,29.8791455864105,1,21.5522915048257,1,11.8144721839135,1,20.8163610027505,1,10.0839837881333,1,14.3317239514096,1,10.1269966600925,0,9.50422327989827,1,16.0126836960795,1,15.0133500589498,1,10.4314031423809,1,9.74536197669087,0,10.4520837586585,1,10.1708033109846,1,9.45748919008588,0,10.281353922782,1,15.6039174558212,1,10.3738504012449,1,10.0823550200317,1,9.76462645874182
1,26.6110011173456,1,21.4613484722642,1,15.2745415176562,1,10.2995486962437,1,9.69217739536747,1,9.56764067438766,1,9.62486848353525,1,10.2175430835238,0,10.1860074717427,1,9.61776100778706,1,16.0742970568379,1,9.67905393048375,1,10.2240946635047,1,10.9369458842214,1,9.97985211905291,1,11.6968634312005,1,10.1409493360023,1,11.0048630083743,1,11.0414048850641,1,10.9550051660056
1,23.8222708081159,1,10.9558649067548,1,14.8828014013377,1,10.3819626250018,1,11.3776781577148,1,9.98908793781905,1,11.0516628274478,1,9.90226065667332,1,15.8013528290313,1,10.6516100379644,1,9.48957323977496,1,9.35680596805565,0,9.43748472983832,1,15.8427176266114,1,9.58665809542588,1,10.8896035224551,1,10.3936512938361,1,10.7072571143363,1,10.2499319241727,0,10.1043988252922
0,22.1577039520622,0,13.9679647954569,1,10.3857258191338,0,10.4297741903388,1,10.2320071912952,1,9.71401163554662,1,10.7006223862997,1,10.4989315462275,1,10.2437342982765,1,10.689831321244,0,11.3007058817032,1,10.2617025980608,1,9.83653820696831,1,10.5640876794206,1,11.2455566902481,1,14.6356479218001,1,10.1931336641579,1,10.7385525978164,1,9.71344872348874,1,11.4997500926006
1,25.5781372542411,1,19.9986567037821,1,9.98430276739667,1,13.9892752999925,0,14.1075999526597,1,15.7952962681715,1,10.4134308088446,1,10.8462830439837,1,9.92833381541234,1,10.6152795951159,1,15.6578514529999,1,15.5193639846004,1,10.3239982316409,0,10.5640204118134,1,15.4500821744253,1,10.7187894826554,1,10.2097138056522,1,10.1907312686496,1,10.0075950552214,1,10.5230795550438
1,28.4350859332908,1,21.1145300198191,1,16.7599131448825,1,9.95820745564679,1,15.2328197420679,1,9.53797923073569,1,9.8983595822188,1,9.90119614343883,1,15.7580425867138,1,9.8309883254609,1,9.47286575637763,1,15.9100671519691,1,9.71650185443763,1,10.4347961672482,1,9.9259820972397,1,10.4600568443788,1,13.905885599606,1,10.0083577185623,1,17.8429947027382,1,9.85292917600445
1,25.7374498979222,0,9.62373247517982,1,13.4011098405576,1,15.9296067514463,1,13.8556999164346,0,10.5482317051551,1,9.67317154265792,1,10.6440279298756,1,9.64337307567781,1,10.5248064615137,1,9.94446292823323,1,10.0055860410776,1,10.6163131680119,1,9.6928143794546,1,10.0066682985698,1,17.0615465577664,1,14.96305353655,1,9.52828683849661,1,10.753747827273,1,10.5234514529194
1,14.403969546177,1,18.2848582582005,1,16.2356944078453,1,9.82609752904959,1,14.907193868748,0,10.2966544006542,1,10.3564474032644,1,10.6486082593766,1,10.2723905157772,1,10.4720121338114,1,10.7991950389382,1,10.4707609089069,1,10.6928682564769,1,10.5461231013462,0,9.32604832127599,1,10.1633435443519,1,10.0072584725879,0,10.5468509041591,1,10.8025754476945,1,15.6864719966915
1,25.4866301271935,1,17.2583251383994,1,14.3718404557731,1,9.26782979418992,0,14.1432081599021,1,11.1211482176133,1,9.81520724792033,1,11.0720409909316,0,10.8430716952672,1,10.0855533791771,1,9.73232869287895,1,10.3713541816291,1,10.1645828316587,1,17.2518221925128,1,11.1724947710808,1,10.7693898556295,1,10.2366717039772,1,9.90101326570862,1,10.2384164798426,1,15.1365991446351
1,21.2169629659584,1,15.3529015807489,1,11.8123582966607,1,10.2306360872592,1,11.6047452355726,1,9.99975867556885,0,10.1410474262263,1,10.8037624943922,1,10.6588883735967,1,14.7412129205644,1,10.6341816485622,1,15.9100493882596,1,10.3933844603,1,9.90321372153047,1,9.44418824901827,1,15.5010185640877,1,10.1738444618274,1,20.6703033596386,1,10.4738959024656,1,9.84363471274806
1,19.023510331213,1,18.2096750928715,1,19.2296500853564,1,10.0060984436129,1,14.9469640887483,1,9.62610295507599,1,9.78595572401943,1,15.1971681564844,1,10.402552278844,1,10.3138045038954,1,11.7013953065352,1,10.0282815537907,1,10.1405298791873,1,10.4425878053714,1,14.9687179756364,1,10.3894021552534,1,10.713176564303,1,10.2779654604189,1,10.0109169729233,1,9.50423215356304
1,23.5601979759166,1,16.9406224978977,1,14.813106554814,1,18.22313045829,1,9.91658922254844,1,10.2057973278409,0,10.6701358008496,1,10.8687587660787,1,10.3785546270352,1,10.2249726692698,1,10.0313760854215,1,10.003983421396,1,16.3388558963582,1,9.83551729467964,1,10.9710771514012,0,10.1998840222858,1,15.0611634905914,1,16.0700020445261,1,10.0525469728994,1,10.8932085734211
1,27.031665686002,1,19.1202687784691,0,13.8609901640687,1,10.7174508208491,1,9.48119334897619,0,15.7026766065842,1,10.2077340909718,1,9.05178005896845,1,10.543931621908,1,10.6837114751398,1,10.7380371016857,1,10.3344387022631,1,16.0044737488985,1,9.87092139034149,1,10.2865552584562,1,10.0921680509601,1,9.97284919999197,1,15.144294864122,1,10.5083846854614,1,9.74902109909223
1,25.5443555429759,1,14.3085622455064,0,9.90108411966001,1,13.8961921882991,1,14.5635949092894,1,10.1151728699195,1,9.65897786156584,0,14.5062741776784,1,10.159656175948,1,9.63501274891587,1,10.0499699424267,1,10.6021867924087,1,10.609463493579,1,10.8390216493828,1,9.83007388042954,1,9.72817733880597,0,9.7240740132112,1,10.7231505295606,1,9.50006697471384,1,9.7868545297012
1,24.2732892901004,1,13.9356336587664,1,10.9986283686231,1,9.46917526538718,1,15.9577372858406,1,9.92871847905514,1,11.331152204069,1,19.2909609131521,0,9.00656759696766,0,10.3294038581882,1,9.72861764202368,1,15.2522757087561,1,15.7310886777436,0,9.9255513922347,1,16.0826932914249,1,10.0724516727088,1,10.0467305996928,1,10.0941260827768,1,10.2244252190755,1,9.7354036200076
1,27.3473478297241,1,13.2691858037464,1,10.2780772734359,1,9.70901118748704,1,10.9060538572804,1,14.9006409956143,1,14.8373659183599,1,10.2323390329174,1,10.6197975974189,1,9.69358707801124,1,10.1306679937911,1,9.73840176411698,1,10.2791125726753,1,9.91061861510376,1,15.407632732722,1,9.94875405009629,1,14.5110950659239,1,10.2609845043409,0,16.5222460195677,1,9.96991665734955
1,28.5376023011705,1,10.9847148744259,1,10.4290651063929,1,12.3397721680362,1,10.2226912663508,1,15.7875464218525,1,10.3924319787047,1,10.1002365030082,1,9.78417259614745,1,10.0231119610707,1,14.1142803587108,0,11.7087834640654,1,10.0369807038872,1,15.8292633596499,1,10.7361397577354,1,10.3189057620673,0,9.7845839676148,1,9.8779070588743,1,10.401517182586,1,10.967890510377
1,26.0266783232233,1,10.7293251910592,1,20.4667943766992,1,9.73412955344513,1,10.7215287067734,1,10.6392797172839,1,15.4014703852587,1,9.67836687672236,1,14.9748649719705,1,14.8488107695185,1,10.0035610448244,0,9.82534380402033,1,15.6943777892231,1,10.5438616287203,0,9.9923897039149,1,10.514468570528,1,9.99476050868312,1,9.89252037308551,1,9.73902902240254,1,10.3701199662342
1,23.3953908853094,1,16.8029247427655,1,9.71805958505139,0,9.61617460414646,1,9.31991351659483,1,13.6831254986229,1,14.6003277883091,1,9.25290432892922,0,10.1537668326705,1,9.55757145390712,1,15.5593374410388,1,19.9777671368496,0,14.6744153249822,1,9.68084557785434,1,10.1385272336309,1,9.47208421918145,1,11.3276606536389,1,10.120642849383,1,9.66096161260567,0,9.6497129773894
1,19.9551360491319,1,10.121479224948,1,10.5217977137125,1,20.4135460522034,1,11.1045333229379,1,10.568505627265,1,11.0331069225084,1,10.7250927162518,1,10.3126006090351,1,9.28121434844508,1,10.3263731089276,1,9.55708525475541,1,9.64695555051651,1,10.3192023748115,1,9.52346383114417,1,15.7682258404172,1,9.87758348828694,1,10.4050902134955,1,10.8685093473216,1,10.348273175609
1,26.4742329627775,1,14.4542254470987,1,19.6464155320913,1,18.8201943516774,1,9.64059548421293,1,10.4496688459767,1,14.81776893216,1,9.58927608289579,0,10.2371454349847,1,14.9498270280709,1,9.52136126000371,1,9.79334431789261,1,9.14462566108433,1,11.634960914049,1,9.96954809708777,1,10.2429169891725,1,10.099432493265,1,10.8930383530324,0,15.5919897822176,1,20.494507400711
1,23.814456148015,1,11.372652500449,1,11.327614088632,1,12.0945364720634,1,9.60694719217408,0,14.019014747904,1,14.3144843963218,1,15.0323636023998,1,9.50577187782898,1,10.3118496686196,0,10.7106579778717,1,11.1851885933176,1,9.36166730669755,1,16.5206477494203,1,11.2451097910615,1,9.84321923090712,1,10.3496208785041,1,9.68784496096978,1,10.6601118584114,1,10.5180714305328
1,25.0806164812526,1,15.2556256639511,1,10.3130310822275,1,10.3167228983667,1,15.1691249920946,1,10.3514058380521,1,9.54379891903355,0,10.0715624320519,1,9.73098114033078,1,10.8387643513416,1,9.53819832978666,1,10.0242404580944,1,20.4366060404705,1,11.0695358829286,1,9.91177187776024,1,10.444268976296,1,11.6114794201656,1,9.63604051342445,1,11.5950589184949,0,9.92261942492046
1,23.6269573238123,1,10.9006184181288,1,10.8335905754983,1,10.485833597006,0,10.2889603472109,1,10.2693314660598,1,9.88562055534327,1,9.34906727688905,1,10.3367149086986,1,9.81021984420804,1,9.94148615736457,1,14.0378693398724,1,10.4902565640347,1,9.67475740859363,1,9.83657065353927,0,14.7604382495484,1,15.9351083129615,1,9.95121182635448,1,15.1771367698575,1,10.2685321589932
1,20.4903516116522,1,13.573810521721,1,10.5700056195736,1,10.9443929875828,1,14.060464207944,1,10.2392040747762,1,10.3475443507604,1,10.8578294490152,1,9.98713172823044,1,14.5863245438696,1,14.772722593103,1,15.1173689061541,1,10.251444779157,1,10.5753031611488,1,15.5050824017509,1,15.640279395055,1,11.1218205213887,1,14.6108916475781,1,10.6131439920886,1,10.1886508846979
1,29.457359324991,1,11.4550335006308,1,11.928067947509,1,14.1944181083746,1,9.69942233899163,1,9.86710526604259,1,14.8690881967866,1,14.9695753318547,1,9.95472829069656,1,19.7903408829051,1,9.64776702745369,1,15.1453191763555,1,14.9237730566689,1,16.8823614893927,1,9.78314924905459,1,10.76193832921,1,16.8317271183819,1,10.352639892066,1,9.49407095134838,1,10.4787312318274
1,27.2901637722626,1,15.545083188368,1,10.18570967487,1,10.5027845393236,1,10.2406837460575,1,11.0675782938542,1,14.0460812918497,0,9.99054446724001,0,14.6734724921399,1,15.4782228668233,1,9.6872762907996,0,9.65410138500261,1,10.3396816592154,0,9.85161065130774,1,9.36561413844427,1,10.0673126616819,1,16.0717395543413,1,10.2379126736234,1,9.79992153435103,1,10.6017102740337
1,26.9901885709096,1,14.5561291594396,1,14.3215672634832,1,11.0257928042611,1,10.6774080807151,1,16.1982076670908,1,10.1958836222111,1,10.1827861682246,1,11.082936357732,1,10.1581046065265,1,9.92875974801231,1,9.63319457314682,1,9.44008153880714,1,9.92446924358884,1,11.296712819236,1,16.6870502574515,1,11.0165215342681,1,10.1871362257938,1,15.3798270069228,1,16.6916621323324
1,19.9227689763351,1,19.5222026199771,1,9.73101740371711,1,10.8200506917421,1,10.7590141901989,0,14.426264362203,1,10.1120198638625,1,11.6836963318712,1,9.79737283199943,1,10.8304100359233,1,9.56860231651178,1,14.6068468642718,1,10.4458803539333,0,19.3604373955208,1,9.77171218336733,1,9.58071931143589,1,9.67902692786503,1,15.1785995425303,1,11.1100642488931,1,9.94108576920344
1,15.4100468995941,1,10.8706373875517,1,11.0449464539851,1,9.57825099335956,1,14.4245972510599,0,9.40567193871236,1,9.89042445659625,0,9.6827911365683,0,10.6410214847898,1,15.9837800081678,1,10.2080895482702,1,10.4619751968539,1,10.0476298191331,1,15.0765291311807,1,9.35565315037037,0,10.8219147055688,1,9.84752117002061,1,9.56254186615652,1,10.3680695059394,1,15.0356198943692
1,29.8035797725198,1,10.4880546867832,1,14.4780599061884,1,9.60879758871585,1,15.1093009108871,1,16.3603974991991,1,9.19882018351181,1,10.8380624547337,1,10.1798126214594,1,9.13224543708373,1,9.68639076563124,1,15.7836670468164,1,15.3695793260839,1,9.97018118694294,1,9.45375345696394,0,16.3920022833204,1,10.0081731427035,1,15.6945451453967,1,10.0969497544501,0,10.1797847188432
1,27.9534799875428,1,12.2904423700415,1,10.1514473149812,1,10.7962320363581,1,11.4454469742357,1,18.7620092565741,1,9.823945159399,1,10.0422439031396,1,10.3570893494599,1,10.3532723290474,1,10.8898330515228,1,10.4472184175288,1,10.7563384646081,1,10.7369668131934,1,9.92184379848722,1,15.3356183140367,1,16.1494416809197,1,16.4897714397871,1,9.97867256957309,0,10.0956082234729
1,25.1473763467117,1,15.0051874763785,1,16.932929838901,1,10.7010386384345,1,16.0209884851692,1,10.1939672146932,1,14.585023841776,1,15.2102558576612,0,10.025660868289,1,10.2727562882294,1,15.3817477550673,1,9.90530423388223,1,15.9029676424835,1,10.7781043783902,1,9.53969896168414,0,13.9256091478315,1,16.6857208573297,1,9.92020518216831,1,15.4039611349645,1,10.219510621527
1,14.0227545870214,1,16.5866440392037,1,10.8029542063971,1,9.43008153217496,1,14.1756766399119,1,11.2344956486734,1,14.7219863795588,1,9.86760897470298,1,9.87707888335109,0,9.8769670854908,1,10.6373117251169,1,9.96134043157847,1,10.1196809305291,1,10.2407647676706,1,10.1309857398742,1,10.96488668533,1,10.1992141140843,1,10.0778542999897,1,10.7057527585637,1,10.2358833162107
1,20.0308129225603,1,16.2581817899464,1,15.0157674854304,1,9.9805842943998,1,10.0582927839589,1,10.755301667866,1,11.2375220902037,1,15.5550898125222,1,10.200375857523,1,9.38789429842748,1,15.8877642205426,1,10.2986928468463,1,21.5975405946251,1,9.36934422480519,1,9.56752457997549,1,10.6713979817418,1,9.78500702794934,1,10.5924845978193,1,9.964480324242,0,10.2712884890666
1,27.2764607218058,1,15.1448265896138,1,15.1407154040876,1,16.1342741182474,1,10.0275324386286,1,19.9042529221892,1,10.7646255085767,1,10.674651175999,1,11.1520043889838,1,10.8366071770294,1,10.0070844823793,1,10.3979305938057,1,9.96383996310112,1,10.2142253842561,1,10.1000443188393,0,10.2356718783242,1,16.0105087154844,1,10.5413515988901,1,9.79791216409693,0,9.67357064074092
1,24.8744600846787,0,19.5188762290611,1,13.6626048599688,1,15.2470678988986,1,15.5174946574258,1,14.0787512571941,1,10.4157241681233,1,10.9551676198321,1,9.78627573075449,0,10.0620274988879,1,11.1973603768717,1,22.0089802379671,1,15.4308762054013,1,9.45313001044022,1,9.5580437479037,0,9.40477673989953,1,10.538407075048,1,10.0627420549109,1,9.81907532253133,1,9.82871328000112
1,27.8172765288731,1,11.3427523929111,1,10.8797805301768,0,15.3178153863717,1,10.401488202769,1,10.7782703376797,1,25.6938945626481,1,10.4586225732208,1,10.4570595583388,1,10.0361208640663,1,9.96478738793249,1,10.8978008503571,1,16.6365304797965,1,25.5977548422814,1,14.7746182973697,1,9.62159544370025,1,15.5498295646824,1,10.2520951511208,0,9.87218292689618,1,16.2285188788396
1,30.1322452875584,1,12.3460975073613,1,11.0720212785917,1,9.49087494192385,1,8.9654632352621,0,9.92783227468751,1,10.1530717945817,1,10.1332217793345,1,10.6890437419731,1,9.86871672093968,1,9.98498423488651,1,9.93975614267742,1,10.3044185745277,1,14.7520066791509,0,10.4638709638485,1,9.7422317757423,1,9.91398226034787,1,10.9050232994234,1,17.2379074317418,1,10.2494923050005
1,15.0292301645399,1,14.2715657147112,1,15.7303672014689,1,10.4288868578798,1,10.6610698169763,1,10.5356082758146,1,13.9138214621344,0,10.3833837946411,1,10.1421325971103,1,9.70023405402322,1,10.2502972448883,1,9.34294277121399,1,10.5999582812441,1,10.8507195437925,1,14.4840887851471,0,9.84652096313845,1,10.1153222305729,1,11.3238079181698,0,10.7049367945646,1,10.5303064050038
1,14.9039873064621,1,12.9735952641214,1,14.7949258650959,1,14.9812347772801,1,18.9765397440573,1,10.0918174278328,1,11.0828861372981,1,10.7854548782315,1,10.0373882659463,0,10.3249519106358,1,10.0126100503402,1,10.5579675934431,1,10.1935286762677,1,15.778154975277,0,10.0424460955101,1,11.0236302553096,1,15.8890213601344,0,9.98338291165633,1,15.9610934122701,1,9.83662703790613
1,18.1253595410235,1,10.8074923668274,1,10.7123484983572,1,15.4771907630321,1,15.2893457187644,1,9.49824576443793,1,15.4617697551269,1,10.6050812407774,1,11.1459391363856,1,9.77183404625132,1,14.0699986252509,1,9.8632246077732,1,9.5519523624097,1,10.3154690954787,1,15.3258062817203,1,11.4529057029887,1,10.0800859140666,1,11.0464674410051,1,11.0328147668743,1,9.79514449734435
1,13.8138828038843,1,13.1768034010262,1,9.62147262936466,1,10.1747886704573,1,10.3301520056141,1,14.5586716586521,1,10.9073236232458,1,10.059426896188,1,9.69269468693964,1,9.87540624538139,1,10.2972557940851,1,10.0465016171387,1,10.0777041345648,0,11.7785094841326,1,9.46057164496631,1,10.9562052005586,1,10.8739981864353,1,10.0134852777743,0,16.202936311463,1,10.2013725204718
1,23.6377949764053,1,12.9673811241414,1,14.7711909138104,0,11.785673642483,1,15.6469885567681,1,10.0305320469095,1,10.7430937719372,1,11.1355013301865,1,10.3336542971638,1,10.4691605868336,1,9.85791162341991,1,9.9181322912173,1,16.993250399005,1,10.1686037660159,1,10.3588802328754,1,21.6273046640998,1,9.98380661409516,1,10.858550307652,1,19.4371956714087,1,15.7683481299028
1,21.2976941257506,1,18.1116065814178,1,10.4950547364691,1,9.81271437274254,0,9.27471926063499,1,20.5754769390377,1,11.4644443542728,1,10.2853739481569,1,9.81991372948784,1,15.5544498740154,0,9.61503242068145,1,9.83941495120566,1,15.7927436327315,1,15.5403548537057,1,10.2752691336287,1,10.251563827613,0,10.252017103463,1,10.4377879324528,1,10.1166796217138,1,9.93493454724359
1,30.933607073723,1,14.1637626327047,1,15.5937627790453,1,23.6621180455331,1,15.3231623070729,1,10.4283063027419,1,9.38395132630055,1,9.93275490336675,1,10.6807869566917,1,10.6795200234935,1,9.78326884337811,1,10.1180762070335,1,10.482436432186,1,10.2930733867541,1,16.3944201349407,1,10.9125347732938,1,9.63883765987472,1,14.9151509728285,1,10.3175738442275,1,15.7224336314883
1,16.6356325865851,1,12.0710730189666,1,17.4486547957036,1,13.7734011606933,1,9.93709462264255,1,10.2913009005235,1,11.305762052199,1,11.6063602800778,1,14.7345864128117,1,10.0257151345747,1,11.0873035026493,1,9.77809258781509,1,10.2999913074689,1,9.68563542335021,1,15.2290107629334,1,10.6069107478986,1,11.0317638172043,1,10.2969607129252,0,9.80310501396448,1,10.3985801410016
1,19.3867146689501,1,23.1051862175872,1,16.3101789579252,1,11.4613062477672,0,17.4360871455221,1,9.67294183402675,1,9.6320817466988,1,10.7638905011035,1,9.94217494721322,1,10.2243616367208,1,9.94924380402478,1,10.4370982511839,0,8.9469082992964,1,10.2483843982323,1,9.89782570916205,1,10.9009061046861,1,11.1802027509214,1,10.1393299963948,1,10.3795318321391,1,10.3953829797611
1,26.6561131163222,1,9.77750252199634,1,14.5966864726325,1,13.8614836642319,0,14.8581227441782,1,13.8237477136098,1,14.3175361251796,1,9.92557879099981,1,9.62148979671407,1,9.96933565488524,1,9.8763745284747,1,10.4611275994669,1,9.79639361261858,0,10.076315069957,1,9.87628413146448,1,9.9363609147662,1,10.5651056462899,1,9.95492738002474,1,10.3665139017804,1,10.7627285804381
1,13.6645238912366,0,14.4554529346471,1,13.4211278262029,1,9.3506480980752,1,19.9279642947974,1,11.6383296108884,1,14.4156639248548,1,9.48872907638218,1,9.866705322503,0,15.1300698143374,1,9.62775070303196,1,10.2377134096005,1,10.2373901335995,1,9.98113777731069,1,9.58966998735912,1,15.2862913830085,1,9.39345695877333,1,9.70035611738893,1,11.5782589169953,1,10.2588746005325
1,25.351734685971,1,19.3356345931172,1,14.6492507138395,1,14.5252767160256,1,9.99223385142021,1,14.6389053910645,1,9.63781715568383,1,13.3971995876703,1,9.78663896048177,1,10.0064567745665,1,9.81386131149322,0,9.80511815830794,1,16.1347480202331,1,19.7802238978393,1,9.8380364482298,1,10.9565219915112,1,10.4299301818708,1,15.2768929081742,1,15.0042824641686,1,10.5618230897766
1,23.4155197649812,1,11.9949375945377,1,21.4573704282465,1,13.5524381971836,1,13.8169465715017,1,10.4222099419811,1,9.81808693698101,1,10.5071180869454,0,10.4345287425931,1,16.7737604578032,1,21.1589311630835,1,22.3376083878689,1,10.7249187733105,1,16.5064523247955,1,9.78125192659372,1,9.67628904010157,1,15.0219586541631,1,10.4900757322164,1,15.437264270786,1,10.1567300086162
1,16.4319792188809,1,14.2243754073102,1,14.1078772774174,1,14.2558638478503,1,11.2414506637626,1,10.2212004875598,1,9.26020766037623,1,15.9725221615916,0,9.88416223618613,1,9.32286257988593,1,10.1036430160413,1,10.029479808536,1,15.9559563581948,1,10.0388111076781,1,9.99495349180243,1,10.6434182193492,1,9.84758047363306,1,10.1785595188408,1,9.95754176870241,1,9.96219158406061
1,30.8155394872763,1,11.9975521628128,1,12.2957760324173,1,10.4488643042908,1,10.7902813339747,1,11.2422502603271,1,18.2268383690843,0,10.4358801468735,1,10.3817318784524,1,15.6960595556326,1,11.088370299298,1,10.9203337766467,1,10.3971219462169,1,11.4099947878293,1,10.3742945136606,1,14.6950984669562,1,10.4828785266582,1,10.3318715354796,0,10.1730618067984,1,10.2243625883381
1,23.4075963478669,1,15.4395630092987,1,18.5409970992644,1,22.2444976645042,1,16.4395695860978,1,20.105543862705,1,9.04578498286798,1,20.0567982665548,1,14.9602318521414,1,11.2351588053988,1,10.108489600064,1,10.8833832137062,1,10.0438995519775,1,15.6988495459805,1,10.4865844177945,1,10.5910716484487,1,11.4262630451226,1,10.3609103832788,1,15.644651807859,1,15.6773080120396
1,30.3326888017651,1,17.9678617524857,1,14.6268683258454,1,10.2100757412698,1,12.9595344514125,1,11.1920919807865,1,10.2863407980702,1,11.3199910192386,1,15.5251321647603,0,9.54101630765014,1,11.2011620522534,1,10.4150708878086,1,10.2399092251757,1,15.125177806244,1,9.74917271526264,1,10.2016651688136,1,10.0464487951815,0,9.70710685655485,1,10.2883887589173,1,10.1905715543508
1,22.2597689420441,1,15.3071774071249,1,10.5675984431738,1,10.7274132048147,1,18.668791663868,1,10.0434877187971,1,9.7838361209512,1,14.541756194929,1,15.1355880135824,1,10.5038730712949,1,10.163889459016,1,10.1757509178226,1,10.7683941414515,1,10.6261760191494,1,10.9290528170179,1,9.59421732380315,1,9.48706232263735,1,10.2684418078477,1,10.8259654570305,1,9.86937814612411
1,23.2653034194208,1,13.4364880542981,1,16.4039067197288,1,14.7494604927823,1,10.0322611497685,1,9.75426219282537,1,10.5936276958838,1,10.0767520292566,1,10.420412013793,1,11.5827531397699,1,13.5488841814016,1,10.4902407088076,1,10.0124624524655,1,10.1280493612657,1,16.205561656239,1,9.98058650238148,1,10.106439876569,1,10.2861279471975,1,10.6905855836694,1,9.68627853478953
1,25.5052010644884,1,11.4992808411737,1,11.2839507965392,0,10.3131899855224,1,10.1132152977406,1,10.1824253699001,1,15.6837166980245,1,9.99019562661802,1,9.35160482790192,1,9.87054303413638,1,10.7067055972622,1,14.5179672342565,1,9.12547686728099,1,9.77534813781551,1,9.53203125348213,1,10.8849553362011,1,9.88816573433046,1,10.0440661908602,1,10.4729124282591,1,9.89985357539728
1,18.920548388711,1,10.323296515172,1,11.2792863159566,1,24.8469101290039,1,10.4703673375984,1,14.6787231754348,1,14.7636852330083,1,15.9020845762562,1,10.4692555470139,1,10.532442871275,1,10.1092215991312,1,10.1867231218398,1,10.1570776561044,1,10.1406040040928,1,10.4528751712838,0,9.04916334972407,1,10.2947118943105,1,10.3419142061537,1,10.5799526849026,1,16.0719720306782
1,23.6239589948671,1,10.3580611631633,1,18.6494165244198,1,15.8008642375236,1,12.3218169639965,1,14.6639272168432,1,10.2747650358893,1,9.35219585295212,1,9.91660234522992,1,8.87756420221966,0,10.3319969196747,1,10.4106523479138,1,14.768357034119,1,15.4494499197558,1,16.5021577607784,1,9.17794822730243,1,9.82665997346981,1,10.0240300841396,1,10.4629790894534,1,10.3233504679966
1,27.0556573956567,1,11.7624452725597,1,10.8841868272008,1,10.8246410135328,1,14.7021787311278,0,9.47015052343689,1,9.41600594919307,1,14.6657604559065,1,9.67640386646184,1,10.189946895939,1,10.1258855893161,1,10.2747864396499,1,15.0698587554077,1,9.67304275225113,1,9.78245959731851,1,10.2894638115205,1,15.7388232893909,1,9.03292934370692,1,10.1093971117355,1,9.75283519916655
1,25.6824357624463,1,10.3182258131328,1,12.7234083680845,1,13.7591104580572,0,9.70488153427148,1,14.1294411956704,1,9.64563168270891,1,9.77170525719668,1,10.1647699024561,1,9.6659377667194,1,14.8651986065872,1,9.69985123606732,1,9.86988107458921,1,10.0915806070417,1,10.390962580821,1,21.3718702659133,1,9.08231086253333,1,9.6776310108354,1,9.46033758265423,1,10.2381974042909
1,25.4131780610628,1,27.7135346881556,1,15.1998980904637,1,15.3725901956185,1,18.7721270188244,1,10.073077158876,1,9.71231072445104,1,10.3496223523036,1,10.1957523411061,1,10.1273583438219,1,10.4807335137702,1,9.50923166988786,1,9.92536788163046,1,10.5576888961072,1,16.4545746739445,1,9.8172521869642,0,9.54224709904251,1,9.95915670559308,1,15.6204311603977,1,10.8025417309067
1,24.5842530343932,0,9.83393277467419,1,10.0630217210123,1,10.2703753004,1,15.6162621127222,1,9.2949711731528,1,10.9272426323544,1,9.57830663930393,1,11.9197165486586,1,10.8189852687614,1,9.90299779634387,0,10.1215423397231,1,9.44928674977986,1,10.7317379601685,1,9.57410786936543,1,10.0644351207532,1,10.0745466807004,1,10.2337816041994,1,10.4058657127833,1,11.1890352151992
1,16.1712305916831,1,17.308856671765,1,15.6217440851781,1,10.0565141463721,1,11.7936418235392,1,13.9655266548476,1,9.69986171934761,1,14.6070949121921,1,16.1154906213402,1,16.0071041137101,1,9.90101196217255,1,10.3588658855306,0,10.1801124408525,0,9.63422984501963,0,10.1521723855984,1,10.5407171296351,1,10.3864179953898,1,15.3335129894888,1,9.97056514991196,1,10.7118600677556
1,28.0879311519594,1,16.1169868085585,1,19.5015580850253,1,10.1171439106943,1,10.2593973608891,1,10.2446311675287,1,9.70241321826567,1,14.755484804077,1,15.1251829594102,1,9.92813612131963,1,11.0312632030822,0,10.8233765907105,1,10.0267882182603,1,10.638217382666,1,10.1565323609084,1,10.2566387733497,1,11.1973220066613,1,9.53415942486328,1,9.93157327090049,1,10.0049891308396
1,18.8271859750471,1,10.9193736634505,1,10.0906753963007,1,15.2121517409081,0,10.5549057546509,1,10.0794568045304,1,10.3791567196382,0,10.1283263855703,1,9.7134998705841,1,10.7476124319492,0,10.1140363562069,1,10.6313204841295,1,20.5465414528784,1,9.26690686296869,1,14.6871280806027,1,15.104491773411,1,9.80801609656918,1,10.6047432775939,1,9.86772832262083,1,10.0441135219878
1,24.5978735954787,1,19.9968047539592,0,14.2793733769099,1,13.1010372825586,0,13.8860018268296,1,9.97369242140449,1,10.9383121357267,1,10.338289691787,1,10.1642894931075,1,9.54175067851424,1,9.6730902000421,1,10.621537807951,1,9.95440967721933,1,19.7435563315863,1,10.4631170784161,1,9.87411762073767,1,10.1454312757161,1,10.2925389061696,1,10.6444162271887,1,10.3166789402103
1,23.5022697255589,1,17.0546022955174,0,12.1770622416552,1,9.50015018931631,1,9.38992372738698,1,10.6608721900537,0,9.08560418198181,1,17.6555765012358,1,9.39622640616661,0,10.2606282805938,1,10.10105375637,0,9.61970262936541,1,9.83825490046184,1,9.00702280998089,1,10.7134851652896,1,10.7213726271267,1,10.3126878270516,1,9.97403303403163,1,10.1547333174478,1,9.79859665956911
1,25.3781317886872,1,14.9352288203767,0,11.0201271972192,1,14.3630247262288,1,9.60811128855226,1,15.0464655493449,0,10.122655686494,1,10.0563877696693,1,15.7944504934157,1,11.6271016469695,0,15.6529057276276,0,15.4561091036312,1,15.8271142394347,1,9.25974479828797,1,10.770240460084,1,10.5379388797396,1,9.56663960960673,1,15.7630104595887,1,10.8175156895758,1,10.1823571147632
1,15.3829276923998,1,15.7674926460658,0,18.0901208137374,1,14.9098705985743,1,11.1283417310594,1,11.2740815062314,1,15.2776823774638,1,9.81657798443285,1,10.3582839280086,1,9.88881645319177,1,9.83101074458163,1,14.6358688224325,1,9.44581154258523,1,10.7127004390244,1,9.85695811885795,1,10.9696619416034,0,15.5076328277834,1,15.5191471063496,1,10.4376652109761,1,10.709916712162
1,26.4005330630263,1,11.7977483145493,1,13.6745863458641,1,18.1905004340709,1,10.1995073744159,1,15.7101248166957,1,10.3668204680013,1,19.9423511859482,1,10.1832213440308,1,10.1473899356663,1,14.8222841502763,1,15.0210823817386,0,9.61674980487424,1,20.9432307178018,1,10.4944695773311,1,9.96709035672565,1,10.4085280117399,1,9.41917601855571,1,10.0039522331243,1,9.86702442027146
1,24.3170528356577,1,12.5676862339817,1,9.08867321531636,1,9.94686719662646,1,11.3143374436385,1,15.3438482478092,0,9.35505903689505,1,16.2493233876552,1,10.5066831158236,1,10.7052135231301,1,14.5393826144271,1,10.1626268771458,1,10.3862347513451,1,15.8932804462158,1,9.81510580282085,1,9.96675576706383,1,10.1139787508367,1,9.37996616380831,1,15.5154469341068,1,14.0732454419228
1,21.2826343287877,1,12.1863525237331,1,9.95784100704295,1,10.2688176669143,1,10.0795618787917,1,9.56760382693944,1,10.898676619754,1,9.65119220994967,0,8.96268851832828,1,15.5807125729125,1,10.1494596576197,1,11.3668633794786,1,22.3517401012704,1,9.76779288315963,0,15.6677436257266,1,9.47625334887327,1,10.1579024393795,1,16.3438072477618,1,9.88253576579124,1,10.1805118946141
1,25.7489560580119,1,10.5928149779556,1,11.8258007429637,1,9.49710544588084,1,10.1162797121886,0,10.8490543548813,1,10.1296083594603,1,10.3495078219232,1,10.6625811911113,1,10.2692218035601,1,10.2415399268129,1,10.1527764673469,1,10.2218136441969,1,9.65176674162347,1,10.4296255064852,0,10.066190497868,1,9.97521120169027,1,10.0190069084902,1,9.97809466024676,1,9.54237314050754
1,26.2044769769162,1,17.5607110324962,1,11.220339292676,1,15.5910338861214,1,10.2389812205633,1,10.5436459497353,1,10.3862734432544,1,10.399667470929,1,10.4549328757786,1,14.3885141293953,1,9.9555443565606,1,10.441927967591,1,10.1545373819897,1,10.0476664405804,1,9.7646592522056,1,10.2958726156825,1,15.6923857929968,1,10.2481547047949,1,9.94433401784609,1,15.1854124261543
1,31.8054008557468,1,17.4709341175186,1,14.3993259650785,1,14.9406985331142,1,18.9169330022223,1,10.2427018348283,1,9.05469114388105,1,15.6489302553483,1,13.9102784947531,1,9.98136263035194,1,10.4835370699559,0,16.6752348724503,1,10.2744167758326,1,14.8871048420599,1,10.7524374961684,1,10.3591159811752,1,10.0557516621164,1,9.96824714371538,1,10.2498949014557,1,10.0333401614433
1,32.1843482035985,1,19.0174139004705,1,16.4648841953669,1,14.8785145405248,1,10.5926914768615,1,9.95593567484812,1,11.2045174052472,0,15.6224827228214,1,9.71212039779743,1,10.8219047301973,1,10.8752225561,1,10.3064751480021,1,15.5192532786738,1,15.2946194764167,1,10.088780596472,1,9.92217316419254,1,10.2792998042225,1,9.34130265703439,1,15.3661656281854,1,11.3352205206603
1,21.2854263451237,1,13.2276085463251,1,9.61946132449684,1,11.2810243812846,1,9.87889151334163,1,10.6003403359995,1,11.3805491669785,1,9.75977228238391,1,9.9261105940019,1,15.4481583472357,1,10.1888722218818,1,9.65490709165585,1,9.99035692755275,1,10.6753829561769,0,10.0452500503271,1,9.84661315720821,1,9.67735136516792,1,21.3089355939979,0,11.7464599761009,1,15.7237765655236
1,31.4665252906223,1,11.7701530898454,1,10.3998349178554,1,10.8920104743747,1,12.2259839602007,1,13.9070974437058,1,14.7467052231618,0,10.2439572033124,1,15.1454485051603,1,9.87827028319835,1,15.3477737654111,1,10.5990224190294,1,10.4440175499375,1,9.67045184602033,1,10.7204718536691,1,10.2500358157551,1,10.3976583781213,1,10.1986563858309,1,16.556970903871,1,9.47634065026089
1,30.7399923641236,1,12.3869985863056,1,9.30271833373231,1,11.2056990045202,1,10.4041608422473,1,9.77551682661633,1,10.5021869985347,1,14.6744098399365,1,10.971706007101,1,10.0499047800081,1,9.45718521585673,1,9.91894160812721,1,10.274227530455,1,9.53454954467053,1,9.83171936202281,1,14.9558461646475,1,10.4369531536661,0,10.3232532237864,0,10.1967184785158,1,10.0963013032412
1,16.7679133658888,1,19.7423787949856,1,9.53750937282106,0,10.9043922440469,1,9.256655917405,1,10.038449638824,1,10.5644581783087,0,15.3349125918899,1,14.8846641650134,1,14.913965627197,1,10.0504474730478,1,10.8713790393412,0,15.3472430791225,1,11.6012894529387,1,9.74980445459588,1,10.5327949592361,0,10.0545664507258,0,10.1270028106112,1,9.97766699449423,1,11.0604101160118
1,23.6953132489775,1,13.6705187377247,1,15.2977082608622,1,10.2843864523985,1,11.6760970720019,0,15.3806569553687,0,11.1389636420337,1,14.7628891636165,0,10.2772394981066,1,9.18877805308471,1,16.1031644576846,1,14.755533401397,1,9.83070268785404,1,16.347965765783,1,10.0102452923544,1,10.2808617995586,1,10.1518371743575,1,10.4317569789548,1,10.0109407900609,1,15.3610066926303
1,22.088848731774,1,14.5741857584571,1,14.0504553177876,0,10.0083532614886,1,15.2180030200522,1,9.3196826584617,1,10.2556423182123,1,10.4065113079772,1,10.9593742478841,1,9.67280859054231,1,14.3865722709789,1,9.63610645087842,1,9.8576689819761,1,9.69294393069177,1,9.44214272624356,1,10.5528022796278,1,10.0624789418854,1,15.0844601831207,1,10.3634777845216,1,15.0288751120784
1,25.8594208071548,1,16.3250967487882,1,11.2472577046741,1,10.093477721447,1,9.80932723280912,1,9.21414022351054,1,11.0743819487485,1,9.85529920497209,1,10.1528520666485,1,14.5542145976731,1,9.9750459726209,1,20.8675800006859,1,10.0380401805489,1,10.1532250652431,1,10.1356153807947,1,9.66637479042873,1,9.66985564450484,1,11.3389685579562,1,9.8973060528564,0,10.3053314713191
1,16.6655782399033,1,15.5429031067596,1,10.8069523222212,1,14.389348667806,0,14.1520095844642,1,8.96798715477773,1,10.5982406463858,1,10.1861921845817,1,9.29404086678283,1,9.5018090864043,1,11.5353578617683,1,10.4286204148457,1,9.75749417113582,1,14.5115942458286,1,9.66297956716253,1,15.2192884000032,1,10.0068653228506,1,11.2857107243433,1,10.26753369256,0,10.1972476551311
1,23.8303455397012,1,14.0589338512885,1,13.9415154879559,1,10.0268017625473,1,9.40002407772595,1,15.1464943341462,1,10.4305735724907,1,9.68225502752537,1,9.20120694312924,1,9.84429549621902,1,20.8128737302947,1,10.1422599217367,1,10.4557603477928,1,10.3545631342725,1,9.51050642665962,1,11.5578268182595,1,9.51860108254405,0,10.9168717403492,1,10.1661893829096,1,15.6570854201686
1,18.3322872500821,1,15.2415403475531,1,22.4046358816013,0,13.9561444603001,0,10.2304222088593,1,10.2509084024822,1,9.60797741500069,1,10.0265220970315,0,10.1268097496515,1,9.65059933293523,1,9.95644233784081,1,9.7225797533748,1,11.3237164549523,1,10.8347139090735,1,10.3551890724414,1,9.83301234297073,1,10.2549772416225,1,10.0084926502747,1,15.465158547884,1,9.52600771158646
1,24.9206041853304,0,16.7374782410238,0,9.57589310802055,1,14.2885434923514,1,9.97943421788653,1,19.3827319147901,1,11.0086677488981,0,9.81931156941386,1,20.6471340524053,1,10.5415455146771,1,10.2160910695817,0,21.5592705963369,1,9.25141467907727,1,10.0245445406557,1,10.1575156305271,0,9.62919669855644,1,9.6839998636036,1,10.9327179858783,1,9.8540899832476,1,9.72746427481092
1,26.6674999400018,1,17.2649087373563,1,10.37512054442,1,16.9660786444563,1,11.0541480127544,1,10.2328557898066,1,9.55505847374362,0,10.2207142412042,0,14.9781020636662,1,10.7729247776435,1,9.94576236884507,1,15.9052723609592,1,10.2338941570658,1,10.0238788411222,1,9.8178305013938,1,10.5176507491719,1,9.92141813256421,1,11.1590947947216,1,15.3187897194287,1,10.4006113735533
0,21.4280652224645,1,13.8400209826247,1,11.0136133011765,1,11.0984978516587,1,10.2834917297642,1,15.9600738705012,1,9.66907719731087,1,10.1602550343776,1,9.37023823830693,1,13.667653417283,0,10.9814387624965,0,10.6195931915007,1,9.49614302997026,1,14.741433231078,1,10.8803983719798,1,15.9669789400138,1,10.678871775615,1,10.2991580288139,1,11.9651554473451,1,16.4216094423311
1,20.7011318280781,1,9.59372230912495,1,13.2154324990241,0,10.3500969767606,1,10.2115974831555,1,9.83283070088983,1,10.7403124357401,1,11.572561919496,0,10.529248837554,0,15.5220644710001,1,10.145652704183,0,9.92863067823709,1,9.71179889381351,1,9.82886895033906,1,10.286001981865,1,10.3566780758294,1,9.8721979455141,1,10.0058489731723,1,16.0322035653457,1,9.61824777135
1,29.1543541785659,1,14.9050597157828,0,10.9287899836788,0,9.37704823848415,1,10.1619937383275,1,10.0555426980667,1,9.68937638584881,1,9.82176040019731,1,14.6080839614075,1,10.0165496770636,1,10.0546575408873,1,10.2650551966851,1,10.3262395173987,1,9.3839884348008,1,8.91354702406943,0,8.8749277961535,1,9.1578515561519,1,12.1908542551263,0,9.66260068592219,1,10.0516951786327
1,20.5375707095316,1,17.9500086181149,0,15.9544395918984,0,15.2474086990555,1,14.751220317105,1,11.2926868523688,1,10.2404449701635,1,9.91251813793779,1,10.0421684076768,1,10.6039377007768,1,9.44945627989231,1,15.5733641594543,1,10.507273984865,1,10.6670745570161,1,10.0805745556929,1,14.882889273934,1,10.8279457780903,1,9.64653422974687,1,21.8509627920912,1,9.67697430670629
1,27.5952088360654,1,15.043994882461,1,14.6533030050377,1,10.2160557254566,1,15.0573197962639,1,10.5823386419163,1,10.1619056698543,1,9.56332504146821,1,15.4987046326256,1,14.5676729783623,1,16.5271396534089,1,9.46374051540186,1,11.0717359474273,1,16.0347659760305,1,11.3347646452545,1,9.63368465802729,1,15.6835755180039,1,10.1431456495227,1,10.4913051777177,1,10.5400443712231
1,26.9007026708406,1,15.1270713084243,1,26.7429107836166,1,11.3122596362726,0,11.8481311028424,1,11.169348050828,1,12.1951213695019,1,15.3305314609707,1,14.2056071490001,1,9.80909706182882,1,9.72522358395926,1,10.6912751110146,0,16.3682227650237,1,11.0538215901919,0,9.7258503683156,1,9.84652006908447,1,10.1746765046778,1,10.7148675476684,1,10.8234403538422,1,10.7878292481773
1,31.6073767408629,1,16.6206699920414,1,14.7352753604382,1,10.7769555484643,1,10.4912503949322,1,10.3981871965269,1,10.4255112336385,1,11.1040947068066,1,10.6816962650505,1,10.0450112801991,1,10.2344257288887,1,10.0556515936558,1,10.0965742559963,1,10.6226806679118,1,9.94650586710936,1,10.0422121155549,1,10.3754548312644,1,10.7446404878994,1,9.85280869162164,1,10.104500207688
1,25.5994335255441,1,18.6166580106719,1,11.2841120562956,1,9.50494426242875,1,9.34399535315723,1,10.0933649861428,1,10.7112543035068,1,9.6885168301312,1,9.17595901295487,1,10.2990088002739,0,9.39862652231639,1,15.6114839380759,1,9.28150419311013,1,10.0311230105588,1,9.47359545931646,1,10.7062181002778,0,10.4931461976413,1,9.75239887546142,1,10.5346876520202,1,10.5146013559981
1,27.7063205563388,1,14.0324888144225,1,10.9122014292212,1,9.60577534937265,1,10.0861340582193,1,14.7122222838861,1,14.4075686684345,1,11.3850159522042,1,14.0170703047907,1,10.604896187674,1,9.93588577813092,1,10.749557306495,1,10.0207024893491,1,10.0027549301443,1,10.503254333682,1,20.9244047686863,0,9.49624325021131,1,16.4683984616704,1,14.9384230337468,1,10.3504509291584
1,25.9219717237023,1,13.7776395535125,1,14.213664974359,1,10.6917946772604,1,14.6129786096692,1,14.5976744959031,1,9.73183821985262,1,10.1887808471551,1,18.1571834654564,1,10.3106267014353,1,10.0406995382219,1,9.39250640409981,1,9.86723972990325,1,10.024436571858,1,9.99961941047973,1,9.8893956730377,1,10.7877105824212,1,10.80580749499,1,16.5280419021279,1,21.9435680580911
1,23.727757419591,1,19.4893582538304,1,16.1383569618873,1,14.5316107795432,1,15.1762546244894,1,11.0666648615284,1,9.76367819437811,1,10.6314500607763,1,10.2953516736465,1,10.5500102131642,1,9.8389063328306,1,9.86611720325298,1,11.6368124924197,1,10.6852073347194,1,10.7042492113501,1,10.924327459267,1,10.0782953503981,1,9.93248577569697,1,10.6325431611199,0,15.3025050866727
1,30.238253602242,1,15.2710837401206,1,23.5044400290365,1,14.9020315471778,1,11.0152044631659,1,10.5612083975041,1,10.5632555604092,1,14.8454470444796,0,9.96347350859605,1,10.9449931895087,1,15.8820755957473,1,10.258773462792,1,9.89314461819814,1,15.8772945610548,1,10.2431029356278,1,15.3048597498541,1,10.0071495403616,1,11.3241730373176,1,10.0214751898124,1,10.7921531229791
1,24.8191052968099,1,18.2680170059884,1,14.4773147858421,1,21.6652223286049,1,9.45262001826431,1,10.3958447084168,1,9.82601379513464,1,14.6010412538226,0,9.87868816914768,1,9.21470985920695,1,10.0127996774465,0,9.68768640797848,1,10.2126861735305,1,9.36058150085107,1,10.2905408771586,0,10.5175615035039,0,9.63849124006699,1,9.87334540921097,1,10.6934300056523,1,9.81638693491328
1,26.3628939392538,0,15.8624397250726,1,19.0858289360609,0,8.6691212380503,1,10.924271889379,1,10.5671574011876,1,11.443552855471,1,19.9727265714655,1,11.2486302800888,1,9.91150946548747,1,10.3140773728073,0,15.6505972075687,1,11.0346697113771,1,10.3012935285531,1,9.02467129366469,1,16.8980647323623,1,9.8950139364843,1,9.9122668537911,1,10.1265525534036,0,9.8634194454688
1,21.3820610865368,1,11.3385022694791,1,9.25006441901486,1,13.4986342181969,1,10.2445789825842,1,10.0766654399526,1,14.9875490455797,1,9.52806429977729,1,9.50862011839817,1,9.46936194345791,1,9.27011386698394,1,10.2719796034599,1,15.6559458563259,1,10.8566280735891,1,10.0079274687143,1,10.3332392523907,1,10.2994806228743,1,15.2152501788256,1,9.71125494760131,1,9.86436129321843
1,21.8907711867485,1,11.4157564331933,1,11.5530987278161,1,17.1890773665574,0,16.2061653219579,1,11.1734256812307,1,10.0067322609254,1,17.419408515104,1,8.6016042533198,1,9.80622913055941,1,9.22114791875571,1,9.60490528968139,1,9.79992572490626,0,9.51299275996684,1,15.074132222232,1,9.14800249621487,1,10.5010801168961,0,10.1428014692111,1,9.72144035589971,1,14.2672345874943
1,22.6240555545367,0,12.2327996654417,1,10.9221935748276,1,13.8384395287926,1,14.8457920298648,1,14.8910561915387,1,10.6985437381136,1,15.848829473759,1,10.9930686819787,1,10.3020797873442,1,9.41832361648761,0,13.6927483555533,1,10.1192825433912,1,10.0073630451267,0,10.4913525597167,0,10.9095814781131,1,10.4815817815465,1,10.316761643483,1,10.1820211889513,1,9.61695276832262
1,33.4831285954673,1,17.097844657318,1,10.9987264566756,0,19.9211334561222,1,15.8250181604319,1,9.92813997676458,0,17.7138149942732,1,10.0707549066968,1,16.5903643955074,1,9.69479603554767,1,10.0906008120812,0,14.2353487958571,1,9.74481667339039,1,9.5276511902427,1,10.5446260546931,1,9.9830294331564,1,9.53934296702093,1,9.72297282854493,0,10.9776556022761,1,10.6433260670499
1,24.8099248170566,1,11.5089038195659,1,9.20368570571214,1,10.9037790194,1,18.5029585556974,1,9.49925934899979,1,14.6228407021262,1,14.965281705996,1,14.4314524175443,1,11.2973449195658,1,10.080208698152,1,13.8185909104236,1,9.44135923042548,1,15.3071599170076,1,10.1113173509496,1,9.91898970352993,1,16.2910056504427,1,10.2195677494542,1,10.3653828760347,1,10.2675713002423
1,29.308597111125,1,20.3936758532793,1,10.4127839271769,1,14.9679587559889,1,10.184835616423,1,10.1981207777067,0,10.2314694640321,1,10.1033519281994,1,9.61888626042903,1,10.1895662011801,1,9.8111735205624,1,11.0152946676107,1,9.96608942813437,1,9.99636204502139,1,9.88150183526292,1,10.385384934921,1,9.91245547160843,0,9.38599813999952,1,10.1743390316642,1,10.0996873931804
1,31.9746010271378,1,15.0373807818224,0,9.95353419002628,1,10.9921675057894,1,10.6608935379832,0,24.8839380980389,1,14.883622792052,1,21.489289589543,1,9.34734151369915,1,15.3623409363223,1,10.3370378583549,1,10.7476493248327,1,9.91249045247183,1,10.0578264350946,1,16.0187356500241,1,10.8297149823306,1,10.6320856782297,1,10.6269361586659,1,9.79763601466338,1,10.6674204920653
1,29.8683866733593,1,11.7923711636038,0,15.7495241897361,0,18.2335597101742,1,16.4983728678276,1,14.9283646498626,1,10.2475239458708,1,11.6635004524266,1,10.1400499265927,1,10.2787190259664,1,9.93894443174498,1,16.499837838569,1,15.750913552714,1,10.351753179467,1,10.3904715091674,1,15.8407501919731,0,10.5664518550053,1,10.5530444322707,1,9.55447955957242,1,10.6032460748299
1,18.5093933701184,1,12.5349043402178,1,9.94330163724357,1,11.0145725746939,1,14.8352859307431,0,10.7739851625144,0,10.8530964295537,1,10.1162078623232,1,9.5414237644157,1,16.4436593187753,1,10.5088774753346,1,9.63999461038661,1,14.3357909398563,1,15.5508416870408,1,15.2624510175445,1,9.9902123491673,1,10.3773758557782,1,16.2803252634859,1,9.83943705332947,1,10.9831984547185
1,23.0756206194785,1,16.2298689398986,1,15.8067988033472,1,15.3658295109324,1,9.51225289760089,1,9.91292990426949,1,13.6400117262172,1,14.638814928942,1,9.98907562271218,1,16.556129297033,1,10.3081026673201,1,9.89523399754005,1,9.93040137325728,1,9.4697889748498,1,10.1787526949277,1,15.1172602124654,1,9.81943187392145,1,11.144374145315,0,9.97604834715419,1,10.4830432366793
1,23.6762324011162,1,12.7104011815433,1,19.1539074033489,1,10.8610852358921,1,10.6069971278974,1,9.68045038835625,1,14.9442703484563,1,10.1958148191156,1,10.5523462304102,1,10.4132108801303,1,10.2971284085514,1,9.82374876629396,1,10.0355435811463,0,10.3084625181193,1,9.55199436623791,1,10.6465741977123,1,10.938665477789,1,10.6209193841481,1,15.7317554683062,1,10.3739116481102
1,19.3402705535392,1,16.1112073841911,1,12.7850058750848,1,14.3031963802071,1,10.0138614328037,0,10.4387002393398,1,10.9997784765971,1,10.4278833488469,1,10.8184214340588,1,12.1052581256842,1,10.5657829645198,1,11.9755077928159,1,10.8032440562238,1,9.85936634135639,1,17.3122976893445,0,15.6020679366968,1,9.99742161826816,1,15.7732617592556,1,9.80823375878612,1,10.8578408514687
1,22.432468915208,1,14.1669109404104,1,15.233211267957,1,13.7887068304943,1,15.8662629092873,1,9.99740689628741,1,9.4517757604495,1,15.1110744790073,1,15.8975090147993,1,14.5668617958845,1,10.4726289478742,1,15.5821940840134,1,10.7393127428143,1,15.0555843818832,1,9.30266161311329,1,15.3028828331273,1,9.28469866983841,1,14.238994406693,1,9.65749607807164,1,10.171109395173
1,21.4345596238679,1,14.5235279317936,1,10.9124458414671,1,20.2481862499696,0,9.95381366577806,1,13.9042132159232,1,9.86142715723272,1,15.0943366767693,0,9.83456744869924,1,15.5245245044061,1,9.75125458870135,1,12.4201186939691,1,14.6342954857767,1,10.107840735557,1,15.5679365835436,1,10.1586459547928,1,10.3707161773084,1,10.4971634323048,1,10.5836087545694,1,9.55920938180738
1,16.5832298224448,1,11.9360506906413,1,9.85407536757086,1,9.77668080323448,1,9.26467927888243,1,10.9545329129541,1,10.6573307413219,1,9.37047400355654,0,10.0561415323657,1,9.80591932115468,1,15.9893813399447,1,9.60397449485884,1,10.3874321744007,1,16.4802355074492,0,9.97380257836348,1,10.7695958866291,1,10.1013813140797,1,14.7226995750921,1,11.2251526743837,1,10.2391795365738
1,16.6097586364653,1,12.9232659569843,1,10.2068896738933,1,13.1710560790485,1,18.4104660932532,1,9.53117329695108,1,15.0461311302123,1,14.5689901479829,1,9.35516085736769,1,9.45085267895736,1,9.1514396297727,1,15.7310555384403,1,10.6340661649867,1,14.6647138033795,1,9.05454013908089,0,9.96377636166178,1,9.74316161609412,1,9.66193261027107,1,10.1795448450576,1,9.50149549076262
1,21.5534178624491,1,17.7481282327187,1,10.2303606749051,1,16.0657322079567,1,11.0295142579353,1,15.0448033070247,0,15.5586339635594,1,15.8182391141767,1,21.9606904640201,1,10.2122008493373,1,10.9214041426379,0,10.210852878141,1,9.59051293257306,1,10.3686754355476,1,10.1653222122049,1,10.2918748437859,1,10.5681919838075,1,9.98362119654649,1,11.5542491138168,1,15.7988966337144
1,25.3766542356298,1,16.0443654235777,1,9.83163298910539,1,9.31107595615684,1,14.9066454703049,1,14.7905029960971,1,11.5383086114057,1,21.5992063570214,1,9.38429371194949,1,15.4456881698057,1,14.4477486366002,1,11.2626495605768,1,16.230693114773,1,10.8944385700122,0,11.3244897361768,1,9.58909575496216,1,10.4237776313116,0,10.6649059656582,1,10.0617578682703,1,9.9697371933016
1,25.5601108055792,1,10.8520128413339,1,10.8980929507141,1,11.1774531405766,1,10.6147975357603,0,9.51026487084011,1,9.81992663727539,1,14.2927731007299,1,16.0738554095689,1,16.912210312543,0,9.14835241500415,1,10.5570470217055,1,16.9231804596929,1,10.5485675044773,1,12.6503528704941,1,10.8155155513935,1,16.7702442617147,1,16.4896920136765,1,16.1515752238308,1,10.1746955826328
1,20.7004666676645,1,18.3928019893178,1,12.6536601005444,1,10.5694090258407,1,10.1908212557828,1,10.6327622642625,0,10.4394213499665,1,15.4328987935566,1,9.38207124067318,1,10.5037449311309,1,11.0578923760415,0,10.8566803885037,1,10.9778897545454,1,10.4188731605393,1,9.91895334243129,1,10.6644214888468,1,10.670337343749,1,11.0623848435121,1,10.6037626500863,1,9.73131590062847
1,23.9638984867214,1,12.2479623977719,0,14.1223347986168,1,9.53255243126786,1,10.4063710970109,1,14.4712771461783,1,11.500460962392,1,19.0761984473921,0,9.84253045595449,1,10.9105882179295,1,10.3471787875355,1,20.0923852749092,1,10.7057545808457,1,15.4740925524524,1,9.80759028159756,1,9.94476653743546,1,9.71978000809955,1,10.79042152504,1,10.177471033918,1,10.9804996171727
1,30.4330459219573,1,19.336460378661,1,9.7190830841854,1,10.8117788463043,1,10.9656131784315,1,14.418854316367,1,15.9821461205522,1,10.3304664087654,1,16.0943356439376,1,11.0309267195294,1,16.6328051491369,0,10.6746757854929,1,10.1776886973413,1,15.6297634098618,0,10.1477319486601,1,15.968847706543,1,10.3762894627998,1,14.8380788358997,1,9.87943034856263,1,17.5374651694694
1,27.6158964486621,1,17.5019959418632,1,14.2263428179581,1,11.0170772060403,1,11.1375050547691,1,11.3508342044919,1,15.0941388323264,1,14.5761941260896,1,10.0909715633505,1,15.345924022656,0,9.48266885890759,1,15.150769802478,1,11.3966603373668,1,14.8807299281284,0,10.2315445251277,1,9.52544699391442,1,14.8928017935974,1,10.2786900146048,1,10.4344777677738,1,10.4168969869531
1,20.8074520904608,1,13.702901309146,1,19.7703044988076,1,15.3686547602789,1,10.9083079624275,1,11.4860568786748,1,10.6789521233431,1,10.2477246014905,1,14.703321612799,1,15.1840493268067,0,9.49396446858675,1,10.4577228057798,1,15.2846462208781,1,10.1865362661807,0,15.6931419910847,1,11.4499280164168,1,10.2236984555116,1,10.6519139272639,0,9.35824233103928,1,14.3815997855851
1,36.5339997191011,1,11.2523322705372,1,12.2029790004432,1,10.1756480102504,1,9.8090449213566,1,21.2405562278857,1,16.7997734618311,1,14.0596155703326,0,10.1027129562014,1,10.5431854750404,1,14.9872269997804,1,16.0660708285878,1,9.97804133710302,1,9.81083522940793,1,12.01881394451,1,9.58086539195936,1,15.3660928865223,1,15.9359346025823,1,9.93964908623816,1,16.521261369241
1,27.4733606150165,1,11.306892095792,1,13.4290706368118,1,10.9745143056286,1,15.5669553329847,0,18.3310479258559,1,14.8356094399798,1,9.88870096097809,0,10.1474677436467,0,9.93947012236906,1,10.2646798272759,1,10.1010293115032,1,10.4867281013191,1,9.55112780189677,1,21.3033615477887,1,10.147292979615,1,14.9798135920794,1,10.2779145151458,1,15.5270094168629,1,16.6700819557135
1,28.6269746998628,1,15.5173923808629,0,10.2363874290358,1,9.84499996480822,1,14.7612662779412,1,9.85640066063446,1,10.443383023408,1,9.75736038985445,1,10.222930713442,1,15.3002057373625,1,20.8959109306961,1,10.3019050747536,1,10.1822733023546,1,9.54902429556277,1,10.5136436262974,1,10.0598772937008,1,9.97841013268004,1,10.4338885079042,1,23.0866701766304,1,16.5843897603467
1,26.7364276016845,1,19.9453854421866,1,18.5610537562137,1,9.48298635702753,1,11.748493631119,1,13.8783799700404,1,10.1656433774408,1,15.3487307443729,1,10.1230786689575,1,10.366404228215,0,9.37401207361801,1,9.45116840784288,1,15.1038740377612,1,10.8764403815349,1,10.6734270077548,1,10.1817516585553,1,9.57060779571882,1,9.51738539029235,1,10.2412902487689,1,10.7450259167786
1,21.5737967322171,1,15.0864396747902,1,16.0892397702363,1,14.059488910146,1,10.0205458174716,1,13.6512076772963,1,14.2430550489373,1,9.56487473826554,1,18.0324388430934,1,10.9149514964002,1,10.4483154555122,1,11.2253282241161,0,9.71870677582251,1,8.94878850722114,1,10.4959445633276,1,10.0715360913343,1,9.93283141240172,1,10.1788106475576,1,15.6069965943033,1,9.9637555790005
1,20.21109396599,1,14.3027390303343,1,15.598291370725,1,14.5766154852702,1,11.0666677770326,1,11.1743978734116,1,10.1019701432823,1,10.2493805115167,1,10.767628949307,1,10.4280679901105,1,10.0620869768957,1,9.77201810704249,1,10.1224695921272,1,15.6079064687108,1,10.0186871865744,1,21.1361777818314,1,10.1259105278202,1,9.62173034041029,1,9.71363768129094,1,10.1137421788316
1,26.418058008907,1,16.5056401754784,0,13.2943825286185,1,12.5426729464234,1,11.001797662261,1,15.3947730141294,1,10.8500481282954,1,15.2747131323444,0,10.6671372701859,0,10.4570877249064,1,10.3371131411998,1,12.0562646295136,1,10.0695517494604,1,11.6842354471487,1,9.35080190364743,1,10.4572944883168,1,16.5459350843476,1,9.8636599227894,1,9.96912754020875,1,10.3644448879352
1,19.2741116419468,0,9.48104168355629,1,10.0907499999279,1,10.2555238545735,0,9.48268989714344,1,9.93744078928898,1,11.1535595555494,1,9.10147160210152,1,10.2609153075252,1,9.22058782100659,1,10.1574546897759,1,10.8871999445149,1,10.2919020421691,1,9.07485203845038,1,10.5768043082445,0,10.2436821137393,0,10.1262823537,1,10.5380078019229,1,10.3553527606672,1,9.90094388285632
1,16.8112807684572,1,17.4112796384734,1,10.6466369638154,1,20.1281750061296,1,10.7103329255286,1,9.38467792705758,1,14.7928412703669,1,9.68524300853879,1,10.932996378564,0,10.3291367412604,1,14.7043394353611,1,15.9298110537807,1,10.2388487957711,1,15.1681523607799,1,10.1375871183145,1,9.73103779156185,1,9.99073034495374,1,19.599763591532,1,10.5242799151857,1,10.2302730893681
1,15.8023615270021,1,10.8594608827097,1,11.4820089354425,1,15.3427842223963,1,13.6804183956135,1,10.0180636703653,1,13.5440809928917,1,14.8178866138393,1,14.395386614874,1,9.62006728466284,1,9.58006236029919,1,10.4221253816975,1,9.84270669396821,1,10.8734409019316,1,9.83011358240191,1,10.3228829757861,1,15.4931348174595,1,10.4782011555928,1,11.0779102502309,1,10.1067787439775
1,20.3483896338786,1,10.6463831338695,1,10.6379099929945,1,15.603108509418,1,14.3099701224013,1,14.1155759885135,1,9.87466900512025,1,9.7192361648625,0,9.34532307568765,1,9.79096951692718,1,15.511905386767,1,10.1484608085936,1,21.0142602425494,1,16.2741457080962,1,10.5344918145736,1,16.6294811752665,1,16.1920736876467,0,16.0496624951334,1,10.2009352022485,1,9.96834444347395
1,27.0058263886896,1,11.7440660699887,1,11.0962527974161,1,10.35793262207,1,11.421495219742,1,15.3835288346415,1,13.9084382917195,0,9.35453907478078,1,10.8201330653438,1,10.4351236934625,1,9.66261223979411,1,10.1838981258963,1,10.5885922260573,1,10.0694110716393,1,9.80255731809527,1,10.7591133233103,1,16.0212224134191,1,11.0280833401578,1,9.98659032185463,1,9.76346917595145
1,31.2201588475307,1,11.2992514239049,0,21.6088926319999,1,10.8149177079795,1,10.4246986311739,0,16.7583333726785,1,15.7244811894328,1,9.62405785430111,1,10.2492346898327,1,14.9483605107139,1,10.8279941793317,1,10.3180973884243,1,10.3035877129548,1,10.1246122793074,1,10.7198407587995,1,11.3199526079308,1,10.9835730677443,1,17.8963283504337,0,10.8025747526121,1,10.1714775452424
1,28.9584894475008,1,12.2230801163804,0,13.7685636448564,1,12.0450535873695,1,10.1005093290076,0,15.5788671517174,1,10.3752654440225,1,9.87830314297395,1,9.95351130593929,1,17.0723008107373,1,10.6918707513779,1,9.35709113671006,1,13.0687636937574,1,9.75402663521665,1,9.62073832026961,1,9.49298346894006,1,14.9033451516897,0,9.71822581836033,1,9.68247658899889,1,9.7415351832007
1,24.221105648653,1,11.2198490296691,1,14.9074020000919,1,10.3082980229141,1,11.5844091591364,1,9.72444319396784,1,9.92306423300957,1,9.46459033181985,1,9.33175360486553,1,15.1647441095054,0,10.7756497712817,1,10.4541337187147,1,10.0989690481184,0,11.2007519131631,1,10.2563556147496,1,10.4671837415491,1,15.6608306593274,0,10.1677042904566,1,11.052561841628,1,10.3516846977319
1,18.947040363698,0,15.7880560375009,1,11.1043841126598,1,21.86885523297,1,10.2475186182823,0,10.2924828428887,1,9.37697984890681,1,10.5201231124918,1,10.5566837012834,1,9.37663670753734,1,9.64358689427149,1,14.9147195618969,1,10.5003253659403,1,15.6444190488341,1,15.5277795639828,0,9.49519671653836,0,10.2153363288777,1,10.83889993612,0,10.4473631366432,0,10.0386216056242
1,22.4911280123308,1,15.3205759576297,1,10.7280535251514,0,10.8030349078148,1,16.1178624773266,1,14.3259989680558,1,9.49771202417693,1,10.0636515391149,0,9.74135564176114,1,9.8534352255075,1,10.9360243283834,1,10.2625134342704,1,10.0569454772853,1,9.54464211853286,1,10.3836863575617,1,10.7240292654267,1,10.2334367338103,0,9.46180326907619,1,9.95073002904736,1,10.2289705783625
1,27.1745595417298,1,15.1288831114095,1,10.8965897915439,1,11.7790468324431,1,14.4430304108807,0,14.9095143001542,1,14.7121140289318,1,9.89220212619829,0,10.2998405126777,1,9.35759721078179,1,15.5290484234981,1,10.5041839854371,1,9.91535983055125,1,16.5310311480251,1,10.5171945939888,1,9.79980860562965,1,15.5350152306945,1,9.24879170877953,1,10.7644035164657,1,16.0315543538801
1,17.328313521207,1,10.7415364390299,1,20.7773065004202,0,10.07519475148,1,20.6215462858038,1,17.1315436003935,1,16.2621911336003,1,10.3712189855341,1,14.6450909822145,1,10.2153134082854,1,22.3106683888989,1,10.6614193835714,1,10.1752475763216,1,9.86840301461212,1,9.39975029479444,1,10.233421267462,1,9.7182061251082,1,10.209980724008,1,10.0196810724874,1,17.391828665612
1,25.2979160384856,1,15.7336916949409,1,20.8937933561782,1,9.65668253413427,1,13.8873659540441,1,9.90058169890225,1,10.5693724780637,1,14.7765806379829,0,10.6953932696855,1,15.922414827124,1,9.41632834836377,1,14.9071380962296,1,10.2236319839387,1,10.0045573591008,1,16.0554012250666,1,9.90252437219078,1,10.949773712469,1,11.1092969295748,1,9.92711748672895,1,9.7557969228049
1,21.7316502723559,1,16.6514242929684,1,14.7834258554849,1,13.9138606663921,1,9.55120214296482,1,10.5852183794029,1,11.359907760296,1,20.935831211854,1,13.8171443739854,1,15.7641986535814,1,9.9201349672915,1,10.0645605007914,1,15.6073351419294,1,10.95100520936,1,9.65120601229776,1,15.9000033223234,1,10.2755928547475,1,10.0865300300507,1,10.1907133982343,1,9.59940577179739
1,18.8524927369423,1,16.8798784814733,1,18.7564066453842,1,10.2274864886737,1,10.3003564541608,1,10.3813389385943,1,10.8689889313825,1,11.658720161252,1,10.826451007224,1,10.3067560805624,1,15.330658355968,0,10.1624828977966,1,9.83121129696138,1,11.0695358887611,1,10.4709271601404,1,10.2232004494994,1,11.1709873938617,1,11.2550241828567,1,10.2681352039363,1,11.0790182654457
1,23.6434994187653,1,15.0201024887222,1,11.4741777739772,1,16.7601052423091,1,9.63017321580966,1,11.2217306281671,1,9.73897464636963,0,10.6392699372967,1,16.6662451145432,1,10.4923821596667,1,10.5851257227875,1,10.7397559455009,1,10.2727456884843,1,10.6113572720215,1,10.2427775301866,1,10.7305979524052,1,9.84564581665224,1,11.4846343255808,1,9.98743754590104,1,10.2193971306615
1,17.219103899205,1,21.3252480249728,1,20.4095610051089,1,10.6674312421085,1,9.00775822557853,1,9.82369787181206,1,14.2992165728607,1,14.9347045516301,1,14.6355355085675,1,14.792565871862,1,9.78733063863416,1,10.0804389555588,1,9.66954188334803,1,10.1195919652617,1,10.6201153081801,1,9.89633769611704,1,9.71306180412788,1,17.2345961023447,1,9.93879844451533,1,10.2243865399061
1,22.0771018222397,1,18.6796193497818,1,10.3285254555194,1,11.4047734799056,1,9.85981662193356,1,13.8120925250694,1,19.8077769787255,1,9.97913240139975,1,9.56507330879439,1,9.30914937861302,1,10.1761777974883,1,9.9156215432446,1,9.92562193121578,1,9.74233998106856,1,10.4104292432849,1,9.53768043797847,1,11.1608807682662,1,10.1093977895237,1,15.7791712651389,1,9.89578735039057
1,20.005416431871,1,19.0015252598422,1,16.0177274951084,1,14.1625506276296,1,14.6889329835938,1,14.7494004797941,1,9.7280781145578,1,9.63779389764403,1,9.96969473690708,1,10.2299659588662,1,9.82613126880738,1,9.75040400360428,0,10.0126289168198,1,15.6490427395915,1,10.1045146048896,1,16.8154216782328,1,10.0723881972643,1,9.34127000061291,1,9.30987298107069,1,9.97205117166668
1,19.7220680634051,1,13.4568220985322,0,13.6569589720693,1,13.8475441062384,1,13.5228714856022,1,15.0609183895448,1,19.8510716502734,1,9.99436302200489,1,10.4396132921912,1,10.4572948247761,1,10.5166715123477,1,22.0028121268648,1,10.303186077138,1,9.08400096664632,1,16.5681743767664,0,9.76120926330784,1,9.74820078170157,1,9.33986671975664,1,10.4183977800879,1,9.51377706478003
1,28.9184246045533,1,22.258417098191,1,13.6172490782006,1,14.9022522447164,1,14.1219284325041,1,12.3543162871244,1,10.6174302245188,1,9.99418647702903,1,10.6749779570982,1,10.4187410629793,1,9.62105304918809,1,15.418444637323,1,10.6920137415389,1,10.2365629106726,1,16.4610858484315,1,10.6582732517144,1,10.0557903429438,1,16.2471784143107,1,9.99553742912934,1,9.91066014326985
1,30.6759984946576,1,12.9409093627522,1,19.0058652818654,1,10.0658470607463,1,11.8032688558311,1,14.772284345387,1,9.58900401599667,1,14.7576684568299,1,10.0496471644241,1,10.8999428732237,1,10.780746781471,1,11.1084902674557,1,9.52277818241981,1,9.77844282107026,1,16.044537477903,1,10.053357797245,1,10.0115533626948,1,9.6543511710241,1,9.55951757990214,1,14.4237668403588
1,12.5610728515683,0,17.9539162103856,1,10.9426429106829,1,8.99771310629845,1,16.4450541430733,1,10.3646978927585,1,10.4878189949378,1,17.6299063756427,0,14.6084922494488,1,10.2575876349721,1,10.1296165550201,1,15.465294020836,0,10.914685203583,1,10.6293271407616,1,10.0162645992457,1,20.7978856315779,1,15.0825514244852,1,15.2912401850435,1,9.95111553816511,1,14.803555870153
1,28.7550166254062,1,18.6984017748309,1,10.374631314483,1,15.0079151895579,1,15.5513916638889,1,9.48565982198369,1,9.17850825990818,1,9.77105073874018,0,9.52733039162825,1,10.5340747429517,1,9.68829988637138,0,9.54940896720811,1,9.89629231294782,1,14.8882796036718,1,10.3109924683346,1,10.4175555218783,1,9.75761694430246,1,9.6596308411968,1,9.73309490364243,1,9.43952591914758
1,19.5979935731548,1,16.1506824530195,0,10.6667980336145,1,10.713134345241,1,9.70883483698833,1,15.1716183417872,1,11.5482963473681,1,9.63968731414895,1,9.69229396378328,1,9.61626467816676,1,9.97190571399478,1,10.7425014238624,1,15.3627883283827,1,9.94779169690958,0,10.198711803716,1,15.3969319890267,1,10.2115562558789,1,10.5683777550297,1,10.2488655367649,1,10.183895263058
1,28.0671678944405,1,13.2205121407032,1,16.1373873363323,0,10.648079745534,1,15.2221326532351,1,10.6198728471419,1,11.0197068241184,0,10.3332098385119,0,10.5441625805785,1,10.0960130896384,1,10.9324159761713,1,13.9899012228567,1,9.38752490069759,1,10.3993451743186,1,10.1910495074587,0,14.5565114084522,1,14.9234671678764,1,9.59304961113365,1,15.8425227227876,0,14.5699819236465
1,23.4405401506502,1,15.8058798875952,1,14.7369314944418,1,20.5202425569425,1,10.9419307194527,1,15.1855716127581,1,14.4457075751225,1,14.9386915847908,1,10.6063952841166,1,16.1578029518324,1,15.725075075702,1,9.73048757470846,1,11.3393633492149,1,10.648755828429,1,9.94018692142794,1,10.2908723650752,1,16.304216566987,1,10.5497497482926,1,15.3265925074611,1,11.1877585215624
1,37.9808632712242,1,10.3759741362342,1,10.5261015431536,1,11.2832902578132,1,15.096297259565,1,10.8358335571953,1,10.0004210824791,1,10.2100680925388,1,9.99621321200405,1,10.6777919979031,1,10.9976535352037,1,21.335578266706,1,10.490251345417,1,9.95326688814718,1,10.4881304069962,1,10.3001654681561,1,16.9155876008356,1,10.4714027784242,1,10.7711060286169,1,10.4529374142333
1,23.5970696663766,1,17.5478772408514,1,9.56345002343634,1,15.3089863264463,1,14.9539765245428,1,9.84152157938908,1,9.72274363146659,1,9.64011611181126,1,9.17535222335783,1,10.0942999163261,1,10.1039527204387,1,19.7131191066267,1,15.760590902283,1,9.30877587531355,1,10.0906475891274,0,15.0716276755189,1,10.0749016296477,1,16.8517170042208,1,9.53414150054086,1,10.0966622417316
1,23.5247530357544,1,14.9244816391642,1,10.4438097601166,1,9.99040976393186,0,9.6887329732737,1,9.38276079047799,1,9.44303865010642,1,9.92108656328498,1,10.4627828979769,0,9.55167813628766,1,10.3356073753709,0,10.5683451227423,1,9.80904209224626,1,17.5122568276909,1,9.85136119308266,1,9.80429941604113,1,15.4579784403364,1,9.64217402329357,1,9.84745054368044,1,10.24622088997
1,26.6748430596814,1,14.858899613453,1,9.29853989011177,1,11.7787172614466,1,10.1721607421759,0,9.38738273977984,0,9.78491275598639,0,11.072540718009,0,11.0970364642335,0,11.1217403146133,1,10.0267468933007,1,9.95007818655538,1,10.3938986580797,1,10.3443830583206,0,9.75744907108017,1,10.8482487904118,1,10.024418512147,1,10.0849592400291,1,15.1858154951579,1,10.6098868716107
1,23.6873155511883,1,10.4144376803916,1,11.5230331707897,1,10.6984417592123,1,15.6858061212993,1,14.8256039207164,1,10.4799433172261,1,15.0465343202175,1,15.7864550850543,1,9.61188026996288,1,10.4915978859887,0,14.3270910804605,1,10.094431768725,1,10.4049237568731,1,9.89396291319789,1,9.79521021011657,1,10.1709329980089,1,15.1313496248751,1,10.2281963317183,1,15.2509606814143
1,32.7718490845598,0,18.3732329627504,1,21.8018285828237,1,9.98516228036675,1,14.9442566264435,1,10.4465566421109,1,10.4117380690431,1,13.6092325003572,1,9.97246244970434,1,14.9988485733225,1,9.37919805596674,1,9.39111581060301,1,9.88692633492372,0,9.94338592816758,1,10.2940166502751,1,10.8301748767086,1,10.7238681201227,1,9.67767930299983,1,10.7144784259089,1,15.0514827996418
1,24.9652966843764,1,14.2948483332651,1,11.6852204577008,1,10.0439362020184,1,11.3965035365824,1,11.0802724802139,1,15.5708901830724,1,10.4795263406212,1,15.2805710606383,1,16.130629316649,1,10.6831041520929,1,10.2342583361777,1,11.1570892426214,1,9.40159568316487,1,15.2830033898284,0,9.80517801964782,1,10.4154835331434,1,10.4966640780333,1,10.3174246767566,0,10.8406786035814
1,34.9315399899859,1,16.4976534595873,1,15.417461534165,1,15.4523783748826,1,9.93440479968295,1,15.891880521166,1,9.90690256366246,1,10.1096321635983,1,9.63646005413569,1,9.93706029660719,1,10.7403448980683,1,10.5862639421942,1,10.254449076906,1,14.5382290612356,1,10.9586379732538,1,10.2139817306271,1,10.2389204190013,1,10.6223911826847,0,11.2059400234697,1,9.61455819029979
1,15.7980191799073,1,10.6769164155935,1,20.7688903090248,1,14.4991689341493,0,9.35687592265909,1,9.44037789688717,1,9.80618358820597,1,11.0558582310535,1,9.65009354729783,1,10.67396955098,1,10.4185044544829,1,9.93591674796937,1,10.6890972641575,0,9.95006471806682,1,14.6679106567874,1,10.878858038664,1,10.2387928463155,1,21.900290268116,1,15.2758515625479,1,15.2311277184375
1,16.0803370665817,1,19.3877487959245,1,22.0715624574907,1,10.6269386836364,1,9.68984905663114,1,9.9210828172405,1,9.55507109372934,1,9.95206943129365,1,10.9632115344957,0,9.9906990351022,1,10.7294434259336,1,10.8612487431821,1,10.4257590079914,1,10.8751818229403,1,10.2558366821964,1,10.1057498867065,1,10.3954769693115,1,10.7193524305854,1,15.8223654183589,1,10.7245305579626
1,26.7647087955829,1,15.0094983437288,1,14.8970867996937,1,18.7248811403743,1,9.85148549593049,0,14.1555352097642,1,15.6711447528593,1,14.3466868830361,1,11.8941519318603,1,11.2736039726849,1,16.7204691238133,1,10.6629358668231,1,10.2075381244846,0,9.66428858214943,1,10.6143005849526,0,9.5659328243436,1,9.79416041082783,1,10.2550089605948,1,9.6343635216364,1,9.96827450812294
1,31.1216389297869,1,16.2475173158234,1,10.4362631642544,1,14.5830929168487,1,10.2487326841998,1,16.1449772788802,1,9.89703181116902,1,9.74010730515738,1,10.6791123556322,1,9.87994943791075,1,9.95384491145343,1,15.641627521391,1,9.36362785590573,1,9.56125313532265,1,10.2169029022388,0,9.48183079494517,1,10.526060308696,1,12.2296348419282,1,9.93582858263879,1,9.32926922100931
1,23.9325952452385,1,15.4282925637369,1,11.2204298885052,1,10.2058850225974,1,14.531914672747,1,10.1112387849854,1,16.2039020211507,1,10.3591153730602,1,10.3544865451751,1,10.915143871283,1,9.97579090453149,1,10.3574192547497,1,10.1134064920609,1,9.98016334614421,1,10.1614919781612,0,10.6348267966971,1,9.90228635042157,0,10.4751867717509,1,9.76004086972313,1,11.1773142087075
1,15.0335951285797,1,17.4693878108561,1,10.5808250911544,1,11.5016595503366,1,11.3191547920346,1,9.50530797002141,0,16.6060878891728,1,9.89288572256904,1,10.148862326939,1,11.0873682881358,1,10.385354513517,0,10.9338354990151,0,15.1120415167866,1,10.7836388246018,1,9.96090692841807,0,10.6449567631555,1,14.6719643584661,1,10.0627717338402,1,10.3757539027687,1,10.3902602384437
1,13.0210189784843,1,10.8386018323867,1,10.2623870630458,1,19.2622890711358,1,10.6486296446132,1,10.2883424678813,1,10.120282388122,1,10.8466201920075,1,10.5033964799757,1,9.23101668078801,1,11.1356814803731,0,10.1260799885309,1,14.6253970823486,1,10.3567065228636,1,9.9640593370988,1,10.5457162344676,0,16.8209923903321,0,10.2721977384002,1,10.122159339803,1,10.9404883291471
0,25.9877697806215,1,14.9970962281337,1,13.8182945279307,1,9.63223757903037,1,9.91879712762909,0,8.79862617780612,1,9.85103394701085,1,14.2437016092837,0,9.09659609010768,0,9.79141275560911,1,9.71912153952454,0,10.0014900067418,1,15.0826285963949,1,10.7062651610812,1,10.4141898668642,1,10.5746835365788,1,9.98446514810492,1,10.3175258037857,1,10.639635974033,1,9.71968647300858
1,16.7257078881928,1,18.7899446166757,1,19.3855496445563,1,11.2921439418951,1,9.67699098564708,1,11.326463184653,1,15.094689159453,1,15.4650849624861,1,10.4783924667968,1,16.1690650017055,1,10.1950989039138,1,10.1666826343544,1,10.5653592124846,1,11.3393623616045,1,15.9128107873649,1,9.8941847657296,1,9.88860679764021,1,10.4249484910884,1,10.8233496553709,1,9.9876784441788
1,20.3419765642213,1,10.6855615881727,1,15.1656136249056,1,14.727978939838,1,14.108113145744,1,10.0983776525909,1,10.3276962318415,1,14.1473184400749,1,10.7583433139467,0,9.24884639764924,1,10.090150844735,1,9.66261990353801,1,9.60139951394703,1,10.3697446525587,1,9.99154548363541,1,15.6604744583898,1,10.2723197236654,1,11.2255923846608,1,15.8998711352154,1,10.1834021447517
1,27.7849569362513,1,19.2335576830331,1,9.98839798263647,0,13.9226867387542,1,10.2302744749222,1,10.492996986652,1,14.7235772579175,1,10.0459963370369,1,9.60480037593626,1,9.51079508235177,1,9.50697133213479,1,16.3342870041092,1,10.1199812114089,1,15.2365009271473,1,10.2539499036527,0,9.89899883892739,1,9.76130856075312,1,14.4240747560178,1,15.0417411133613,1,9.94230576752893
1,27.0206730570292,1,14.66143318629,1,11.1762338137464,1,14.849310651427,1,10.4822555193699,1,14.2644757980071,1,14.2717900837244,1,15.3510838631678,0,8.80722719234043,1,14.3653681531877,1,10.9311951729695,1,10.6945106139658,1,10.5717584066431,1,9.32221242095672,1,10.0970001575328,1,9.96739846572392,1,15.5365268670051,1,9.72515864780606,1,9.72442273120821,1,10.1666821933393
1,27.0614226957318,1,11.7661580571569,1,15.9690446041612,1,14.8996342379431,1,10.5989945368198,1,11.6439535393752,1,10.7438593084086,1,10.7843286692048,0,10.6916874361585,1,9.76262387257551,1,15.8098809362294,1,9.96534653422954,1,9.60762799125196,1,9.58451267115754,1,10.4740764141301,1,25.0579657578809,1,10.5814096571541,1,9.81216933766499,1,11.3574867226893,1,10.0625095884911
1,23.8743707255661,1,11.562491211299,1,22.542345657457,1,13.5780733230261,1,15.3592605603729,1,10.4087162496066,1,10.0060098322226,1,19.6159278259307,1,10.8032433633041,1,10.4420321746083,1,15.778512562898,1,15.0820338050915,1,10.1290226420129,1,10.2096166063905,1,9.76478304188716,1,10.1513178259881,1,9.99373181528208,1,10.6070276031826,1,10.1025674350808,1,15.4000801961929
1,19.9046433384999,1,21.0925428360796,1,11.9249969741177,1,10.9771961303124,1,9.57204434446248,1,10.3183421604045,1,10.404733190191,1,10.5676007613889,1,12.4134126558864,1,10.3412682499504,0,9.8155781799084,1,10.1645676799757,1,10.6885598339038,1,9.93426693203825,0,9.37011555302712,1,9.46799135237173,1,10.9765403469823,1,10.1403345331327,1,10.2951917575487,1,10.2768025849214
1,11.7289081843749,1,12.7077433325095,1,13.6401042153117,1,9.70360640541616,1,10.850035504897,1,9.9759324726962,1,10.1380781311825,1,9.32042517835734,1,10.4366886837776,1,9.74500726933574,1,11.0064767257247,1,10.1107736081926,1,10.0077780406519,1,11.119238284172,1,10.5660561350341,1,10.7932504671475,1,9.9577628886283,1,10.1957667336297,0,10.2575754615324,1,10.3421790392823
1,17.0502826999457,1,20.178656907687,1,10.4744748021935,0,14.2981501167418,0,14.3937079311263,0,10.0395525705129,0,9.8702599628969,1,23.3247083262285,1,9.58218765601231,1,9.53290682709786,1,10.1672587968651,1,10.3407924425981,1,14.9652246556624,1,10.5449509636047,1,16.0360707573629,1,10.0211654223362,1,10.7736156993406,1,16.1935494599913,1,10.3522671819872,0,9.64076833132859
1,21.4776542951272,1,11.7004388036753,1,12.6807953834578,1,16.7100505275588,1,16.35445608333,1,15.1276528023537,1,14.4368394065986,1,10.2974860803542,0,9.76121256614638,1,10.2300026802862,1,10.0797175564681,1,10.126001261941,1,9.65748965462091,0,11.0419567339283,1,15.1991777760721,1,10.4180926834362,1,11.6917339852897,1,15.3881386973461,1,10.2932707239152,1,9.83887877928619
1,20.97227125609,1,18.3737018268477,1,15.1329389526574,1,10.2135173142089,1,10.8990615300142,1,16.8644469185627,1,10.2422424815881,1,15.5783980990504,1,9.51471217850625,1,10.1289393593145,1,10.2103702733845,0,10.2202452349216,1,10.2815779337342,1,10.421679048897,1,15.9854615899625,1,9.5796211360737,1,15.2176907865433,1,10.5243128617709,1,11.1130223854999,1,9.86047696521419
1,26.9495199290282,1,21.5989708432305,1,18.1184208783861,1,15.7317719717251,1,10.4542767425367,1,15.4896310068439,1,9.77636045970167,1,9.61779464001483,1,9.83803481571026,1,10.1244865392841,1,9.72423811366373,1,9.65578972126462,1,9.95873119213343,1,10.3262441952204,1,9.41463212075308,1,10.364255174519,1,9.32887822437456,0,9.1047716096466,1,10.4184730541885,1,21.738111399326
1,35.9852163922706,1,17.650575821965,1,21.1826341206467,1,13.9414121180983,1,10.3508779614626,1,20.1001947946564,1,10.0443300052501,1,14.6403977770741,0,10.3836441155415,1,14.2832281069078,1,16.143649531325,1,15.3231812152877,0,9.71781285618756,0,9.9043235753041,0,9.75933851116119,1,9.53709952723083,1,10.1367975709158,1,10.3840175309466,1,16.1118312246005,1,8.89226514675976
1,25.9450529377921,1,13.6167856669621,1,14.2093798485243,1,19.3698619142215,1,18.3062708758357,1,18.7344881531696,1,9.84668190194801,1,10.7213678995606,1,11.0189601826916,1,10.6455521836966,1,10.6652583427351,0,10.4442918896939,1,10.0521043004769,1,9.76100543136009,1,10.5962209296374,1,15.7203767507897,1,15.4571351004674,1,9.86727972579866,1,9.80104636961593,1,10.0743062708594
0,21.2434994003778,1,16.8900909547218,1,11.5546124153139,1,10.5147631808899,1,10.3386547021051,1,10.2415140575187,1,15.2282513977367,1,10.0984085492708,1,24.6086629980747,1,9.33091822584626,1,11.0064489490334,1,10.6056280138151,1,10.8420076958021,1,10.6555322223467,1,9.74808717560088,1,10.5783417682493,1,10.8318627493648,1,10.1058089997201,0,10.6148162869197,0,9.63233570267203
1,21.2424065652163,1,11.5988186564324,1,10.5595056079524,1,16.3014606136144,1,11.1237491033932,0,9.55335110050516,1,10.6963441140695,1,10.5838924083187,1,10.9924298904989,1,15.2289449361465,0,10.0744240890957,0,10.9616174916915,1,14.5695573943443,1,17.1011921867517,1,8.89591706780591,1,17.6707759431545,0,9.94744713714862,1,9.52591423968926,1,15.5204518971273,1,10.9157070114491
1,20.5001912858185,1,11.3305024041687,1,15.108166806259,1,9.88276482998753,1,10.8315499365068,1,10.9880152301646,1,9.30344839409376,1,9.56227266883668,0,10.4156090580612,1,10.5099145523701,1,9.9826820376166,1,11.1478646698693,1,10.4825456957956,1,16.567517679674,1,15.6570873151533,1,10.2773917388488,1,10.7809190805687,1,10.070338692062,1,12.046132937712,1,10.3131926645267
1,26.9777008699083,1,24.7261264190457,1,9.9761107315693,1,9.99438265155283,1,12.0342825379114,1,10.5621412681138,1,14.4231921601698,1,10.5782945971115,1,9.76347791842716,1,10.6950954392946,1,10.9601755597857,1,16.5666647191849,1,10.343440984951,1,14.2805765016311,1,14.9450665195789,0,10.7266158003274,1,10.5629683143563,1,11.2063014389491,1,10.43659604315,1,10.6670224988971
1,24.4996778224756,1,16.1121487317609,1,16.9349226696234,1,11.1381520898928,1,10.0465829611251,1,10.1429047224988,1,10.6389522723182,1,20.6231502461821,1,10.2808483114191,1,16.0851717471885,1,10.5690632032064,1,9.97173931743766,1,9.76733683423013,1,15.0726759242507,0,9.65656130884125,0,10.1373361686124,1,9.2953289468652,1,15.0749417896365,1,10.2329594756218,1,9.83417712137707
1,21.1126588609193,1,15.2269435627656,1,19.9710544066401,1,17.1781267885316,1,10.3648271819186,1,10.4477865766479,1,15.7359558474668,1,16.2922290816751,1,14.1556432886404,1,10.3191650789887,1,10.2796670786724,1,9.62508934271092,1,15.4066316197207,1,15.3868610622408,1,10.2453215239539,1,11.6346373820692,1,10.4142241709014,1,10.4335857270406,1,9.87530735926842,1,10.4529697707074
1,23.5031587507844,1,11.4368130848082,1,9.24263286926936,1,11.8700322407561,1,18.5391762332602,1,19.7611930205745,1,15.1054578220643,1,15.5246371229926,1,9.96345239565234,1,10.1233905336757,1,10.0603552274073,0,10.6697937608503,0,10.2303519085594,1,9.57259153806187,0,9.47655430322715,0,9.6855052387687,0,9.45207639191342,1,10.390680948284,1,10.2709906938,1,10.1293325915756
1,24.2205685890674,1,9.72330091275517,1,9.6684936124352,1,9.43705701058825,1,14.6143818487282,1,9.66606091808345,1,13.2217862677016,1,10.305551386013,1,15.7760852100389,1,9.33251531675906,1,17.4353030861339,1,10.0400985257024,1,10.5831097324823,1,10.449831578073,1,11.1672318634568,0,10.5880744483529,0,10.5335644061836,1,10.4943131566506,0,10.2693885657058,1,10.1926554936707
1,25.3820646117829,1,16.7949367220651,1,13.8785131285886,1,10.2849883622397,1,8.77625413455319,1,15.067058213585,1,9.75673975877347,1,15.8830640178361,1,14.579970906535,1,16.2242539827815,1,9.28930297146114,1,15.8964600278378,0,10.1910191369871,0,15.2339065875667,1,10.4830531361958,1,10.5245013720837,1,9.48641587745658,1,9.6141954824383,1,10.1505297278932,1,9.981737824263
1,20.1533373941685,1,10.955887398699,1,9.60037226941101,1,13.0097120826374,1,9.3799035190624,1,14.0422439230256,1,10.4065884323597,1,10.1487172084237,1,12.5945550771855,1,19.9195627922393,1,9.92436100848062,1,15.6625907770123,0,9.57843833801759,1,10.7490311514158,1,10.1751170337319,1,10.4720514391723,1,16.0328354658902,1,9.86313787466071,1,10.7630359265043,1,10.5373885895405
1,25.9918459809564,0,17.789990296614,1,12.4433223431286,1,13.1550285585477,1,11.7860753481973,1,15.0558561669456,1,9.95067363645144,0,11.2590661702613,1,10.6489637718465,1,10.4873469286166,1,10.4230911710906,1,17.3469382959772,1,11.0135298760199,1,15.7166379996232,1,11.4762388704543,0,10.8902532975391,1,17.19577762781,1,14.9593024069467,1,16.3684530618201,1,15.779080088712
1,15.9960275808902,0,21.6827300007681,1,10.1678651595101,1,10.3526318520414,1,9.56774824020984,1,11.3731763153928,1,10.4937634892863,1,18.74272813861,0,9.3772058153351,1,10.0347011367166,1,14.5500385117744,1,9.95228671857611,1,14.7911946279755,1,10.5375464245201,1,9.57743519813806,1,10.0465242039142,1,10.1252858815852,1,9.81468194577547,1,10.1011434944284,1,9.89162082811279
1,26.4243553383801,1,24.5038606054024,0,18.0872506492643,1,12.502972954028,1,14.2928377567336,1,9.929337990698,0,13.7577648380281,0,14.6610079638877,1,9.91390681978463,1,10.3069303809772,1,9.94395342949432,1,14.9002518183846,1,9.68580153832892,1,10.4929449211221,1,9.83285244656832,1,10.3222364405237,1,9.70999395071718,1,10.4379496319384,1,9.97078064037034,1,11.1038304763552
1,32.3106859200265,1,13.0408464393936,1,14.2036832812672,1,10.5669141906263,1,10.0254514414901,0,14.6388760727473,1,10.4040824666367,0,12.0089370461174,1,15.7991023716981,1,10.2815561382153,0,10.0142639181786,1,10.3976223951578,1,9.97842090575763,1,9.78025264114024,1,10.3981931694196,1,10.0337604626701,1,10.1101458564667,1,16.0604853961138,0,9.78063977337913,1,11.2083213841836
1,27.5691817995929,1,14.3226451162572,1,14.1982960510482,0,8.86488694436031,1,10.0027000792075,0,8.86154817337226,1,9.56763988377449,1,10.4436958854898,1,11.1159336123861,0,9.12610761940778,1,15.2465908828597,1,10.6661413460663,1,9.78031298357955,1,9.7609408642738,0,10.3410011147734,0,10.1633700003504,1,9.71823174727314,0,14.8088171432607,1,11.4735901809451,1,10.3641466618704
1,32.4748391555927,1,11.9336686501122,1,11.2849847185165,1,10.5552054899467,1,15.4178021607234,1,10.7925313742329,1,14.9691503183406,1,9.82603822678843,1,10.393826864779,1,10.7080193992151,1,9.79526562500248,1,15.1499524468721,1,11.1184780082546,0,16.5004356002249,1,11.0406766642697,1,11.7289408743314,1,10.1059634155359,1,9.95012560092415,1,11.3249569964337,1,10.1883853820325
1,16.8239017211704,1,10.0645043098991,1,18.5964129604507,1,9.76821830156168,1,14.8058557611473,1,10.4085116362899,1,9.40332578675877,1,14.687201207869,1,10.8256509245588,1,16.2078481744138,1,11.9246758949079,1,10.2838927212793,1,9.80201986918117,1,10.3203306954315,1,10.3456654641343,0,10.0395367084308,1,10.3127328515637,1,10.1672216389085,1,9.79040379882695,1,10.2955104302406
1,17.2689497156739,1,11.8343630823976,1,11.3704813306958,0,8.99863509609623,1,16.2535820867806,1,10.0323812087772,1,14.5098345046684,1,9.68530764311103,1,14.1824595460239,1,9.58855190733219,1,14.9448832411189,1,10.4224977613578,1,14.5034110247283,1,16.1134394116167,1,9.76562905753983,0,14.557963058313,1,9.86991200170585,1,9.7634004650827,1,9.87023616879039,1,10.0132084973361
1,17.2291155645305,1,12.8585054737248,1,14.8979787346338,1,11.444608352203,1,9.57025995597335,1,13.5906537702965,1,10.4144408777599,1,9.404649442569,1,15.1285117183977,1,10.4352295684257,0,11.3432126656247,1,10.4501741490722,1,20.8130365967113,1,10.6694089561636,1,10.0297269551201,1,14.512214979926,1,9.44895156811081,0,10.6606036452581,1,15.5314184116837,1,15.9890082095056
1,22.4208051131125,1,18.4998908640044,0,18.8968238681864,1,19.3881340450123,1,14.6424241774006,1,9.95108260620384,1,10.0925133665186,1,10.8738596909663,1,11.0638119108991,1,9.42252751903014,1,15.9985269246089,1,9.34225965100237,1,9.52271381282161,1,16.9937050047552,1,10.3517746018558,1,15.5598677365978,0,10.4847296722019,1,9.6034969588041,1,16.0288650161004,1,10.6445862801318
1,18.5482788937036,1,14.09651233788,1,14.5946325012611,1,9.13680235417079,1,15.4648812809631,1,9.75340090271204,1,10.6310887105001,1,9.86806798921206,1,10.6257701225127,0,16.1791813290224,1,12.0915480252971,1,9.53392044521682,1,16.0982845764582,1,15.0382524246891,1,10.0617539461149,1,10.0462229440846,1,10.0567482013597,1,10.9385834268546,1,10.4394628437933,1,11.4808898617681
1,27.9280241545311,1,18.3125945297964,1,12.1016775499845,1,9.9622846272794,1,15.4406377448132,1,10.9170291447277,1,15.7580816799153,1,19.5361620886543,0,10.6995857500138,1,10.7253600690621,1,9.8354029433285,1,9.52513497176505,1,10.8727668797422,1,9.70047688506332,1,9.47243194850987,1,9.34909758615794,1,10.614678826344,1,15.8957665612763,1,9.6859475533086,1,9.24580125472067
1,24.6712087640872,1,14.4649296327288,1,11.6777397136204,1,10.7060867400559,1,9.61965532699763,1,9.39481157781864,0,9.54599337537521,1,9.48869212841367,1,9.37141344626035,1,9.87250385171377,1,11.4679212436829,1,10.4747884777257,1,10.5262928511017,1,15.5820793108996,0,9.4107889103469,1,9.35180861686966,1,10.2837104532104,1,16.5461519749773,0,10.2856327274434,1,9.89639520134453
1,21.6156398770222,1,18.2494299757346,1,18.1083329913209,1,11.8281859996223,1,15.3293290703164,1,9.43896760159106,1,10.9993543454466,1,16.5778305582364,1,10.2044663996761,1,9.88517427049538,1,9.69000690682083,1,16.3340201662557,1,9.60337396248748,1,9.9048688430309,0,9.8058751744815,1,10.0574437047373,1,9.98008603259343,1,10.088609791149,1,9.93924640082458,1,9.46340022809629
1,27.5725143489796,1,16.0257502316926,1,14.3381946201286,1,9.34336829451105,1,10.2487421037804,1,14.5737842642281,1,9.97820509396225,1,10.0498581065878,1,9.95596776868159,1,14.5567370950696,1,10.0068983485827,1,9.72605813652588,1,15.5914443772567,1,9.13580670619016,0,15.7699013960935,1,10.1806299590111,1,10.0192410935905,1,14.3638511513821,1,9.9630533283282,1,10.1670312086121
1,26.8753732775075,1,15.4080607098431,1,11.4132956847918,1,13.2779558171252,1,11.3319241394642,1,15.3332301879675,0,14.4261070015931,1,10.6922162685009,1,20.9745467545284,1,20.8317319334871,1,19.2575119647815,1,9.7363885166134,1,10.2738676895576,1,11.1212155314978,1,16.2459911677021,1,11.0186674186572,1,9.63111727987552,1,15.8497512272075,1,10.49796193223,1,10.7384739645375
1,26.3451775285661,1,16.6098725047513,1,17.9108902259487,1,13.3661544812197,1,10.249251646588,1,9.26784228151588,1,10.4477664405759,1,11.1274357504292,0,10.4284433255453,1,14.8949466619155,1,9.9980164119059,1,22.1932758969868,1,9.73775502079679,1,9.82504523884817,1,9.68033913609623,1,9.7736926457145,1,10.4239406347561,1,10.178141719988,0,9.67693789561118,1,9.76750945304183
1,30.2371962815622,1,14.1262209774425,1,10.8452740035019,1,10.5663612356959,1,10.8447118715215,1,9.82689432963272,1,9.38282335018334,1,13.7543872387323,1,9.70585845437953,1,9.25623504135699,1,10.4396434603617,1,9.57534196511561,1,10.6442136545874,0,10.3973529842593,1,10.9683021529,1,14.899628426454,1,10.0844980308377,1,9.82211493407265,1,9.7453551740562,1,9.97483253935514
1,26.2884400817251,1,11.38827197423,0,9.54666750838526,1,10.3533190433677,1,9.85021951147627,1,15.5265558247453,1,15.0094820763138,1,9.06716098576967,1,14.8004459590103,1,15.3755509228263,1,10.1587781247572,1,16.9024283414274,1,9.97750374233252,1,9.6435586918983,1,10.2819397533874,1,9.67441130214417,1,10.2789556901718,1,14.9156182818426,0,10.1512708591844,1,10.2559147688801
1,18.506264586053,1,22.7705421320998,1,17.8902763059351,1,10.9986457275533,1,10.9651916429999,1,15.0598364068084,1,16.3159992640039,1,13.9793473892733,1,10.6431689196959,1,15.7948108498562,0,10.2860099161967,1,10.4164936734764,1,14.9834824186707,1,10.5861201575957,1,10.1448557734989,1,10.192890693159,1,10.1409477664759,1,20.8837233478044,0,9.95074724210709,1,9.80383897559462
1,32.3342982399946,1,23.0833925571809,1,17.4109895826451,0,14.6696660374143,1,16.9137995146351,1,10.3577693710275,1,10.7386655981066,1,16.4627510022567,1,9.50257841509428,1,11.0335733701446,1,10.2044739694542,1,10.1219980620738,1,9.35428939721185,1,16.0730877037801,1,11.028911776067,1,10.752504994706,1,10.6919787307117,1,10.9333080733941,0,10.2911701674199,1,10.2486461344299
1,30.1324742182587,1,18.3972201394041,1,10.4860354625132,1,20.2767242366674,1,21.0863745133928,1,14.9431247096886,1,10.780353571586,1,16.8966759339465,1,9.96858854728525,1,9.80059622993592,1,9.64077755072636,1,16.5611718479955,1,10.9593063723078,1,16.2350236394225,1,10.4473226614559,0,9.85387817258324,1,10.0245066712983,1,10.1429017599432,1,16.1099246936454,1,10.2276296367113
1,29.3201207981396,1,21.5998209149494,1,16.9744167481121,0,9.88022041589708,1,10.7266364352932,1,11.0616651591246,1,10.797570709662,1,10.1813410377802,1,15.8076708557091,1,10.3720231483829,1,14.5650901153998,1,10.7964063166078,1,10.1905540292572,1,10.7681470742099,1,14.7418473764818,1,9.88775775347169,1,10.6356460366016,1,10.0979506145929,1,10.7780938974096,1,10.103713383414
1,14.3357965809406,1,14.4883322121341,1,15.4066108937691,1,9.04184175162905,1,9.36618552696483,1,15.4351682105072,0,14.6362425420427,1,10.379095236956,1,10.3138278012511,1,9.23004206244882,1,9.32998958705227,1,10.7041306550893,1,9.93182481672955,1,10.0728970153172,1,10.1878500042427,1,10.3620793417843,1,9.82920818974381,1,10.371454687353,0,10.1865861845868,1,10.7781410627345
1,23.4654415585875,1,23.2868290019114,1,16.7585118432926,1,15.6949760816779,1,11.6364854591499,1,10.2427471842157,1,10.4700281111382,0,9.1276969452098,1,10.0451609957573,1,11.0687114427934,0,10.8288505860159,1,10.3446213983074,1,14.9850724176469,1,10.5160622068814,1,10.4015552290866,0,9.88004642755857,1,11.0295732591432,1,15.824815047747,1,9.82706082155923,1,16.1844638507383
1,24.8264875476955,1,9.01334372170227,1,11.2372785354528,1,11.0536728113937,1,14.7994315821728,1,10.2641641713397,1,10.9868878375639,1,19.4970155473211,1,14.92305265101,1,9.28180014132919,1,9.54367104143409,1,15.1102849572276,1,10.2597693027996,1,10.4075679232563,1,14.5821388553684,1,10.5842280140105,1,16.6536095715927,1,9.93026645508078,1,20.9518597310638,1,9.62587487328664
1,27.2963733091135,0,13.5970195253589,1,14.2385317646712,1,15.1319026596195,1,12.8885308705645,1,11.2189635408393,1,11.757522358918,1,9.46297700534047,1,9.52773579196061,1,10.239105511577,0,10.4076143923721,1,11.1083624224568,0,9.73014097991433,1,9.92002626292265,1,10.3508460817692,1,9.60315108010902,0,9.7196281930891,1,9.98427054162965,1,9.76049902048866,1,9.86643051559055
1,31.4266362379651,1,12.2387006519267,1,11.0847067403072,1,14.9183747775211,1,24.3322715768083,0,11.8180676474953,1,10.3538599768761,1,10.0232855854839,1,11.7354655957551,1,10.5077793377894,1,9.91285530606354,1,11.0015240872579,1,10.0662388103415,0,9.6570146232732,1,10.2898232138542,1,10.1679521667893,0,9.77390115824239,1,15.6251208770592,1,15.2506037539747,1,11.1577709478604
1,32.8204556127541,1,15.5630332974141,1,18.4754380312335,1,10.8289681556435,1,17.3476002407621,1,11.2988898091175,0,10.6530207756263,1,14.1803508616054,1,10.7614103526657,1,15.8952540572083,1,10.021542795884,1,15.9777086109039,1,10.0470688680315,1,9.98479112267261,1,9.74730947417029,1,10.5208149242243,1,10.2059827871178,1,10.4885572295392,1,10.6201283399107,1,10.8401719784792
1,33.9856409935402,1,17.1632996832173,0,8.4230505568534,1,10.222360421939,1,11.0632746523255,1,9.02434281711549,1,9.89753662834078,1,13.0037806873524,1,10.1614827923463,1,9.48769025787602,1,10.2251656698844,1,10.4861025193874,1,10.6157820063015,1,10.0940120414856,1,11.3452589548709,0,10.6504970058581,1,9.50679448732649,1,10.4897603994626,1,9.70184320808889,1,9.93249744910885
1,28.0903598670639,0,10.7788655904691,1,14.3911603532212,1,10.5712799399385,1,10.5465923177351,1,10.7247848852655,1,10.7706535000498,1,11.1489074922985,1,11.0753621663914,1,10.1684040408448,1,14.9719066202454,0,9.87134256202481,1,10.4378154987412,1,9.92122530831384,1,10.4978523288763,0,9.70924190340023,1,10.1106870773513,1,11.3204169580432,1,11.2142664610348,1,10.4146497914517
1,21.4827839121913,1,18.8219096060286,1,10.7367312394051,1,14.6977906478231,1,10.3143227011658,1,14.952515897206,1,9.50597973263616,1,9.96470116664947,1,10.2558289427706,0,9.57698976432356,1,15.5393916795626,1,10.7274600790722,1,10.2982609382684,1,10.1934373538643,1,9.43047950812736,1,10.3163696242429,0,9.13703230809545,1,10.1493331765792,1,15.7055520206473,1,9.52672015699317
1,19.4803631551311,1,13.9689859432214,1,15.3865895074999,1,10.0251349404887,1,15.3632590880479,1,11.1283146469665,1,10.7833547928015,1,10.1337548994389,1,10.6495231837588,1,14.3747587199494,1,10.9183505388833,1,9.77945492250875,1,20.681130058509,1,9.5769366917666,0,10.9297782157436,1,10.4701624475444,1,20.5103725610854,1,15.3714888238604,1,10.5225040347536,1,10.3685972295174
1,27.9911503186982,1,11.40896265808,1,17.060897247355,1,12.061984284512,1,15.9455802961752,1,10.4622653925601,1,9.80127382952198,1,10.6089815225806,1,9.61502516434059,1,10.0310876767493,1,11.2162032163533,1,17.450550732141,1,14.674792126389,1,11.6998660423,1,9.4970736775349,1,14.7919892152158,1,22.2745363221905,1,16.3101763101621,1,10.8244462040929,1,11.7155825979744
0,16.7905007636868,1,18.7762515717977,1,9.8434962849681,1,10.9308951260232,1,15.5726500496776,1,10.3806705191796,1,15.5260478366179,1,10.2558789431583,1,9.9505945605883,1,9.89627095612919,1,15.3197606967728,1,10.0861617467117,1,9.83614750180428,1,9.57582321327476,1,10.1832693246226,0,15.1760484863584,1,10.3907513011757,1,9.89457179207984,1,14.7583004967194,1,10.3418256220116
1,29.320018294887,1,13.648644575924,1,16.0845533887855,1,23.8245788990836,0,9.66356915111363,1,11.3395344444648,1,10.0918107691603,1,10.6866346622542,1,16.6458325417787,1,14.8136433231884,1,10.3734691108087,1,10.0780349561292,1,10.1480371764922,1,11.343895768344,1,10.8587482574544,1,10.2296212978639,1,10.0487812017561,1,10.3344716758806,1,10.3197517223314,1,10.1110937586585
1,21.3257661847712,1,14.1517985723388,1,9.54671580583091,1,10.3304692980416,1,14.5307945096009,1,10.2974819631583,1,10.0255056134286,1,9.24603278128742,1,11.0212837482291,1,15.3171880637569,1,9.90659887849086,1,9.6746713449397,1,9.88950007278976,0,10.9253242465253,0,9.42517756384686,1,10.3579626864472,1,9.87381494333848,1,10.0688808102806,1,11.3535314484985,1,10.4115815541994
1,19.8554338729682,1,9.98964244721015,1,14.3718512878148,1,14.8067441623866,1,10.2677527450846,1,9.55118621983051,1,14.7008275757623,1,9.85988969277334,1,19.5529770335994,1,9.78874210755538,1,9.69462874201606,1,15.3643399418052,1,11.0718177671751,1,10.4501533631551,1,9.41304339976478,1,14.2353083400115,1,10.5119384311108,1,16.9369354097231,1,10.3337294445425,1,10.3111161751544
1,21.6206780220897,1,19.0088157830058,1,15.479755421722,1,10.6037699419575,1,10.8901325390187,1,13.8865796761751,1,10.4902851203489,1,11.3767503680289,1,14.161192229826,1,10.5283236557703,1,9.98779845785507,1,10.0921453374955,0,10.2919978532293,1,16.1290709695263,1,10.3276671302537,1,11.0364644163808,1,9.91838445487879,1,10.3309781570673,1,10.4804561211564,1,10.7539983455596
1,23.9535068676141,1,10.8152019314173,1,16.6404347034782,1,19.7834248056507,1,10.01103509563,1,9.64458738802897,0,15.0921646050948,1,11.1236171218605,1,9.58380949926793,1,9.1772574499467,1,15.8231369246792,1,15.2919695249014,0,10.095931680454,1,10.4898912055056,1,11.1741946243208,1,14.9982262500046,1,10.0722129581994,1,9.68395973709623,1,10.0832794800743,1,9.69058450094588
1,22.131739313833,1,14.8113596889739,1,9.3327691973854,0,10.3692047048186,1,14.1996808118943,1,9.76013861021956,1,9.94394885105507,1,10.7708186876969,1,10.2695067555417,1,9.47824142413929,1,10.6812532938168,1,9.61642957127822,1,10.6846156882334,1,10.5998206076961,1,15.4779002141561,1,9.75511207133053,1,10.6130111171432,1,10.9478460748428,1,10.0474975935272,1,16.1929370459719
1,18.6388773910163,0,18.1106855427719,1,10.4180023775383,1,10.2599630444388,1,15.4160987690589,1,10.6942496580372,1,16.1452083455002,1,10.5782018052887,0,9.70372009119092,1,10.0895494326571,1,10.2913864017677,1,10.9188696477382,1,9.80354670206257,1,9.95261647316227,0,9.82976882045883,1,10.6376026599858,1,9.97618780235262,1,16.4105020546077,1,9.85582066452743,1,9.34104857605366
1,19.2045535082073,1,9.8855168092754,1,14.0293478901495,1,9.65747012108578,1,11.0102134821314,1,21.4113445806509,1,15.9610319328424,1,9.86201421023612,1,10.4835582246243,1,14.6523265619938,1,10.2327162250825,1,14.9537900891442,0,10.3811765800627,1,9.83383054818039,1,10.404361379034,1,10.2916923663669,1,10.6565512734715,1,9.88278492034091,1,10.3360266331991,1,15.9956614611925
1,26.059460557195,1,19.2950667348348,1,11.4311894870374,1,9.14632515251762,1,14.6996779589978,1,9.45435740424831,1,15.8651352970388,1,9.91473565972264,1,16.2787337493796,1,10.4298236053386,1,9.94527918504153,1,9.24688068332055,1,9.93921248427315,1,14.8547511634196,1,9.94103581683325,1,8.68391207751078,1,9.82385736321931,1,10.0402731567649,1,10.1056655690026,1,10.2452357186861
1,27.0665373904552,1,11.9208778575379,1,18.8683204420398,1,19.4780909018488,1,10.8090525375691,1,10.6515509592246,1,9.97501130377209,1,10.6992881353232,1,15.5180755209811,1,10.435125900596,0,9.4248104642847,1,9.84697454601643,1,10.8388877620616,1,10.0169045403131,1,11.3088358115848,1,10.6544276223408,1,10.6608163042428,1,11.0803506914649,1,9.95731249562628,1,9.71283724295065
1,23.1321783662443,1,19.4334172684441,1,15.5971792068167,1,14.4632280721556,0,10.4545623341238,1,15.7383086667257,1,10.2604115459161,1,9.59706679267124,1,10.3236784181646,1,27.0237009136907,1,9.74892715784628,1,10.4267334404899,1,10.6080090270113,1,10.3186567074216,1,16.2501524543044,1,10.2870992331409,1,10.514419367338,1,15.7522351572123,1,10.8430487908575,1,9.8294663746669
1,22.5374804108226,1,20.7831438358517,1,11.1558941092233,1,14.6475831332303,1,10.0785103569299,1,10.7506803418279,1,10.1991919657734,1,15.8653471577025,1,10.9018851982339,1,10.1115147976583,1,20.3065474061037,1,9.97106328267319,1,10.1950247561879,1,10.1928221810152,1,16.7166152842156,1,10.362656445173,1,14.9416939379295,1,10.3752663422009,1,9.8589686796727,1,10.1846250328036
1,25.636255272597,1,16.3980360583581,1,10.3068462589476,1,12.0150770618166,1,16.0846070452686,1,10.5646596235361,1,10.7938743590159,1,10.7874329370129,1,9.96823277196155,1,10.1675995918035,1,15.9083312995803,1,10.5588797573156,1,9.5950334807415,1,9.51242250812901,1,10.2877456116064,1,9.77100323385018,1,10.2093011281504,1,10.872831643791,1,16.1904946720067,1,10.2832545003914
1,29.2907413875868,1,15.5080568544059,1,15.1903348125182,1,15.5561959970216,1,10.8528630025474,0,11.1037560244467,0,10.4282828696484,1,15.0924076494139,1,11.2015788231482,1,9.85949290921058,1,10.6874662705957,1,9.57882883449904,1,10.3941657597741,1,9.03474398392627,1,10.1881127212832,1,10.6853594006046,1,21.7985591477904,1,16.0359140679483,1,10.4095711096626,1,9.83855938450371
1,26.5668207290682,1,12.5453139317654,1,10.2437227012462,1,9.87253111594867,1,19.5641854946239,1,14.303225564157,1,10.1540772748006,1,9.64511818291428,1,9.1105615451003,1,21.1837009794816,1,10.0488148269455,1,14.9641376913983,1,9.77754672127503,0,10.7179521207242,1,10.2374632770395,1,9.59776664056839,1,9.04150472152726,1,10.397968590519,0,10.5125990907674,1,10.2403968462574
1,23.5727561757471,1,18.9940133000451,0,9.83078576555397,1,15.5792448455229,1,9.61598585801443,1,10.637362992721,1,11.0013974416998,1,9.53169175978193,1,10.5175310302608,1,10.759148512775,1,10.0584696604867,1,16.2625244258568,1,9.80350953418017,1,15.5396191915211,1,10.2343014462209,1,10.106703319523,0,9.47609768083245,1,10.4291497384597,1,10.2817549614826,1,9.93500317806648
1,24.9961730313293,1,17.7457964254916,1,11.0497828253976,1,10.5793881505577,1,9.78927453374565,0,9.81811781834269,1,25.3832717352937,0,15.2369173024819,1,15.0821140563327,1,9.72362934154117,1,10.137583560055,1,9.99078091546781,1,10.1785133342758,1,11.2363445561247,1,10.5029007388962,1,14.5107030118352,1,9.72103115114512,1,10.2883390012288,1,15.3789441966793,1,8.84130614748014
1,17.5705722241821,0,15.4699937353823,1,10.2235034523655,1,9.67461748419601,1,10.0945861990136,1,10.5786301374156,1,10.1291818804523,1,10.0813751550061,1,9.99778352116604,1,15.0042470573748,1,10.7990824249016,1,9.64910271487063,0,9.94046673440419,1,15.8012393293885,1,21.247109996237,1,14.7569892108355,0,10.7011429274294,1,10.634165383733,1,9.99931641881422,1,9.62088375161858
1,21.5318233731952,1,18.8361026058157,1,11.477320675335,1,14.0726447466013,0,9.71670428855115,1,15.3546884413865,1,9.66105201514475,1,15.900259446624,1,14.4427783916685,1,10.3839536471542,0,9.70027064284597,1,15.616955387303,1,9.89986562567634,1,10.4381178844272,1,11.3149462197854,1,10.7395713073119,1,9.95865992338472,1,11.0358603357602,0,10.289600109587,1,17.4522202349014
1,25.8499957750224,1,18.5828950866618,1,19.9290286754241,1,16.7971083584568,1,10.3736383404414,1,15.2492967720384,0,13.1981074561236,1,10.8721890197565,1,15.722703797062,1,9.96110751179966,1,10.1008663431435,1,10.1337998781492,1,9.87872915541777,1,10.4098848760884,1,10.6227999947832,1,10.7949557619778,1,11.0926338851974,1,10.8186007534133,1,10.3781089535382,1,11.7557634748323
1,31.5796331526381,1,11.6528816028616,1,12.6346296439997,1,10.4711268037314,1,14.9206869291563,0,10.4075627448277,1,10.3894722309994,1,9.72898815784075,1,15.0782434583486,1,10.3365435459675,1,10.3298369994715,0,15.762061292978,1,9.609892567041,1,12.3315069699161,1,15.4900595034799,1,9.93896530585448,1,15.6324854239337,1,11.3111331624686,1,9.41998736482762,1,9.91924682476269
1,30.8046744034918,1,17.4753254896144,1,10.5095906364115,1,10.8441165773738,1,15.3149701040223,1,10.0583400622937,1,10.1241754123418,1,10.2439662787354,1,9.53961276955587,1,10.7513003122923,1,17.0627754560222,0,10.3121138646079,1,9.72661710656373,1,15.7887302461923,1,11.1422745852428,1,9.44879075936974,1,10.2480609795695,1,10.0657699943268,1,10.466990587671,1,10.1414257095586
1,27.6140969244107,0,9.00825332540282,1,9.99987819494927,1,11.1564351287266,1,11.4108912846978,0,10.506940811971,1,15.197246496209,1,18.6235558741679,1,15.1688841939602,1,10.487354386447,1,10.5683896603397,1,15.6653646517915,1,10.8832360033651,1,10.3123449343043,1,22.3558216889822,0,10.5763563885216,1,9.9131940600875,1,15.6154795232206,1,10.3843461584536,1,14.9359337410492
1,19.2277898782389,1,16.9641581945105,1,11.079179479566,1,22.4736706252851,1,9.51355781722549,1,15.5107417620386,1,10.3541623098283,1,9.69858250028045,1,10.5472074995403,1,10.0375189047275,1,10.5210669498056,1,14.3801680274964,1,9.40935497589561,1,10.0490994109429,1,10.1532536228906,1,9.41292831195892,1,9.1681061104583,1,10.239266740225,1,10.8011295853012,1,10.1259594433711
1,23.3319473537848,1,15.617554660052,1,15.5975773456252,1,10.7963438227527,1,10.9576633494208,1,10.0272517331983,1,14.971219657505,1,14.9154953344315,1,10.1389294469618,1,10.6374794688234,1,10.3612267187545,1,28.64252463934,0,14.849958369316,1,11.7025049975078,1,9.71475429353515,1,10.2033724519106,1,10.1178201368206,1,10.7280960941211,0,10.0363671198707,1,10.3699788789867
1,32.1567689859473,1,10.5981444935517,1,15.4927728694418,1,14.9030421925643,1,14.9117458431301,1,19.1643678394774,1,9.4503642338901,1,14.7619391736054,1,11.3778811684471,1,9.53621887836313,1,10.2145596545573,1,15.6349639919837,1,9.89227343285538,1,10.0849869146237,1,14.7338721303263,1,10.4171346442358,1,14.6891121015516,0,9.87997037141941,1,9.61440611389613,1,10.3309131421306
1,19.6457873544599,1,18.8490400219619,1,14.2890879080108,1,11.5294229559891,1,9.35832526849542,1,10.4255493372915,1,14.3961102079077,1,10.3403890343908,1,10.1298139331866,1,10.0228886380168,1,14.4844607311659,1,9.5194812615973,1,16.0595808625104,1,15.0861821804462,1,21.343839695733,1,9.68005309324449,1,10.5105641202114,1,16.0016394991841,1,9.72018871559006,1,10.2704226407821
1,26.4156824336257,1,16.7610524622684,1,10.0936626280824,1,11.3783151325991,1,9.86264681161179,1,9.87525792567177,1,10.5522240865268,1,10.7704501364337,1,11.2396989997632,1,10.3980678518806,1,10.7504187320467,1,10.2595832731739,1,10.5733689464227,1,11.1215504751138,1,9.94694540160305,1,9.97540712166714,1,16.1120690429775,1,16.9846258065325,1,10.6030481565493,1,10.0147180871702
1,18.6354598937644,1,14.7960145057366,1,15.5808547084546,1,19.2022105883273,1,9.66349236724884,1,18.0981996723298,1,9.51530121558576,1,10.5559101567823,1,10.340048665408,1,15.8039108901755,1,10.9425557546512,1,9.32060551686598,1,15.2294195132984,1,9.97378950515467,1,10.4599477809265,1,9.85199781907732,1,10.7933637148466,1,15.3053247345425,0,9.97304965757645,1,10.1953884068063
1,19.4533799528727,1,19.8356403838293,1,9.62198799144303,1,15.6353200181619,1,9.65047960885737,1,10.1026109917037,1,9.52812644671006,1,14.7596428268493,1,14.7139800280558,1,14.4110552386977,1,10.380617036619,1,9.55179406081663,1,9.85614940537041,1,11.3200540490028,1,10.1279090483026,1,11.4708924735977,1,9.76504613779567,1,9.30694278995682,1,10.4006069080065,1,9.85609608855843
1,19.0495965147791,1,11.7777526120323,1,15.0854921284777,1,9.6667610491436,1,9.92157809639209,1,10.7079485205543,1,10.6925307810535,1,9.86037140646557,1,9.39714772279415,0,9.55629654685632,1,9.85791824944836,1,14.8997698447651,1,10.4268425163296,1,9.86458344689137,1,9.97683431574854,0,9.95416426871404,1,16.9016341960597,0,8.80457169470952,1,10.5185226034126,1,9.44680962873073
1,28.7055307934503,1,21.8674717877971,1,20.9325331544,1,10.5892319585757,1,10.6932583429196,1,14.8311607257651,1,14.8821066267485,1,15.7967437111269,1,10.3772631547812,1,9.66431926387633,1,9.48760237327583,1,10.4489237717828,1,15.807704418826,1,10.958012992228,1,10.7584393544159,1,10.2402940056308,1,9.96375229911056,1,9.59112809009626,1,9.43367258796239,1,9.75133027022994
1,23.0355426365252,0,12.1853156584957,1,13.5703892903987,1,10.1166160175148,0,9.56217603583695,1,10.2014217262134,1,11.2364572344674,1,15.2096639581876,1,9.66081463258195,1,10.4414769848988,1,10.8338950256031,1,10.0549389948602,1,9.53662724876999,1,11.1502496339982,1,17.7605860610653,1,9.81694011003076,0,15.8164055471366,1,10.8804830284424,1,15.3678747106601,1,10.7256065627844
1,22.420568231615,1,14.4003669513688,1,10.3295997535118,1,13.9472913797859,1,9.16552638267673,1,10.2045193082943,1,14.9335434957677,1,10.7689079111361,1,10.297931197031,1,9.52941256207787,1,10.0325573103492,1,10.3824217735972,1,10.7774979345447,1,10.3837277273018,1,10.1062974686991,1,9.64699325077027,1,10.4582660332853,0,9.29852179111088,1,9.51681088718609,1,9.99222791088592
1,31.3505667575769,1,16.1633496704551,1,9.75346526334943,1,13.4816799317107,1,14.9607365215099,1,14.7999263969961,1,11.2976231041794,1,8.96436407405081,1,10.0585144247773,1,10.6080170444778,1,10.3734346815129,1,9.83763770210166,1,9.95458289652973,1,15.727131479743,1,10.2973562992146,1,9.89329284138653,1,9.88356298117521,1,10.446054882416,1,10.294661578852,1,16.3846915810702
1,15.5890985527477,1,16.4983861935197,1,11.1584072332063,0,10.401506797812,0,9.39904418784973,0,15.5830658229073,1,15.1743906634335,1,10.022615178638,1,9.60092444874275,1,11.6873465526315,1,15.6542622196661,1,9.28178827611737,1,9.33079672241838,1,10.0795320469749,1,10.3198737117039,1,10.4090263481815,1,10.249661540268,1,10.3762842987526,1,17.0395323265331,1,9.58405402321928
1,24.2594809295466,1,11.9559138941935,1,9.88514193700934,1,15.6332662701033,1,11.9883238839458,1,15.9320637527077,1,10.0219214873464,1,10.2693440910958,1,16.5072958626838,1,10.2353178093209,1,10.6765386030257,1,9.85697060937108,1,15.2344202111481,1,9.28916424430353,1,10.3278525706108,1,10.1622706427361,1,9.99692252448263,0,9.88287992669713,1,9.30223402504599,0,10.3302400546277
1,18.7371663519891,1,16.3715908248516,1,10.0675301837246,1,10.96927351904,1,14.086725054382,1,10.4937795975488,1,15.0780825637412,1,10.7182205047948,1,11.561869628472,1,9.24556617865881,1,10.1166713395561,1,22.2633674290798,1,15.4950632390608,1,10.2777582146961,1,9.9396905306759,1,10.6424854748258,1,9.86219812361839,0,10.4469365601517,1,15.5011842882048,1,10.8140007299581
1,28.1673358413868,1,9.4815107653846,1,9.82742603013526,1,14.1977187387786,1,20.0661871626449,1,22.4348088136259,1,15.0996323496667,1,14.8871477675373,1,16.9835363954413,1,10.180183973295,1,10.1848770196724,1,14.6780480942464,1,10.1354411714808,1,10.2798448190557,1,10.0958034879754,1,10.0569981829807,0,15.8593651732791,1,10.5514050132581,1,10.2771951853961,1,10.0454187045166
1,20.0117144847755,1,17.9744895697335,1,16.3447845543537,1,10.6145815554494,1,10.7377983806114,1,9.75360801105685,1,10.5452540529389,1,9.16849775252374,1,10.5210315215368,1,10.7178757206608,0,9.55776598209037,1,9.31906975093171,1,14.733277108017,1,14.9053181549487,0,10.0463975684349,1,16.0271165632754,1,9.57757702068033,1,10.5893901093463,1,10.3148420198419,1,10.342214434629
1,19.4483167027621,1,13.5427728145505,1,13.6377271445312,1,15.4141185202243,1,10.4515691130714,1,14.6413149764509,0,15.0219237286188,1,10.257056723887,1,10.2505267466246,1,10.1336890833727,1,11.8151003027259,1,10.3850522406872,1,16.6298830862512,1,21.0066970304578,1,15.4978544679087,1,17.5092795205445,1,10.7297726491589,1,10.6981564333297,1,10.3564749187211,1,15.0331370083523
1,21.2394466575394,1,12.8611062819661,0,9.93202746641862,1,11.9764047862357,1,19.0543690737365,1,15.6718521319066,0,10.455653496795,1,10.3390403897731,1,10.2099123108539,1,19.1963432609136,1,10.763573700926,1,11.0134606032988,1,9.97795532260573,1,15.0219152108261,0,15.5126997137292,1,9.95717776254259,1,10.6076370311446,1,15.7795797557582,1,10.5517021474177,1,15.7913335576871
1,20.1417846528456,1,17.5437156770418,1,15.8480186292371,1,9.91750941354529,1,9.88105804678766,1,10.4669006871428,1,9.58994698999766,1,9.21841949434141,1,15.6802687448588,1,14.8497116823823,1,9.52007900774363,1,10.2584489009237,1,14.7509425264301,1,10.6762751694675,1,16.2894478740074,1,9.48240872073265,1,9.9188158049322,1,10.0531292781728,1,9.95059536474214,1,15.5065943312547
1,31.9667169036194,1,26.8867713121129,1,10.6802576035218,1,14.2319319495603,1,9.48476481520106,1,9.9435817038562,1,15.8831641417916,1,9.67244073548043,1,10.2515211284832,1,10.7933933403134,1,14.9640268238755,1,14.1065102390847,1,9.72565123181645,1,11.6700491888401,1,9.45937336969346,1,10.0085439343897,1,9.84116219097947,1,9.8150037681199,1,10.2024871064464,1,9.8781159440559
1,18.3033515911674,1,10.0296231874937,1,20.4000855157286,1,11.3135350944558,0,19.1533478056396,1,9.83341355011853,1,10.0634549593243,1,10.8366071266245,1,9.93186969109365,1,9.91987621036853,1,9.42644031934684,1,9.64073672429845,0,10.2922469069938,1,10.1434567633425,1,9.68219486954946,1,9.89658898145715,1,10.644359093863,1,10.1096162807737,1,15.7207091491549,1,10.5293564105689
1,23.9265217870904,1,18.951501015148,1,16.3874194956411,1,14.9946814281303,1,13.3111414186286,1,10.8273921740805,1,8.74579937630627,1,18.3829704440024,1,9.99646557791774,1,9.14109740435012,0,10.078389593752,1,10.3508552579874,1,10.1021223560128,1,9.9019788131219,1,9.14656854804068,1,9.99770560619153,1,10.2953784490962,1,15.7990043180888,1,10.5159535750423,1,9.79469355522239
1,20.3248366196005,1,14.1869848032,1,19.1246782287785,1,10.7743067124034,1,10.276284029795,1,10.0816230686568,1,10.17617163296,1,15.5635561917893,1,9.54807145609392,0,9.26970709728687,1,14.5312245169579,1,15.7453015400579,1,9.5042158887319,1,10.8157482220983,1,9.715147313233,1,10.3204811843189,1,10.570692798771,0,9.59529283670288,1,9.24456887168304,1,9.98805800128319
1,21.7929301098376,1,16.7504109373373,1,10.7884658859969,1,19.0580250882671,1,10.2751959835705,1,10.7576467016011,1,15.940604902265,1,19.0979584046218,1,16.4330795514703,1,10.8508211522826,1,9.65589314793426,0,10.1658949863694,1,10.6149592632152,0,9.47708234453721,1,17.2258778151517,1,10.4486013367911,1,11.1583934064374,1,10.5504913763646,1,10.6226106884225,1,9.64391154122654
1,28.0167198963,1,15.6477407277848,1,15.7275686432436,1,14.9568597435301,1,10.094605413891,1,10.1862016351741,1,10.3965079602436,1,10.5183549764306,1,9.56180675221335,1,11.4714700298087,1,10.0187989967085,1,11.285355427376,1,10.6726700913748,1,19.0576093043386,1,10.2868669527682,1,10.243533094359,1,10.2109692129868,1,10.3214880972389,1,16.0380444268765,1,10.1445932115706
1,21.1827008206813,1,18.8165256541796,1,10.954423307551,1,10.1764647716079,1,16.1302714330705,0,14.2703992176541,1,15.5045638108894,1,10.4827364811051,1,10.6482016067239,1,10.129622227588,1,10.6111903281337,1,10.1446697338022,1,9.91309103561476,1,9.92002462898213,1,15.7981374343304,0,15.4225111754617,1,10.5792019841122,0,16.7208646948017,1,16.4305420916514,1,9.89621872758569
1,19.3362363858102,1,11.1008180869897,1,10.0270705600325,1,10.5609481792786,1,10.5235254453918,1,10.0345466222088,1,10.585550813268,1,9.6928499922775,1,12.0057171932254,1,15.0474517337931,1,10.7282373789879,1,10.1810430146222,1,9.51016495833453,1,9.92184884599104,1,9.68971638228508,1,15.3177674429047,1,10.2441759580246,1,10.0306146046756,1,10.9931594283637,1,9.60940287331526
1,26.6983576134325,0,11.6051378961637,1,18.8551082320115,1,11.0881808512917,1,15.1635908901172,1,14.1056681604921,1,10.6383890587895,1,10.7876282637446,1,10.2649651166288,1,9.84992602819071,1,10.8035624642721,1,9.31012225000459,1,10.3595000686746,1,20.8973035796984,1,16.4319540320943,1,11.7007067250468,1,10.5356932550197,1,10.1517998572568,1,9.69406706010391,1,10.2546849200236
1,25.9129156706625,1,14.2020024027926,0,13.7524363880111,1,15.2111170831253,1,10.8050742140976,1,16.0763448436595,1,10.2307948998595,1,16.2231071168622,1,15.2503606704222,1,10.6376637730029,1,10.1065565293316,1,9.68348977392897,0,9.95224345799461,1,10.7574852439856,1,10.2677064060098,1,10.3175349651923,1,9.98192923162983,1,9.64534637078622,1,9.57325613704475,1,13.1718579325176
1,25.7053361888747,1,16.2392041748375,1,9.98114610085036,1,19.6719141780565,1,10.5717837098484,1,10.8025440637723,1,9.77040118264981,1,11.5904549509261,1,10.9106671436361,1,11.1037989273692,0,9.88610722440294,1,14.6940450510801,1,9.96661227416865,1,10.3241652179254,1,10.1099808643126,1,14.9543651084912,1,10.0242204460347,1,9.76423656170629,1,9.93782212987215,1,10.9145193378863
1,22.0811533959947,1,19.2221838827308,1,11.0058848958859,0,11.3479476054027,1,9.88149774302174,1,15.4968013319231,1,16.5034167765857,1,10.5613308047459,1,10.0697828350967,1,10.1339908546382,1,10.2554634313502,1,10.1506053891554,1,10.1780672668448,1,11.5632213308951,1,9.88330886870458,1,10.6920497672127,0,15.1408422865734,1,9.74314380393221,1,15.7099414372241,1,10.4108191391988
1,24.9461158125264,1,14.7135345651427,1,9.95413547255039,1,10.0920689323688,1,13.8325380921091,1,15.7610447028988,0,9.99399800039066,1,15.71663043887,1,10.0294142969074,1,10.3934233080527,1,10.8365694507708,1,10.0947622260871,1,10.4428854482856,1,9.85364468075053,1,10.2879180582153,1,9.86634619113308,0,9.7966889393236,0,10.5247867114416,1,10.3760165327118,1,10.108216522689
1,20.1870725248909,1,15.2128660468894,1,13.8226234780986,1,15.7968222570823,1,9.57244975150741,1,10.7597680932445,1,14.907980417633,0,10.1242637088576,1,9.96339976249956,1,15.0967444487162,1,14.8895408427156,1,9.89367786727686,1,10.7455727926659,0,10.7992819615588,1,9.76091595131967,1,9.58816459074545,1,10.6145692657764,1,10.2555291838221,1,9.7364030712812,1,10.5778276320699
1,25.7121649484199,1,15.5849801676665,1,11.9544607181641,0,9.60076637529525,1,10.0040991720284,1,10.5175503965614,1,10.2691645253327,1,17.3789001483906,1,16.0013531769342,1,16.1569245916166,1,11.3811750443319,1,10.7749652798515,0,10.3722099021023,1,10.6595930444871,1,10.472352077781,1,16.073279393696,1,14.7592769788447,1,10.060882206808,1,10.9314158548286,1,15.6840918649711
1,16.903486337414,1,18.528837623103,1,18.5873214641003,1,21.1560855737104,1,10.0576397782053,0,9.79589980078982,1,14.3268342223172,1,9.68072068348568,1,9.78878880314823,1,14.9147159580218,1,8.90926298544351,1,10.5868595933867,0,9.75378094533019,1,14.4285062535935,0,9.66271438485682,1,9.70517442712552,1,9.82564126870443,1,9.4702416312509,1,10.3498176029673,0,9.86683365829268
1,28.4452368234538,1,16.8313851501866,1,18.707864978459,1,14.7713683029402,1,10.3992396470385,1,9.80172620976457,1,10.7205745185565,0,9.90371589529647,1,10.6390562278932,1,9.93598667514769,1,15.5135465091815,1,9.96761981412583,1,10.4206729908946,1,10.2078442910695,1,15.230282188421,1,10.7496878213454,1,10.6196589973214,1,11.6376279061105,1,9.95596868277982,1,9.89642446673762
1,26.5586407941949,1,11.4421868276433,1,10.3818731763417,1,15.3530276048868,1,10.9491282229811,1,19.4338310736534,1,15.7753486749127,1,10.1641536888719,1,9.56070642022914,0,9.61239292244459,1,9.55403700496089,1,9.22571569873319,0,18.7745374163674,1,9.95155206894217,1,10.565218780353,1,10.875493245669,1,10.6501456086289,1,9.7240807416617,1,10.4013039706356,1,9.9488972292269
1,28.9464916687704,1,9.70948997096435,1,19.6861823445809,1,11.2503499348012,1,11.7557258816258,1,9.54686876773439,1,13.809582931923,1,16.0037891077021,1,17.0954611777607,1,9.52323704646227,1,9.55577630984767,1,9.73035961825351,1,10.44831677771,1,10.630288332147,1,16.3222858036732,1,10.6400020438696,1,9.62127033747141,1,11.4207087464937,1,15.2330108575266,1,9.63798994450763
1,24.358084430093,1,17.970570490357,0,11.0743179242262,1,15.6525838526625,1,10.2484219670878,1,11.1570414503306,1,10.1102789840575,1,10.3016476856516,1,14.8094184313489,1,9.69082414654861,1,10.2780846842923,1,9.91801843423797,1,15.5361858433616,1,10.4495789694305,1,11.283122669074,1,11.4895015975347,1,15.2951154395824,0,9.70844937623091,1,9.81425119118917,1,10.4970248155063
1,12.5934436625007,0,9.26996660531115,1,9.85767516051038,1,10.4780582846518,1,15.626254313255,1,11.185474207884,1,14.2256050068353,1,11.0514960235609,1,9.9518458413034,1,9.35448721282403,1,10.0715060617252,1,16.1432050248105,1,10.4694085179258,1,9.95414490754506,1,16.0223323047011,1,14.6166177941193,1,9.53802285872768,1,10.1060282671971,1,10.1893039696121,1,10.3682062278646
1,32.1397382841837,0,9.80120924782379,1,10.8983612449888,1,14.550592881853,1,9.37643699842155,1,10.0810203870866,1,10.5060401079008,1,9.96728511182823,1,10.1278053478747,1,10.318060682248,1,10.7485310105579,1,10.6039782355263,1,10.2293734383507,1,10.4160602206219,0,10.9607221721847,1,15.6466663799556,1,9.5510987975661,1,14.8709986452328,1,16.2495776164464,1,9.5021389366161
1,15.455412821556,1,16.5466670879762,1,19.9093902198614,1,10.5101910062268,1,9.56950773274544,1,10.4121215630912,1,11.1834253847246,1,9.00023428682776,1,15.5624105321576,0,10.0689180502758,1,15.5207886951416,1,16.1088208134542,1,10.0619487919159,1,10.0358307429656,1,9.79908149197941,1,10.7396301097056,0,10.3376238130775,1,9.48770674192128,1,11.3578626898614,1,10.0145132189273
1,19.2400921686708,1,17.4012484592273,1,14.6789161056257,1,14.3240961406261,1,10.3197993569566,1,15.3962529624208,1,14.1459857715904,1,9.8924918113092,1,13.9679431094767,1,10.190250509572,1,9.59883882218969,1,15.0813163013076,1,9.43436903424835,1,10.4701582904426,0,9.499009677516,0,10.069108866025,1,9.93713788891768,1,10.0113967402737,1,15.5005843042681,1,10.5678251932978
1,27.7312167912727,1,15.2962337160216,1,13.0147610968177,1,10.3391442243363,1,10.0900244610472,0,10.1246728166608,1,9.79356445868683,1,9.19372777201713,1,10.0179892211952,1,14.0131159109744,1,14.3911149891065,1,10.4114138300483,1,10.6347570331992,1,10.6895884506225,1,10.0696764240242,1,10.7673358967042,1,14.9070690690188,1,10.3559350707209,1,9.96893382941657,1,11.7727310059929
1,21.6446624000668,1,28.375819356464,1,17.570422627969,1,9.96242000324867,1,15.8544990582247,1,10.2716420824701,1,15.0890806632194,1,13.2151491277539,0,15.1125410682911,1,10.7213852667742,1,9.85019742744125,1,10.3528307163392,1,10.1691616744131,1,9.74097331939348,1,9.776951695945,1,10.3567654912761,1,9.65025649086464,1,9.91621400283828,1,9.95361687772459,1,10.5246603322995
1,24.4176325348506,1,24.6122322319312,1,12.8794923914562,1,14.1754071279789,1,14.9638280089198,1,9.81397119684103,0,10.9068286130055,1,15.2371938664293,1,14.6519084251628,0,9.29303455900201,1,10.9064546376107,1,9.92951226885907,1,10.8732340602127,1,10.6881081094763,1,10.0300820525614,1,15.7396641245245,1,10.0901049279519,0,10.5930882686248,1,10.1936079881382,0,8.94863878489932
1,25.1045280219409,1,14.1273097027771,1,11.1259259867606,0,10.2442576942825,1,9.135884661539,1,19.821091138658,1,9.67973324578374,1,10.0146461288025,1,10.0511517470379,1,9.95093568630722,1,9.95267676177847,1,11.057608488482,1,10.0623409583731,1,15.1635735468055,1,9.55666175279942,0,9.89076508847868,1,11.4958600560984,1,9.62229189399553,0,9.86878833098715,1,11.075773113156
1,20.2567335544285,1,13.2313140376168,1,18.89216524054,1,10.1171833789231,1,11.1188911036774,0,10.3158576447382,1,14.5475017669929,1,11.40438395081,1,9.69086053690284,1,10.1756133573978,1,16.0403778904541,1,10.9038163707893,1,10.2724598216398,1,10.0555212757884,1,10.1545940824598,0,10.4548721735689,1,10.2515901051894,1,10.3729905811794,0,10.0607828592531,1,19.3648668742602
1,21.6662329933972,1,15.6011937567231,1,13.5664251953846,1,11.0152350571473,1,9.6362745227545,1,10.0444264992678,1,9.33912741405343,1,11.2387051302651,0,10.4459365409483,1,9.8298043304018,1,16.2117440620358,1,11.3608880138498,1,10.851362068589,1,9.86201923867623,1,19.5587762957622,1,10.5393022374283,1,10.7362514947636,1,15.8173364811921,1,10.2660471446007,1,10.5512188169412
1,21.0766941922603,1,11.7658791421412,1,11.6348335535535,1,10.8043587879028,1,11.1506094698943,1,13.4274726738475,1,10.5063942897596,1,10.3779681531117,1,10.5647806294651,1,10.2011513733594,1,10.8466719739623,1,11.7547348386417,1,10.7334727557845,1,14.5710659021209,1,10.2528798191701,1,15.3420450819902,1,10.8868773985708,1,10.2417343286796,1,11.1066363856437,1,10.9230293830116
1,21.9800610617717,1,17.1924007562543,1,11.2492182866865,1,11.2179191926612,1,9.55697790794161,1,9.99708857861572,1,15.8879754476836,1,10.7697644525959,1,16.5945218717105,1,15.632793816017,0,9.40768433802289,1,10.8276513964369,1,10.2046690627995,1,15.1637780050059,1,10.7797903464713,1,10.1023644731586,1,15.5369771751442,1,9.43881920644036,0,10.1152414808145,1,10.245686828343
1,23.3846339171953,1,21.6724968840218,1,10.1228804979327,1,13.959273766744,0,13.7242108086871,1,10.255593485128,1,9.96806168538364,1,10.9097359753029,1,11.0898152480333,1,9.93422855133614,1,9.27563626313174,1,10.474718224177,1,9.92940391164984,1,10.7270833650016,1,9.34719726156732,0,10.1351090872011,1,9.93065325592824,1,10.493200674168,1,10.352632158751,1,9.73560155208227
0,22.9796411574052,1,15.3082301379023,1,22.5863874658306,1,10.3148118738484,1,19.4269072424444,1,10.2928807252806,1,10.7665777813453,0,16.0994942133089,1,9.55685022313338,1,10.5760805613276,1,10.8390225819659,1,20.5281324077726,0,9.48044257822354,1,10.6194348691193,1,15.5536602767681,1,10.6437309734397,1,9.57095166020373,1,10.1916686202056,1,10.5053158138211,1,15.3502935476516
1,23.3029866038394,1,21.955561924905,1,10.0966950924239,1,13.4633355773921,1,11.0958102896276,0,11.3260143228824,1,14.6066316394762,1,10.7769461072624,1,9.70239174672637,1,17.5986415759194,1,10.1281758036042,1,16.4051432197215,1,10.3605196019272,1,10.0406461701592,1,10.1906018792621,1,14.5518891318016,1,10.9450700717298,1,10.6751319771949,1,15.1953343372605,1,9.55375646753371
0,16.7323662442842,1,13.7116054021992,1,14.9520371330854,1,16.5795584388169,1,14.1857805503026,1,10.970592549255,0,10.5858680249487,1,10.4555806969123,1,10.4282846655208,1,14.6296183583264,1,19.9364157731189,1,10.558090733972,1,10.2965294730304,1,10.6442213563457,0,10.4051550553604,0,10.1102417038282,1,9.83867794939521,1,21.295184960794,1,10.2231455531919,0,9.44444453328165
1,29.7620862501556,1,12.0738206864202,1,15.2000335208865,1,15.6284767639472,1,15.1277869974253,1,15.5461489195727,1,10.0770442153567,1,10.3584491404435,1,10.4228321951993,1,11.6717389439918,1,10.2652147074321,1,10.8650919202852,1,9.91206025687592,1,10.9358579236101,1,9.47981944756327,1,9.68678798717182,1,10.4503037118313,1,9.95780941784078,1,17.2157724251889,1,15.4575181841727
1,23.0664235632618,1,13.5696935176336,1,15.9464908438385,1,19.3479647665668,1,10.9252956478568,1,11.135674351874,1,14.0039340421942,1,11.2822873801584,1,15.312284237904,1,10.3462626098338,1,10.1560550288226,1,9.74074944621597,1,14.8644657577299,1,9.82085345287356,1,10.2374596927024,1,10.3048644102142,1,10.2224296715806,1,10.2880035774155,1,10.1839430978063,1,11.1694544732627
1,25.7956588904517,1,11.0054767489654,1,14.0160088830278,1,10.0811255638041,1,15.1034634006747,1,10.5081452316392,1,10.5117819391144,1,10.2881281679389,1,10.4838130850734,0,10.2852926608642,1,10.4576966271132,1,10.3974236606962,1,11.3186780617683,0,10.6821826516206,1,11.1646565626874,1,15.6949203024695,1,10.6490709143969,1,10.8674722620149,1,10.9987902093878,1,9.49719181893714
1,20.6706168980567,1,17.7760349651308,1,11.3388364670004,1,10.1146964880515,1,18.0858106209784,1,10.6425055887709,1,13.5667342828465,1,10.3422713441666,1,9.55135485394827,1,10.4449114003295,1,14.7814352328327,1,10.1743297149559,1,9.68085941083684,1,14.1260246002404,1,14.3637804901336,1,10.8892452780915,1,10.2559433389039,1,15.6918022905684,1,10.4088605207498,1,11.5664495359278
1,26.9033314430635,1,15.0923265721993,1,10.3304429661582,1,16.8886258018986,1,9.18634085585752,1,10.1721790330253,1,10.4209140556912,1,15.1040837824355,1,10.0978206381659,1,9.38167957313524,1,9.39253349023447,1,10.3075789219408,1,9.83527194877642,1,10.1277386115083,1,9.61144026142447,1,10.3408138680381,1,10.5194624937316,1,15.8906213363147,1,10.2998372009713,1,10.0974187296169
1,19.5168932426309,1,14.7274782487922,1,15.4941083947107,1,10.4165981883073,1,9.85244826806063,1,14.8145274162762,1,10.0165131898242,1,14.5240527191482,1,10.8380398988548,1,10.4287269876013,1,14.6748434129283,1,14.9398019896049,0,14.771796395685,1,10.194635367374,1,11.4073401172804,1,9.5669750354899,1,9.75649199318555,1,10.5966317890952,1,10.455264562137,1,10.3876248278389
1,26.0488890482081,1,15.7438575461539,1,18.9996624731635,1,13.7263780356107,1,10.3156226085535,1,15.6411531016642,1,10.3445687995729,1,10.017440564853,1,10.3979446494061,1,11.6257592080358,1,10.2044766020229,1,10.8374935811006,1,16.0769383902154,1,9.39436928111511,1,10.6237721238293,0,10.829070103847,1,9.66418668559576,1,10.8012963172739,1,10.4826760431846,1,9.6765364480134
1,30.9024256369955,1,13.2569288902985,1,13.9029429148444,1,9.87768101977636,1,19.24416898826,1,9.73103561919871,1,10.1989726984622,1,9.61973920086867,1,9.83849672070182,1,10.4362036441893,1,21.7477396937157,1,9.55650053870239,1,14.3984986125088,1,8.50129604812003,1,14.9887987105223,1,10.0170420066939,1,9.84115882616897,1,8.90316925948752,0,10.1394716890824,1,15.4687140605778
1,29.0215062441674,1,19.6560317179597,1,15.3763434650946,1,18.3716624096327,1,14.9622769952536,1,9.25848195961829,1,13.3269403457362,1,10.1720686840301,1,9.2785613118183,1,9.8017037099934,1,10.057924081689,1,10.2624427040572,1,10.4188248359898,0,10.0011732345221,0,9.96644736647359,1,9.68869405664174,1,10.2957194445983,1,9.66461663587333,1,9.84721720773262,1,9.84407844144092
1,14.8674365910867,1,11.0166639787847,1,19.0864158190796,1,9.54291607182259,1,14.2109490266208,1,16.0082390698285,0,9.21269384470504,1,9.64614400285891,1,16.895854952407,1,15.4424494312087,1,16.117308304475,1,10.323300244688,1,16.0285691789176,1,10.455620739291,1,10.451827961568,1,15.3966811372861,1,16.6207394825178,1,10.3958966959819,1,9.51921035853592,1,21.4934492783208
1,20.6221182115517,1,11.6015983036116,1,11.1560711083616,1,15.4406334248344,1,9.69147152308854,1,10.0417033399138,1,9.94756202867188,1,10.4526225072718,1,10.3482916798596,1,15.3016566946933,1,15.1034356313353,1,10.7307022177193,1,15.3213524342839,1,9.62932442662384,1,15.5307330876797,1,9.99160915147331,1,10.1198500704475,1,16.2376954546184,1,14.9710459904569,1,10.6427798159546
1,19.3736150170567,1,26.6144939215109,1,14.30419675935,1,10.6506601405909,1,9.99006624588643,1,14.6272645287391,1,10.0481407743282,1,9.89809580673061,1,10.645754119213,1,10.3657200127,1,10.5802395865257,1,10.7934376075998,1,9.5478558271813,1,9.98316512972369,1,14.639391667176,1,9.94406843519303,1,9.92426359425245,1,10.2345951442627,1,10.51340457253,1,10.043944811081
1,19.4966735854502,1,18.5124773529659,1,14.2005286595043,1,9.98795157621325,1,9.0900962288247,1,9.98890782171428,0,14.1481035835169,1,9.33663042257415,1,14.9448219178513,1,9.08433546618194,1,9.88621301377742,1,16.1336767034873,1,9.21170618727737,1,10.451334982258,1,10.3782838213597,1,9.48750093067257,1,9.79630490879845,1,21.0037474121121,1,10.8087225157896,1,15.9736268912582
1,28.4669735625079,0,21.3643531519076,1,14.8450347695653,1,9.97950253043365,1,15.1456971898346,1,10.4090164827993,1,10.6196626090018,1,10.7719560431283,1,9.52356673410796,1,10.4495619711217,1,9.77309120908256,1,10.6792614401067,1,10.4702610113352,1,15.9905867271509,1,10.5361833971519,1,10.3629531790239,1,15.3886239818078,0,10.7097700031146,1,9.77305164426102,1,11.3248828753124
1,29.821434748025,1,15.8891849595962,1,11.2118180787644,1,10.8378898127002,1,9.47142973965369,1,15.3867139945046,1,13.8078981213496,0,9.92735013620929,1,14.4101125272077,0,14.646904604395,0,11.3067323883046,1,10.4218039711378,1,14.1700274948037,0,10.2216483077207,1,9.73265686769168,1,10.6851673663037,1,15.1504454076547,1,9.73622678862139,1,10.9836641859462,1,10.9110215458321
1,18.3245906104386,1,15.1619222096031,1,25.8246963079047,1,11.0749558154104,1,13.7531308804854,1,10.8576653847603,1,13.7633847439711,1,14.4891628136873,1,10.1171304190704,1,10.5628345632645,1,9.63344198117304,1,10.8527983173625,1,15.4880445705388,0,10.327299855851,1,10.3253443270601,1,15.4958826435823,1,14.8650254108021,1,22.2760521973431,1,14.5311057308952,1,15.2181136869504
1,22.3742926419766,0,15.3826236926251,1,17.7162060113911,1,14.5158077323732,1,21.3444742782893,1,9.74399709420629,1,10.5226837744673,1,9.9594347475883,1,9.18645498133787,1,10.577118704994,1,10.1858085659642,1,10.2218596544034,1,9.93051553392828,1,10.6185783769779,0,9.73390633637318,1,10.504683325072,1,10.6532409957135,1,10.4229491237689,1,10.0069169350759,1,10.397445275876
1,23.6249178857967,1,12.0012850023922,1,10.3602540761548,1,9.77530699642121,1,9.46915950614672,1,9.2603946791811,1,13.8559057145898,1,16.0082834267945,1,13.9545015596278,1,9.7778725486224,1,9.38974657708295,1,10.2360882984007,1,10.1479472974736,1,10.0282070583093,1,9.97769443846924,0,15.0586474022183,1,9.76276168378144,1,10.6819101233115,1,10.9060804442025,1,10.8258689810069
1,20.5904086966911,1,23.6935817492223,1,10.0029010944284,1,10.0152080977151,1,10.4806367502462,1,14.2721729711569,1,10.2028247191752,1,10.0784581494653,1,16.1001514155451,1,14.4768342158886,1,11.1209859052972,1,10.1018432958568,1,10.59966389116,1,16.4043601927598,0,9.82678919615137,0,14.9852391160215,1,9.8802597815048,1,10.8870865698372,1,10.1603361590693,1,15.837725439167
1,24.7059937215735,1,10.2805899819805,1,15.6062778938648,1,10.4928928959171,1,10.0065321572462,1,10.0854465575249,1,10.6479529096351,1,15.6403770936555,1,10.8967897222809,1,9.91068637375589,1,11.0357645841311,0,9.71437313439989,1,9.949138424052,1,15.8603460450951,0,10.5943715620961,1,9.60193860606575,1,15.4417807652976,1,10.9714958481444,1,15.6738282250025,1,10.2932809843697
1,14.4894644815237,1,11.1119272125608,1,14.693994566062,1,9.8269763455932,1,9.76995808025396,0,10.2440713739174,1,10.3342342894842,1,9.6223992043153,0,17.3934468746347,1,16.3322813138987,1,16.3540347681224,1,9.69854078706023,1,15.4539178582001,1,10.3588329198266,1,10.3496752768832,1,9.10895406064927,1,15.6077178263288,1,9.55366549896001,1,17.7329960320982,1,9.68604928443919
1,18.0203474211281,1,11.2936066178312,1,13.4654309411591,1,10.3622664011999,0,9.2766537467365,0,13.8232544091179,1,9.93939444360548,1,9.31946057241214,1,9.79516602477437,1,14.6041811775547,0,9.64270533260024,1,9.65131480745993,0,10.7312545830778,1,10.0432290761311,1,9.95637875875212,1,11.4030496160746,0,10.638584834679,1,16.8949821074758,1,11.34335230648,1,10.1038969736888
1,20.2602522837671,1,13.6558673175692,1,19.9769131845674,1,15.1437548109501,1,18.2924119003232,1,21.8972211182934,1,10.9247541264339,1,10.9678075403069,1,10.1539529709479,1,9.38675536874265,1,10.5024146037505,1,9.84510187026947,1,10.8528251241628,1,10.6280929019211,1,9.32479187885125,1,10.4121143648974,0,10.0696363521682,0,10.2518709075643,1,14.7016542957726,1,10.9403470823268
1,26.3962335424395,1,16.7541008996178,1,10.6292298383206,1,10.3593999999087,1,21.0490058022614,1,10.8826128515647,1,10.4910902783827,1,9.98730394994302,1,15.3301652876855,1,10.1070063655109,1,15.3375245800725,1,11.2798547925547,1,10.7298787908031,1,10.0237119797553,1,10.0196136603249,1,9.92283784811663,1,10.5603254849526,1,10.0940748222036,1,10.5336502421212,1,9.24877945132296
1,18.0929825705716,1,16.0042550669174,1,16.7701405722356,1,10.4833292272076,1,10.6637509797249,1,9.68427132321479,1,14.5248661210476,1,11.788095319691,1,15.2319463470063,0,10.5088960638705,1,14.5029113023727,1,17.393411955244,1,9.81919460498854,1,10.1062810130041,1,10.2705075632278,1,10.0206540501603,1,10.4557247292937,1,10.6082532289921,1,21.5037722675683,1,16.3459447917295
1,27.6176578204917,1,15.9052384777646,1,14.2874506854769,1,9.41160296921296,1,18.7937384763402,1,10.7084212894838,1,10.3987104858914,1,10.8712778991348,1,11.8540514749679,1,10.4895990544519,1,15.370085494017,1,10.7772272648617,1,10.8873114248052,1,16.5394142617325,1,10.2401252411483,1,14.9163462544285,1,10.9924996509988,1,11.0270311233029,1,16.9450823510895,1,11.3449274355677
1,20.8954715710113,1,11.8213562301346,1,11.4025667369717,1,15.5227056061114,1,15.3532638637558,1,10.5192243112876,1,9.89578316134116,1,10.4929642629645,1,10.2566821802064,1,10.3684025787284,1,10.5408738824453,1,10.8174648497802,1,11.1281488768387,1,10.4532504098368,1,9.84501178006687,1,11.151430836056,1,9.92365783154633,1,9.70794048982126,1,10.1589846343292,1,9.95001555476909
1,22.6327199915821,0,18.5511939073936,1,12.1926731865611,1,16.3908959017415,1,10.611241068924,1,15.0371131878233,1,16.4833561248043,1,11.0499910317099,1,10.702051819403,1,10.346888608987,1,9.59382134653579,1,11.2305335843709,1,10.6256451560682,1,14.6482440514684,1,10.3725563159585,0,9.90862792321438,1,10.0647579925899,1,9.5451214225585,1,11.1016550647304,0,10.4753253236989
1,32.9842656830434,1,12.566208541825,1,12.5546076284113,1,15.4744259534732,1,9.80328829974281,1,9.63883866363549,1,15.8457306125669,0,9.82417256763216,1,10.1637340621497,1,10.8772801160313,1,15.2810446140111,1,10.4229119058655,1,14.9088107667489,1,9.67014760415658,0,10.8703574776262,1,9.76625525014136,1,10.0678118041638,1,9.89043426605618,1,10.0662919492108,1,10.0332618245876
1,26.5990745543393,1,11.85228120919,1,14.7528926742072,1,9.61076205214743,1,15.7009745082311,1,20.6445774919838,0,10.2198839996802,1,10.8369379181916,1,14.9229642262089,1,10.5457092389214,1,10.9207189174313,1,9.88684946037785,1,9.92577209899249,1,10.3509003130471,1,9.9890942998024,1,10.1131846907953,1,10.2548896091319,1,10.6177762506924,1,10.4509156346833,1,9.61326865595921
1,24.0669682151814,1,19.3425333617207,1,13.1371144695493,1,14.3271297243827,1,11.7461778104083,1,13.9207481284736,1,10.6625395365256,1,14.0661054002365,1,11.1556433210728,1,11.2838173759353,1,9.48486815039664,1,15.3073568242012,1,9.86167597597677,1,10.2025212625017,1,10.4724797481299,1,9.67794802013738,1,16.5124599749512,1,10.2952219894326,0,9.74601103252497,1,10.1564968671789
1,27.3830022975849,1,16.5064794541734,1,14.8299012626854,1,11.6361343179697,1,14.6461446245931,1,9.75658258259424,1,9.74787332086411,1,10.4259891919949,1,9.40165215881867,1,15.6556799539427,1,10.0173751569997,1,10.9421775823936,1,14.452943190123,1,10.4104137677303,1,9.63665884699096,1,10.058725180544,1,10.3232922744564,1,15.2477261107628,1,10.2188737030414,1,9.67055845986202
1,15.602608958475,1,14.2074384493554,1,8.63240067486944,1,10.4150443455427,1,15.2135801139176,1,9.80500216302648,1,14.9409239779767,1,13.9597788685935,1,10.2456377178258,1,15.3813214510333,1,14.2469967012804,1,10.7161217991908,1,15.3739248773185,1,10.3035097691782,1,9.67503174631487,1,15.2570263374625,1,10.6615236427609,1,9.58248975906248,0,14.9194864788049,1,11.049741546612
1,24.2012144329737,1,20.0331670192538,1,10.9468125614432,0,14.0151490132382,1,15.3262872831995,1,10.1835853461599,1,10.5454570365872,1,10.2939192928223,1,9.69301849712432,1,10.8641944091374,1,9.43297806032396,1,10.2182743475028,0,10.1494779422428,1,10.4122269283676,1,16.2294879499867,1,10.1977104621945,1,20.9573154241536,1,10.4120850059829,0,16.1505175777017,1,10.0252758516093
1,31.0353164419495,0,10.6976516811657,1,10.2448174802136,1,18.0775858747828,1,19.1642488140158,1,15.9123198911114,1,10.3048679678261,1,14.3318557709509,1,10.2694662174538,1,10.7426369147251,1,9.61557161174693,1,9.44956366246132,1,10.323849738934,1,9.92254352291463,0,15.4699649237383,1,10.6328918600505,1,15.4824867338971,1,10.6841997961171,0,16.2411836061944,1,10.5478720912426
1,20.8307411326152,1,15.3542816275902,1,17.9700197627521,1,9.9697460206805,1,10.2612716891711,1,14.4116628555363,1,10.6982062413662,1,9.86983690548016,1,11.2794780519282,1,10.2765385191149,1,15.9271593729176,1,10.5509658096691,1,15.3432683831309,1,9.8447613050669,1,10.2944995448497,1,10.2461458541541,1,10.1206489601897,1,16.0381589714638,1,20.896985220139,1,10.9832178760407
1,27.0926998887863,1,17.3150565003705,1,20.0392516306702,1,10.6505826727355,1,20.5020594571576,1,15.8807846845137,0,14.6132615936434,1,10.7074815689368,1,16.9342776966687,1,9.9441264700196,1,9.83478504689565,1,15.7100108291474,1,10.3616827526546,1,10.353158683892,1,9.6792478794937,0,10.8225560452356,1,9.71715803086878,1,10.5618998221726,1,10.4879795311775,1,10.3546378218631
1,24.812696208836,1,10.7696061346199,1,12.634836606122,1,10.5742876713024,1,14.3757768872555,1,10.3677228251164,1,10.7101227157414,1,9.64887728941426,1,11.8107708975118,1,10.360813696678,1,14.306439198573,1,15.9203392010826,0,9.68777925741972,1,10.5088308281487,1,9.48432873255246,0,10.5350527297875,1,10.6750371316624,0,8.99037882184886,1,11.0634173073678,1,10.4453949633923
1,16.9383296716858,1,21.5353428662154,1,14.4304348746835,1,11.2278119379055,1,10.1786507691403,1,14.1558220959332,1,11.1613532958717,1,16.0698945754857,1,9.71433534196948,1,15.1661357899496,1,9.61888219630188,1,9.75975772557453,1,16.331165255994,1,10.6369330210816,1,18.7570475972093,1,9.70497883793263,1,14.8607932517025,0,9.3990980488568,1,10.5682458426594,1,10.6116658057597
1,25.6682736590625,1,9.8982616789665,1,10.7611379282388,1,11.4161779435227,1,15.0344975362517,1,10.9412504812627,1,10.6547827047747,1,10.2130691215703,1,10.8687253706088,1,10.6017193006649,1,10.2017049785166,0,10.5642410304389,1,9.89561751680983,1,10.3113507819528,1,10.3678615707606,1,9.91413409716934,1,10.9104778690923,0,10.1131582659979,1,9.52672290097126,1,9.49053755123963
1,29.9148283481299,1,16.6814801943804,1,17.7111968333549,1,12.9675714695579,1,14.9878354283367,1,10.1079771615872,1,10.2917268685111,1,11.156701212062,1,11.4482347238818,1,14.3388315690532,1,10.3441696860968,1,10.3047779309683,1,9.7545467879023,1,15.8613258954805,0,10.0505427173928,1,16.3467481129663,1,11.0680023946792,1,9.87724682204854,1,10.4316193648358,1,10.5686107783313
1,23.2287773493779,1,20.2215786408432,1,15.5508068927964,1,11.2153886551895,1,9.79801312890553,1,9.68872396496378,1,10.2498729869054,1,9.46146564901946,1,10.6669062220955,1,15.4477272560589,1,10.7367232216996,1,10.4636703735249,1,9.8141505476998,0,10.8413047499371,1,10.5647377411521,1,9.84710220212714,1,10.3698179642387,1,10.5098315209603,1,10.2471039758819,1,9.87830205892685
1,20.9580855597958,1,14.7431430249253,1,9.27023616598328,1,11.1150619780784,1,12.479324404917,1,15.3716642717886,1,16.8425678347218,1,22.3764553338606,1,9.84388815053,1,10.4292059373175,0,9.56992180628935,0,10.4451453782903,1,14.8399650160492,1,10.2497446082204,1,9.36886369859726,0,15.7758031582277,1,11.3158911168488,0,10.7288372770448,1,15.1919038089762,1,15.5057459353095
1,19.5981742135749,1,22.135215330891,0,10.4487987166982,1,12.4136403743831,1,14.7726487023274,1,14.5584314850711,1,12.2038992383003,1,10.7997152250661,1,10.7530926202523,1,10.1524262510227,0,9.9274869220637,1,10.9569197854889,1,10.8996541587336,1,10.6886394963914,1,10.278670315742,1,10.2450657837198,1,9.60877210405243,1,15.8082666611718,0,11.005974883821,1,9.69750846059151
1,24.4418768568807,1,18.1772545884869,1,19.238320297698,1,10.7840258814029,1,10.6296809340767,1,10.78685712421,1,10.0729916154033,0,10.4968650255761,1,9.88259290022507,1,11.6428824043376,1,10.032060363681,1,10.8071150792483,1,9.22838209893082,1,15.7343484796774,1,17.4756462748153,1,9.52255785989017,1,9.50091350064964,1,9.92220320062201,1,10.1944541659249,1,10.2477781118265
1,18.7564467809255,1,11.575158106297,1,14.6238253980874,1,10.9719641400647,1,10.0673049242445,1,18.3979899933507,1,11.035395462448,1,10.5425501082389,1,15.6124413572249,1,9.88974746762965,1,9.77634899535713,1,9.38735703721811,1,9.99442340062062,1,9.51026107732376,1,10.0934289137468,1,9.26937338010939,1,15.4159783823937,1,9.39290798895296,1,16.259894525638,1,10.0930874628614
1,26.8045831803427,1,15.6700480432037,1,19.176443297604,1,14.4086224376765,1,10.7556327398272,1,15.8086325174415,0,20.1154210574454,1,9.76094656650495,1,10.1608217986996,1,11.3590926847942,1,15.7013098491508,1,10.1189927298882,1,9.99623367964048,1,10.2520331691714,1,10.3158260509873,1,10.501363441143,1,12.0601065065986,1,10.2460431490423,0,9.97494535539677,1,9.6711134427513
1,26.41988511304,1,15.756784763998,0,11.7592837398724,1,10.0406462520424,1,11.2200036898096,1,9.85448944333145,1,11.3121918884671,1,10.410121706878,0,14.5326173394819,1,9.36580114948053,1,10.0980812317006,1,10.0401363508907,1,9.17574872478559,1,10.5589711441444,1,14.352471138672,1,9.90629477339707,1,10.125645592515,1,10.1789960396119,1,10.5453590116221,1,10.5479478110096
1,18.4368032774836,1,11.6166548448195,1,10.8025959814031,1,10.2479866883114,1,14.00365091289,1,10.7413751373218,1,11.1212006329918,1,9.72865656042751,1,10.3917054851185,0,10.6923481445404,1,14.5857634025243,1,10.9304249710243,0,9.73456587139247,1,10.5733390804424,1,10.5611754625706,1,9.63745266703479,1,10.535098158002,1,16.728944001285,1,16.1790650543318,1,10.5757703925501
1,15.9094147312224,1,10.1454370147081,1,18.1806721211039,1,10.6975088813814,1,10.7533329175031,1,10.9440080327767,1,9.75329287519504,1,9.51300590182775,1,9.221600871515,1,10.396716184836,1,10.479464712677,1,14.8625449266168,1,9.36069064304657,1,9.88632942811606,1,9.64656473922691,1,9.50016889463558,1,10.0984625909029,1,9.60400653613627,1,16.0302211418437,1,10.5642685478894
0,20.6969110430615,1,13.2720877319954,1,14.6302675036971,1,10.1943513089256,1,16.1075873283836,1,9.88893127873221,1,10.5469035857702,1,9.86274258851906,1,9.8219808289006,1,10.9341849169817,1,15.7894318246032,1,10.7055081151361,1,10.1509870850333,1,25.3753388530002,1,9.62793477911358,1,15.8064527908636,1,10.0108371934886,1,9.63069520349355,1,9.28826288871121,1,10.076715399693
1,26.4993013495771,1,14.2517233271557,1,15.1371738018991,1,19.5025323566877,1,9.8852551259307,1,14.9300000208561,1,15.229444725848,1,10.3498011862568,1,10.3474543199062,1,15.3250997783065,1,9.33277198854242,1,10.8210850205372,1,9.92107134692614,1,10.1801916223873,1,11.1764993796382,1,9.69072012739553,1,10.0118561359788,1,15.9582453436689,1,11.0240908527022,1,9.63371253284213
1,23.518510844974,1,11.0949487797365,1,9.3920735722074,1,12.2877895652383,1,10.4169300040849,1,10.0128338680834,1,11.3125693910799,1,9.87777543587404,1,10.0167835678334,1,10.490102188581,1,10.2841215758039,1,9.91235177781671,1,10.2683006425931,1,10.0895894734502,1,10.3492215210327,1,9.77971488000411,1,9.70568630682502,1,11.77074938222,1,15.3919811612507,1,9.73491925846675
1,18.152678169612,1,12.2410499837702,1,18.8002446214024,1,10.4648953286514,1,14.230665440937,1,10.0310846993641,1,10.203086786868,1,9.60311899163192,1,9.80812974446123,0,10.647183497401,1,14.379721278129,1,10.1243835483474,1,10.0116479338079,1,11.1001636706403,0,10.0402486142008,0,10.3165092582298,1,10.9327446794604,1,10.8939865749703,0,9.80456092558948,1,11.1319790651935
1,23.8174683006269,1,12.129572973694,1,10.7265955531986,1,9.09686100785005,1,21.1176214088198,1,9.6704609948675,1,10.3282374442684,1,10.6778041305076,1,10.6514999028401,1,10.6310888321926,1,10.7434441584526,1,9.98532028974156,1,9.71284647063084,1,10.8190571208941,1,10.0923778368963,1,9.79314747148427,1,9.86827440100678,1,10.180467733153,1,10.572278906007,1,10.192697016643
1,23.1622933498786,0,18.6350662962883,1,16.3552881858974,1,14.2104319607793,1,11.0870731968955,1,14.3790153955495,1,17.5488587481259,1,10.1796225522085,1,9.84408429091459,1,15.0043153884458,1,16.1861502180685,1,15.5011114469987,1,10.497762470578,1,10.1404788253314,1,9.89777026270044,1,10.2833074538461,1,10.9858854080572,1,15.374275122459,1,10.4021254872014,1,10.2562546079547
1,21.789044696533,1,12.7089416976977,1,10.7648262157073,1,15.0551645259603,1,11.0220134315509,1,10.4394132252793,1,10.7328939813904,1,10.6255967575115,1,10.2339200084808,1,9.72591059636937,1,14.8581930814249,1,10.121070886828,1,9.94424331733932,1,11.0107879167198,1,10.1655878658226,0,8.94859086108032,1,10.3668472334406,1,10.1810534028654,1,10.9253577823005,1,10.355113098778
1,14.5715494264217,1,15.4862190679552,1,10.8376709948385,1,8.8790887797656,1,14.4590683970915,1,9.18480392181673,1,15.1605810412346,1,14.9159514773535,1,10.0441930773372,1,9.91663610986098,1,10.3867390840731,1,9.43834203937099,1,9.46418207317534,1,9.79366347494236,1,14.7989829124938,1,10.1129186624786,1,9.79893476746646,1,10.0594437524188,1,10.7197815255495,1,10.0245635065288
1,25.7683075621341,1,11.0570439703269,1,12.1484571151439,1,15.1190973256022,1,19.5316616723678,0,8.61785626979994,1,14.8872037803023,1,10.7193255595137,1,10.002420277553,1,9.86474685421825,1,9.31729611079101,1,15.7104231424058,1,9.91981060245185,1,15.2313610728262,1,9.88487151078708,0,10.4690445655479,1,15.1769774410461,1,9.95057579490178,1,9.24862726553681,1,10.1085281144679
1,17.1681332574079,1,13.6784814403116,0,9.43350598873696,1,11.3164443926111,1,9.3513878694302,1,15.1332159091165,1,15.4220279675236,1,16.9968915130231,1,10.7927320715874,0,11.0333152055806,1,11.2454776641436,1,10.3248910933041,1,10.8902368013375,1,9.9817790308196,1,10.2384181964203,1,15.6873563113331,1,10.059582279368,1,15.7512318369646,1,10.2897879638518,1,10.2892152426433
1,20.1283724908818,1,14.459480122184,1,10.2648236311889,1,21.6846052157073,1,10.6008736285698,1,10.8095188317406,1,10.0582068296024,0,14.2846929762244,1,19.1792363748592,1,11.2896361306078,1,9.45679886156968,0,9.35187547484581,1,9.48356580516419,1,9.45358911249554,1,14.6297807061429,1,15.3291734850469,1,10.4158617366207,1,16.4567576909009,1,10.2628330331085,1,10.1065325959808
1,18.0958963693285,1,14.3790332806494,1,10.1487150272212,1,14.4527890429565,0,9.94861550526444,0,9.94189821045384,1,10.2067210555346,1,15.8149299020636,1,10.6612162387985,1,16.5209262698723,1,15.6443663799317,1,9.63175202181236,1,15.4205980886779,1,10.8852176165787,1,10.2771443153848,1,10.5045913467193,1,9.93254776969466,1,9.4927600817938,1,10.2932523717434,1,10.272757604252
1,25.9143966002817,1,15.360124536778,1,10.4912286602178,0,14.7116000170187,1,10.1861110242198,1,9.61240597241031,1,14.9486938234503,1,14.2177628037972,1,10.1347400476246,1,9.88936055869256,1,9.4030540426862,1,10.0378648858612,0,15.4301446892975,1,10.2793238421864,1,10.2129167077313,1,17.7116022829108,1,16.1011928334771,1,11.6732675277539,1,9.61816261035268,1,10.0238702855792
1,24.5036776812806,1,19.6614495221067,1,11.3253454217087,1,18.3580547746472,1,9.22398949816554,1,11.7077340701509,1,10.0292929908601,1,10.009552325784,1,9.42881807085746,1,11.1576343315591,0,9.82513282310665,1,9.58578831941171,1,15.0177025802386,1,10.4365655404781,1,10.726621865974,1,9.94701083536816,1,10.2019233427403,1,9.8974801471578,1,9.85098018129092,1,10.1781810430349
1,23.5752381241925,1,18.6859189951337,1,19.2121648270889,1,15.5845371297487,1,12.032580412396,0,15.1714418539508,1,14.0394370985262,1,10.39532619295,1,15.5147840149036,0,14.7765795162875,1,17.3282136014287,1,10.1624198581069,0,10.8182401894652,1,13.6416941310048,0,15.4330787167636,1,9.72171617630872,1,10.2453924598658,1,15.0798296637248,1,9.60509755487191,1,9.77676376357627
1,20.3212776597224,1,17.9297789088901,1,15.4851589277146,1,15.0872295159766,1,10.5313107960984,1,10.1723944399191,1,11.2310985421522,1,10.024498632073,1,9.9320840126944,1,10.0885749094336,0,9.70365189010257,1,9.2800053767602,1,17.2646006174082,1,16.2196620960347,0,10.3806931511099,1,10.5455202213659,1,10.5207945762126,1,10.7086679445756,1,10.7500647478287,1,9.8161475721803
1,13.2720782351048,1,14.5492870562807,1,9.50584356059888,1,11.0625201683273,1,10.4576050388344,1,9.40085656987357,1,10.7813902267391,1,9.80377647741936,1,15.0821084056391,1,24.6299862114499,1,21.0906721045053,1,15.2518563793099,1,9.78037485255415,0,10.6297397744332,1,10.1265697844609,1,9.90972434889868,1,10.5751279849114,1,10.3579106656012,1,9.6027589879992,1,9.59035525526172
1,27.7143016455842,1,14.1850933761664,1,20.2595261112385,1,10.3365593078662,1,13.6846548607162,1,9.60452797907988,1,10.2806782523596,1,10.2310286053877,1,15.4766850150791,1,10.5424352059446,1,18.3215938671743,1,9.93629049557146,1,10.1238064391781,0,10.162365848307,1,11.1148268729498,1,9.82429917703636,1,12.099264829826,0,9.93049351882651,1,9.64806215985661,1,9.68448324977602
1,20.2051577528327,1,14.6433153982949,1,21.079980952832,1,10.857059087448,1,9.58563226281734,1,14.3667406434425,1,10.9466244330464,1,15.3535830785202,1,20.386244053902,1,9.35664213921572,0,16.1086871241814,1,10.2860040399003,1,11.5759648062969,1,10.3087648198657,1,9.88880107694825,1,15.4048791310619,1,9.968247258298,1,10.042436418675,1,10.7564833490483,1,10.3390415095087
1,20.6005020191656,0,13.2838904953359,1,17.163374354787,1,13.9694643785542,1,10.7408314704763,1,10.8862544487331,1,9.48858151600255,1,10.0186058541349,1,14.5992839987275,0,9.30935007801636,1,10.638422147773,1,9.49050388587847,1,15.1658427013434,1,9.04712201733445,1,10.311962535903,1,9.97112001673157,1,9.98325651192373,1,10.8115271657364,1,9.60357257860924,1,10.3935615765392
1,29.657224205859,1,11.3475553646077,1,16.37319175347,1,11.1200602726902,1,11.1266968042883,1,9.59438709852482,1,9.99277262903946,1,9.74489061737121,1,9.51266392053049,1,9.70785532128243,1,9.09851109933429,1,11.3813312407625,1,10.4794086945347,0,10.5442268514976,1,9.6315675461742,1,9.83572230607875,1,9.73796056895724,1,16.154354924112,1,9.57882701885071,1,10.1395166661383
1,16.6074907755187,1,14.002516880339,0,10.4241641706044,1,10.3107509950357,1,15.231469274539,1,10.7960145253585,1,9.59416515194593,1,15.1283340867898,1,15.314599460957,1,9.86294162865058,1,8.8612810665091,1,10.1193522843024,1,10.9905483179896,1,10.3552370934722,1,9.71416230025752,1,9.59698665382089,1,11.7245694341012,1,10.0516962442933,1,9.42500657854522,0,10.6451039000133
1,23.1688186604422,0,16.7346407307285,1,10.2436599725871,1,10.4780111167319,1,9.88573328024266,1,9.89487540128908,0,10.4694850854854,1,11.3710569454757,1,15.852909656923,1,11.7989901865684,1,10.5852516498221,1,10.0045612220887,1,14.3757966188813,1,9.90806795061144,1,15.1521469396246,1,10.2372280063292,1,23.3508994700353,1,10.0830938082366,1,10.5008178342435,1,15.7115876868455
1,24.5028462446869,0,14.8776827574982,1,14.5327999441862,1,19.5096014268159,1,14.3027635209052,1,10.2376802716485,1,15.5276770670063,1,13.7158465049623,1,9.97079152707109,1,9.40739033566506,1,10.6034269311884,1,10.4819786883353,1,9.9961577510775,1,9.99018369256232,1,9.42846741218949,1,10.3773571509141,1,10.5518507762154,1,9.55671165384407,1,10.0666201881413,1,10.0757858399104
1,32.8888200040725,1,15.8825879074669,1,9.2045952677901,1,10.8689632701178,1,9.77843881921453,1,10.1374695795997,1,10.3838810180036,0,9.94651185156603,1,9.9497056851842,1,10.6203395286747,1,20.6650762859669,1,10.3907850682193,1,10.2394966773386,1,10.4495334789437,1,10.0256769543356,1,10.4826881709077,1,15.83617842332,0,10.3682757713237,0,10.7635693909607,1,16.877611921555
1,27.39434989848,1,14.9490023424458,1,11.2963716738481,1,14.0598046376596,1,9.98397367398646,1,10.8810637241896,1,10.0352008441844,1,10.8137453309004,1,10.8958947262066,1,10.4723538601588,1,9.83887303256854,1,10.576883824811,1,10.1844883816743,1,15.2189063434716,1,9.96032168370925,1,9.95985363945488,1,9.71145591694452,0,10.7681644310499,1,10.2611110118179,1,10.1329597575632
1,32.0075111432277,1,10.2217205541321,1,9.43043488271071,1,10.3243676758548,0,9.24750520699999,1,10.8441427273076,1,10.7449153792862,1,9.59161964342639,1,9.9413911941047,1,9.24981230116513,1,10.7876774346893,1,9.9338349527162,0,21.0441016063988,1,10.6039322553837,1,9.92944076760012,1,11.0313973747517,1,10.6155180023199,1,9.58554726463961,1,10.553514928745,1,16.2901558440642
1,21.3561200866117,1,11.4567789187361,1,10.8826470385102,0,13.8506008305246,1,15.6462308045525,1,10.3116797356817,1,11.185226334633,1,10.5376356534544,0,10.2190069035036,1,9.85871377883447,1,9.19886556684111,1,10.3876029885696,1,9.60477477703617,1,15.0730036895333,1,14.357923385424,1,15.2441683931362,0,10.4693954531995,1,9.75250475252628,1,9.82063624720686,0,16.1794699506636
1,23.9862668518061,1,15.3375339803139,1,18.3726370499536,1,11.4135956230776,1,14.6968024027551,1,10.7940582605461,1,11.1307144994247,1,21.4739405844078,1,14.8928525351484,1,10.9796558287677,1,10.3490633743043,0,9.73997101094376,1,16.3519965718329,1,9.74979840021654,1,10.6867065231817,1,9.35399476756949,1,9.20939927809179,1,10.1551670325776,1,10.0201659573108,1,9.75109640856559
1,23.7005761399237,1,15.3590331288944,1,14.3084881493748,0,10.8624898678105,0,10.9087230388115,1,10.3973760595367,1,11.7974380934177,1,10.5314404258999,1,9.91354248228268,1,10.1276511211269,1,11.1780003151829,1,10.4351199520031,0,10.1221102869176,1,10.3065689273446,1,15.2560963879646,1,11.2277816865391,1,10.234033517436,1,10.6192161741348,1,10.8343235317722,1,9.6436188075122
1,30.7063524423727,1,15.1831108704072,1,9.91988158291054,1,10.4848199037296,1,9.62250432756928,1,10.3554743198945,1,9.76478537128397,1,16.2100812558778,1,9.99325620466692,1,15.1853422898312,1,10.3754550401576,0,10.1206245614577,1,9.84276935952359,1,16.675321677802,0,17.8921328112077,1,23.2606029260884,1,10.7657004892999,1,9.75534324371025,1,10.7460751874179,0,10.5415898670729
0,18.6001335314966,1,15.5913240165827,1,11.4076356633822,1,15.5059596786275,1,11.0966668244417,1,15.864000439882,1,10.2803977255384,1,15.9374054501385,1,10.2211116993678,1,16.2440212565426,1,10.2759958231604,1,14.6236207471669,1,10.0390756941163,0,10.3705626355538,1,9.49543550071033,1,12.005384207849,1,10.4798751339224,1,15.7675228395988,1,14.6292251720933,1,15.4663727492308
1,24.5699731765306,1,16.8051833783955,1,13.7751031380592,1,15.024412788966,1,10.4274765878537,1,10.2406008487352,1,10.9579705091921,1,15.3210709482768,1,10.797202647585,1,9.766840493177,1,15.048363535434,0,10.1536631052716,1,14.4835551591792,1,10.0259455921757,1,14.8276449306298,1,9.95508971067852,1,10.2729885078595,1,10.1298038552778,1,11.556695016691,1,10.0768220916954
1,24.3713263394608,1,17.5263508284595,1,15.8486113891081,1,11.5362113362029,1,13.0941241639445,1,10.6770830705808,1,15.6105361768721,1,10.731841833465,1,10.3831818349814,1,10.3015459700331,1,10.506942873994,1,9.92487465167561,1,18.9440751879588,1,10.0155725809802,1,15.7289547299265,1,9.84868329565219,1,10.1725266773305,1,10.1276561151242,1,10.1295922134123,1,10.4296125428695
1,22.3263197905641,1,16.0214481887955,1,11.7516865591284,1,11.8034008499857,1,14.7995858907323,1,18.7620428979756,0,10.3482518550164,1,9.80047345424303,1,11.6901874760087,1,9.45425324491705,1,10.0520169556163,1,15.1834718472384,1,9.77283627532643,1,8.84789969861854,1,10.8697750878174,1,10.1410305673184,1,10.063330737686,1,10.1557909132475,1,9.79772176467842,1,11.3119976997039
1,23.79500803233,1,14.8371567290158,1,10.6612639409778,1,10.6094937334594,1,14.9449954152264,1,9.92186939128302,1,15.9611923699709,1,9.36305068656348,1,10.0363175933901,1,10.7992490186108,1,9.63712024689992,1,9.23666318867669,1,11.0180045508001,1,9.90273299108802,1,9.22381920260798,1,10.3480136687398,1,10.0584018088312,1,10.7771504202138,1,10.2617367086014,1,9.51726587647907
1,24.9122899764434,1,10.3674556987136,1,14.4961104699519,1,10.4996698018297,1,10.3121309672367,1,10.1645596725924,1,20.3013414356939,1,15.440451238694,1,10.5819181447089,1,11.6486148580864,1,10.7570709351364,0,15.56992342893,1,9.94575970230339,1,9.86581528650347,1,10.7497873078617,1,10.0583642801972,1,10.222506746696,1,9.77151161679503,1,10.9922593024502,1,16.5568152685374
1,28.131922435419,1,9.68786057143875,1,13.8633353019858,1,9.07096811893727,1,15.3429061664061,1,10.1299101179021,1,14.6717189633224,1,20.3276697312121,1,9.88850945271584,1,9.93318314748502,1,16.4151791787199,1,20.8733764754502,1,10.1321204372069,1,11.2851264296812,1,9.15744614357671,0,9.87893073013537,1,10.5616791184718,1,9.63946231028569,0,9.29494388717635,1,9.83849992845186
1,20.8970312691152,1,19.1196425790271,1,10.2014472954133,1,26.0177112049105,1,14.5920532283003,1,10.1993175699106,1,10.4395350631178,1,9.98617199328853,1,10.2058841554458,0,9.72299420387195,1,15.5286503028145,1,10.3389086491075,1,10.1104690123627,1,10.1023887709302,1,15.6693275177284,1,10.5311518524095,0,9.34790771552795,1,10.2069534591305,1,11.0290240928312,1,9.84872883764565
1,28.8410312250388,0,19.9777030954282,1,14.3410385299075,1,15.8066766761951,1,11.1068730236122,1,9.91044367051892,1,23.0384454391027,1,10.2886817590436,1,15.1268458668559,1,15.4974374656035,1,9.94251679889045,1,9.81423621025062,1,10.5116601175477,0,15.178822517825,0,10.2073632663847,1,10.4738139423778,1,10.6598561833403,1,10.2104857635789,1,10.5125759514864,0,10.2695137237265
1,25.4053448825905,1,15.6478913521419,1,15.5754752235406,1,10.6246418652452,1,10.0498763431544,0,14.2066778595227,1,10.9299077105001,0,10.4712762194808,1,18.8285169741105,1,10.4025115304226,1,10.657366479242,1,9.68745946698255,1,10.4653858683556,1,10.9033448296199,1,15.4695868325639,1,9.66801409044697,1,10.2304376191724,1,10.1965315000203,1,9.8547441933067,1,10.6445703135562
1,33.94163240772,1,19.4722646757459,1,10.3629235344416,1,11.5878440804906,1,15.6216264317389,1,9.96123883072689,1,14.9092889783828,1,10.2980147368684,1,19.4143552826357,1,11.0231898825919,0,10.2671006771717,1,11.0171025374825,1,10.1736973340542,1,10.1282997750038,1,16.5270967663514,1,9.75349488194187,1,9.4611574285443,1,15.6137420983148,1,11.5100901245221,1,10.175967878125
1,37.6912410257856,1,16.2025712437923,1,14.3017936605456,1,14.9857486923558,1,20.1643571886184,1,10.6474191575744,1,10.5915695381748,1,11.2696444309952,1,32.5875185348177,1,9.7656277111195,0,10.0236572125922,1,9.47421214518294,1,9.68045477984723,1,9.33302910737575,1,10.3651634450806,1,17.0414533461732,0,9.59096176536288,1,10.1569750893531,1,16.0470148472778,1,9.60255075496957
1,26.7610548309542,1,13.7085893593048,1,13.9135600103305,1,10.6812857496584,1,14.5839433583726,1,9.88622123419233,1,14.6671844278654,1,11.2048609080244,1,10.1530275647974,1,10.950741816356,1,9.89426011762708,1,10.2098381250855,1,15.4427125615651,0,10.4789700905044,1,10.6486338498666,1,10.4163591359934,1,9.62189956945234,1,10.272153864981,1,10.550590699125,1,10.5480090789871
1,30.6987492038823,1,15.2348438451866,1,10.364158438566,1,14.4972870045194,1,14.045851678605,1,11.8732898422921,1,10.1466188467681,1,10.2701290275891,1,10.3679620595547,1,10.1633950896841,1,10.2844052010914,0,10.7098349639635,1,10.6448444474038,0,14.5873980612795,1,9.47472066462469,1,10.9574844559853,1,9.71790697921909,1,10.0303992281162,1,10.2358558793334,1,11.0108882709314
1,34.4782665710754,1,13.2356631977725,1,13.9879799847647,1,11.1902095158686,1,14.0998115740672,1,10.0592596476897,1,10.1871167278857,1,14.7934347016225,1,14.5024152927509,1,10.7416074582607,1,9.85475299082566,1,9.76352297412349,0,13.791727709078,0,10.9244311734346,1,10.0358627147344,1,9.96231595268462,1,10.4786177947989,1,9.84685248582653,1,14.2774107015225,1,10.0590604006153
1,26.1366439372109,1,20.5624587846671,1,15.1536229924013,1,10.238969986408,1,10.7198928789647,1,9.76801046087299,1,11.2615428647848,0,10.0866750979059,1,9.63581925689739,1,9.80893272463209,1,9.62181314334551,1,9.93834398607389,1,9.94142857361211,1,9.80769552033955,1,9.44538406965894,0,9.50281679861404,1,10.1263135843916,1,10.6319830941582,1,10.5355780453244,1,16.2779036281814
1,24.5422931908549,1,10.167474626119,1,12.8582398524028,1,10.6456819082277,0,9.6210748397781,1,9.6804504949601,1,14.9782826014266,1,18.1952177777642,1,10.0055036274656,1,10.0221841573075,1,10.6558515146985,1,10.5757801658516,1,9.68791278336965,1,16.2175330450602,1,11.4370101444462,1,9.45501530451989,0,15.3480493331304,1,14.9764202417512,0,16.0231821536997,1,10.2787147810616
1,33.068368714286,1,19.3771514839677,1,10.4343199867352,1,10.2556044504809,1,9.59286617850668,1,10.1085503227114,1,14.4023831068889,1,26.4702792084798,1,10.0370401428911,1,10.092367844702,1,9.61430648479574,0,9.81506507598606,1,10.3898461612492,1,9.90189613623262,1,11.5995796977708,1,10.3755994295401,0,10.1963681054305,1,10.1020958392226,1,15.4460040389722,1,11.3239861646027
1,29.7854053750992,1,18.07823055711,1,16.0904387913008,1,10.3455201746704,1,9.51376035509668,1,10.4853761703477,1,9.80421481850409,1,10.6819501496224,0,15.4648872476535,0,15.3934431852519,1,10.6824791346136,1,11.4949458465981,1,10.7558298840355,1,10.3331301139045,1,10.0000595704625,1,10.0191896015189,1,15.0329132268231,1,15.4052427559042,1,15.5445253840921,1,10.2868774927623
1,26.8275147931473,0,11.31917219724,0,11.3235014224095,1,9.76363986572385,1,9.41221454098163,1,10.247846787395,1,10.6254136759527,1,15.1773556819481,1,10.9497911612739,1,10.7830711528976,1,10.5504929641267,1,9.72214900719362,1,21.3262215980762,1,15.554403113754,1,10.5330271501168,1,10.5334181960557,1,10.1757132943388,1,10.5478526516004,1,17.4796030497493,1,10.0948273974753
1,28.706510231995,1,14.5413119996266,1,15.9379424280368,1,16.3145334729722,1,20.201677479429,1,10.1272951447552,1,10.010962471797,0,20.1012573397774,1,9.48648975635355,1,9.98928893165817,1,9.992186905677,1,9.86218825251748,1,10.0410826355846,1,9.259311487518,1,10.0658049779584,1,9.79046559277091,1,10.5264674090428,1,10.2060726269488,1,15.9605447447369,1,10.2186208077094
1,24.8804884383297,1,14.3571597569712,0,15.9019466688776,1,10.2094361189181,1,9.51426689263041,1,10.5774423347817,1,10.8159894391188,1,14.6896683634488,1,10.3745419234294,1,10.020590275155,1,10.0256059286272,1,9.51805438596429,1,9.7565905698694,1,9.73616933563923,1,10.0316719585553,1,15.1042586180252,0,10.0161440002727,1,9.99435089614752,1,16.7578093756895,1,9.89114604990402
1,25.3529441305049,1,15.2728497362538,1,11.9367110595736,1,15.3746674920564,1,10.2464797733409,0,14.0616301994164,1,9.88846113136672,1,9.99453728370239,1,20.9331277152741,1,10.5039341337676,1,11.4396450109963,1,14.151930926196,1,10.6326057913575,1,10.5461777366922,1,10.4898391105868,1,10.168031647115,1,10.0726419730333,1,10.9784398196005,1,10.9417147214119,1,20.9525560857264
1,12.5675485619226,1,13.0168767174436,1,10.9997714252468,1,9.95291037800685,1,9.43700924729443,0,9.71639512355896,1,15.0433676631454,0,9.94278585647108,1,14.8883132646261,1,14.7633242498818,1,9.70610760393543,1,9.77464051472687,1,16.0905566975497,1,14.7131451709581,1,9.93003831302174,1,10.0339134180539,0,10.733245732411,1,10.6990838265748,1,9.69871619844685,1,21.1004645930684
1,26.9947563744908,1,15.6733866363814,1,16.1277933492506,0,10.2747197425006,1,15.124323418872,0,16.3457384401118,0,11.3532224211427,1,14.8477566591384,1,15.3045608149828,0,10.9139137806342,1,14.0885367433427,1,10.3552754414078,1,10.0102248174307,1,10.3024998460236,1,9.75513333427864,1,16.9541722223496,1,10.4222921841376,1,21.2107481808423,1,9.54282610757943,1,10.0408543035053
1,34.805221372139,1,14.6100433395593,1,19.4525880621737,1,14.9535792450072,1,13.9889494920899,0,9.4758453763863,1,10.2924090173577,1,10.0823471908771,1,14.6334778601347,1,19.6851586988896,1,15.375966187833,1,14.9342198884483,1,9.78180334214739,1,9.5997577922491,1,15.7528842574897,1,15.8823234349041,1,16.7664612246728,1,9.99909687042709,1,9.81617244961259,1,10.1717074881997
0,17.5262901747733,1,11.7708281493305,1,15.682765389048,1,11.4260439253888,1,11.3400611317756,1,9.01893626192804,0,14.7108701061552,1,14.8703575398971,1,14.9619107143885,1,9.47083792486435,0,9.96348622774349,1,22.4425502684451,1,15.9885531634635,1,10.1750939837928,1,10.1137601271101,1,10.4854652128991,0,10.0182746173748,1,9.83062482886185,1,10.2400568062658,1,9.77086112570043
1,28.0647010244658,1,19.8771149431993,1,10.4796614800521,1,10.3664666093226,1,15.3931171803309,1,9.45693508557565,1,9.88030903908249,1,15.731188635912,0,10.6448187034883,1,16.8761055442672,1,9.79353949877618,1,9.81720407319323,0,9.99593947261936,1,10.6073894919822,1,9.97700584478255,1,9.86282324729509,1,15.781584007186,0,16.5237719982717,1,9.66279274085207,1,10.5851072446586
1,22.6280756163689,1,10.4264755906815,1,16.0900152799239,1,12.6349998830865,1,9.98328178440051,1,9.41335907515808,1,15.5347981926554,1,20.3870548036089,1,10.4269297150798,1,10.9539915133453,1,9.8582644880326,1,10.3330548849436,1,14.981061861431,1,10.5476162625192,1,11.0392090937888,1,9.74655780061275,0,11.4762088123415,1,10.0035704430927,1,10.9503320681044,1,10.6456450768851
1,19.5787934424484,1,10.7192543725639,1,9.56187487250828,1,8.87654546316769,1,8.87070028837694,1,15.0171302728003,1,10.4402763148512,0,10.8197598058416,1,10.0748277027583,1,21.9226077935454,1,10.750694271903,1,10.6297501144206,1,9.99449535053526,1,10.1766888407925,1,15.5548631468226,1,9.27077314282149,1,9.58935587247559,1,10.1989051274761,1,10.4226580253595,1,10.6537033532837
1,31.9821766545108,1,12.8403184821426,1,15.3954851821296,1,17.6145239639116,1,9.96799579219997,1,11.6728173238426,1,10.9250514563388,1,15.9091711586246,1,10.9248734660062,0,10.1784807816321,1,10.2066913988761,1,10.0571867802049,1,9.8211817415098,1,9.81824817113522,0,10.3758325936856,1,16.1118731876573,1,10.3587776328776,1,10.4641805597325,1,16.0944436645698,1,15.2441776474929
1,30.9787226239802,1,18.9816113443916,0,10.4869165469087,1,17.1828952421191,1,14.174486057254,1,9.84452811849374,1,14.6167129840347,0,8.43859857802505,1,10.1615271284557,1,15.5607396169033,1,9.81341305763882,0,14.5725377959368,0,10.3337631133158,1,9.8747175292273,1,9.98525594347067,1,10.2591191138698,0,9.21294974043977,1,9.64051029281871,1,9.19765108670349,1,10.1381453868975
1,24.1307245492444,1,15.029019974471,1,19.3545985602838,1,10.1545700142841,1,10.612722292946,1,14.5169721543259,0,18.4300756241201,1,9.59650850481222,1,9.28764667343655,1,10.0084744935592,1,9.93146825667145,0,10.5057586058413,1,9.88864037308745,0,10.6810786110165,1,14.8644178993229,1,9.73960491836272,1,9.72688804864401,1,19.0423722736001,1,10.3260943156392,1,23.8123373909492
1,19.8773144451557,1,16.9444008955129,1,10.5411595053415,1,10.4137296944173,1,21.0535775437316,1,9.75097511976548,1,10.4223302184976,1,14.6217359905316,1,9.90790865436294,1,10.8916002454166,1,10.2912292863927,1,9.86591225886226,1,10.2840223435381,1,15.2658776271906,1,15.2751225978661,0,10.0306816132316,1,10.2134207573891,1,16.6142149815466,0,14.9582004880348,0,10.2166220938593
1,25.6535005504819,1,15.2290445305951,1,17.8410824124684,1,13.8540668410691,1,14.7303321954031,1,9.54791772664953,1,10.3937204652979,1,10.1906131359116,0,15.633902486508,0,9.73905450836583,1,19.2023589081039,1,10.6727519476238,1,9.9203770242363,1,16.1988156284701,1,10.0253215858009,1,15.6499431600239,1,10.0817764100698,1,15.3968580038821,1,10.8165823826296,1,10.2762961815699
1,26.5200835752126,1,10.3599302830513,1,9.78881404223803,1,11.0463839113642,1,15.8800625975258,1,16.6957868733781,1,9.64697679653558,1,9.34878907766816,1,10.0438418186637,1,10.0039962616053,1,14.8142344128924,1,9.54657896387455,1,10.1709776324282,1,9.87761909533651,1,10.5631752647559,1,16.2426969060333,1,10.7223949044453,1,10.7318687864736,1,10.3864893462134,1,9.82173649247617
1,30.1571328750527,1,21.8726873225733,1,11.4893522032463,1,16.3981448471994,0,11.1323555913638,1,9.5720475330686,1,10.2541682223969,1,10.920675168298,1,9.81570123849728,1,17.2675604097727,1,10.0214859447806,1,10.2960974383773,1,10.0912453397944,1,21.5394176218907,1,8.80460861692075,1,10.2482181030903,1,16.730269930379,1,10.0792835805258,1,10.4483222954205,1,16.1335466718642
1,19.6114669891971,1,17.1762328686296,1,15.4403358731088,1,20.2761637946425,1,9.88371252782741,1,10.6667320571235,1,15.2486227057506,0,10.0420350465228,1,9.29803667555423,1,10.1800340293366,1,10.5544601049556,1,10.1229493587861,1,10.1666206890112,1,10.5393634777878,1,10.4906541672864,1,15.8318135671804,1,10.4786152369471,1,9.97201716492551,1,9.59228835894156,0,9.55134022880135
1,25.0713491263807,1,21.1252574361998,1,19.8375002088754,1,23.9673879059263,1,10.8912058288261,1,11.8697880864279,1,10.2863775820804,1,10.8274425509435,1,10.6415521273609,1,11.0035352077222,1,15.6087835194078,1,9.87947091901717,1,10.4837301074881,1,9.82358822136461,1,9.92011580280438,1,10.1308763379098,1,11.4974735972256,1,11.2477499556388,1,10.291619588661,1,10.8705872438216
1,25.6213742933161,0,10.237071172696,1,9.61133074769689,1,14.4585259649863,1,15.9395641912024,1,10.167886306548,1,10.1945408901348,1,10.1275325615745,1,10.248384291512,1,10.6858903887675,1,10.3240382591571,1,9.62099534619905,1,10.3455657387396,1,15.6790707812164,1,15.5783845091,0,9.65609397180668,1,10.5767381032269,0,14.9325984523371,1,9.87981432507668,1,10.0981972840536
1,29.1592782209639,1,15.7423273777408,1,12.9240112140728,1,11.206975802963,1,12.7627372357741,0,10.6160485737849,1,9.64899203640603,1,9.77360351723602,1,9.70495500692167,1,9.90174069114581,1,10.0170631714839,1,10.5523682318388,1,10.0220730526496,1,10.7748505164107,1,10.2487091958881,1,10.3309398749082,1,16.2235355603901,1,10.665201189895,1,10.0026551060604,1,10.1575652723199
1,27.044873353026,1,15.3067080642433,1,18.8796175948323,1,15.7398844486576,1,10.6850170469136,0,9.64951065932981,1,10.3482504042399,0,10.8960385974052,1,9.64630583272788,0,10.2228285572147,1,9.4873782624711,1,10.0978669775437,1,9.11121347499727,1,17.0181225476903,1,15.8497847288331,1,9.28989355026547,1,15.3300879111895,0,16.4159278008926,1,10.2388109046508,1,9.78816593916292
1,28.1639129810226,1,16.2936257292981,1,24.0339436221691,1,16.4998894638687,1,10.309973047857,1,14.7953146163914,1,15.7982159251114,1,16.8368284728333,1,8.99965380602776,1,15.2591317823187,1,10.7073701774808,1,10.0198300918345,1,11.0360516888683,0,10.3430229710457,1,10.4517283588674,1,9.88542961237996,1,9.84670399998946,1,9.76699552121094,1,16.4397177858962,1,10.2026764099437
1,19.6765413849647,1,12.8729321110513,0,19.007716899293,1,13.6915058304188,1,9.22278270695542,1,11.0834530673251,1,14.1758292869054,1,9.88707530867852,1,15.3970349285622,1,10.2646033705103,1,14.8321341277022,1,10.9351892697601,0,10.5528308084537,1,9.36158962986659,0,10.1574793944704,0,9.40599178980196,1,16.1912041364331,1,10.0889954583175,1,9.95595507444705,1,14.9458221770922
1,24.6970604942411,1,12.3790618716137,1,14.3090982296157,1,13.6952089090605,0,9.83630742514746,1,10.9190269243569,1,15.3070090731554,1,9.19646618410473,1,9.98521365060722,1,12.6371622212968,1,9.74935720028773,1,10.8158120069286,1,16.8775637104139,1,9.71406336288529,1,11.2826505534468,1,10.8302867499429,1,10.0004474442056,1,9.79176380037696,1,10.6132082364865,1,10.0948080421466
1,23.4392666724656,0,17.9190259402873,1,14.7779309647186,1,10.1400589311576,1,15.2052820782615,1,10.3566995541013,1,15.969796089886,0,15.1432346850266,1,9.82678555209263,0,9.71169775917,1,14.9368047746974,1,10.0536321807365,1,15.9291927614886,0,9.58601354540647,1,9.82999304873951,1,10.2525543059242,1,10.5721352294549,1,10.1595813921172,1,10.1141669325421,0,10.0107098609614
1,25.4682336584239,1,21.4286237855482,1,14.5961371294403,1,9.88473752641637,1,9.92072131576446,1,18.2918783668571,1,10.1361769071582,1,11.1619404089016,1,14.9853045382384,1,14.221480203251,1,10.53887128605,1,10.2797053070127,1,14.9922921778639,1,15.5951949374286,1,10.2769166071295,1,11.1075348266388,1,9.90331230957852,1,10.0023496910023,1,10.7493954920766,1,14.9288249226366
1,23.2726050227209,1,16.9597105596704,1,9.76663084520729,1,10.6112106631918,0,9.92407772755594,1,12.1875421594707,1,11.2802091013766,1,14.8755452336207,1,10.4472670214823,1,15.5892349512857,1,9.46445858734187,1,15.3317998320762,0,9.87336208548309,1,9.6121731077478,1,10.0598693696774,1,10.0611004679452,1,9.88745782608331,1,10.4028168536095,1,9.79845330356227,1,10.5223099029593
1,19.3101880856876,1,9.66155710299391,1,11.4449019223604,1,9.33489129270961,0,14.2622388131558,1,16.6903605231382,1,10.4871797173473,1,18.5790604131852,1,10.3024927620532,0,9.79948540318666,1,10.2526661833415,0,21.1891019340712,1,11.3394918761199,1,10.0967165080308,1,9.93259374395663,0,10.2196732993111,1,17.9601916491301,0,15.7694766441112,1,10.0256039536452,1,9.5837036461315
1,27.5141897942339,1,16.1820443669778,1,15.082822959332,1,15.0600268779409,1,11.1536060084766,1,9.89976564068139,1,10.5290075593871,1,9.58868451447773,1,9.69994488020504,1,9.35059993965754,1,9.89091997594738,1,9.37160762676257,1,10.6510154787099,1,9.96821728510429,1,9.63807957921738,1,16.4481312328458,1,10.1958074058232,1,10.412698053927,0,16.5295358792157,1,9.73940555443794
1,17.3734626483355,1,19.2437775553276,1,15.7334858429715,1,18.2892014881337,1,9.3194870453474,1,14.8616491811277,1,10.4810172730157,1,14.0432091525105,1,9.46355253668188,1,10.5726508792031,1,9.87858217288101,1,15.1051253710178,1,20.0124207622585,1,14.8259042933637,1,10.0134016157443,1,9.13795897064172,1,9.59489093818313,1,9.67190459784025,1,10.6647218635468,1,9.76949812480455
1,16.0140920791831,1,16.5408654289327,1,11.8202487506959,1,16.3094942477467,1,11.3238823550058,1,10.2707289808693,1,10.435982383013,1,10.4297490491503,1,11.1531939128237,1,15.7508842345483,0,10.0823303756642,1,11.5568850895076,1,10.4975611325115,0,9.71130957639001,1,15.168031367149,0,9.49931549059268,1,10.3024510082738,0,9.46949387437428,1,10.9377454569911,1,10.1703726864654
1,13.3873254961674,1,20.1599892759737,1,11.2501423033421,1,11.4055766588828,1,10.2767850605868,1,9.88850512170684,1,14.7469400290629,1,10.676001589919,0,10.2178800006481,1,10.2232578377591,1,10.6599791615114,1,15.5697385094871,1,23.0959864773326,1,10.0219059903275,1,10.8075063197259,1,10.1084713457328,0,15.1683013399364,1,10.2660990191949,1,10.3390787953771,1,14.825899579416
1,23.8582275359212,1,16.8026793599248,1,16.5346765788325,1,9.03857317738554,1,15.232450946,1,15.6430991451648,1,9.96305807835956,1,10.1673079613085,1,10.3067804183174,1,14.6594707211558,0,11.0608331324811,1,10.9768329757693,1,10.7144353416133,1,9.87121901000865,1,10.5847092787757,1,9.73773277715061,1,9.73816452407031,1,14.8705624571418,1,15.8216677943495,1,10.2482277055076
1,13.3927665208815,1,18.4064123167597,1,14.0774692895652,1,9.21496609798892,1,14.9375937408857,1,19.7743959194666,1,10.689600255548,1,15.6596993916049,1,9.93489093524329,1,20.1837766344155,1,10.2319960911703,1,15.4716103501022,0,9.5156825210997,1,14.9746226376978,1,10.0205400440551,1,9.47962292349975,1,9.8681921794547,0,9.92212167556591,1,11.3429659708478,1,10.3348320459489
1,19.6457361920057,1,14.3131013784318,0,11.7801586682938,1,11.2740110961139,1,23.0041995000078,1,15.5871931338656,0,9.44536647271427,1,19.0488920141229,1,10.7009287903345,1,9.88986286092728,1,15.3002523475231,1,10.2277465029654,1,14.261108219358,1,10.7888011986363,1,10.6263936078129,1,10.3134067775817,1,9.81310927458614,1,9.3461553256567,0,15.0278150252524,1,10.6734928016624
1,27.5162982600907,1,13.9343058652175,1,10.57085375457,1,10.1903424362069,1,11.1313486940182,1,15.4359188837163,1,10.9453555699005,1,10.2597117189955,1,14.8699344972243,1,11.0735791963264,1,9.54565148930343,1,10.9886267763561,1,10.1916351120637,1,9.87608809398386,1,9.44271169739036,1,15.7108134444827,1,16.2852689609422,1,9.53548555519566,1,9.90520065724009,1,21.7819751228021
1,28.8275211011791,1,19.4051034156103,1,15.4539436440068,1,11.090600241135,1,10.1831937816841,1,9.54985154024817,1,16.7553250967995,0,14.1638113287015,1,10.4834859232521,1,8.84479262557793,1,20.702820944426,1,9.69732497451368,1,9.67348976528896,1,10.1051924926385,1,9.89090467738149,1,15.2508566607596,1,9.90497678652509,1,10.5503474538998,1,9.61617903545836,1,10.0144427533424
1,25.1684116284014,1,14.7840099040529,1,10.5755379879225,1,20.3978034747519,1,10.9529558079782,1,10.0544811165561,1,12.1346406173382,1,10.0645864260696,1,10.3152651531763,1,10.0358410463417,1,11.0649208814527,1,9.34606091676906,1,9.28867586417311,1,10.4253119993215,1,10.8927828558906,1,15.9759052005843,1,9.19006013820693,1,9.61138307748855,1,10.401666962278,1,10.5400780807576
1,24.0162874513043,1,16.9511821350442,1,15.8552468166139,1,16.2245255336376,1,10.0862315104068,1,10.3591323078024,1,9.90298034182766,1,9.69006241910709,1,10.6621404511209,1,9.64133163112634,1,10.6260500731449,1,9.31441761912526,1,11.0166567992721,1,10.5891053062609,0,10.5439573044303,1,10.7161440713266,1,9.74773409160167,1,9.71588978962136,1,10.4107562569117,0,9.95751322855811
1,27.1197041758933,0,10.9514364644122,0,13.3471294305602,1,21.4296187071093,1,11.182151902514,1,10.7965037885054,1,14.6095625958406,1,10.5296527416725,1,11.2864563215268,1,12.1786591845814,1,10.2015633060714,1,9.85393556660831,1,9.82447587104945,1,10.7580376206855,1,9.84859558992559,1,9.49855764424242,0,16.8251981098844,1,15.9837005804362,1,10.5877505680574,1,9.95753136745894
1,26.4929270462182,1,14.9896643977743,1,10.3409881205111,0,14.9134304432862,1,10.8780606121641,1,15.0915100744918,1,14.8459055489577,1,10.739810387058,1,11.4021252076946,1,15.4728989999338,1,9.15358805388983,1,15.9837767969924,1,10.4778854323376,1,11.1866208959042,1,10.9097641027032,1,10.2006438478392,1,9.91941278654442,1,10.7278367779709,1,10.2639209779807,1,10.5961602491158
1,22.9028170531613,1,13.3518631060953,1,11.4214687157877,1,13.8260097406089,1,20.5029567794123,1,9.89097966444658,1,9.17574855358332,1,10.4135357797673,1,9.77115695424914,1,9.97644690512454,1,11.361720754079,1,9.94552715819225,1,10.3153347971383,1,9.18213033577888,0,16.8675554330782,1,10.3632327764607,1,10.6631206809332,0,10.2480598134673,1,10.2808358073104,1,15.1220491069137
1,22.0693957649549,1,16.446044132082,0,10.0093482570676,0,9.84359914290315,0,14.7714454109412,1,9.91328681470436,0,15.5954778421891,1,10.490888075338,1,10.1137003037472,1,10.1098388879496,1,9.32080176808867,1,9.93598004306535,1,14.9763448528304,1,9.05979493648672,1,11.025025564767,1,10.7191476776649,1,10.4790757791661,1,10.8726760771646,1,9.9317950221123,1,16.503242707378
1,26.6970937843177,0,14.6781076684673,1,15.6663247504705,1,11.2316337619846,1,11.5499949333288,1,9.77913083143118,1,9.99561866163203,1,15.689763901531,1,10.3374686913321,1,9.97947652075073,1,15.137084334618,1,15.1693392024301,1,9.91140116710144,1,9.95077656306981,1,16.5470534402024,1,10.4899851243083,0,15.8074807305165,1,10.1549277853782,1,10.4625101099828,1,10.822224119811
1,18.9787862034048,1,17.191078746937,1,15.1664878737405,1,15.2549526978031,1,15.3687589380318,1,16.1698406697333,1,10.2912368801626,1,15.7256388412906,1,9.70468881413252,1,10.1869261121625,1,10.8027301491059,1,11.0572208204055,1,9.78112287556387,1,10.5892884773891,1,10.0941438547571,1,10.114111635785,1,10.7206047838147,1,10.1371200032273,1,10.103887831567,1,9.72887319474818
1,18.4644647807062,1,13.3472097522464,1,11.4410824986255,1,12.9537936513726,1,14.3881354039193,1,15.0766598627686,1,14.7023945738756,1,16.4308334609468,1,18.7428925600559,1,10.9594233018121,1,10.4559985531874,0,14.6577389382466,1,10.4346747148652,1,9.24561052477387,1,9.87978243758412,1,9.95835207210857,0,9.66247502529834,1,10.439882114341,1,10.9330011884549,1,10.2109439610338
1,34.315909424778,1,15.3966543624188,1,14.7462306432075,1,17.8361943905514,1,15.4249067960318,1,12.0432594483352,1,14.9154959986087,1,10.3869817708508,1,10.4509075010416,1,15.571418313574,1,9.51528189259382,1,9.53829306332173,1,10.6357133602181,1,9.265393883503,1,10.1849704046316,1,10.2651788985561,1,10.4083875652559,1,9.89696227914549,1,10.2708826765905,1,10.9964670916615
1,23.3759361437759,1,16.3904918887757,1,12.057408206292,1,9.39160710671081,1,14.6984925454358,1,17.4164637040611,1,11.4584871422522,1,10.5835500187708,1,10.2218054499483,1,15.1802496714328,1,10.0235405356669,1,16.3416375765869,1,10.1131783317942,0,9.69175393408086,1,9.8210599241498,1,10.6175935911557,1,9.94970614153544,1,10.2261340044071,1,10.059257491403,1,9.88372140024518
1,14.969234637823,1,11.5667174670833,1,16.0416788928823,1,9.64267617282984,1,14.4540827229973,1,10.4227419453748,1,9.75787059571329,1,9.7510690227596,1,15.3437524798388,1,15.0665682182578,1,10.1383481618577,0,11.8796400441972,1,10.2002143067825,1,14.7611110034883,1,10.2808744443224,1,9.64981473583133,1,9.78465774657518,1,15.9076399899585,1,10.1347109188446,1,10.1912298860296
1,33.5648123962178,1,15.5003499018993,1,9.2057015196342,1,10.2847644182671,0,14.466731557802,1,20.5377146758147,1,11.2006100143269,1,9.75513298954768,1,9.30223051597071,1,10.0482782753914,1,11.289235788995,1,15.7753257285677,1,9.79740857167154,1,10.7046257916234,1,11.1605003540981,1,10.3057349016437,0,10.9878058015885,1,9.89457959186302,1,10.0994869401709,1,9.61927522801069
1,28.5818753352364,1,11.9986080759149,1,10.3486924745182,1,15.3181647030061,1,10.931200046855,0,10.626107476891,1,10.9441159274564,1,10.1384048839685,1,13.6962309164161,1,21.8822915771465,1,15.3090078795517,1,9.94301785919848,1,9.98658525770789,1,14.8553563130113,1,10.4689069346689,0,10.1076657121546,1,10.6960367089263,1,10.9394071619478,1,10.1567408614668,1,10.4062264600391
1,21.589882598633,1,15.1247787793701,1,10.6146944716687,1,9.00991401224523,1,10.0660826998121,1,15.8707848232082,1,14.4117870740394,1,9.56821494169003,1,10.0343997728742,1,10.4694807846455,1,10.1858142052288,1,15.523500174912,1,9.87785450165167,1,9.6288491148138,1,16.3176719226943,1,15.9990983432786,1,10.8046748383904,1,10.9173548692797,1,10.0856265441816,1,10.6103732624215
1,30.8928770565602,1,16.5889089845997,1,11.1336337120574,1,9.31287998291506,1,15.8021035759173,1,11.1479053098569,1,11.1318415827848,1,10.26903782365,1,14.7900662592948,1,11.8629608568428,1,11.025345713227,1,10.0440301558252,1,10.4369716330024,1,10.5042737284141,1,10.9009861902291,1,9.84940160031286,1,10.2906550566798,1,10.0452949181252,1,16.360295903862,1,9.95226293658116
1,20.7218290197108,1,11.9333222948899,1,21.1689979785224,1,10.3588092734387,1,14.8188766969141,1,10.3360530533308,0,10.1349505045425,1,10.2770282345658,1,10.7602079720086,1,15.4559908501844,0,9.84831334696147,0,9.64611200680348,1,10.1956105353594,1,10.7787653275145,1,9.97970486854081,1,10.3872536334321,1,10.1144561070201,1,10.0880905275554,1,10.2415885775863,1,10.0661931372609
0,23.0284634902091,1,17.9838838965187,1,20.2166175666217,1,9.74995511614452,1,10.6911929665834,1,21.1725091788491,1,10.6106475418109,0,9.77716133297782,1,14.9983131939389,1,10.0755133375737,1,9.7046933504776,1,9.61177710947949,1,9.70655286327736,1,9.25108167484766,1,15.4736725001267,1,10.6305294338855,1,9.38247100179263,1,10.8356216477125,1,16.069378994072,0,16.435916217769
1,26.9780630738472,1,15.5137567727857,1,10.402242832329,1,9.90789702541686,1,11.1231925918417,1,15.1280609278853,1,10.3773393364859,1,10.0745681536948,1,10.5229182893907,1,11.8607937579508,1,10.5549223389514,1,10.0427353391582,1,9.71868039177586,1,15.8997412171543,1,10.8476404830251,1,15.6009901765383,1,9.89139827199428,1,15.660213885744,1,16.4022556934393,1,10.3491386903987
1,16.5943843394149,1,10.6765330268833,1,14.5073483361901,1,19.9801692022528,1,11.9348220631412,1,14.4814472644748,1,9.76171312191149,0,9.35741242923742,1,10.52209805739,1,10.1299087593991,0,10.3555278465482,1,11.0426203079541,0,9.99295553241367,1,9.86821451255696,1,16.5351608393656,1,11.1122426927898,1,10.5373892146501,1,10.4413370804714,1,10.1019482535315,1,10.7655857195733
1,28.5225860406329,1,14.6677180356307,1,16.8704993376654,1,10.1864947553163,0,15.1729775467411,1,14.9155850636161,0,11.0753656873612,1,10.5826998174407,1,10.7344205950717,1,10.7800997596824,1,10.5136105614357,1,10.6605504720137,1,16.5046403467035,1,9.68453459541285,1,9.94344125914039,1,17.7609369992968,1,16.1420702312162,1,10.7509285300619,1,15.756716942267,1,11.415303351231
1,23.2568429831694,1,15.7522699852039,1,15.1707863352002,1,9.04404665005154,1,10.1595990920809,1,9.61250923195095,1,13.5963338415774,0,15.4480162086214,1,10.0230127482549,0,9.24812244223185,0,10.7540556113241,1,9.81194425694135,1,10.1258173638482,1,10.1796362060328,1,9.91720687931039,1,9.19179164564412,0,9.96017943686705,1,10.0155270666458,1,9.57150058707168,1,15.23628335361
1,24.0973466815938,1,22.2703899087561,1,11.5033938119392,1,10.0151600269255,1,11.3302109080928,1,9.8807835957319,1,10.3842155067114,1,14.5116024345703,1,17.0291947022992,1,15.2801735670308,1,9.88101321528847,1,15.7613407230614,1,10.7532090802613,0,10.1992351925235,1,16.5114890553082,1,10.3263315841912,0,9.70678363904427,1,9.89571427546064,1,9.66818720965134,0,9.91105406669314
1,23.8471489495515,1,9.95159848396862,1,11.1751319703172,1,17.2943991637649,1,14.440881227013,1,11.8083663051755,1,10.14201799102,1,11.2700198440341,1,15.2720230592184,1,10.8763586093089,1,9.54016571335804,1,10.2655953621388,1,10.195694706076,1,9.77237394591699,0,13.9703684345943,1,10.1791724320012,1,9.81490708462265,1,9.92680931556123,1,10.0172573091001,1,9.09073392070775
1,26.7261853938833,1,16.3953534796012,1,11.4221043703453,1,11.1596135599805,1,10.2835740280318,1,20.5970736260281,1,14.9833376109133,1,10.6670370163134,1,10.5263556892399,1,10.3565248707794,1,11.3899857143387,1,9.97687363437835,1,12.0257782905407,1,9.80599932587465,1,10.327081535276,1,9.86462406288822,1,20.8972059736171,1,9.97112145604143,1,10.6548083207326,1,10.4419754071426
1,29.9950287663722,1,15.8755429428082,1,18.4828428024373,1,9.01160236548657,1,10.626922015215,1,9.96543708331683,1,10.2821932417015,1,11.0373870489435,1,10.6268658044071,0,9.97485875377906,1,10.34225037015,1,17.7522327954038,1,17.1261829596502,1,10.7460247433336,1,9.70604422423473,1,10.3156748946953,1,16.900126472288,1,10.8646829699683,1,16.5685513865792,0,10.3050520801503
1,20.5893833467811,1,23.5367401717192,1,14.0255964534338,1,10.1841371651164,1,14.9407021263897,1,8.98473905390797,1,14.2788481139219,1,9.94477711563705,1,22.8627624336445,1,15.4345192986823,1,15.2473013883901,1,10.0776089254225,1,9.46314542402498,1,9.44423580011269,1,10.1033963511267,1,15.4262662709609,1,9.78660124466057,1,9.06140016735835,0,11.3318039029218,1,10.5810440725545
1,23.499134073285,1,11.5221873104515,1,17.7021022356214,1,9.29494932954848,0,9.78162884407816,1,16.1140762786195,1,15.8473458587415,1,20.3709055140661,1,14.277696797693,1,10.1213422995364,1,10.0622953257306,1,10.1266471878785,1,10.7252199311146,1,9.96070380700136,1,16.385310473044,1,9.37527807392925,1,10.3477220213838,1,9.75683137192502,1,15.3754236848932,1,16.1900693231574
1,13.5953592467221,1,13.9653568552779,1,11.6159747225746,1,14.9151689138809,1,15.027223620742,1,17.6953556095654,1,10.7439787049553,1,9.88933857380818,1,16.4633279408223,1,10.2120497513118,1,9.97081789465108,1,9.96860620414112,1,9.96561466812169,1,13.960418165031,1,9.8445649645506,1,9.94717235412047,1,10.5003629799017,1,10.3921390424927,1,9.99538103237503,0,9.99806290094549
1,26.0473622695719,1,14.4339030281318,1,11.09888231768,1,18.5618157977306,1,29.253678187667,1,9.57231664181288,1,10.7316907447273,1,11.6198823321679,1,10.8931901603947,1,11.0071947224043,1,10.4971550938802,1,9.63278208510005,1,16.4695692602813,1,19.6227901656881,1,10.4623359061507,1,10.9743274949777,1,10.190141612353,1,9.98747521935695,1,9.749307086823,1,9.86781679538222
1,24.7306976337678,1,19.7383683425945,1,21.1810724439666,1,16.4699543332347,1,14.107196889175,1,10.5480026957506,1,9.05664655863734,1,10.3833156057606,1,11.3057239044635,1,15.6849802283954,1,10.2516083617184,1,11.3724221834161,1,10.2772417184183,1,9.62731735291332,1,22.0919026481597,1,9.93854480721939,0,10.9166806874239,1,10.7255265809287,1,9.91094847592402,1,16.0211715279775
0,24.3433136391612,1,15.4792437750093,1,14.6074134563759,0,14.8159864824279,1,10.1903490255704,1,10.0131241051655,1,10.4976942437425,1,15.9748227957397,1,11.220195115201,1,10.79867299658,1,9.53434092134333,1,21.5489675601006,1,10.3412774210933,1,14.4361559471186,1,16.1331341904371,1,16.3109846046742,1,10.2078932289806,1,10.5059262401159,1,15.9557363640947,1,9.3696800987581
1,14.959289933284,1,11.1637574182868,1,26.3540478837436,1,11.0518227456505,1,10.7416199673233,1,9.98676206928729,0,14.4187307034255,1,10.8120668847973,1,15.8370402161799,1,12.4322909146495,1,15.2677896187683,1,10.7243279039607,1,10.3153362237047,1,10.8698207247452,1,9.88084275305768,1,10.0736749301882,0,16.6128597658001,1,9.99025035837759,1,11.0331532261583,1,10.0839171081577
1,20.3088174821643,1,11.6702470734234,1,10.5332370515089,1,11.1303553168098,1,9.83195333312782,1,15.0962240332381,1,9.01470935516504,1,10.4206040525781,1,10.4613256494984,1,14.5730134617252,1,9.55934856126459,1,10.2345897028231,1,15.0369222376632,1,11.5890696002898,1,10.0015756231236,1,9.21014239731694,1,9.80094225160682,1,22.8883953244288,1,10.8751987359831,1,16.2220023439078
1,16.3973453454512,1,10.1942779506645,1,12.8207270072661,1,13.9602357466506,1,14.5080699964273,1,15.418335985308,1,14.8925646364087,1,10.4914715789997,1,14.9185886252644,1,9.06757434026895,1,9.63678745527808,0,15.3917589456755,1,21.5063858606377,1,9.96920303675392,1,10.3823255536029,1,10.3662260841402,1,9.42664462868644,1,10.1717134012141,0,9.21779913828131,1,10.8894882012921
1,29.4692268512544,1,19.5145044465709,1,16.1152601546779,1,14.7965980190461,0,9.6191016264112,1,9.65081046599849,1,9.83052754287755,1,14.8208520526811,1,14.6481935508222,1,9.48100144958921,1,10.2708697178645,0,15.8279317508877,1,9.94528691015795,1,10.0427657079019,1,9.75406904361746,1,9.76016353619037,1,11.2698053516712,0,10.24894867051,1,10.0485076429443,1,10.2946881543816
1,17.9976333127268,0,10.8147591935678,1,11.0838977357566,1,11.0953553518187,1,13.7994674793762,1,10.7801582182293,1,15.5588739096445,1,15.4730273291016,1,9.97063267225134,1,10.8147634866149,1,9.87869875157305,1,10.0130545531644,1,10.5915402230951,1,10.048804650243,1,10.7043017678438,0,10.5315004565545,1,10.2812310045528,1,10.4486047785088,1,15.352405482863,1,10.8476275352244
1,25.8931712656305,1,14.7212085212283,1,10.6449225634159,1,11.245545291395,1,15.2062728627207,1,9.45166302712514,1,11.590982835241,1,10.563675340056,1,10.2565817077069,1,18.4364209352676,1,10.4490622052841,1,15.2552130009979,1,10.2541438719657,1,10.0063716074262,1,10.3745236470932,1,15.2814224432252,1,15.6183778960087,1,15.5542469263027,1,10.2160295712161,1,10.2027529239248
1,21.813653369496,0,11.4144839514504,1,10.5729054485984,1,10.0919763446435,1,10.6781624463531,1,9.92992480001229,0,10.8098553081576,1,15.2081668276951,1,10.2758346744858,1,10.0463269257282,1,14.4916862586642,1,15.7677454402727,1,10.1340138187079,1,9.57435543899074,1,10.2993497158326,1,9.94145367978633,1,10.6266381923882,1,10.70640423423,1,10.1437618778075,1,9.66515382307411
1,26.1187000579148,1,12.0321616148268,1,12.3634061043157,1,16.2509222773264,1,10.9340402318801,1,10.5309571406737,1,16.463813965719,1,14.6000633789869,1,10.6236583874185,1,11.1539529480889,1,11.3450866312,1,16.1784480866065,1,9.6789614402192,0,10.4239405506127,1,10.3217524157785,1,9.63413987993463,1,15.6046742475368,1,10.1286983521719,1,10.6440263305113,1,9.90251985294412
1,29.4770730126509,1,10.5287282489451,0,10.0250905950515,1,10.5582155195812,1,15.2939293154804,0,10.4223264610451,1,10.4125125907219,1,12.1993793371277,1,10.6250864503862,1,10.1753769221628,1,10.7186841859074,1,9.82692321303646,1,10.6049599736685,1,10.3825324690801,0,16.2908268193536,1,10.1471536007924,1,10.2517049908681,1,9.930668953547,1,9.78989377125978,1,10.2725089330976
1,31.0771168843324,1,20.2384256524631,1,9.78266760766143,1,10.5064856613976,1,14.4199357342914,1,14.428317704478,1,14.7938295978659,1,10.5473205014135,1,9.38648571450908,1,10.5733948924781,1,10.3125049426301,1,10.4175743077119,1,15.2476894711796,1,10.2374713564813,1,9.89339014629504,1,10.8928941442061,1,10.520990033692,1,15.4008181396802,1,9.90697153771629,1,15.9468285954423
1,29.0115279433494,0,11.0250393728936,1,14.7772905603405,1,19.047366379378,1,10.5147644839359,1,11.2391478812055,1,10.7039307150868,1,14.1923843342225,1,14.1239734105583,1,9.71603692636116,1,17.445233861202,1,10.0856350585347,1,10.42036883747,1,9.76785681911217,1,10.8678905316193,1,9.59396300815176,1,10.0458564346048,1,9.63059690578616,0,9.25328174475514,1,10.0099886922591
1,22.4830648229521,1,14.0732137450964,1,13.5684427287255,1,14.5305006941815,0,10.4582620041784,1,11.6507213918293,1,14.7265571879433,1,9.98110627342417,1,10.8355938008877,1,16.2332407006338,1,10.1159667176161,1,10.0286293086536,0,9.25554809582056,1,11.7399812910762,1,9.94719737536153,1,9.89414751882995,1,10.6656631293582,1,15.7531460404064,1,11.7110195105426,1,10.4654801256178
1,26.2357240877929,1,11.0465685286804,1,15.1156529812773,0,14.7838136946592,1,15.5304427418621,1,10.2505324868469,0,9.4185242951862,1,8.79396912392414,1,10.1117299904983,1,10.2144437061092,1,10.9262637153562,1,9.86887040236998,1,9.70887548205497,1,10.4973616185783,1,11.9441775414315,1,9.79571676101322,1,10.0794675576238,1,10.1481254912786,1,9.79805348732893,1,15.9741913812624
1,20.2136589288024,0,13.9731961668933,0,12.2110312404099,1,14.2370784186769,1,15.4760706950317,1,14.6754512410033,1,11.2825658469888,1,9.65943129402414,1,9.14364988169713,1,10.1943692393372,1,9.64765609160083,1,10.1003837484309,1,15.2243837203903,0,10.2356831625538,1,10.5627128958829,1,10.1046685554392,0,9.92023536080869,1,9.54878275012061,1,9.38628796287949,1,9.66663133548317
1,12.5116173385238,1,16.8803890935797,0,10.5024028045016,1,10.6646857597269,1,15.5815677249883,1,10.3359684450733,1,10.6681178213417,1,15.0041261206861,1,10.0464054425556,1,9.99349180248364,1,20.9013387787824,1,11.7825702616204,1,9.63634270931551,1,10.719223022931,1,16.1099774844396,1,9.90504252343239,1,11.1526700084365,1,16.1889895069388,1,10.2095727430662,1,10.9153038455252
1,24.7343370577328,0,14.3491631019613,1,12.6800631476768,1,11.615001829731,1,10.1084083329325,1,11.4475483209593,0,20.4058556216169,0,10.8775794132005,1,22.6558364066104,1,10.4304660838822,1,10.5522226942814,1,15.281248031261,1,10.7562058254128,1,10.1657291141523,1,9.92466047319903,1,9.87453138660237,1,9.88291146722843,0,10.6888290981598,1,10.636232620661,1,16.5661478688205
1,25.9763099644201,1,16.2102930022948,1,10.6977192525799,1,10.2486105981694,1,10.326808716187,1,14.5521088991649,0,11.0757679648187,1,10.686844035426,1,14.6760003635795,1,9.66940558614878,0,11.0326131648093,1,15.4869035186103,1,10.6064717499109,1,15.9443110235932,1,10.8738325904528,0,15.269637938462,1,15.2058171874436,1,10.1160338638607,1,15.3047255368175,0,9.75297894987649
1,25.4914327824322,1,11.5314356346707,1,20.0342439403415,1,11.1380424560765,1,15.2162641061408,1,13.8112010416469,0,14.1963871136025,1,14.583340988762,1,10.2561814924595,1,10.0798015562557,1,10.3383846692114,1,10.4339073586298,1,9.8015937195412,1,10.776518578537,1,15.6435083332154,1,9.52446085788486,1,10.0201660816272,1,9.09620867063188,1,9.90283032053837,1,10.5853172396506
1,25.250340385812,1,20.9507985075949,0,19.7460761931442,0,14.6491239820758,1,20.2576599914943,1,10.016377832461,1,14.8578748098244,1,14.1417612181722,1,15.177407781945,1,10.048727349288,1,10.4317777317481,1,9.91863127855329,1,10.4415766803453,1,10.2553425850001,1,10.5726048827842,1,10.1018830625358,1,10.6023345262854,1,9.90718236223195,0,10.2335910000803,1,12.777026758814
1,26.1338567903924,1,14.832910408192,1,15.6994162962699,1,11.0657998423335,1,11.0564759795975,1,9.9581461040228,1,10.4743151859509,1,15.2893583448354,0,15.5498736858831,1,14.4603215758996,1,10.4408867119498,1,10.3998055617808,1,10.4606105440197,1,9.99777291083888,1,10.754890960919,1,10.7433285207989,1,16.1293756197097,1,10.314506959186,1,10.3700490737486,1,10.2578656367458
1,29.7785251504312,1,18.5735876842604,1,18.1873522328796,1,9.05904807356664,0,10.2199528354124,1,10.6695042610298,0,14.5559211922175,1,10.6047913078364,1,10.2263098679273,1,21.4070469430599,1,9.59892979422037,0,10.2729422089734,1,9.63290098667898,1,9.99848539903753,1,9.62917055034402,1,9.79832363636641,1,10.2932258998099,1,10.5922531108133,1,11.1235268503328,0,9.56713939709367
1,22.8522931616003,0,14.1234261427843,1,14.9484724773348,1,9.68823254564923,1,9.56349063231113,1,10.1723956547786,1,15.1384671585709,1,10.0729663543055,1,14.7521830161965,1,9.49054109338675,1,9.97510525277703,1,14.7284708885319,1,9.60069330688318,1,16.3751552454844,1,10.3818632830341,1,10.6738916837091,0,10.5008174665776,1,9.85197783559028,0,9.9352499294113,1,11.7780109087995
1,28.2096504246149,1,12.94713194784,1,14.4433422131127,1,14.8664825523876,0,9.78112331569097,1,13.9986311251933,0,15.2087784165519,1,9.56724256529156,1,10.4556733039666,1,14.6991477175578,1,9.76712761365487,1,10.6761201339288,1,10.4273958720482,1,10.6517018603023,1,10.5261245425158,1,11.0585542623691,1,11.2146783423892,1,15.5875021710801,1,11.4195577757548,1,10.5616660490802
1,27.6442186258131,1,13.3470491066738,1,10.7228457728792,0,14.4694325245433,1,10.4239590967683,1,9.61584039145969,1,19.5955651841476,1,9.18465641262578,1,10.6616716603781,0,15.7945933116219,1,19.8191452113189,1,9.65723932832519,1,8.98788196109583,1,10.3062279489546,1,10.3895584623007,1,10.2687920098852,0,9.24803373502965,1,15.2036007543558,1,10.3565784577348,1,23.022597838603
1,34.4114651887298,1,17.6889405438989,1,15.238306653353,1,14.9660170693904,1,10.8756128443609,1,11.1506407713455,1,9.76534524139147,1,10.5316924690351,1,15.6637423986188,1,17.3975683242936,1,10.8651114606899,1,9.68201044639402,1,9.73205909915917,1,10.3924659434431,1,9.8243056972457,1,10.11568581443,1,9.76071034956031,1,11.3603135401167,1,10.491956029818,1,10.0656986741607
1,24.3188740333359,1,12.3014962218157,1,12.1284937636942,1,14.6777374459575,1,15.4298995374535,0,10.240087945834,0,14.6950786392889,1,15.6924944253188,0,10.1563869713031,1,11.239083841553,1,11.2891547049342,1,16.1142449720078,1,11.6920321529371,1,10.4612339487912,1,10.1777497153071,1,10.688631959052,0,11.0047127444833,1,10.3062628991436,1,10.2021526094464,1,9.81326354482175
1,24.398061383243,1,9.69845952791886,0,9.949745745369,0,10.9080660236445,1,10.6059408601613,1,10.7176671889311,1,9.65909103034518,1,15.1277255647981,1,10.0696349502661,1,10.9748690063031,0,10.4707122204724,1,10.2344076999994,1,10.0521438943843,1,10.2925882719074,0,9.79610301475093,1,9.45082046884953,1,9.53620320509446,1,10.575615637729,1,9.99286174722719,0,10.0884885994354
1,37.2364468901857,1,17.2673006531488,1,15.8531405544877,1,10.855888249335,1,10.4338092908824,1,10.4091957955036,1,11.3046157661029,1,10.8160450023171,1,9.93952586805528,1,10.1252121261422,1,10.0010956755109,1,9.76089674756606,1,10.0661796359765,1,9.64873503554183,1,15.2748903998609,1,9.73681178718275,1,10.1802802873721,1,10.6491908827535,1,9.55434678862864,1,10.0291242627367
1,21.2002957707549,1,15.4376232697172,1,10.0563519137603,1,14.9996177766877,1,11.0184005055742,1,10.3074940804123,1,16.7242297320722,1,11.2541116995765,1,10.6179334298865,1,10.5291812849305,1,10.6557103146706,1,9.97133546828779,1,15.9082432494321,1,9.92242993588652,1,10.8281849870272,1,9.84263086343741,1,15.3641338446678,1,9.6020418346622,1,10.8752143123924,1,9.42387506962736
1,21.9118635427132,1,12.7968247603984,1,12.3125209314735,1,10.3313716774245,1,11.4015978769867,1,11.1211936026487,1,9.18072718290891,1,15.7710937748139,1,15.0529726688533,1,10.1146595365015,1,9.84414431264796,1,15.5899333135405,1,10.4139463963295,1,10.1245555542928,1,10.1064378630448,1,10.5090694485982,1,10.5936561976936,1,10.4284161828389,1,10.3364483350166,1,10.0590458741561
1,22.5719434302759,1,21.8092895112613,1,10.1063340962255,1,16.2936467077434,1,16.4079377534652,1,14.4979276261866,1,15.0591903227555,1,15.3127272355065,1,9.98757222263719,1,9.43963997806487,1,10.4414454485394,1,11.7931369411089,1,8.9839863060961,1,9.37237246527128,1,11.0179014343596,1,14.7275876065814,1,10.252675896363,1,10.0022322923583,1,10.5919341949817,1,15.9496569247995
1,29.7326469817102,1,26.0997764111373,0,15.5488590433235,0,9.32491421143018,1,9.44846488953927,1,9.82443569148231,1,10.3990454263604,1,15.2284267732278,0,10.1665733445895,1,9.92350786810525,1,10.3402520330584,0,13.9862311372095,1,15.0832896700444,1,9.84277511820961,0,16.3035189162981,1,9.26113431272246,1,9.49007195883149,1,9.16452640305833,1,10.5187798257097,1,10.003591228026
0,28.4989526026212,1,13.672599149324,1,11.8596192453363,1,15.7294151966048,1,11.0493744220792,1,19.8742975603984,1,16.3257021103,1,9.35412455101989,1,10.4391586375028,1,10.2720447398852,1,10.3509994398058,1,14.3614416993732,0,10.6966123385826,1,11.2270625689253,1,9.97858421874519,1,10.077988371236,1,10.1989966310523,1,10.57942387604,1,10.4144425857264,1,10.1731194982321
1,26.6284119501544,1,14.138248783153,1,15.9006418344237,1,18.9610019737331,0,16.1575297701749,1,10.5569347849059,1,10.5734189617208,1,9.73418129229836,1,11.0696361447219,1,20.6426083759556,0,9.9190684439207,1,15.1131611949883,1,11.0137356818018,1,10.3873636160217,1,15.8892554855344,1,15.038798334475,1,10.3365487310971,1,10.8436073665782,1,9.86349770297959,1,10.7477456338227
1,26.3185757302516,1,15.2152769044194,1,11.9661160423417,0,15.3193017076959,1,14.7453468216944,1,15.9290169729545,1,14.831885947222,1,15.8890870339528,1,14.6277715656401,1,9.86049385444755,1,10.5278811807423,1,14.1411505805509,1,9.97237774401412,1,10.0062140947951,0,10.0022271453539,1,15.9639446153483,0,9.76539365712705,1,10.4836874246617,1,16.6204000822963,1,10.4576976437959
1,17.4152061901371,1,15.8673194922528,1,14.9273167364317,1,10.6444814573259,1,17.4517016157724,1,10.0378808439603,1,15.4953508101369,1,14.4085577068969,1,14.4382542763135,1,10.213825521669,1,10.0932722457852,1,10.9226529489598,1,15.7326046890224,1,9.72536508950211,1,9.80365598395799,1,10.7071857466895,1,9.99738280832257,1,9.47259853908672,1,15.691874933649,1,14.4263331263941
1,12.5553688859987,1,14.9412463585975,1,10.2962214005488,1,10.7305696604656,1,9.8994466564231,0,9.7285375491705,1,9.48268014352925,1,14.5389638494895,1,20.679133668905,1,15.3576511484663,1,10.6109917104457,1,10.144927774898,0,19.9688468885611,1,10.6474731231094,1,16.6368479371998,1,16.4754299872113,1,10.6474447607211,1,9.76483503663086,1,9.46713331138635,1,11.0136782266805
1,25.2828504825535,1,15.4059707891358,1,16.0558153387668,1,11.2427823025546,1,10.5159111559786,1,9.99673886071899,1,15.9181022985617,0,10.1048255858762,1,21.1241648554886,1,10.7153664644658,1,15.0176188687879,1,10.3412743819949,1,9.98091191190064,1,10.3115673364444,1,15.56939661571,1,10.5061757888476,1,10.1736110282364,0,10.114585007332,0,9.8065431675383,1,10.5457560624814
1,25.1618023365863,1,20.3633880143367,1,11.1457869900002,1,19.2624195503858,1,11.7012254729851,1,11.3583768699422,1,16.3637890825789,1,10.2632769720973,1,14.5168228901129,1,15.5495270329675,1,9.41959443824717,1,10.2313589951153,0,16.5625124740303,1,9.77004398083647,1,10.2540429789744,1,9.90934444668861,1,10.300725884455,1,10.9883762726009,1,10.9959340931104,1,10.0037289874394
1,24.2279705357221,1,12.6252516354592,1,10.7902821970288,1,11.1070834605513,1,14.4803476417428,0,9.90952644218763,1,15.4434197415569,1,9.49457557340336,1,10.8544414513112,0,9.47818399486736,1,11.1401590273688,1,15.7973992833604,1,10.8913377977235,1,10.1604913574499,1,14.6224821527443,1,10.1486077962117,1,9.85603779296608,1,16.4856303834719,1,9.87166205515602,1,10.101722803542
1,16.4608098295795,1,15.9195247953327,1,10.9115740316998,0,10.8434974897248,1,10.124860350068,1,9.63799778627041,1,10.2586446548041,1,10.0564130851377,0,10.6766961754363,1,16.5997357273074,1,9.33340750686019,1,10.5652242830078,1,16.7239334961847,1,9.35421437747011,0,10.6153431661842,1,15.2264841782381,1,10.9481641494607,0,9.64599478967391,1,10.2274328053721,1,10.2826385277201
1,27.6311758014807,1,18.7291863300771,1,11.0370151024884,1,10.3047613230729,1,10.4843561600819,1,9.49435751566428,1,10.7742487812163,1,9.87903710786309,1,9.94429212354448,1,16.5091287206332,1,9.99779863656214,1,10.483504210008,1,17.0226707763889,1,10.809135293005,0,10.4953472521286,1,16.2702175872339,0,10.0700132353674,1,10.0166386389197,0,10.0154532804376,1,10.0606501560676
1,25.8138244310677,1,12.4252350130049,1,12.5459714963797,1,14.0306837450884,1,10.3104910886211,1,11.992585813553,0,10.5450808638033,1,12.0277706139556,1,11.3239509042378,1,15.8491092572582,1,9.53366967966832,1,15.0712037802947,1,10.6135201503406,1,11.6823167862438,1,11.2643159758119,1,10.8378368178777,1,10.1727875344509,1,16.0384621201684,1,10.2751100209218,1,9.97062713860912
1,28.7924921010998,1,16.2893630783851,1,17.3284465779143,1,11.2084502395114,1,14.8434735958826,0,9.39892402987867,0,10.0253550132753,1,9.81365068220129,1,10.5332621741193,1,15.149322020226,0,10.4679480520047,1,10.3114832008405,1,9.94296618710219,1,10.4295445972844,1,9.89668360286313,1,9.42848641000773,1,10.3436180400053,1,9.88326365226001,1,10.0058831618965,1,9.90707138301794
1,16.4546544859178,1,15.7642966742864,1,10.6492072445602,1,10.6673929014698,1,10.5257966772326,1,10.2706051823029,1,10.3878672184626,1,15.8500295044596,1,9.78793936294656,1,10.1169468054744,1,10.0205198761765,1,9.02581013841296,1,16.3960597087679,1,9.69812789573833,1,14.797232465502,1,10.8520932451236,0,9.67429318068036,1,10.1835984144792,1,9.78408443583509,1,10.1948866821756
1,26.81297470909,1,11.9412133023185,1,12.1596126206227,1,16.0953587160367,1,14.2862951730851,1,11.2038317235253,1,15.7724316453035,1,10.8440230310921,1,10.2317925870734,1,16.3875969844937,1,9.20665075019518,1,20.4518685703896,0,9.85241328235813,0,9.65817323634153,1,9.77111459459963,1,9.77761768772603,1,9.42343394054737,1,9.95101868174882,1,16.4033342699324,1,9.980309866359
1,26.1342665360198,1,15.7550554905472,1,11.0120101330667,1,10.6729132791828,1,10.169231388814,1,10.6384404420194,1,15.6548218724006,1,9.80962207743207,1,10.4012676019317,1,10.9902002607313,1,22.0744684447116,1,10.2301390579112,1,9.88906424272401,1,10.1391746871788,1,9.71902636814341,0,10.0188377646305,1,14.8010251496383,1,16.5910330108769,1,10.6277135805737,1,9.94382775845349
1,25.3862377342366,1,9.57931555124304,1,13.7437221126095,1,14.7245112013288,1,15.1915127616169,1,10.6574870922041,1,10.7268229535424,1,10.3975933815584,0,9.87707538685233,1,10.0008111001085,1,15.5426723125309,1,10.1440623442022,1,15.9147809545725,1,9.87529167702142,1,11.0496542904924,1,10.0236499710147,1,10.1741629928846,1,9.63795916096242,1,10.6117801022741,1,10.2695560879955
1,28.2909899270486,1,13.755081111856,1,9.6905585868558,1,20.4958119651144,1,15.3414947632773,1,11.4980284861296,1,17.2656923151089,1,10.2444975473528,1,10.3099495497439,1,9.90017472187007,1,10.5179703663631,1,10.244838711286,1,10.4376688973045,1,9.97031919682594,1,10.1049768464408,1,11.1224122803056,1,9.9528024567964,1,9.71910444049573,1,9.80767573804535,1,10.4531282793251
1,23.8855828153109,1,9.78335485875882,1,14.4934962793665,1,10.3977364675774,1,14.833100673234,1,14.2813206526052,1,10.1620565282789,1,8.99572924626073,1,10.5788498274027,1,10.7135495978331,0,9.12813340560745,1,10.8864313552846,1,9.09724786916657,1,10.6576568914535,1,10.6914613105068,1,16.5866755034774,1,15.9474476650493,1,11.0308794160743,1,11.0212795891805,0,10.4016942765458
1,19.8299062040807,1,11.4943085342221,1,10.450235135455,1,14.0255279379244,1,14.5063271783857,0,10.8025893422228,1,10.4560244764912,1,10.2382777442456,1,10.5110292713815,1,21.5303998214369,1,12.3424554733253,1,9.8668164118861,1,10.0153854821198,1,23.9496033958637,1,10.3595805480564,0,10.3491242573267,0,10.1205438467303,1,10.5004035927157,1,15.6531416076549,0,11.0369442846379
1,20.5041785612671,1,10.9734764402999,1,11.0207345224987,1,11.971259890898,1,14.5402797849802,0,17.0340804986344,1,14.4982120034039,1,20.4429596359926,1,15.4819616389358,1,10.8769117868391,1,10.5200330157554,1,10.2634692909762,1,9.90069045680969,1,10.8339743932725,1,10.9343731333387,1,11.1096770325272,1,8.88915144764276,1,17.7684672088058,1,10.3158764618673,1,10.817623665694
1,27.9893661016806,1,10.383469975609,1,18.6996492834612,1,10.5908576669928,1,15.5931535002133,1,9.94172616864982,1,16.9663935003458,0,10.2275892840847,1,15.7480532309363,1,9.79799375843374,1,15.4392798238487,1,17.1660089931301,1,10.2617026302181,1,9.56565936380505,1,9.61292733890587,0,9.83628652246207,1,17.5970289856239,0,16.5679229593449,1,9.76757958395168,1,10.3724118304487
1,19.1443083789892,1,16.5200670498328,1,10.5018900357944,1,14.9817361498576,1,13.5993804395182,1,9.89105272549692,1,10.4823297856392,1,10.7945420964343,1,10.9972399875672,0,15.1330763190383,1,9.86168169080812,0,10.2438967790439,1,9.95360313968541,0,11.0083332902502,0,15.7466085161623,1,10.8541128362933,1,10.7529357541987,0,9.93107551787737,1,15.5952587653669,1,10.3133332957854
1,29.4047671328703,1,11.0505897191131,0,10.273962150785,1,10.3978194962372,1,10.64255476193,1,14.2518346138706,1,10.4768743876913,1,22.2954919361602,1,9.77663706750576,1,16.5597150466976,1,10.4862258790133,1,15.985660118929,1,15.1232130114957,1,10.4799461108905,1,10.3559699205355,1,10.9206097529928,1,10.2027474502493,1,10.4582126821689,1,10.0811529175873,1,10.421556287299
1,30.1115847877258,1,16.2194009612945,1,10.9100628032208,1,10.7179275666659,1,14.1795221453741,1,9.82083075555034,1,14.6122638899886,1,14.7810577689305,1,16.7731356510609,0,10.0885903853962,1,14.6091252439707,1,10.3752222617806,1,10.5024968723538,1,9.79799668875639,1,10.382282796708,1,10.3836353724863,1,10.0334044961329,1,9.88415482489772,0,15.4676244258222,1,11.0474182518279
1,18.5155278894823,1,13.845260920163,1,21.5781427477516,1,10.9563231451706,1,11.0612911398768,1,9.77087211851772,1,11.5280825025835,1,10.1254408973157,1,9.52346435844519,1,9.92953474989382,0,11.7881897942691,1,20.2269283300272,1,16.0782268016326,1,10.0897263903677,1,9.57368262467081,1,10.1007241352738,1,10.2860428448802,1,10.2330990328539,1,15.6282346020422,1,15.0990360969578
1,32.6970772752486,1,12.256103588268,1,14.8234905673016,1,19.8866176935846,1,10.8089700842142,1,15.7515605416507,1,10.312063252037,0,10.2586080048281,1,10.6723677124099,1,11.2532992353308,1,11.7498529270159,1,14.7878241073928,1,20.1329141817649,1,10.4723372051869,1,10.1058571019675,1,9.90696191867568,1,9.98645131799332,1,9.54468210861148,1,10.7511520627825,1,9.85529780204578
1,24.5935456929649,1,16.3719099801227,0,12.4335101131091,1,15.8094231027002,1,13.8598199156866,1,14.7980643828347,1,13.2681374397225,1,11.2046067935592,1,9.930334704805,1,10.4552421530027,1,9.64334157290295,1,9.71307173548981,1,9.8875235038811,1,11.0399730969571,1,14.7141584905249,1,10.058348316771,0,10.4146009447828,0,9.8719395476966,1,10.1718784024622,1,10.0335880332163
1,26.1901766412006,1,11.4733555739441,1,11.0066440543781,1,13.0555745137613,1,11.5570978049577,1,15.8364411707632,1,15.6717216596127,1,11.6104045852573,1,15.4746231477309,1,10.9884309495161,1,11.0934772241542,1,9.09776023679997,1,10.1767869354404,1,9.9221868411651,1,22.1191599593135,1,21.892385827287,1,10.6480472605616,0,10.8042693898699,1,10.736970464328,1,10.2295763241792
1,29.8614719056575,1,15.6479497734754,1,13.9510827728198,1,10.2924035199031,1,9.62302389742004,1,10.2377431900969,0,9.48087398671325,1,9.58440244494224,1,10.6899168609632,1,11.0201855950024,1,19.8355257681302,1,10.8271242099908,1,10.5387002730789,1,14.5193329669298,1,10.0542110246324,1,10.8872274229548,1,10.3010556573965,1,10.6149821677986,0,10.1163449882727,1,10.2014642526932
1,27.3054567623757,1,14.3074601912551,1,11.0244751506348,0,27.2339071093105,1,10.5292101217463,1,10.3092417116249,1,10.4891392428065,1,10.1747024396912,1,10.9349998766097,1,17.1241136413463,1,9.87145085602306,1,14.7102152883478,1,10.1590120595015,1,10.3338925428026,1,10.4398279149296,1,10.0857905377297,1,20.8733425552204,1,10.382565771159,1,10.6878605904252,1,11.6782088723462
1,17.5059074775585,1,11.2508765959983,1,9.82273772107219,1,15.0533380445254,1,16.7089773200859,1,9.78667254000078,1,11.6017043874311,1,15.1552804836163,1,10.149471777801,1,10.2225286710612,1,10.6083252171875,1,16.139956554065,1,9.46655678527469,0,9.92571350705245,1,10.5465186429283,1,10.4185129462712,1,10.3372686036666,1,9.70285410689859,1,10.1752482463955,1,15.9630884931232
1,24.8724037494904,1,14.9313079544506,1,12.6957539263615,1,14.9556320214708,0,9.31500618022776,1,9.45605433306095,1,9.9106192427665,1,11.0423515786411,1,14.3145414940602,1,20.9806610041467,1,9.98484262334463,1,9.9485974002602,1,11.4375497329747,1,9.40972997458338,1,9.92901534042625,1,9.91218139883893,0,10.8446713915254,0,10.0992169696993,1,9.62711868555648,0,9.86306888775767
1,16.637236871981,1,16.7381605986273,1,15.7499876106579,1,10.3645214743385,1,10.1425663436747,1,10.8176672246338,1,9.80439377081446,1,11.537746633732,0,10.1869078633297,1,10.454579276346,1,10.0709880591306,1,20.0175335543164,1,15.0766761641603,0,9.29405017775562,1,10.1646991059594,1,9.73549450223942,1,10.3164436631732,0,10.0539688557538,1,9.32485713692832,1,9.95642855778352
1,28.9114685939765,1,14.4103511789665,1,13.0988844713972,1,18.4078373688982,1,9.8234483896874,1,10.2199718273368,1,9.83056268164839,1,10.0644365497536,1,9.63972249841427,1,14.4414362694713,1,9.50239056666971,1,10.1370335913882,0,10.6712617539265,1,9.93525141696299,1,10.5816541538015,1,10.3377351443154,0,10.3177622539569,1,10.3908106829712,1,9.76654775165922,1,9.81391047582871
1,38.7592996068805,1,12.4977635206835,1,11.5358414200679,1,10.2724876848226,1,11.2976430739506,1,14.2165999006859,1,9.55352371012083,1,12.0449191546543,1,10.004265412458,1,18.8460979901508,1,9.18656111149195,1,9.76872075263456,1,10.393326874783,1,10.6210687486057,1,9.79742975661292,1,10.1471386325563,1,9.58669235340505,1,9.96872382844914,1,10.33629088583,1,9.87512900252318
1,24.7656494090885,1,19.4900618343915,1,14.4914905029617,1,20.3999090978752,1,11.555013728456,1,10.338867730877,1,10.2077919680091,1,14.6223877008848,1,9.66494468130517,1,17.5614296132056,1,10.1740947901354,1,9.62496209979822,1,10.080449785298,1,10.5262066977996,1,9.13713331949493,1,10.3998988208604,1,14.7389093932776,1,10.0929953715721,1,10.1083072410165,1,10.6267279059322
1,22.4850329746135,1,15.1951573441086,1,14.9985349461761,1,13.798106156572,1,8.99327555967,1,11.3801200169285,1,10.9767609032713,1,15.5324626770356,0,19.4301745449746,0,9.4943224704324,1,10.6767311017897,1,10.9144317121022,1,15.2702207426894,1,10.5502512268218,1,9.36137378152303,1,10.4307719923109,1,10.2370307647781,1,15.2437599587242,1,9.32340719592125,1,10.11160414364
1,20.185763857276,1,13.9654688502682,0,13.6959578746894,1,9.78550752205034,1,13.3273474421379,1,15.6979887598215,1,14.2683962419864,1,10.8073712734632,1,9.34196485930576,1,10.107731927053,1,10.2588465302229,1,10.5434478841795,1,10.2852154410618,1,10.0571920521983,1,9.60578754868693,1,9.6561387459887,1,10.6578731512386,1,10.1643287083123,1,9.83770042068814,1,10.7445177564275
1,20.8216729757881,1,17.2479971509719,1,13.9395535598751,1,10.4784957410668,1,10.4569035301274,1,14.1627588467361,1,9.93726620937682,1,14.3472688302029,1,10.6624548637043,1,10.2984189293804,1,14.8706355989935,1,10.6636171140839,1,15.3294352442585,1,10.0806179735538,1,14.7539887270987,1,9.80600650139399,0,10.971075276798,1,9.52875435779354,1,16.2067912054612,0,9.93995242364581
1,25.0318104446632,1,11.6546936437819,1,10.9080716844128,1,9.68413771846519,1,10.6067776139577,1,10.8323847139798,0,10.5655237382455,1,10.3643633897174,1,10.7314805931087,1,9.76277777147843,1,10.0371273614535,1,10.2561467663218,1,10.3848650835234,1,9.47169174703173,1,9.99350407392864,1,15.0917154357305,0,9.78805114953281,1,14.3821446914149,0,10.2800125281854,1,10.0590073402209
1,17.0805843154747,0,14.3756911327907,1,10.5473102591494,0,9.4556253875219,0,9.69962802756581,1,11.2021424978029,1,9.92915932448774,1,10.43705122768,1,10.2277373186962,1,15.0448014250149,1,9.36055309470631,1,10.5328558765342,1,9.29451984787867,1,9.66168367123911,1,10.7946420016122,1,10.4216141955576,1,10.5606407728398,1,9.69359075851469,1,10.1076682206789,1,10.5722918093185
1,28.6246327808655,1,15.4413868455601,1,10.7805421738461,1,19.4401517499762,1,16.1789981395889,1,12.2854140526495,1,14.5167544678312,1,10.2973067036884,0,10.4342698038975,0,14.6217381986725,1,15.7677436046236,1,10.2440556756363,1,15.1301802875605,1,15.5345129813913,1,10.3738211153182,1,10.8354554836971,1,9.81328463798604,1,15.8767805365317,1,9.67004971828357,0,10.4625893905796
1,23.2369764572398,1,11.5123727857814,1,11.8790587159958,1,10.8460997070649,1,15.6317536022784,1,10.7972176153488,1,10.6766248961728,0,9.56163809598887,1,10.3947307969627,1,10.7532560802776,1,9.86174980113651,1,10.4494452072979,1,9.32348441013884,1,10.4725017733996,1,10.5224719886493,1,10.8437223350683,1,10.4477993923661,1,10.3446305116317,1,11.0385587943199,1,10.0823450592843
1,29.7388140105832,1,16.3213523967082,1,14.4603217234161,1,10.5906140602365,1,11.537611944647,1,10.5472623559586,1,9.89713323675056,1,15.6001296026587,1,10.0772702494723,0,8.59461299371131,1,9.47198242530551,0,10.3614901043912,1,10.6208901370949,1,10.3706367043816,1,10.3745548016513,1,9.89480467255555,1,10.9405965382306,1,22.0566848934431,1,9.55692570092498,1,14.9558767600083
1,23.3340917801138,1,10.7245798775982,1,10.3368097854033,1,13.4182537870333,1,10.6247731876703,1,10.0876438392714,1,9.92562211938995,1,18.6497524813799,1,9.85744421075363,1,9.97039811896909,0,15.2764391622013,1,14.387047260212,1,10.8977148653964,1,10.0536371662504,0,14.8624519146663,1,10.270877590704,0,10.0786060095103,1,9.65329056758938,1,10.8651530438819,1,15.7041477777112
1,24.0680059118469,1,16.6843525793908,1,16.7820720094676,1,14.9355124178244,1,10.066237990524,1,10.5074781768685,0,10.157837824565,1,9.92478693383882,1,10.2048411596518,1,10.1879283925795,1,20.0832805912241,0,10.4295012294497,1,9.6994738758857,1,15.0766908567327,1,10.2962502266838,1,11.9211818014969,0,9.91516746606155,1,10.4455263780491,1,10.7305986301738,1,10.7292941284953
1,21.8373983383865,1,15.4043246646238,1,14.5945153010719,1,9.54439605803076,1,9.82081672210531,1,14.7859008825515,1,9.8179985116488,1,9.72584899495742,1,12.6349361166765,1,13.4312589205745,1,10.1037395106148,1,9.29778378388366,1,10.7706088506013,1,9.87683167097765,1,10.4923208025873,1,10.1842835072469,1,9.94442237210794,1,14.7556280042043,1,10.5777871420415,1,10.0835148896914
1,17.0789410672618,1,21.8052801588308,1,9.44699410995121,1,15.3861662343434,1,9.06125559167767,1,9.27240616904391,1,10.4353386579465,1,9.58693013001203,1,10.7325342325662,1,9.87187627148996,0,9.87135478184003,1,14.5809135627962,1,10.7445594205651,1,11.7274834566862,1,10.7669687109759,1,10.0230681565023,1,10.2533065738919,1,15.7383842756262,1,15.5062509781475,1,10.284869819997
1,28.723259739684,1,14.5659225843429,1,14.8923466763215,1,15.5460689575938,0,10.1277649345022,1,10.5403341718859,1,9.75370334054471,1,15.7559771829854,1,10.690139002524,1,10.2768260410389,1,14.8246191992287,1,14.1221637011349,1,10.0687222370185,1,10.0655741474404,1,9.99902067540785,0,10.1137628907373,1,10.3375694987918,1,10.0900483228728,0,10.511155834293,1,10.1142518352361
1,14.5804351479244,1,19.8553871705401,1,10.3268880514203,1,10.966659469173,1,9.80280185515464,1,11.3052010227754,1,11.8313308195842,1,10.8277586185026,1,22.7301320677554,0,10.6968831265314,1,11.946090333915,1,15.7453427917983,1,11.0433213020562,1,15.709798173202,1,10.8545174091306,1,10.1392898673234,1,16.3798830809616,1,9.73660416503807,0,10.643789795472,1,10.7451135498449
1,19.6131537507181,1,18.5305528970832,1,10.7110730779599,1,11.5573600804067,1,14.8550732616508,1,10.4560858726481,1,14.8016764002481,1,10.2305449364761,1,14.6703430313354,1,16.1929986043392,1,10.2638601088915,0,10.8451625247161,1,10.8017169178137,1,10.6123138873253,1,14.9744605746093,1,9.9138737881985,1,15.3800915741845,0,10.5553297953485,1,9.7068480976478,1,10.8166028599775
1,29.1033669790331,1,15.2021419545332,1,10.6668434088019,1,14.8773447969723,0,14.1492554459804,1,15.5138284108361,1,9.98659814948189,1,9.45950021903226,1,10.0657332435803,1,9.65404249746672,1,9.46411770974749,1,9.73063961512984,0,10.2445629482922,1,9.77191555052683,1,14.7159832393103,1,9.62745110200361,1,10.0104932317136,1,9.85115937993172,1,15.3849815601948,1,10.2833882358464
1,24.0055953874966,1,14.3565064178094,1,9.5721506812324,1,15.4121442080761,1,10.6980901135451,1,11.6220015259318,1,16.0362174733946,1,11.7170764026233,1,11.2960303622786,1,10.3220194887201,1,10.5460514468717,1,10.3767368436067,1,10.9111920160287,1,9.92632581657361,1,19.512122707311,1,14.3606003952274,1,9.93892735073911,1,10.5311973718367,1,10.2234697963062,1,10.7729762465479
1,28.798585994933,0,14.6062141851668,0,17.1470348622282,1,10.1245336511287,1,14.7091103254123,1,14.3074996613336,1,10.523358283999,1,10.2967116095284,1,10.2054254441192,1,10.1907137738291,1,16.0032817518619,1,14.6368768665025,1,10.8841283541337,1,10.3386048257932,1,10.3390063693103,1,10.4640728942344,1,10.1091275701338,1,10.7135930167545,1,10.6419544581273,1,10.54791031538
1,24.9069122455163,1,11.6148473634507,1,10.7749273916402,1,9.10557985334397,0,9.93894509548298,1,10.3464007437007,1,15.7972472923567,1,15.6414108765139,1,9.55352373305986,1,9.23834427593436,1,14.8227334909509,1,10.1385386062833,1,10.285273031513,0,9.49474184052341,1,15.5682287515758,1,15.997151039705,1,10.0803083826715,1,9.82327067022949,0,10.5513782189378,1,10.1062463860457
1,15.9942934745964,1,22.2651969484699,1,15.939386065765,1,13.5772675964056,1,9.82710838990472,1,10.4322571183635,1,10.6986740216622,1,15.3323415924493,1,10.4448220599569,1,9.35832108829388,1,14.9994238684308,1,10.2498190102711,1,15.2820356962437,1,15.8074920799965,1,16.0267281199668,1,11.1831885595711,1,9.74098836196749,1,15.4796269120993,1,15.6963947365218,1,15.7780429364835
1,28.719065971864,0,14.8970480421426,0,10.1361952309998,1,17.8393629328926,1,10.3704998730283,1,10.1212690776138,1,10.4327410984871,1,11.257729305213,1,10.8448418888461,1,11.3163169891623,1,10.0533599952331,1,10.6766840843028,1,9.7263065187888,1,10.8534961503205,1,10.5708596560877,1,10.0834594951225,1,10.8365287327216,0,10.2266939584007,1,10.4931627869703,1,10.445359724658
1,32.456801989744,1,16.2605729901067,1,15.0102830577668,1,19.4702265097659,1,15.1125964743067,1,10.0976063631906,1,10.2421564480071,1,15.1629316452097,1,10.1073278731261,1,10.0152883614842,1,10.3634653127916,1,10.0515582703115,1,10.545254015648,1,10.8255143988217,1,9.70514416913708,1,10.3702468465311,1,10.8873560020653,1,15.5966158367934,1,10.336351909864,1,10.3495662921738
1,19.1475189345931,1,14.5907457222781,1,10.120299467458,1,9.60952296825489,1,9.93086904566869,1,9.56816530872335,1,10.4520621736679,0,9.32114892318479,1,9.80652397825728,1,15.0709051840253,1,9.39926135009048,1,10.3307303027016,1,15.9725393545157,1,10.2331455904546,1,10.0268097326947,1,10.464351318902,1,11.1896963039749,1,9.85565262420139,1,10.4919627285744,1,10.3099879988219
1,25.6786164852802,1,10.9979637189903,0,13.7653294179693,1,10.6642471419896,1,18.8933173840536,1,10.1207072686995,1,14.3510151473519,1,9.38618150598506,1,14.1097430507462,1,9.63553406973778,1,9.98913965986445,1,10.259307375339,1,9.98769938365876,1,10.4793146567618,1,10.0663437625232,0,10.6579102646947,0,9.91668975784515,1,9.46265419950868,1,11.1444675086838,1,9.5912090565209
1,25.6183348139743,1,15.5007189588298,1,20.9145259835363,1,15.3663854958082,1,9.2162605444566,1,9.85514733107619,1,15.9409686662461,0,9.56797451905734,1,9.60274133588842,1,9.67026637152289,1,10.0866033431144,1,10.0746955106921,0,10.0433379569935,1,10.0303734040093,1,11.6722497022217,1,10.2189590126897,0,9.87987844251704,1,10.8182384326366,1,14.576425838449,1,9.87111873611681
1,25.4496016798928,1,13.6128622688998,1,16.1341473014078,1,14.2399134316639,1,18.8364154862986,1,10.0508459086403,1,10.0697222224768,1,11.3603722941499,1,10.1322101872609,1,9.94314903778011,1,10.2708085747736,1,9.50276537113249,1,10.7903805904278,1,14.9435025770583,1,9.94554914521816,1,10.7585192570005,1,10.0865588433715,1,16.4601073147242,1,10.4346706651623,1,11.0324544939257
1,16.1710770453092,1,15.1050940845179,1,9.95980053022943,1,9.52236461327483,1,14.8432907606726,1,10.6519364126688,1,10.1274162605624,1,15.1951456554077,1,10.2419294943958,1,9.96536007331287,1,9.74147486900135,1,10.8084528853358,1,10.5766945218778,1,10.6798510681649,1,15.498326109557,0,10.8386008169229,1,15.587375883371,1,11.1279791506315,1,10.884920552199,1,10.2902774341638
1,26.2012983088498,1,16.1198310829548,1,15.2417426417774,0,10.066322358293,0,9.72117073271619,1,15.1827698148089,1,10.1149046543719,1,9.64458745889068,1,10.1275702784678,1,10.3120888987848,1,10.0501386895153,1,10.8093637124259,1,15.3752804269171,1,16.6831556701611,1,9.64013301423908,1,10.2415046940339,1,10.6840026086432,0,11.0668409331083,1,11.2257294644932,0,12.3929532502121
1,16.4198283723129,1,15.4273473505323,1,11.6331598411485,1,9.53830079686961,1,15.2310152116013,1,10.1381047715668,0,9.9821435742719,1,9.85497662347756,1,9.58048023567438,0,9.98700543553223,1,9.94745407280076,1,9.04504629691331,1,9.37660727253193,1,9.83263186783432,1,9.20734262795819,1,10.5906255534197,1,10.0811509909592,1,9.89848725967697,1,9.69729957042137,1,10.330631402313
1,26.7137828366723,1,17.5918620089823,1,11.8742633284879,1,9.74123444018515,0,10.2879615956868,1,13.3780801293794,1,8.81777253519621,1,9.47754601293698,1,10.6129278185568,1,14.5661596213332,0,16.454350196045,1,9.20565143585771,1,9.62849686401893,1,10.1204970405684,1,10.3815291204859,1,10.4336718107313,1,10.1574670686166,1,9.99921890423269,1,10.2405655625549,1,9.94510192325893
1,25.0669537338834,1,11.729510735288,1,16.5469800364088,1,10.1187199305848,1,27.388901801656,1,11.5279708039846,1,22.9904241414766,1,10.7103062068954,1,10.7742998277155,1,9.15331268838273,1,15.6174495761998,1,9.72280946378705,1,10.2110812467626,1,17.0245911595208,1,9.90468582602655,1,16.642181031855,1,9.74209631994628,1,10.4446977399437,1,10.3378633775124,1,10.5006255309364
1,23.4168337950339,0,9.97532156516436,0,19.5426418214601,1,11.5805592621957,1,11.6848828608225,1,16.5536299377897,0,10.1994988021752,1,15.7329517911873,1,15.2507734225181,0,9.88864767889561,1,10.3893494513059,1,9.57361329738849,1,21.4728307807648,1,15.4865083935209,1,15.5618500641828,1,20.3278882296016,1,9.10645145943752,1,10.1768098764636,1,10.1685265251278,1,9.56385244671855
1,20.8682261686883,1,10.5099353930244,1,16.4734085917219,1,9.8011854815407,1,10.6192772038423,1,11.0920353327645,1,14.4597529957124,1,9.82990462839924,1,21.5835175004818,1,15.4295524781833,1,9.74617534796054,1,9.80110939036963,1,10.2353449798978,1,10.5657465326534,1,17.1263230902582,1,10.1866996726182,1,9.83080325811942,1,9.75142902566663,1,10.1960772097404,1,9.88855446703909
1,26.0173705320659,1,14.3305489656119,1,13.6166340315529,1,13.6927684156052,1,10.6482144842244,1,10.3555003373238,1,9.62935386538685,0,9.93488375007773,1,10.176662366843,1,10.0496632851038,1,9.64424648200791,1,9.85349742900811,1,9.79407233460744,1,10.227854449864,1,10.5895615545844,1,9.32782921643746,1,10.637059005006,1,10.0587946617689,1,9.66424540308919,0,15.142197333188
1,24.5833896108793,1,19.2478776964193,1,10.9412663676094,1,10.5848694775243,1,13.6492275850731,1,14.5096586467469,1,10.7798644175765,1,11.0482758909195,1,14.1000809006345,1,14.2659013716486,1,9.97833920544783,0,10.2992741612969,0,9.76627897704006,1,10.08620896908,1,9.64493887489144,1,15.4014171334206,1,15.9987456983056,1,10.2793634683284,1,14.7377174388401,1,16.5895062020605
1,20.3135505551964,1,14.1968918416372,1,10.6541063917365,1,10.1918694350499,1,10.4893781253491,1,19.4471482731827,1,10.3232124659686,1,9.84092434541887,1,10.2989469637132,1,15.1640916336781,1,15.3945814340201,1,15.1760458664398,1,10.7069798284279,1,8.95446833076021,1,10.6003309525889,1,10.8397592199825,1,10.1633805351914,1,9.55649211769697,0,10.8544059694924,1,10.7790189048203
1,23.3353372259968,1,12.6461094908019,0,13.5997744650945,1,10.5995256560296,1,15.2272207132938,1,9.3066865620439,1,10.3932941256039,1,10.3797514869404,1,16.4531572386778,1,9.97019113844919,1,14.645300324796,1,10.6694389740085,1,10.2829404761263,1,9.53388468934349,0,10.0109199114613,1,15.551253012389,1,10.0357681295064,1,9.70639829363381,1,10.2773452980885,1,10.5836158890987
1,20.6949246260481,1,9.79162755410662,1,15.7584962486238,1,15.8617218646898,1,15.5651871390825,1,10.481041159966,1,10.2099468841597,1,9.62527909980341,1,9.91920893556074,1,9.64807687665435,1,10.0253235692482,1,9.86709773474175,1,9.97375116230331,1,10.3079400945843,1,10.2879147455435,1,10.1596579709466,1,9.64715255520506,1,10.0592652585161,1,10.1801530597711,1,9.98002882140447
1,28.7169778349613,1,12.0678511946234,1,9.57367685985125,1,10.873323682918,1,13.8359379373707,0,9.41320572253019,1,9.53557611058449,1,15.5893772827484,1,14.2204371823865,1,14.8585018051248,1,19.9490621396585,1,9.10868272751755,1,16.3097735807898,1,9.781424543624,1,15.0256485053247,1,15.7745177895073,1,10.3214701978209,1,9.44913509769002,1,10.9334130953932,1,10.2074906910817
1,31.7767853299683,0,13.9455911360486,1,18.9691780844295,1,11.0793452478461,1,11.342185638187,1,11.2989685013411,1,10.2552097468646,1,10.1898773091661,1,10.2891156821534,1,15.4059484120216,1,10.3336256943502,0,9.54503466034983,1,10.5769190551269,1,9.81875504351556,1,10.1015438501637,1,10.0085891716628,0,10.1420166616517,1,11.9642146642443,1,9.80709766162044,1,9.95124982995961
1,14.5052840393569,0,19.4104105691069,1,12.0870717608352,0,15.5035957663174,1,10.2557461476236,1,14.2534020198271,1,15.4147886397911,1,9.5348010881955,1,10.2093016376863,1,10.9388214009092,1,9.89070268394979,1,9.89609793476472,0,17.082456191054,1,10.9390613115233,1,10.0932896788189,1,10.487703595154,1,10.8816335228063,1,11.3826713027995,1,10.5260304261498,1,10.7194847247227
1,16.1411204934555,1,17.494556092884,1,10.2469387057477,1,10.1878071486989,0,8.69928864673759,0,15.2233910963996,0,14.8513172617898,1,11.1359165043987,1,10.0448493635214,0,10.0388864516541,1,11.4082624762586,1,16.315506459215,1,10.57433950644,1,9.59008712761804,1,15.8010614150841,1,9.60698177050499,0,15.8027048596604,1,10.0016144508699,1,9.96722759266966,1,15.0382860331037
1,21.3620949052632,1,18.2854954184587,0,16.1980715463118,1,10.69234485532,1,21.458532796642,1,14.6064975243399,1,10.4862971720067,1,10.3059896222835,1,9.83630437281051,1,10.0474223276159,1,11.5862156858782,0,11.1123150286929,1,16.3446201051132,1,14.6005755784035,1,10.1189822962952,1,10.2120911863656,1,11.4853952774641,1,9.27785649572564,1,9.71987979854757,1,11.1381745331425
1,20.4911779958003,1,11.8588382778552,1,11.2423794722282,1,14.1841686780333,1,10.2555872589862,1,15.4913410099261,1,9.88048680481549,0,10.0967077363076,1,19.8118547647093,1,10.7918655892843,1,10.5554329551308,1,9.54480073168243,1,10.7435634311196,1,10.1993679172076,1,11.0519143151524,1,16.4807048718893,1,10.2325847034835,1,9.57461039655794,1,15.8074350992275,1,11.6279766413752
1,27.4550306036395,1,10.7329767640864,1,13.8745396604369,1,10.7315675743899,1,9.96399443273489,1,9.94361412748948,1,10.7835126634352,1,9.8032896581054,1,9.44939848114684,1,9.71665319879012,1,9.99440989658208,1,9.97351216835155,1,23.736063279764,1,10.1116766117927,0,9.60773747968447,1,9.7875195760262,1,10.699591614966,0,16.1146381317337,1,10.3495713719128,1,10.3420581472639
1,25.2044223731397,1,19.0812552526698,1,10.9544103249728,1,15.4438465218594,1,10.5014334559051,1,10.9931118736547,1,10.9522791287063,1,10.4770584335373,0,9.39566001635654,1,15.3637733042331,1,14.5596198482489,1,15.1024853654843,0,9.73235200850036,1,10.2147346079597,1,9.7325103955543,1,10.539153529188,1,9.67939353791922,1,10.1053555670854,1,10.1379373511379,1,10.5437323740477
1,24.2712092344195,1,12.946826465996,1,20.2341117152323,1,9.69558975114904,1,12.2445200949735,1,9.7339610208114,1,10.1823600247704,1,9.7686636684695,1,10.1614117821763,1,11.1177849700978,1,15.2415656899522,1,9.49910615688306,1,10.1445293198554,1,9.9251076069364,1,9.95710290045636,1,11.108877830487,1,11.2190481040836,1,9.76430248791623,1,9.88842733873329,1,10.2414910916631
1,22.1533243100372,1,17.0572972412358,1,10.6195497085439,1,16.5636785308476,1,9.63917608880549,1,15.0060246338681,1,10.5570379647661,1,9.0719019823021,1,14.8130529524744,1,15.292006811759,1,14.3600603096514,1,10.8094523478473,1,11.0165332574958,1,10.5198039119042,1,10.014466254004,0,9.50413431426251,1,9.34060627021046,1,9.85094792749885,1,16.4384399418106,1,10.0000666306885
1,17.643158457207,1,14.208836702811,1,10.0384672536431,1,9.13228331548699,1,14.1482933850179,1,10.978428235644,1,10.5067003552187,1,9.34090512231103,1,10.0966107165774,1,11.2204229999748,1,11.4394036905679,1,10.4637206764098,1,9.95710479910569,1,10.1789904776546,1,12.7303205848049,1,16.646632300569,1,9.8018656546469,1,10.1933083940375,1,10.1027261696663,1,16.6989629699256
1,22.6485780463081,1,16.9871797803397,1,14.4588500681003,1,10.7861906653998,1,11.0513207802006,1,9.4477934627008,1,9.21434784321372,1,10.180095492234,1,10.1729624428518,1,16.0554308780812,1,9.54424645322026,1,15.3424848303946,0,9.5290698364903,1,9.85531679467445,1,14.5215144771886,1,10.1427656860976,1,10.2602709551322,1,15.7086095325775,1,10.6162602391374,1,15.2966788660656
1,18.7454540022977,1,11.3992995455827,1,14.7945216058955,1,9.89307745431223,1,15.2485624247584,1,10.9348530627985,1,10.3032392046206,1,14.3763796490392,1,15.4739968412931,1,10.8242987778507,1,15.1545538241508,1,15.7681298069811,1,16.101360703669,1,9.26403767323706,1,10.3233922112296,1,10.1251849701736,1,9.99621948280822,1,14.8836887263924,1,10.3910028183943,0,9.51356738785959
1,26.5415731206664,1,10.8587150488993,1,10.0565449596335,1,15.3535613679878,1,10.2374167907112,1,14.8139547911113,1,10.8840349644052,1,14.2590090074436,1,10.2534990984151,1,10.2984888676466,0,9.64216431319052,1,9.01282318475219,1,9.89473599988328,1,15.3367789448454,1,17.0645117519826,1,9.82900287683743,1,9.96640019507903,1,10.1111921819497,1,10.1675648095513,1,9.64874468733696
1,16.7767509694604,1,19.5854635178684,1,11.1754586203389,1,16.0287583307715,1,10.8213133077823,1,9.97185013319666,1,10.2780337641316,0,10.5140320327254,1,10.4507232085968,1,11.1734715223456,0,10.5819206621566,1,10.3139691065998,1,10.3678504473924,1,10.257088513276,1,21.6110431873584,1,10.9203843246348,1,10.3372733070028,0,15.5047222046052,1,15.1387792122803,1,10.1511869508367
0,17.3679159386009,1,14.3503313702994,1,14.8340219866686,1,10.2730852032643,1,14.5568892304688,1,10.280839684667,1,9.94305185708561,1,11.3012045969915,1,11.7916398256937,1,11.5225609422546,1,11.9125181095417,1,9.39536381731034,1,9.78218520953698,0,15.138575541917,1,9.58720767264695,1,11.760925742516,1,10.6220131169009,1,9.96638608811778,0,10.1691171899393,1,10.5453852268598
1,17.9582709278188,1,11.5725860409063,0,10.412349366376,1,9.33256787443305,1,14.7377592319971,1,9.95852280427802,1,10.1309180732374,1,9.81430803076006,1,10.6011472807179,1,10.3277262866933,1,10.2402767833829,1,10.1352533236056,1,10.8917701812703,0,9.72120091267865,1,10.3504679214652,0,10.3096343642792,1,9.87417906290255,1,10.6179590054361,1,10.0859577447908,1,10.6850909179216
1,17.3212116665564,1,15.4732775905111,1,10.8594532939592,1,10.7561325246115,1,9.56306442082731,1,10.9336847227107,1,11.0875577122672,1,16.3087414939749,1,10.1494040126851,0,10.0290668719665,1,10.6146454288808,1,9.76037140574846,1,14.5785698985747,0,10.6162029320711,1,10.632208839177,0,10.267741867006,1,16.0399997413242,1,9.45296771284611,1,10.4374465237592,1,10.3004900909792
1,25.5524307220119,1,23.2680269658462,1,15.0137839230347,1,16.2192906633758,1,11.0256243254407,1,9.80197487508749,1,10.109909514422,1,14.737152640308,1,10.0177935724668,1,10.2447218147462,1,9.89548696765704,1,10.3493743181246,1,16.3616403553103,1,11.4078372593185,1,9.85273685309484,1,10.539014995368,1,10.3298390749063,1,10.89470386152,1,9.95840147336614,1,10.1881679776107
1,29.4851791587347,1,17.0974378615637,1,15.0638209298137,0,14.3707411685817,1,14.7560374239067,1,14.1335033334255,0,8.90977164900873,1,14.8126285895622,1,10.4656706300531,0,10.7813967313291,1,11.1107617432886,1,15.1364630652106,1,9.86198149859546,1,22.1538779410471,1,10.4212105693899,0,10.5194303095079,0,15.3297949919995,1,11.4002234866719,1,15.6804759434669,1,10.5758858469577
1,18.4582174890698,1,14.1217978678175,1,13.9204104802903,1,13.0349819537856,1,14.328851726463,1,18.5015297580167,1,8.8716417791205,1,11.1362908071429,0,10.4371631982666,0,10.2997026646116,1,10.7806537623347,1,11.6215989077167,1,9.94015862195873,1,10.8788366827963,1,15.5199199659017,1,9.94214800910803,1,10.7536741974207,1,10.3882772787287,1,10.2634350147452,1,16.3212632687096
1,33.01685863139,1,14.081561099989,1,16.1898595354801,1,15.0222649027777,1,14.2542904321138,0,8.68730566125529,1,10.8449763355208,1,15.6945057376095,1,10.226873295761,1,13.6651497693872,1,9.96913050310515,1,10.6313357183942,1,14.6437975513768,1,10.6648588026586,1,11.8136486898362,1,15.332552129848,1,10.4826512300212,1,11.023789249425,1,9.49386037895941,1,9.7983406483169
1,29.8885301832642,1,11.0143488082679,1,10.3626682368826,1,10.3673601848787,1,15.1036323150537,1,10.342841774857,1,16.2516157061741,1,20.5410611240459,1,23.5212256431316,1,9.76835230986652,1,10.3584995407782,1,9.68822412138048,1,9.76892062554708,1,10.4319919482538,1,9.9647380965631,1,10.287730761766,1,10.1072770879426,1,17.3533111102434,0,10.5864673680895,1,15.229685949547
1,29.4097817521258,1,12.4521348565679,1,15.1645946188641,1,10.4487005288035,1,11.5657333223878,1,15.5356718329251,1,16.068604427162,1,15.011704621289,0,9.96527432918952,1,9.67224843639628,1,15.0536315571806,0,10.4570325775229,1,9.4492961541478,1,9.38818250383326,1,15.1385160835359,1,10.3342980851609,1,10.19963279019,1,10.1037631722184,0,9.80929000891688,1,10.1973308073615
1,28.7174574047742,1,10.977980196447,1,11.5898119974586,1,9.56647930113193,1,14.5263049055454,1,9.74408857968045,1,15.8215995926514,1,10.9390468298887,1,19.9265717657715,1,15.6121305175139,1,9.88194068895759,1,10.1989318468657,1,10.0654462400602,1,15.360034552593,1,10.086101182638,0,9.44736281084744,1,16.594529679141,1,10.1003242571235,1,10.1681187705922,1,10.3246065927254
1,17.754584006898,1,17.7860588985369,1,14.1515938702971,1,11.6503185110809,1,15.8530098463111,1,10.7483460981416,1,10.6785581545579,1,10.8108052957799,0,15.1151022034683,1,10.0717551999273,1,10.6619137232943,1,10.0658086601943,1,10.4415583288591,1,11.3595607745191,1,10.7888379454015,1,10.0577840019155,1,9.734517690133,1,9.49427005885855,1,9.9550059556478,1,11.0106159149552
1,33.1201368270442,1,12.6861604212885,1,10.7100054784247,1,15.6049389952856,1,11.1319221604197,1,10.0666696158668,0,10.1729241230189,1,10.5926028076221,1,10.9626415481644,1,10.8640839480098,1,10.5127036537414,1,10.3808817799264,1,15.8676404793068,1,14.1062698408057,1,10.2790180796162,0,10.0998226492364,1,9.32034555195282,1,15.2594120093356,1,10.2512100881637,1,11.2219779479269
1,26.5839223562207,1,14.304268737171,1,10.7560819010029,1,12.0617093009721,1,10.5563859647277,1,14.1975404898083,1,10.0007636206221,1,9.69053800483184,1,19.8136987294395,1,15.0378809518608,1,15.2521520936885,1,16.5858724958519,1,9.33190453297895,1,10.4617823215456,1,10.1274257791305,1,9.58785899915754,1,9.86109572935382,1,16.0310979385873,1,10.7386445969409,1,16.5295594126517
1,20.681307469653,1,16.7020254583544,1,15.01809025689,1,10.2993569264262,1,20.3285402682918,0,14.2112147947808,1,15.0463951574227,1,15.5990868756485,0,10.6807832891706,1,15.099607558103,0,10.5250915717606,1,9.28823421817527,1,9.36204138677192,1,10.1009295466011,1,9.81734969141203,1,10.1326176888374,1,10.4912874691036,0,10.3271661119812,1,16.3057194687322,1,15.1453560015191
1,22.5919225755445,1,11.5251626346619,1,11.0087578884887,1,15.6557649746675,1,19.8522999524262,1,14.7393866942869,1,10.5868272991599,1,10.0035769314731,1,10.5360532486633,1,15.3459649911707,1,15.9742478441452,1,9.94653141896669,1,10.6706934688772,1,10.0168197242149,1,11.308162678478,1,10.5118170437561,1,10.6475272192001,1,9.63439959482747,1,10.6748318824275,1,9.82510758664109
1,18.9000466256382,1,20.5919558465897,1,13.8993051979972,1,15.2348556881979,1,9.5468992862354,1,11.7186229231484,1,10.5564864038914,1,10.6821447105513,1,10.040911227045,1,14.9826669018846,1,9.93581098124779,1,15.962568064859,1,10.1383332708125,1,9.65420235658866,1,9.98421666397526,1,10.0196145683762,1,10.1969237494154,0,10.2999178272174,0,9.33966230908299,1,10.2891668957064
1,30.9050607730918,1,18.601957794028,1,18.6978042855487,1,10.0835436617223,1,9.9652796277952,0,9.89601141815767,0,15.175716378086,1,9.96610623481264,1,10.6756017859706,1,10.7383967860047,1,10.2490985886075,1,14.5479246459549,1,9.60861511863748,1,10.3193454330895,1,9.65058449287624,1,10.2517922450601,1,9.53665771871047,1,9.75175318576144,1,10.1176937846671,1,9.97232845822041
1,25.3073346580242,1,11.2062040127489,1,28.4788075529715,1,10.3487854057542,1,20.1594158377602,1,9.94661725988235,1,9.10570042952328,1,9.64996235181242,1,9.6019712827059,1,10.1278981224333,1,9.94004365083891,1,9.76797211736928,1,10.3950868338913,1,10.0737767256258,1,10.7327745009735,1,10.3195818032649,1,15.6368807281886,1,9.99335984683776,1,9.83652967870047,1,12.0416877662038
1,31.3756514008189,1,14.0188871648934,1,18.6437987023874,1,22.9994423259959,1,9.89468209521652,0,9.29620531505856,1,10.5000211655678,1,14.9926617891735,1,10.0296200570559,1,10.1152761407033,1,10.7796347082084,1,14.6961024260933,1,9.68483129396007,1,9.95328247625619,1,10.231407174901,1,10.0727067338016,1,17.1117691985804,1,10.3638173876685,1,10.7920279615653,1,11.3555890392941
1,22.7091769634834,1,11.1880638057479,1,11.6507622593862,1,16.479583736336,1,9.97949142917624,1,11.1060950330389,1,10.6523083117207,1,11.577159338795,1,14.6465747599891,1,10.9855013626555,1,16.3524709517508,1,14.5085656710374,1,10.0829847547637,1,11.2827094622296,1,15.5896736342682,1,10.1915743855007,1,11.285415848493,1,10.3335887529074,1,11.2828778336314,1,10.762703239261
1,18.5723387863589,1,14.5826730571939,1,14.56735420416,1,14.0522854646748,1,14.3584135422319,0,10.4488547030766,1,19.5060546945625,1,10.9182243604527,1,22.3637509035703,1,9.89997407586697,1,10.0277613412035,0,9.51046600064631,1,10.6768165536784,1,10.4845800819845,1,10.4827806571695,1,11.2801250153378,1,9.64514811821374,1,10.0795859480335,1,10.4678763214962,0,16.5297381128744
1,14.7778671256595,1,11.3685605710583,1,11.2104953950601,1,14.7426999805202,1,14.9084499049503,1,13.9820042915389,1,16.4516795464345,0,13.9299454478273,1,10.5761580308642,1,9.94939402096714,1,10.2339690540085,1,9.86964051373744,1,10.2907806852072,1,15.7221264286527,1,10.5617175636429,1,11.5761429483971,0,9.95275795658869,1,10.8835704244669,1,10.2814554635603,1,10.962540773472
0,28.3008958564758,1,11.265279943873,1,10.4771999589965,1,18.9441499149964,1,9.72363732915786,1,10.1816354701556,1,10.1405220122802,1,10.2467237861642,1,15.3939433691547,1,14.0528491113913,1,9.50798410623465,1,9.89081353636985,1,9.8446832048807,1,10.114332164444,1,15.1002000291367,1,10.039036433175,1,9.84537110984346,1,15.0705473257096,0,9.82037113576203,1,9.70391537971032
1,23.307734950175,1,17.3787139278889,1,14.4402802180544,1,11.4619585959604,1,9.85649775059405,1,16.1034558666653,1,14.5439101107085,0,14.4803543400306,0,9.93232101053922,1,10.0202172832265,1,9.00619355509597,1,10.7289906604514,1,20.4828160314081,1,13.908247510564,1,9.47642115919555,1,9.88009463592349,1,10.3715074514953,1,14.7143464541631,1,10.5192150652097,1,20.9224829445955
1,25.853553130436,1,19.4610299426904,1,10.3057275840058,1,14.3277657951041,1,10.3309492857218,1,9.57859775817123,1,19.4173777640938,0,9.75311133539668,1,15.6200275798369,0,10.6268498370242,1,9.45722453937893,1,9.68716034631112,1,10.3574285959854,1,10.9879769144962,1,10.0221721036857,1,10.9401093515527,1,10.5075749554961,1,10.5470653299161,1,10.7453096698207,1,10.3680019518743
0,16.8144641577308,1,16.218241931482,1,10.0044447044913,0,10.1409702415582,1,10.1037484937002,1,9.60533893696181,1,9.38956673064331,1,9.72057718009355,1,19.9065960775813,1,9.83608260606135,1,9.64863553643576,1,9.96626363536461,1,10.3673705620402,1,11.3115362332146,1,10.0072540732958,0,15.6188909092172,1,10.4153109726447,1,10.1100223829995,1,9.70312040471122,1,10.7661984851051
1,19.4687451093459,0,15.6023798046432,0,9.97405573760545,1,9.61192447639418,1,10.6046529412687,1,14.9228586807899,1,9.78816506159602,1,9.72467200180618,1,10.2461837905582,1,9.42522338492006,0,10.5116735170983,1,10.2307382150227,1,10.7011997477176,1,9.95096334042522,0,10.6451192112719,1,19.7283746112667,1,10.066552670713,1,10.1266789674738,1,10.3367124175779,1,10.0760694425609
1,15.6958708351401,1,14.9647980664257,1,10.8076231638479,1,9.8498103267128,1,10.7440133884944,1,13.7915982271713,1,10.6577983152367,1,16.7444146736256,1,9.7609065135925,1,15.8478368615191,0,9.61564182601138,1,10.7936067021816,1,9.73470029336754,1,16.6221938619406,1,9.53858562926921,1,10.0295668136993,1,10.9030169592411,1,10.8650021789183,1,10.1930021268242,1,10.2031194059148
1,28.3133439671661,1,12.2754559301237,1,15.4506222890299,1,12.083178589177,1,13.9115720037222,1,14.1556534302316,1,10.0202744237723,1,9.87558132584179,1,10.289206453269,1,9.81953954417845,1,10.2569256815024,1,15.2851936835393,1,15.5848722458161,1,15.999002076353,1,9.95139252713096,0,9.90881686179178,0,9.75933650396158,1,8.93821942874733,0,9.8732293960516,1,10.6656874651327
1,15.7654031786972,1,14.751887123238,1,10.4299336467208,1,10.0827428857188,1,14.6744769006773,1,14.7397640713585,1,14.2596482348998,1,10.1910391837618,1,9.09142178031474,1,9.48883081298565,1,15.4256439683382,1,10.3655400964973,1,10.3468004763503,1,9.6439541361548,1,10.1944928966955,1,11.1878620529925,1,9.64204838465077,1,16.6228424454796,1,9.56279314766296,0,9.54866362091392
1,26.8988118121046,1,11.2884390463493,1,10.3955185665695,1,9.79673070961856,1,9.33737940165197,1,10.9359874344392,1,10.274165809108,1,10.4451198037219,1,10.4833853969244,1,15.462331737365,1,9.83957072083204,1,10.6515801521883,1,10.6497671975062,1,10.4923561358259,1,11.0453288752482,1,16.6877729285544,1,10.0693009762537,0,16.698745910181,0,10.14366802701,1,10.4013199799417
1,26.6986850377724,1,14.3644553671514,1,16.4338045523094,1,16.1604678573701,1,17.7657325506217,1,10.8820418276821,1,21.5304683893906,1,10.6875504344916,1,9.67080468128453,1,14.4828171214272,1,9.99161942106706,1,15.0926271528955,1,10.6190743902486,0,9.7246864455084,1,10.9793049706439,1,10.2670098014396,1,10.8292765667109,0,9.82747526935828,1,9.776584191526,1,16.9652109102066
1,20.3279796574544,1,10.7848756444806,1,22.4055667380025,1,10.4138590783252,1,10.9359778751218,1,11.8264046805876,1,10.6457847533722,1,16.9008498474196,1,22.0126794504965,1,16.3149437543514,1,9.89635789483336,1,10.2273728941962,1,10.1211976995809,1,17.1583199903343,1,9.9125574730007,1,16.6075560958368,1,10.4317134822925,1,9.94186884281033,1,9.85677811659584,1,10.8140867497115
1,18.7621044589754,1,19.0961101560002,1,10.2204645148938,1,13.33712202753,0,9.34292421122674,1,10.7926745198465,1,10.2486722881654,1,15.3232306477842,1,9.72873339390893,1,16.1799857918395,1,15.4197354125235,1,10.6231952423862,1,9.6082422906804,1,15.8515353197184,1,10.5318691272956,1,11.7632237888537,1,13.7729558362806,1,9.61357535916228,1,10.099950425305,1,10.4860007916285
1,25.1061488158707,1,16.851114478592,1,14.9817245290916,1,18.9664756067436,1,15.7227843083496,1,10.04637771618,0,9.79991527684209,1,9.58664006504202,1,15.2794837079052,1,10.136864010026,1,10.3164528451152,1,15.34506335818,0,10.1301951411755,1,9.91713255690331,0,9.74514728914144,0,10.8642930138823,1,17.2961112472919,1,16.2902395645565,1,9.79893969287347,1,10.5408949349669
1,26.5046269038372,1,13.7702444107056,1,18.8030799025954,1,10.3297109392164,0,10.9085610734051,1,14.1664959411043,1,9.41930109106443,1,9.95249279506657,1,9.89393451485201,1,10.5597003475842,1,10.4884528221433,1,10.1195378475014,1,9.50237350686897,1,9.3674087320044,1,9.67362658446923,1,9.73376782595339,1,10.5049823193664,1,9.76922396795281,1,10.5410585359758,1,9.96171377047149
1,23.0673767922326,1,16.5949127302159,1,12.7289126999923,1,15.7866138177307,1,14.4895202212154,1,14.5502342498094,1,9.45693157111295,1,15.3027906884819,1,10.3942508999443,1,9.85376615707673,1,9.39408310470403,1,15.9161113672962,1,16.0250177780905,1,10.2543224242627,1,10.2571013290209,1,15.2953871258935,1,10.1407913861641,0,9.99531328701886,1,10.4114522885898,1,9.91662527091076
1,27.2753536884762,1,11.101261776628,1,13.8684264741284,1,10.6536002075837,0,16.3872082585254,1,10.204388793728,1,10.5720350692879,1,20.3073439015392,1,9.501221407082,1,10.4156032042137,1,17.4327044983689,1,16.3445841283427,1,10.6747502435366,1,10.0223509626585,1,10.5898166781176,1,9.95751732200335,1,9.76479214590853,1,9.85568638365932,1,10.1752200064646,1,10.2358121295508
1,28.1366312017642,1,15.4295303394374,1,17.6470906549597,1,16.5079057370656,1,10.7201033073233,1,10.7388277637125,1,10.3831113089524,1,15.7115158695169,1,10.7559335813165,0,10.533515997061,1,14.5876732891816,1,9.8954256322954,1,10.4107892125453,1,15.0485386267025,1,11.0053611282276,1,9.49277660401769,1,10.4227447334172,1,9.83578450376046,1,10.9041675512238,1,10.5909569409731
1,29.0700728508771,1,14.2630638823795,1,9.39187612273142,1,13.4598451395135,1,10.1114383719473,1,14.5970406166572,1,10.755010711086,1,9.43785402452664,1,14.5760260788536,1,9.571594541205,1,11.6368481183317,1,10.3064540454561,1,11.2286023666967,1,15.132709138562,1,18.9759857784793,1,9.95480837670461,1,10.3595549692154,1,10.2210254396347,1,10.871881291599,1,10.6289586825099
1,20.2694204543715,0,11.8604454872873,1,11.6427523788784,0,13.4590258092658,1,10.5016855842008,1,17.4593970090907,1,10.108523143791,1,9.13617611343462,1,10.3057757762852,0,9.76242997833195,1,10.2366118678041,1,9.72923720059682,1,10.2553399154045,0,10.3800174494613,1,14.9073943630415,1,15.0030735313503,1,9.91354260919603,0,10.4705188469494,1,9.36764870817814,1,11.0562676978807
1,17.7929669514095,1,20.0158520606461,1,10.6698892219657,1,10.1727502581949,1,11.0711771049125,1,15.2378702534221,0,10.375277675985,0,10.5188501759959,1,9.97788915944976,1,10.8577980520622,1,10.5105158493778,1,9.44537490899122,1,9.53863200364493,1,10.4838208573033,1,10.7950191341494,1,16.1579109964914,0,9.75852768652951,1,9.99990054474703,1,10.581123011761,1,17.7574351369204
1,30.7007750387148,1,14.9228235281697,1,15.6781704854173,1,10.0658033828356,1,14.1446069303051,0,11.1827102172076,1,10.1084687197404,1,10.8491422540817,1,9.64051325853032,1,10.1693165887092,1,10.5419934186182,1,11.4655300337874,1,9.56542235862462,1,15.5484147204047,1,11.7611554567966,0,15.7165108886622,1,10.0398090821637,1,10.297483543622,1,9.61236703506135,1,9.74042843170729
1,17.3288266717749,1,28.1452361319932,0,15.012367230063,1,19.9455720371622,1,10.2919239435554,1,11.1160468896187,1,10.592688387136,1,9.89757140611906,1,10.0346385050208,1,10.0864513668423,1,10.2973902141846,1,10.4849835337177,1,15.6178375016804,1,10.4698453614882,1,10.311911433623,1,9.58698683614841,1,9.77995821818467,1,9.87744007672281,1,16.1836096560433,1,10.5656396183858
1,29.8934168939196,1,12.7612949599443,1,14.0039191956349,1,10.8609041965294,1,11.4817985712192,1,16.2380233657284,1,10.324707079959,0,9.4926749877729,1,9.563349069374,1,10.8888493704432,1,11.040424628663,1,10.4526984933323,1,10.0699367189331,1,11.6752463025051,1,10.3240763465802,1,10.2647546013845,1,9.21693848390471,1,9.88941928713373,1,9.89689874605889,1,9.84416494535903
1,19.0897828205193,1,10.208823625218,1,10.1554461448163,1,10.8137514751529,1,14.9116957939383,0,10.3275802336366,0,15.3253705729561,1,14.8032223091572,0,9.68752473278067,1,9.27432204902183,1,9.92184925812158,1,10.0632547663001,1,9.17292103930102,1,11.3918552030763,1,15.7021756799264,1,10.115643131092,1,15.4564645490818,1,9.99237779698148,1,10.6019232312791,1,9.79938954609568
1,18.1566602472781,1,14.7873635257353,1,16.0247780460911,1,15.3495413225416,1,10.3567285940909,1,16.3141458255497,1,10.3040632579044,1,16.2872817083904,1,10.7450691460282,1,10.3545118953393,1,10.2129075485081,1,14.8426196157592,1,10.568511596835,1,10.4503765116882,1,9.88089861667006,1,10.483235929504,1,9.8726367226029,1,10.1446415165817,1,10.4566696527569,1,15.4568924809106
1,22.1210948825129,1,23.8887179397587,1,14.4504568379829,1,9.95098886069855,1,9.50705634194334,1,9.73514960209851,1,9.98521136409152,1,15.2340789340183,1,15.6837966256202,1,9.84468352158901,0,10.4709934020932,1,9.83019740503045,0,14.5770400792945,1,10.7550427840155,1,9.9184845902615,1,9.90678681309123,1,10.8066137196445,1,9.87698241105029,1,18.1591557357375,1,10.7235677726903
1,22.4955078193227,1,18.4126038059431,0,18.9100815196407,1,9.99976641972083,1,10.5536121651541,0,15.4927243814163,1,14.5112301110724,1,10.1240589601982,1,9.7924727113527,1,12.8158433084733,1,11.5358177591901,1,14.8079459308898,1,9.90103060153133,0,17.3205240520299,1,9.84194256897827,1,9.68244524743815,1,14.5657307194889,1,10.6139408737181,1,10.0228476468351,1,10.3633248367192
1,30.8800382564869,1,17.2710507451991,0,12.5641908241057,1,13.9855552115007,1,10.2869034667263,1,9.51849549004109,1,9.76228827247312,0,9.33894352921026,1,9.5998607433016,1,10.4830198660942,1,14.6155615774765,1,10.8950702337631,1,9.94495921705871,1,9.91604218400367,1,10.1083267343745,1,16.9033273337509,1,15.1965868305025,1,15.092954696837,1,10.959044804977,1,10.1892605540658
1,24.3673197607539,1,24.2279204921157,1,11.3351995766512,1,15.2268386605428,0,15.2382102143505,1,9.89143856320493,0,11.3953179980354,1,9.71196520452,1,11.5636379769092,1,11.1393527098993,1,10.4292291124087,1,10.0804972589583,1,16.2526131026013,1,10.7248314352899,1,10.253496753301,0,9.87297912363845,1,10.0949221749485,1,10.0069038385716,1,10.1205338143321,1,10.8494978586647
1,19.3182739556024,1,12.0480750121656,1,10.3726363373358,1,18.7468324722456,1,15.6624161133642,1,9.8320178543201,1,10.7204660974257,1,9.93686023551706,1,9.92680607634275,0,14.1387050737499,1,15.0966293394416,1,15.5178076799178,1,10.7810032998359,0,14.8504639283437,1,16.2774699980475,1,10.4648742960595,1,11.0044055222665,1,20.4145598786696,1,10.4903470724106,1,10.6366579712776
1,30.130172878486,1,12.9539920388161,1,10.2681451116261,1,11.0683035964687,1,11.015223781372,1,11.3328554587778,1,9.84202967573251,0,15.3608228237774,1,10.4348698913768,1,9.94434344021221,1,9.37340968057079,1,9.22815221094448,1,11.109960849346,1,10.195459758242,1,10.5415859550696,1,9.4850860153882,1,15.6207917489457,1,10.3650464453962,1,10.4418083521145,1,10.0544165293312
1,32.7082188477477,1,17.3876728008839,1,20.2636025229833,1,10.9468117082445,1,11.4136802589114,1,9.89793063703571,1,10.1126684828828,1,10.8702117554708,1,10.5438032949089,1,9.79351843088284,1,10.3757247856616,1,16.4919193254694,1,10.2685200632344,1,10.179921561994,1,10.7537820781509,1,9.42074877609347,1,10.0152640416002,1,10.5052761730903,1,10.8670882944049,0,9.9051285745872
1,25.4077088424,1,10.8106716883373,1,15.5863654857511,1,10.880936102758,1,16.4060626570565,1,15.7054664212183,1,10.8079396178478,1,16.1920822175994,1,10.452826527701,1,10.8442122555488,1,10.873369685286,1,10.6030923786495,1,10.1874310111346,1,10.4536809777725,1,10.083881276443,1,9.67324411856917,1,9.67002681852141,1,10.0025163872181,1,10.7527768504248,1,10.4376849870114
1,13.0286015719731,1,14.419690861646,1,12.1177545354538,1,9.52061326565254,1,14.7984125685423,1,10.5846124882097,1,16.5597387842345,1,10.2588883535992,1,9.90457477873039,1,10.3119326746696,1,9.79712258899518,1,10.0207928448743,1,9.43072960070623,1,10.5179205611925,1,11.0480292136082,0,10.3529051422908,1,10.5848773745321,1,10.3812472437789,1,9.90043183816527,1,15.7021509628504
1,20.3506901093142,1,12.3457075022182,1,19.3639719416137,1,10.2506412840287,1,9.72061643840333,1,10.1682946928498,1,10.2865656928537,1,14.1665046621952,1,14.71627246844,1,10.542942031661,1,13.9227262682188,1,10.9807424262532,1,10.2731455048024,1,9.70761829219013,1,9.82927127700495,1,9.90987882807878,1,10.0525089484724,1,10.6218403352587,1,10.5433506236969,1,10.7556330003576
1,30.8276020982243,1,10.4439427492716,1,17.2936696002378,1,10.9823745733708,1,14.6547027031627,1,9.89843198463983,1,10.4569317545517,1,11.6495373928987,1,10.076249134899,1,10.4570171358166,1,9.86590957893735,1,14.6300031891322,1,9.54661229412281,1,10.2834755460929,1,15.5314873307652,1,9.3556634140975,0,10.3803363633626,1,11.2041514100443,1,10.6527849844166,1,14.9641133829739
1,28.7247131050351,1,12.8093186931829,1,16.5111496613056,1,10.2009416337673,1,9.50263502810155,1,10.4554013219084,1,15.2560400434158,1,16.2452375715763,1,10.3930858320751,1,10.0836228338334,1,15.0198863754549,1,10.2312485812883,0,15.8220508025258,1,10.1045796085262,1,14.9607204964991,1,16.1007207621196,1,10.7326414439665,0,11.1720127518709,1,9.73854484967979,1,10.4872525192892
1,25.9689066466393,1,13.4862518491238,1,11.0612307020704,1,11.9532608453149,1,11.5294854805478,1,10.2291189639883,1,12.2157771791232,1,12.0537215810127,1,10.6773945257199,1,10.7903666598693,1,10.6469264143033,1,9.62422723009423,1,11.2231188362358,1,9.45887863317036,1,10.7346290263306,1,10.5976546938322,0,10.1763894848767,1,10.6949158718902,1,10.2351291820758,1,9.49650732011626
1,20.5402586725534,1,10.6599115617994,0,13.9585000927522,1,14.4617456603263,1,9.40604669005654,1,12.4372718935366,1,15.0180803996671,1,9.99358484475147,1,9.94899142441037,1,14.7581618634151,1,10.2044643234818,1,14.8780627213511,1,16.5363110625824,1,9.73596841138827,1,10.763597536354,1,10.1016032757966,1,16.9633988920885,1,10.0654355661051,1,10.0964981429984,1,10.1517872632171
1,22.8268225338101,1,11.1446143653698,1,11.0934675947269,1,10.4354824250131,1,15.0541097143355,1,15.4689964818487,1,14.7816401893741,1,11.0226043232609,0,9.77787966543208,1,15.0386388713552,1,10.3413437587829,1,10.2581860337129,1,10.3942278612657,1,10.124462571479,1,16.2589616689581,1,10.3776579381186,1,10.0922745154887,1,10.0450753569111,1,10.195970687993,1,9.90943005212823
1,27.5636320801909,1,12.4698234912412,1,13.0678012731219,1,10.5780803515312,1,10.7041358450808,1,10.3199527316666,0,9.22294589629482,1,9.59447125742599,1,15.0714218942951,1,14.2772741486695,1,14.2172492557739,1,13.7552657350803,1,9.61645726293836,1,9.80957559689576,1,20.6539427037895,1,10.2840445417152,1,9.79131839085434,1,10.1353520981456,1,9.11906424457326,1,9.40358095462881
1,27.2150517077967,1,11.1572945762147,0,20.4148798390099,1,9.97964600631894,1,15.7474326164484,1,9.85005760408408,1,9.52946972581999,1,9.8970476254818,1,10.3332894103933,1,10.3951070540475,1,10.1359681899409,1,10.202877872029,1,9.56806820618476,1,15.1808322225193,1,10.3383955199521,1,9.98273533768974,1,10.3400751827281,1,10.3243485819626,1,15.1127834363455,1,10.2916398575681
1,18.2586532367323,1,16.8091575941616,1,13.9491832956326,1,10.0263644561314,1,10.5805981265626,1,10.8641446861073,1,9.7242456958495,1,11.308068286701,1,9.41855305524069,1,11.2902776822692,1,10.0071929897555,0,15.4175016046015,1,9.96493021636845,1,15.2746144841666,1,10.5797253154342,1,10.4374822302091,1,10.3513573568448,0,10.7616427809293,1,9.5908575959131,1,10.7603496335095
1,29.2162833809359,1,19.2527907839695,1,10.0655179466445,1,10.5149577728098,1,10.5077726213563,1,10.1290863124426,1,11.0676142139748,1,10.1123243058639,1,13.9747209755162,1,15.3847019598567,1,8.90861421895698,1,14.381791789279,0,9.89640358741248,1,9.8068389681427,1,10.8279544272709,1,16.8101957110043,1,9.7946277164508,1,10.3845888654267,1,9.86233165109718,1,9.2739606709151
1,27.7507790502023,1,11.2144928241249,1,14.9251279689942,1,16.0207528334871,1,12.083953105247,1,10.6738371169619,1,14.917244029829,1,14.1225344434982,1,10.2285434409448,1,10.6402932130381,1,9.49441787885989,1,9.50993867963286,1,14.8782102329872,1,10.9764679992848,1,15.5619295779885,1,15.598658064444,1,16.0206273672541,1,10.6447152521781,1,10.8509314901603,1,9.70846726585365
1,23.1046674022565,1,22.8328654542599,1,18.3410607590848,0,13.0916658369496,1,14.6303031427853,0,10.8209084728278,1,9.54458609976867,1,9.92488014175694,1,10.2274771630174,1,9.15494809595846,1,9.95782070419651,1,10.1154253149324,1,10.2490383557936,1,9.8147512286408,1,14.9775647298614,1,10.469699419575,1,9.50396227692036,1,17.1787719984924,1,16.053670789277,0,10.0323016126887
1,12.8075594037091,1,18.7664801528085,1,14.9228087625468,1,16.0567512404584,1,17.0690781177667,1,10.6555590532551,1,9.90482166823977,1,10.7543380210701,1,10.9433068971758,1,10.6582003305317,0,10.4685492185174,1,10.1825980217135,1,11.2284344931381,1,15.4719119906071,1,9.71371361539583,1,9.94164990674778,1,10.2651969450896,1,16.9223162141138,1,10.0713554479912,1,10.613021144271
1,19.4310659560261,1,17.4281000641557,1,12.0765918383462,1,10.38026252104,1,9.9507596604113,0,9.91744166299699,1,10.2422861613003,0,11.8827785532908,1,16.6589125749532,1,14.9516295425454,1,10.9833359089355,1,14.5824840742901,1,9.42087064584171,1,10.331639120984,1,10.1792750918512,1,11.0212488099655,1,14.9617926452077,1,9.73051138617445,1,11.1920971696725,1,9.8652407396213
0,17.0555849231331,1,12.6810672004912,1,10.6175459296402,1,10.8495419143289,0,11.0925814878485,1,11.080669275553,1,9.73401097113397,1,10.4268658163839,1,10.4525683862842,1,10.7528457259949,1,9.97124355811659,1,15.986051302363,1,8.98057992305848,1,11.0182956495313,1,10.1587919141266,1,9.92331043290111,1,9.73031410613181,1,15.276307054332,1,10.3710434277888,1,15.9546200964348
1,29.0633052905061,1,25.6360156512025,1,11.1180252154811,1,15.4533818500872,1,11.4816486482688,1,11.3353935520577,0,10.1539158660622,1,15.1804757593855,1,14.6791579699082,1,9.89258304391755,1,9.46095447428218,1,10.6512235835936,1,10.7493217837298,1,14.9005497060502,0,10.721459093424,1,9.21681868856053,1,10.3615179077377,1,15.7398454185679,1,10.3018785388368,1,9.98725834003307
1,21.245753858942,1,14.7968575012017,1,9.70287453867937,1,9.09732864206304,0,9.61312677430501,1,17.7884233319329,1,10.4227585751919,1,9.23206137176017,0,10.4491284099675,1,14.0478578892746,1,10.4963605404428,1,9.9181915400675,0,16.2438146030825,1,9.81386937462537,0,10.615346957485,1,10.4571391809288,1,8.42723113451245,1,9.2410738549323,1,9.95865773673148,1,14.2278054009982
1,21.7269510605402,1,11.6905331675213,1,14.2741962131494,1,18.1466665124775,1,14.9017383083481,0,10.8880591838626,1,10.1799318016188,1,9.97110671113698,1,10.7450319994623,1,10.4583283634912,0,9.26732267970154,1,9.98775082257788,1,10.6572355899954,1,10.2673990699679,1,10.7997483993818,0,10.5802675592952,1,9.98409770654175,1,10.3296330383046,1,15.7895293040412,1,10.1802209402758
1,17.8866705809604,1,20.748067864798,1,10.0955099287133,1,13.7540753261445,0,10.1427882917907,1,15.276079450795,1,10.2422533930737,1,10.5516554903933,1,9.09806151047939,1,10.1346023389203,1,9.80943234930269,1,9.88930588197167,1,9.90681264607461,1,15.266421498562,1,10.2189244887833,1,10.9828528433421,1,11.0467709565903,1,9.93125490094539,0,10.3267860346325,1,10.2000816711205
1,24.1762460664405,1,17.5984612500044,1,15.5734871916972,1,9.982473354403,1,10.4959737265016,1,14.5269138092271,1,15.2668610091421,1,10.4837901284427,1,20.2986127222952,1,9.71976700474102,1,10.2569780641502,1,10.7807447032003,1,10.4543309132594,1,9.32237217377773,1,15.82031869304,1,10.3860421519534,1,10.5917883120079,1,15.7739390015646,1,10.3721175974386,1,15.3528456152833
1,21.4339470557119,1,17.2863705419732,1,14.3817841662127,1,10.6800637989747,0,11.0222524962625,1,11.5732032396688,1,10.4728210439669,1,10.8748179103989,0,10.5850902149553,1,10.3021014657187,1,10.0445097854847,1,10.167030171015,1,9.94114512652752,1,9.65230821517614,1,9.90246260362148,1,10.2716957312332,1,14.3384607050094,1,9.78418204192984,1,15.7653416625633,1,21.3948352872158
1,25.5964603453128,1,10.8852710647118,1,11.0895009203298,1,10.7634454347993,0,12.7457473841615,1,14.7477075364487,0,9.28310424345802,1,10.4091077087387,1,15.4297352248359,1,15.6718910476876,1,11.0479354668552,1,9.79295827013511,1,10.0135148058218,1,10.0157713681831,1,10.4103558550958,1,10.2662929160059,1,10.0719952019092,1,15.1440185827211,1,9.80497885767986,1,9.16295291965831
1,18.7737762559785,1,19.2177256571475,1,20.8015322199032,1,14.1969272699922,1,10.1667746725342,1,10.1431374438445,1,10.7513680421488,1,11.1728632018573,1,14.6516874145659,1,10.0643744009949,1,10.0971816411743,1,9.65912367009994,1,10.669058980172,1,9.69659476919983,1,10.272068845219,1,10.5194039277349,1,9.87649971369812,1,9.60190711650916,1,9.49498113494082,1,9.14464183180358
1,15.7228275107498,1,16.3872700977155,1,16.4086792492114,1,10.1721935882659,1,9.56570025047543,1,10.2147104896228,1,9.48986977086042,1,10.354374207706,1,14.8512475522719,0,10.183705499838,1,10.1804706770203,1,9.6707607913111,1,9.40264764407246,1,11.0231147700846,1,9.8883528945941,1,15.4907145983685,1,9.51929723397375,1,15.148557492386,1,9.42188653254595,1,17.2474625944655
1,26.4997374561193,1,16.2773138311378,1,11.323483646811,1,9.59448285355151,1,14.8868003705609,1,11.6538394930709,1,15.5471635618102,1,11.2141823036543,1,11.2184770423868,1,15.9345869480715,1,15.0351694201395,1,15.4714142456666,1,10.5162333173557,1,9.72018638747214,1,10.0104294349629,0,10.2508736940986,1,10.1272320903914,1,16.4842414959687,1,10.4739761244766,1,10.835175473678
1,33.0932015950472,0,10.8596028852211,1,14.8037215571608,1,14.0635393505208,1,14.869055237449,1,19.9729248181225,0,10.3743674850133,1,10.0320697665518,1,9.66570288533618,1,10.6731073766749,1,10.7922551171133,1,9.7719960940471,1,9.75358166684132,1,15.514692646911,1,15.2776844963661,1,10.4166006539276,1,9.90787042273212,0,9.7309337239593,1,9.10330058303214,1,10.5479815209187
1,18.5554830053059,1,22.9377454980255,1,10.0798660630466,1,10.6366364664882,1,8.97598143641024,1,10.1585061996211,1,10.819302816979,1,15.6890914747878,0,9.79476741532619,1,11.1857780311256,1,15.6004291795044,1,16.1799639764276,1,9.71641307749408,1,18.0334353124326,1,9.72057653798761,1,10.3599995404762,1,10.2514011946664,1,9.71906371716944,1,9.82574576589554,1,10.1380488072771
1,15.876277923427,1,15.7658259473241,0,10.7226059757203,1,9.8962235196643,1,15.2146083394764,1,10.8816661115721,1,15.6851697928835,1,15.7248688712555,0,10.0895406683495,1,10.3282104234971,1,10.3601607508301,1,11.5800998514385,1,15.3185080355485,1,10.8296689355432,1,11.2291477933013,1,9.26779168453713,1,10.1685304729791,1,11.0805805054582,1,10.5997255732338,1,10.2094719990104
1,17.592437434037,1,17.5040941125777,1,13.9848184980834,1,14.1232285430206,1,14.1796671861596,1,9.25553080033498,1,14.178553392124,1,10.407087202415,1,16.6500543171044,1,15.6199283192458,1,9.99141866247315,1,10.7075641226442,1,10.7400905497454,1,10.6690149597209,1,9.71084737557489,1,9.60777225488493,1,10.283398055765,1,9.81922236617166,1,10.444726768512,1,11.2516825695825
1,26.6123642804019,1,15.5951449067722,1,14.8140883943691,1,14.1303186884365,1,10.8271062133161,1,19.8721950171055,1,11.7159269470004,1,9.63385255166795,1,10.2892971064098,0,9.49313600973924,1,10.2804547442428,1,10.6341718947152,1,9.91808441582516,1,10.2859813761211,1,9.70996470210406,1,10.1739310680777,1,11.1281855877027,1,10.6242698481956,1,11.1697646869639,1,14.4804460981043
1,18.4306261522997,1,13.8566080890546,1,16.06954205712,1,10.0504441621304,1,10.4169082598845,1,10.8321250227271,1,8.88190843964829,1,16.0909196075901,1,9.85878318371912,1,9.90103679874584,1,10.9115957214792,1,9.82311384416372,1,14.5381424769301,1,15.5882337450468,0,10.7750653750978,1,9.89515088914235,1,10.8450631445692,1,9.77174053287633,1,16.4531938916132,1,10.8940597413599
1,18.1736853354237,0,9.56566274362729,1,14.4762858882584,1,10.1928252206666,1,11.2179358650359,1,10.0536905792447,0,9.86438425785266,1,10.2660329028055,1,10.1325174199525,1,9.84385452015743,1,13.9384142888154,1,10.7374426049292,1,10.224651241573,1,10.2293758116941,1,9.97834623058233,1,10.4821674041101,1,9.98370440572346,1,9.75127810199723,1,10.6689388023569,1,10.7246700581326
1,26.2441603665132,0,9.92851362669771,0,10.6475663059619,1,10.0055414424025,1,10.5751858571945,1,10.5004443371723,0,10.9266561442427,1,11.4707180301531,1,15.3845062893382,1,11.2428495159312,1,10.0388878144657,1,10.313100809388,1,10.0103936661452,1,16.2210768671672,1,10.9024446507665,1,9.64884809351654,1,10.5275112130503,1,10.720707642935,1,10.3610675956695,1,10.9231154206924
1,21.5933664211565,1,18.3716830178938,1,11.3662573808953,1,13.2783074469087,1,9.75137796122432,1,9.59818270848247,1,15.665924847681,0,9.86190388321153,1,11.3378661341544,1,10.0584658633026,1,10.8074422460319,1,10.8312446974641,1,10.4789583159016,1,10.3734085737278,1,11.0689647056838,1,10.2875761157411,1,10.6002576161999,1,9.53604255145864,1,10.2574184307339,1,15.987392407321
1,19.6749320063826,1,11.1665387402411,1,9.84059435868394,1,14.31648918701,1,9.41474149806161,1,10.9911661567821,1,9.42932631141711,1,9.45473378742723,1,10.9049623770642,1,10.1942252611223,1,10.4063009508127,1,10.593098638221,1,15.1307309670142,1,16.2267464265686,0,10.2587569763134,1,11.0218968882892,1,16.5910960566373,0,10.1551707866329,0,9.7496761594215,1,15.0930396723622
1,23.2667901586266,1,12.8387002502545,0,14.8340042710873,1,10.4450174081065,1,10.4503867717571,1,14.623334650233,1,10.7862157155997,1,9.64987469526011,1,14.8517150146981,1,15.2903635190433,1,11.4262532061719,1,10.3464267368535,1,10.3047663605867,0,9.66496182584246,1,9.91936539664682,1,9.85899807664274,0,9.42478944505163,1,16.5008873243916,1,15.5741761799046,1,9.55336526316342
1,18.9073113903624,1,13.7831236716517,1,10.4404746508013,1,10.474898619343,1,10.5059780455975,1,10.4558037854639,1,10.350903990278,1,9.6848827578378,1,11.1279450710545,0,9.90143062649129,1,10.2070321222928,0,10.3071818449669,1,11.3946672160564,1,10.1918516504815,1,10.3335407858343,1,10.3252882499526,1,11.277205734103,1,15.3726529108883,1,10.8707508542267,1,11.6342935236608
1,28.5616217273587,0,10.62223610925,1,14.343377780668,1,14.3028553565884,1,10.3912316458281,1,9.53749478113737,1,10.071582070422,1,14.5008554177566,1,9.60087567351905,1,10.4473516860917,1,19.9664161364439,1,9.36382625425419,1,9.92658570988119,1,14.4755169333159,1,9.52900611394828,1,9.94007837717183,1,9.81598410452378,1,9.84432267673686,1,10.0497944777079,1,15.3418613032032
1,19.4894013851325,1,18.6224910996,1,13.8976560484491,1,15.5661871563973,1,14.8046312806995,1,9.99147399223911,1,10.1538332075716,1,10.5446679405755,1,14.1838987542199,1,10.2119425269308,1,10.3058668694238,1,10.5626291676714,1,10.4675692571029,1,10.3947497301028,1,15.6818493492234,1,14.9870258606267,1,10.4883655666758,1,10.975274859398,1,11.1555988721404,1,10.5633660309275
1,19.0923833791599,1,18.6301814892361,1,15.8480004368702,1,14.4250131927604,1,11.0621105496429,1,10.9413912675236,1,15.9734790414427,1,10.6644039875383,1,15.9313622059007,1,9.36233224075791,0,10.0525222454237,1,10.153549483025,1,10.4705111331644,1,10.5029043348436,1,10.7194060193577,1,10.739763215636,1,10.4286717671384,1,9.96543527227961,1,9.66046504564162,1,10.1441994539313
1,19.5039411285022,1,17.9329753949035,1,9.79683271520201,1,14.7052947915772,0,14.6453678731149,1,10.3282252162482,1,10.4678196722867,1,10.1261214276425,1,10.5056125899875,1,9.36810828708217,1,15.0193822890615,1,10.0586552295997,1,17.0392076031599,1,10.4648658549502,1,10.085751985482,1,10.7820884432639,1,10.7438708681696,1,9.37622292002649,1,13.7634679768015,1,10.1093602969446
1,28.4918108205822,1,22.3152563077296,1,13.948366440327,1,10.1559748712738,0,10.5145239129796,1,10.5320251485239,1,10.1284073908433,1,15.1054101578472,0,10.238213442521,1,9.77439693264964,1,10.155074389933,1,11.0465889922804,1,9.89941989528442,1,20.301550265715,1,10.6692514631536,1,10.7762222891668,1,16.2341235288011,1,9.78972144782933,0,15.3936739967099,1,9.49995069635726
1,20.0105349878827,1,9.57036004781909,1,13.6772159048743,1,19.1841030003331,1,10.1772934890349,1,9.10497243976665,1,14.4608089602201,1,10.3942218179847,1,9.44463044240996,1,10.7615074227845,0,9.55163645007723,1,9.74055145695819,1,10.0842988032625,1,10.1956690441089,1,16.8239485896266,1,10.1590605861227,0,9.29621943440505,1,9.66822507059032,1,10.4178273367922,1,9.52020100860088
1,22.1901103474003,1,15.1594215117526,1,16.5214216560543,0,16.3465207108171,1,11.4242171424389,1,13.8512290807235,1,14.8094947049107,1,10.2155238900469,1,21.020694795462,1,10.1561301613316,1,15.3511801681929,1,16.0866650515616,1,9.58256664522845,1,10.072261213858,1,9.7553453251345,1,9.83709090317013,1,15.8543226457608,1,10.5863727526199,1,10.4411084686725,1,10.3296470062896
1,24.9032608229507,1,15.2452975038984,1,13.8217616643047,1,10.1422666591871,1,10.1422692312615,1,11.2217849768124,1,14.8180991017745,1,10.2157160141027,1,10.1305959254458,1,14.5445503805451,1,15.4469151280647,1,10.3891851264859,1,9.99336745749612,1,9.77334316908849,0,15.9910789222347,1,10.4108824273265,1,9.46671041091879,1,9.71740608076941,0,9.58443685919147,1,15.1086434909101
1,33.6128702098548,1,14.8805813625895,1,18.8843508820073,1,14.3376875422989,1,11.1547754760369,1,9.93114267835201,1,10.3892758455704,1,10.8796965002922,1,9.61173212967095,1,10.6623697448503,1,10.2568651940305,1,10.0277768788427,1,15.3590306783836,1,10.1930905333894,1,10.8900640389188,1,16.4379896504397,1,9.41521497022326,1,9.93824539170745,1,8.99446159717613,1,11.1095748614856
1,20.7431288151347,1,14.9067974217435,1,12.1165067112521,1,19.537823389312,1,14.8106105012669,1,15.6913804046051,1,15.9968144547138,1,9.62600413962105,1,10.6216291555375,1,9.53054729100664,1,9.7011281763268,1,10.4545997264161,0,10.5408204613461,1,10.3191741568269,1,10.6467325133517,1,9.6511162640325,1,10.2179493276979,1,10.8690623251006,1,10.4706042732079,0,10.0417045188533
1,19.7091124942654,1,10.7845962852608,1,17.8483070428461,1,11.7075446849297,0,10.0807445605772,1,15.0787302309775,0,15.332494827572,1,11.2927830978647,1,10.6800743321308,1,10.8142995849984,0,11.5805623971868,1,9.7420425985224,1,9.93136707484127,1,9.39360221742052,1,10.5936610012397,1,9.67170257433768,0,10.03890756933,1,15.9339959962242,1,9.86405195203282,1,10.2256898732554
1,24.5196541927247,1,15.6010762710971,1,13.4017185294319,1,11.7106854537651,1,14.4784333912314,1,10.5249568800191,1,9.75812558680233,1,10.0818477274017,1,10.1746674870583,1,14.8640105623727,1,11.0667540369735,0,10.1147949078231,1,15.07244933739,1,9.9486164590726,1,10.1250639865113,1,10.1530586323538,1,11.0312392810301,1,15.3633981647699,1,9.79568254862322,1,10.349652002234
1,27.7394860083688,1,14.9858858383187,1,10.4346179162515,1,10.7476776488849,1,10.4600954482831,1,10.1260460570829,1,13.8205261296915,1,10.4174268424472,1,14.4553917054512,1,9.34833809841382,1,10.0916796931912,0,9.99558597824997,1,11.0856188967675,0,10.4165723041952,1,10.4685506109304,1,10.0053104937852,1,14.6242799098086,1,10.1350628013013,1,10.2761389893917,1,10.2649500467335
1,27.2527392397021,1,21.3689821647825,1,16.0911530317431,1,11.7576183448227,1,11.4827254129582,1,10.3465468034408,1,11.664716542211,1,10.6664202678625,1,10.2266808327785,0,10.6154778330671,1,10.2267219733585,1,10.3622735810501,1,10.6845408849928,1,11.0960723211367,1,10.3967073417545,1,9.9564120130351,1,11.00660986211,0,10.2147882477386,1,9.4277947182719,1,10.5343712275314
1,26.8115293452859,1,11.682738088509,1,10.3611139924685,1,10.0583204008598,1,9.57779570805159,1,10.5878270773938,1,14.6734186519163,1,10.3252098340001,1,15.2223129286927,1,19.2928987630886,1,15.5415251322732,1,9.60225427032281,1,10.1017151498353,0,10.1338902982287,1,10.3107611977952,1,10.7619064701714,1,10.4593622309919,1,15.3886286601493,1,14.9145260603544,0,9.52233291620407
1,21.3286054509176,1,14.7340593181613,1,15.3917774749274,1,10.1329514671592,1,9.53468459383671,1,10.4940820832757,1,9.91448778009033,1,10.4974111167199,1,9.92411528209478,1,10.2952327576329,0,9.84535645752793,1,10.1687368181921,1,16.41302071475,1,10.3065398565656,1,10.3677147203862,1,10.7279077870026,1,10.3831967892316,1,10.3097422457103,1,10.6804343664284,1,9.93106285167011
1,19.6446138845417,1,14.8798256668834,1,10.8531866890693,0,10.2574993147859,1,10.1517578131525,1,10.1379374882343,1,16.533287929815,1,10.1137294385678,1,10.6133099351966,1,9.71430116375337,1,10.5307090928695,1,9.87204805692685,1,10.2912578791775,1,10.0403729653241,1,10.4210473011031,1,10.0107702951642,1,10.407845000189,1,10.3238443551985,1,10.3148843191749,1,15.8546328818783
1,26.2569995621531,1,10.6684883341232,1,15.6909093302126,1,10.1425727554402,1,15.2816749217873,1,9.38235045183167,1,9.83998923368283,1,10.1943009993519,1,9.81966870152876,1,10.739144087084,1,10.07468401116,1,9.755019672032,0,9.94028468074146,1,9.93236308029834,1,10.4963289764249,1,10.936091598899,1,9.54509388591184,0,9.09095789206689,1,10.5037656178821,1,9.42633057560529
1,16.7534129631985,1,15.8406850482741,1,10.3155530906486,0,8.74454103444094,1,14.9169530960076,1,14.8184691258619,1,9.81729606733356,1,10.7917208435937,1,9.28368399901199,1,10.7609756424593,1,15.256754669708,1,10.5279473584552,1,10.0079227826418,0,15.8426932811276,1,20.410249849545,1,14.4202430512979,1,10.2050315121293,0,10.3624012401034,1,10.1714226114605,1,10.2022911677626
1,21.9250022765188,1,15.3026769393612,1,14.7884730276306,1,15.4877648691884,1,9.48414472357719,1,9.29104876708967,0,9.3019678267445,1,10.0154267006799,1,14.2416442692075,1,10.1662694234579,0,14.7619573664717,1,10.1653018646985,1,9.80871507155832,1,10.0970884583384,1,10.738022038103,0,10.3672768783463,1,10.0050842817686,1,10.0905980460399,1,9.97552027328247,1,10.8332488059592
1,24.4194495327128,1,19.8034332714837,1,14.3219693026218,1,10.9520137129326,1,9.47462820882427,1,9.29189440016646,1,10.2638798489879,1,15.4431103559429,1,9.81291524087706,1,9.65411012074686,1,10.2411428773937,1,10.1908462827648,1,15.1283582808027,1,10.2319573849684,1,9.46315391817021,1,9.84653066857439,1,11.274215880471,1,10.1067830996685,1,10.8985814391171,1,15.3021758094725
1,27.7872670167931,1,12.7982905753449,1,12.0509711446719,1,10.5879316196089,1,10.179687476565,1,14.2803765632052,1,15.4824360016064,1,10.3586853541146,1,20.5403143794803,0,10.2527794171593,1,9.4583192077497,1,9.53435998736514,0,14.5718613259517,0,10.9452172511579,1,9.86643286452833,1,9.85495038376547,1,11.3018081793495,1,10.1895556883608,1,10.2195846696182,1,10.3191125075051
1,34.6135315861572,1,15.7781386717212,1,13.7398869493448,1,15.4459082300784,1,13.836335240492,1,16.3503746415358,1,21.8851975901225,1,11.5003783171117,1,10.2925159843636,1,16.0754737511194,1,16.4117395876417,1,10.3045264545136,1,15.5675420456994,1,16.4135296770582,1,10.0099028941844,1,15.4509374806229,1,10.1979136514613,1,10.3590856426729,1,9.57822310336577,0,9.9298303317728
1,22.1265033097768,1,14.732198325984,1,14.9307091687073,1,14.6628941444748,1,15.1094374785376,1,10.1941299823335,1,10.5941345620307,1,9.7847186335772,1,10.2895928703038,1,9.57049705972494,1,10.1063824099456,1,12.1136558667823,1,10.1843684034171,0,10.3975263003618,1,9.91747216652314,1,10.652881228357,1,9.95334657072684,1,10.4796416013267,1,10.4175448278885,1,10.4125245044957
1,29.7780256291547,1,19.1793333108286,1,10.7527249883458,1,11.0823303661779,1,10.064873042192,1,15.2122670124431,1,10.2198184687505,1,11.0184263847609,1,10.888026930315,1,9.91622002874249,1,10.2286108718053,1,10.9319935877374,1,10.4924905232881,1,10.8710376657978,1,16.671339700552,1,15.6313113325418,1,10.9459407126537,1,16.1512558920526,1,10.1246488740732,1,10.822835978003
1,19.8610204471142,1,15.749833012163,1,10.0380985508906,1,15.487271158383,1,9.57792424650881,0,10.8478414169849,1,9.46095525918514,1,16.0911152031394,1,9.57149612103716,1,10.4284272200117,0,9.89176609747706,1,17.1610601268346,1,10.1055055183956,1,10.0051990739427,1,14.8832638848967,1,10.6055901134687,1,10.3302348716261,1,10.2512419673809,1,10.1904786745522,1,16.0517500913305
1,32.330067834432,1,11.5313343160614,1,13.5588357820835,1,14.3674392656007,1,19.8828392265276,1,10.8389555839181,1,10.4206873877089,1,9.83627644729632,0,15.7238821469283,1,10.4969843339179,1,18.8740107777875,0,14.5208578091871,1,10.3913303695228,1,9.88824452099742,1,10.3025957749295,1,14.7578966763123,1,9.61243214274468,0,9.70678966032483,0,10.3585563502158,1,10.1403372629071
1,29.8640259466952,1,12.727407994886,1,15.11741193713,1,13.7670458809735,1,11.1821609556128,0,9.48407618350758,1,10.487498758265,1,10.7046678176946,1,10.8270607490749,1,10.5144583250503,1,10.4692735634673,1,10.0367969234093,1,11.4775957827792,1,20.0708073830397,1,14.6315937911944,1,9.73376191536542,1,15.225601470303,1,10.249767504505,1,10.1368114362168,1,15.9099819768599
1,22.6674161649606,1,14.7189624764897,0,9.91379191025931,1,10.5734391079506,1,14.7616681135659,1,20.6482958523293,1,14.3482104519031,1,10.2733337992583,1,9.5971938676049,1,20.8864635758566,0,11.0647023855825,1,10.3437977698184,1,9.03707776305442,1,9.6367171367157,1,10.298443543455,1,10.5229002858462,1,10.4495364799377,1,9.78258211058294,1,9.8760955763576,1,10.1645008933473
1,25.5003466545668,1,19.8669672941096,1,19.1042654779158,1,10.362233653552,1,11.7730207966251,1,15.5770941377326,1,13.1193310354236,1,9.56768345160798,1,20.669854094451,1,11.2324106437895,1,10.6750001631734,1,16.1059366685858,1,10.1512468139344,1,10.1400097087423,0,10.5948612063249,1,9.50233468020723,1,9.90454027876076,0,11.4944823703076,1,15.7266857008314,1,16.5665300454962
1,32.5468730541177,1,16.7113627364613,1,10.5272217002029,1,16.9604262987177,1,14.6186074837961,1,16.0457159074051,1,15.3683487856756,1,11.0493420609645,1,14.801424778422,1,24.9695880747104,1,14.842982694309,0,10.424241286819,1,10.3261402550177,1,9.97305075766454,1,10.8013497625037,1,9.47636963420364,1,10.6923537658926,1,10.2806750285478,1,10.0598317069534,0,10.1461245018206
1,26.711602931349,1,11.0167909506929,1,18.711786315015,1,12.5726875627074,1,10.7726648734168,1,10.4305688469995,1,10.2914115313162,1,14.7163081155504,1,9.14360284362236,1,10.0718275235857,1,18.8775428920461,1,10.4063861704602,1,16.1200650764357,1,10.1842944768324,1,9.85289012433963,1,10.628794478292,1,15.9730337919302,0,10.8163683184289,1,10.3353883968299,1,10.7013912581138
1,24.3999301973546,1,12.5870029316063,1,14.7748043417209,1,10.6659560769053,1,15.3310034463103,1,11.1027664884178,1,9.78610017100256,1,10.4186363375046,1,15.3034760107167,1,9.52121073403295,1,9.74987212123014,1,9.48900404609785,1,9.03350838163735,1,9.74824406806374,1,10.953339545083,1,10.2609249267764,1,9.08465546826239,1,9.69120022991468,1,11.1236544374269,1,10.3648393564491
1,21.3590122937701,1,14.6282782545139,1,11.4726401881716,1,10.427995987339,1,9.92041515521061,1,11.3889098858608,1,10.2586809999755,0,13.7311814851851,0,10.0472013287204,1,10.3975728378706,1,9.45715792960063,1,20.6497319205639,1,10.6925862896603,1,9.82528623963362,1,9.80564208276454,1,10.2036103583489,1,16.2579579914453,1,10.1016728199809,1,9.61315800865601,1,10.5337782885928
1,23.8908726488898,1,13.0816647722572,1,11.8415003009923,1,10.8454892777736,1,10.7581955302748,1,10.2822490694121,1,9.64345550855036,1,10.8429544621204,1,10.3441269589124,1,11.4214297142874,1,10.7200647643086,0,10.3309430626448,1,10.6859986839173,1,15.40860857921,1,10.8924458499028,1,10.1990622681416,1,16.3482345995209,1,21.1422575211599,1,10.7939301803985,1,11.6629025518022
1,17.6652822656434,1,10.81472187973,1,17.0355365705373,1,9.35664955625903,1,13.597145378331,1,14.5335391779469,1,9.67932748815077,1,9.44051826573204,1,10.9821147884971,1,10.5626082925286,1,10.1205057508977,1,10.1283051828188,1,15.9033604945886,1,10.4770017804835,1,10.236442720534,1,10.0149382502613,1,10.2670101845101,1,14.4150480773066,1,10.5949776097822,1,10.2108203109034
1,28.211751394082,1,17.1760000705941,1,17.900616266464,1,12.4696415018823,1,11.1984328408839,1,10.4432272350849,1,20.2201693875952,1,15.3304076287403,1,9.88494054286227,1,9.53323797100407,0,10.1064951674801,1,9.93044093664348,1,10.8485947221635,1,10.2108767225061,1,14.9859386275491,1,14.7104852356115,0,10.0911052626893,1,10.0567961098521,1,10.0178200998867,1,10.3233841050512
1,16.5144985217386,1,14.3241664170032,1,10.0482586796641,1,10.3518991020416,1,9.62100353052374,1,10.0857491420821,1,9.60997331638359,1,11.4945833082182,1,10.1654211110971,1,11.0570515209472,1,15.5973910753015,1,15.0016057337132,1,10.1867299669887,0,10.8494056274537,1,10.6877130909568,1,10.4434846629501,1,10.4934310810113,1,10.5220036881455,0,10.2953824876636,1,10.2142084409408
0,18.9639809012563,1,12.7367802542292,0,10.6245322997757,1,15.9529936600116,1,15.0350140843521,1,14.1362518648248,1,9.92697270610823,1,9.7302106837213,1,10.0751892331642,1,22.1755023772942,1,14.7046130424562,1,15.588212473668,1,10.2780018927445,1,9.38941056344627,1,15.0855297680521,1,10.2752869071992,1,10.2882353671058,1,10.0520234180768,1,10.778623317044,0,10.2520479174824
1,29.0300232779569,1,17.0886003377776,1,14.3728941760525,1,16.9617920169194,1,14.2240878746133,1,10.7979381240525,1,10.2480457404158,1,10.0067848266576,1,10.7602716667265,1,10.4082494960417,1,10.0135006234585,0,10.467432724757,1,10.4391073545064,1,10.0856345774066,1,10.4352889260517,1,9.63162981351473,1,10.1451905699708,1,15.6230895924691,1,10.1834705994702,1,10.1254602163693
1,15.6355138503957,1,11.8298073000002,1,10.3747372340084,0,18.3120123130627,1,10.4608439296112,1,11.6104300465321,1,14.9095870051376,1,10.1097193029597,1,15.933005238095,1,15.4469080811932,1,9.76583560840363,1,16.0950824900159,1,9.87380441152096,1,16.4420384958343,1,10.5051907211924,1,10.4117516641403,1,10.0328297494444,1,15.8552461153515,1,9.93449124735541,1,11.468688455887
1,26.982428901346,1,15.1684542109011,1,10.4440812427345,1,16.131673819386,1,9.86102960702005,1,10.2982694530874,1,10.7668865605558,1,24.7068355450637,1,9.60363245803347,1,10.4860357392152,1,10.801186247406,1,21.5013667685227,1,10.1903571127948,1,10.4020237763365,1,10.3762689135225,1,10.3881302219541,1,9.8029728958267,1,11.0520999072372,1,10.6357597457696,1,9.5217142789664
1,18.4874823822087,1,16.5134260183299,1,17.5548099365743,1,10.8928023441977,1,9.98537802380235,1,10.528025703828,1,10.8940805843885,1,10.3985131036403,1,10.7706309140936,1,11.0165265319442,1,9.93928619790243,1,11.004755801941,1,10.3069943262094,1,10.8561826624574,1,9.84633793707193,1,17.8202865672701,1,9.728874971571,1,10.2623258703707,1,10.2591928504312,1,9.96440030121603
1,18.4051785495595,1,13.136601165295,1,17.1170316096623,1,14.3377741639341,1,9.86547841328669,1,14.0749110714268,1,10.3043942913073,1,9.35859317518272,1,10.3222288904141,1,11.1965078645799,1,15.2013473035411,1,10.5221501247764,1,10.4654972669475,1,10.7624047189806,0,9.54927075997583,1,10.0302837295038,1,10.0925935203948,1,10.8666973526923,1,10.1298339733399,1,9.98142050659748
1,28.0306030673965,1,12.7522261612352,0,11.4097054703138,1,10.6925373264469,1,15.2026149305384,1,10.1935732370449,0,10.0069767544086,1,10.8898088251687,1,10.2802528934569,1,14.4180912343178,1,9.96225258519797,1,10.5809642832788,1,10.2708383284756,1,10.8651023709299,1,15.4808275453322,1,9.70165522129244,1,10.555804390729,1,10.7762278859133,1,15.9946621529163,1,9.82663632644151
1,24.7373393382268,1,12.5991038750474,1,11.4287695969796,1,10.7428814529391,1,9.77460532940662,1,10.3101589942389,1,10.4995563198018,1,10.4666503312031,1,10.9927196287158,1,10.8399698684145,1,14.6867324424589,0,9.68178583772541,1,10.7139697042702,1,9.48962596886153,1,10.2215222300115,1,10.5138443083399,1,11.1059635841535,1,15.8765449843112,1,10.0595997375604,1,9.51516691988841
1,23.3608321079133,1,13.0719952152479,1,11.1481410197236,1,16.0534956710372,0,13.6632878201142,0,11.9665829336723,1,15.5861898851873,1,10.1236663752234,1,9.8056260433239,1,10.1485627801927,1,10.3304176164209,1,11.67653637521,1,16.1100554175777,1,10.2674791505069,1,11.5928596186013,1,10.1366597800419,1,10.3075112752797,1,9.93831306386101,1,11.0423100636599,1,10.8475734814067
1,22.9347820482678,1,15.9320460872468,0,13.0810972814008,1,11.5842320128585,1,10.4735797688984,1,10.6572645169613,1,10.3294498829895,1,15.7528097928703,1,10.1291012855448,1,10.5510132848995,0,14.962059673718,1,14.6948426006907,1,10.3440847459823,1,15.0516923743008,1,9.50960979016702,1,10.1221686131831,1,11.1096465558648,1,9.42247539281972,1,11.231167125412,1,9.9079002688311
1,27.6601283442924,1,21.6432075363099,1,11.804267257982,1,15.4365772915504,1,14.8763309927226,1,16.451371427433,1,15.0909937202108,1,10.1584289274675,1,11.1664740285135,1,9.90236762622249,1,9.86181985579126,1,11.5276159594968,1,10.9746264483711,0,14.9866623806831,1,11.3464514946639,1,9.55876588748698,1,10.3243061666999,0,10.6991267288565,1,10.013232851979,1,15.2808719655832
1,27.101386682632,1,12.7394310056489,1,10.229976839367,1,19.4653281735054,1,11.2418202764236,1,13.9969453938987,1,13.8657076490805,1,10.5398816063749,1,10.3691039506316,1,14.5440779799542,1,16.1152819885729,1,10.4571467401544,1,16.7451566254633,1,9.42634433659819,1,10.3181187868345,1,10.1475554519337,1,10.5548422427391,1,10.6318535498823,1,10.3261027360662,1,10.5573875798396
1,21.3497788357211,1,18.4164787840516,1,18.9584400075482,1,14.0148426480521,1,9.39137485826336,1,13.8801972326743,1,13.9968770401478,1,15.8376184910899,1,10.5330883359243,1,14.9391192746101,0,10.0633400758361,1,10.0205159733716,1,9.9768180340822,1,10.4963833529398,1,9.69228168074457,1,9.51416163401957,1,9.57703389153999,1,9.54827887487543,1,10.0738197091624,1,10.5683441307182
1,23.9794566323842,1,16.4779506122434,1,13.298693651271,1,16.0993014107619,1,10.1438486160523,1,10.1250242662151,1,14.0062999752405,1,9.69844492815522,1,9.58546109266854,1,9.27841368938211,1,10.5064481659171,1,9.82238481485734,1,10.3158924200975,1,10.4224124284088,1,10.9546571666214,1,11.1464737608298,1,10.3702407692777,1,10.9500747043259,1,10.4045367182324,1,10.1792037741817
1,34.3881034290413,1,17.9658472055539,1,19.391298278627,1,9.80213531905275,1,14.9790110751176,1,15.2519513865427,1,10.5418972822284,1,10.9981853881676,1,10.758416168905,1,15.6893523673177,1,15.6949473918943,1,15.6426605472268,1,15.8245438402524,1,10.2324264893427,1,11.1916915739353,1,10.8231427612761,1,10.6164190413629,1,9.90496144168878,1,14.5333107177391,0,10.769033986376
1,26.1688658302948,1,14.7782400942684,1,16.699531848079,1,10.2039339792503,1,10.701903540631,1,9.76173533904345,1,13.9754144575342,1,15.8126765909542,1,10.6421990331877,1,10.95557094142,1,10.5630052835145,1,15.4942260350317,1,11.0635664114575,1,10.2820888122696,1,10.182482723674,1,10.8161579453958,1,10.7493292866342,1,10.2688030633417,1,17.0681155954837,1,9.8752223262767
1,30.2936231505855,1,17.6390572280078,1,16.8456664444798,1,10.912121532846,0,10.0544812061333,1,9.22310626389732,0,9.81589535920593,1,14.8182594194786,0,9.44534887581715,1,9.98980922068026,1,10.2973370545652,1,9.85045465737723,1,25.8555620101891,1,14.7667757912653,0,9.84244409279321,1,9.88601067744322,1,9.91464851140946,1,10.3013828665878,1,10.2437263200558,0,10.2494387132265
1,27.3648091055916,1,15.3482015266714,1,13.9590242085796,1,10.4158338749131,1,14.6229376408306,1,11.9224242002004,1,19.0499534166062,1,11.156745936521,1,10.2497435802609,1,10.3401425126699,1,10.5111662557678,1,15.0943764443341,1,16.2613543177565,1,10.0023901764063,1,9.79705723462945,1,15.7523801491566,1,15.9336376799517,1,10.5615168798076,1,10.8103189376961,0,10.0999111148253
1,15.0397588069306,1,15.4181283778034,1,9.30047453996234,1,19.8400224800747,1,13.7262594296781,1,10.9043449574717,1,13.4811963385587,1,16.5262816045826,0,10.6772692856222,1,10.3758377850716,1,10.6148003998297,1,10.1854225404906,1,10.2422638383029,1,9.95055661394164,1,9.95577208186139,1,11.1654842321643,1,10.2709603581119,1,9.85412553793171,1,10.6561947680007,0,10.7280113983615
1,17.1658804312391,0,14.8894213055097,1,11.4445363700815,1,11.9816285901496,1,14.7541239076653,1,10.3474344751684,0,9.70962797910199,1,10.871250092111,0,10.6653387882001,1,10.2254585773058,1,10.3625627552375,1,10.2375592635064,1,14.8929057103648,1,10.3973594826357,1,10.0891700970695,1,10.4078807524659,1,15.5766175350647,1,10.1134210559681,1,11.1583795462931,1,9.82195384986085
1,21.4705341786433,1,17.4551807655983,1,11.4851873680346,1,10.5136254621948,1,10.8787605252282,1,10.4796331921702,1,9.9861717664962,1,9.53066705985892,0,9.63554677194089,1,10.1410664065081,1,10.5375555021583,1,9.66823508413666,1,10.2413717433222,1,10.5980656887938,1,16.9591892027223,1,10.0223059378107,1,9.99379356684883,1,10.33777925423,1,10.7223687602453,1,9.52972742831304
1,19.1708976027507,1,9.94460828767719,1,20.8991787314994,1,15.3821683993223,1,9.58488631563469,1,14.6484627529848,1,9.71778186125235,1,11.3725348731741,1,14.987532613694,1,10.2086299245299,1,11.3649639441209,1,10.1163463683609,1,15.4829901702204,1,10.2192244796584,1,9.88306104219799,1,9.63560005624099,1,14.8036803667948,1,10.2789658310067,1,9.97384852867666,1,10.381521267322
1,21.8634073255015,1,16.0742480898351,1,15.1600637945734,1,10.7589240489674,1,30.2495366697054,1,8.86735404731555,0,9.49086880617312,1,9.95331583418269,1,9.26495991070136,1,10.3806820304999,1,9.69556200858206,1,9.86537555026455,0,9.78229892454372,1,9.34017188808373,1,9.60848679017992,0,9.7753846487357,1,10.6615798091974,1,11.3242408643108,1,16.5143892310144,1,10.4977075625894
1,23.2312788420502,1,9.73426120196405,0,10.8891051772371,1,11.0497601881697,1,14.8485719817923,1,10.4475175001926,1,10.8608679360689,1,15.7930980224494,1,15.5336859245827,1,10.8270105314686,1,15.2574883278197,1,9.54193669143167,1,10.0738568851154,1,10.3491764393006,1,10.0576508501022,1,9.8932353380634,1,10.8953816697755,0,9.42324925340484,1,10.2512546337331,1,15.1216480387638
1,18.1488151963044,0,16.2162446956522,0,16.8693638455875,0,11.536608246959,1,10.3471245931751,1,10.2785103969291,1,10.1882558037446,1,9.7033174342781,1,15.6998288929465,1,10.2882925845594,1,10.243277497058,0,9.67674226432783,0,10.1815505160528,1,10.1553326507379,1,10.0320724152625,0,11.5305748706184,1,10.408502322826,1,11.3393326423054,1,9.6985745930816,1,10.2649414928112
1,18.9060807665532,1,14.8964801532417,1,20.3528222938198,1,12.3579482295632,1,9.61306248349422,1,10.507386316489,1,10.0242413214844,1,10.661490372143,1,10.5226972754019,1,9.81810845192271,1,10.241846741539,1,19.6590581078946,1,10.3743816773575,1,10.1636101811472,1,10.0187569339363,0,16.0651664971473,1,9.97394724085207,1,9.40985743906911,1,10.515088103116,1,9.90070229543305
1,23.7429917156355,1,15.6691213491997,1,10.6815226251888,1,14.7166727531737,0,10.9151349645905,1,14.7645384838484,1,14.8356272376607,1,9.74979412221973,1,15.1400828439025,1,10.5088200304102,1,9.55299706743397,1,10.2306526190603,1,9.30454612109001,1,10.4507913248114,1,10.4410315360117,1,9.93950048437554,1,9.84900226529411,1,9.861056907928,1,9.92236255491341,1,10.121934964943
1,21.0793086230956,1,12.5060195797114,0,12.6153272733943,1,14.8252526742936,0,10.4733476955683,1,15.1024701369978,0,15.0368102716571,1,10.5188831730058,1,15.2233737183457,1,16.0195278862939,1,22.562682470992,1,10.6161393977295,1,15.9524652225085,1,16.0071816347169,1,17.3148422246474,1,10.3700425199142,0,10.365387061318,1,15.2838637552166,1,10.6221700393486,1,9.56384796496774
1,25.5747112659907,1,19.1523302638281,1,13.726622360646,1,10.0978325225323,1,9.78772910438839,1,9.58945173136277,1,10.1582869424986,1,10.5028627659123,1,15.7175911999122,1,10.1912638719885,1,10.5024839094299,1,9.9296543267304,0,10.1137753660077,1,9.87922927215253,1,9.95918320343276,1,10.7374826639375,1,15.1550303994468,1,10.3640665924088,1,10.6019510545713,1,11.9670141863627
1,28.7018166504402,1,12.1061463966006,1,18.4236663710487,0,10.5402157974501,1,10.1054361409456,1,9.98075726845412,1,10.3977361021001,1,15.7172833963346,1,9.79397408228705,1,9.79745794916947,1,10.8281776397148,1,10.2783919490177,1,10.3863770436947,1,10.8944718942546,1,14.6022800620258,1,10.2651922351089,1,9.73549305692714,1,10.8643689031965,0,10.3248484644623,1,9.4422112437676
0,18.2087143957708,1,16.3574461374231,1,18.9008570725369,1,9.94613269465346,1,11.2277573129071,1,14.9949424699897,1,9.69668330291292,1,16.3371890765516,1,9.84363827704637,1,8.79869687669624,0,10.7844813000641,0,9.29891348926719,1,10.9712455834448,1,14.856526484544,1,9.88676080175936,1,10.4627568446253,1,9.95877820098202,1,9.88767966904656,1,9.92867447760482,1,10.3525711802242
1,22.707260995974,1,10.6444422182724,1,10.5007738843911,0,16.3195696601043,1,16.814213916273,1,10.1695891684858,1,11.0563827466435,1,10.3786559499,1,10.035626685787,1,14.7726302838786,1,9.58199208680852,1,9.80396887360483,1,10.4296028603762,1,17.2192481371777,1,10.5224557469136,1,15.4114840508234,1,11.5120990637882,1,10.7541746761668,0,10.5028431836831,1,10.6943079134103
1,21.6007167824638,1,11.4189277866317,1,12.1410023515543,1,9.74150440657161,1,9.22017755287917,1,10.7440381327672,1,10.3859426324282,1,10.6995561892507,1,8.85848076863707,1,10.2477714714968,1,10.6236289300855,1,10.1055654301673,1,9.98674250997317,1,10.3412758186184,1,10.089395932362,0,9.93113163288884,1,10.1897707406842,1,10.4365402413842,1,16.0112446735192,1,9.93186895040156
1,30.4358855805221,1,12.3848744842612,1,10.6953255908373,1,14.2390128167731,1,10.6978655681029,1,13.9592749098405,1,10.1238297095689,0,10.0106414597873,1,14.8388407479724,1,15.7401839031115,1,20.0509394342315,1,14.6301126779785,1,10.2401263341844,1,10.4389630142547,1,10.6355926494274,1,10.9503753543967,1,10.3833510253224,1,10.8876995479312,1,10.6697252314793,1,10.9162127380329
1,17.2406775043814,1,21.0464668755946,1,9.12305814479731,1,11.4444767477888,1,10.3833449507518,1,10.1463873238159,1,14.3707408089039,1,14.8869288947917,1,10.1243966314826,1,10.730808490915,1,10.2444605147945,1,9.62906648567552,1,9.96028913708341,1,9.76909133190632,1,10.454107282747,1,15.999647884628,1,9.19823954127894,1,10.0831170971719,1,10.3545156973701,1,10.2686278980386
1,23.8199015457281,1,19.7044003077528,1,11.6152383529585,1,9.96879782224884,0,9.6987267456424,1,9.94671294169482,1,14.0642474082326,1,10.492427740973,1,14.617455398366,1,10.0502190159875,1,14.062480095584,1,11.3674181189248,1,9.75448262737319,1,15.8033093900391,1,10.4359455587142,1,10.7314633561398,1,9.33347266898375,1,10.259247743096,1,10.9896666794078,1,10.5790947236504
1,32.6084362039968,1,14.5086111993786,1,27.6125331500528,1,18.0709685946912,1,10.0409237683074,1,9.95385670532748,1,10.4122807706336,1,10.3165084470296,1,9.89849064869783,1,10.5188948110118,1,10.2071691006418,1,11.935834740327,1,10.6336382241599,1,10.1374857457833,1,9.99302549112303,1,11.4226394383682,1,9.74611857130494,1,10.2936187493947,1,15.2871253097247,1,10.487546192737
1,28.9567345770836,1,12.0319419901323,1,16.4117379750546,1,11.6155866286297,1,11.5817639671019,1,9.37536708812053,1,9.69068226705994,1,10.0113636200641,1,10.1482725466947,1,10.629002466073,1,10.2314579158824,1,10.2638285849051,1,11.4768762332633,1,9.96980154538462,1,10.4515711423645,1,9.2707884644052,1,11.6588286931197,1,9.79959641246285,1,10.5322113303631,1,15.1721185801383
0,22.7056313437714,1,15.2575363635194,1,11.1841015626806,1,10.1984889196992,1,12.3703317475798,1,10.5394151705889,1,14.7674236412688,1,10.991534653131,1,9.9169355368457,1,9.93669120715717,1,10.5460284932431,1,9.84685416851628,1,11.0114497428588,1,9.80973704986779,1,9.72242129532211,1,11.0045685969716,1,14.5370334723549,1,10.4054465677261,1,10.4423925958049,1,9.7043682792295
1,20.3284063674299,1,13.8722545728748,1,24.6450456860966,1,14.2514133659932,0,14.6102731249712,1,10.4253965135235,1,9.56108144717842,1,15.1961117210042,1,16.1115317439221,1,9.75267002493466,1,10.7518687037608,1,16.4210392420071,1,9.98248421615243,1,17.3787972958369,1,10.2304440340706,1,11.0012102325159,1,10.4045958030447,1,9.30104360678123,1,10.4839285456092,1,9.86839462668245
1,25.6928359008493,1,15.3289957143947,1,16.3513031031829,0,9.53412716500952,1,10.851563259493,1,10.6861540830648,1,10.1534274796693,1,10.9714308403493,1,9.8426254609068,1,9.21981476429207,1,11.0344142193816,1,9.88244054340128,1,9.48017556975871,1,9.65809084404324,1,10.4043201205076,1,9.85853670595801,1,16.3614682092042,1,10.2271870130723,1,10.0733565044822,1,9.74026206327635
1,31.6233839108328,1,14.6465925836283,0,11.150721996578,1,15.2643140752142,1,21.9733347750454,1,14.8377748184535,1,14.9374702629541,1,14.8211663428703,1,11.4017679638351,1,10.5605002554206,1,10.7031148025879,1,11.5094039181051,1,10.7430941806728,1,10.5225379836265,1,11.7540872303777,1,10.1123876982717,1,10.1491349692889,1,10.0737593723925,1,10.4399373394478,1,10.4352369893035
1,27.1138788394204,1,11.0422942414504,0,13.5297968924097,1,13.0876576373679,1,11.5864759010292,1,10.370883429547,1,9.81595240614994,1,9.53636812020338,1,9.79006441654625,1,22.3550267400214,0,9.52700730643104,1,15.3121311689564,0,13.8485830262735,0,10.9491388732797,1,10.3323410287473,1,10.1474465693627,0,9.93640034984074,1,15.0364498034958,1,9.64271764831899,1,9.20081500604576
1,21.5570539246504,1,10.8662703578758,1,10.5649836392859,1,11.6332471108419,1,9.79464069287709,1,10.3651517385907,1,11.3431987139696,1,9.67740714622697,0,9.80113203174841,1,10.5139126251885,1,9.84638909750513,1,15.2165494304187,0,10.628119402612,0,16.3611741673518,1,10.8205336719726,1,10.567922407225,1,9.35984990465855,1,9.63981317072777,1,9.91408991814562,1,9.9560435406282
1,14.3611745952766,1,23.6228785771556,1,12.2269074025648,1,9.83381106102112,1,9.82808404832375,1,10.5909457295488,1,10.1559751216381,0,10.2242850515719,1,10.2877577524691,1,10.899523638672,1,9.50466338309095,1,9.76222587240779,1,10.4851507721946,1,10.2407882419759,1,10.7509095629798,1,10.415307981734,1,10.0533867984417,0,10.2787949008837,1,9.95008666919785,1,11.0080743852643
1,22.4417813021478,1,11.6834892688852,1,15.8225589708586,1,15.0641022033627,1,10.0166337975864,1,10.617926186095,1,20.6096741641398,1,14.7387823629058,1,10.4132904057148,1,10.0667803229372,1,11.8163935117913,1,10.4406049402726,1,9.6633959147258,0,9.58747900601082,1,10.1107703085511,1,9.93801191637309,1,17.2323049782075,1,9.76111704360461,1,9.74105750213121,1,10.429155738324
1,16.8210937658208,1,11.1491927955668,1,16.5841282311403,1,9.42823543484431,0,14.3067821685154,1,10.0808987283242,1,18.1164967058418,1,11.2896165010895,1,9.91807890139687,1,10.6927255077599,1,9.70424459994636,1,10.8134341956254,1,10.541844239757,1,10.0790753530998,1,10.5836700180406,1,10.1962621942808,1,9.72525442892807,1,9.41596905138176,1,15.835598489659,1,10.1653529330526
1,17.6873738707941,1,17.6097391889841,1,15.3504480189406,1,14.5110449224132,1,15.5425693436262,1,14.3876048847913,1,9.38128491841284,1,10.0902697663613,1,9.67255409464257,1,9.5055308979611,0,15.1825946843298,1,10.7966243762927,0,10.2447175379607,1,10.4984783060214,0,15.1884705578185,1,10.561852469253,0,10.1812395983554,1,10.5265995635386,1,10.46824761032,1,9.61889045553112
1,30.9504218377396,1,16.0252547731486,1,9.36972115648274,1,14.7511780310672,1,10.4851197041312,1,10.275203098334,1,15.7990934726028,1,10.181361820679,1,9.611161794065,1,15.6181146415532,1,10.7000048452789,1,15.7048923350093,1,10.2848419236008,1,10.1629251712208,1,9.36617776386067,1,17.0458616907987,1,9.95841470012742,1,9.71384554356518,1,10.397276834688,1,17.2101434112001
1,26.9550290361225,1,18.3563713388503,1,14.6634747442564,1,15.8890226095054,1,11.6530867633222,1,10.478674183065,1,9.52283537585386,1,10.0756868675465,0,14.2383662640008,1,11.1758414691702,0,9.79957151530352,1,10.3275622192591,1,15.9401469823715,1,16.2582659635225,1,9.87538544739168,1,9.84664351764754,1,10.3474120148127,1,10.7934453392671,1,9.72813895995797,1,10.0269482029836
1,28.3251035802306,1,14.7408916375458,1,14.588646121208,1,10.4630977075513,1,10.2615217934242,1,10.5516796937155,1,9.66426203471324,1,9.66457334882246,1,14.7505268172933,1,10.7592124052382,1,14.2212030816016,1,11.4724836291143,1,9.52044926177532,1,10.4293811071799,1,10.2236911143978,0,10.9385007244014,1,10.6868628652263,0,10.0833731623226,1,9.72279019501631,1,10.4158579633437
1,25.2777038583258,1,15.8652703413306,1,14.0884682037317,1,9.58777480397364,1,14.1544753548974,1,10.4827424288291,1,10.5374636410253,1,10.1009400214624,1,20.4266897159115,1,10.7734454543208,1,10.7887767581305,1,9.76852857079469,0,11.1156792134525,1,9.66217964246506,1,11.026781879182,1,16.1241015733484,1,11.0014786589749,1,16.5124701494085,1,9.49966208359458,1,10.0599827955882
1,15.1439689217545,1,14.1630404405802,1,9.93839110939209,1,13.4233513236049,1,10.7698984849151,0,9.47333524567291,1,10.7354210203213,1,14.8202588099902,1,14.049507193921,1,10.079980630706,1,9.00717978256595,1,10.4246766512121,1,10.3558378789882,1,10.0635114894754,1,10.7545446057253,1,10.3331909414945,1,9.56445190154953,1,9.84367197805521,1,15.0752310971307,1,11.3050447473831
1,20.1605414117734,1,20.3622481785327,1,16.806020051384,0,18.7381195509923,1,10.0676382162015,1,10.2335502489302,0,11.1162344208512,1,14.9113993963266,0,10.4966111135987,1,10.3884526736801,1,15.5347578269589,1,15.812929034543,1,10.3510087584451,1,10.383728975787,1,16.1646248213427,1,10.1671620027728,1,10.5487765704014,1,10.6406096748195,1,10.5802056328626,1,9.99689869325375
1,23.4535449028799,1,25.2979365839466,1,18.2888219987329,1,10.4595113141394,1,10.2499123223844,1,11.3220606963684,1,14.5175410013997,1,19.3872834565467,1,10.2261531594665,1,15.1397430634013,0,11.0600716376525,1,9.1362808906493,1,10.3293214457647,1,15.0978079492777,1,10.2627603333314,1,10.550509737576,1,10.8762725358232,1,10.67565069256,1,16.0871399243678,1,10.6408450703352
1,25.1069240646912,1,17.8915199359051,1,10.5524283792675,1,10.2090609168746,1,8.8966708280071,1,12.0835676468211,1,15.961810379973,1,9.67652539612699,1,9.07208360451239,1,9.59089120225828,1,14.7657754892193,1,10.7957579882693,1,11.4359688750744,1,10.0856243710724,1,9.63905446290317,1,16.619688547111,1,9.77787283597862,1,9.62010123523713,0,9.60550564963075,0,10.341899413879
0,23.2024019218346,1,10.3222218940726,1,14.059350153539,1,10.0068630415508,1,14.8351474881918,1,9.59835317116428,1,11.6247387318256,1,10.1633742766568,1,9.99361762580018,1,11.2756294281547,1,9.82000331859898,1,10.0812778595457,1,10.8092293693756,1,15.7963705676972,1,10.0226827299871,1,10.8686251341009,1,10.0839698813291,1,10.183550027,0,10.8951699531535,1,10.54474821862
0,19.3249939506842,1,10.2111321544443,1,15.1484312587558,1,19.18450423525,1,10.9505369211429,1,10.4565493182551,1,14.2740039025936,1,10.5920092231139,0,10.9109985532283,1,10.0308946210066,1,10.2906391185039,1,10.1939063336661,1,10.3699962570608,1,16.4926853316047,1,11.1830492047745,1,9.55881972590184,1,10.3682385993372,0,9.78804975094807,1,10.4578011189981,1,10.2807057815782
1,27.7383837326484,1,14.7282580221165,1,14.4612384665263,1,14.2555594173698,1,9.88887595651887,1,10.3167435426475,1,10.2017667862119,1,10.5978462424094,1,10.1611053901215,1,9.70326924015139,1,9.49165701390056,1,16.3227222559056,1,10.5317450496075,1,9.95974882971693,1,9.1523120953289,1,10.2097196101083,1,9.98324101694811,1,10.4290331981762,1,11.2155195171828,1,10.3853039912133
1,26.6611590779848,0,10.7331058394945,1,13.9227118473286,1,9.91761362845579,1,9.63431241709882,1,10.5099319509968,1,21.5634584849711,1,9.88789449721923,1,15.2960279493437,1,10.5716027323826,1,10.0078274968268,1,9.67739634892973,1,9.02922153314024,1,14.9660715559337,1,10.4414811336969,1,15.4885408526594,1,9.90851488288635,1,10.6429924929457,0,10.1024539484901,1,9.55704977515433
1,22.0990090615498,1,15.1664356940163,1,15.4635266670823,1,13.7367845433449,0,15.6834809770078,1,10.6554783258678,1,15.3904060103994,1,11.4089839438615,0,10.8085883365007,1,11.0646811032808,1,10.6351139770368,1,10.9815360062426,1,10.7472990597602,1,11.0538145840289,1,16.0057295952678,1,10.437402621934,0,15.2850880980553,1,10.1685534723575,1,9.67318350297357,1,10.9417268527158
1,27.0806335960539,1,17.0650607415204,1,10.4354927320141,1,10.2087078825155,0,9.35542567656674,1,10.2777170435417,1,14.4191891826699,1,10.4422572877387,1,15.0597036851234,1,10.6323572393023,1,9.83577606628987,1,9.73956111456474,1,10.4686940471645,0,9.88831149262979,1,10.2108772593092,1,9.33926525082514,0,10.5764268067552,1,16.0656437359676,1,16.135689750037,1,9.94463734356742
1,26.6242003065225,1,18.6954963656025,1,16.0190545256952,1,10.1234989002185,1,9.73774742466535,1,14.7317122650925,1,8.70492234730023,1,9.31054969860891,1,9.20988260009988,1,9.68496405776896,1,9.92356268344238,0,9.57961233900017,0,9.84642582507175,1,10.3716834890447,0,9.79511747960789,1,9.99194610435153,1,16.1103854961298,1,10.3692593476998,1,9.55178467099178,1,10.516551488314
1,19.7762800312541,1,19.5112960876581,1,9.29074059063154,1,9.97580529494148,1,10.0895164297842,1,15.8857362490944,1,10.6437454082078,1,10.8635634870527,1,10.017310137932,1,10.3786100616949,1,10.569876924993,1,9.18531919456472,0,10.0970510448326,1,10.139518615549,1,9.23943056804631,1,10.0368943397408,1,14.4874332470509,1,10.3005989329326,1,9.59551459387199,1,9.21851438240109
1,16.9180939632538,1,16.689356751979,1,14.3051646228808,1,10.9528985913366,1,10.8413466325819,1,10.7171755634625,1,10.1749469117437,1,15.9948113837574,1,11.1402911612658,1,9.81214425213869,1,10.514139100377,1,10.4173976084213,1,10.4432729206398,1,10.3838500537637,1,10.4217667151692,1,10.8448314099246,1,10.698690561841,1,9.39586402221138,1,10.6152649141935,1,10.5693265709656
1,19.1784091850308,1,11.3918564404907,1,16.389672684096,1,15.3756145211152,1,14.1500041585858,1,9.88098803749324,1,11.0195105277199,1,10.8767448043723,1,10.1707301613245,1,9.9763103729636,1,9.8456439926029,1,10.6391973932544,1,10.2651353271139,1,14.8304290675626,1,10.3689267501408,1,15.5513030074008,1,11.5659488116093,1,9.80034140122133,1,16.0621034619511,1,10.2066806921895
1,25.672872210951,1,16.5269972666209,1,14.7824441836268,1,10.3159581062033,1,12.5845022780499,1,9.71940317522504,0,10.1700863072249,0,10.6225759964816,1,14.7071124933054,1,9.74691849512707,1,9.82960910689119,0,10.4273567487023,1,10.013169888022,1,9.74300784189066,1,9.9988309396203,1,9.64543763163502,1,9.88795274148252,0,10.2218511951257,1,10.0104048291168,1,15.2048384158836
1,31.8942464396346,1,14.2708747981621,1,15.0854157333487,1,9.96185837450506,1,10.4115275341199,1,10.1884769710273,1,10.8576348481699,1,11.1503919144169,1,9.67303722596534,1,10.7115145697422,0,10.4438411661099,1,10.7081248554479,1,10.2144151086044,1,9.56651343627372,1,15.0583061549738,1,10.9522032084908,0,9.22852749166867,1,10.0695762968262,1,9.40011850217165,1,9.71026246816731
1,22.709858672538,1,17.5662336242841,1,31.4159538326264,1,10.6748833106225,1,10.8567523294857,1,11.4163923910487,1,10.7990757280223,1,10.081656693709,1,14.7262517179746,1,10.2137983066927,1,9.59108408685865,1,14.7886981563797,1,10.584948062936,1,14.9414933678281,1,9.6223234137337,1,10.3271039626761,1,9.97681502645155,1,10.1620577963081,0,10.307345951308,1,16.0080705981257
1,23.3497485287295,1,14.1580676408582,1,19.8542745426327,1,9.52358563727427,1,28.1848367350157,1,11.2308241923338,1,10.4431373557405,1,11.1609959641854,1,14.7625862620372,1,10.2041662626651,0,9.8216345530737,1,9.86614768809683,1,15.6166679251729,1,11.7694670700887,1,9.87469965957955,0,9.98338109895207,1,15.9509584847067,1,10.0601010115915,1,9.53561296849075,1,10.0126264842153
1,25.9774972988898,1,15.1479466194731,1,9.94885961278537,1,10.7937511962534,0,15.2151008512743,1,14.776450494872,1,10.5985669389064,1,24.9015971603524,1,9.98501167103651,1,10.3206419394287,1,11.3875887432496,1,10.2671291626534,1,10.0567150242933,1,10.2187507509144,1,15.4184122430816,1,15.3335743631034,1,9.77144838188354,1,10.0746328817799,1,10.5552517272935,1,10.4462017868801
1,19.2989614065178,1,10.215395522087,1,14.0399832738993,1,19.6261253576574,1,11.2845606560089,1,9.12923719271782,1,10.3482938909448,1,20.2057834002686,1,10.1098716065358,1,9.88932357300369,1,9.79012150705677,0,9.48003104560431,1,14.8383013650023,1,9.6871220077854,0,9.71758699911961,0,16.1744541701552,1,10.3922077193863,1,10.0499959385337,1,10.0233281363473,0,10.458800642069
1,18.7689490601341,1,15.252035298042,1,10.3448620794556,1,11.5479462211541,1,10.9789460075321,1,10.4563565718124,1,15.4268766633555,1,10.2265148429876,1,10.1499730832149,1,10.9670304717592,1,10.0307985026371,1,9.91372606711546,1,14.8739402869162,1,11.1230374936529,1,9.25920630926486,1,10.3878598438063,1,10.107845216539,1,10.025575542387,1,10.5930525194598,1,11.0011682617927
1,14.0967277818449,1,17.2490854344645,1,22.2924405403781,1,10.5571507074738,1,13.8596023789539,0,9.65931281698928,1,10.1044685762192,1,10.5758735870631,1,9.32109260372285,0,12.5411659205974,0,9.83592064721828,1,9.72595059573221,1,9.45982707119649,1,9.57708878920909,1,10.0365755768287,1,9.69151477753853,1,10.0628271125438,1,10.650489730552,1,10.0278384367319,1,9.55734021776303
1,24.5198111120049,1,13.7838267973942,1,11.1532523994076,1,22.9240414998715,1,9.88119172827036,1,16.0394221431306,1,9.82516935974048,1,15.3014914543279,0,10.2912581059814,1,9.77821864782748,1,11.6851903049379,1,9.65458714022413,1,10.1704714129891,1,10.8585449307861,1,16.0953465780469,1,10.0920750299397,1,10.2887880105824,1,10.1054247161924,1,10.0527159935238,1,9.70917018386479
1,23.2611635466409,1,17.8019791909162,1,18.4919618479181,0,9.9840516380434,1,12.4788094415011,1,16.0123313480349,1,9.99195477092067,1,11.7330596244532,1,15.2573585408986,1,14.9780864098242,1,9.51503755905817,1,10.0518851949612,1,10.2346564700886,1,11.8515978211702,1,10.757697000402,1,10.1770003204991,1,10.0164278760548,1,14.801776794868,1,12.0406773634687,1,9.82434641366811
1,22.1314390624867,1,14.943372113094,1,11.3348304088498,1,12.6558175089462,1,10.1971424905043,1,11.0752167226339,0,10.0133665085209,1,15.8190896446744,1,11.8198187518964,1,10.5671961665919,1,10.6504560733449,1,14.8761767115708,1,15.9521506160802,1,10.0886584531704,1,10.5673280591104,1,10.633729674781,1,9.98611980134503,1,16.5389707538533,0,11.3285011798476,1,10.5643215642968
1,18.9385834033381,1,12.0213261228921,1,9.5904272773814,1,9.77538957337293,1,10.6655725668813,1,20.0064511442475,1,10.7653985693234,1,14.7152956283128,1,10.2894989175351,1,9.51749003673571,1,15.5847240897535,1,9.66101631841986,1,9.78261788293536,1,10.1927560730869,1,9.88316768475448,1,15.2209040393656,1,9.65111294073559,1,10.1473950736233,1,10.4339155455904,1,9.93598629023852
1,26.2395803788513,1,15.5862263413008,1,15.9182081634442,1,11.3184810211853,1,9.78386069820373,1,13.8239613156497,1,10.5000852201197,1,10.4612441973328,1,9.86870224358552,0,10.6170524438563,1,10.6332044605825,1,9.93748740602375,1,9.92455146370528,1,10.6981955187721,0,10.2121480216944,1,9.72733163851877,0,10.4097714667569,1,10.0678568351534,1,11.0520689800967,1,11.0001782397772
1,19.9014983676198,1,13.9781078017434,1,10.4343934434841,1,10.1207956482841,1,10.6178862821903,1,10.3521281319945,1,15.0157307134859,1,14.9780396703133,1,9.39372930918246,1,14.771822882966,1,15.5487686734603,1,9.51176999319969,1,10.9857050152964,1,15.3099285473926,0,9.37392565799241,1,10.6720484347293,0,10.3648193686164,0,15.3644293869655,1,9.44918668273204,1,11.3987305274134
1,22.2744877077424,1,14.1724178084164,1,14.6473414074038,1,15.3635317009287,1,9.50366065723687,1,13.9744259606122,1,15.5358680443653,1,9.2585816571434,1,13.4260832884678,1,15.1289483561757,1,10.3628639283026,1,10.8198791396574,0,9.52466597737299,1,10.8999961924649,1,10.526161063852,0,10.0500936685843,1,9.83139682440514,1,9.6961999434479,1,10.1150878353593,1,10.3459574877375
1,20.815912715466,1,15.0533172483762,1,15.4145897072141,1,10.848098035419,1,10.2737666774035,1,10.7527540617137,1,9.93953439292282,1,10.4218566827902,1,9.65725506303937,1,11.157989217466,1,14.9176351289374,1,9.63559225851509,1,9.76577402025819,1,9.8501490475041,1,9.8403666116596,1,10.4589014780188,1,10.3539342365314,1,10.4652196439243,1,9.52728205927984,1,10.3934676249852
1,20.2894717263711,1,12.9474295755656,1,20.3588898860873,1,16.2629941568309,1,11.0208704439783,0,10.3181408522166,0,10.3680953909699,1,15.4557788223765,1,10.43487631223,1,10.0184536158793,1,14.3589542142379,1,9.52469647048368,1,10.9331973565833,1,10.595855586123,1,10.0448304399931,1,9.69652096048689,1,9.71329312334584,1,15.7348784907189,1,10.2890991742865,1,9.94134573980661
1,32.0095191785696,1,12.9012966325717,1,15.2127211007076,1,10.1046586437128,1,11.6746303053612,1,9.71128291218404,1,14.6881041350714,1,10.940201055631,1,10.1560587515574,1,10.3713078383577,1,10.2131905455533,1,10.3225204256828,1,14.6329410022578,1,10.0911669625587,1,10.2748328950776,1,10.9907800266853,1,11.3450080784324,1,9.77589808908737,1,9.73906693318712,1,15.5616063745622
1,14.1167586926527,1,10.9116638826789,1,15.1197213367668,0,9.93845414097527,1,15.1272178190681,1,10.0698706070623,1,14.6466603155954,1,9.18573845234645,1,9.71490665715393,1,9.23912484824254,1,10.7555356970024,0,10.1478675258036,1,9.73860287325502,1,10.7681305274587,0,11.0178030309353,1,9.52311380581245,1,10.5900214822361,1,9.91238582364241,1,9.64369242016453,1,15.7328018647467
1,18.0982160264393,1,17.0283425339981,1,14.5507201446755,1,19.2284671494935,1,14.5783353125728,1,15.6482140637683,1,22.5939772529127,1,9.98907808223248,1,16.0367625627445,1,10.1464418635346,1,10.6779374108933,1,9.91007332909994,1,15.1650585574617,1,10.415389476527,1,10.5102011915464,1,10.3832660638429,1,10.3965364254845,1,10.0658490663334,1,14.7738541122741,1,9.47201767221909
1,21.2877895194788,1,15.7028788852323,1,15.9528569430332,1,9.54648623276291,1,11.2331290285749,1,14.6760297121508,1,10.8430362098778,0,9.93838703005907,1,14.8686255574036,0,10.2271991887954,1,10.4794962364805,1,10.5570932089386,1,10.5068278442585,1,10.287620455048,1,9.91171438984596,0,9.63432670973607,1,10.8995260028002,1,11.561787407868,1,10.4982162992119,1,10.1174313297013
1,18.1141674089567,1,11.0144467826503,1,14.6623921954662,1,10.7260072257613,1,9.98538836227525,1,10.0003179513799,1,10.4637032665598,1,14.5589472262107,1,9.81228135482637,1,9.49310482618997,1,15.5595385633104,1,9.81535029518578,1,9.93910446885433,0,9.8874895476903,1,9.64233000324024,1,10.4906716563448,1,14.8112028444876,1,9.45508271441424,1,9.27937641346436,1,9.73362424441628
1,24.1723771351582,1,14.8705975381166,1,10.0013377692498,1,15.9017339263706,1,13.3658315516556,1,9.37619702637316,1,15.3296459847472,1,15.5674394976608,1,10.8316938226222,1,10.4521377271177,1,21.2399992400902,1,10.9809865750545,0,10.6644352628226,1,11.2196349745331,1,10.3193694668417,1,9.72979773305398,0,9.96486645002987,1,9.50857321910468,1,9.71089970003154,1,9.9007299685718
1,24.0973050078146,1,16.7672366052664,1,10.8893378758777,1,14.8984452622222,1,15.3654345400717,1,14.9538055249576,1,9.95939572034893,1,15.4932984568807,1,10.0542789891606,1,9.23697538557037,1,10.2889836227732,1,10.0726086080483,1,10.3695652773858,1,10.3045704469237,1,14.9423382006493,1,10.605784683763,1,10.9712519807922,1,10.0539855879447,1,10.0591310730279,0,10.325917435178
1,31.9514022970914,1,11.2452329309421,1,11.4337869588368,1,10.6686482902952,1,20.1747969448788,1,17.9641139665306,1,10.562888722545,1,10.0304097636783,0,15.2109286550943,1,15.7196942993688,1,10.208221602498,1,15.5495157991128,1,10.6616148795089,1,10.2345768715923,1,10.3235794955477,1,10.2489281908716,1,9.41909796333657,1,10.1384510647682,1,9.51097249257076,1,10.2641048595188
1,19.8829122943753,1,15.9159310914742,0,10.7767421218597,0,9.48748263311078,1,14.1080599780258,0,14.7937608815868,1,13.9861910836372,1,9.71072220497321,1,9.36582569710622,1,15.8654818443955,1,10.2782785911441,1,11.1855579501176,1,10.4247966771319,1,10.0286067731408,0,9.24716117567083,1,10.8388449863794,1,15.2140948377099,1,16.3428164238513,1,10.5780169351908,1,11.0951106440944
1,14.5137629694348,1,19.11072935538,1,9.39700712409258,0,9.15727764273514,1,10.5698534002936,1,10.8648408383267,1,10.4094713709893,1,10.781313639535,1,10.5133200306507,0,18.7121902258013,1,10.0475540786161,1,10.0431331934181,0,9.80377595644408,0,9.39431974889821,1,10.2129182171124,1,16.1060492198801,1,16.1468268380515,1,9.68361666707891,1,10.5486087186519,1,15.7677316751358
1,23.8594461491405,1,14.1792292360651,0,9.48557186766166,1,14.8438010980978,1,14.9950628507637,1,15.3197390564948,1,11.3175350551632,1,15.7128924766193,1,10.0756736355771,1,10.2851786264223,0,10.2044473846997,1,16.4659578890013,1,10.3202208417559,1,14.6473974524918,0,10.1697205573266,0,10.1698306157225,1,9.61594686013374,1,13.885732703988,1,10.2623418322587,1,10.1477975966884
1,29.7788415767737,1,9.60143080021215,1,17.943499972706,0,9.80062693839607,1,9.94099083622746,1,20.2741075505138,1,10.1837132487506,1,10.1086186067908,1,9.78772828710644,1,9.96015678539725,1,9.85013603530592,1,10.2191708115682,1,16.1547777101722,1,16.094364179698,1,9.67871139352043,0,17.6722866891122,1,10.4466360455263,1,10.3348497103567,1,11.2154020792132,1,10.4710890022133
1,24.3919997375072,1,14.7815426194516,1,10.8107078069547,1,11.2225035982,1,11.1536422370912,1,9.84234541956205,1,11.0251996945082,1,10.0305446141612,1,10.6262287903902,1,9.78110987354882,1,10.3914316214551,1,10.158954579251,1,15.3219707605082,1,16.562068783826,1,15.222970403947,1,9.78434036135283,1,9.99483776331034,1,10.9228238727818,1,9.44121662855254,1,10.5936476658727
1,22.5019738558566,1,12.4426610033685,1,19.0301671026983,0,12.4878381444457,1,11.1665389371607,1,14.4516105063449,1,20.0085925614892,1,9.91129287573592,1,15.328012446582,1,10.5662768567481,1,9.48602354100058,1,9.90520921689694,1,10.3598549208766,1,10.1447916814613,1,15.7864001827993,1,9.46203630161689,1,9.89442400552002,1,10.3020209320311,1,10.2849363344363,1,11.2419743188723
1,24.3105404705703,1,13.5776481527588,1,10.1349658047155,1,16.0877570608335,1,14.3386618201189,1,9.16462826997271,0,15.0411914562527,1,15.1767448725307,1,9.73111749976484,1,10.0330274341567,1,11.174950104513,1,9.75904939179271,0,9.31264580172987,1,10.9486342929196,1,9.31807877726536,1,16.5812475146637,0,9.71238944632606,1,9.73401468191094,1,10.7794458185562,1,10.2709378409616
1,22.3679170265578,1,13.2914867787759,1,13.4898731983433,1,9.76969721358803,1,14.0985255016191,1,14.5251279046919,1,14.1763044743409,1,10.4992098080847,1,9.55295547761422,1,14.7743073743394,1,10.8709147182064,0,9.81042230199953,1,15.5957775233171,1,10.1099261271884,1,10.8108480161214,1,10.3027088562709,1,16.2763800960905,1,10.4655989472257,1,10.2534881792327,1,9.80109369957542
1,30.4047625326666,1,16.036908627176,1,11.3447705989811,1,10.9039929161851,1,10.0360990789674,1,10.3388403958867,1,15.7343992960339,1,9.60945364752039,1,10.9287971162445,1,22.7676071318887,1,10.2971240754553,1,15.3896569590043,1,10.0402303039781,1,10.2887776772954,1,9.71328377056502,1,10.4511211137148,1,9.91660616685965,1,10.6121113703083,1,10.396065527667,1,10.5775738626242
1,20.1877389237125,1,10.7524253134524,1,10.6401654305648,1,18.6207335966764,1,11.7926313277045,1,10.1355563555781,1,15.8320761868557,1,10.4167021306216,1,9.96558081345614,1,14.5367493788709,1,9.45406557282689,0,10.6837190322306,1,9.97900911236911,1,9.94424225166592,1,15.9155160927686,1,9.12248578568417,1,17.0698807337279,1,9.91291254000407,1,10.3261080827247,1,9.50510404667498
1,24.2004612229657,1,17.1183695062528,1,9.55473062428783,1,11.5160994054104,1,15.4354778578962,1,15.2849545973357,1,9.22722811405617,1,15.1825806420465,1,10.2361303944424,1,10.5452994825252,1,10.6130334359185,1,16.071414405472,1,9.95009254313113,1,11.3035809764323,1,10.3133766308711,1,9.83680328485204,1,9.68913128564624,1,10.5038207429866,1,10.4701334996381,1,9.48636837790002
1,20.5912432981436,1,12.4125963464438,1,20.2332386379424,1,9.97452966858635,0,10.0004637635553,1,15.3421150248481,1,18.914636282969,1,17.6660740376224,1,10.7078663711121,1,9.70930268997413,0,10.9012413848214,1,9.96230361095586,1,10.9586336613933,1,9.73084950182659,1,10.1567760181462,1,9.68158361087243,1,11.0222256201461,1,10.3807691955008,1,15.8586867591818,0,17.7099071255793
1,19.9568390360519,1,14.068562167631,1,14.0972058231887,1,11.1431175621931,1,10.0791466715767,1,10.8461656405957,1,9.68050248962571,1,11.0593167397034,0,10.2493174561867,1,9.70478736945033,0,10.901036689417,1,11.8103234488843,1,10.1432842597941,1,10.6808277057758,1,9.81384995791694,1,10.9842655277208,1,9.60169338152865,0,9.76166618119279,1,9.2713094640764,0,9.49218833761204
1,21.7881396422508,1,13.5938638465804,1,11.03097272594,1,9.47514746085391,1,15.0502696684606,1,13.7514692964529,1,11.0743989387192,1,10.9055742420925,1,10.467240597232,1,20.1510153083593,1,10.0015583000323,1,10.4598037331841,0,10.0533543306863,1,9.87089188874458,1,9.70385567686748,1,10.8575260230763,1,16.5379796388556,1,10.2871267963739,1,9.71235993866347,1,9.88655407460986
1,16.8756426647055,1,17.3385890022022,1,10.196250446311,1,21.7615360990755,0,12.5060460972332,1,10.9006094980358,1,10.7679634643583,1,9.13865806674356,1,10.5767239253605,0,10.3681440560536,1,10.1891161741639,1,9.59811247124922,0,9.61463515595621,1,11.3028243926166,1,9.96559754487078,1,11.5144053675709,1,10.0787955311627,0,10.4381786225136,1,15.5839209139632,1,15.1081844871076
1,22.6813942941235,1,14.2482467156079,1,14.4272259676536,1,9.93494921304263,1,14.8045167647204,1,11.039478925286,1,10.1993492245685,1,9.57028694303458,1,9.68573220896944,1,10.8286565721695,1,10.9141338999304,0,10.1196986476933,1,10.2289486014746,1,10.8023487236083,1,15.7180719993673,0,10.2562863522995,0,10.1026680246807,0,9.93279731081022,1,16.2505060272314,1,10.1257829306732
1,25.261222010462,1,16.6830758094837,1,11.6807779091691,1,15.4057402829041,1,11.1989264766761,1,11.0475634317635,1,10.9880339995153,0,14.6907359977031,1,10.981979441865,1,10.2863882740445,1,10.1380498104782,1,10.3583718879252,1,10.4598134818842,1,9.65138367537276,1,11.1818084953696,1,10.3066544815214,0,10.7158347097123,0,10.1694319486816,1,10.5500550707488,1,10.5610512106846
1,20.4111638820198,1,10.8274427385612,1,13.9948040195016,1,14.7192240363403,1,8.94623190658065,0,10.7397433275318,1,12.1590028933043,1,10.6706355014208,1,9.97521490148155,1,15.6442508102972,1,9.9308013138977,0,9.60969158845215,1,11.0853589160252,1,9.51478713630435,1,14.6337562263431,1,9.94073589436296,1,9.99674918189531,1,10.2885207121045,0,10.0357616629619,1,11.1481555100833
1,12.5901223025532,1,16.0325101291194,1,10.2699058424307,1,14.5965323404452,0,14.7118608523718,1,15.2716508737596,0,9.78547378232909,1,9.73059297441513,0,10.0389030295326,1,10.3377338956383,1,9.72606773132159,1,20.7833952070328,1,10.1726335546715,1,9.72125171873288,1,15.3676952184079,0,9.66476886094106,1,14.2969749893006,1,9.29514317341194,1,15.3694042934546,1,9.57046505257091
1,14.2476029489437,1,15.6626715858438,1,9.89416865921652,0,15.2862342667966,1,10.5861766752603,1,11.650868483007,1,9.52867556697153,1,10.3164831512838,1,14.6483088250202,1,9.95272546920587,1,10.2412570749479,1,10.4335075749718,1,10.0738117141053,1,10.0306346616737,1,16.5884353633901,1,10.2385514489137,1,9.74836117431123,1,9.37704350207269,1,10.3456275596998,1,10.4018869909788
1,21.3678259731421,1,11.829273790995,1,10.9813020405808,1,13.4526021846362,1,9.92330731578542,0,9.23649372243766,1,9.69510498980124,1,15.7197115713311,1,16.431394211759,1,9.52946891919552,1,10.5073704640635,1,10.1572050868063,1,10.9580243252592,1,10.0226793843575,1,9.7230303960381,1,9.6183919776785,1,10.1757751870424,0,9.91131996317772,1,16.7978072849135,1,9.9336831326681
1,25.6190157657652,1,15.3751836448626,1,25.8967061523062,0,10.6265407561124,1,10.8219591768393,1,10.1853665176528,0,8.87605557958615,1,11.3887721358136,1,10.7192354092323,1,15.9209478316673,1,10.3729668026039,1,10.2100751374821,1,10.7299715332195,1,10.903433445433,1,15.580560439855,1,10.4732764539351,1,12.1836945369524,1,11.0422424114948,1,15.8087139975994,1,10.2327188193853
1,24.8512364022052,1,14.6889674715352,1,13.683902528407,1,10.4491688251186,1,15.1154011751161,1,14.1117273051549,1,9.49891273196441,1,9.53828676782735,0,10.3019936977151,1,10.3687738404935,1,10.5951491396312,1,15.831141038802,1,10.4748177494965,1,15.9087122700168,1,14.0261844039383,1,11.0260326658207,1,10.3503306909285,1,10.9315822655459,1,9.48596812532183,1,10.7632457742287
1,32.0634955925459,1,15.9328932536156,1,15.1502402854747,1,10.0446785773188,1,9.87015802926404,1,10.2923481850771,1,9.7182871684956,1,14.231910473141,1,10.0728213954932,1,15.8179958521322,1,15.3203524416604,0,8.64834678531409,1,9.89220380374401,1,9.58273632012026,1,9.9204464690737,1,11.4257880843758,0,9.97761526240434,1,10.3463904578655,0,9.70629105986766,1,9.52351887051132
1,24.1074448452803,1,15.0887015780131,1,9.87638590140249,1,10.9232713797658,1,10.7014062329352,1,10.8770473489433,1,16.6613873061016,1,15.2140989601416,1,10.1539084923539,1,9.45606464489055,0,15.4081979571756,1,9.66908971077205,1,10.4582481953622,1,10.9378188510031,0,9.87348680338313,1,10.0370646508662,1,10.0465776762205,0,9.53721223047593,1,10.3616121311119,1,9.92591880982756
1,27.8161423777133,0,20.2566438459745,1,15.431051693447,1,9.25774271122202,0,9.98307515352477,1,11.8036767585033,1,10.3398112917233,1,9.83759475295978,1,15.9256474426372,1,10.3427371865864,1,13.8193180339718,1,11.1003232584597,1,10.9654883847361,1,9.1587020027071,0,11.23233518847,1,10.3394805014358,1,10.4831959915574,1,10.828865929103,1,14.7820737982373,1,10.1747341643743
1,22.0848349935537,1,10.7607328074167,1,10.2636304017602,1,10.2600491546784,1,10.377397356985,1,9.74858488429686,1,10.211444428839,0,10.4117058326805,1,11.2112991893482,1,14.3725345554763,1,10.2529954257775,1,15.0815669349565,1,10.0884665485955,1,9.8156248271334,1,15.5656974892455,1,9.84131316298011,1,10.134544732286,1,16.373703657657,1,15.369397206508,1,14.9957719702722
1,21.1407600386052,1,22.8349218765254,1,13.5811181316725,1,10.8317495650754,0,14.8694533982508,1,11.4456054427302,1,15.6039297965644,1,9.81552300438164,0,9.36048399855723,0,9.51111669061776,1,9.49139933096024,1,9.46806645642351,1,9.82584250876728,1,10.0197030670454,1,15.2554560806751,0,9.35190853599508,1,9.53150727672879,1,10.0184325629353,1,9.64631579732985,1,9.1008230721038
1,19.2880994407373,1,20.4443394344317,1,9.02969023267308,0,13.9008533990291,1,11.3159494301257,1,9.66254753234712,0,9.88704450352036,0,9.95980421868211,1,9.784207730697,1,9.53758282954827,1,10.0295594449526,1,9.79619197096668,1,9.58214317831202,1,9.278324327026,1,9.83238447407679,1,15.44395897247,1,9.88768206317269,1,9.50186849403224,1,9.84221706094437,1,9.23674893281542
1,16.7599047963544,1,15.7191974088404,1,15.456555010984,1,15.3693040013169,0,20.3502166943455,1,10.6600697589924,1,15.1818451644257,1,10.068968892589,0,15.1815548428802,1,9.91754415972385,1,11.1090589672555,0,10.1812352260352,1,10.4820798277402,1,11.2148841122296,1,9.56908726331152,1,15.7438597092762,1,17.2396056807637,1,11.1974817703838,1,10.354707152443,1,10.1023070565468
1,24.6986005642461,1,15.1242837580575,1,11.3475093965498,1,10.7414329911801,1,12.1301095974201,0,9.64984867070028,1,11.741192627899,1,9.93867231111807,1,16.4183600771006,1,9.95436720580416,1,15.2118370127859,1,10.6458908205273,1,15.0516919079997,1,9.33281002398895,1,10.0370174844329,1,10.0750517620448,0,9.7321523914868,1,10.2188347972982,1,15.6431230793604,1,16.3029703797312
1,27.3977671429871,1,21.4809354513558,1,10.9838950280096,1,10.490163828088,1,14.524763122907,1,11.124849520089,1,15.2224799721024,1,17.6920505245485,1,20.0564981405659,1,10.5527822542388,1,9.66581632650591,1,15.1905917541484,1,10.357866942878,1,10.491746100943,1,15.406431041678,1,15.6768977804583,1,10.0016034433993,1,15.1063754778339,1,10.2098697065981,1,10.4288386603908
1,21.855016329988,1,14.6555008698423,1,9.74485382466411,1,18.3455054139315,0,11.169791108553,1,10.8794635044065,1,9.35171028944207,1,19.4289247522724,1,10.5601492241837,1,10.6894214206062,1,15.614777396328,1,11.0853835251027,1,10.5464540550817,1,10.4972892082053,1,9.85122638264182,1,16.6314845513248,1,9.919595765574,1,16.3512179134815,1,10.3391520886604,1,15.8325530664714
1,15.5450482138346,1,12.0865855939882,1,11.556097333365,1,9.29551941295564,1,10.3789303970139,1,9.62676131455896,1,16.3168994736522,1,16.2837813823118,1,11.3027270100632,1,22.7834046075314,1,10.7620736801175,1,10.8383879181233,1,10.3059458391003,1,15.7388012297253,1,9.98104670189674,1,10.6151913042934,1,10.2340742037221,1,9.7496179977187,1,10.3950595182853,1,16.3767404460607
1,27.9986874529432,1,20.0432222013091,1,10.3374811308228,1,10.252464557388,0,19.3039071734762,1,11.0530066851994,1,10.4120683703542,1,10.035134106356,1,10.1880939356067,0,14.1977151734751,1,9.9278529863466,1,9.98369946323349,1,10.6823641273691,1,15.7098240918813,1,10.1708718279378,1,14.8707079184096,1,9.28135351859778,1,10.4719199190058,1,15.8871009313662,1,10.5033500610881
1,25.2340778445107,1,19.8491779180224,0,9.00654606595486,1,8.74601100338177,1,10.2353292184257,1,12.1844580791216,0,13.7057661344527,0,10.0136010732796,1,10.2041716853837,1,9.73518187006828,1,9.60446805660446,1,10.0975778454334,1,10.5507616580196,1,15.7884379681,0,10.4768738742327,1,9.49018453519924,1,10.4399093013808,1,9.78052603592936,0,10.1180872257381,1,9.30284156296961
1,36.4121831433682,1,16.7047393944963,1,10.0033670165346,1,14.6207402108996,1,20.2372359479743,1,9.83429088264756,1,14.8132406366306,1,15.6500391624034,1,15.5675451376813,1,15.1706997931198,1,9.95012593150687,0,9.27548217604269,1,10.2479688809562,1,9.74983687732933,1,10.1501402276052,1,9.66359592946117,0,9.50067122836119,1,10.4500846451312,1,10.4149449041787,1,10.2095311585909
1,19.6864015282348,1,17.8209164706616,1,10.0410556410154,0,10.1050453280273,1,10.4812248765744,1,14.7277449851515,1,21.0335744513722,1,14.50203956753,1,10.1621749630582,1,9.73177801049866,1,10.2733794243459,1,10.2851994659876,0,10.422239714562,1,19.257644435205,1,9.55927231531732,1,10.2550902299775,1,9.99449757873446,1,10.115239594515,1,10.3680437985918,1,15.5961820057689
1,24.3585223008891,1,15.462939060757,0,12.153574447153,1,15.543748049626,1,10.0814801174559,1,10.2783193774993,1,16.1509193048894,1,11.3959785952872,1,15.3785579222513,1,10.6550166876563,1,10.9394554094727,1,10.1382482187641,1,10.0253687068526,1,10.6070023370173,1,10.2989812465158,1,9.37965271147863,1,9.85487468664457,1,11.0324881802635,1,10.1830726712345,1,10.7616305916181
1,38.9991530382108,1,10.4876519962216,1,19.1841758279514,1,19.4701318457354,1,10.4720314859628,1,15.9501482700208,1,15.2694347471076,1,15.3804686988098,1,10.4510961046171,1,14.9899704238445,1,15.2017237315463,0,10.2326638310995,1,9.90141589087,1,10.2819894102945,1,10.1230004277222,1,10.2066059314796,1,10.5924150935922,1,16.9241798849474,1,10.8403080632459,1,10.9092945343766
1,29.4364291126878,1,16.6279284115756,0,10.113077841176,1,10.8135993491191,1,10.5947300746748,1,11.1021752620999,1,10.5467535169382,1,11.496440359843,1,10.1590430160673,1,9.52125635997635,1,10.098637306392,0,10.6610313525983,1,10.256648333642,1,9.36231172450636,1,10.8935182913292,1,10.5048543649788,0,16.7418043679411,1,10.8141410044587,1,9.40145349848779,1,10.416486344803
1,28.7966382373889,1,11.803044171839,1,21.3563849603729,1,11.1086456575811,1,10.6143148210013,1,16.7319604050962,1,10.0756168651659,1,15.5091321305021,1,15.1452596755828,0,9.89221817305803,1,10.4654326258363,1,9.93296788745978,1,10.2781925991521,1,9.97188404434772,1,10.277899554686,1,9.94408923938352,1,15.2709330759551,1,10.9875585211709,1,10.1346657956091,1,10.4852081813996
0,26.0346200943757,1,18.7175757758887,1,10.3880242139374,0,10.1315039502104,1,9.86837037099709,0,10.1587906032972,1,9.60768149680612,1,14.6473876981609,0,9.40389701014074,0,10.4844576554741,1,9.87591752574249,1,10.2701052025752,1,10.3430980297747,1,13.8786665626182,1,14.4736499330653,1,10.593342548857,1,9.94914769715257,1,10.7882340228481,0,9.9081354171943,1,10.032454463582
1,24.8731347156892,1,17.5466147910118,1,10.0069251067028,1,16.3582577134325,1,11.4600877765908,1,10.3310584472791,1,11.1434991729829,1,14.9225838413812,1,20.9743909278097,1,11.0723255503411,1,11.0115202750319,1,14.5636437255655,1,10.9471806992468,1,14.242633597414,1,9.85408398116072,1,16.7999292595456,1,9.97671567832559,0,10.0336820515761,1,9.98228006944316,1,10.2189384644716
1,25.4253307145802,1,18.07632452519,0,9.10716860619945,1,10.8321126735485,1,10.0574336552433,1,10.8701684600553,1,10.790202990905,1,16.4878508722461,1,10.416357912018,1,9.26889105333114,1,10.3775487108042,1,15.078646442112,1,10.0077820422076,1,11.0415542869172,1,10.2395813603826,1,10.758438249379,1,10.1055975596706,1,10.1562319086313,0,10.0100358731947,1,10.1974772665338
