"cov_n100","len_n100","cov_n200","len_n200","cov_n300","len_n300","cov_n400","len_n400","cov_n500","len_n500","cov_n600","len_n600","cov_n700","len_n700","cov_n800","len_n800","cov_n900","len_n900","cov_n1000","len_n1000","cov_n1100","len_n1100","cov_n1200","len_n1200","cov_n1300","len_n1300","cov_n1400","len_n1400","cov_n1500","len_n1500","cov_n1600","len_n1600","cov_n1700","len_n1700","cov_n1800","len_n1800","cov_n1900","len_n1900","cov_n2000","len_n2000"
1,45.5430891483901,1,41.5919012272029,1,26.7392470087615,1,28.8050563185086,1,22.4061635926263,0,26.047928858326,1,23.3885263856132,0,20.5901095982319,1,40.6445781507382,1,21.8040656973369,1,25.0311097137626,1,22.761442473615,1,30.2193616830694,1,26.5198765820194,1,21.6751477409688,1,21.8178576628719,1,38.549065393347,1,24.4625671122922,1,21.7896287178608,0,32.1877538100941
1,46.6365102781254,1,39.3153774372657,1,25.212355295845,1,25.3413931628287,1,28.795843266202,1,29.7719767194045,1,27.8107657568475,0,23.5291190718655,1,24.2707268717733,1,23.3191644139773,1,24.0631038859572,1,24.3950911849905,1,28.1269905049362,1,23.7346445838768,1,28.8212936551972,1,31.7694652567354,1,21.9900638260137,1,25.3800678328526,1,25.5122011480289,1,23.2585317214825
1,50.0221053947567,1,30.4459586207133,1,34.4671661720871,1,35.1775662364464,1,28.2614067117741,1,35.7253983871697,1,24.5909905355724,1,28.0962600708712,0,22.0703484454992,1,29.2031710673255,1,22.6743101576689,1,22.9777320376473,1,21.1499913662562,1,21.5774911356961,1,21.8973132309989,1,21.3154849185114,1,20.8280410486291,1,21.8256151101063,1,29.7007674899312,0,32.9817903136709
1,37.1048253870151,1,30.6430980900224,0,25.8318368687457,1,32.9014905577781,1,23.2181973476743,1,21.5305899689837,1,22.0232402095072,1,25.2769078045409,0,28.6447845913194,1,21.8029851214688,1,20.8239389800141,0,20.7569029536381,0,27.3070164002493,0,22.2200859797755,1,22.8035796614037,1,22.9144245409223,1,22.5655956175816,1,32.9025897418169,1,21.6555679175404,1,31.7777361387613
1,42.2828320101404,1,35.1330701462776,1,32.2764563805921,0,30.6274446505521,1,22.9206555723228,1,25.8015190749785,1,19.1913312999872,0,25.0062929044128,1,24.6021037704224,1,26.8458474737441,1,25.8046274950026,1,25.1971020106238,1,23.9960152395295,1,29.7231420898619,1,27.2546007045916,1,21.8584092247827,1,23.230224658313,1,31.5348771552065,1,23.3422404795009,1,25.6845214672525
1,34.5260414276087,1,29.3654920668065,1,33.4430680373164,1,29.0168628848976,1,20.2887400490517,1,26.8884362057566,1,28.6253358590582,1,20.49188590033,1,22.2751054212114,1,27.8380559171272,1,28.6745808204768,1,25.0975130612462,1,23.3756455231022,0,22.0151577956341,1,23.7131584729216,1,32.589819034257,1,23.8286166073063,1,22.0505348813232,1,22.1646557213099,1,23.77769968554
1,45.6736175676231,1,33.4392380198825,1,35.1842392477575,1,24.338277647635,1,27.8234715598551,1,22.2693043783241,1,24.0885106242858,1,22.0513140229782,1,21.1987795396737,1,22.2361514487451,1,22.7299866455348,1,20.4442095958347,1,21.6088359123353,1,30.1859622107733,1,37.8367542805322,1,25.4645992846855,1,21.7626875931609,1,26.3926990126788,0,29.8941015889681,1,26.145753816989
1,46.117199862858,1,23.3585661461496,1,26.1373468664722,1,26.354248257126,1,19.818492458132,1,26.92411202672,1,26.3340895787283,1,24.4165026724724,1,37.2816656593883,1,21.4587104657988,1,25.9262787175557,1,22.4100446867867,1,22.4004452169576,1,33.7423988609161,1,23.0719206443697,1,22.2062326429786,1,23.7721978564284,1,24.2805894767687,1,22.4034864439536,1,22.3815268160527
1,32.1867228275371,1,24.7987535641711,1,47.7247862778684,1,22.893018697249,1,30.935040850955,1,22.5384731291071,1,26.5985043679136,1,23.5113761702288,1,25.7817788950404,1,24.1549865975025,1,50.396474216925,1,31.029945052555,1,31.3294634497417,0,23.2664366005904,1,23.3479069658958,1,20.5885233915594,1,22.1274982390534,1,23.42375034693,1,21.7941665577541,1,24.8325310385072
1,33.6682413425883,1,35.6907376239769,1,24.4064151609846,1,32.6691403620051,1,23.1507321201669,1,22.1416623343226,1,32.8026790223968,1,30.8127689743069,1,43.4060568193842,1,23.4695589179116,1,31.6376706381011,1,24.7100231677817,0,21.3366875751627,1,42.1259918473858,1,22.4560466914702,1,29.4622973345834,1,31.6446095605113,1,24.1849877596692,1,28.3960966679259,1,22.7931696616064
1,37.9659730789768,1,28.5789386502448,1,24.4023366723621,1,29.8414662470256,1,32.4247871540278,1,31.7025893197699,1,21.9873410646399,0,23.2649548141686,1,20.9485699795529,1,31.1806890778696,1,23.4551950370361,1,24.8524438174759,1,33.6799694605115,1,33.8447819465577,1,32.2868153987508,1,24.1483491442946,1,32.0445573132831,1,23.9292455461905,1,43.9436821685008,1,21.7997689027626
1,39.7676371432287,1,27.9927806948848,0,22.5291036073179,1,30.9768710056124,0,33.5668357779509,1,21.7547881130324,1,21.5621981554772,1,22.7959143357597,1,20.9449850687465,1,22.2721519865975,1,22.3356727047691,1,24.9182870663816,1,25.7341025224451,1,22.4809157222621,1,22.7381177385458,1,22.5389932441249,1,31.2868081610525,1,31.2693645854546,1,22.4897572203564,1,22.0495106910601
1,40.5711201635164,1,37.1028372463277,1,31.1547416144739,1,35.5615223892376,1,33.1871845777475,1,24.3377567181406,1,32.6125830591547,1,24.0877443146254,1,30.5729403340222,1,23.6005613924408,1,24.6709822253494,1,29.0739106232779,1,33.4941205506716,1,34.8193620627694,1,23.8132103686044,1,23.7697871174246,1,23.5065256999528,1,24.3731337034359,1,23.349339566657,0,21.7482752851638
1,40.0770242682134,1,30.6486289858309,0,24.6592468931105,1,34.5155841739249,1,22.3808949439966,1,22.8966632649908,1,30.8632777767958,1,33.8876153082035,1,24.9594274613422,1,22.6120345911274,1,23.6846648809729,1,27.8075846028493,1,23.3340408244179,1,24.7811054737816,1,23.9663547552825,0,19.9731410060491,1,24.5376357619059,1,23.0918789604363,1,24.4621198344029,1,22.9416553102203
1,48.0695741916914,1,35.6529441365563,1,25.4694407244063,1,33.6474569921225,1,24.9273249399863,1,41.9851384284852,1,30.8255881214424,0,20.7686020691251,1,23.7940520732229,1,22.7031530002992,1,32.7849021103632,1,24.0931987313305,1,24.1057654472326,0,43.5740453425067,1,23.596362809601,0,21.8676300742205,1,24.5465452777894,1,32.3442442541499,1,25.5225887783943,1,23.4214354757564
1,45.8804411683353,1,27.9617279837959,1,22.5828997519332,1,24.9183829212969,1,23.0480627084505,1,27.5967653173104,1,21.8994409505613,1,23.8407154166186,0,22.9662008185872,0,24.9666768350047,0,27.0051499958965,1,25.8787629856738,0,29.5556104625835,1,22.8241569804682,1,23.6345031627944,1,30.9605859515587,1,24.4160319167837,1,31.5207325270798,1,25.8825245660351,1,33.228110734572
1,41.3718830501835,1,28.9483730750132,1,42.2428278323455,1,32.9111464463227,1,21.6460558829245,1,31.2114300363385,1,21.6794243371304,1,23.1163287000796,1,27.7909384746936,1,23.8878230325953,1,23.0297209497464,1,22.428839813732,1,21.8210402208211,0,26.3074131792994,1,23.6023637344045,1,22.6628199180185,1,24.9435748179354,1,23.1261013766046,1,21.962975733438,1,23.2085459110746
1,44.730704770589,1,35.9876167394801,1,25.9464998373148,1,29.6013339177363,1,23.4830012631691,1,21.1737263684636,1,22.5370472574354,1,24.2174136126127,0,22.1628889546475,1,21.9984195875784,1,21.7521375487081,0,22.1816939448871,1,22.9423881898267,1,22.1824707717939,1,28.290665944473,1,29.9433525390326,1,21.9760666918068,1,21.4893179308722,1,29.1093369182149,1,22.6631528838804
1,39.4931113428088,1,22.9242010385777,1,24.8523673704717,1,26.3963884373992,1,22.9873966883966,1,24.2113706158867,1,24.8480161487664,1,22.833947831101,1,21.3678329253968,0,24.8955525992219,1,32.7965022582075,0,20.4305156117585,1,21.8550240563215,1,23.488745101389,1,23.1210133848475,0,24.3261095949046,1,23.3212035187695,1,21.9972500967236,1,23.7226306902574,1,21.9589237065329
1,34.3541643709012,0,30.32967911816,1,27.0715872032713,1,25.1570447476489,1,21.1429250851916,1,29.9057389301532,1,31.2201421016407,0,26.375269532897,1,20.9614256044107,1,21.9281065858308,1,24.2858764961942,1,20.2230737069888,1,31.7036194744663,1,39.5908240444121,1,24.4786259456011,1,31.2116038641045,1,32.7328486962693,1,31.708502283545,1,22.9135020581076,0,21.0322385886956
1,51.8200723394716,1,28.9653210115507,1,23.0305784703246,1,21.8484799247625,0,22.6655524362811,1,32.255252537518,0,27.8260051529488,1,22.1341814863589,1,21.7709120318196,0,21.4034013263182,1,20.6251625586745,1,30.7521386082494,1,21.2729652554234,1,33.3294897102244,1,23.3870286295389,1,22.4603142419716,1,31.4007730404591,1,31.9794553338668,0,24.0526781532643,1,28.6782496749291
1,37.5034982852546,1,32.703005612624,1,36.1106763066311,1,29.4598410035765,1,35.9920722997704,1,24.0471245764585,1,23.7229302843909,1,32.1095833634567,1,22.1454133467998,0,19.9804479727009,1,23.2731060003359,1,31.6652290990827,1,21.7275237783069,1,30.9046059366593,1,23.3087774494534,0,29.2439884574836,1,24.0524928392614,1,25.3601809699432,1,21.3661682907286,1,23.1696774311764
1,40.4312480146966,1,25.6248469627572,1,21.7606887035354,1,29.3823568876185,1,20.6248596029701,1,22.4957176902875,1,22.8273653964093,1,22.0801710063162,0,20.6078293333586,1,21.3629453071529,1,25.0028417444972,0,28.1579801589898,1,21.1536983816717,0,22.1308247301776,1,21.7955763639129,1,21.8646245721089,1,23.8557785511227,1,29.9981540669762,1,23.5982932547767,1,23.8737619039419
1,45.5089597692729,1,33.0256729830607,1,23.2815248060432,1,37.9056025009186,0,25.9594181471806,1,25.2254580417592,1,30.7565643400395,1,22.8770765926072,0,27.1218008306208,0,31.5638464073485,1,23.9779630480895,1,23.4137178418052,1,31.9291022973915,1,25.2988885743222,1,24.1405609563032,1,23.5135054112718,0,22.4971186056606,1,22.3546322961631,1,23.6605105374705,1,21.7837605189172
1,33.4632727094538,1,28.7454409161255,1,22.4031516067733,1,37.4951014614212,1,30.1818491797532,1,29.4398516140698,1,35.7730198085701,1,30.0373842478954,1,26.3819049769198,1,38.4108632830508,1,20.5478670976515,1,23.7024646501341,1,24.2859817877645,1,22.8512949088396,1,23.4827678460096,1,24.1417095881473,1,20.7888753896152,1,21.3868892584173,1,31.3677016928391,1,27.3011945728026
1,42.6360940793914,1,36.9415796418264,1,29.0245758148368,1,20.9269387172223,1,23.2742945581425,1,29.363065374197,1,27.266595473529,1,20.0439176176991,1,21.9520393663471,1,29.1933274827473,1,22.4246156980719,1,20.6102717792546,1,22.979409671382,1,23.8048474735069,1,23.1419380050159,1,22.5379022077188,1,22.9294445011044,1,21.2084969564774,1,22.0871819134364,1,32.5751765109954
1,44.7445942863179,1,37.4446034185234,1,25.2939915161151,0,20.9643589321768,1,23.5663145742483,1,31.4830125400368,1,23.832984543475,1,23.501449345846,1,23.7049823183628,1,23.8184147989114,1,31.3439900295787,1,25.1657164732465,1,27.6317000825049,0,28.1810297855215,1,21.9615965265155,1,30.8514187528779,1,30.5946727562369,0,24.4915114660959,1,21.5418864148822,1,20.5925498348952
1,38.8531072174139,1,30.9612079724735,1,30.2502257383947,1,27.143385179904,1,24.3808618544904,1,23.2515457811309,1,33.2750947368155,1,24.1020691028261,1,29.9702044069128,1,23.9528408337084,1,30.9845130058024,1,24.0190070011736,1,33.0517358203257,1,25.2299166219502,1,25.0030828018697,1,22.8623290355485,1,22.9213187565326,1,23.760378363985,1,24.857662742532,0,21.7936076027037
1,56.6223490160548,1,30.7390779319,1,23.0570398545307,1,27.2754237723495,1,22.2413816043349,1,22.5793936798991,1,20.0953388975772,1,28.1022690543398,1,21.7748047859302,1,24.0864631723519,1,25.1502429282072,1,24.0329752608016,1,22.3272869903776,1,26.1344075071479,1,25.353850418928,1,23.9185909448899,1,23.7158419620667,1,23.4957709235927,1,35.297967594251,1,24.4968556036133
1,29.9292604381049,1,21.6383556169084,1,23.20373612371,1,34.1812743547951,0,31.5083595449407,1,23.2701666867757,1,21.5636485822302,1,22.3228798496764,1,24.0839665342892,1,46.3977423136264,1,25.2084562897068,1,23.9783880603872,1,22.1531217391901,0,23.8733639494352,1,23.3256720134063,1,25.2877089703899,1,30.8819590673573,1,24.2853536087262,1,26.3648839870702,1,24.8845142154587
1,34.249907186358,1,25.6852497726007,1,29.0816585821473,1,26.9951892917053,1,21.1230602490779,1,23.641288007714,1,35.0124587951964,1,21.5326790178619,1,19.7618888394413,1,28.2627154029082,1,20.2892990426775,1,22.8697960703754,1,21.7799024732014,1,22.1782209320004,0,22.4557997312791,1,25.2767067782931,1,22.491566354883,1,33.6078608452804,1,32.5622707858426,1,22.0985166676548
1,37.2717729079658,1,20.3969905249088,1,27.8555945674192,1,27.0973150763168,0,30.8914316012847,1,30.8486327884208,1,20.6051699778149,1,24.1389815111466,1,21.0231920455745,1,24.6481350302318,1,29.6414090578516,1,22.7217392962674,0,22.9780556954058,1,30.5750672283355,1,22.7106552248371,1,22.8118866493908,1,24.9438210500205,1,21.5105343640328,1,30.1756813804894,1,28.1467976293158
1,34.0382903402447,1,30.5459841919657,1,26.5116796512329,1,20.2192410887042,1,32.6564406964535,1,29.0080308580572,1,24.9221410596087,1,21.104911881543,1,30.6039871976448,1,21.8314741419692,1,19.8059462836502,1,22.0197203963341,1,28.14671251863,1,30.2830998010035,1,21.7453549276829,1,22.1179523564705,1,21.8282438352439,1,33.5946166137817,1,23.1517676769846,1,31.0884574914766
1,52.5233426789244,1,26.7106026638446,1,31.6993519229082,1,27.8014880236202,0,22.814842407988,1,21.2167353928208,1,22.1685668967118,1,21.5237019633712,1,20.4631438069153,1,20.3278754728939,0,21.9727068249529,1,29.0353658110639,1,31.8202423108517,1,29.2292258009012,1,22.5678082947166,1,28.9494540736909,1,22.0908884391495,1,37.9158603760201,1,29.9673909119286,1,29.3947036560359
1,49.4486240952482,1,37.9482445661776,1,32.003342046323,1,27.3140533676897,0,29.0294039974181,1,40.3561334776774,1,32.5124886501834,1,30.8199451237319,1,22.4192713956619,1,22.1666221653831,1,23.1279464111364,1,23.8710822140812,1,21.5464831699756,1,24.897655846393,1,32.8199776000015,1,31.2786292978885,1,22.0513586715667,1,23.3822690846173,1,24.0502774720138,1,21.5081794623999
0,38.6939171103218,1,45.1647948894041,1,24.4710747711592,1,30.8665161107362,1,33.9344368004148,1,23.4992471012737,1,29.4154255965326,1,23.4382418444063,1,23.76548795951,1,29.8887790114002,1,27.1394141784019,1,22.9831609813128,1,31.2707182588758,1,23.6223915403946,0,20.8241237568975,1,22.0394258484163,1,21.6632390437617,1,21.8752568709741,1,21.5217515705256,1,31.3511781004916
1,33.9399392159275,1,42.1968578744032,1,26.0598137635514,1,38.7393827831696,1,22.0119147333661,1,23.7337175287681,1,27.8467190123319,1,22.2602867361523,1,22.6909729374736,1,24.3658060613648,1,23.9391494183289,1,23.2559954508524,1,22.9801449380608,1,22.2461385992832,1,22.9322417448046,1,21.3622737201332,1,21.5569379157846,1,30.8716018718863,1,23.6086581582576,1,29.2681093565199
1,40.8191535515033,1,31.2378749760644,1,22.321589689016,1,28.0254907438372,1,27.5204782081137,1,21.8184540456818,1,21.8147488371856,1,20.1264944492159,1,20.4810812130416,1,21.7467554501208,1,23.4574980873635,1,21.9995462468629,1,23.4411034134361,1,22.2346752915734,1,23.1385334782479,1,26.654547467638,1,21.7795976323838,1,22.3676004145979,1,34.410741139465,1,24.9234042011323
1,34.1974115455806,1,40.9175953823127,1,27.5000004909563,1,23.1873114282769,1,27.9961877527795,1,22.8545956874592,1,24.7662838533703,1,23.6125163047163,1,25.3414515782458,1,30.9000947350299,1,23.3485219619929,1,25.2058465596763,1,23.5786347994879,1,22.2743469708291,1,25.2371442617377,1,22.6959085584335,1,24.3101632471479,1,32.9999808596867,1,24.5090063985206,1,21.6197415150737
1,44.8849486557071,1,35.7408641536291,1,23.9884576924641,1,23.5486142535569,1,33.0427312610049,1,24.3525233392697,1,24.8626032386521,1,28.9207136941094,1,22.8704782923967,1,22.2210046803952,1,21.5707631875912,1,23.1010781590086,1,20.9076710191563,1,21.6849820563989,1,25.8682694722002,0,21.9846773055957,1,24.7830478954039,1,23.2000985446343,1,28.9881273476736,1,25.2637864145841
1,31.2690840591659,1,33.9276638325814,1,24.0156499195439,1,23.7432475056293,1,22.9348919680415,0,21.5696359598338,1,21.6830189799652,1,20.591187623207,1,23.8192224488958,1,23.1003419099875,1,30.5323336198627,0,23.0721934466669,1,22.6870569167391,1,25.3029576133902,1,23.0867487923835,0,22.4404589752207,1,21.4492435971807,1,21.1933021952459,1,31.6659016641336,1,32.0095987268469
1,35.4438274461979,1,26.4632846184588,1,22.9301940484456,1,27.4140354657234,1,23.5619801930516,1,23.3728371956827,1,25.0103836178159,1,29.7974101741963,1,30.6054222121985,1,23.4412608460576,1,23.6456001686421,1,22.3441465094166,1,31.5548395353104,1,23.4956295783917,1,24.1702465789438,1,23.8250182455356,1,21.9599010473428,1,22.6902930198027,1,25.4039012875739,1,23.028533984457
1,48.4316400828548,1,31.1321504007602,1,24.6326202424415,1,26.652819181428,1,30.1728116134164,0,30.0659425228577,1,22.6322828088958,1,28.067304324014,1,21.5329004641412,1,20.3877309370574,1,23.7736604324401,1,22.7145004473944,1,28.8181025844827,1,41.1491820815488,1,23.2011472884736,0,23.8542624395571,1,24.2036109916903,1,36.551154813036,1,22.5065216673773,1,25.0573045827467
1,38.8009857999517,1,33.0194833561842,1,22.6313542827714,1,29.3831232995466,1,31.9545951704757,1,32.1371098178122,1,29.6374509698827,1,22.1321942513225,1,30.5155521970976,1,23.2589455793687,1,31.5569109977158,1,31.5559312837621,1,23.9837738564432,1,29.8540975766479,0,27.3538947506937,1,23.1066305932813,1,25.6627754200084,1,30.685622812499,1,23.5216433120078,1,21.395453348638
1,47.4027165251563,1,50.5600200689201,1,20.790712214239,1,20.1845126847521,1,28.8769330232654,0,27.0442658129727,1,21.4153869523741,1,35.6831827674437,0,29.3606640864942,1,21.3038369134922,1,24.0733858811829,0,21.2106643721157,1,21.1167757245407,1,23.3865475342269,1,23.3835487499219,1,20.4261423670555,1,21.1497128903445,1,22.6351547960636,1,22.7580748266833,1,22.8889918029202
1,41.5927914024513,1,28.2375635051996,1,31.2280356842975,1,34.2228741572075,1,20.3911952526099,1,31.2079052845469,1,21.5009636042025,1,23.988519865733,1,24.8233489933144,1,23.2456447299725,1,24.5650167159619,1,32.7498780334583,1,21.9913027185988,0,42.9104056083971,1,25.5249113770311,1,34.6249178548467,1,22.7153311607995,1,20.1863078046157,1,23.5185123402438,1,24.39265764156
1,32.8171683765168,1,35.6031349679533,1,22.835126698142,1,26.4242694593164,1,41.1501839763099,1,37.3165277917388,1,33.7141954099827,1,31.1482623066038,1,24.2355258306959,1,36.9161358036253,1,24.3110696444123,1,24.4630309712752,1,28.7897526013086,1,22.8786800665215,1,31.3683339354666,1,21.1396833270503,0,27.411505437037,1,22.8001784439695,1,30.8252671893694,1,27.0113707666618
1,47.7871538930864,1,27.3354403740473,1,40.0398631440066,1,26.6522227246181,1,24.4207846602667,1,28.1150011608394,1,21.025186770459,1,21.4683865226637,1,23.0246797202971,1,22.3331690807651,1,23.2577846893224,1,28.9520287838973,1,21.6970683533086,1,22.108893188568,1,21.8422288595758,0,30.0123319329347,1,22.581119811714,0,23.1366998067669,1,22.3065298565075,1,21.8938200869805
1,47.5932011380617,1,24.6337822798926,0,38.1412031993989,1,22.1142245831874,1,27.8791259121923,1,22.3764412924726,1,23.4543733204422,1,29.4778511653154,0,22.7448453973609,1,23.0839512857123,1,31.5514478482673,1,23.4298810509328,1,23.1122482158704,1,25.3014515403913,1,24.1425633030044,1,22.7376813928238,1,29.3755241020023,1,22.6298362359112,1,29.3672577350205,1,21.7234098996338
1,38.9826385192526,1,24.5511611172498,1,28.1602199713889,1,20.9238554023138,0,19.3956644252256,1,21.5586346183717,1,36.8141236959749,1,20.7150998386464,1,23.8431529191016,1,20.5285818037403,1,32.0071318531675,1,21.4010337927522,1,30.5242871800277,1,23.5101127240476,1,22.6926351209548,1,20.7214181754108,0,22.5685363697325,1,26.1149856789092,1,23.7699572689113,1,24.5758213572344
1,34.814376168603,1,29.1286463729875,1,34.2658768577226,1,29.178886343018,1,28.5452168582557,1,24.830806917351,1,23.4474714096616,1,28.0307862277637,1,29.357157497022,1,29.2466447447506,1,21.1049975012237,1,22.4258664857741,1,29.6698496727246,1,29.2206237720271,1,23.4651672254129,1,23.9483573337442,1,23.8215027197361,1,23.2088686211994,1,21.9345819997027,1,21.998768391535
1,33.3401062403835,1,27.2900407693198,1,34.820013567822,1,34.6624248643371,1,24.1759597014214,1,43.9701688652396,1,25.0623386503583,1,24.7325199500299,1,28.3552871608108,1,38.1623280303068,1,22.9741026125876,1,24.7889528215545,1,24.6791910188549,0,22.8059039870693,1,22.2170021125537,0,21.3571723857079,1,22.2417925200961,1,26.1512742913384,1,23.4341069707667,1,24.4654474501952
1,41.6400355107314,1,33.7634173425568,1,24.3076640519432,1,22.334963735027,1,30.8147141147095,1,23.4298507770228,1,32.3969031605324,1,22.3664333573368,1,21.9543582916945,1,26.0758976383264,1,23.5416033209884,1,21.4479496253114,1,21.4233577471398,1,26.2743386547078,1,20.8456397809578,0,20.9173194712213,1,21.3706798450703,1,21.4342210847608,1,22.2940228103677,1,21.3469349682811
1,44.1132091409634,1,23.77557659573,0,24.6026083944331,1,28.2600249403761,1,28.3016335716885,1,27.9058006265063,1,24.0472881482437,1,24.1993898663206,1,23.9688379683892,1,21.5741548504244,1,28.5396680796871,1,23.5952756280663,1,23.1579547891892,1,20.8257969091127,1,22.8411212161272,1,24.8703152821729,1,23.0451853606287,1,22.5665004470196,1,28.7292716485441,1,22.4464036633709
1,54.3526842106647,1,22.686033863262,1,22.7530651404455,1,34.4025953881548,1,34.5763666428483,1,44.1960259554127,1,20.5809374128973,1,24.2816829183066,1,21.9450422411827,1,23.7725042750248,1,24.1595213813331,1,24.1438359024835,1,23.1793225896196,1,21.5936018780589,1,21.1161480403844,1,24.5529329469582,1,23.7410809334338,1,22.5281559135043,1,22.1916177388781,1,23.0260057828423
1,42.7922022745517,1,27.0228224697229,1,22.301206764451,1,20.4056550807456,1,29.2663048063679,1,24.2535190236295,0,21.8898764542107,1,23.9513953260866,1,27.617446800875,1,24.7413184621464,1,29.9384250129975,0,28.4326011667551,1,25.7708633182692,1,33.0886758571345,1,24.2376424423527,1,23.291163486699,1,23.0878651083015,1,29.9115928592606,1,26.0607225901803,0,23.6775241023269
1,42.5692366452865,1,29.7538332937201,1,27.3039261465854,1,23.8697880996056,1,32.1776143390384,1,30.0984358986381,1,24.170227936362,1,22.4987319323655,1,38.3245584675891,1,30.0008685132936,1,24.4365585841694,1,23.6036530884772,1,23.5870827458261,1,24.8345858726599,1,21.6591598948858,1,23.1648645412831,1,41.5814851138798,1,24.501727215128,1,26.0597854628541,1,23.3584561989576
1,29.2033489512128,1,30.0100138595757,1,22.4537221596985,1,21.2726705891161,1,27.2932056014901,1,21.963882112681,1,31.3696457605164,1,20.2642003693194,1,28.9283672498254,1,27.765085991405,1,22.045036937907,1,26.8168652943841,1,27.1218919841927,1,22.8832457669181,1,37.429468445529,0,20.611641650728,1,33.3626665552494,1,22.7687954501097,1,24.261720095212,1,22.5558359428129
1,38.6629879497766,1,29.5138604782457,1,31.4394425109788,1,19.9559091247376,1,30.6961473449227,1,21.9219914052656,1,24.8343602155929,1,30.8919793157583,1,24.0116292301314,1,21.2575959735623,1,28.7524687239553,1,30.0533003640624,1,26.4712585462247,1,23.3756061310765,1,21.1150153548782,1,23.4386934241101,1,19.3493304312613,1,24.1900223311819,1,20.2501087420505,1,28.6068353306461
1,44.0156966792355,0,36.5190800205851,1,25.0593707815992,1,28.6915853502299,1,25.080464416277,1,34.8280580732598,1,21.6492841452736,1,31.6763437800563,0,22.8932749974151,1,24.7735426376845,1,23.2981298617495,0,22.7780349647113,1,23.7628510401541,1,23.4662322940202,1,22.1098299008602,1,22.0235829953739,1,24.7193638570613,1,20.2039677590881,1,32.5875813043157,1,22.2530253942765
1,35.7423965035186,1,24.8154120668381,1,36.4081358365096,1,37.3093781339781,1,21.8800243262557,1,22.9787351806431,1,23.2611824244331,1,22.9780212353959,1,29.9577875418161,1,23.3735782915543,1,42.9149660146497,1,22.2746334595305,1,23.1866080359395,0,22.0247136349466,1,23.4289795864686,1,21.9932605788041,1,23.5936745354176,0,21.2074082650533,1,19.8773984197043,1,24.6444093248763
1,38.6496102204515,1,21.5397281204924,1,35.2830440265954,1,25.3586214752378,1,25.4663137098211,0,23.5391061921712,1,30.7064213340982,1,23.9842234507839,1,29.1922845227347,1,22.3779618415954,1,29.6018325642478,1,19.9605418206046,1,22.1887719913009,1,22.0712361138695,1,31.0500777840745,0,31.3999094414397,1,23.2380334564672,1,23.8968488552935,0,30.0004561833446,1,30.5181380729031
1,47.9530605007723,1,37.7340402070527,0,22.7359769910878,1,21.1527060306453,1,41.0275777886674,0,21.4933025166584,1,30.5357965419148,1,23.3814281136908,1,43.7118894968838,1,21.621440344181,1,32.6561165361533,1,22.3456672728497,1,24.9714673677166,0,24.9649214930018,1,25.2079346170375,1,23.8374833416033,1,22.0528262854098,1,24.3699253282265,1,27.3743742705709,1,30.9665978765573
0,40.5397196518335,1,21.6684916946054,1,23.1241978174223,1,22.9135852939253,1,23.8835331331119,1,30.6420196789837,1,27.852105712755,1,21.8151040768934,0,20.6471293715161,1,22.7138593007768,1,21.8196766905252,1,21.9929912340014,1,23.0682103721477,1,22.4909118061951,1,22.5728127998822,1,23.9663794453063,1,21.9385248986265,1,31.8685278632722,1,34.4110544028414,1,22.8456414845129
1,42.3559292789031,1,29.5153821937928,1,25.491881509796,1,23.2525387926892,1,41.266601495716,1,23.9841905534978,1,24.4498166865625,1,24.3424872997849,1,21.662059647162,1,24.4302016550744,1,25.8219373446174,1,32.1750103111131,1,23.8344737083242,1,24.845961282557,1,31.6050598692176,1,40.0600645942334,1,23.5671256198713,0,25.8965840221445,1,25.7625616353246,1,22.347560461712
1,34.5683063075732,1,30.6071100978768,1,21.815792055397,1,25.0297832104366,1,23.5602868935462,1,22.3675517264011,1,26.9611729004998,1,25.6308679123922,1,28.3962240471224,1,22.658577567764,1,24.8223265249894,0,24.2292040035089,1,33.2925867317643,1,22.3714448101461,1,25.3268186607315,1,21.9474866525077,1,33.2058220912073,1,24.0955915158368,1,21.4417383160133,1,23.701695280311
1,43.443750207234,1,31.7900153274722,1,26.4970789797646,1,26.4371241987682,1,22.1297980583449,1,22.3485379567759,1,21.4381021621742,0,29.2037262894862,1,23.1762593272191,1,24.558168088001,1,21.4887482915492,0,22.4694216632733,1,21.2134115187065,1,21.394674510302,1,22.9381660274683,1,29.8415247168974,1,25.3682489326945,1,31.3346415644092,1,22.7845652573104,1,23.2094757544501
1,51.8495515718632,1,27.8419747080586,1,21.5667534411472,1,22.2664118170641,1,22.5362745133697,1,23.2144366468664,1,34.57339243116,1,21.3353186779297,0,20.3727996737922,0,20.9572891185993,1,21.7433980571336,1,22.4961975906341,1,21.4533147919277,1,29.535575562084,1,21.9268911669231,1,23.6410947033243,1,22.1820330781324,1,22.5126870707744,1,21.0819811765555,1,21.3131445382729
1,40.9392900304701,1,28.3587461974296,1,28.4982791560878,1,21.8875810784189,1,27.5429298317864,1,28.4972059143388,1,21.3659940462382,0,20.4469514495668,0,22.4567180968086,1,31.3963866687268,1,27.7527992860019,1,23.0043017750158,0,23.7934695537257,1,22.3899304590248,1,29.5484566615685,1,35.6149436440124,1,22.5285455811596,1,30.0259810320724,1,22.6657940532293,1,24.322699919596
1,43.2214312633917,1,27.7157492641319,1,23.6948475861948,1,25.6788831357895,0,30.1072777938404,1,21.9661445522953,1,21.309308440727,1,21.7017753302356,1,24.6854177524409,0,22.1485638813867,1,21.7722169605008,1,24.5885011560322,1,23.6298720954315,1,33.5020927076038,1,32.1098275070191,1,22.3551013814759,1,29.0877606844165,1,21.3909912901853,1,20.6444945347464,1,22.3819377180044
1,34.5736104538938,1,24.1414667319399,1,25.0291296813096,1,22.3249516479531,1,28.9942456368288,1,21.3330996942588,1,24.0648395722917,1,34.0095522696337,1,24.0768412100543,1,21.4398742979137,1,22.9288121054804,1,30.5722411705379,1,27.5527617027323,1,24.2581633937983,1,21.8253039557717,1,22.8418851175338,1,29.7438326977096,1,25.7819513002479,1,23.3227351092282,1,31.7780740521854
1,37.4406926367418,1,33.6580824070738,0,29.3771042602437,1,27.4505172016402,1,41.9634866598726,1,23.4328766917482,1,24.0793939168745,1,25.4806004816301,1,23.4973408802365,1,22.2216777232966,1,25.9391001298656,1,24.7820843304639,1,23.2037962045508,1,20.2267073655605,1,22.1649003535847,1,22.0607781199041,1,23.7265345672371,1,21.99212558698,1,21.3066303629166,1,22.9371930364237
1,42.8985752920744,0,22.169484115104,1,20.5891644531872,1,23.4771823512548,0,20.4427200799122,1,28.1865891465022,1,28.8219955717522,1,20.0705620852824,0,23.0940740762722,1,21.905386609799,1,22.5319299680433,1,22.7963865809392,1,21.5701284413639,1,23.8019885530714,1,21.2273280172614,1,27.6319665817749,1,30.6024267973573,1,22.2244448109273,1,22.1041612808514,0,25.3733381497807
1,34.1604880481372,1,30.2159151738685,1,21.4192394755618,1,23.7554066123406,1,31.8302902010161,1,23.3951493868717,0,20.4473525050185,1,29.8235730207396,1,20.4503790808246,1,20.837621591634,1,31.2408945029395,1,22.9711556889496,1,22.0590036936214,0,21.1139459737782,1,33.0455189236912,1,23.2699523471536,1,21.3188510606482,1,23.2361737345614,1,22.4080685380848,0,20.635627300571
1,40.2859479516243,1,23.9539759562372,1,25.8650381238704,1,29.3609495929914,1,22.1748733818624,1,27.8365033872567,1,20.5708078876195,1,31.2047292040233,1,24.4279816894923,1,22.05619430333,1,32.4001320689646,1,22.0091351333805,1,24.9800042051963,1,22.2743100783,1,22.0507275031993,1,22.7791026719798,1,23.2520917512673,1,21.4840015564785,1,22.8519560178906,1,22.8170318191354
1,42.4570007850881,1,28.9489073080224,1,29.8673393164422,1,30.1641379190655,1,29.7168865317566,1,21.3367437246763,1,22.2901834027468,1,24.7101901652061,1,31.3043920946559,1,22.6227813941004,1,22.5669109430945,1,32.0850036149084,1,20.6341296997006,0,21.1210173801494,1,25.2500808067525,1,23.5434754489959,1,21.4656363661652,1,22.8725296893796,1,24.4229783656624,1,22.5843834110434
1,37.1232997087965,1,27.4607102980696,1,21.615241149309,1,21.5236346558356,1,25.2677804082321,1,27.5375560762523,1,23.5491453450338,1,22.0293933881436,1,28.5320252642736,1,19.4480630276819,1,32.6572727927456,1,22.4981185578736,1,21.2933545825075,1,30.1374671587178,1,30.9162042224238,1,31.0110725163787,1,31.701921773294,1,21.4070499288353,0,26.6915487921865,1,23.7249246731093
1,42.267657847955,1,40.0918396381771,1,27.3034977489927,1,25.4068304003609,1,23.6319573058735,1,24.0886690444814,1,22.1751323951182,1,23.8693601450399,1,23.0369324259239,1,22.1234450709604,1,25.0596848166671,1,22.1183763233716,0,25.6819321505172,1,22.5093464808073,1,24.2076787839579,1,24.7676550645769,1,25.3922607696607,1,26.0613642379687,1,24.2787768339687,1,25.3545375733154
1,38.021847757241,1,29.1322708814093,1,29.1283406828335,0,23.729962427143,1,31.1769348016076,1,21.8295623812089,1,21.9386378388716,1,35.4729367518776,1,25.546263958232,1,24.6832901541776,1,21.4854810385157,1,32.6600247087146,1,21.4221205592353,1,27.7616336051088,1,20.3135275152109,1,30.1854822703346,1,23.0012769759881,1,25.0246266245805,1,21.5897136674956,1,26.5012512930282
1,30.3513262487968,1,35.7667310537091,1,20.1906614214263,1,26.0569218848177,1,24.7219166198146,1,23.4550390635128,1,23.0049996912328,1,22.4020336949222,1,33.8381561584459,1,29.9678283575928,1,26.5878017290967,1,29.5279801030415,1,22.7454920569178,1,22.017032743975,1,21.8889468614391,1,24.725427127768,1,25.3211812082132,1,22.6395058323101,1,23.1926011580181,1,21.9867231749708
1,42.8214448285633,1,29.2979492313884,1,22.9714590647827,1,23.9472043603887,1,43.0817170106874,1,22.181454229077,1,23.5825247546224,1,22.6847331814514,1,20.8848525916203,1,21.4387136112864,1,22.204827598681,1,30.483245647489,1,25.1331807046275,1,23.4427164974169,1,23.9505885146886,1,21.4051845114717,1,22.0422218315904,1,20.327014666906,1,24.9659370195538,1,23.0004956929251
1,43.1254205312794,1,28.7392245020856,1,20.786748408539,0,24.762584772774,1,22.3415769270486,1,22.1080135111317,1,19.2832643189928,0,29.0949911305097,1,29.4353215408187,0,20.2062715700308,1,20.710457238864,1,22.0639118063197,1,28.6715743054035,1,29.2100018713246,0,23.5072387324096,1,31.2476143571454,1,23.5485205902326,1,22.3080144825504,1,20.502374097323,1,30.6325010296501
1,52.5835563981135,1,36.5765797987159,1,28.5463846686781,1,25.2639788987947,1,23.0506661029868,1,19.4225866963591,1,23.0742986232849,0,24.5934012571033,1,27.8983070261528,1,31.0961271220448,1,23.561032649464,1,21.0270923788702,1,23.0516781060529,1,21.1554043510241,1,22.1618057867778,0,23.7846298621639,1,22.4459048581285,1,23.3272376144686,1,22.6231121048484,1,21.4043309651575
1,39.2366574068713,1,29.5508140835341,0,32.6593851132169,1,21.6964364025623,1,29.0326029592653,1,23.8949618402034,1,24.8431319484724,1,29.5405063917683,1,22.8284805941848,1,22.3159073540579,1,22.6706327392219,1,24.0496865658915,1,22.7856678576958,1,23.2530966488435,1,23.9291672417247,1,24.7788869343431,1,25.6773127191023,0,23.7627419901944,1,24.3930644816107,1,24.2791771551088
1,42.678252559782,1,45.3611768458433,1,20.191799501898,1,18.8049469876607,0,29.1149972653142,1,29.3967263782838,1,20.8728931665309,0,29.8458383169009,1,24.6894689091809,1,30.0162191206407,1,20.2525673679224,0,20.5124134751076,1,22.5219186031274,0,21.4079472259093,1,22.0693619462169,1,20.8555286940863,1,24.9099151872424,1,22.919249736637,1,33.1099150693574,1,24.8216368544208
1,28.9285841510909,1,28.4853284887382,1,21.5907214246673,1,21.8981953922843,1,22.9170304357623,1,38.4485791274809,1,30.103749966294,1,23.8609660747777,1,22.7004804058305,1,22.2611912946413,1,21.5419927850152,1,21.869769343054,1,31.6673065627876,0,24.7316114317388,1,23.1667944665551,1,23.4344894576537,1,23.8416858977122,1,22.5824280456958,1,24.8149674346804,1,29.79658694845
1,42.3909189390262,1,38.3955661883118,1,23.394667669202,1,23.4888209562313,1,26.0301933411239,1,23.7274253176675,1,28.8970468399412,1,24.4877647141803,1,21.6648098894298,1,21.7800160786704,1,22.141774188546,1,23.3721224284216,1,21.945474975173,1,25.2770568771249,0,29.2722650532423,1,20.6933355180114,1,22.0953429050398,0,27.9471782824823,1,23.1275933749719,1,21.4627523101969
1,44.242341425232,1,25.0133554369373,1,22.7588251971645,1,27.4884745166673,1,27.6188401320242,1,22.3084923484929,1,27.3498109532077,1,22.7450572463131,1,29.4474420884488,1,25.2809217620913,0,22.7245116861837,1,31.2613269579914,1,20.0924919111039,1,20.4734409004821,1,21.3144304731114,1,30.6072952122069,1,21.5763058775172,0,22.4227749092614,1,22.1067325218425,1,20.2011808634242
1,37.6268630728401,1,32.1319062296117,0,24.0585879160948,1,28.2920187180582,1,23.4583459002759,1,22.1111289922919,1,24.1494467560944,1,24.9765339051186,1,22.5765180291722,1,22.9638648107827,1,24.1754126180984,1,24.0989767841925,1,24.2032855426025,1,23.2811608668867,1,22.0039451308288,1,25.974040648432,1,24.20244034485,1,23.2512780649679,0,21.3270625792005,1,22.5236265943389
1,34.8313773276933,1,39.7127725762931,1,25.918327436161,1,27.1417116089741,1,33.5267817252805,1,20.7673510464418,1,21.8874963755755,1,23.6753337337532,1,28.8011572675111,1,22.5880916913767,1,21.6753109579317,1,21.7232151913383,0,23.9107642270843,1,24.138888559308,1,22.2460791106936,1,23.0887433526337,1,22.2292461825302,1,21.4877668825345,1,31.7266408837187,1,24.3701091583942
1,35.4319566296655,1,32.7031664291045,1,22.0042452375256,1,23.9751627542384,1,32.0976982261302,1,23.9495362883495,1,21.6482895383221,1,27.4553508699469,1,23.0068271550237,1,21.8972764168374,1,24.3210631961709,0,29.0865123635085,1,24.6475776906187,1,26.5180836992223,1,23.2786522480429,1,24.1003407835541,1,24.5053783225584,1,27.0352148361179,0,21.656994049805,1,24.097599119711
1,44.7421393824917,1,26.7348019669628,1,34.8095518688423,1,32.0965556526951,1,27.1611626279735,1,21.9677311474792,1,22.5333334392896,1,22.1261129227437,1,24.1929205471275,1,27.1776746293545,1,24.6553006133842,1,20.8779493820832,1,22.0228291849822,1,31.5607136448759,1,23.7410233899221,1,21.4121626062298,1,22.9321784613886,1,31.0955726571992,1,21.9193187355008,1,22.3878753307461
1,32.5620282260923,1,45.9160078006525,1,34.7815832173462,1,32.2452610817661,1,20.9588240747483,1,23.4931047286625,1,22.7234517482915,1,32.5169129185922,1,23.5496078649914,1,20.1729859587992,1,21.3530727375345,1,24.5858684105296,1,21.9786872965653,0,22.3616553587388,1,22.916459587063,1,24.4254671650803,1,22.6604248189981,0,23.46049425085,1,21.0225313756686,1,22.7743838175724
1,40.561852367392,0,26.1828533530872,1,22.2742568795155,1,35.2444884216814,1,22.5121195696003,1,30.3486668499029,0,21.5041674479094,1,19.8490672016588,0,20.4866986224091,1,20.1738257607862,1,21.2495905083357,1,22.0338895514354,1,19.8706705929963,1,39.7244779468016,1,21.4757149650255,1,22.1191333711005,1,21.8810175112327,1,29.9662615507861,1,22.8146244089814,1,28.781647886827
1,34.2188778287674,1,34.6749190764956,1,29.5146618137909,1,22.8265728584148,1,22.1621751229131,1,21.5758548999932,1,28.4245566161457,1,29.4133448409094,0,39.488681982903,1,23.1605022623667,1,22.6871371466234,1,20.6393999931519,1,21.9144599659245,1,25.6925947158179,1,27.5746722055895,1,28.0724204783937,1,23.3151274420845,1,30.4639328767672,1,24.519547065914,0,23.4449501553233
1,54.3132971504508,1,34.982794138616,1,21.8987685733576,1,23.8887465620092,1,25.8788573848835,1,21.2795522998931,1,33.7666729800473,1,25.228940643012,1,29.8740120754629,1,24.8776189011793,1,23.4172530989245,1,24.9619606480369,1,26.0497091678929,1,22.1238637806898,1,26.1834135273902,1,23.3132391982548,1,34.9899297953931,1,24.1240791954335,1,35.3382097959011,1,25.6589372989136
1,41.738477606727,1,32.5555024855362,1,22.3382962705835,1,33.4956714404488,1,22.3637150184169,0,38.465522649765,1,22.2616651643076,1,23.7736770353881,1,24.1045003326964,1,21.6472641432948,1,22.8857622506708,1,30.972492040885,1,24.3775461975047,1,29.0427518885649,1,23.2833189905946,1,21.9177436283433,1,25.3568839790439,1,23.1054883872448,1,28.2766335016468,1,24.9948089960545
1,40.6754213647637,1,31.3398031560274,1,20.919448910306,1,27.310405277658,1,27.6999031516709,0,21.9130656951239,1,21.6727931018333,1,20.8433411863021,1,27.2472637423424,1,21.3841142005788,1,30.9940413757391,1,20.7321682864674,1,20.1809385485658,1,22.9264572572841,1,30.8829417814732,1,23.9088966209021,1,21.1361537091102,1,21.4350913337151,1,31.0853883402096,1,25.7523429684423
1,37.7764617112887,1,27.8666846859224,1,22.9971979504761,1,34.8532704001878,1,26.2149947333757,1,30.9653472215685,1,20.6270605024137,1,32.5655810928172,1,25.9954822147677,1,31.1424604274215,1,23.4903177924162,1,23.836158072364,1,23.7943073097217,1,24.4131621225016,1,32.4893433871846,0,29.7604797360735,1,23.7037696959957,1,28.1374523522035,1,32.1330556568075,1,22.5968848781917
1,42.4150362447912,0,29.3038502764733,1,24.2616486407868,1,27.2194929422701,1,20.5994465800269,1,29.9944111832294,0,23.1646210787786,1,27.7591871515345,0,24.0055963716459,1,25.7939015679245,1,21.4533335397229,1,22.3739772140388,0,24.4629944047545,1,22.4659958739072,1,22.6985434762534,1,26.2799859109072,1,21.3576752820399,1,22.6903188882638,1,21.1581808886832,1,23.3217811724315
1,44.2509957884123,1,31.0745342409304,1,34.1399653110378,1,25.6893397803655,1,23.1681682838917,1,28.8520448677163,1,24.4219834930547,1,23.9694776164029,1,32.7027613761672,1,30.9887967007225,0,21.631359127099,1,30.6841192131613,1,21.8478383358834,1,20.0953872508676,1,34.4070286216402,1,29.4490830018675,1,29.5498135506052,1,23.227977426119,1,21.5837287128303,1,23.1987234415226
1,37.0246864033633,1,32.4890895515244,1,26.747260158834,1,21.259823487703,1,24.119869201001,1,26.5179819409044,1,22.9061402414061,1,22.1043816984886,1,26.6658777686051,1,30.9279199513426,1,35.9237970031191,1,22.8301869143764,1,24.1517920909661,1,25.037353504528,1,24.7377129673241,1,24.0918602987202,1,21.4012393289966,1,24.6032542452853,1,22.5682253234123,1,35.6031766709096
1,33.2117011695834,1,26.9708414351682,1,22.1452748342208,1,28.6332977610853,1,22.3627596763479,1,24.0492000545851,1,24.5980834455253,1,23.586651828401,1,19.3752858744256,1,25.3890068182715,1,24.0878991915641,1,31.8446533595308,1,21.2219797459716,1,23.9993385953954,1,23.7913580881217,1,24.9650586387311,1,23.4858518064499,1,22.982714022304,1,25.209350435868,1,23.6606925745948
1,41.1154910566079,1,22.115073915769,1,27.3707764510104,1,24.711914327521,1,23.0501019721962,1,20.3114123326049,1,22.9960331224198,1,22.4772413576546,1,28.0240127214553,1,25.0863154725899,1,30.2168797067116,1,23.7826287014194,1,22.7136300376861,1,23.0949944846734,1,24.333889893052,1,24.2647660861928,1,25.0509517727936,1,22.8197137977841,1,22.6671191518086,1,25.510612835777
1,36.7404601040878,1,42.1226911904947,0,23.2776990917598,1,34.8602242152168,1,27.180563601392,1,31.1284790446435,1,23.2693740582661,1,23.134190943076,1,22.5936285723775,1,23.4972249460774,1,22.381513240977,1,23.6090529238825,1,24.6321045355249,1,22.2574555566389,1,24.0545991892621,1,31.0473976031726,1,25.788500571422,1,23.7153271949564,1,24.0621811288539,1,24.5820652979072
1,38.0491427066871,1,27.7404725719833,1,22.3568367870137,1,27.658108277252,1,23.0689991026497,1,30.1400055537448,1,21.7125078953722,1,22.7189284191474,1,22.0652505022203,1,24.0542441170298,0,21.9384891304455,1,35.3847236081301,0,23.5165964025251,1,22.3044231289668,1,22.7642167546276,1,23.0246478883745,1,23.1676482691199,1,24.0662377030784,1,24.539756277304,1,25.2186906226757
1,42.3096669689185,1,27.1385873247773,1,24.8090564836054,1,25.4494403942334,1,24.4229912395425,1,30.8871043981429,1,31.5196871894654,1,24.5719201832318,1,25.1755961259174,1,30.5596176011577,1,22.1815927606202,0,29.3791639747204,1,24.0583554155996,1,30.7781547339004,1,22.3573448727088,1,24.5731124044871,1,24.0805979199915,1,25.4175904692367,1,23.0479216554451,1,24.0669171998154
1,36.1393566610092,1,30.5561110071473,1,25.71242289186,1,25.1472459277686,1,29.7357687169058,1,23.1140948414476,0,21.9969375392786,1,24.545271011383,1,22.5078207203473,1,23.7688351967422,1,24.4499854159518,1,23.0909170526794,1,24.6793006973127,1,27.9460666919592,1,23.4141878853355,1,23.5239066339725,0,24.1964689586801,0,24.1331304347156,1,22.5172046688222,1,23.6497260147793
1,47.2488457203671,0,33.8929840564883,1,35.4677520456988,1,32.6207827626448,1,29.658104194451,1,23.8439802630243,1,23.2875864887213,1,31.7564562280633,1,26.9775282859373,1,24.8642551486081,1,21.2023717241544,1,31.9760612821842,1,37.246185533506,1,22.866446137545,1,25.634743620598,1,21.9954392261832,0,24.2649730547594,1,24.6112419529742,1,25.0041775593453,1,25.7030798561912
1,52.4408970546305,1,22.0740784151843,1,28.2996200736214,1,28.0627206568619,0,30.0207795707795,1,22.3207689623913,0,23.111713241699,1,21.4019153641354,1,20.7719086683715,0,25.5412507190548,1,25.4579574625437,1,22.3069520176142,1,23.344799507569,1,23.8628649767864,1,40.4297785581337,1,24.4046459369257,1,30.4883574261775,1,24.037016907737,1,30.5458987874671,1,22.3119794712586
1,39.6195215589987,1,32.9923106818497,1,36.9695347129413,1,29.3103188320088,1,30.3913669224931,1,28.4306578705719,1,22.5111367931066,1,21.1386785769326,1,29.5856735470008,1,25.6648055200235,1,24.3938781386837,1,21.5074440722346,1,22.8761406897046,1,23.0451300887765,0,29.3851242091453,1,21.4798405747511,0,21.5937249190667,1,21.9402107235263,0,21.0018275498917,1,22.8464544262223
1,38.3374818439661,1,30.6519463450963,1,25.3567717200489,1,25.7624843069996,1,26.262640317853,1,29.9559991796591,1,29.562530360092,1,21.252801588638,0,20.2538486110146,1,24.4962201213846,1,26.0859913154047,1,21.7582192751698,1,27.1245469733321,1,35.0876811437851,1,27.2398312389771,1,23.3705966123204,1,22.7957494756802,1,37.6571874331549,1,30.0726286747164,1,23.9060577485879
1,42.931714742917,1,28.10621516388,1,26.7204427260214,1,20.4764217548675,1,21.0371426935511,1,20.5287845164553,1,21.3076074477056,1,23.7354545467804,1,21.3754130141908,1,20.416921393034,1,23.7074476358935,1,28.0099849627676,1,23.3800768699122,1,29.4408666865309,1,20.9060508511323,1,21.8308254098555,1,28.1329778176068,1,23.0071567151172,1,26.2147991039306,0,23.0254510955418
1,43.9403842591425,1,30.2911312246017,1,28.9179153954253,1,21.6209438824961,1,26.9573017739375,1,26.3769755023676,1,20.7581070420108,1,23.1409893117513,1,21.6237066614691,1,22.1270229585444,1,23.9591703475959,1,22.9965414639332,1,29.2398878243721,1,23.5398700946287,1,23.3428620657492,1,23.0047548321408,1,21.6414551973054,1,23.1652271853573,0,23.3776948867775,1,22.9704209130476
1,39.8475848222022,1,24.6670244356495,1,27.3600082699736,1,28.0759920515415,1,30.4369268872833,1,31.2150356856886,1,29.5427395249933,0,36.4908901769854,1,25.3048534089069,1,25.8045920564764,1,27.7208074764779,1,25.9277947622167,0,24.9732440981119,1,24.2299428881936,1,33.2831823811152,0,25.1535930408953,1,25.1017430254128,1,41.6348774527,1,26.4030374432584,1,25.7044592536014
1,42.7607044685075,1,35.3014862141015,1,28.1379126115451,1,26.8436192390758,1,33.6768204016113,1,28.4970447300914,1,20.3519606861751,1,29.9629899937379,1,21.9297634078614,1,26.3928169138709,1,31.3234996332524,1,21.6818729988283,1,23.5288715952001,1,22.6148642777295,1,22.7808408359527,1,23.3931064055281,1,21.9624360269443,1,23.9258368820119,1,21.7563413937222,1,23.4251006154575
1,35.2483500384303,1,28.5457328781972,1,34.8531405966182,0,22.3504119543053,1,30.065707626691,1,23.8956614212879,1,19.6363017884227,1,22.0641391581339,1,23.074344748471,1,23.9845811398919,1,22.9993211158694,1,21.5424963911035,1,30.3588952667281,1,21.5087252533349,1,22.8427830856781,1,22.0581909960134,1,22.4867503246612,1,23.8669856228279,0,22.1766218450159,1,23.4638548999496
1,38.4597885943335,1,28.0354149302253,1,25.7208716347588,1,26.9050942566548,1,23.8811064619921,1,29.1908800523912,1,23.6468386809401,1,30.492129265784,1,20.2501954604623,1,22.9030901578885,1,21.4506724641153,1,23.2232174251417,0,21.8204673439227,1,21.3580050106719,1,24.1789328482321,1,24.3908152728497,1,23.9188320613613,1,21.5691505318846,1,30.5075145304879,1,22.8861652191084
1,32.3691232302945,1,26.5937777944942,1,31.2579308611483,1,32.3700467063556,1,22.5459397019025,1,24.7054362374131,1,38.5023385507662,1,21.1110593743172,1,21.5228284334916,0,21.7275558667827,1,23.3870866047471,1,33.0566186107524,1,32.7795198992241,1,24.9967747926684,1,21.8850306613873,0,22.2969831069083,1,24.9402876927769,1,22.4860735798794,1,32.8455317416943,1,24.1719291787622
1,63.037207258272,1,31.4394339549127,1,28.0395673766804,1,35.3251670304808,1,22.6572031329227,1,30.9165915313828,1,29.0990741602449,1,22.637971629717,1,23.7585324208797,1,22.6662278627183,1,22.2313422733688,1,22.7768964714311,1,22.3014837446633,1,30.6179085100061,1,30.6510250025461,1,23.0693767987451,1,23.244917368178,1,23.5404778521219,1,26.4605169025267,1,22.8322342733158
1,34.2474304064121,1,23.9831209133965,1,33.2602341537108,1,31.4706609907416,1,26.1263333307608,1,23.8319906109715,1,24.3001881715206,1,28.4238592261942,1,28.3825495761187,1,35.9852828767117,1,30.4302684777876,1,21.2688355334473,1,35.3632414809255,1,25.055422597621,1,21.3091662583052,1,23.7555933638111,1,23.8629949964952,1,23.469921477112,1,24.0812602338859,1,26.2748471550607
1,36.1938380109775,1,32.6618172711801,1,21.4959564393283,1,29.6423749164251,1,31.1551613982099,1,28.2175764766782,1,28.9627827555883,1,25.7277080426584,1,23.5808480928506,0,19.6928485092567,1,23.6952320085113,1,24.5265792976447,1,24.1084508213863,1,23.8738049334974,1,24.0789986659106,1,24.2375771283607,1,21.9668676497711,1,21.7964392258716,1,22.8770421156061,1,24.8783042721989
1,46.3835052333044,1,25.8719098124643,0,29.1872205336104,1,43.7993322985446,1,29.9355723591763,0,18.7926536791613,1,24.3027471266715,0,24.9424000999545,1,25.1472373391489,1,22.4562709121148,1,22.8975288101762,1,24.1980955584188,1,20.2418401993052,1,21.3491028461917,1,33.7434715800642,1,23.6995138700467,1,21.8989109247129,1,21.8315462720905,1,21.5697758016815,1,22.737500014607
1,36.0557939368111,1,35.3797077124186,1,27.9388147041177,1,25.4002657602053,1,22.7308574895103,1,23.1915215344673,0,36.8842252085463,1,23.6384861186093,1,22.4384468045893,1,25.4303904826347,1,25.964835213628,1,20.790703887333,0,21.8466530273023,1,25.013133809892,1,20.828458252055,1,27.753507970386,1,21.8322596410322,1,20.308587576855,1,23.4075532472974,1,20.8244272837089
1,33.663955710975,1,36.6696952708255,1,25.7642142475967,1,35.8519956689393,1,23.0995034665368,1,29.6726341001268,1,23.6356828136122,1,21.0601789887191,1,29.9599488739197,1,30.0220161469009,1,22.0571110951941,1,20.2913824928121,0,21.6889925596195,1,21.5345329840221,1,22.5306777826521,0,21.82639515247,1,30.3110046040759,1,21.5539978391241,1,21.2679200435276,1,22.6070237214959
1,41.1563831542581,1,32.3664026057103,1,33.2836853001612,1,21.4393563776897,1,22.5991556727565,1,25.0993365099489,1,22.0042783172706,1,21.0673740692771,1,23.3338402315223,1,22.4307823171597,1,32.9639911818342,1,22.3457327781901,1,23.4518917428977,1,26.2472769614832,1,22.397903860525,1,25.0517706763754,1,22.7057861236064,1,23.1118487475053,1,38.0880940948523,1,26.7039194553809
1,38.3132759666535,1,25.036105457689,1,35.0377625795795,1,21.207030306448,1,25.0388949182126,1,23.6338782064891,1,26.0064172741827,1,23.4054406358005,1,31.7775099006151,1,23.1429759006271,1,22.9697675242661,1,22.688674523523,1,23.1897645977723,1,33.3416004840876,1,22.6511210139207,1,24.314608179864,1,21.8598497066941,1,24.8408880264287,1,22.9368241980529,0,23.979382437552
1,43.2695908383794,0,27.5924890479735,1,26.503158265683,1,23.5205213743661,1,22.8797923462454,1,23.0181153117578,0,24.2874007468025,1,23.3661857604957,1,23.8404429952776,1,21.1297999459678,1,26.1084749617299,1,24.4765241409524,1,24.6314014220717,1,23.188385446583,1,23.7139580380448,1,28.9962316209376,1,22.0891351885156,1,22.4132911840052,1,22.2375874577113,1,31.0010439685537
1,34.5423604616579,1,44.6711780700375,1,23.861271561265,1,27.7538084316178,1,28.1113436148424,1,34.9991425090956,1,22.7601527664235,1,25.0771140111597,1,21.0586321747207,1,21.1507115709627,1,29.5046188048723,1,31.4013961891903,1,21.5591927580751,1,25.1699666806717,1,30.4069482364184,0,24.7194701429851,1,23.2114768196519,1,22.7683397161723,1,23.4242935886946,1,29.7937957569172
1,41.8807638917601,1,32.6331706148901,1,28.9617231294254,1,22.0545729863331,1,29.9198188661913,1,22.5804077994428,1,23.8788770754164,1,23.4622313594387,1,29.812692933214,1,23.0586117587447,1,21.0019532955916,1,30.5774951105153,1,23.1334224262397,1,24.1483155241819,1,22.3299874823086,1,24.73430052319,1,29.6625867317257,1,21.4388162249747,1,31.8868453298788,1,23.067181884146
1,42.4654078982931,1,24.8839535673571,1,29.287379101789,1,29.206385856801,1,32.0422125884311,0,22.4237792233992,1,23.9352674653094,1,30.1429516418752,1,22.055111742092,1,24.792396556203,1,22.2838816356563,1,23.6686084372758,1,25.3198071479292,0,21.4842133628321,1,22.7838669555238,1,32.4109336007552,1,30.9377592434685,1,21.0077632182276,1,22.5512030151115,1,23.4467246458263
1,34.0899301701308,1,31.1398078342946,1,32.8795216180099,1,23.0752072469478,1,28.6014113575987,0,21.1410925024237,1,24.1933157203381,1,23.9721465405483,0,23.0289014056661,1,24.0756267716135,1,26.5958895219797,1,24.2508350185937,1,25.9128127293477,1,22.1739734150346,0,20.7184719256897,1,23.9532053626682,1,22.8676000616692,1,27.4765220353726,0,23.1486954611929,1,33.7403507190953
1,39.3505744814388,1,27.0845434175021,1,28.85417485411,1,22.6443947062575,1,28.1331994817042,1,23.0560005132983,1,23.5171402179559,0,23.8650500778829,1,25.350555730394,1,23.037074532323,1,21.3750271396368,1,22.842536220872,1,23.3160256988431,1,31.1499288354073,1,24.6585580581808,0,25.2945491811439,1,22.8359184341485,1,22.8764764687978,1,22.8022151162336,1,29.5155493589622
1,33.2537711140561,1,33.5026112126048,1,20.6901203146714,1,24.4251915852723,1,25.869482153239,1,22.5111827858085,1,23.2409831349652,1,22.0058773237076,1,22.5994644077397,1,32.083929358449,1,23.7904407012264,1,34.4139080667908,1,22.8666763637651,1,23.3841618952656,0,19.2864880820892,1,32.8960744017976,1,22.092610291925,1,41.4822156444625,1,22.6707353220373,1,21.5018732397294
1,47.7979229441639,1,36.1848365552858,1,34.1517612770526,1,21.466316091829,1,28.7661562835846,1,20.4187877687932,1,25.4461181366094,1,28.8078727253928,1,23.5814100261406,1,24.0765038312446,0,24.1795595187378,1,25.8004290283782,1,22.1152150086693,1,23.0246432353876,1,29.9639474585545,1,23.657268494103,0,22.6327876864768,1,26.2583835773289,1,23.5847091485857,1,22.6395563279111
1,52.5657373195569,1,30.6390203185623,1,35.3064958440417,1,32.2310357358035,1,23.944559817082,1,23.0064711865803,1,22.8593319985145,1,24.5083004967702,1,25.1085034152351,1,23.1770024810782,1,22.9140981473618,1,24.1023032510873,0,32.2150405821812,1,22.686546294136,0,24.6935614661587,1,20.9749752603152,1,32.9222289042715,1,32.5328311558476,1,23.4511054713464,1,22.9906966125399
1,41.9004669083167,1,38.7907682116659,1,27.7856242817827,1,25.9805598352079,1,19.6093297101587,1,32.1971397316755,1,24.7400808121865,1,22.8669508792932,1,25.7653061559835,1,22.1036027539273,1,26.1054925625135,1,22.5014765394191,1,28.2332150524075,1,22.4714597034808,1,23.669324254242,1,22.2111426758058,1,23.0713528811755,1,32.5867345138318,1,25.5234406680108,1,23.4100723781894
1,59.2059308940586,1,30.7384687278411,1,25.616642807771,1,28.1096123354584,1,28.4515706201383,1,24.3267500098565,1,22.5888609737921,0,31.6571359038685,0,25.0673079440402,1,22.933330941632,1,22.478817003256,1,23.2853338320276,1,25.1585344362758,0,24.5216115514036,0,23.7743681974316,1,21.9880297032466,0,21.2482886291216,1,26.0403108573453,1,22.2466157457637,1,23.8344319010591
1,37.1022457588145,1,32.8328038467498,1,23.1608950388226,1,24.34631668067,1,33.6808058489578,1,23.4166713991904,1,24.9042180607266,1,37.8623190356184,1,21.0761265749612,0,22.4721267289024,1,22.2099855615088,1,33.6885284135387,1,29.0883757335298,0,23.0919667437025,1,31.509965986268,1,24.1213409285104,0,23.0350329926602,1,23.4629355737185,1,23.2980281527359,1,23.2041867970234
1,37.9142920097407,1,28.1868113187361,1,24.0357590127086,1,21.9022612753461,1,22.9131086603318,1,30.9326406040982,1,39.5155223483534,1,21.5156057072298,0,22.6476093744126,1,24.261825664609,1,22.8040398794876,1,22.5811486735109,1,26.9473789894033,1,23.00890630891,1,29.0484244380951,1,22.559585896282,1,30.7419358812922,1,24.1347318228829,0,31.1793083439787,1,22.9590210880691
1,35.3569354837488,1,26.9332665505016,1,26.346273357048,1,25.4651956683703,1,21.7150051201305,1,30.4670660241644,1,22.6129345578942,0,22.8965700798528,1,24.1050468992304,1,23.0011323940257,1,27.3726139717784,1,23.0125118781073,1,24.047462672779,0,30.1198145557803,1,22.4738117699103,1,22.5953798234891,1,25.5287901043051,1,21.9987611356739,0,23.5984969069986,1,21.4021246118487
1,32.216942842115,1,25.6555533115959,1,36.9535600173722,1,23.6089006242577,1,21.9164465044461,1,23.5711905438176,1,29.7370079310689,1,23.1988609663085,1,28.6257731179274,1,29.206590249899,0,24.2812697864617,0,21.3283298786669,1,27.7951322433036,1,24.7191563765798,1,22.086420109877,1,22.1259780055235,1,24.1849281812325,1,20.1734131513392,1,23.9362362425989,1,21.9301666610988
1,53.3570683195128,1,34.3442423268446,1,24.5785818511614,1,24.1249418115848,1,23.9153540002373,1,26.5839204280641,1,31.2814893386045,1,21.5447130556035,1,24.4946861900217,1,21.4525913388422,1,31.4017953828836,1,41.1673725564179,0,29.6959672565148,1,23.2497032105111,1,23.2998262319102,1,21.8732240383266,1,25.5240574235995,0,22.0748832421527,1,20.6673001498693,0,24.9204961928332
1,43.8880420679033,1,27.033710185305,1,23.1766096312717,1,40.1577053189341,0,25.8313686957301,1,22.4290644754998,1,20.7938451290781,1,21.0792818620854,1,21.3327160860241,1,24.5321379871419,1,22.5914785316903,1,19.3005889561271,0,23.8291066041556,1,26.2138651682746,0,19.7229790919436,1,31.9430402057071,1,21.6179711637233,1,22.8281713536552,0,25.0115111317796,1,22.5283732388143
1,44.9452635730785,1,28.7148616978034,1,34.2454217474115,1,36.0291297113142,0,23.2691392433628,1,21.2173467470478,1,30.7195779794304,1,21.7074833419497,1,22.1927712043163,1,30.5974667877069,1,21.93403768494,1,21.2549104123895,1,21.2075521112886,1,21.9643581361686,0,21.1776549778969,1,22.1131175659017,1,24.5829745651874,1,24.0973886045466,1,33.6953731460583,1,41.4036841627813
1,51.6770481426632,1,28.9500412095488,1,23.7401449174829,1,23.2026980950449,0,22.0568880643677,0,27.1358788514415,1,25.6072560145514,1,29.7493507836453,0,19.977542308865,1,20.9792060233327,1,23.7363567343253,1,22.5928934443606,1,21.200547873915,1,30.3290468489789,1,25.4899335133097,1,20.4686846972746,1,21.9643494896809,1,22.1711722027377,1,23.0968183090086,1,20.6937330403529
1,36.4782532063332,1,32.0171155702499,1,21.6252256644288,1,21.8109763453139,1,29.2142785068967,1,21.3688739416282,1,21.3784877317431,1,21.6563618875614,1,22.942702531492,1,23.8692289730243,1,22.5665747394075,1,23.4976211499883,1,33.705762615912,1,25.2356700064876,1,22.6258664425266,1,23.0722299305893,1,26.910842734703,1,23.3095972529168,1,23.1088776152368,0,21.3069329314008
1,45.4907541021222,1,29.6025662531191,1,30.5054724037646,1,22.675639693027,1,21.9759118026998,1,23.4912262878477,1,22.4870207526774,1,21.1188792456857,1,22.9426694907525,1,22.3381441675768,1,21.4804674284963,1,28.3575354704853,1,23.6748761784659,0,20.3421360024927,1,21.6553245533588,1,27.2910187764069,1,34.8098031521757,1,23.5967368210007,1,29.5943188681232,1,22.6837068675619
1,39.3043935322948,1,29.7220305398226,1,19.9004169657796,1,22.5441101062289,1,29.7478054741406,1,24.5257320777015,1,22.3855636088843,1,22.3858394772727,1,24.5507507340783,1,28.265267941147,1,30.003036403376,1,30.8353882302389,1,24.111595507908,1,24.0640882505744,1,32.9833162683109,1,30.1479556373447,1,24.5546078118185,0,29.6063687433998,1,25.9484529659948,1,24.276120072567
1,42.4036079138877,1,25.322721945717,1,27.2469096443402,1,27.4396941590859,1,22.0926532372483,1,22.8009456868231,1,29.2966920562353,1,31.6699323848758,1,22.0753609481522,1,37.8793784115716,1,25.105468723386,1,30.4613626079745,1,31.5842367001473,1,31.1641118961435,1,21.1709930611984,1,24.083492834909,1,31.7059461178963,1,24.238369181377,1,23.8629461537178,1,21.406369803076
1,37.1135527742506,1,39.1303942008484,1,26.2189410647785,1,24.0471235843723,1,24.3885865009661,1,24.970514799429,1,31.1073428943546,1,27.9209497804531,1,29.6671675147144,1,33.3151341220523,1,23.2088938374158,1,23.2377092626132,1,24.4460376390197,0,24.0491381556182,1,23.9948868663128,1,23.3657358482092,1,35.6611672722395,1,24.8924148502816,0,23.9363717324826,0,24.5812508439891
1,46.7744594543844,1,29.7626902127537,1,35.0463287028587,1,24.7035026325076,1,26.988459955325,1,32.8615091888186,1,24.7754218817659,1,25.2963832226859,1,31.7621318608464,1,24.861869035492,1,25.1333898203995,1,24.2145981670904,1,23.7089089677206,1,23.3850935694617,1,23.4978741205343,1,33.5519942531836,1,25.4069270028934,1,22.3753071210521,1,33.4556147306995,1,30.4039949980496
1,32.0769898183182,1,32.9678675935038,1,20.0269750836841,1,25.4402725661252,1,22.7252801746391,1,31.6922988553463,1,25.3585697309179,1,32.4273718083645,1,26.8730322324585,1,23.8757454903524,0,22.311984296885,1,33.3454492425644,1,24.0975640781323,1,37.7046526111196,1,24.6447385442765,1,22.467596002137,1,24.230042376449,1,30.8955292782575,1,25.8166609456874,1,24.2836342260357
1,37.2454790580263,1,27.4201056805958,1,25.8417916400359,1,20.0047891165803,1,26.9002862616039,1,21.3116805738947,1,23.3732122166969,1,23.766362322616,1,22.9097296329932,1,31.1186269230193,1,22.8165102478585,1,23.6466714264727,1,22.1547749783154,1,31.7210994248882,1,23.3340011723829,1,23.3831210896519,1,22.6629268599278,1,20.8092862121371,1,23.1058833070442,0,29.0102996086095
1,32.4268488937443,1,26.1440856462471,1,29.3817595469614,1,20.467582203258,1,45.8902478919011,1,27.5090318383216,1,21.1333464489253,1,23.5243324668725,1,23.7777863688099,1,21.7310822297414,0,22.3216197306226,1,30.1857426920682,0,28.5268054618896,1,22.9593439968105,1,20.2798772212525,0,31.0683531369868,1,20.2311516623566,0,29.2211999953672,0,21.5702435580624,1,25.9694391994083
1,44.6776936636382,1,26.8173240064657,1,22.205119037412,1,24.1833168407362,0,23.279689933572,1,40.8160910637585,1,20.1518721755107,1,23.4645671928483,0,22.043080334187,1,23.2369565931693,0,22.4872515335016,1,22.6884992251065,1,25.6465712555123,1,25.6978366240658,1,22.329430436865,1,33.3443845251003,1,33.9061097513083,1,32.3090062416957,1,22.6712451472321,0,21.9219388122871
1,38.2403779611108,1,26.2381433885245,1,38.005300802779,1,26.554431103271,1,31.323377777043,1,24.1980146349099,0,28.8000587410077,1,31.541237834055,0,20.6615548375194,1,24.0731330015738,1,34.6163355800871,1,22.9722527979918,1,30.4898235264501,1,23.8572479845982,1,20.7591439769053,1,30.6516602062702,1,28.7166230315392,1,20.9757624476762,1,29.5109323214266,1,23.6850755594512
1,38.4861543996562,1,34.3768233448453,1,24.0112450602628,1,22.2726332449481,1,26.7004121282894,1,28.4503041272894,1,30.6728976358839,1,24.9649665380187,0,23.4123516822873,1,21.6313225462197,1,26.6066192628051,1,24.2043212573076,1,22.7374950934723,1,27.5144144795398,0,25.8631368641333,1,24.3261636118238,1,23.5687510677972,1,22.0655506882214,1,24.809416840673,1,21.3766689053814
1,37.8443803173688,1,28.2005593563938,1,36.3081581557785,1,20.7833410493616,1,24.1064325758999,1,21.7448919457201,1,22.9829843898499,1,28.8025321140874,1,22.3270555815506,1,20.2316533931426,1,22.6249354583161,1,22.2969692831839,1,40.0988261317093,1,20.2535575025627,1,21.1628057570783,1,21.4678724624292,1,21.1635794184391,1,25.932594748367,1,22.8197640066678,1,24.042003368782
1,40.6179107482369,1,32.764767619742,1,30.8566736515271,1,37.2913764525894,1,21.4925332970554,1,40.3570568560823,0,22.5934505416177,1,21.8791944747525,1,23.3004008355711,1,23.6673537699117,1,23.1341955861394,1,23.0202419438869,1,24.2905486756444,1,25.1716606957015,1,22.111915719492,0,24.5086364294572,1,31.3755028348406,1,27.4988740387837,1,22.1923793454516,1,23.5848520957886
1,43.0382234731995,1,39.0639047627788,1,28.7243449306825,1,31.661951273007,1,30.4504482427288,0,28.0474201032037,1,22.442968033218,1,20.81569405782,1,24.2032862958985,1,27.6462931907944,1,26.0127753039966,1,42.9666080488856,1,31.4525221711406,1,22.2739532057365,1,21.1508226157344,0,22.3166363558561,1,24.0373579677147,0,23.9808613629038,0,22.6774536661007,1,23.7238517352232
1,36.449210493021,1,21.7708200182709,1,21.8020430066752,0,29.5346225152713,1,23.7285731280414,1,22.1742357301408,1,37.9292478724389,0,23.1633840624163,1,23.0256033112648,1,23.2940222254798,1,22.2170856206436,1,23.2553939588527,1,27.2321753984635,1,41.6754100285369,1,31.0636949026817,1,24.9414177305434,1,31.0911031952032,1,23.0419705040341,0,22.1782892358315,0,29.8395515422248
1,44.5919694026328,1,33.9815830015178,1,26.3118940210221,1,22.1122377866099,1,23.1437888106004,1,20.5545595024288,1,23.6198107989432,1,21.149651471158,1,23.5068026445755,1,22.2140720240165,1,23.1849644075926,1,23.3609398588821,1,24.7621769721236,1,29.8239339768043,1,21.8440116533683,1,22.5485309858372,1,24.8462982425404,1,23.433719377002,1,32.7694836581701,1,22.3449601960503
1,30.6106025217565,1,28.047755182352,1,29.7107570064448,1,24.0081430293141,1,20.8333029861203,1,25.720749259816,1,28.6559732266419,1,22.8352059582181,1,22.2941048288253,1,23.4901305461551,1,21.4476287503764,1,20.6382549712331,1,25.2224722413813,1,22.7417453608577,1,28.9215681599147,1,22.1888747797929,1,22.1630333719448,1,27.9034386438327,1,24.7285420628767,0,22.6073448720949
1,38.4661924666535,1,25.6474374784627,1,30.0218105917439,1,29.5205908077754,1,38.382429272189,1,23.2843971412246,1,22.8787357354861,1,22.1594767758961,1,21.4565215536184,0,26.2423511911665,1,21.381972618306,1,23.5594581048514,1,23.2568929496759,1,30.532794526681,1,20.9805230762543,1,25.4087635961833,1,28.8261546018471,1,22.8224842740487,1,30.9651209500365,1,21.5442476033834
1,37.3464980572134,1,26.4117587920296,1,23.5410313321327,0,32.2472931923436,0,30.1273593500133,1,25.8867494674456,1,31.2381876681848,1,24.489636376039,1,27.6757720451461,1,23.4060667666485,1,29.908480680189,1,22.5645837681585,0,22.5794252778773,1,22.8411815968689,1,30.71595184038,1,23.5191054408961,1,23.7367928247193,1,26.0524775790237,1,27.5931656243879,1,24.0812476239684
1,34.3146290515094,1,26.8286013453127,1,21.4071825179772,1,24.8223530473736,1,20.6051872805087,1,28.6386584039476,1,25.7721559668331,1,24.6264962237658,1,25.0120775928921,1,22.2177612314454,0,21.8077821750585,1,25.6198345414942,1,22.5904782769418,1,29.930447910999,1,24.4147409270057,0,26.7613896743484,1,24.2496319838797,1,23.4015824760063,0,30.3420470757784,1,21.7429165125794
1,32.5952986356123,1,23.612471979295,1,28.6352698770217,1,21.4789908952863,1,27.2156793460386,1,21.6177700928568,1,28.6860900646894,1,26.2429285709315,1,24.2666766449604,0,21.5555452131621,1,21.6984177021188,1,21.797487773215,0,30.1826388052215,1,22.2972586510267,1,23.2392416679509,1,42.9446633930694,1,23.026004683153,1,24.2364569633619,1,39.5328606255878,1,30.8278546498914
1,45.6704658536182,1,32.1853276058537,1,25.9069788213157,1,23.6586660183805,1,22.8258015107286,1,35.6492267411919,1,24.4445199330145,1,21.2106163716191,1,22.5474135471233,1,31.8178591304449,0,21.6481222747068,1,21.8526451876685,1,31.1422204735947,1,30.1311114601581,1,22.4502880178622,1,23.2679064986755,1,22.8494993909986,1,26.7791632216504,1,25.8992327769666,1,23.6970461134464
1,38.1986843303594,1,24.7333421981832,1,29.2627119872119,1,39.564885245975,1,31.2512761928458,1,25.1058197199196,1,20.8953868452252,1,21.0585146009203,1,23.1816049430279,1,22.86061500066,1,21.8548686910057,1,22.7056917996655,1,25.0922357436483,1,23.6237771679289,1,32.624175336488,1,25.6465947311117,1,21.4549951812243,0,34.6150544952257,1,21.8836239401379,1,32.9832487936689
1,43.0204331924082,1,36.7306305069267,1,39.7943435420186,1,31.6298052697813,1,24.1154865830375,1,23.5261033166011,1,21.3849289387731,1,24.1762887085562,1,31.2766970447568,1,22.2400078048012,1,27.124437205929,1,21.0180088230145,1,22.9085267001155,1,23.6415087902723,1,29.143627411556,1,24.204126266893,1,26.3856210022884,1,20.8701690214102,0,23.2561360687867,1,24.1112120566545
1,44.8219450992306,1,39.8092806525839,1,25.0251410793761,1,28.0948192062788,1,38.0062661863408,1,22.5504094812106,1,19.2829567576265,1,23.5682413066137,1,21.0486151602943,1,22.5189314986744,1,23.8619895643312,1,25.4824747093972,0,20.5885955750063,1,24.3057271728101,1,22.8498089495398,0,24.8628434283444,1,25.6372238785944,1,22.6825842117185,1,23.0747195784,1,24.3913487545182
1,47.7962284033839,1,24.0067768548061,1,32.6195766939502,1,29.2349291974885,1,29.2501572995857,1,27.1976043937609,1,27.8015429248311,1,21.1361247647703,0,20.2062883266955,1,23.2690314979111,1,21.3938842410253,1,24.1861279910315,1,20.7686452115849,1,24.0070730534586,1,22.7860224325682,1,21.9531936143371,0,22.6010545852538,1,21.6077956265248,1,22.1982140126979,1,22.6015688110018
1,60.2789639044402,1,30.3134269837997,1,28.9607233692978,1,22.8238470902738,1,38.89598760844,0,25.2463221063459,1,31.9948586286343,1,21.2535329927861,1,19.9948943106368,1,26.9421599249038,0,22.3258355645116,1,23.8499933223943,1,22.6773296577236,1,23.1407722069463,1,21.4586926961545,1,31.6728978685562,1,21.422668231294,1,23.0318906836982,1,24.0435852969304,1,24.3479264871247
1,31.4626062940837,1,35.3222183884745,1,27.284501855162,1,30.4740171415212,1,23.0043936742408,1,30.5642606030629,1,22.1538060418963,1,27.7667120651311,1,22.9130037037633,1,22.7016023815859,1,24.6262089347468,1,22.1965370547458,1,31.8327344293796,1,38.8125434569297,1,32.8379464886142,1,31.0539100235958,1,23.357962425687,1,31.8194425765112,1,30.6892054397596,1,22.176993368217
1,35.3726883815342,1,35.4284722671676,1,29.5102766532499,1,27.7142957638335,1,24.8248196628616,1,21.630872485991,1,20.6942297106083,1,25.1878927185924,1,21.0862357235451,1,30.4093411414442,1,37.4017328968008,1,37.6730059168325,1,24.1089011113565,1,30.5966402650664,1,23.5250943480712,1,21.2404227016401,1,30.66655533784,1,24.0802101568037,1,29.6016431241133,0,23.1281111513003
1,32.257370947375,1,29.2474911546497,1,29.7024489431535,1,25.9581468397483,1,22.8463868730384,0,22.5829107049451,1,20.1348349510214,1,27.5611840271442,1,23.4552970928813,1,21.6684431314948,1,24.3462833662639,1,23.6760212129299,1,29.3568460493002,1,23.4003628858414,1,23.6937536781727,1,23.1623676295845,1,22.4126201922565,1,22.5740809558438,1,19.271510801278,1,20.7560291393896
1,44.675844725357,0,27.4379673734595,0,26.8756679886759,1,23.8263346691921,1,21.7771563949576,1,24.2842102218911,1,32.6211953640416,0,19.3839703535974,1,23.0941046347526,1,30.3339833351139,1,23.4414207291788,1,24.261806001871,1,21.8829159152819,1,24.5424185031491,1,21.5893702289501,1,29.424704320105,1,22.7524558513296,1,22.0370300019985,1,23.7798453430191,1,23.2028942571702
1,38.7597269903694,1,27.459372253383,1,34.3874445849503,1,36.0427559834907,1,31.0030804626249,1,35.9687936041914,1,27.0721252564132,1,38.140873522889,1,29.5423367953194,0,20.773660260797,1,23.4491694431567,1,24.5960050532307,1,22.4117458437391,1,30.1216931058553,1,23.0962851799354,1,24.856049605506,1,24.9696199083244,0,22.2842256527843,1,32.7074997274265,1,31.1260967448265
1,39.9290602114208,1,32.4268689568789,1,31.2116789786718,1,21.3978197409226,1,28.8548041515714,1,29.140670540937,1,24.1748111813819,1,27.7820990011789,1,30.0777877078255,0,24.8251523369305,1,25.3049987242853,1,25.4362201863603,1,25.5940935709725,1,32.9217453679886,1,23.9678272579018,1,23.7945435323751,1,24.4943680972666,1,22.8918430986866,1,25.3336572007657,1,22.6268553408535
1,40.2399090505503,1,29.1186063131933,1,27.3405101165078,1,22.7660463999963,1,35.4603755655111,1,24.134794611704,1,22.0195266544283,1,30.3620020019384,1,29.0308513214108,1,22.4312668274318,1,22.4076565816962,1,26.1283270126539,1,22.6084428970673,1,23.2150617848622,1,23.9173383331965,1,24.2835875840891,1,21.1341301275537,1,24.170506011291,1,25.7048558451032,1,22.9585737979071
1,44.2457968159875,1,26.0367541488102,1,32.1478672257439,1,28.1744264096938,1,22.1544486072073,1,23.5447158624704,1,22.2110276634427,1,22.1258435152113,1,22.2188828918529,1,24.812143427563,1,30.8138651343264,1,22.4717616852735,1,22.1151028499807,1,22.2373962632078,1,27.1412921907785,1,22.7335289018915,1,22.7695495826739,1,23.0738328237887,1,24.7340367698925,1,23.2855919392299
1,46.0475773090074,1,23.7659930620497,1,24.9599977476467,0,22.3892902518932,1,24.3914132381902,1,22.249890102923,1,30.30472014323,0,24.9620568784245,1,22.0697924509057,1,23.0366862924045,1,24.51623488015,1,31.58166701871,0,21.3589140356995,0,23.8512673954397,1,23.8889170194753,1,26.2873350510085,1,21.9759066435682,1,23.0408402443387,1,23.4495033712408,1,23.1851481811589
1,44.5130893251176,1,24.6518061680361,1,28.9413168911039,1,40.0114819076035,1,23.4580015295079,1,30.8794979420023,1,28.3940991010472,1,27.6297854270191,1,20.7833161582567,1,21.9138231788001,1,22.1475233886818,1,22.2526398526059,0,23.6150548080787,1,24.3477952339328,1,22.8433285825501,0,21.8215101606997,1,23.8289978729144,1,22.9489691970577,0,21.5926912051209,1,30.775487635164
1,42.1492379495927,1,21.9071748465179,1,35.4610612678681,1,34.1355689736365,1,30.1523787920865,0,31.9873014871717,1,22.6923953988104,0,19.8761172854105,1,20.7771664135359,1,20.5895288797113,0,22.071817820867,1,21.7904726078733,1,28.017960822266,1,29.5892888081405,1,30.1211214166966,0,19.1651613106791,1,20.3693925643536,1,21.3319571183195,1,23.9522267928801,1,22.0050954889594
1,40.9548212540364,1,30.9624035460574,1,22.5468387143021,1,22.768926730625,1,29.454846440543,1,22.3140267419388,1,21.1897032020753,1,29.7617229603218,1,19.1097888778944,1,25.068242257735,1,20.8211244426261,1,20.862018586073,1,28.6848583273979,1,22.7938308317348,1,21.737370372424,1,22.62225551877,1,39.1772581952092,1,20.898608954819,0,21.4997467226755,1,21.7458507603449
1,46.8644171129304,1,26.1949907068298,1,28.2098567412473,1,24.1830248625018,1,22.5341769793233,1,28.4952256554376,1,22.698565726659,1,21.3084759818854,1,21.0298174229931,1,21.0768601791932,1,27.5525648598986,1,21.1964616817193,1,22.2910595000311,0,20.2365539750224,1,23.1654108305138,1,38.5829899985672,1,19.8319740844792,1,21.2992332734312,1,21.3763382327231,0,22.4363513529833
1,41.8841981729144,1,45.9035522701436,1,30.2728364689254,1,31.0075421845789,1,32.7025654510365,1,25.4859177865817,1,23.0150869880169,0,24.0250638772585,1,25.8072940888286,1,24.5426040107369,1,26.9014452433013,1,26.4117841679718,1,23.2020570856931,1,23.7464802179585,1,31.8220960751834,1,23.8396198926492,0,22.1349872645253,1,24.8114539147973,1,31.0802082674973,1,24.8535041756123
1,41.7450916490207,1,24.8694750920643,1,22.0478296118616,1,22.3418675917258,1,28.8236957409086,1,21.0869255585005,1,25.0563692146013,1,21.106427252921,1,25.9433084773855,1,24.2560076111514,1,21.1194597255661,1,24.6403554653909,1,24.2245353836176,1,25.3295982921464,1,21.8110843792939,1,22.3754736471666,1,24.1118073385243,1,21.2493724933651,0,22.3997934893942,1,23.1692904208707
1,46.9448589551175,1,33.7861432111808,1,26.4486630827065,1,21.9861110171495,0,23.5926970808952,1,28.931068961673,1,19.9468638328321,1,27.4034934723254,1,29.5316524979816,1,31.2758854694701,1,20.5794676566523,1,22.8881723947078,1,21.5172769810133,0,21.8516579903236,0,22.395307535661,1,21.4458715050021,1,21.4483941402099,1,31.5649371513135,0,20.5371451106269,1,21.9133275130497
1,41.779982557875,1,28.481753628121,0,33.6558512814822,1,25.648748752168,1,26.2878393370079,1,22.8460770381681,1,22.7940144270329,1,28.9446286297542,1,27.7480315113528,1,24.5797587792346,1,22.2588120433258,1,22.7434920609774,1,23.8395316703791,0,23.8699641416238,0,19.4274196454483,1,24.7748613630057,0,24.0922653039799,1,24.5187884823439,1,21.9336887597601,1,23.933153693504
1,42.9901903289933,1,21.2690176836056,1,21.8718685388794,1,29.6392744961879,0,21.536248254288,1,22.1362963237064,1,26.6980874770473,1,23.7394637194168,1,23.3371304008901,1,24.3555559951676,1,23.4530958491273,1,24.8434752115445,1,38.220700769388,1,22.7340079784322,1,28.9578338974908,0,29.3334538639313,1,25.2102975876132,1,25.0070267016315,0,22.1298353369874,1,24.420835803097
1,38.0628922498904,1,34.7233262650259,1,26.3328631261661,1,25.3909748778571,0,27.6088896714045,1,24.548668820262,0,24.8285353113632,1,21.2873143236213,1,22.1253167372452,1,21.7140230204428,1,23.3730046762384,0,22.8509604098967,1,22.6648742866769,1,36.7599330658859,1,22.8605231971325,1,22.4472663444597,1,22.2318531859965,1,24.9090554952714,1,24.7869233243566,1,23.5860470572723
1,43.7460943519088,0,30.0578207620137,0,24.163635705836,1,22.0926175166487,1,22.8533255309569,1,21.8377334214343,1,20.6430462993772,1,35.2872786183885,1,21.7106044483502,1,23.0061184806151,1,22.3409142909711,1,22.137769737318,1,22.4010328639255,1,20.6873704516106,1,23.4854033406208,1,25.0022950891482,1,22.8253186319822,1,23.2548092748791,1,22.1935270121021,1,21.5886917408451
1,45.9420317576604,1,32.1748459690465,0,22.2205681763122,1,31.0392037620473,1,20.9200404751304,1,28.0273603254653,0,24.0437221194806,1,22.2340418038307,0,30.6368912794427,1,23.1818257716479,1,30.657800680175,1,29.0998729586027,1,29.5848747539196,1,21.1646233051604,1,23.9577720038003,1,23.5231343832624,1,20.9953750505984,1,39.5647425947031,1,22.9913383446283,1,24.5509727636331
1,28.2366849960634,1,29.9053501897021,1,32.3627867070784,1,29.0882300637033,1,23.9547803524153,1,22.3808894911601,1,30.3489863854294,1,22.97228256925,1,24.7822673174317,0,20.7792808946225,1,21.1514872324318,1,29.4529440067564,1,23.620905375939,1,25.0308197578095,0,21.6347623893041,1,25.8321503507809,0,30.2598413477515,0,32.779974988456,1,22.5328265535501,1,23.0554305216791
1,30.8711941947826,1,26.6858190182246,1,30.2876266339473,1,37.8572410762748,1,19.8221711225809,1,32.1935440872346,1,22.1768876700752,1,34.2628326193987,0,21.0648799369315,1,22.7934585742719,1,30.4308133388383,1,30.0671259744473,0,21.4907992160543,1,39.3098155872238,1,23.3581819071715,1,22.3480548451774,1,19.9080035267871,1,21.9183992835683,1,22.2103204080636,1,22.9095211501317
1,45.1959394510511,1,24.1597101486677,1,21.1767070159017,1,21.0011489075788,1,30.8159077883566,1,27.7164646143793,0,23.3058829059249,1,28.2722076649679,1,25.8844493650818,1,22.3007319189461,1,32.7324946747627,1,24.2195478872728,1,23.969855079045,1,32.470536414883,1,19.7827948232483,1,25.2587928015798,1,23.0805864536683,1,23.2176374663535,0,33.6299917467514,1,30.1127431146226
1,55.3416547641547,1,33.5009611765878,1,32.2540343199316,1,26.7639731621492,1,22.1020857626614,1,23.0013614169266,1,25.6986278370073,1,22.1100242591238,1,20.4341008752295,1,32.9426904620259,1,26.5795305553666,1,26.2900018628528,1,40.5305000106287,1,22.5950636627285,0,30.8299592287491,1,20.9432798883166,1,22.3403858754376,1,33.2806338940571,1,22.3999396041267,1,21.5370057236877
1,37.6820812554642,1,20.5467591982576,1,22.0180311100897,1,24.7989146106914,1,22.2286587315035,1,24.2710559004399,1,22.3845711641485,1,25.2952250516163,1,21.6316405919313,1,23.7634759080276,1,23.5824364438421,1,23.4900682307576,0,24.8255888389581,1,19.7724307927536,1,22.1289001778229,0,21.8919948812954,1,24.4831043322108,1,22.0579510829133,1,23.6625071172249,1,21.0279916553319
1,41.3531848779108,1,32.55467932287,1,24.7076231249166,1,30.5339284043398,1,23.5768385244342,1,22.6691581776295,1,24.6477941542814,1,24.4587423974596,1,23.7035475528758,1,30.2737379891146,1,22.6055953119226,1,24.2847873397298,1,23.6112660234506,1,23.5521812152981,1,22.4886106713356,1,25.5953382966704,1,32.3874166464906,1,21.3312705868659,1,25.0333688190122,1,30.3265126881648
1,49.9024084183623,1,30.3834281228684,1,28.9315661129125,1,27.9346740733873,1,35.4116447566482,1,20.6345635856194,1,22.4560555485123,1,28.9526321958333,1,27.9361594358558,1,20.3859412197744,1,23.3715796030364,1,31.7333326574584,1,21.7248070825932,1,32.859822473127,1,22.3500988957236,1,23.0865406766917,1,24.5433695132453,1,21.3513000112819,1,22.3914559839593,1,20.1854313737073
1,41.4002549235917,1,29.2069714696407,1,27.2517992334746,1,26.7536191984742,1,25.8674368827359,1,24.5539043252582,1,24.6240407091344,1,32.4912505339245,1,21.7596933248147,1,23.3930274361014,1,23.4898101872219,1,24.5049075255173,1,32.2977821337256,1,30.2658495830446,1,22.8662398240807,1,20.8440537977917,1,26.0653888910951,1,21.6123444255242,1,33.9997140208787,1,25.8126815537699
1,32.5773640326032,1,28.3248571500872,1,25.1138827235071,1,27.3069269346341,1,25.2284278168165,1,25.4953482065487,1,23.6235567657368,1,25.670100515612,1,23.7298473202722,1,29.077056310239,1,25.56170744139,1,29.4447105352491,1,22.0575105315639,1,21.9291159400436,1,22.1190808606487,1,23.992321517534,1,22.7396567322463,1,39.5385240875204,1,32.8856525300491,1,32.2924465740995
1,40.9282537230598,1,25.3031684639097,1,20.8003649829014,1,21.3110016992995,1,30.7948169732831,1,28.2616407399034,1,28.5050753330995,0,22.1082265729513,1,28.6888628432425,1,19.9836818791191,1,28.825021182684,0,24.923845928625,1,23.6465595849407,1,20.1500437306559,1,23.2343199082093,1,22.8039771846317,0,22.3973220114249,1,22.2372061996421,1,31.9992836699332,0,21.652546041617
1,47.5598705557284,1,26.1132884114101,1,22.5463856132018,1,25.1471806490221,1,24.7857551638875,1,23.7725184031142,1,20.4199278651966,1,30.1231167405671,1,23.574781603111,1,20.8191138603373,1,19.6184680965644,1,21.2192140385303,1,22.6898736526737,1,22.5331339181792,1,21.2633781585781,1,32.0446042217688,1,22.7505456912093,1,24.1374084950487,1,23.3685228744265,0,20.7804543668052
1,37.8109595386242,1,39.3912337451015,1,22.2805927116844,1,22.5621105632938,0,22.1742671900014,0,21.6877793017625,1,23.0046179127866,1,36.6827548450238,1,30.8088664489471,1,29.5528608471901,1,21.0320636967918,1,22.4074219844893,1,33.9171721605447,1,22.887675343135,1,20.4768288130264,0,21.2118862816803,0,21.5563933892454,0,20.2123161551844,1,20.3303719676307,1,23.5125475644947
1,51.6490342081184,1,27.6231726479572,1,27.9972038801476,1,24.4912199972607,1,18.7074866637732,1,27.8231269191217,1,32.7035566129673,1,31.9194198442183,1,24.4153907027929,1,20.3279769104512,1,30.6964894616589,1,32.9483897661393,1,22.2564970018187,1,30.8253059494029,1,21.0170789006189,1,23.5804519102766,1,23.5439774211222,1,24.0060819808195,1,21.4290518137575,1,30.7697111849835
1,44.2108210053911,1,34.654204637853,1,27.8850978465907,1,24.1336954066472,1,30.5796479134744,1,25.4104324123545,1,24.1611957383039,1,22.9093901900111,1,22.1387115042149,1,24.7041838743029,1,30.8733647372035,1,22.8384300473361,1,23.0910432885149,1,24.7131005998004,1,26.1614018278467,1,23.4759928744607,1,24.8080892398871,1,30.1611309782459,1,21.0669070100156,1,31.4720641538892
1,46.1291358459604,1,30.1712432294729,1,22.9944059890872,1,23.7307888032435,1,24.6248491832184,1,21.293256410881,1,22.0216062792817,1,23.1868691916426,1,20.1726325327705,1,28.8332553617129,1,20.6882633222772,1,40.068701282169,1,22.9085234592477,1,22.1830581527327,1,24.4753003772213,1,21.2980007821879,1,21.4695375658999,1,25.4101171103486,1,23.4287665139079,0,21.8024656721023
1,33.5686135251477,1,28.5403790965111,1,22.5664801796845,1,28.1106004468494,1,24.7590016330749,1,19.8789183665872,1,24.1203420969145,1,22.9351766625637,1,22.7905022689334,1,22.9171842150664,1,24.0634784955512,1,25.8586615816635,0,21.7247588598905,1,30.2853263835374,1,23.5953400377187,1,27.3390407224107,1,22.4491147056414,1,24.9988206985514,1,24.6677089705248,1,23.7278170770087
1,41.9895462728705,1,26.5878174617396,1,25.6017116626414,1,21.70029984298,1,23.0178245594133,1,26.9344681331561,1,21.6816923401445,1,21.4354450566468,1,21.1491397360208,1,22.106490061805,1,38.6315568694829,1,22.4699238797899,1,22.389306164738,1,21.7408748511103,0,23.4331713540641,1,24.1170055770454,1,22.1566895630044,0,23.410531013399,1,22.4713455350255,1,31.1572536121875
1,37.5484396347266,1,27.5801834159765,1,38.1489913652192,1,28.0050936955753,1,22.7892601679527,1,25.3105112196099,1,21.2758140304649,1,21.0707845178937,1,23.9395996866335,1,21.8190997331227,1,21.3325419236828,1,22.0521863310295,1,27.1800688703869,1,25.5888011760457,1,23.2595737540948,1,24.2134506855073,1,25.913728088752,1,24.4791071737502,1,32.4867719645299,1,22.0103942447613
0,39.3841354104952,1,32.8666258744465,1,21.1368774015545,1,27.4418220235221,0,24.3197882469808,1,31.6569750255864,1,22.4782399154359,1,23.0511190933267,1,35.9265848279563,1,21.6861418604016,1,20.3571386537807,0,39.3927950651954,1,20.4778020846015,0,21.1871070942853,1,22.7030943606398,1,22.4783338694714,1,22.2748791488891,1,24.8618298469685,1,20.5375389568056,1,23.1358482881112
1,37.7203788582519,1,32.9441316290495,1,21.3180106841779,1,33.3985689329564,1,23.5055011497207,1,19.9462744615294,1,19.4748275167299,1,21.2584628406365,0,27.4645724747027,1,23.9360940973015,1,22.101499179981,1,29.9851156731916,1,21.6227808480491,1,22.0261886873798,1,23.4896664021749,0,25.3615379362661,1,24.4918466288467,1,34.2548224071208,1,31.7588538448909,1,24.4716697694506
1,46.3670876302738,1,29.4210849755723,1,24.739074387292,1,23.2011192345783,1,23.2729862229554,1,31.7709701217053,1,23.3669918372987,1,24.152727983683,1,22.4971555729734,1,28.1424943580164,1,31.7521571444763,1,22.6182883203134,1,20.9283401242343,1,31.0438846932704,1,23.7072378455455,1,29.887900847087,0,24.9257424423287,1,24.3590944191941,1,26.6484008850925,1,31.9944187379212
1,59.8909056040423,1,26.5815105261779,1,27.1730345352642,0,20.7416946996752,1,21.79845564004,1,22.4628868621956,1,21.2606719094644,1,21.9850866985177,1,23.8976080569605,1,33.9205443548322,1,20.8347516727428,1,21.9166352724653,1,22.2952736651731,1,22.0901858298151,0,21.3365884518279,1,22.0419224633551,1,23.3062523985234,1,21.8749504760101,1,32.6768198827675,1,20.8005078259784
1,43.2407201669458,1,27.140425437498,0,23.1516616650863,1,20.8742176990073,1,21.0260317611401,1,21.1070452040926,1,20.6058779264296,1,21.6444270696627,1,27.3467743864481,1,24.1182801375481,1,22.6494007318234,1,24.1307199636917,1,20.9384340248634,1,21.4653393354358,1,20.7993297873608,1,20.0693530553958,1,20.2183951204055,1,26.0042039697301,0,23.6279196308154,1,23.0901555054115
1,36.7557100002619,1,35.8811183062742,0,29.9795522630029,1,30.0195376963862,1,31.9002732149656,1,24.3477202785254,0,19.9700022187247,0,20.6710431201905,1,21.8562246512652,1,21.4458091618849,1,20.1735929815434,1,31.8670308769223,1,23.4465597295088,1,22.4495601581213,1,21.7322985546682,1,29.4569942784287,1,21.6975414300818,1,21.8444857612353,1,37.275076026367,1,20.1401568930383
1,34.2853169132619,1,29.9486839980879,1,39.001034956903,1,22.3302132561292,1,27.2251016403611,0,21.3834527595119,1,21.7719850897613,1,22.2915454613194,1,30.2503064206736,1,27.8392133658953,1,30.1242096588268,1,21.4515228061842,1,25.9695334289077,1,29.5018795661239,1,24.197801415734,1,22.5607039767604,1,29.5670094795595,1,21.2280938280363,1,23.9378215547195,1,22.9730140425631
1,51.8650302665389,1,30.2100853775971,1,46.161616829931,1,23.1165714469105,1,22.8911272383106,1,23.4244684096728,1,30.2358241922974,1,28.5437457498541,1,28.129284366977,1,20.6420921710325,1,23.0271518355574,1,21.7638879642451,1,32.7782791786567,1,22.890781247267,1,22.977941342074,1,22.1772167202534,0,22.1962730232107,1,22.5329667356314,1,26.4442570614565,1,24.5181463660097
1,41.0492881503687,1,30.7225361805137,1,28.3551591879758,1,25.7768930141652,1,21.9472834027692,1,22.8838627265292,1,21.8521989271248,1,25.6055597020294,1,21.2842195804162,1,21.6877476644218,1,22.1563259248611,1,22.7935386764936,1,23.0779982855312,1,22.5232724969707,1,21.9293243995271,1,23.4044897208436,1,21.7194321134061,1,23.863848504421,1,22.5947414884298,1,23.4914888242697
1,28.3155904387492,1,34.9161627900708,1,20.5008852216176,1,20.255961433393,1,21.9107420969651,1,22.4013212266721,1,22.070716225187,1,21.5432829342963,1,21.596676371659,1,22.6843502070453,1,22.1241097896809,1,30.2185108718391,1,20.3430560119147,1,20.3436447390465,1,23.5943702157758,1,24.0174328738988,1,25.0087435181009,0,23.749521347867,1,24.4700404475179,1,24.4198351793362
1,34.9307409142916,1,26.9997833150281,0,26.1646485556295,1,21.4039889887883,1,22.4465078992622,1,27.3542941686081,1,28.3098877678703,1,23.6241722946044,1,29.1755182136095,1,22.2472430672819,1,24.1441531343427,1,24.4740552733012,1,20.0610551349123,1,20.320037531918,1,22.5252973406309,1,39.3499085367909,1,23.5116244068736,1,33.2175325597249,1,32.8397350144633,1,24.3471325167452
1,50.8767873755614,1,33.7218434929289,1,28.8819529503796,1,23.0339926846098,1,29.8014732561154,1,30.5164924779101,1,20.596802876007,1,26.7265944104333,1,32.4363151434307,1,25.2142755499342,1,20.6605239614084,1,23.6885730461701,1,21.8649955748362,0,22.8201448076628,1,22.1632515066441,1,22.5545719337998,1,25.5560449681879,1,25.4534435686594,0,29.3151445262128,1,37.3568281023769
1,38.5658818542671,1,36.1859452066913,1,29.1007469601147,1,26.4246901602399,1,31.5263598993393,1,25.5934847854398,1,22.5756604716635,1,26.5316683366101,1,25.3089099900109,1,24.4486593372023,1,24.3368894574181,1,24.0032613575082,1,29.8551833704218,1,26.9696628878633,1,23.1456584616722,1,24.9274841886577,1,22.3827241512368,0,23.5347605647155,1,24.6761255111956,1,32.6295046160307
1,38.1989834197037,1,33.6664529819563,1,47.838793853768,1,28.0184944170484,1,22.5194084160189,1,23.5944802784923,1,24.8678565267941,0,28.2414470549162,1,24.2913082410691,1,24.8840696087095,1,31.805210139843,1,26.2535996081154,1,22.0192996048425,1,32.6861854574344,1,23.5511558157395,1,28.9619316457387,1,24.7366858043373,1,25.2929900317107,1,23.3124628506365,1,22.8845419584679
1,49.855704162923,1,37.9506580262616,1,27.1794483681266,1,41.3675412242012,1,23.0411134630633,1,27.074832915145,1,22.6441024864087,1,29.0233640839043,0,23.8225736280159,1,22.5953186874455,1,23.6012539758735,1,24.6612546653067,1,23.9945614825985,1,22.7696977747145,1,25.5576211035188,0,23.4114000188581,1,22.0318076835232,1,22.7484905580172,1,25.0954048488485,1,21.7933589828215
1,45.3293625307668,0,29.1988631180496,1,36.3383491369175,0,20.209814855308,1,24.1447244379958,1,22.2260144288198,1,22.9284327772602,1,36.8084499026801,1,22.9116884863112,1,20.6172499355984,1,22.2357959842299,1,32.5292963054318,1,25.3788578457614,1,20.5432614358586,1,18.8693258213303,1,32.5261265166126,1,21.4059313707403,1,21.872898913333,1,22.179859853273,1,21.1108323986971
1,53.3993359954751,1,27.0765989066265,1,21.0950730232992,1,27.9248187055269,1,23.677447669106,1,21.460213726871,1,28.0031412355123,1,22.6564933024724,1,20.3736092614514,1,19.9069250959286,1,19.9332407148436,0,21.6064834134038,1,29.1621111073763,1,21.691456177177,1,24.9582286647895,1,23.5097135450054,1,23.0222499191151,1,30.4863961379402,1,22.0629910781066,1,22.8592754260519
1,34.5412504074037,1,20.0338791374415,1,33.0495479495342,1,31.4476848816193,1,35.99907912888,0,25.3877251368294,1,23.8892399034681,1,44.9597749416075,1,20.1988106210706,1,23.0531375480958,1,18.6970566755287,1,20.3493044411022,1,24.5656410194282,1,21.9228942638188,1,31.2045249200747,1,22.8020933288981,1,19.4963482244985,1,25.830183142362,1,22.8592456026572,1,31.3460160463493
1,36.5941217970388,1,32.6152742370763,1,24.6112840953136,1,30.6206213443358,1,32.3887411868343,1,29.4279058513678,1,23.7251676170478,1,31.5435415971127,0,22.2993197259083,1,22.2653704206677,1,20.7915028194549,0,28.2931146323525,1,22.5818136306027,0,22.0340908794483,0,22.6595409676358,1,24.9487217287297,1,24.6640614710535,1,21.7191616563385,1,23.6882373914324,1,21.0363784733779
1,39.4026727503473,1,29.9818533993898,1,23.9428504509542,0,36.4694543565236,1,31.5983231031676,1,21.6353204439193,1,40.9978109544702,1,26.0654040779427,1,33.7120536758363,1,21.865237548924,1,23.4291729051194,1,29.8864516383157,1,22.9433813091481,0,22.4585790521133,1,23.3575382464236,1,23.6144083549256,1,21.3306126905851,1,22.4306781581608,1,23.5379000970794,1,22.7335488895002
1,30.8340327372892,1,26.9704504035734,1,22.0963021240536,1,22.0922459847244,1,33.1444476940768,1,20.8439431419723,1,29.3636558743187,1,33.7691633115124,1,27.2422441884549,1,27.6453041121937,1,24.3174906054275,1,28.3412485136059,1,20.7144216624176,1,29.5963678804568,1,23.6410094878137,1,23.5270976547982,1,35.8305345893086,1,22.4432257145447,1,24.0255484124308,1,22.3583220803963
1,50.31901203256,1,37.0577701853969,1,22.0936731663126,1,30.0077502673278,1,23.3973959484404,1,20.2447772198799,1,25.685927166379,1,25.5716197633507,1,21.6595047699417,1,20.4578203613569,1,24.6191794456496,1,23.9242142648932,1,21.9215733319378,1,28.5618684653909,1,21.4449469016831,1,23.8188653563829,1,22.3801891498784,0,20.7217603156902,1,22.9810208936426,1,21.4361016598708
1,55.2071791670055,1,31.1712531647418,0,23.1841767583468,1,21.2238906111757,1,26.059993182128,1,39.01634638253,1,32.7765618134066,1,34.8834515220574,1,21.4265962557844,1,29.6833092182312,0,23.4982767406371,1,23.0396759326626,1,21.181642552166,1,22.6427509919932,1,31.2049025557303,1,22.3968866249627,1,21.2352657697088,1,24.1689699330194,1,25.459657850302,1,23.6167955409049
1,52.2708062852275,1,23.6300815754689,0,26.8432216336072,1,30.3481496342941,1,32.4924892094018,1,30.6020514493082,1,23.6254833561008,1,22.2721138966907,1,21.4837722082091,1,22.0134311018429,1,22.0211050842971,1,32.9371224470444,1,33.443318480172,1,23.1751249888161,0,23.9615013652015,1,34.2699609611232,0,24.9215588337851,1,25.7391688480852,1,23.2806575749855,0,23.1111826779626
1,33.7410954302895,1,28.0777288010786,1,20.8598584837476,1,22.6551614775594,1,24.8596730688408,0,24.0070850047258,1,26.6487939563487,1,24.073328278331,0,20.3179153174441,1,29.8553741948919,1,21.6178280085551,1,22.3267538055353,1,27.8306381356863,1,28.0101318053479,1,29.2054200704015,1,24.2416911326329,1,24.2654119241784,1,30.9115298396124,1,22.6595118442481,0,22.6621316101551
1,45.0263387922459,1,27.6716487777686,1,35.3071338855839,1,28.3504112273768,1,21.7446945534129,1,22.9606888327764,1,27.0954383644842,1,28.8493194862467,1,23.5778289525167,1,31.0574627835177,1,23.6234498399457,1,23.9643202253371,1,21.8009689038634,1,24.5327108630556,1,22.6275225941236,1,30.2676973872076,1,22.1813614234824,1,25.2333405844142,0,21.8687345977698,1,24.8785068840505
1,38.229404922754,1,24.7689986980139,1,34.219464814741,1,27.4958359843163,1,20.2995209619514,1,23.2580433462427,1,33.184635646898,1,22.8784982853678,1,22.0872015862713,1,24.2740827343721,1,23.1599346164572,1,23.2421882802497,1,23.7358654319396,1,22.6446179791923,1,23.8124741257522,1,23.4609426859389,1,25.342490433354,1,23.1855416911728,1,30.3900189123219,1,22.6082242955125
1,43.1359128823229,1,37.6083369004303,1,25.7069789503102,1,28.3038467077266,1,22.6290071986061,1,22.4785453463608,0,23.3752064711328,1,21.5847267454566,1,22.2092075437525,1,25.3359319184035,1,22.2351892076776,1,25.0533427013455,1,22.7288904984084,1,22.9278990265783,1,31.0017388891477,1,31.3072316636467,1,22.4562890074646,1,32.5065851814337,1,20.8959001317018,1,26.3125340506785
1,34.1909284715611,1,23.8958746440179,1,29.8729848952451,1,27.6376546261054,1,25.9082336648829,1,23.9626512354118,1,21.6614162828191,1,28.4599531554691,1,28.5638962905159,1,28.9973905493201,1,23.0020703089979,1,30.1589606862571,1,24.0030872290402,1,30.1719691357819,1,22.7547235117794,1,31.2410237928565,1,21.2744024137266,1,28.922473567571,1,21.7473195782235,1,24.0974355768046
1,41.6651355876447,1,27.2753812162981,1,22.2258967881777,1,34.2416809765733,1,24.5281231482438,1,28.2109620756671,1,22.0789899434912,1,31.4161060537674,0,22.5261589931349,1,29.7132409139427,1,23.2208643369231,1,32.5508600987075,1,30.2183514377818,1,24.3549714385102,1,31.0141914701092,1,24.3903523487472,1,23.8572533506142,1,22.9613620028542,1,25.2372481835518,1,22.1563118278641
1,48.6811694550839,1,27.5090392117336,1,25.0660545651775,1,26.4094438557094,1,20.2901722053698,1,23.6203111193647,1,21.6649459000033,0,20.0522432198927,1,22.2786111588328,1,20.7230731980809,1,31.055831860002,1,22.7136651213714,1,21.3515776764078,1,32.6218085107005,1,23.7376742486034,1,24.8892136112299,1,23.7750130980209,1,30.6489958632356,1,24.857913541777,1,23.30591049924
1,38.0899751469307,1,25.4828921856219,1,23.4104260825581,0,27.7842429711913,0,32.0331525056871,1,20.642311792387,1,30.9282879004105,0,32.4956472168859,1,22.0784671240957,1,22.0489012972353,1,20.0576479650432,1,33.8183471869429,1,25.8373276876676,1,30.9494939789794,1,20.9291446628005,1,25.2226340675984,1,22.0933056732983,0,22.8975132813264,0,22.916859206906,1,22.8520610122179
1,37.7234246481282,1,53.4044813736082,1,28.8866475709915,1,34.5273586562701,0,21.5845118133092,1,29.2502349818313,0,29.1617018731676,1,29.8947427166081,1,36.6010427428931,1,24.1525882830299,1,29.2707508188464,1,23.7351374035411,1,25.0011210207266,1,22.8717250338895,1,23.6837682418328,0,22.2165128123927,1,21.8141708895283,1,22.787827480981,1,24.8856952475293,1,31.9786243683833
1,41.8490648744798,1,34.1270558547092,0,22.2336138975304,1,25.2924022661332,1,28.7767832591293,1,36.163796926244,1,23.5555317589106,1,33.741317908572,1,19.7718873539408,1,28.629667930153,1,30.7290916387589,1,23.3659998108492,1,30.5142654451009,1,22.9162006348393,1,26.1869509386324,1,21.2568509594989,0,23.4853126718113,1,26.3662970336022,1,22.3098745052278,1,24.6194345755285
1,50.9677472997121,1,23.0395508488827,1,24.6020437609529,1,24.1688304326968,1,30.6511339461558,0,21.2031699986682,1,24.5952019201926,1,31.0144347498245,1,30.456745668612,1,30.6548435977961,1,22.0554216234141,1,24.4042369332349,1,30.170517241975,1,30.6797881128652,1,25.4668463033568,1,25.7440332892139,1,33.5969015889034,1,32.2090942159359,1,32.0578814804379,1,25.0935708679694
1,40.1406625111343,1,35.5290954382352,1,21.9249362381472,1,23.1257983753677,1,20.9303145406845,1,21.6196899931178,0,23.166989010171,1,30.3243567968547,1,20.8316704021294,1,25.3659801410791,1,24.2963819563715,1,23.671556114919,1,25.0139422251736,1,22.6469978748883,1,24.6808820833575,1,24.8557498231406,1,22.6907852461995,1,25.2267165803365,1,24.6002543201064,1,21.1497473544689
1,41.223317705689,1,21.8926670895549,1,28.7003980802615,1,23.8394688210178,1,24.7592383211719,1,25.288006844701,1,26.6656293155885,1,33.7200716741267,1,23.3052596706534,1,23.3517704614112,1,24.2714229332056,1,37.2450965492775,1,23.8796700344294,1,32.1433848737938,1,23.5759605558929,1,21.5549458054436,1,22.3052160871106,1,23.0934482087253,1,24.9832091273489,1,24.8500524818308
1,46.0896804924565,1,40.585460972616,1,22.2083880047965,1,23.7395358799248,1,25.786207452482,1,30.1055773947541,1,31.1572896864886,1,19.8390523731681,1,27.5197102229407,1,25.0941815453641,1,31.6738949488057,0,23.1749407059755,1,24.0763897618812,1,29.9975656757318,1,23.943792166693,1,32.4861597329802,1,23.2470197980037,1,30.0356109892408,1,21.7583668004264,1,31.6445926168166
1,41.464657613917,1,23.7975669478833,1,27.4786837385882,1,22.8807141783625,1,23.5844152028817,1,23.8233921952749,1,28.1497597990918,1,30.8729000077493,1,22.8491853320281,1,28.2143337720268,0,23.5299981769639,1,30.4861826943992,1,23.9394173901708,1,28.3562722193317,1,24.5541529694292,1,21.3497708376801,1,30.5593066696855,1,22.6360090430568,1,23.849312342249,1,23.0184162813503
1,38.2117939703316,1,27.0953029074346,1,39.4978061116505,1,29.6030710051418,1,25.9504781770299,1,27.0854624212662,1,21.3632467020074,1,23.0895319083282,1,31.3965526499248,1,30.8161625119472,1,22.3893470603504,1,25.2891933710929,1,31.0497237978891,1,22.2417026700813,0,29.9436977206876,1,28.1913406650872,1,21.9031649779937,1,23.5013257222277,0,22.4704163530138,1,29.1034425250538
1,30.4389398200613,1,24.1596043846137,1,21.8147250459654,1,24.1444352466826,1,23.3458277219566,1,39.162204749378,1,38.443691386131,1,30.5254637740149,1,21.301288472588,1,23.2371640256752,1,33.9969910810471,1,33.1137198492466,1,24.8840920881363,0,23.6908886602164,1,25.8791046762524,1,21.5945582380256,1,29.5438680870587,1,32.2626133404531,1,22.1349478851689,1,33.2170839990928
1,54.4111992245618,1,28.6186639681239,1,29.8834009468562,1,20.3789940310763,1,22.8581629864524,1,34.1176144783072,1,27.8988276001116,1,18.6324297382719,1,23.9879910892019,0,21.070078824135,1,20.9705572650096,1,21.5398061822627,1,22.4084202194952,0,21.0864035780663,1,35.2984948284133,0,21.030794241503,1,29.6576504447688,1,21.6826503604051,1,28.9667213483902,1,31.5789482387088
1,47.6781519463484,1,27.029055482592,0,21.4141044652953,1,22.3470717943635,1,28.2861404698029,0,19.2096102389094,1,22.9238578699907,1,19.9601231202227,1,21.6106761946913,1,26.5120907878698,1,33.4175040045267,1,22.4547004083859,1,23.2329186443577,1,23.0203666902694,1,24.6860153644866,1,23.6331649645466,1,21.6241694390943,1,22.9459764468453,1,42.248583665293,1,35.2405465968857
1,40.6180125506297,1,35.8920177528887,1,28.5533987688781,1,22.8651830324653,1,25.0455047785394,1,36.4412559235612,1,22.730340895152,1,30.9957197089974,1,24.0449888363865,0,23.8061360855977,1,22.6977353249169,1,22.5698126919611,1,30.2552117186144,1,25.0034958467634,1,22.5432021230225,1,22.7489184856725,1,24.1265564406889,1,21.9010667398427,1,25.4553859814976,1,25.2040468929862
1,42.4721400334433,1,35.3105333109767,1,29.0919397566015,1,29.1689170407882,1,25.1681452344969,1,28.7428182516476,1,28.5449907460451,1,20.8803559559813,1,41.224816657108,1,20.9093693896571,1,21.938399845327,1,23.7697759800619,1,20.9850351320126,1,19.8857432857914,1,23.5556792536853,1,22.3333489951381,1,23.4596259440826,1,21.958312435384,0,32.6217868300367,0,20.1061070938428
1,40.3992478936303,1,28.9755828767695,1,29.9287712122589,1,28.5817435904486,1,21.2825505837765,1,21.8799194399324,1,22.1913418636723,1,23.9758071924023,1,23.5887051009922,1,21.9971460544161,1,20.928427739686,1,21.9022099927195,1,23.1860494059462,1,31.265199551534,1,22.5760740174666,1,37.8617884441611,1,21.8525470176584,1,21.0359165675143,1,22.7291235742501,1,22.9916045051796
1,53.1560463763398,1,30.2087186268737,1,32.7993418824051,1,31.7486859842014,1,24.5946521961656,1,32.7116197975508,1,24.7997359822713,1,28.83987765398,0,21.4432670609578,0,21.9383839112059,1,22.328525399635,1,23.0631354731857,1,23.350006376064,1,24.284240075576,1,22.9604622384643,1,22.5631529806006,0,33.7838647187921,1,21.1699284304549,1,22.6849212768019,1,23.5304632413474
1,39.815158727262,1,21.7229188477241,0,23.4581013057907,1,24.4423746006679,1,21.267419336343,1,23.0367251225745,1,24.1292535179577,1,22.1550584096751,1,21.9805707298787,1,21.5388859449315,0,21.4444348509849,1,22.463611361305,0,23.5675435668367,1,19.615145746258,1,24.1420325525854,1,23.5162476329088,1,23.0119101409087,1,23.1987290375038,1,24.6622910420715,1,22.8161924332406
1,52.5502876738335,1,30.2245485645584,1,21.4178337288731,1,33.847929960482,1,24.7350789066596,1,24.8762753937044,1,30.9399342390515,1,21.9124541025975,1,23.9402328300563,1,23.3369777386499,1,30.0497980161419,1,31.8030146090457,1,21.0238465910404,1,30.8254655934341,1,21.1816506287646,1,21.8249841576217,1,22.0308896634227,1,39.3047910051517,1,24.1785527851532,1,24.6633597381655
1,42.7262367682927,1,21.8413200822479,1,30.2253669312707,1,30.5198354144326,1,29.3944589618521,1,24.022072965703,1,27.5795242918329,1,29.6607720358211,1,28.6669202618559,0,21.783880039264,1,21.7531871460947,1,22.9372130517078,1,20.647386488707,1,22.2920960327276,1,21.3180636711656,1,22.5886873047868,1,28.2666006259593,1,22.570918390842,1,25.6904033604969,1,22.971985179988
1,37.5883772642717,1,22.6037422395886,1,21.3282861063728,1,27.5326289214992,1,25.2779950388815,1,25.3781601704374,1,24.1141249735375,1,21.3974810557071,0,20.617191254929,0,20.4877387145846,1,31.3537737946864,0,20.9278345566225,1,35.4696760546469,1,34.6108396245608,1,24.7663431679509,0,31.2234923963262,1,31.3871760958874,0,34.0604286286376,1,26.9193752220349,1,21.2166518718366
1,43.9743452465935,1,35.2074668314934,1,21.0315864078088,0,27.8396924719953,1,23.8683195521999,1,30.5678356781814,1,29.2321379487532,1,21.7777556884162,1,25.3944966051941,1,24.744120415553,1,21.7791002100776,1,23.2632470394855,1,22.9081620214283,1,21.157240577746,1,22.8485057306863,1,24.826595672378,1,29.5993430756326,1,22.7054104813951,1,22.3621297209904,1,20.0438480242862
1,40.8279911753712,1,21.8726627816694,0,36.4105790313194,1,25.5009969078484,1,23.8337352268716,1,31.8910210917744,1,30.9635487810024,1,21.2339310288895,1,20.7284655856135,1,27.6371097194156,1,24.6113277674332,1,23.061374700827,1,22.1354876976167,0,21.4079304366317,1,23.0952943026812,1,25.4737882327222,1,23.9603612107869,1,34.9285122076851,1,22.2220620540276,1,22.3726295805985
1,35.5866455999339,1,22.6495906697014,1,33.6737875394971,1,23.3454646619164,1,24.7558633262385,0,32.317593432015,1,25.2761522589478,1,23.1753968896494,1,21.4011458996589,1,33.5591833830222,0,23.9167024499681,1,21.1994694731052,1,31.9350464344756,1,22.2153742927708,0,23.1310595169685,1,21.7429476546751,1,32.0873582615859,1,20.3192059868339,1,24.3153376339245,1,21.8105466300704
1,41.6206578021351,1,31.2465772501434,1,29.6959761160649,1,23.9906513282934,1,26.7896719882089,1,22.8259330193176,1,22.1509939832671,1,22.4063180890557,0,21.5670545192052,1,30.8629054160221,1,24.5483768073031,1,24.5004848652121,1,19.8123002309091,1,26.2654028866701,1,23.3265249759727,1,22.5571826305442,1,31.9579493230586,0,22.3646119041351,1,21.531108503645,1,21.4005837192482
1,48.8775693370269,1,30.4969687934272,1,22.7605567444461,1,49.5907996269732,1,22.6915705335992,1,23.6420175962655,1,23.2151492593644,1,25.1953313573971,1,26.1652509367075,1,20.2953689249805,1,23.3246441052229,1,30.5584088505213,1,25.4289920964058,1,31.3743940319219,1,31.4500611779118,1,23.0132543160019,0,23.819359864559,1,25.7631867789247,0,23.3567359580762,1,24.6848569176355
1,39.3693364073214,1,31.8858236825457,1,25.1091008010207,1,23.8863228578567,1,30.8492654593269,1,26.5328440021529,1,23.1072921566164,1,23.9552888014488,1,22.4744621997813,1,21.478908900482,1,23.7321047991551,1,22.4097431363831,1,23.5674765392299,1,22.9998514610091,1,23.0731267124188,1,24.5283755787361,1,25.2765535429672,1,23.1270473622288,1,21.570551879591,1,23.6549463726649
1,38.6076248493729,1,29.8460139179149,1,22.8583718434107,1,28.0381793617246,1,30.3019646779831,1,28.4040308295932,1,26.7324112373186,1,22.8950405066051,1,22.3077193814379,1,21.3849989162898,1,32.8197035374687,1,23.810440790026,1,22.1410785346421,1,33.5574064623483,1,23.7583282149671,1,22.4551417052685,1,32.2252186639656,0,20.5634322589636,1,21.818607962534,1,34.8813678738607
1,40.0558955850848,1,23.3373453810007,1,33.4682226683458,1,29.5564586895619,1,40.1324551348556,1,30.3097903846543,1,32.2234423566264,1,23.0783175440477,1,30.7974180812331,1,22.7629978936285,1,36.6250780192657,1,23.355211384477,1,24.0667799374948,1,23.0856717307071,1,22.229383139578,1,23.4383033176435,1,21.7538154922553,1,21.1472393582219,1,22.8682941751516,1,31.3300691249941
1,39.1101253812673,1,23.6793714494884,1,38.0066523002642,1,20.1412322492758,1,28.2139493771594,1,23.9051567778091,1,26.8507915346016,1,30.3038798149602,1,25.1401527996478,1,30.5051160059601,1,20.913354641818,0,29.101986562912,1,21.5487414707144,1,21.9937470912978,1,30.9515816563689,1,23.0699150195196,1,24.0006866375469,1,25.5289519550448,1,24.3040287139191,0,21.4409239155534
1,31.0556296688153,1,32.1762428602303,1,30.5227220001851,1,31.2180451851877,1,28.8005081455911,1,25.7002156499913,0,24.4644812435238,1,43.4408577304412,1,30.1873551933689,1,32.8390003121257,1,25.84992066233,1,24.4091458337575,1,32.054812298738,1,21.8330254942749,1,21.8524427677159,0,34.3773546595329,1,23.7956410906955,1,25.9885021758071,1,21.4422842354143,1,24.5553337030303
1,33.8987359645914,0,24.5275145350074,1,40.2978112834041,1,21.6873319431969,1,23.4736471187173,0,21.8650186020037,0,23.3822769862243,1,21.7335737182228,1,24.2487005281648,1,25.320253712983,1,28.7830168853014,1,23.0544794783809,1,22.6027951065815,0,25.7030841154753,1,22.9325336449763,1,22.8794093877487,1,23.6360284953138,1,26.3089992164232,1,23.6019920872076,1,26.2610227310805
1,49.7412513488301,1,28.0683006707531,1,27.4199522950074,1,28.9718588508042,1,23.0722480077937,1,29.6424758443322,1,23.3759730334545,1,22.10281165719,1,30.2201876427859,1,23.0581354024255,1,22.5058559174627,0,23.4351809781838,1,23.8307995011902,1,23.6425112081485,1,20.5712163892409,1,23.0335503757093,1,21.5445763721239,1,25.6536325562517,1,21.338591572624,1,22.6946758263853
1,45.061807772763,1,37.3354494605564,1,32.9533210233342,1,23.1139004804771,1,19.9726651465242,1,23.021609589804,1,28.6372794675415,1,33.7448919396356,1,34.2932767496309,1,32.4265438578996,1,25.9857782579455,1,22.6925215246259,1,22.1371139588142,1,21.0134792240412,1,33.1297252544637,1,24.5343954682744,1,22.2972407092335,1,34.7309198384801,1,22.9105362752065,1,23.6684290733381
1,36.0108761189603,1,34.7432411025711,1,22.1359803149026,1,25.3702152997901,1,22.2528383678903,1,28.4889027214767,1,37.6202810607909,1,22.3127849110493,1,22.3872442898242,1,22.3305014825009,1,23.9851507033279,1,24.2474694722016,1,22.1746276530491,1,24.4447681569452,1,23.1005084849933,1,20.8822317948928,1,28.9004844277928,1,24.1903307070619,1,31.0210371921469,1,23.1342458984893
1,43.879686492415,1,33.0240211244739,1,26.2948951969214,1,36.1896798556657,1,32.7631633929876,1,27.0599480739268,1,22.1370703267186,1,22.694661749592,1,21.4948543589597,0,22.5899786702778,1,21.10279733971,0,21.0725167706254,1,23.3043668312615,1,33.1825007988417,1,24.3530705490712,1,35.2026879505027,1,21.3437214570904,1,24.1221145322762,1,21.9115620243954,1,24.5110358855338
1,46.2373819070878,1,31.5816434663311,1,28.1693334805265,0,28.6586767195848,1,28.6830798743071,1,29.4290492689491,1,33.1723229426991,1,23.4181180603784,1,22.5312745768529,1,22.7282773619302,1,22.5450606551346,1,33.2931865829261,1,20.7919296740086,1,22.7502080902257,1,30.1383917209056,1,22.2162626676046,1,20.163575684289,1,21.2606162277809,1,27.5033638730262,1,21.2111507477881
1,39.2436224328047,1,36.4125640640686,1,30.3204604787528,1,30.0492296604437,1,29.3128121386782,1,25.3654935703187,1,22.535348413558,1,22.9100674526401,1,22.7751394446061,0,21.358837872754,1,21.9786923938774,1,30.7418657870148,1,23.0119001592371,1,25.0367688630526,0,31.6589976194536,1,23.4116541524034,1,23.6686852913522,1,32.3984095839014,1,24.073084751836,1,22.7667055901975
1,43.7127676873186,1,28.4840156498753,1,31.3250055655607,1,22.7862632160237,1,24.3767686742184,1,27.554566939166,1,23.1651952815202,1,29.2966025816789,1,25.7336701364858,1,22.115773600597,1,24.0155330394375,1,31.3947029787274,1,21.8908139605921,0,21.9056164303617,1,32.3538086820997,1,21.6214614075333,1,23.7015636368512,0,22.1024260595606,1,23.8042701948055,1,29.7494916983318
1,27.6499235851062,0,27.9331196642739,1,22.1818107940475,1,23.2717795914087,1,32.677316027304,1,23.8720257136364,1,22.3077956108151,1,32.2480931097461,1,29.1613893649449,0,24.4839289143482,1,25.0084969436329,1,29.426339885504,0,23.5049683716566,1,25.7654637617806,1,23.7885017506451,1,39.9303261649229,0,30.6557984521177,1,30.5237798885069,1,23.0342147822244,1,31.1496065605513
1,43.7500704394905,1,30.9203133985005,1,26.3166746844617,1,27.7370852079452,1,29.8339441303852,1,21.7492956187801,1,24.7763582601762,1,23.6130679906831,0,22.5596893463679,1,24.625299943955,1,24.6248521805433,1,23.0909720584169,0,22.7880711551948,1,31.2767310310747,1,25.6533044294903,1,24.7201243626208,1,19.7643947871429,0,23.75710711797,1,24.4862347151902,1,22.1416540620103
1,41.8835038399928,1,27.7448481692658,1,20.8473427752451,1,24.7884370174027,1,19.1679898909497,1,27.6686862079299,1,22.5088153643439,1,21.0889578027717,1,22.139010821308,1,19.784810153286,1,21.6978392014868,1,21.4714182762732,1,29.607573119042,1,23.4305943333014,0,24.0010499872482,1,33.2080905146755,1,21.4726908489354,1,24.4409822691361,1,22.8365755788145,1,23.2624571767083
1,41.9642966974015,1,28.4395331692727,1,30.9346100522488,1,21.6745521889541,1,30.6845976480714,1,24.5567489545247,0,21.6674286521461,0,22.9842397815016,1,24.7611506913522,1,24.2293374218616,1,23.7069997521733,1,30.2911535581343,0,19.8683702269477,1,21.1433474149809,0,23.7627958654024,1,31.4045980925417,1,28.9131183758918,1,22.2316156235175,0,32.3339182104624,0,28.7930352981756
1,45.4599691977493,1,30.2726637283041,1,31.2922351847534,1,42.8423754637343,1,21.4319415596275,1,31.4689648864841,0,28.2237824595551,1,28.4271968130522,1,23.392366907326,1,29.8397950707755,1,30.1479893034624,1,20.0200589362994,1,24.2559566260179,1,22.6748036374201,0,22.2612947337574,1,21.5842801788288,1,32.5625228871627,1,22.0766601385134,1,29.3654856311201,1,24.0079296466375
1,39.0567228715233,1,35.0389604574164,0,21.3121221942121,1,25.2703896978487,1,27.9167715543226,1,21.3487545726868,1,21.3170078651194,1,23.4935444187234,1,22.0795955393247,1,21.8408975509311,1,21.3304573282164,1,41.1659637323092,1,23.5013478395755,1,21.3043295481688,1,22.5966363363904,1,23.5949741811995,1,33.3746863775733,1,24.7023838938125,1,22.6869383645168,1,22.8392947611364
1,44.3883320765949,1,34.6500481480077,1,20.6798976999712,1,27.4457085858785,1,27.1314225574768,1,23.9414988848295,1,22.3836061740462,1,23.2974865731681,1,24.5432210975931,1,22.6920112713955,1,21.1081863567857,0,36.36393826584,1,30.0005436707568,1,22.1721167934746,1,22.9816587297471,1,33.6043140769392,1,22.8867025000575,1,32.4933563675653,1,23.157815891242,1,21.8656381989297
1,48.5088087434773,1,26.2285127919339,1,20.4364779564812,1,23.5655866929871,1,22.9843364994211,1,23.3163892111265,1,18.9783469051604,1,24.1434935070938,1,26.3283982246285,1,22.4890682457244,1,24.0408290800071,1,23.5731068106102,1,22.066468755589,1,32.2578029372335,1,23.1352372236352,1,21.3987746412778,1,31.961793054857,1,24.0660605491905,0,22.8063715542162,1,23.6445409252312
1,44.6160405715302,1,31.2816498741142,1,24.1618063248102,1,23.5016748999236,1,24.1652178957792,1,21.6447970107793,0,23.0552130921931,1,26.5578912670615,1,24.8650616441443,1,21.7188031246957,1,23.8514165833111,1,22.3938428557976,1,23.1292546489274,1,23.10417996281,0,21.5095312202701,1,23.8106989503433,1,20.4628464571851,1,20.2927026582446,1,27.1677282202036,1,22.2828077676394
1,43.2274190352302,1,25.0693428429353,1,30.9989580398899,1,24.5895144354616,1,32.083432934468,1,30.5883686014362,1,23.067391637451,1,31.6034129240228,1,30.4391041330243,1,22.6906128438511,1,23.1150771137066,1,30.6555157544112,1,24.0817103705509,0,22.8969647822683,1,21.8584138678951,1,20.6683598268608,1,24.2918332008469,0,28.8021300519962,1,21.6309850002675,1,32.661872381527
1,50.7592206626655,0,30.6673345898335,1,32.0223621014637,1,22.1229709650799,1,27.4864902329941,1,21.4916283617992,1,24.8496537644949,1,28.1463044392343,1,23.1998035182985,1,27.0160141647335,1,21.490964986074,1,20.775062917126,1,22.1823941689517,1,22.4879455433132,1,21.7684548990844,1,26.1871399078652,1,24.7761460312733,1,21.211729956641,1,24.7044411827698,1,30.9097555595735
1,28.363047592678,1,29.9009432397896,1,27.1706974359515,1,22.4053117557593,1,31.2131106069754,1,22.0121616302395,1,31.4278503734545,1,26.413080425948,1,29.5771291577309,1,30.346754195425,1,24.8321413780031,1,23.3635235292434,1,26.9507741067428,1,22.0059837056318,1,28.8566844754621,0,21.7336965049816,1,24.7612228079681,1,23.268709705808,1,25.3386949352799,0,25.6441564927583
1,58.1615617020373,1,26.744091504631,1,34.0886134975685,1,28.2534588782449,1,20.7451544578742,1,28.9636546372088,1,20.5341162582435,1,23.2126630487234,1,22.4684167270287,1,23.4341326380518,1,23.1068760069905,1,24.1322785265291,1,23.8075407740666,1,32.5457093652179,1,22.2002963083478,1,21.7282697005321,1,23.5790927376399,1,22.533685526844,1,26.2067567684137,1,21.1503091156466
1,38.0008740602934,1,26.0239767949589,0,31.2975203544577,1,27.1274325454926,1,21.4483959983797,1,22.0247662020545,1,22.8453267885296,1,21.8305890635571,1,23.2415122908074,1,23.4796983217656,1,24.4384302723313,0,19.3973251250083,1,21.712450457398,1,24.2240676628992,1,28.6161955023847,1,23.9993225632654,1,23.3708960926331,1,40.0913131147401,1,29.1491443651467,1,31.4601228406602
1,45.7610330189396,1,30.7459734346239,1,36.0016985059717,1,22.4777180285205,1,24.8999901951321,1,21.5496564433177,1,24.1611781844076,1,21.6845299247366,1,24.8901336487605,0,23.399746068514,1,25.7926749005023,1,23.2347921796039,1,23.7869794156766,1,24.4721895245102,1,25.0029928539012,1,22.1016997148212,1,24.6278534622549,1,21.1397710649893,1,28.9628519902144,0,25.3281839875878
1,37.0471716008719,1,26.5975756473252,1,29.0126801127188,1,29.9102767683228,1,21.5647513067541,1,27.2188758607628,1,29.7234945053535,1,27.4689592997981,1,25.2888323378236,1,23.5668539258516,1,37.3819100013019,1,24.4844044185938,1,23.8848817513048,0,22.329713176993,1,23.8113744791047,0,22.1559138143445,0,22.6795820912861,1,23.8886455551702,1,22.4081971805803,1,23.5754953095055
1,41.0321416988896,1,33.4916976109384,1,27.8571939205197,0,27.7931845379699,1,25.5121078228308,1,33.3443942783611,1,25.2547467036441,1,24.2161627917668,1,25.354908911576,1,23.5661394320302,1,24.5940230572642,1,33.4772601305891,1,25.419540977349,1,22.0140178783789,1,24.7786371024581,0,22.9973590484377,1,23.9168874726752,1,33.3329899518617,1,23.1016605373225,0,20.1466547386966
1,47.4218895595763,1,35.5669193763979,1,27.5120303674339,1,24.3719189945732,1,26.9379710044589,1,26.9685463700818,1,29.6996504117467,1,23.587269822262,1,23.9187641708448,1,22.66496993427,1,22.2753014493173,1,20.67673378879,1,23.8501693629982,1,21.0216453964653,1,23.1303573249927,1,27.0137728593597,1,22.4438102850059,1,23.4130637069204,1,22.9849218620082,1,25.1814757925097
1,49.2339505697659,1,30.9162538763133,1,23.5214497628097,1,25.2063307993073,0,25.594008196613,1,22.3620618992208,0,29.7842060747867,1,24.8685506544254,1,22.2582664913183,1,24.1775343227475,1,24.6393540060401,1,25.9107093461215,1,31.164523098581,1,25.2493994971305,1,23.2667299996443,1,31.3446326634126,1,29.0941095503558,0,21.0002102753486,1,21.9636558436665,1,23.524922359789
0,40.8505207573734,1,22.0415738145865,1,24.5277689847491,1,37.7567940975399,1,19.8802641347063,1,24.9008115362024,1,21.6326982893284,1,22.5646130002136,1,22.8211712963115,0,20.3005497521836,1,25.4136568474221,1,21.3368932636615,1,31.1287475032611,1,21.9202048047142,1,21.3965739889398,1,22.4111510071972,1,33.9033163106044,1,24.1356635677354,1,23.0723255314278,1,25.2445969119771
0,35.7238807479349,1,30.8521212084095,1,31.0709677190884,1,21.8891292458904,1,22.4111023085591,1,26.785435938444,1,23.1951790733915,1,29.7374018675771,1,22.0709482021114,1,23.7632906894014,0,20.7397611080631,0,20.9422310629739,1,28.6940297801516,1,24.8205488795011,0,25.1654241361309,1,29.7793735174979,1,23.532028021614,1,22.5137931861984,1,24.2382395173715,1,23.0771840326927
0,36.1648657278557,1,33.7078202964371,1,30.4528959706013,1,29.4141140441918,1,21.6975802168068,0,27.8907656563414,1,29.6455328648734,1,31.346181239651,1,23.0042925990492,1,30.9279702132275,1,22.9196091345579,1,23.8984511837333,1,23.9222808237999,1,28.6318208880727,1,32.2850787654814,1,25.1318967717001,1,24.1329476446948,1,24.3442318680935,1,26.2296748163705,1,23.1963539078988
1,44.4421059504964,1,32.601580153044,1,30.1148418858327,1,28.2251455068572,1,32.169708772832,1,25.1794658979006,1,21.6725189476068,1,28.1201587119637,0,26.0817838693193,1,20.0227403462183,1,21.076184805211,1,22.5342482290782,1,21.6650109794604,1,21.1284196201475,1,22.0596031712657,1,30.7907541744425,1,21.9526674336431,1,23.2650866534104,1,29.1994183672617,1,22.005251292049
1,32.4710549835207,1,33.3439779188189,1,23.2573664676934,0,27.9307387300455,1,22.2143319599827,1,26.3875127879406,1,30.3117572139809,1,22.4705990148706,1,20.1911808069675,1,22.6586389414697,1,19.8460254704177,1,32.3438691447864,1,23.8610096500339,1,39.0000412680317,1,24.1135399196036,1,21.7625222866319,1,22.7128794949715,1,30.9085298356285,0,29.0866423105613,1,20.8851333662626
1,42.6316544234245,1,24.7088943411081,1,20.8983025066052,1,29.3344049651812,1,21.3415624248561,1,28.2987044851847,1,30.3683736821546,1,32.2424467195394,1,20.2032535576381,1,30.9476842885607,0,22.4498322236834,1,23.7819790608275,1,21.8293833709531,0,23.0891800284729,1,23.4947261492209,1,21.3794512243883,1,31.8590955761001,1,22.3719476007007,1,24.230085114355,1,23.4242094845316
1,34.5658015979569,1,25.5785231944391,1,31.9777344716752,1,29.0061081664095,1,26.0851290533963,1,23.7216215340435,0,21.5232381471756,1,22.64702070179,1,22.8993054073418,1,21.2107746998012,1,29.7930681166746,1,23.139042578771,1,24.1284080046754,1,20.6581947399693,1,19.674299677837,1,37.5343442164514,1,22.0384657393226,1,21.3875490231982,1,24.23226517935,1,23.9468967885506
1,38.3498791714324,1,24.7209147093527,1,34.2587522551854,1,25.406347780988,1,28.9842049835283,1,22.5963057992726,1,22.9280503017247,1,32.9371916234918,1,27.5619911346271,1,24.6872374240306,1,29.2256678802113,1,32.4674833186143,1,22.9764002089211,1,23.1258395727961,1,21.9804438260998,1,24.0306290668875,1,23.1349094842022,1,22.1705292997683,1,21.886040731033,1,32.2749481801721
1,45.0355796049203,1,40.7252090332383,1,22.6397644830977,1,28.2612011159006,1,24.6272231810981,1,23.5212508014962,1,24.9290113613487,1,24.2341429189245,0,26.5481231214964,1,25.5852488461305,1,22.8304522241449,1,23.1806075027857,1,23.4549431825796,1,23.6373902815291,0,22.0586181161485,0,21.8761348094917,1,24.0709609641283,1,22.7177762477613,1,23.5883872478938,1,24.9634986160652
1,39.2863155700086,1,28.0413491847426,1,29.7130711076333,1,23.4295276872077,1,21.9210573932009,1,23.1541174630765,1,21.3762285330296,1,23.787048929155,1,25.8560974267086,1,21.7088398705268,1,23.3699180680627,0,23.4411109780586,1,22.2249066755695,0,25.3414529079613,1,23.7961864578664,1,22.103164145952,1,24.7956738659058,1,21.9288328947952,1,23.4250843599929,1,24.662372818535
0,31.9508641701324,1,32.9380980279893,1,22.9134905110509,0,28.8784533846125,1,27.756176648343,0,23.3777083332386,1,21.8671716436264,1,39.0889310085225,1,21.7113322018805,1,20.4137262065451,0,21.0993742229036,0,22.1058297879865,1,29.1545502069911,1,22.5235520484194,1,30.8689891403105,1,22.3905029776469,1,23.8197613561272,1,28.3162119395118,1,21.888542743811,1,24.3666128414814
1,47.0411562537148,1,24.0349833691878,1,23.9769333480006,1,35.4360088093798,1,28.7527928041345,1,28.4376772966065,1,25.4526550054973,1,24.183488340475,1,22.8291986918532,0,22.1640820801198,1,22.8961665614235,0,24.3425017992588,1,23.8681370381496,0,26.3630699367502,1,31.9864441632794,1,24.4619464979261,1,26.4218219697221,1,31.6860463304754,1,27.1485923631581,1,26.400739221129
1,34.2776272228406,1,36.8314295560236,1,31.9890564520319,1,26.6452230568365,1,30.398852622661,1,35.8879438804604,1,22.1214585921752,1,29.3226322795318,1,21.5152555696844,1,24.048031932085,1,25.0477752432716,1,23.6043606289558,0,20.7401920375989,1,24.717143021917,1,28.9063113910831,1,20.9965691735458,1,31.0873591406493,1,25.6989108856622,1,23.7126368087456,1,22.7783672141732
1,42.3906186651197,1,39.7980759415808,1,34.9454054985477,1,28.7592865999258,1,22.4564545129509,1,27.9612355034306,1,21.952637057452,1,20.8655201772714,1,22.0534912510915,1,20.6081248997612,1,21.3277715552027,1,20.6632213535081,1,20.8467110413196,1,23.1514748711069,1,20.2158131796909,1,21.9593921118258,1,20.9442834465718,0,21.388340669264,0,21.8110097865856,1,37.9248750939356
1,48.2515617090532,1,30.1933001558846,0,35.0736130233537,1,30.175059375439,1,20.3366066294949,1,36.0528008441984,1,22.2399652824863,1,29.6562142378441,1,22.6053937268188,1,31.505702105776,1,32.7893922147787,1,32.6655259157048,1,22.0205718312294,1,22.843885068891,0,20.854458130186,1,22.5075109087047,1,22.376048688096,1,23.8239906484956,1,31.6367879545795,1,21.071342110262
1,33.4397013676824,1,24.450948905455,1,23.0453941619632,1,29.4787492597055,1,37.2035208261464,1,37.1961875564376,1,20.7921182858929,1,20.7930657076527,1,24.8421060287213,1,23.2740292280557,1,22.008906296794,1,22.5709086498177,1,21.0118910823677,1,22.9229120669653,1,23.2535372637732,1,31.4713976072722,1,32.2408420371426,1,22.3479099386928,1,24.5554450964567,1,21.7265663496491
1,43.5499306386322,1,37.2878907765168,1,29.4368776579921,1,26.2319370741652,1,24.1614285377654,1,24.8483933448824,1,28.8817734892011,1,26.6881864400532,1,37.0746048506207,1,24.1595735504251,1,26.5429308887757,1,25.446540134656,1,25.2099163921027,1,23.9083643634173,1,20.7714235693659,1,22.9942717675086,1,27.9624760639928,1,23.7731389986432,1,23.2156958451994,1,21.9046831691628
1,40.6267282392383,1,27.3114029927325,1,23.006640051255,1,33.5288680420327,1,29.7466089383832,1,21.0033820477565,1,23.1332275222979,1,29.1971558884828,1,33.8429113598441,1,33.5171215699315,1,21.1643921125901,1,29.1616069277978,1,31.3974720742209,1,31.8316438855101,1,20.1191680707142,0,34.7790281573686,1,21.6235783866239,1,20.888025705622,1,34.1410126972307,0,22.9432744278571
1,40.009389091244,1,25.4984501435166,1,28.7442348032405,1,21.6732386603207,1,22.4691315527584,1,23.2024026990751,1,21.3323426404109,1,21.3506011768544,1,22.5567889707754,1,24.5476880044756,1,22.1578957556886,1,23.5971964582472,1,23.9391786009262,1,31.3777010705526,1,29.7606760544309,1,23.3868658727006,1,23.9484184161479,1,22.6856369731077,1,26.4719432853714,1,22.9397719153764
1,40.3783665822496,0,38.2620381232526,1,21.7542716022001,1,19.8354650872957,1,23.6637999569482,1,24.9893536233896,1,26.7662044322174,1,24.2163213343803,1,21.5920080342246,1,23.5848808405593,1,25.0065808043735,1,30.3463307805743,1,23.147851363002,1,29.6277830535873,1,28.718243576185,0,23.2696202884451,1,23.5419975462514,1,26.8158919466253,1,30.6888610228841,1,24.4172240865307
1,37.6826776799512,1,28.4999476394319,1,32.458010016811,1,24.0128250117621,1,23.8212821736076,0,22.810428616438,1,22.622142711962,1,34.0509994303213,1,22.2265668638263,1,28.4383733848377,1,23.3734308850101,1,21.9365482782304,1,22.4308428271454,1,30.1791013085849,0,21.7315149856079,1,20.9629513857444,1,22.042465366678,1,29.9704716665812,0,21.9635971651696,1,20.8565514252865
1,46.3847125651454,1,28.3495294705191,1,32.1611581748916,1,29.1822584576286,1,19.4534851698783,1,24.0611645083413,1,30.2633637405759,1,30.7873869357236,1,25.0412809757846,1,21.6788144534494,1,21.2714703103189,1,20.8342193135874,1,32.1556395044702,1,29.1953289496607,1,20.8850755863481,1,24.5705007482267,1,20.7332856071302,1,21.1446742215368,0,21.0796440186361,1,25.4356352758538
1,32.7668884896532,1,32.1132974321762,1,22.9425702721358,1,20.4330139389788,1,36.1142731656787,1,36.4317560440565,1,29.8660550294556,0,30.0121270181368,1,23.6205142284124,0,20.9591855818771,1,23.0550982513091,0,19.374829774249,0,23.7869748194944,0,23.0289771935691,1,20.288891855307,1,22.9718887929433,1,21.8719144788451,1,21.1945929518194,1,19.4299044028416,1,23.2407386795635
1,40.4111550916945,1,21.9788934405396,1,22.3316353868768,1,23.556873450278,1,27.2223486778909,1,21.7528571385488,1,28.0665012853081,1,21.6683295919421,1,28.1459732731948,1,20.6374591473813,1,30.6321639321594,1,24.3150979992601,1,23.5787031628857,1,25.5468933884132,1,27.8794783146679,1,23.9416139388251,0,23.9863145337173,1,23.0776332115117,1,20.8218554391014,1,23.1867451171221
1,36.7147442299038,1,30.844284305631,1,27.3802098394957,1,23.5339032016636,1,20.6566965189247,1,30.4089903571421,0,22.2238185488339,1,30.0593100073179,1,30.994810019901,1,29.4354143193606,1,21.2379847153213,1,29.9481974612642,1,22.3338671689284,1,30.1876741857094,1,21.3917000877332,1,24.0093628530137,1,20.06011310626,1,23.0776499005487,1,24.2254119430866,1,23.777461012539
1,43.0867008273197,1,29.3771082981102,0,23.9453201264734,1,30.7786415627669,1,21.4209307754706,1,27.085890779091,0,23.3778493548206,1,21.614086421209,1,29.4395489546269,1,35.4225433679853,1,22.3998354463859,1,29.1818414483699,1,21.3027543873759,0,24.9435853508284,1,22.1278870559433,1,24.518723722629,0,28.2379774629018,1,23.8908402677722,1,24.7635132093417,1,24.3841761350156
1,30.2067109370976,1,43.2751821003534,1,28.5428400406916,1,27.6161137879344,1,22.0802353398091,1,34.793723450821,1,20.6382261385299,0,23.5562077934147,1,25.7729804519836,1,22.7986416972865,1,21.187192436095,1,32.5150747075295,1,26.3610244125274,1,36.0251066137969,1,23.1201389012679,0,25.5667076983906,1,36.8465206268926,1,29.7471574484484,1,30.6274408402685,0,34.4225424863764
1,40.9706283249618,0,33.3193676236838,1,23.5834248776934,1,22.4239168328547,1,20.9499070159896,1,20.6791439013536,1,21.221797012342,1,34.1625447702474,1,21.7708875457479,1,21.2862698153388,1,28.5766241953823,1,22.449833485276,1,33.7136248457494,1,23.4048887712837,1,23.2131852107616,1,23.4601965856957,1,24.73241231998,1,22.4563576891434,1,23.0286263426912,1,22.9623047711574
1,38.0076466942228,1,41.0690267865424,1,43.6296188975194,1,22.3298672516465,1,28.3445593968431,1,21.2172190428974,1,26.9346071023444,0,28.1365573297092,1,20.5851214493743,1,19.5761057301243,1,20.8664237424999,1,28.5783453359855,1,22.5634628173601,1,21.4545211485823,0,21.1423473755228,1,22.4386949338334,1,21.7073776501205,1,21.0900071541271,1,23.1273085782361,1,22.6624443781306
1,55.3129585333805,1,27.8758463831663,1,26.1967956608676,1,21.3348369518924,1,21.0192994502642,1,29.4540443662772,1,22.1259051446383,0,23.27128397221,1,29.7337489468181,1,23.2564839162256,0,21.5394978074779,1,24.6934489678266,1,22.3190165865525,1,20.8009168177888,1,22.2427489339285,1,23.1085020132511,0,20.6743472506435,1,31.9988114040692,0,20.6688963608202,1,24.8779495918749
1,57.8290013947536,1,26.4628825164071,1,26.5999796861846,1,20.1667860384421,1,21.0657822308104,1,20.1700002893672,1,20.8559282715836,1,21.5512057470507,1,22.333741155291,1,19.5879242490204,1,28.0970204347424,1,21.9455339115353,1,20.1931110158536,1,22.3252828171882,1,22.0850667919931,1,22.2178212716572,1,23.2146787049954,1,28.9562837314357,1,25.5106323778992,1,22.5049900126889
1,42.6262756675665,1,26.7951044713497,1,22.4882989255467,1,23.6884532445428,1,25.2989083640516,1,20.5078216866284,1,27.0276501224219,1,20.5307181437336,1,24.5380795484774,1,22.6588174764008,1,21.8087174401287,1,29.5890016679433,1,22.6959779370819,1,27.915634966739,1,24.9403447363729,0,22.8330139299882,1,20.7972033517349,1,21.3845515616989,1,24.9628523637012,1,24.1724957073333
1,42.0999673215818,1,22.7824382532614,1,28.2963164715301,1,21.5324786676006,1,25.2684731425614,1,23.2587377068261,1,20.8017699940272,1,27.8390448065556,1,23.4929467912134,1,29.0964578589349,1,26.5782895549678,1,20.1469192694118,1,20.1613650233847,1,22.8129184558638,1,22.2861712180862,1,23.0049132746369,1,21.2252110572642,1,21.9106514860448,1,22.4172228298589,1,22.1244441616964
1,42.5248423534487,1,23.0635250973519,1,22.0042888382984,0,19.8628613130087,1,29.104102898699,1,22.3237024813294,1,26.5810001915586,1,20.7302871531072,1,28.0723223618094,1,22.0303477446077,1,29.1625068324876,1,21.3426568294484,1,29.6224675023049,0,31.1976962780449,1,22.0434637123479,1,30.6801054142611,1,19.279807553902,1,21.3097102801672,1,22.4325692035714,1,21.6056160377064
1,32.7455640895746,1,28.1074150232264,1,25.1955035830294,1,24.7961246703573,1,24.4744977818327,1,28.837091476089,1,23.2004760676675,1,23.4731029564706,1,30.6156639000083,1,27.0659608476872,1,30.4054531699516,1,21.5733293135278,1,38.8879718274846,1,24.021417856984,1,20.3794190150145,1,30.4878529256377,1,23.3759209545357,0,26.009419760038,1,29.0422597254202,1,31.4157979361012
1,47.7376824169342,1,29.9427829586786,1,34.3409486664316,0,33.7825232610769,1,28.5111441914711,1,25.9583346233553,0,23.6186809392643,1,21.3131610667224,1,25.5570948145731,1,21.2729852918629,1,33.5077573820174,1,21.6598959197622,1,20.6450647908746,1,30.0575795083958,1,21.5538391843546,0,32.3076564643497,1,23.5815973377651,1,20.7940659344228,1,32.1740453184281,1,22.0682966448301
1,43.2236155166508,1,31.5035972310823,1,27.7822421892339,1,21.7146316797606,1,27.5332463900824,1,21.0122791090962,1,21.8232697545068,1,20.4931645512155,0,21.9695572240803,1,33.225778601977,1,26.1812536090406,1,22.7957399059095,1,30.8804781744461,1,31.3143563539344,1,21.4462352699375,0,21.364029706466,1,23.3539866102479,1,25.5735906243329,1,21.5273203160203,1,23.959408301732
1,40.2803132983548,1,34.5711538422189,1,22.7854284082118,1,24.4443666143087,1,29.4504175967118,1,22.1571885236986,1,29.57708292483,1,35.8517835535551,0,22.0509699156338,1,22.6534443129462,1,20.8562813941479,1,21.6397894543233,1,25.2847450864496,1,21.0410602225625,1,22.4274287813039,1,20.3058901796252,1,23.783573393696,1,30.4273498592872,1,22.0192432790051,1,21.4249780595763
1,35.4233329860467,1,25.7016835239665,1,22.718676072342,1,21.1021511193531,1,21.7146979638679,1,22.5710689687022,1,22.5428608079421,1,22.7246454713166,1,22.81918937245,1,24.1764830416556,1,23.4526415066524,1,23.2963512883137,1,27.7084852016162,1,29.0799687583572,1,23.5646226583024,1,23.4691870501283,1,26.1979526133494,1,30.7492585630898,1,23.3799407617456,1,23.2558168492426
1,46.7615854504934,1,30.348941113615,1,33.4380076329672,1,22.318379408876,1,29.0158382938927,1,22.6165402195418,1,23.2912074965422,1,31.8049034032832,1,23.9001407354152,1,21.1982320974746,1,21.2401112411116,1,30.6778503797146,1,22.7368077957955,1,22.5356461587407,0,20.9845775664483,1,21.7747117806813,0,25.0375656873825,1,24.2120213711629,0,20.8705642898277,1,22.9607566518144
1,44.6591568427297,1,30.5061652766255,1,31.4178610103345,1,25.5427946599229,1,22.1488392261647,1,31.1556508599375,1,21.9339837658837,1,21.0835125543868,1,25.4738525514241,1,31.6527320554607,1,21.3591305130734,1,22.3042271297851,1,27.8814352579378,1,21.4071709210373,0,30.1725057103988,1,24.393406266294,1,20.5833352845952,1,29.5957236219263,1,22.5917313939741,1,23.2568650582615
1,43.8239058094767,0,30.7306860898779,1,24.4990526104879,1,26.1268490756578,1,24.6928630245671,1,28.498108795664,1,30.4759715603052,1,24.7889103800881,1,37.3608643486971,0,44.5104497847062,0,37.0280695347719,1,20.3408471910005,1,24.8143988098814,1,23.3985677650526,1,31.6963957128883,1,25.4496521459315,1,20.3002529196592,1,29.9776731767627,1,23.2957142454813,1,23.7475040986178
1,53.9937459219669,1,31.6193632887056,1,31.6754936006141,1,26.4016302154409,1,24.7223436049233,1,19.5379554751284,1,23.3270538833793,1,25.9791353068474,0,22.8424413772155,1,32.8685749759937,0,21.9196294875486,1,37.9408708663684,1,21.8537170538481,1,21.9541679004059,0,21.4733363250126,1,22.5749589523401,1,20.8227555666716,1,23.6336108883814,1,22.1296198723508,1,25.2735416166521
1,47.4480868213633,1,28.7165653444202,0,22.554281034136,1,22.0919597719637,1,29.0510942783082,1,20.9357859143906,1,25.0602084039459,0,30.9399338085024,1,23.3657274545713,1,23.9005506084436,1,22.6537718441775,1,23.7250123631079,1,24.6497075604766,0,25.3401758297884,1,21.3243802168891,1,30.4189670184665,1,26.0604714907352,1,23.2652480928315,1,23.6022978832105,1,23.6228661389781
1,37.8700293977303,1,23.5333619723344,1,24.500452816862,1,24.4654635584539,1,23.4378529426098,1,27.0184563520087,1,27.0166095074914,0,19.5423748985275,1,30.4659183007694,1,32.864494695635,1,21.969080316445,1,31.0302369894852,1,21.7796307176268,1,21.3807526375022,1,22.9879209637078,1,21.2612213458246,1,21.9051484554108,1,27.2746490274068,1,19.7446081629866,0,20.3731272658807
1,33.1242584989556,1,37.9616294100792,1,34.1666083163242,1,24.297383209601,1,21.3358039625764,1,30.5936747057952,0,27.9825524878789,1,27.0977687311412,1,24.6063142246461,1,31.8194320656025,1,25.0596953043539,1,23.0026625475714,1,29.4314761193631,0,24.3377733448754,1,24.993747518126,1,24.5545230628776,1,22.7287144005414,1,40.6908577060602,1,21.9684017535577,1,25.1210440922158
1,45.6062336455521,1,44.2944177838064,1,32.7755136663485,1,26.9286846051235,1,31.4275271937496,1,23.6216429417787,1,21.0207574775903,1,29.2662075774071,1,22.969087872713,1,31.6570209778453,1,22.2140466401161,1,23.2712811064972,1,20.9569573381139,1,31.0030030345483,1,26.4386910055731,1,23.9120818763738,1,26.7706885948706,1,24.2079549460274,1,23.9114185001116,1,23.5426007364549
1,46.6440916583717,1,23.3328900452892,1,21.9295166220837,1,38.3088594527333,1,36.3331642708986,1,29.7216975371549,1,22.7300018214835,1,31.0934825915774,1,21.4406321213412,1,21.0801092336422,1,23.2299654787761,1,37.3095363551338,0,25.0388544031124,1,29.4594305825171,1,24.2309200317398,0,23.1930212279163,1,23.5295695215092,1,22.9425274593384,1,29.5596733711355,1,21.483238279892
1,44.6921717624048,1,41.9655130229039,1,30.9577213276388,1,25.4357913000294,1,23.8085754811739,1,25.3971352501743,1,22.8849907807773,1,25.0813063503733,1,35.6330768127569,1,21.0622538938721,1,30.5158193380095,1,27.8187052500587,1,25.2075856870494,1,23.5041268160309,1,32.1656403664628,1,23.1606900579306,1,27.339167907568,1,22.5610872936921,1,28.7367226083661,1,27.4482423960701
1,33.1922372565086,1,27.7812005867717,1,28.3571347455875,1,21.2977229524561,1,22.2411767592317,1,31.4754129756751,1,32.0026516122814,1,23.2179140500945,1,24.6047424328408,1,23.2705830886469,1,21.7976445057725,1,25.1158666812687,1,23.9607726960596,1,24.0068595555087,1,20.505639147803,1,26.8426618813868,1,24.7812825467289,1,25.8702843300483,0,22.2269821668918,1,25.3178550599376
1,62.1306486227787,1,45.9537131672582,1,32.0987659761675,1,30.3994073919969,1,22.4801396288708,1,21.1222269618493,1,22.5910124921963,0,20.3339541588298,1,24.5952945311444,1,25.8463359011605,1,23.5109184369832,1,23.1899931690481,1,28.5789432071297,1,23.8144975634705,1,26.0999307051106,1,20.8647470001684,1,25.5283176079718,1,34.4983897289336,1,23.0567687695473,0,29.6061364630896
1,49.2845977554791,1,30.0513414071186,1,20.3713670222998,1,23.0242990485502,1,32.3927688881912,1,23.6685911596169,1,22.1585151128452,0,36.9681656388392,1,31.6669310042205,1,21.8436583199098,1,21.4301642407829,1,28.5843266854116,1,21.7843016333874,1,22.5369664098778,1,24.0952643000737,1,24.4089970928317,1,30.6175827723688,1,21.7635450368304,1,34.1521146949646,1,19.5937974550619
1,37.6357841950121,0,38.0490802016185,1,28.0786493470039,1,27.6490171529227,1,28.1494840151284,0,27.093207038691,1,24.5141124236943,1,23.6701692735593,0,22.5832994503865,1,25.6205977330852,1,23.318933395938,1,24.6912813601513,1,24.8330920667837,1,24.4857143307445,1,23.65711739138,1,23.0296485401957,1,22.4814074663927,1,23.5409126478602,1,22.0779963337439,1,22.9676164851407
1,45.0594164931987,1,36.8218000209709,1,22.5691559171436,1,27.8327417486518,1,37.048806148047,0,23.7838843024735,1,20.9321008714747,1,20.9204833331542,1,22.408307304409,1,21.0853636738939,0,20.5988724932827,1,28.0573015447992,1,21.4771509569026,1,22.5528435631732,1,22.7072757965177,1,23.2332057250979,1,24.8095232642794,1,33.7378250479056,1,29.4168455629682,1,26.3431170034875
1,61.9369147376926,1,32.954114047152,1,31.1105250200352,1,24.1692198017215,1,27.3859854351878,1,23.9610939863795,1,21.0798797993815,1,29.1315383273973,1,22.8832911917919,1,31.7199605708294,1,18.9580724247006,1,30.2318322621555,1,22.7534365627401,1,23.178477949255,1,24.1421466002553,1,22.5752499518857,1,22.3269544965397,1,23.2019323970189,1,22.1296881091498,1,25.1787935907418
1,38.9450442375729,1,32.8617778301071,1,22.5011135191922,1,25.4215709253472,1,24.1499971370529,1,24.1822561605297,1,22.7836905271265,1,26.0115118661034,1,25.0903887249266,1,20.9603703341148,1,24.7152251058544,1,25.0355845657815,1,23.0131874554942,1,23.0894064805141,0,23.6930417379554,1,22.0273640314164,1,20.0184902676698,1,21.7088697878951,1,23.0639218034239,1,22.0690220683405
1,40.5790237156557,1,28.1178786704358,1,30.5320293725808,1,21.8219846614917,1,24.2143277270912,1,25.1949278475675,1,22.3383061108824,1,23.5028237840229,1,26.2218583042685,1,26.1920649250271,1,30.2333755242082,0,21.2863940219167,1,22.2716424472058,1,22.5561325912044,1,24.7151196646964,0,22.0859707200774,1,21.64647934623,1,27.3366926204927,1,23.8127876164317,1,24.8613362084119
1,33.2992805700581,1,29.595763706207,1,28.1933443228471,1,27.3327796711126,1,25.3083738632335,1,31.006097260707,1,19.8184050850358,1,26.9616804857739,1,22.0102309647951,1,20.533422588377,1,28.1524526849144,1,21.1885451004106,1,22.5865891851336,1,23.4807406174866,1,21.1052260868508,1,22.3504838726447,1,20.8572245858017,1,23.7754437287263,1,33.2336800706646,1,22.5768916146709
1,44.1052278398752,0,29.9199701205925,1,25.0441386648164,1,18.6868485490229,1,28.5512433107701,1,22.8441130519674,1,25.7933120177161,1,21.0701855111149,1,24.6440851351146,1,29.0013492516598,1,21.9243846140816,1,21.2030534866332,0,41.510264561078,1,21.8671406093809,1,22.1401406331311,1,23.2368559706244,1,37.7488216657171,1,32.2961264219535,1,22.552232335404,1,21.8152785470536
1,38.4226113049398,1,24.8974941417519,1,33.2461711135146,1,29.198320189242,1,30.3822467769116,1,22.347204920941,0,23.7272756119217,1,24.172871476707,1,19.2790225620705,1,21.7648228070261,1,28.7278088092595,1,28.1730787470242,1,27.2215891513624,1,25.6579819734362,1,22.0570048366022,1,30.3928748627835,1,34.384792332355,1,30.7115564791679,1,24.1307086392024,1,23.0240767449003
0,32.4736563171086,1,41.8882463852473,1,21.7361177048852,1,22.9679726362642,1,31.2072232626873,1,25.667988201952,1,30.316753076684,1,22.8449917425709,1,23.0021105904499,1,22.259110780007,1,31.1478353442695,1,22.5815847328317,1,22.4002028797199,1,21.0091571326756,1,24.7246850896976,1,26.9046103930043,1,23.0516166314782,1,22.0290157091,1,30.3508829564168,1,21.5940145812626
1,39.1310955512364,1,28.4436412268769,1,27.3512020464157,1,37.0444755248948,0,21.9160980188747,1,21.7674720072215,1,22.6894374263461,1,22.6472413071169,1,31.7580146350732,1,30.142164018511,1,23.0661142609381,1,22.7715867402787,1,22.4590749446598,1,24.1751631990925,1,23.1127484342454,1,21.0777712931846,1,20.5954709602923,1,21.8189628718392,1,23.4560028152627,1,21.5036779336407
1,43.9804475076836,1,26.4902449955014,1,24.3957894644543,1,23.6120653980915,1,28.5802703907227,1,22.5638715475152,1,23.9993100074657,1,23.0833166835312,1,25.472510124546,0,28.9595995077534,1,22.7982607847539,1,24.1041034831413,1,22.5414696636474,1,25.0668615192737,0,26.3753037591734,1,24.044856293486,1,21.7511106770846,1,23.8519396919743,1,25.7646096001158,1,25.3542033332505
1,35.7526968188705,1,28.2044463060544,1,27.09209162063,1,30.1793607335199,1,23.9543471909461,1,24.0755384409979,1,28.1847868194623,1,23.3386497324598,1,34.2459596565552,1,21.0045562810838,1,20.9053972086928,1,31.924207343642,0,24.5709944829228,1,21.1869414036414,1,19.4454646969057,1,27.7270810695605,1,21.8142849837676,1,32.2286798383149,0,22.7878478043943,1,20.8027814725555
1,57.1167124505602,1,34.2217340926569,1,30.3089896580511,1,23.7638275238972,1,21.9127360731053,1,28.8742097970781,1,23.6075815275098,1,22.1485188233428,1,29.2094607428825,1,22.6741295623093,1,20.4137823147479,1,21.5334804487598,0,22.1551974511634,1,28.8305306486071,1,21.8333896693314,1,22.2199570333995,1,23.9794383535762,1,21.8379787305774,1,23.482063274318,1,23.9551660101169
1,44.8268059987762,1,26.8999763069298,1,38.4729964061755,1,35.5066695860196,1,21.9053371341021,1,23.5037033947438,0,28.7509947141537,1,25.1514305023292,1,23.0411488676154,1,19.6007376157802,1,31.373857283483,1,27.5917072729617,1,22.4106946579452,1,23.7540961560765,1,24.3075104967125,0,26.4549216233017,1,22.8605372040173,1,21.4194971396106,1,22.0228713737155,1,22.2846143246321
1,44.6446570924249,1,37.5321393422698,1,23.5458307896406,1,25.4802648775465,1,34.0098949247335,1,21.5982782962609,1,22.7568400209204,1,25.792758235103,1,24.361166097557,1,22.0264957467238,1,23.0353273926098,1,22.4459817228885,1,25.052388867486,1,23.1113385286899,1,33.9079271998717,1,22.9173961377891,1,22.4215247508845,1,23.9065556662305,1,24.008112700385,1,36.5038443516649
1,50.3315236882432,1,36.4980532478719,1,22.2966421009897,1,23.3092224742656,1,30.4124271397892,1,25.4613917367144,1,29.4186942830146,1,26.1575111125896,1,21.9643424310138,1,21.1282383537054,1,22.6969993063328,1,22.196626194664,1,23.397963426736,1,22.8847992151236,1,21.9791520803397,1,22.9023135659118,1,21.9990391407267,0,30.7394649118444,1,22.9199770059111,0,19.0240672145627
1,47.8348004661904,1,22.2330572377498,1,27.2054284773115,1,21.7524884060231,1,23.8514621624132,1,35.0503871238913,1,30.1181408063694,1,20.8988423618597,1,23.5100979870349,1,30.1318058774914,1,23.2387693466987,1,32.2732274428646,1,22.4477933366019,1,22.4644045034955,1,23.7970795828501,1,22.7030990865378,1,24.4294846209299,1,22.3552859804158,1,23.1787056423788,1,32.0712896797922
1,42.5359105776123,1,30.1415311195509,1,24.3989818418238,1,22.1412944399842,1,28.0645154278104,1,19.5610679426253,1,31.6496570554757,1,21.7182600345127,1,31.3437961910668,1,23.0264586697826,1,21.0185715100116,1,22.4954342170109,1,23.3923625588414,1,27.9335843522256,1,24.2471468373797,0,18.327744373005,1,21.2613679563877,1,24.5594693286582,1,24.0013903591142,0,24.9314641939881
1,44.0023948840963,1,25.7719838623711,1,38.2759499975583,1,36.3209483774247,1,25.2607239507084,1,26.2891740470191,1,23.5279674440755,1,22.0564001325105,1,28.2472037740235,1,24.0367158922001,1,20.1474772724834,1,22.6459193575496,1,23.0042571839225,1,23.5441114911823,1,26.2146833235076,1,24.3332797487241,1,26.0414498918217,1,23.7329062846747,1,21.6647739653854,1,22.7580351264095
1,38.0449092555817,1,33.1233250419935,1,28.4765011395132,1,30.9950253440178,1,23.8439005695351,0,27.8563646517251,1,20.1320388746127,1,21.4695508183676,0,20.1121984946755,1,47.568729855069,1,23.9064439258629,1,22.599881717593,0,25.218571890243,1,24.1589500858805,1,40.5790285947826,1,23.57024529231,1,23.9481814507124,1,30.6768127194637,1,24.463287727233,1,23.6129136402602
1,55.9355093889843,1,36.4169466662547,1,24.1076769321502,1,29.3293206847328,0,22.6349344739775,1,22.4759308727605,1,22.4088450410543,1,26.923739923297,1,23.3431010885597,1,22.4083371919877,1,36.7467499836937,1,21.346226635928,1,21.8602645799111,1,22.902417715292,1,30.9011668378492,1,22.132303155014,1,31.9980375632681,1,22.9265027109975,1,23.5361766928234,1,23.4327942828862
1,43.4565737462497,1,29.2595135143015,0,23.2052328435395,1,22.0996028840424,1,33.2604658641907,0,19.7721145598808,1,21.4120087729655,1,21.7572901862956,1,21.3396254030711,1,24.6106457510367,1,29.9857497595243,1,22.7615841629841,1,21.1438333229811,1,22.0053789490097,1,23.9251333384256,1,22.346623599067,1,24.2547009692673,1,25.0035674776243,1,30.396833679564,1,22.031707591776
1,39.5955380912104,1,28.9637925058364,1,29.2655716556668,1,29.2401303916328,0,22.5890312860153,0,25.2805546754071,1,24.9654332028247,1,34.1332387438315,1,23.8469456715736,1,21.259784492489,1,31.9707255037211,1,21.5834795907915,1,22.2068960816765,1,19.8970307055131,1,23.3971288799215,1,22.3699064297267,1,47.2382115707291,1,33.9904708095294,1,24.0185159957302,1,23.5416775365227
1,38.109409392083,1,31.3499781953499,1,26.0227591771904,1,21.7238805413501,1,39.3998561703368,1,30.0969474147836,1,21.599916033017,1,22.3706169350013,1,20.7810105467663,1,38.8731951570942,1,20.5467219555268,1,27.8386357932727,1,21.5109963728811,1,21.0924937062263,1,22.5491655715029,1,20.7388932150417,1,19.9110752760018,1,22.0548771699828,1,22.7567328716487,1,24.3698051304744
1,61.8200373524503,1,37.5044658874835,1,23.5636793117239,1,31.778884839338,1,21.3547154592639,1,25.0082994853715,1,30.3809124872491,1,24.3276738617062,1,23.7903994696569,1,21.9334131307885,1,23.7275971918755,1,34.7814537578684,1,24.2245443085181,1,29.2763098542648,1,22.557627871164,1,22.0688186577425,0,21.5966690813434,1,21.8522851705122,1,22.8536875750905,1,21.628068302459
1,42.1499328236546,1,26.8438775680523,0,26.6097224049107,1,22.133586102212,1,20.0035024295628,0,20.2876560586697,1,41.118629614512,0,26.2339227293325,1,27.293167289755,1,23.4569158420934,1,23.8011002897908,1,22.4149973071623,1,23.3857006105682,1,25.6604561789752,1,23.9603190953519,1,30.2483943246757,1,23.377029770282,1,21.3662609466313,0,31.7991548797855,1,21.4243037700106
1,33.671218783142,1,28.6529580879552,1,21.4734245251107,1,21.8592755624361,1,21.9147433648646,1,24.9251773245962,1,20.8085552995874,0,23.1261390931928,1,22.0282858061316,1,29.6324105762409,1,24.9386496907297,1,21.9917629458513,1,22.0835558925476,1,23.3598110205883,1,39.3258911137262,1,34.5395888986886,1,23.1087881378015,1,24.3391369307573,1,23.0911504589499,1,23.7377139951654
1,40.7274679457447,1,33.3254509212388,1,21.2200650014131,1,27.7251870100589,1,25.6378849111828,1,34.9241122550318,1,22.3690309414853,1,30.4340909427751,1,30.9014050830517,1,22.8773186316483,1,20.5455162072722,1,30.5601062218981,1,21.7476674234129,1,22.9457486175072,1,26.6148103735951,1,22.8214077049863,1,22.8747952586545,1,25.0456995344869,1,20.789709742257,1,32.5497301470636
1,35.6616437254123,1,27.9465124179592,1,36.3909065355509,1,25.5422092214279,1,22.6045633523672,1,29.5812561035231,1,26.2283362517364,1,20.9964517401734,1,29.5083055823334,1,21.3641500166616,1,22.4452164001369,1,21.5629098126659,1,25.4531474377979,1,27.6048325140962,1,23.3577608640824,1,25.1578744977948,1,21.3956150347655,1,28.1397525841955,1,23.5402639325581,1,26.520413338864
1,42.3755958469986,1,24.5792804006021,1,23.9648943859687,0,22.6048710992641,1,32.4940408172952,1,22.7713513636692,1,25.4436559628079,1,22.1837967650754,1,30.1586967634757,1,22.0564216642767,1,27.0760605432433,1,29.8817444840993,1,21.823552732293,1,28.1094354585462,1,29.4511641853263,1,24.7039265229921,0,29.9557911400201,1,30.563808851258,1,21.1192014660362,1,22.8473348401215
1,38.6447705542053,1,32.2577000197066,1,26.7069937483944,0,24.2524496670777,1,37.0286611261263,1,23.0371512592332,1,21.7581176570134,1,21.1082663640037,1,23.6349670452746,1,24.5479383727995,1,33.7426463917274,0,20.6537920697986,1,21.7853625522039,1,27.3755865799616,1,22.8066623930883,1,22.120243510643,1,22.9866568295931,1,25.1432834317488,1,21.3552454354663,1,23.0545368578824
1,47.2846962770237,0,24.5374469468419,1,23.0327904430104,0,21.8269605443067,1,22.9011762677199,0,22.1534525432886,1,30.256196438222,1,39.7810829294749,1,30.57168665146,1,25.1201055529205,1,22.9533029163035,1,32.7727229895441,1,26.3985929360111,1,24.2663504312327,0,42.3169612011885,1,26.2856174992604,1,21.9779564540558,1,35.5540886842537,1,21.1982340667918,1,33.3368327147134
1,36.9012741989674,1,24.0160745590756,1,20.0213524860356,0,32.0639555552284,1,22.4962362172053,1,26.6739051073775,1,21.0608659284836,1,19.9525211194445,1,22.5531342925723,1,23.002629783021,1,20.7779382037022,1,28.4615095601215,1,20.0098506376213,1,21.1576432194879,1,23.7788984975719,1,20.7750260625292,1,20.1217297046502,1,22.8277228482708,1,23.317800897886,1,20.422283204231
1,36.2234202389659,1,28.1096856681634,1,26.7577925049872,0,24.086086954759,0,23.3411873260658,1,21.6490505272513,1,30.9069582587821,1,29.8503599449331,1,22.4973278534092,1,23.4217940260893,1,29.0027676528644,1,54.9962375209317,1,29.9118133358111,1,21.8066863866742,1,21.3302178412269,1,24.2356196003716,1,22.368460867254,1,23.9082422328023,1,22.8851325879424,1,22.6954228981038
1,41.9261809102188,1,25.2258884978437,1,30.6392474047442,1,32.0888528250607,1,28.051456503737,1,34.1403041273959,1,22.0861150916191,1,28.9330559530218,1,28.5724818669651,0,21.2466172494239,1,20.9922351524161,1,28.4684604412839,1,20.3153915511422,1,21.8978098224282,1,29.1151949403786,1,22.6944110179676,1,29.7081221620774,1,21.3011556459867,1,22.0300009560239,1,21.8888136573171
1,34.5633803734233,1,36.0037868220443,0,27.6254226844195,1,20.3897729893527,1,19.7777073819399,0,21.72100036739,1,28.0512929924942,1,24.1154980114279,1,24.632297545893,1,21.7619451608375,1,28.8499051497859,1,22.1506876150083,1,28.8611123673473,1,29.8656088419761,1,35.7405280240356,1,22.7497733817475,1,23.9145541200116,1,31.5221498826582,0,22.5800279513634,1,23.3143588110365
1,50.8485069300681,1,30.3862773150084,1,25.8962263373353,1,23.1342706048702,1,23.3567440032647,1,23.1907977014071,1,23.2021641787815,1,24.1559840156949,1,24.2774671032336,1,21.6429677896311,1,22.3696496603467,1,23.730510276939,1,21.3565788932589,1,22.5350379250997,1,22.7381926446266,1,22.5577943572665,1,28.5869116384828,1,27.7053895135811,1,24.8069045669312,1,21.4064299818252
1,39.7374249948671,1,26.6592559789285,1,29.0594179986741,0,32.3659587343047,1,23.4898790831667,1,30.0876007405127,1,22.7954326681756,1,24.356377036786,1,21.8540141493571,1,27.9248054436227,1,29.7381410913608,1,20.8272657006227,1,28.0367884589588,1,21.658403232593,1,23.2194686390678,1,20.6608720500115,1,24.6139356924539,1,28.9094548123132,1,21.7505426083772,1,21.1033738984947
1,33.2421954864004,1,31.959628176662,1,25.3188230117456,1,26.7474707071933,1,23.507255854342,1,23.2310334322766,1,23.6867353237728,1,27.911367431695,1,29.9190912017473,1,26.9872436222289,1,21.4202412476111,1,21.9374374414139,1,20.7762948468868,1,24.3955143636503,1,22.281861905712,1,23.3010856044642,1,21.8289628085345,1,22.5642829621148,1,22.1360280778599,1,21.5410597152155
1,42.9595053330347,1,24.1575992885086,1,27.8195992608372,0,21.5535782199447,1,23.7888627353074,1,23.2464648557092,0,24.3577524614077,0,23.0947790241963,1,24.7279051567393,0,22.8300018226772,1,23.243560560021,1,28.27265253447,1,22.5860396436474,1,22.4710123381172,1,21.5942955983467,1,22.4199106485261,0,28.8962376556407,1,21.0259827811895,1,24.57184142996,1,21.0650058952766
1,43.3532644526985,1,52.5764169238654,1,36.6347753154454,1,23.8062636572958,1,23.3160258715619,1,29.6624597197768,1,29.7915233719643,1,29.4639607617919,1,23.4862727608285,1,24.2328190458055,0,22.6105312490614,1,23.0772587609019,1,31.4817309086514,1,24.922294838815,1,23.2997644023447,1,21.2291124047925,1,22.2882709721185,0,20.7996582300564,1,21.673713549031,1,22.5145703858908
1,34.874686000397,1,25.0187134219584,1,27.962685729915,1,23.4282098770974,1,22.1439415120754,1,23.8381665499483,1,22.8936252337933,1,27.863723861915,1,21.4045551312489,1,24.7112083211205,1,22.9890220826842,1,22.8827387813331,1,21.252548335484,1,24.5210553815001,1,31.4799534974839,1,24.5873133864652,1,29.2094064848492,1,23.71916474925,1,29.3819178311876,1,23.18283837321
1,36.3951015463614,1,30.4049492882204,1,24.7316906416654,0,24.3015359591064,1,21.4960885678076,1,24.659108975798,0,27.6141581066024,1,23.776611905893,1,26.6322237118286,1,20.2910289774525,1,21.7228648178719,1,24.8487430310568,1,25.186735875089,1,23.5426425189679,1,24.161951078929,1,22.9997584696925,0,22.6903943832288,1,22.1757645590271,1,22.9248530603323,1,22.935934392088
1,38.1414570398613,1,31.2057126170005,1,22.1765553829859,1,25.3725189809186,1,30.1100198591781,1,25.5094173807652,1,24.6590087760808,1,20.6011689951717,1,19.5333429587101,1,21.2543618040243,1,23.3189473047021,1,21.630756026035,1,22.2892778375615,1,28.1140750923265,1,23.4986577572601,1,21.5294503773631,1,23.5874237686952,1,22.2672271397425,1,23.9931778970199,1,32.3768472657135
1,37.0745434999675,1,30.2202067597555,1,26.5554466310269,1,23.1180062839744,1,21.976670141956,1,30.9461706400369,1,38.0435011978022,1,22.8188774813178,1,20.5052750032982,1,26.5229871550964,1,31.698142444747,1,23.2885551457831,1,20.9195738581181,1,21.4933045712014,1,24.2032395903566,1,22.0923272859066,1,23.2754411473547,0,22.9809278339238,1,32.8584944167778,1,22.3484379683219
1,52.9703704605959,1,35.4054793361588,1,23.0197883246734,1,27.9126350898609,1,24.6108200456834,1,28.4173179617216,1,22.241097288409,1,24.986409230833,1,28.3063295744989,0,20.444910020576,1,21.9494870898755,1,19.9809369853728,1,29.4673794030127,1,23.1613074279688,1,22.2260791814341,1,18.9674236976024,1,24.5816944248053,0,24.4416040247161,1,21.4109915278195,1,23.1358877691809
1,41.0544993062521,1,31.618468823051,1,27.0290889081568,1,22.4893247263145,1,30.0185557954383,0,27.5537427017079,1,29.3654333320944,1,22.5050632577655,1,21.201130314824,1,22.2173244508156,1,24.0856414389962,1,37.3254495943437,1,29.6113912444347,1,24.255530060949,1,25.0921175387045,1,24.2405352391812,1,23.3809501870989,1,23.7766259236103,1,30.4915747172663,1,24.5930438542012
1,47.1200769771313,0,23.0509992963312,1,22.0398042266959,1,27.9278987887733,1,34.5611481662584,1,38.1514040191286,1,30.2361454810965,1,29.9389179478824,1,31.369929339518,1,23.6285256504252,1,22.5645400207338,1,30.6701142725752,1,24.512594109241,1,21.9911143803539,1,23.4809634098515,1,21.8790911548277,0,30.9860759310849,1,24.6995467925807,1,25.1801730595518,1,23.5756373097912
1,35.160615293556,1,37.1850217951961,1,26.7177293519237,1,23.0831278073253,1,22.2223689931586,1,22.5396178662235,1,24.1191553493152,1,21.173954726597,1,24.676746246333,1,23.9728563479553,1,23.5553025593106,1,21.8005985886945,1,28.0310513692963,1,27.5105789509274,0,23.3487480843116,1,30.0012912537792,1,19.6658402591124,1,24.1687772533079,1,22.7370484724026,1,23.4252169454818
1,39.0472705618645,1,35.4493938357719,1,29.9937609987716,1,29.742450065086,1,19.9862661335234,1,27.6504829481981,0,29.5363499540798,0,21.34286705881,1,24.9698998359865,1,23.1725988862307,1,25.9228852672285,1,23.6531600285505,1,30.3237759880449,1,38.5392491156197,1,30.8766338614531,1,35.0466428792719,1,25.3830701211905,1,24.0410221271907,1,26.3109965079065,1,29.1914102148411
1,37.4059631366061,1,25.4481440947719,1,25.5531477959247,1,21.1867921937529,1,34.4759082201043,1,30.8476658526147,1,24.0218450159275,1,23.957688558399,1,23.2310802896476,1,36.6975373549733,1,22.876789596496,1,22.6416787383558,1,21.5262474673252,1,28.6757199719682,1,30.3940283937847,1,22.3697941614611,1,23.7517894773937,1,30.1184226723382,1,23.140082972417,1,30.5076173105088
1,36.6138205389425,1,30.0057020367097,1,32.9494030609416,1,24.843582506928,0,24.752631611557,1,23.359848033007,1,24.509878895059,1,23.1183226029167,1,32.5675226507869,1,28.8739359400612,1,26.5200948243726,1,23.315333542879,1,28.4060405065536,0,24.4066765697771,1,31.3636651855853,1,21.7656503864885,1,23.2787433122187,1,22.8248574897508,1,24.2601494808752,0,32.0642008224647
1,60.2212379350139,1,46.4434782243427,1,22.0970264422077,1,29.2227621186379,0,21.507359842155,1,21.6806228795978,1,28.5670187872136,1,21.5518714861548,1,21.2687892480634,1,28.1008377373535,1,30.1657404194342,1,29.4293810619716,1,23.4735030057229,1,27.4220995318843,1,21.9397910703432,1,22.7961890160109,1,21.7083864943198,1,22.5107746452913,1,24.1171076460692,1,22.1027565815483
1,36.3176106320542,1,25.6818498727001,1,42.3853220630095,1,20.5775795824299,0,40.2724139584729,1,22.4289355283654,1,20.8776474593926,1,23.2017854445206,1,23.1068545086935,1,20.1417947457151,1,20.9077966747395,0,20.0922637109085,1,22.9667451728184,1,22.7198968883335,1,20.8952168869264,0,20.6193807655595,1,20.7925244404428,1,20.1789604108181,1,30.3112991311919,1,21.6243922528404
1,33.544278205773,1,30.8401555467724,1,23.9892320302804,1,28.3153057133729,1,29.7960858305,1,19.6038474942418,1,22.5028990386334,1,38.3327361619416,1,21.3007912377741,0,20.8117941769353,1,23.3163851061085,1,25.9515184257836,1,25.4201575109731,1,20.5181010590838,1,21.0826455699159,0,22.0637949395288,1,23.0712542715627,1,29.401133337095,1,21.7732350120259,1,22.4381090150512
1,42.5732970442047,1,30.7037133892794,1,38.4479817874598,1,31.1623513734778,1,22.4859267719526,1,24.6235014370848,1,21.6344509699612,1,28.983101586848,1,22.9491796540292,1,20.7518124702581,1,28.1786667097962,1,29.8599712097547,1,21.7650986764738,1,23.1759675782663,1,22.6129304896435,1,22.9093839202123,1,23.6929354432841,0,22.2315676220534,1,21.3972014845458,1,21.8618374167847
1,53.3744662425464,1,26.6067432347778,1,21.8624529251989,1,34.8360147279467,1,23.8212497477941,1,22.7571422861897,1,27.7205264555471,1,36.9120169087812,1,28.6120132356412,1,23.0638267278567,1,19.6808119894176,1,21.7889309018912,1,23.1851649569485,1,22.5275522318501,1,31.0396842911415,1,20.7352181631747,0,24.9762171382033,1,25.0420952614331,1,23.9767133637747,1,21.4321279036876
1,34.2599359494992,1,29.7440013840064,1,43.532495604116,1,29.2213272872239,1,24.5998754727013,1,22.5995045932968,1,22.4995788195937,1,24.4660640414546,1,23.9242829057258,1,23.6270184897115,1,26.3960544781243,1,32.2611916223515,1,26.3562340524054,1,37.574640142753,0,20.8831439781074,1,23.7928192237242,1,23.219803549827,1,24.5395668022003,1,30.9755094007153,1,23.4287185764847
1,43.8164359625548,1,25.9489837171662,1,22.3094214626664,1,21.5690918123622,1,29.6074858591791,0,27.4796968369153,1,27.2070650007293,1,23.4279868589583,1,22.7499937790829,1,23.8648683577487,1,23.6396778310113,1,23.4133453928451,1,21.5522780670329,1,23.111566121904,1,31.0034591940236,1,30.1231095486837,1,22.4106259398991,0,33.112343266927,0,30.4750787479368,1,20.9829601108753
1,39.9778595869769,1,25.8915502041039,1,19.6329498040295,1,22.3298686120558,1,24.2147923845399,1,21.4677932664417,1,22.9507835985008,1,21.9554572636349,1,25.407483179867,1,31.1069722014968,1,21.6902215222092,1,20.2198178748098,0,21.7112788427739,1,23.872009707726,1,22.0042151920751,1,32.1684479353227,1,23.4202271272719,1,22.5836635682427,1,22.1570179529833,1,19.3739466200332
0,31.038153982157,1,29.2419460920646,1,33.7553279985679,1,24.7702111376354,1,31.465398712345,1,29.2638625144573,1,31.0912642168546,1,23.0250537795398,1,24.0808855747231,1,24.3081335990073,1,22.5719710978834,1,21.2938515137106,1,23.8607241950865,1,41.4862948108524,1,30.5927290222826,1,25.2789075715483,1,24.6475638136908,1,22.7413436407401,1,22.4888378753077,1,22.5828824094813
1,39.1888351410806,1,27.7529127334067,1,31.9301464484816,1,34.9684111436498,0,23.21368097262,1,27.0035797590501,0,19.6852773684564,1,32.1980724345673,1,30.6714555178812,0,21.3643167649029,1,21.8279623986319,0,22.0658212863055,1,22.4989741045565,1,23.2392705869784,1,23.0317969168621,1,22.5847013196008,1,20.2838322775015,1,22.0138789466885,1,22.2841581972719,1,26.4022791647187
1,47.613534371352,1,28.606006179069,1,21.7864062272127,1,35.0384317064301,1,23.3587366178836,1,21.1549042909547,1,23.6957523651286,1,27.2293836599333,1,24.4717439536919,1,21.8580574807202,1,24.740756708316,1,33.8371452530356,1,23.5917812130734,1,26.1330094106391,1,26.3266489893411,1,31.9874567933076,1,23.2046677076757,1,22.7577851565235,1,23.7989828331577,1,35.7660651700868
1,48.1320300719213,1,34.3346553309342,1,25.3344458668393,1,25.7400688032966,1,21.7818649436988,0,28.4579530094445,1,31.5968355647452,1,28.4390299467356,1,25.2713982594653,1,22.9002436356919,1,22.4162173748217,1,23.2504430086313,1,23.7988128990933,1,25.064140321416,1,23.3545485347117,1,22.3409557906557,0,29.3459617428679,1,20.559131087827,1,31.709912058126,1,22.5527344570107
1,49.7342176607207,1,40.0730169476527,1,22.5721352470938,1,23.0441417376522,1,31.0439723927005,1,31.5545614757094,0,22.228855051202,1,30.7672412540633,1,22.7541207996577,1,20.18817185211,1,23.990212543982,1,22.1291497124132,0,23.6726405998977,1,21.8575642705502,1,24.3254738329583,1,23.4095030429672,0,23.6362260555844,1,23.4180508431002,1,24.5917989328239,1,23.156720896372
1,37.3760297594009,1,29.8487376830491,1,22.8671067514799,1,29.5026636854281,1,19.6717819547839,1,21.8986278824121,1,27.1636816397108,1,22.5692487179246,0,21.6552467497296,1,28.9991247911408,1,29.6537255595761,1,30.9781093502088,1,22.1671810351107,0,25.5215623073686,1,22.7921398216676,1,21.8721442288196,1,23.6182622122389,1,22.646814818836,1,21.519721197717,0,24.6311444873986
1,30.7975877061404,1,32.337612158528,1,24.3769567469066,0,25.1816696296986,1,22.958923979247,1,27.2695076537019,1,23.6006699028253,1,32.8983579234444,1,30.1518446734674,1,29.2162559472451,1,24.085597528562,1,25.7245952769445,1,24.0295290802751,1,24.7725302891661,0,23.418676036203,0,32.4367192189861,1,29.6229455106679,1,22.6302998303649,1,22.8313747122874,1,30.5377127074776
1,51.0972608922122,1,36.9815610602115,1,31.3596300604433,1,40.406699950914,1,23.1972421568551,0,21.8838555568694,1,27.6836643182816,1,22.5415048490038,1,22.2382670698958,1,26.907623187215,1,21.378784683289,1,23.8113688298772,0,22.1987771708138,1,27.7883123404725,1,23.0056646708393,1,20.9693855151825,1,25.2086601633302,1,24.033245063858,1,22.9521102972975,0,22.4802698422666
1,31.713658248065,1,28.9005980336961,1,34.6389258519681,1,30.0450780808618,0,30.2946407031517,1,23.3501113052465,1,23.1203931299019,1,22.5191533852203,0,25.1411944723932,1,21.5826399709422,1,30.3750903579563,1,22.7873750800388,1,23.3316279209671,1,22.7564274380137,0,30.2236412111658,1,26.4559615191199,1,24.9439369754155,1,33.4442152824706,1,23.4794654143309,1,24.3848352364763
1,41.1655707882651,1,27.5855780642056,1,21.3820321978072,1,34.7038051523283,1,23.0702762998647,1,37.0599932667196,1,37.5311736539462,1,23.0006932129411,1,20.4471046517928,0,24.0997833121714,1,23.2678423632449,1,21.3968010094813,1,39.2494606850924,1,21.3305197800766,1,23.8912592477292,1,24.9342464692696,1,21.67671095474,1,25.5269738991437,1,25.0894907227103,1,23.0373800303949
1,38.2496881845583,1,23.2653049160091,1,34.7754470769921,1,23.6775211623817,1,24.181794669238,1,21.5252267859641,1,27.2259430745912,1,29.0348760537776,1,32.8242980369754,1,20.0060232580835,1,22.829529971766,1,24.1535859019468,1,22.6474738508415,1,22.4781033906768,1,32.4425659843097,1,25.8142124242628,1,21.0407226238186,1,24.3604253342396,0,32.2481498182401,1,23.6232288653821
1,60.8300610671777,1,37.6744137861128,0,24.5146622681872,1,29.3961832307383,1,23.0577359228712,1,24.1987064345384,1,23.4972659938677,1,21.3921950954383,1,29.1025205894078,1,25.0714002520495,1,24.3639560275347,1,22.6720769054877,1,30.2968626159671,1,22.2382522489139,1,30.9208190506687,1,26.1284543266571,0,32.7609254678702,1,23.9666709220581,1,22.7256966057169,1,24.5659960873907
1,37.0810050731022,1,25.1985377701698,1,21.4382013842348,1,23.1393062168437,1,31.0692249209207,1,23.2545244141496,1,25.7541846543705,1,24.2083538916729,1,22.5811669936563,1,22.6507964314805,1,24.6066361391328,1,29.1154777303185,1,23.3786653846,1,21.7871937851238,1,31.227473336764,1,31.8933173288156,1,21.4714117530242,1,23.991973712669,1,24.9287648647119,1,24.9405867670501
1,43.2506075743861,1,24.11250471043,1,24.8326028547011,1,31.1610227429627,1,22.6767178576661,1,25.93640086703,1,23.7022244828504,1,22.3769539909468,1,22.972358685711,0,20.5682938866974,1,24.6950362979907,1,24.2200144401463,1,21.479376686717,1,25.0674065242352,1,23.4641850887473,1,32.0990184047125,1,22.8344716720657,1,32.5322906095741,1,33.2185131354988,1,23.2320304259342
1,50.585220166606,0,23.9459867743953,1,35.2742035999196,1,21.2950835976805,1,18.8109385493556,1,21.5127182176055,1,22.3338928314965,1,20.0812741131103,1,30.3884649182167,1,20.2153802759123,0,32.0269617143657,1,30.1904546724214,1,22.4669498135138,1,22.7767649214121,1,20.3519547686134,0,22.6184872873994,1,22.7792704489256,1,22.8447102545882,1,24.8101528136214,0,21.2744570022542
1,39.3420325084492,1,28.4654480276211,1,28.5720093985059,1,33.649025987161,1,21.4900353148997,1,31.342049027125,1,26.3936160297905,1,21.7293280807828,1,26.5253669921669,1,24.6324096755966,1,22.3635044047515,1,26.8425098942697,1,20.3328456069192,1,23.7806988703997,1,20.5943839679408,1,22.1289218587806,1,21.3707928532882,1,21.2035728177775,1,29.9709805320426,1,22.837381596058
1,37.1046267274575,1,28.9658376650474,1,23.3187217801011,1,22.0134470780306,1,25.4035766747133,0,23.1617554308299,1,21.5789805569014,1,21.0065203610895,0,21.8174798639779,1,30.0396123491409,1,30.4778788553938,0,22.318876297517,1,23.1902739695525,1,21.6813884694353,1,22.2177088160228,0,21.9065530109508,1,30.449172238408,1,21.7555823973004,1,23.4235330282549,1,23.6966826109468
1,34.5253764714745,1,49.7996382165076,1,38.6387836361356,0,25.6384620747553,1,27.9609782257614,1,24.0794179057416,1,30.9947447783915,1,30.806484395564,1,31.5174699099378,1,23.6336522988419,1,24.7264393009769,1,22.3339208439258,1,25.2307249300356,0,25.1216549848713,1,25.1117339710216,1,26.597983498906,1,23.4833735360494,1,21.3734814070883,1,24.1799664841394,1,26.5860560425317
1,39.456341049589,1,44.5949435847325,1,27.0746727595396,1,28.0744543415962,0,28.9840642642181,1,20.2252816535484,1,23.8585417564943,1,30.8845883650229,1,32.2882774443822,1,20.156325778458,1,21.2828455380216,1,23.9237634220873,1,21.1627052472222,1,21.9349437814089,1,21.2919081329599,1,33.5600177431119,1,22.7838742503423,1,23.8115223109093,1,23.2934517693909,1,19.0068064035134
1,44.2513430500709,1,29.8429413706356,1,31.5393302572849,1,23.4062570874902,1,21.2265237056227,1,41.625618479365,1,21.7353976301733,1,23.669586180885,0,20.2888249799113,1,21.1580576172362,0,21.8777123698049,1,25.2498455535058,1,21.0500758810212,1,31.8021716193432,1,23.423160800897,0,21.432484090362,1,24.5673120073058,1,22.5612047177953,0,22.3303980883209,1,23.7764737661822
1,46.624614762418,1,25.2038369488751,1,25.8925818149363,1,22.7491826986755,1,21.2678345687202,1,26.1433204839112,1,30.3261010067241,1,24.0994182223036,0,20.309856621576,1,24.7203834090832,1,30.0735481747999,0,23.1577279298953,1,22.3140873748144,1,22.0414629294513,1,22.1066512249736,1,24.156389338454,1,23.6473053054387,0,22.5740463229513,1,23.4696647487647,1,37.3447049078423
1,41.4106618269845,1,33.1101028184827,1,25.6252605858909,0,23.1621315875956,1,23.1793642893149,1,25.8863350105265,1,23.4974178426712,1,25.1135677816675,1,26.5140516123883,1,25.7139380100009,1,34.7561954162885,1,24.120114945407,1,24.1516103206567,1,23.0592628832121,1,39.8376284951403,1,22.3186902797271,1,20.973003589286,1,28.7217371312666,1,22.6788403024027,1,23.2900377127776
1,35.9503449841126,1,31.0009389478907,1,24.6455699318678,1,22.9012372306737,1,23.4538965548826,1,25.1584361999201,0,27.8594874397378,1,22.3773840692319,1,24.0225751002698,1,24.1108409430223,1,24.7016175915962,1,29.4623761001412,1,23.7333576860133,0,28.0303154669018,1,23.0125408025504,1,28.6112351902696,1,22.6069053884186,1,24.5224479028416,1,22.40786426869,1,22.705127527347
1,36.7609514059788,1,30.2693706996534,1,25.8022770508048,1,23.7925762877442,0,21.7694869931952,1,24.9993679232429,1,31.445390413906,0,22.1707578653198,1,30.6008814415764,1,28.8657821471906,0,21.1750924606856,1,25.8201267394269,1,22.4698332286689,1,30.7315795209437,1,24.0852444140263,1,22.6882975779802,1,29.9016230253027,1,21.4709875903093,1,23.7852189973597,1,24.3414149062734
1,44.2016943099877,1,31.0011013063623,1,24.622412548574,1,29.0691027177226,1,28.8957524338727,1,21.6307692604644,1,24.6792321224429,1,20.7455175801309,1,25.0564324206669,1,21.1505269829524,1,22.6580474692543,1,22.7478348514395,1,20.8147635574378,1,22.1822737986733,1,19.6660891510607,1,21.6960529646058,1,22.7195823874489,1,21.6954569126542,1,22.340672154622,1,22.4362980962201
1,42.2411175873727,1,30.6772828002393,1,36.7092133942746,0,24.0956337587982,1,32.5995589470502,1,20.556011600927,1,21.6857450960314,0,35.9387487916471,1,21.5921892697079,1,24.0622450501478,1,26.4025039126733,1,42.3961807828061,1,23.88099411172,1,23.1912451163189,1,35.7167342969773,1,23.5867158199894,1,21.6950363534811,1,20.7680817899745,1,23.0425893606958,1,33.1495653858626
1,37.5117990165099,1,35.5006322264868,1,29.8710693286643,1,26.6474515736285,1,25.792456811122,0,24.7401726114999,1,33.4764428684054,1,24.0423884016349,1,26.2296840625146,1,30.4695824583948,0,25.4645605082837,1,29.2615451581302,1,24.2749937147431,1,22.3442363401531,1,23.9947277863108,1,28.6891661866466,1,21.9780268379017,1,27.5815219682889,1,32.3659095908444,1,21.6899387381964
1,43.0305967527549,1,27.8977028964813,1,25.7352665167855,1,32.2488915088627,1,27.6850198749489,1,23.4106917754041,0,21.8034311716378,0,22.1993440911188,1,22.0605635053186,0,30.3316220272012,1,40.2668315502423,1,22.5963176173311,1,23.4471419726776,1,24.0595882139259,1,23.8091615544927,1,22.9187179051798,1,20.9587929678213,1,43.7603376418717,1,22.8734955974752,0,21.7855826271494
1,56.363874899929,1,28.1692668951461,1,29.6353539795642,1,31.6163860188935,1,28.1586891097419,1,27.7371356422201,1,22.0898785331416,1,21.6339312712294,1,23.4689260019199,1,24.2924098315463,1,22.0882080086159,1,24.8650514594944,1,21.1601133534695,0,23.0296325951865,1,20.7342466036404,1,21.6489293850616,1,24.5122316587631,1,22.8890437279432,1,38.0610224197926,1,30.3750788929107
1,55.7764015205631,1,26.0169794317075,1,28.5590490366578,1,39.9847860270729,1,20.3604339672002,1,25.0889607850224,1,29.0326686238338,1,30.571999179004,1,29.3501254786044,1,22.7812914200044,1,23.4144927413359,1,21.9119192843105,1,31.357019951828,1,23.6368096457462,1,22.6316997786123,1,24.4180807522716,1,25.7622062304408,1,24.8358585994112,1,23.7542928401067,1,24.0515326104933
1,36.4212121504808,1,22.4374302407658,1,29.4576524239391,1,23.503560125579,1,30.8894874928488,1,25.3539232452041,1,24.3819839411295,1,25.1146531022271,1,22.3246535785523,0,20.4747929944157,1,25.745240711635,0,22.534961410697,1,29.5342378872127,0,22.4996160593404,1,26.5366968737485,1,32.2695134775798,1,25.84609021984,1,25.5148184962103,1,24.1506465837241,1,20.93772769694
1,40.1579920700635,1,31.0295943407635,1,22.1224126469282,1,22.3255651759107,1,33.7400293162067,1,23.0771916130639,1,26.9980370807825,1,20.1880795973746,1,23.6417622441931,1,23.1561744573279,1,30.6970424311463,1,22.7563556770199,1,22.6033047188403,1,31.6258978991568,1,32.0993426550086,1,26.4482136248417,1,23.0142011565956,0,29.6360765640899,1,22.8824228335827,1,29.0639530334763
1,36.1366248973578,1,34.5837775159734,1,21.9746326848008,1,31.1941041674068,1,22.1835490206564,1,22.388172483746,1,21.7287032255839,1,29.5790109126492,1,22.3458797711363,1,20.2837660590609,1,20.8671458846341,1,21.6546801389221,1,21.4620818399203,1,23.9426132703722,1,21.2090961780508,1,22.4646788180737,1,24.8426876396833,1,30.9695390091758,1,22.8756528894635,1,22.72792802085
1,39.0601977622087,1,28.7617786747476,1,27.9460981265296,1,23.3372479940192,1,20.5034322524215,1,28.3890589460501,1,22.7625547171181,1,28.7692528877182,1,22.7104508498851,1,22.13545527218,1,30.8104635773546,1,33.390953845355,0,30.3597666008728,1,23.1492141753178,1,25.4081934592873,1,20.9562258966102,1,23.8478487050018,1,25.8291773497806,1,23.3991786317985,1,25.3866774652478
1,40.9659151445919,1,27.2065535416316,1,36.8573570575894,1,27.6824064070292,1,20.8413134641276,1,31.3432767037927,1,23.2311745485209,1,21.3200772670291,1,21.6711034110022,1,31.0915628935331,1,25.1167007896483,1,21.8334985092147,1,30.7701218104509,1,23.165977335867,0,23.0359890935506,1,24.7433639909364,1,23.1169172604401,1,24.0690165958473,1,23.4310176841978,1,22.5553783036319
1,38.7742144371796,1,24.2019329583258,1,28.6843327063284,1,20.9569559411703,1,33.2924259426683,1,22.7102275410596,1,23.7878623019031,1,21.1864253886285,1,21.636497781089,0,22.8321832994453,1,38.8960195255022,1,21.1204920551066,1,29.8309177455473,1,19.1971281853347,1,32.6978492224245,1,21.0525660272063,1,21.8195401815087,1,19.9821354680086,0,23.2865288152086,1,29.9798298238547
1,49.9022248369374,1,36.1390609999891,1,38.5756335455054,1,40.003956690648,1,31.2252292284665,1,21.566973809106,1,29.0488861083776,1,21.6217608255289,1,22.0704862581019,1,23.7697590768541,1,24.0336764794391,1,23.8209485761772,0,23.0417445215389,1,25.7771824894541,1,24.7040235016776,1,24.2973651852943,1,24.4976166513271,1,25.0623430303791,1,24.9983285196954,1,22.2592191469879
1,43.6675660782476,1,27.3858412328365,0,34.1041091135898,1,21.8857903255733,1,32.8313235957954,1,35.5309992157451,0,21.3161277709098,0,22.6149599092227,1,35.544131179035,1,35.6776997330389,1,36.2935221746074,1,22.8897147531463,1,37.1768690629235,1,22.5151019286354,1,23.6463758620758,1,34.6683847378277,1,37.7031893811352,1,25.3019563107915,0,21.4944155143024,1,47.0937045319634
1,37.0984746399697,1,24.9299928290775,1,22.3753872498391,1,27.9359667090025,1,21.4548606932151,1,23.3209632434628,0,22.4608350799183,1,21.2958745426672,1,21.1483369611491,1,31.4839589573622,1,29.1030634464011,1,24.1851410209429,1,31.3058829035371,1,22.6287343679939,1,31.8055408279094,1,22.8916206598862,1,22.9985982980351,1,33.0430044293815,1,31.2844070063187,1,23.9822803728744
1,39.5978655679809,1,34.554336974698,1,28.988285936206,1,23.5591372928521,1,20.9138447447196,1,30.3685767017303,1,24.2421257053436,1,21.7542824362224,1,22.8307022349671,1,24.2594178539755,1,23.196859347132,1,23.3657450989232,1,21.4532908382747,1,20.8941017914427,1,29.6770152510767,1,23.3874386148506,1,23.1569619762154,1,23.6613017317186,1,24.5667748637262,0,21.7470956545758
1,46.0183542590307,0,33.008862511284,1,30.2087320963851,1,26.2673211278382,1,24.7292919504968,1,22.6019961114227,1,29.7053652696007,1,20.7683971161297,1,31.155426569335,1,21.1700959207725,1,23.3440077493714,1,33.468984750114,1,20.8130151964988,0,24.5860777800339,1,24.1773398074472,1,22.407596893716,1,21.9733106904226,1,39.7801824013212,1,23.3420689455773,1,32.0242299546128
1,50.3139396567833,0,35.4905197639874,1,31.5415166253541,1,22.5459280366117,1,33.0626357270754,1,24.8205988567987,1,23.5293398817967,1,22.6902195626724,1,22.5077905921583,1,21.5237135483309,1,22.9420899482593,1,23.8650261389889,1,21.4115833260431,1,31.0759733546198,1,21.8574169725236,1,22.4611736867405,1,30.0317085634562,1,23.8382161653817,1,22.6893263310907,1,23.6387743513956
1,45.2534624767627,1,29.1171658254046,1,23.0066803234119,1,27.1786774807924,1,22.6968277242994,1,29.7514348496686,1,25.8125879281934,1,22.0787095872212,1,32.6981295462233,1,31.0776010343986,1,23.4712605264591,1,23.5922356644883,0,29.5798595257157,1,23.7399896916298,1,23.8242798062442,1,27.4733413123681,1,29.5038308563579,1,22.2091130257492,1,22.6578480432134,1,24.1040164949907
1,31.7287160576931,1,34.4478393937791,1,38.7496116316871,1,22.3724412079373,1,26.4286103056658,1,23.2525993685991,1,26.1222731514502,1,29.6617496633586,1,22.1051899441626,1,24.0680283527116,1,20.6914686112002,1,22.9397267308646,1,31.1816324594304,1,24.7994143958023,1,21.1191641841231,1,31.8156922315545,1,27.9924258626901,1,40.0997149046248,1,31.4626244917078,1,28.2718899690589
1,47.3318397303539,1,31.0748048003311,1,35.5558148929552,1,27.0993214924382,1,44.7229765259359,1,21.7502252435467,1,23.5525404701692,1,21.5832098863514,1,21.4232984407116,1,22.8364731127651,1,22.3747633616064,1,25.0300207292983,1,22.5343930556052,1,27.3954954101229,1,22.0891569057533,1,25.9657861563938,1,24.3954586492949,1,24.9520383762592,1,23.096560187684,1,23.4410527393136
1,40.4182047621369,1,29.304168331855,1,26.5281397078468,1,21.562542207243,0,22.2798935519851,1,21.6737069552294,1,27.6408402257923,1,30.8235355699995,1,29.9589358564138,1,22.0762677382281,1,20.8411274049256,1,22.3750196330342,1,21.7911666218668,1,21.9907183527516,1,22.0139038509206,1,31.9431318737308,1,21.7003549243077,1,22.1857180047821,1,21.9317689905992,1,24.6395137358237
1,41.1934908888043,1,34.423933886544,1,21.0515594271176,1,19.9569924070381,1,18.935058031754,1,29.9955276454639,1,22.4479006258722,1,21.0597139028359,1,31.7911188760291,1,31.1139700016816,1,23.4645131422745,1,19.4391241460148,1,22.895411286138,1,30.5092047982794,1,25.6414556019041,0,32.9057741070267,1,25.995466440058,1,25.9366382246201,1,23.778830411845,0,28.478321707658
1,34.2241189365198,1,22.8596842771781,1,30.510847332911,1,23.2618765744522,1,20.6802573223747,0,22.7448446029538,1,22.6982170485415,1,28.4258888207287,1,23.5517559787214,1,23.7193495606658,1,30.5299102932152,1,23.999165932972,1,21.4680970802793,1,33.4726088503334,1,22.0551495287652,1,22.7843639485623,1,29.5881694367474,1,24.5705133501674,1,30.484788768434,1,22.5059527379895
1,36.8275130407796,1,29.0780847366757,1,27.9374973805143,1,22.9255358343029,1,23.3923540401456,1,22.2700804062678,0,22.5032239337538,1,22.1290123335269,1,31.7429757318249,1,32.8542326239334,1,31.4975614703135,0,21.566064947873,1,32.0059596136597,1,23.2512257494645,1,24.0513088018704,0,19.4273240793759,1,34.381905048395,0,21.2384213193983,1,34.768164053399,1,22.226164409064
1,36.1988510963062,1,24.3144229100663,1,28.5957765019901,1,25.840641034674,1,24.6791903050935,1,30.3827347355418,1,21.4464468844219,1,20.5743113910018,1,20.9654992332488,1,31.4878363052479,1,22.7655907244263,1,22.212143290737,0,24.5676637734657,1,22.5988838874188,1,23.3834378003675,1,22.6963034797673,0,25.8817418801022,1,35.798008657695,1,23.5795634166843,0,25.331981832318
1,33.8697775480957,1,26.9561311382202,1,32.1337615690772,1,29.8349024429767,1,39.6247678122979,1,37.3715079719942,1,27.5578208331827,1,26.3271069892265,1,22.5909528061725,1,23.3001300277618,1,24.992619476175,1,24.2888248109254,1,27.7353903832916,1,25.9098460440076,1,20.8035768094225,1,29.0737908426676,1,24.0929646492807,0,22.1610169835612,1,30.3286429774441,1,29.8249071437091
1,46.3205587149497,1,31.5229466725078,1,23.8539828629953,0,23.418451515138,1,34.8695060700109,1,24.4171514752593,1,25.1350244320791,1,25.1877471549003,0,31.9880343428473,1,25.2589288138894,1,29.6626926095023,1,27.5293615584229,1,23.6846382031807,1,23.2984188686,1,24.0749439298815,1,23.4923179494157,1,23.8453265635942,1,22.9078758639754,1,24.011619217753,1,22.0323053742118
1,47.2656521362847,1,28.848083614253,1,31.8626923044891,1,23.7536236714571,1,22.4969111850842,1,27.3903212106969,1,30.1747262526418,1,27.3575712492917,1,32.1728014386321,1,24.6414691957106,1,32.737692504783,1,39.5742058354493,1,23.3107257126271,1,24.0182462978231,1,21.4990650152811,1,25.5819153678352,1,27.6505699084524,1,22.5515649291821,1,41.2553539750789,1,31.7465620809801
1,55.6295737816136,1,30.5757427917795,1,27.4127665693215,1,21.0862318901024,1,37.374369529975,1,24.5148563716088,1,25.7057827301106,1,23.5297485503375,1,24.6745310558049,1,23.4720003621148,1,31.2125539012949,1,24.7105894503322,1,23.0860561223318,1,31.5289200477332,1,23.5778062323474,0,34.6966093902212,0,22.7657050305904,1,32.1361952293289,1,31.5147027190707,1,25.5238902688603
1,45.3525366366998,1,27.4689313920183,1,25.8655148205856,1,33.2607752185151,1,29.2883289024374,1,27.6097640410996,1,23.4714698759245,1,24.9560653279018,1,24.545733664579,1,22.29414139009,1,23.6495977071188,1,23.3384331175751,1,24.8585503065937,1,27.3795062509155,0,21.6704578960334,1,25.5938377850159,1,23.2357108276484,1,21.7751833427139,1,23.1538726396711,1,21.0410191771778
1,42.5289513615058,0,33.6124851472804,0,20.8301331966687,1,33.8924267382792,1,22.0029306268909,1,30.6284808650051,1,29.9201141312171,1,24.268184561271,1,24.5557618042548,1,24.5521881522653,1,19.9265060491067,1,23.397639100362,1,23.627396618682,1,30.8146336373862,1,23.0316061825644,1,23.4957610775726,1,23.3414291067859,0,20.0723499822811,1,24.0845854964671,1,20.7279724337459
1,36.6423607643365,1,23.9120996790516,1,24.1667736724719,1,28.4640647091778,1,25.9375320229976,1,23.151356254464,1,31.6211815980708,1,24.5702990201846,1,24.3678485949789,1,27.6052119383772,1,31.9196648523752,1,21.2159020441925,1,29.0401270702507,1,20.904503418483,0,22.1790231422688,1,20.5040258155949,1,23.1819545145858,1,22.7313148523977,1,22.2664405391366,0,21.7362837317785
1,41.8520231043525,1,33.8193910465488,1,30.4649104719258,1,23.7847336445536,1,31.4347952183139,1,42.5353138983967,1,26.5388998669222,1,22.8100261762927,1,28.9525204359041,0,23.1058527820205,1,23.2646935883023,1,23.5876103216149,1,22.405221405355,1,24.0477584076281,1,22.0535952197196,1,24.1260948808181,0,25.4321400772986,1,22.6881250045412,1,21.6261978460113,1,22.1191507639628
1,45.9851130956534,1,41.5013205872907,1,24.1400161071789,1,30.7265766567564,1,23.8487409227011,1,29.546890072236,1,25.1783291740856,1,29.2284548008796,1,25.7963111763605,1,25.4316038892998,0,20.0071168121299,1,31.7080140416521,1,23.4065357032367,1,21.7771068073975,1,22.6614800079366,1,20.9970244804092,1,31.2935483837172,1,22.8587215773995,1,22.2997091129028,1,22.2685770538939
1,42.9795808240841,1,33.7118464531072,1,29.227996726971,1,27.7385492518751,1,27.0709142774948,1,21.3365322887702,0,19.0623620841348,1,24.8849860261581,1,22.8974697157911,1,31.1206107685688,1,24.3487778779292,1,24.0793464316177,1,29.5770846452665,1,23.8596336007329,1,21.4929133771407,1,24.5062338168026,1,24.6644147510263,1,30.9810854039885,1,24.6589725422933,1,23.272053229109
1,63.8373901806635,1,28.3269402690876,1,19.2690994022375,1,18.7257974696927,1,30.1246897418583,1,22.2272954335921,1,31.2673403757307,1,32.8188578509569,1,24.3220190028438,1,29.6040097054006,1,29.3282518600603,1,26.5201875976341,1,30.9020791331122,1,24.7590461077085,1,22.2753515619887,1,29.1101518379157,1,24.1495216217487,1,23.7953717116364,1,29.4839935268948,1,23.2635019146691
1,44.5885204047621,1,44.1356561849166,1,23.0545696385196,1,30.973729678887,1,31.3737558912386,1,22.9888503041144,1,27.5061206232011,1,24.5463734454693,1,24.9905773566528,1,27.375024537715,1,21.4614195045797,1,24.4518171562632,1,23.9556042208527,1,24.6537373938261,1,33.0824028217716,1,25.1167159254403,1,40.8207663827421,1,24.1855635128695,0,32.6785146526412,1,22.1483993073359
1,43.1464951089205,1,21.1958894278181,1,29.5678662698916,1,32.2905682899923,0,37.0648521388563,1,30.3480428145363,1,22.4595902476288,1,29.3903006236489,1,25.833788839499,1,25.1787731229684,1,21.0504435244896,1,22.3177113742732,0,23.0632294848902,1,22.0106544554325,1,31.9122358597365,1,22.3706254819319,1,30.5705651032803,1,23.3223892829519,1,32.6282646550354,1,24.3984154260931
1,32.0221709727927,1,30.5448004727878,1,40.2841485484376,1,20.4551050451716,1,27.1711769415945,1,30.7152403475437,1,21.7373150968162,1,21.8373124515254,1,23.6528182173227,0,21.8410481320684,1,30.0533246097428,1,20.9438727477643,1,30.5921323471925,0,21.6006483672215,1,23.3324560082287,1,22.5655006826037,1,22.5430381720216,0,31.9873095723877,0,39.1669795097888,1,22.3712319677674
1,40.337168592893,1,28.9658615950525,1,30.5095140612447,1,22.2535793864806,1,38.788706903773,1,31.4395418668135,1,28.753557640367,1,23.0800983604187,1,28.0195516873754,1,24.9159758123843,1,23.4217994146536,1,29.0807934194021,1,21.7926373640937,1,22.0826278084528,1,23.4179732654354,1,26.1581652318202,1,23.3870700825431,1,24.3922503012555,1,26.8984700876007,1,23.9879394315283
1,44.2155004905384,1,23.6714316654776,1,25.592645289784,1,23.7377518786553,1,30.9263535957048,1,22.8534065570106,1,24.2629224634777,1,22.3947072727423,0,29.1752334304573,1,22.2727841382326,1,32.7576770663094,1,35.3058234053217,1,20.4248515173622,0,23.0563003575123,1,21.9005662189608,1,23.2668171711121,1,23.4040879985726,0,19.7651870762344,1,25.0812038137471,1,22.4990116586543
1,43.6679680461295,1,41.0440754857278,1,26.5749109849235,1,28.1892029780046,1,24.5004816834841,1,27.654241098471,1,23.6089799871857,1,30.4128296494375,1,23.4741821272304,1,32.4660450060252,1,24.6263850110952,1,22.3501574767436,1,30.9348237829285,0,21.5685280809225,1,31.2754369773669,1,22.5918076675896,1,28.0393346581456,1,23.1475028201,1,23.608212256398,1,23.4181708299695
1,46.6084627293043,1,21.0663175271125,1,22.5099252347198,1,25.816480295832,1,27.5720675829795,1,22.1571439966527,1,26.8800111763225,1,22.1944214256443,1,22.7600372157431,1,23.5512807555706,1,24.9169946191623,0,23.5111882339873,1,22.0679799051769,1,21.3825827265226,1,21.3497041040383,1,22.5188716203648,1,28.9116183707694,1,23.865893939693,1,21.6066855458937,1,23.0143781891357
0,42.447741275247,1,34.783981211826,1,27.3476582726541,1,23.0438125714639,1,27.5781264618636,1,22.9787743086821,1,23.0113697730759,1,22.5944022330745,1,23.318934610105,1,31.6556715573548,1,23.0843037661788,1,24.5430586441402,1,22.4736199855619,1,29.5768039479279,1,21.9726537547043,1,30.0691015512653,1,24.0518950281858,0,21.6929580938686,1,21.5314097989484,1,23.186140394635
1,46.9805623709173,1,32.2072687593043,1,25.8568078872482,1,25.330576685473,1,22.4560601287512,1,23.3381105015406,1,24.2191097446205,1,22.2885708288373,1,24.5074382146402,1,32.9299993529603,1,22.8750091655789,0,24.6555502622654,1,21.5558006083666,0,24.7442450599287,1,25.380589773608,1,23.9091963928941,1,24.3707472098146,1,22.9395134800741,1,23.5653214100868,1,22.0206637368095
1,65.573794200494,1,25.8364844353808,1,21.4531206879011,1,25.6083102441563,1,22.5202925706394,1,26.4725583745399,1,28.6631777818331,1,37.7893778423283,1,21.8214348225006,1,23.4815869559265,1,22.3338400751098,1,20.8444232431667,1,26.6577570557227,1,20.6937627334794,1,20.800792716864,1,30.118006588889,1,25.8866275406007,0,22.6295068512,1,31.0878444207194,1,31.374371125277
1,37.7624831942596,1,36.7695773963574,1,22.3965133192489,1,25.3726127540518,1,33.1479461466058,0,28.2644746635905,1,27.810433521791,1,22.3398615108155,1,23.3757466353184,1,21.1932413474481,1,22.3505282568719,1,22.6306462498496,1,22.6221953233808,1,21.073692617456,1,21.6672020812901,1,22.1813393580986,1,21.8354181971682,0,28.0042581178181,0,22.291299051139,1,21.4488450677561
1,35.3383886006401,1,38.4954186936434,1,32.9360333376135,1,21.540506379075,1,22.697516123639,0,24.2228805313865,1,23.721751883039,0,23.0285833006713,1,22.06618261469,1,24.1634320631963,1,23.3019050245361,1,23.3257990200838,1,20.4704370417962,1,33.9932078473045,1,34.4188819927799,1,22.0475568717572,1,21.2596111714224,1,23.4704744621248,1,23.1856957627626,1,21.2799811858458
1,32.7148749889926,1,22.4659201151706,1,26.3915699278392,1,21.1789502432211,1,22.6273108762917,1,32.6026006723005,1,22.0298507051655,1,23.0202163273736,1,30.4139590798846,1,21.8413018779639,1,23.0464981935582,1,22.853698730244,1,22.7061590282542,1,22.513255848968,1,22.294723949835,1,20.7996903989699,1,29.0613462889771,1,21.7180338592205,1,33.6184130111652,1,24.1522914338301
1,53.113862413551,1,29.7602258955706,1,33.1673072108256,1,32.1120265622646,1,23.8744229370008,1,31.575243200595,0,34.7382496500247,1,22.929169627745,1,22.7177470861082,1,24.5946961558964,1,32.3573408406016,1,22.7255000377811,1,22.8306723592863,1,21.7298083346799,1,26.762397658589,1,26.2885041304135,1,24.9404514302445,0,21.5861077910302,1,22.729359409031,1,22.6531768087212
1,57.1574862738783,1,33.2220246179269,0,21.9990662587719,1,23.5342862645243,1,26.2729630272749,1,20.8514892882613,1,26.8334382279096,1,22.0578238297432,0,28.2053875638088,1,20.5933528153164,1,22.4815280635563,0,20.8077734775832,0,20.2993741740249,1,21.496958946183,0,27.1572505417719,1,23.1581234853664,1,20.66294372151,1,21.7178726859547,1,25.0760933851056,1,25.3621089805327
1,38.7129302250084,1,22.2397969492554,1,24.1909100191735,1,23.2213149875386,1,23.1661727630038,1,23.8171137771651,1,23.4486447753794,0,20.4227638811573,1,21.6483207713236,1,25.3205863525584,1,28.6238823907547,1,24.8580832936807,1,24.4558072546412,1,24.7597301256829,1,26.0862666274454,1,23.0201943278039,1,25.1087431408973,1,31.4887824488925,1,31.4225634052622,1,24.0821103842532
1,42.2633283383778,1,21.6354532246608,1,33.5897549228486,1,23.3074401387407,1,21.9933851725909,1,24.802036673059,1,21.985188849367,1,22.3808451556464,1,20.9100897256647,1,21.4761216081842,0,20.8155876837711,0,28.7600767499611,1,22.2641994254016,1,22.788512319425,1,20.2470702149972,1,21.7097001183264,1,22.963253134375,1,22.5811737316583,1,29.4483347193867,1,22.087473240711
1,44.7154214524666,1,31.2800658861646,1,27.8714751696204,1,21.9840681901526,1,28.4099696574269,1,21.1244706215878,1,23.2579701746232,1,20.9507985933396,1,23.3683981888675,1,24.5807117537135,1,31.7892238026116,0,21.1725624754087,0,24.9642385994077,1,40.4886791739931,1,21.2615663920861,1,31.5085193879476,1,21.8565674904164,1,22.1857881170669,0,20.3677924346062,1,22.8747184552873
1,46.7029154300234,1,26.3040284411789,1,28.0045648909228,1,40.9050332244136,1,23.3319205817334,1,28.3889226734026,1,29.2275687689862,1,24.0879173040391,1,22.3965763121845,1,29.8894961222982,1,22.2080194302275,1,24.4525315196249,1,24.4592605152598,1,25.5673563690309,1,25.475569062163,1,21.2458099174477,1,22.6054437726332,1,32.2577542375603,1,24.2834544268172,1,20.7020862111135
1,38.996727737795,1,27.7696277940331,0,19.7042428967691,0,21.9459567727168,1,24.7301947568236,1,23.6462238877539,1,26.0293477919032,1,25.3286538672148,0,22.2806338145861,1,26.2338895924359,1,25.2346845024142,1,20.5606635377536,1,23.6576108748787,1,21.3199657411299,1,23.3361847594442,1,23.0296932417478,1,24.1094902901632,1,27.2448623234703,1,31.8568968434648,1,23.0572652579209
1,57.5220346512148,1,26.6117910785683,1,36.6360279553713,1,23.8373117702049,1,28.4135824092923,1,27.0946645447784,0,21.8956395623333,1,23.6365453949577,1,24.7785209823015,0,24.2440632666495,1,27.9763657696404,1,26.1089297682886,1,21.8600480097919,1,26.1702564151299,0,24.0010637662191,1,24.4940071623221,1,23.5846870126249,1,33.733932614205,0,22.3942895815864,1,31.7570162592865
1,45.2808220362684,1,25.7403927316908,1,25.5536139003451,1,21.5072501391258,1,36.2079022332471,1,20.9726888171272,1,21.0186237880572,1,25.5028169010105,1,24.275499367305,0,23.164422209024,1,23.2120564640004,1,24.4006454708565,1,23.2044136543984,1,24.8293943687981,1,22.1807556822782,1,22.5871819126626,1,23.8585535751646,1,23.9416726502765,1,25.3766066930117,1,24.3055753245921
1,36.3890244556582,1,35.9529986039408,1,31.5336329261025,1,30.4440095818633,1,23.1890841152323,1,30.7665964153971,1,39.012922684646,1,23.5296287106616,1,21.4693550754367,1,29.6723747294891,1,31.6522858825822,1,33.6620740597324,0,22.669748395656,1,22.130703352612,0,23.4216780716881,1,25.2483453179128,1,24.233365616281,1,33.1633324961609,1,22.2759287272016,1,22.2914661050097
1,31.389583970382,1,26.0946687330042,1,23.7372768976849,1,25.2256769090819,1,22.7256181804588,1,20.8563853822725,1,22.3860101817552,1,22.5897428220977,1,23.7836230311211,1,22.3009823747664,1,26.7237280820177,1,23.3843801553729,1,24.2113918724921,1,22.9988278722962,1,21.3946603733215,1,20.7261998024484,1,21.4852757850213,1,24.6562291286735,1,23.2755722265302,1,23.3928961484053
1,28.2472378723617,1,25.6676283518475,1,21.4096225854327,1,18.4851997963245,1,27.4631223514402,1,20.8016373814976,1,31.7075178356963,1,31.3260839492111,1,22.2819845334632,1,21.4344804916608,1,21.8314784627682,1,19.1901634242866,0,21.770109316759,0,20.7331081818438,1,29.9336162206342,1,24.5922862448931,1,23.1479860465901,0,22.1118939794596,1,22.7647480903115,1,21.7704205199892
1,47.4442747774928,1,23.0532047975642,1,30.1165217785649,1,31.2802470220688,1,32.6819246484145,1,20.8918633916692,1,27.2556668614893,1,23.679703241248,1,23.3043423321164,1,20.6392514186443,1,20.943758192339,1,29.3759945034058,1,24.8253183365399,1,28.9974672870804,1,22.0157141530717,1,24.5206233582478,1,30.9195899382146,1,23.1501181187856,1,21.9384455706381,1,22.7733784495614
1,54.5397163481828,1,31.3574289664379,0,22.8090434530613,1,26.9509184156663,1,22.4298612998791,1,27.8383584918987,0,26.5444028324661,0,29.0132866147625,1,25.4096825553944,1,22.8967035573522,1,23.2795691674873,1,23.0280370534563,1,25.1761208343175,1,22.8104978082946,1,24.3618981119132,1,32.2210606838916,1,23.9347827478901,1,32.1080328755826,0,24.0275969466645,1,22.2123357002595
1,32.2127005191809,1,29.0544261406393,1,24.1296328865811,1,40.5983867193143,1,24.4036427602549,1,22.4724156213992,1,23.9588487770226,1,29.5508499971461,1,37.0560136865134,1,26.1126164579043,1,23.130969389824,1,22.3779931463148,1,22.1207330496773,1,24.6684510080956,1,28.0091179100003,1,28.020792068103,1,24.7515164581093,1,30.5146460409065,1,22.6324291776863,1,23.3939991217889
1,42.9166986749058,1,27.487924768012,1,23.2332046818765,1,29.6398926608717,1,24.2296669238954,1,25.1136858919686,1,24.9902845746115,1,32.3063219113294,1,23.7174903158698,1,31.4385031500466,0,32.2699153878843,1,23.7425573018554,1,29.6943889579994,1,26.3628913020262,1,23.8225269097969,1,25.2853212623416,1,24.7765386284464,1,23.6099507162669,1,24.0639562458202,1,23.4308703928523
1,35.1662905404519,1,30.7602149835073,1,24.6384091203039,0,26.0404994317973,1,21.3495828951705,1,20.9141948060323,1,27.9316062586847,1,31.4426726253421,1,20.744331914351,1,23.2289612877574,1,19.982169868711,1,22.0992148472804,1,29.9943937613803,1,21.1592595491637,1,24.9609777841183,1,34.0132949326887,1,36.6264334739807,0,32.9429444453752,1,20.4394864483124,1,21.5640755843626
1,40.8576420234787,1,37.2694202541312,1,21.5915458846185,1,35.4764297917644,1,22.3008442794367,1,30.9719035447036,1,21.4287726380005,1,22.5584070522944,1,21.6653694975529,1,25.4919544569836,0,24.2357521361031,1,23.1460822105188,1,29.5323150251722,1,25.7203686025871,1,24.1674646791813,1,23.0762716404018,1,23.413529246726,1,22.6606612017722,1,22.1810679829864,1,23.974240012433
1,36.3221779685148,1,37.3540157899641,1,33.7724337535647,1,36.5508913661648,1,25.8966407543298,0,30.3995638368458,1,29.3234252424027,1,26.8891911934349,1,33.8762325520423,1,31.8870656988625,1,31.8993418524095,0,25.5177735124256,1,26.7806493498119,1,27.9319054117318,1,29.5297775129251,1,23.7677326288969,1,25.7058447705837,0,30.4632675452271,1,24.0646528004327,1,24.018292508322
1,43.6558371525423,1,27.4918475910931,1,26.1417327345519,1,26.4190387123148,1,22.6111824781574,1,28.7584076909718,1,23.0412798423796,1,21.8574560792403,1,21.016778402104,1,22.762772770343,0,22.3461797258528,0,19.9149989837309,1,28.649717197892,1,30.0005821048108,1,24.1030107364165,1,22.07028309856,1,22.1152390817544,1,23.4041921196623,1,24.1616929540003,1,26.6928917783046
1,41.1673838525235,1,28.1458609519146,1,28.1723931279008,1,24.4218684164125,1,22.4264067132507,1,20.7121683860472,1,25.4276383838944,1,22.0263656278487,1,28.0473700402004,1,45.1823583361298,1,36.6956756450388,1,30.7282809820607,1,25.5907084621716,1,23.944131674384,1,23.8728793266297,1,23.8144746496853,1,32.5456582487922,1,22.3735568359046,1,23.2751918368448,1,23.6483624377074
1,46.0963109430782,1,28.9395174003095,1,39.5303404857098,1,26.1651019338322,1,30.140950243222,1,22.4355923872232,0,23.0698317384931,1,23.1339454259366,1,34.4039574365457,1,22.2480197831325,1,36.9982912808285,1,30.7838750681608,1,22.2820337088123,0,20.5091433604061,1,23.9386205726283,1,24.9713076836461,1,30.0164797010151,1,22.3484741444764,1,23.6632199508491,1,21.4752743064576
1,49.6161391898509,1,30.3533999454366,1,44.4464698027474,1,22.9401111325556,1,21.8333677593824,1,33.1428444957745,1,21.515452625289,0,32.3323455467304,1,37.4887822065644,1,21.1030865448647,0,29.9617227410432,0,20.8177193776015,1,23.5062439436178,1,22.4321026092666,1,22.3194841544143,1,28.6658566475478,1,23.5611665060268,1,23.4073312614721,1,22.1242655076195,1,25.6395175394291
1,42.0394793053377,1,33.8659257267143,1,37.8023261636464,1,31.852436813583,1,24.3700372067129,1,24.6468539040575,1,23.6447739108425,1,23.4689458166329,1,29.6695349248837,1,21.8881736972893,0,22.2586747226988,1,22.0749183472344,0,29.391761727914,0,18.6595542514841,1,22.17778599123,1,22.839625380122,1,21.5251824525974,1,24.0097319887849,1,22.0207887441749,1,21.3046614254812
1,49.4521270984093,1,25.5416613208248,1,32.9437684104876,1,24.5629938715,1,32.4889031199029,1,21.7793321664512,1,23.5636888130449,1,22.7723205421124,1,26.9660468522439,1,24.501053465144,1,22.0110126229134,1,24.768991016763,0,25.9134968167377,0,25.3310659698418,1,22.6066923225272,1,22.5134795054934,1,22.6126318218102,1,31.6868871714328,1,23.9466172234274,1,22.3330293694272
1,35.3412546327808,1,27.0277448529745,1,23.8367312137183,1,24.5435071666987,1,30.8093646875232,1,25.1842481648136,0,20.6334218874753,1,32.4967589143709,1,28.3322287893358,0,23.1674003679549,1,21.9215494897024,1,22.4514686348011,1,27.2894339533002,1,24.2792140417977,1,22.1887796068659,1,22.8046721055886,1,27.0758517170244,1,23.1132166600722,1,20.6468806352277,0,24.4135409912739
1,47.5882669316896,1,36.1122813533218,1,23.440037387701,1,21.952092215698,1,21.5354212176951,1,21.9230981205377,1,23.3543065125312,1,22.8781708994628,1,27.9338988035847,1,22.700217740484,1,20.7537255721024,1,21.7917825275999,1,27.7310003136521,0,21.2185263655702,1,30.861027181781,1,20.6208648029734,1,41.825229552853,1,22.5406470860914,1,23.7483861122408,1,33.2786559100411
1,46.5047781095301,1,26.606049291825,1,28.1526418103302,1,32.3251198294958,1,30.3170166761942,1,27.4324782557638,1,28.8744369266567,1,27.5817734919999,1,22.8450088008815,1,24.1445529268079,1,22.8764154933094,1,22.0405041683349,1,21.981268734192,1,21.1085186939869,0,21.6086370595995,1,23.6981839113806,1,21.6729892663743,1,20.3522359562368,1,20.6815829634688,0,20.7091755939952
1,60.013223159085,1,32.4494595113576,1,20.6316949555266,1,34.3622818552624,1,20.8435277182894,1,21.1783888728507,1,23.1566117023639,1,23.1248526611615,1,22.8086569443071,1,24.2139394592386,1,36.3348122469701,1,21.8091772800413,1,22.849461019787,1,22.464375810732,1,19.6303983133602,1,23.108012698702,1,30.664311644979,1,24.03262627003,0,24.2004423029795,0,28.0855399634059
1,41.7628012559691,1,29.3740493417257,1,25.7333151359346,1,28.5662370219507,1,20.0492851221061,1,25.9597158953816,1,23.1672148564768,1,24.7703754814108,1,24.6301470701499,1,24.1242404318723,1,21.8153564248095,1,25.207225849506,1,23.4013595885989,1,35.0435799583159,1,21.6009184647735,1,22.9695553001238,1,20.7575532931793,1,24.672909123447,1,26.3190754185543,1,23.3601417510431
1,44.6950320829805,1,30.7299197176029,1,25.6196963070572,1,23.1889332043226,1,21.5597846324671,1,23.8292477761413,1,20.9583290561111,1,19.8739344723315,1,22.5511971475287,1,22.283151125268,1,24.5417092403898,1,22.2015077606642,1,35.5575837176854,1,22.685500275841,1,23.7501082199988,1,21.7195141983338,1,22.6551627086281,0,21.3824410371163,1,23.0310417748284,0,29.0860607547522
1,37.6240024520289,1,21.7874934166784,1,22.2764250625386,0,27.5633974903987,1,30.9955365557645,1,23.6059173545,1,23.5395916518744,1,21.1689427321152,1,22.7388264233823,1,23.3437031414844,1,20.741882528778,1,28.0019646910529,0,19.9221662309971,1,31.6722352079824,1,29.0937520306908,1,29.3987415170349,0,21.8193736443214,1,22.5423850352591,1,20.6082813067391,0,29.6050376693505
1,53.1247551046435,1,45.5400668496194,1,39.6280640876196,1,26.9148378807229,1,30.3508955169159,1,20.3399347536278,1,24.5514440115138,1,34.6498718896037,1,29.030030914987,1,22.1017184955265,1,24.2575538473453,0,21.4455284658353,1,31.0548953148146,1,22.0779408923259,1,24.7935846386206,0,20.7377014921179,1,21.4013632208052,0,21.5893131149812,1,22.2982247207776,1,21.5418761097478
1,45.0420192872673,1,26.5905708027534,0,26.7814951294502,1,22.6596954357099,0,21.5165345507443,1,24.3063396886462,1,24.1737724509616,1,26.4586223156142,1,21.0749575127941,1,22.4581921195865,1,25.8845844868104,1,23.9148300292354,0,22.8512152028957,1,20.849933334171,1,30.3691939806442,1,30.6989691638891,1,25.9028944401133,1,23.2292025461193,1,25.0119373938749,1,21.4069664410964
1,46.8152225354855,1,31.5209830759191,1,26.4729941189303,1,24.8055041435254,1,21.3231125031386,1,23.8141243978716,1,22.5549412619233,1,28.8543731980439,1,21.0466539104912,1,28.6065147616811,1,25.3604374055041,0,22.2054982287053,1,22.199763389055,1,30.4580106871409,1,31.5663518565381,1,38.8191982171936,1,23.0545085518094,1,21.6807589434564,1,22.7544589635742,0,22.8368374927431
0,35.976864086663,1,34.3864842443562,1,23.818922679703,1,31.0019185536992,1,21.4784641972973,1,30.9564300008549,1,23.5556392473667,1,34.8717425017701,1,22.4968142076186,0,28.3647584444969,1,21.1123197939999,1,29.273219035252,1,21.8969879122357,0,21.7658375343343,1,21.2175453554622,1,24.3575258417932,0,24.1938002745398,1,30.5697327769685,1,29.988699540498,0,30.7352896211818
1,41.6639709628976,1,30.2032042745336,1,25.8659290349843,0,26.2171398685172,1,23.9306843738374,1,27.443831390573,1,25.8080107964864,1,35.1891413230293,1,25.2332729359061,1,23.7636263718016,1,32.928713188278,1,23.9322764414341,1,32.5442954034606,1,25.0929357220737,1,32.9122192419271,1,23.7389576527945,1,23.5595430613376,1,22.7139832318453,1,28.6355558992494,1,23.0355900590058
1,44.8869514161911,1,31.2045104795247,1,30.8975655434521,0,24.075864743265,1,27.5103900017111,1,22.1357343142803,1,28.9255464857297,1,23.5397635654435,1,22.7920651270027,1,22.2799981570625,1,26.1056650190505,1,21.4132640275704,0,34.466346212174,1,22.4273402907132,0,31.909592350279,1,24.9748678710084,1,25.744156586155,1,21.5695343149763,1,25.0053766888419,0,21.4863119297227
1,41.4191088764589,1,32.3464162730734,1,26.2842760155644,1,20.9130593279274,1,29.8943510846016,1,35.742532885789,1,24.9340339574663,1,21.0224805309428,1,31.5963586266448,1,20.5589392674269,1,22.6545908214688,1,31.1885947893634,1,22.3540417109829,1,22.3225691315512,1,22.9971600478704,0,24.8342802363044,1,25.5732892458391,1,26.418703317957,1,21.8139682612159,1,28.3240047369313
1,42.8107076537919,1,27.0759988629165,1,23.3832825546297,1,22.3804817315012,1,28.8534505466274,1,20.6118858558413,1,31.3719849396374,1,19.8815320542946,1,21.8697457325171,1,23.4363172431753,1,22.2815229610797,1,22.334785904806,1,23.5792699702977,0,22.380147126699,1,21.1255415056001,1,22.7913866373373,1,23.0333721770323,1,22.3035045840069,1,22.3875270131352,1,21.1812091834937
1,37.6745523768257,1,24.1440579804286,1,28.6220873905418,1,27.0688785741594,1,22.5829075967427,1,21.3264753816579,1,40.0295514044898,1,29.6225693726742,1,23.5054074388975,1,24.9735584129116,1,22.8659384788841,1,30.9878265185804,1,22.1691490273385,1,20.757412803633,1,24.6826709270495,1,22.6911449113387,1,22.7411898299801,1,21.9245803633593,1,22.9916673432763,1,29.1853498023612
1,46.849103105046,1,25.8621095104334,1,27.5372734888343,0,19.4658967382774,1,31.319772700881,1,22.7030592772967,1,28.4282302946838,1,39.6127394144718,1,22.6989940553602,1,23.7309514584539,1,29.0145514269852,1,40.0948201468219,1,22.9778139172834,0,23.402787960346,1,20.2623424753974,0,23.4892272060994,1,21.7630584229327,1,22.0644154980508,1,22.1550188902219,1,23.273040104798
1,52.8794076456313,1,34.2730800230392,1,23.2271199739901,1,45.4288889993776,1,31.8200707732543,1,21.932012606744,1,22.3018967839404,1,23.8129488250861,1,19.9451687819169,1,21.9482001031661,1,33.1275469124251,1,21.6766539154387,0,24.4790121633437,1,22.1783489959084,1,32.9029312193616,1,23.8025684986997,0,22.7049909924562,1,24.6088426957251,1,23.5031256305938,1,24.6132487378655
1,41.0605403051366,0,34.1908760650325,1,27.1861669256723,0,27.8714262629791,1,25.1703721218087,1,21.5078160516781,0,36.1463910531337,1,25.7798790349782,1,30.4733582495519,1,28.4262044946883,1,21.8959107546449,1,23.173934435985,1,23.2281692051718,1,28.6580560225889,1,22.2376837985066,1,22.7823326797139,1,20.3056537235449,1,23.0334964474173,1,23.0983992288547,0,20.7248066634634
1,55.5496614301737,1,30.176547075026,1,32.0668657068234,1,21.235811507127,1,22.2411270310386,0,27.8289048210783,1,22.1495959719542,1,22.2132588141321,1,41.5206490488444,1,22.1894787131272,1,23.9106975358112,1,21.0356137292133,1,20.6803766816273,1,23.0928825284757,1,30.2070209872509,1,21.705924920932,1,22.7527253344231,1,22.8420049466225,1,23.6091750004979,1,23.1809041762319
1,45.7255308657142,1,33.2161551768228,1,21.5957725998119,0,19.5079789708245,1,28.0738774474288,1,19.9818559753999,1,27.7639694124918,1,21.0095718833693,1,37.4899112198892,1,22.0131842883738,1,20.9695439846385,1,24.7485981452685,1,23.5989772453525,1,20.4569858249116,1,27.2546605573394,1,24.1045732669033,1,23.3263496284997,1,29.7985750169813,1,24.3614038930083,1,22.301872544558
1,46.5309888132457,1,37.6901803646152,1,25.973312847138,1,29.3942853512742,1,34.4449003225105,1,21.509066755796,1,23.1328811285263,1,24.2799765313568,0,52.0888371659667,1,20.1242840146871,0,20.5903400510941,1,22.0352844519332,1,21.5856911888774,1,22.1188677014751,1,24.6125009170869,1,35.4094119729238,0,21.2478548213568,1,22.109151991909,1,31.8568178645041,1,21.2313362498452
1,38.4244049918464,1,31.8194800581751,1,29.2402601004414,1,24.1240846735966,1,30.0403837324015,1,21.6446023891611,1,30.7167211863613,1,24.9572297453573,0,23.9100853152758,1,23.0809476821183,1,24.1955195690656,1,26.180888094134,1,32.3950891282797,0,20.4697297290331,1,24.1096339248893,1,23.172299317706,1,22.6806381487633,1,22.1499651086596,1,22.5383556880474,1,25.887621770594
1,34.6447262371836,1,30.1672461545966,1,24.3207174627654,1,25.1223191658746,1,26.3830572773611,1,23.6257355614816,1,21.6568004558747,1,21.7272249266265,1,26.1675278413049,1,22.3371861682951,1,21.949532956437,0,22.531265658116,1,23.7674008450646,1,29.9106056128444,1,22.4815373047343,1,26.009513616497,1,23.6110405322147,1,23.9154416592376,1,23.0953864018604,1,24.3005626987551
1,45.1921317595027,1,31.4136032665217,1,34.4220647234508,1,23.1867459620497,1,29.4958786945075,1,20.1660708871686,0,22.333137404851,1,28.919846577845,1,30.0594741453511,1,22.0920344640221,1,22.2438493992074,1,24.0533451490025,1,32.1522528964876,0,26.3878310630896,0,22.2579531506611,1,23.644510798128,1,21.8848728634333,1,23.8071422733483,1,31.2978159662953,1,23.7069761906818
1,40.2655226883104,1,42.3941206583498,1,24.8778200286966,1,29.8841443164149,0,19.8304818918412,1,22.5216077975028,1,24.3311066551418,1,21.2262915204126,1,22.8450741884914,1,21.758615334071,1,20.9701464796704,1,20.4842453277619,1,21.0904539591685,1,20.3941709250143,1,19.6245825186607,1,23.1240934662263,1,21.1728367054341,1,26.0878063532054,1,22.9584170904992,1,33.2896666543421
1,43.5828459043806,1,21.8949637436353,1,25.6944392057659,1,25.8268598702693,1,23.6704497275888,1,22.3019473619078,1,31.6717229964936,1,36.7620702829298,1,22.5704437753345,1,21.9344980662155,1,24.4521372721434,1,21.4990970170018,1,24.1704964315885,1,33.8547831086123,1,24.089186788914,0,21.4332416673628,0,33.2414260916759,1,34.4255983462256,1,32.6590349310853,1,22.575036446626
0,53.9166189615327,1,38.2509826200652,0,24.3458708856751,0,25.3093028246438,1,19.1760826678914,1,23.8931133499539,1,28.8063427421608,1,41.0395914958964,1,22.8683623500076,1,26.3593140396315,0,20.6228382948278,0,21.8393945665965,1,26.0661660115574,1,23.7163727706532,1,20.9790966696935,0,24.1195706922225,1,23.5610269121684,1,22.5361152301238,1,32.141135603111,1,23.7255630680285
1,43.764810176698,0,34.8089303222569,1,27.5379735106062,1,23.2098120386178,1,22.4329924133238,0,20.4243804284642,1,23.2697739274997,1,21.8862806401528,1,30.2506042999368,0,28.4574712651501,1,22.9684574570494,1,27.7405482713817,1,22.4889309128926,1,25.503491663751,1,24.5865599074962,1,23.7412902471483,1,28.3033309543026,1,32.4535443781836,1,29.9782555497352,1,26.1961963570694
1,41.5424628960906,1,30.8352658143828,1,26.8011099749571,1,22.8276839786738,1,21.7691822389079,1,21.2649038249013,1,27.2135398877186,1,29.7910523604712,1,26.3845068688464,1,23.8589904530332,1,22.9808323053315,1,24.6571312611215,1,33.7429390424355,1,35.7030120541075,1,24.1407904033894,1,22.7683805274533,1,22.2902097895231,1,23.1017126454044,1,30.6989348896346,1,21.8599674158873
1,43.5520735927571,1,30.0549848922576,1,29.4945645800377,1,30.9534424835281,1,37.4053153328746,1,21.3712747886728,1,23.6832256866075,1,34.7467584740639,1,23.1969316438288,0,23.166122702893,1,24.6109851541672,1,23.8107839971627,1,23.0764069124028,1,20.285381162395,1,22.1059647538148,1,22.1483822168012,1,23.8129217129444,1,25.1113524337414,1,33.6415650581139,1,21.4175405352722
1,37.9360449769897,1,27.123138506367,0,30.441459088488,1,25.4548533296754,1,21.7419892617438,1,24.9981200059291,1,24.623363825148,1,29.7434265999944,1,21.5278054169137,1,24.5124878754858,1,23.0985836394263,1,21.1687227420066,1,24.0377302057152,1,23.8974620366028,1,24.9908598280633,1,31.1350435770589,0,23.8984851640573,1,22.8848529127991,0,31.3010624847677,1,22.1271846545711
1,36.5796861131803,1,31.1789877787141,0,31.9196022427501,1,39.260393409975,1,24.1440603341837,0,28.1619646465746,1,23.2251371933338,1,20.7536382835907,1,46.1398321659366,0,24.0233863327127,1,23.3887781163125,1,29.8872274592068,1,23.1618193482222,1,22.3301109628699,1,21.8873663347591,1,21.9734723448238,1,21.7589126350008,1,23.3664067278634,1,23.0896666466516,1,37.5145525846392
1,34.0083935716936,1,26.4210333615495,1,24.7521982845063,1,21.824702486622,1,20.3354508766955,1,22.8613653516266,1,28.7147874661075,1,22.9994012374492,1,27.6797218117075,1,28.4539850384743,1,21.6393861782511,1,20.8745962027706,1,34.9595529332426,1,28.6581324134232,1,20.8544888047522,1,22.7136324724245,1,23.3865358322335,1,23.7291734348158,1,20.7862908011355,1,40.3711280394399
1,41.1881055212951,1,28.8371370894689,1,31.6750593724847,0,21.5087110384779,1,30.1917317803295,0,29.4327024016263,1,25.5678511253311,1,28.6552382179534,1,29.6119344762073,1,23.6734860491714,1,23.4817751711316,1,21.8164799439824,1,20.7466033784304,1,21.9746678055897,1,22.5922720439659,1,30.6859536645607,1,24.0171636233484,1,38.0419828098691,1,22.6963308712396,1,21.654231192108
1,38.4171771676718,1,32.1067786734945,1,36.9242668631122,1,30.9239656497241,1,28.7306557715966,1,20.6365931527182,1,21.7502517048882,1,21.3611834895669,1,26.387887428104,0,34.7132528451259,1,29.1172666306543,1,29.7118217438121,1,21.3547134785567,0,20.3570699174415,1,31.5654335975159,1,35.0051308171151,1,30.2394154547621,1,19.966125428641,1,23.5270695605048,1,21.9928461220325
1,30.8689047930792,1,23.5146699987375,1,25.7225422233008,1,23.2780309251846,1,21.7441102556858,1,21.8386962917981,1,28.5043391694223,1,30.562273677527,1,29.8101156550844,1,22.2150612355345,1,20.6446901040122,1,38.4845021490049,1,32.7661887913189,1,21.8098892905028,1,24.8077935097326,1,22.1288017903881,0,22.8086474920148,1,22.5279147508366,1,22.5306879478745,1,22.0766699330141
1,49.4010010952718,1,33.8373186554358,1,24.7062021603169,1,21.1794112701529,1,29.4469489812629,1,21.4066498398273,1,19.357891152052,1,28.2870056923099,1,23.6943764810452,1,28.1422463464268,1,21.6897479241261,1,19.6673271133965,0,23.4874856785024,0,23.4118205657559,1,22.4839121023557,1,21.3949712937904,0,28.3677210590055,1,30.2198148884455,1,21.8737566546628,1,24.1784785652267
1,42.0656285507922,1,26.873986271056,1,35.3222197556874,1,28.1756573531898,1,26.8638636511166,1,24.3919234422715,1,33.1413548448223,1,39.7331743251167,1,26.6066917370552,1,23.5053176406661,1,20.3551816266426,1,23.5349379480707,1,33.6660545637418,1,22.8717962463933,0,25.2630716381395,0,22.8517732575956,1,25.4401419467814,1,21.9747345182555,0,24.4127923657457,1,23.851182802793
1,31.485304517398,1,25.8852717473773,1,20.9417986553042,1,22.5385632229985,1,19.3765608273855,1,28.3964812271702,1,23.2014075101284,1,23.4614083194559,1,20.9805376697876,1,38.3601550435942,1,22.6016610132191,1,23.5416392976635,1,22.6841265050323,1,22.6501879918854,1,33.8155690766717,0,20.1152729460241,1,21.2074981935144,1,22.5182649623703,1,24.5881920636543,1,23.6774160796857
1,40.9308127280915,1,31.1551328430146,0,32.4218578214319,1,40.6306991841037,1,22.9214849610147,1,34.5439606453725,0,25.8584677523718,1,28.595548565804,1,25.0953284864358,0,21.0993519619711,1,24.210416674829,1,21.7072037254935,1,23.7702232435375,1,21.1029976823511,0,23.2474947234387,1,32.0797164463129,1,23.2736670057119,1,22.4644187251577,1,33.6274965718941,1,32.633329745093
1,43.634814659128,1,35.0439811949284,1,21.3383195633484,1,30.6244294237115,1,27.3001483607915,0,21.5282171113093,1,28.5243638090143,0,19.5349449113609,1,25.4675132915274,1,28.1496950254992,1,21.910324437238,0,26.4852843512287,1,23.5118489131844,0,22.7383984302511,1,21.8023727324903,1,22.2406458198376,1,21.4503494357516,1,22.0244225183993,1,20.2201593984579,1,21.9908120823315
1,38.1442931919602,1,27.6232362501131,1,35.6604838423308,1,26.8765666772615,1,24.0557974568312,1,29.1388058008903,0,33.5593313243182,1,21.0013395136526,1,21.0380194465109,1,21.1286234540111,1,20.9525182738777,0,20.5753336402663,1,21.9480112197185,1,23.1026041787844,1,29.4403025962046,1,20.3652194193191,0,20.4457300251376,1,35.9717303623575,1,22.2000878370839,1,40.6372612875092
1,43.1273345564351,1,29.9102461630986,1,23.7710994962649,1,20.5116085288984,1,39.2335740272288,1,23.7775459179622,1,22.1733074975157,1,27.9879104392545,1,23.2384103933967,1,23.2777936105096,1,24.3894692562459,1,22.3800540167626,1,20.9389672436177,1,28.6362364849442,1,32.0687520331481,1,21.7220320519927,1,23.1876874414077,1,30.3122516257381,0,29.7725788447407,1,24.3587345864634
1,38.4514950047026,1,30.0443312428479,1,38.2457647980529,1,29.1731167306647,1,30.1049205209413,1,20.7989940631702,1,25.5792105060072,1,26.2511577812164,1,29.6374913023448,1,21.9502640243745,1,41.3888212700672,1,26.9720094218,1,23.6955741976148,1,31.0371586324174,1,24.5657625171797,0,31.5429931717164,1,25.0205252906645,1,31.1547075738353,1,23.9091508189165,1,25.1860165362794
1,41.2064728028612,1,20.9837264458385,1,19.9749968362931,1,24.0244699258049,1,27.429811924118,1,28.6156628369881,1,21.8384634838794,1,21.2585162107334,1,23.0031778436946,1,21.7222592918059,1,29.1720878254457,1,22.5087885790684,1,21.6902103508966,1,23.6790375826184,1,23.5296852812249,1,30.341633395956,1,27.0479885430099,1,22.13905923361,0,24.0054666223188,1,21.3724771923629
1,46.5810255298146,1,46.0812129304609,1,34.0110314107964,1,29.4923483050975,1,25.0019814915578,1,22.5150656991664,1,20.4864662544672,1,24.9109367023351,0,19.2845938279144,1,32.2036476543252,0,21.5107792667841,1,23.0149250018687,0,22.9894900001977,1,42.5174580672204,1,19.4918831769828,0,21.2519782034249,1,33.1698679927948,1,21.0693489384964,1,23.0320941256444,1,32.5912035424475
1,35.8232405560312,1,36.5593510262882,0,29.5782351365136,0,34.4236542409967,1,20.5088281987184,1,23.1750949879049,1,27.5692393856702,1,26.1978432611236,1,21.9915987539245,1,24.165545184098,1,22.905489012371,1,24.0307922102837,1,20.556757518882,1,22.2083967523152,1,23.1188798037294,1,31.5962026594073,1,23.9599897206042,1,22.6539305531235,0,21.1066823330844,0,21.8194507283462
1,41.790227745008,1,37.4986536623224,1,32.7126318749536,1,45.3370471368377,1,24.4006161033251,1,31.6561404126042,1,25.6254391886092,1,23.6977321219675,1,26.0380495716898,1,25.382592682707,1,29.6076844028935,1,24.1833826674469,1,25.07949821155,1,24.6690050099704,1,23.3827435019102,1,24.5041621544645,1,28.3422082166096,1,24.3205007015085,1,29.5191224108226,0,23.9318903238063
1,42.3128284793545,1,29.344208133189,1,27.289372896164,1,31.4318877680872,1,33.6864906000404,1,23.7888658049434,1,24.5087882576322,1,26.0585721388186,1,22.0438023795695,1,24.8798508060391,1,23.486857700638,1,24.9452657475259,1,24.752520918856,1,30.8589070603744,1,33.3736770513716,1,23.1491288598907,0,24.1114689783803,1,32.2313210416544,1,22.1383102716433,1,24.9998326307121
1,40.978587715599,1,32.5768725925192,1,25.5349341588536,1,25.7042725126086,0,26.5573056283615,1,23.4152949495711,1,24.1712143177752,1,23.3164236101735,1,25.3233774677364,1,24.9058862045171,1,23.3252992660367,1,23.7697810601516,1,23.6062091550755,1,26.9973618227954,1,26.2118874780096,1,23.7844943699762,1,30.7520134040109,1,23.5458772266369,1,22.9819590667926,1,22.2786122489712
1,36.8588881515374,1,30.5276419854638,1,30.8431218669932,1,27.2606007021814,1,21.4934375309463,1,21.0084896924901,1,20.0704536823,1,23.7873605169295,1,22.380957067822,0,21.1525200051798,1,23.5387685713752,1,22.6673135002683,1,21.7860449074236,1,31.8073811164352,1,31.0712993504441,1,21.6793817269385,1,27.6740705630064,0,31.8561970474227,1,23.5325615095604,1,22.0484936384536
1,39.610199497096,1,28.7344591461048,1,36.4451702021687,1,27.9183785831315,1,23.0551374658683,1,31.6406340467754,1,31.6217704618759,1,30.5021235430885,1,22.641686657075,1,35.4207306649605,1,21.8541117000465,1,22.5535677991717,1,23.660937762426,1,25.9240481006648,1,22.7735466321726,1,24.4881164634846,1,25.9388650950053,1,21.6969378941063,0,34.0203953965994,1,23.5926707201352
1,39.3036728771067,1,22.6097340224943,0,30.2743339951293,1,27.3637021330797,1,23.1976160092808,1,26.4030386613429,1,29.2566532270724,1,23.1699140972333,1,31.1192197022271,1,21.6840246342858,1,29.4043429176585,1,23.9793502511037,1,25.4591833075712,1,23.6780846295433,1,23.0406982056211,0,22.1043015520815,1,34.412542628396,1,24.1252814730774,1,23.8762437287888,1,31.0583125537884
1,39.862314141319,1,23.9994078952635,1,28.4595436655535,0,28.1596299033756,1,23.7901368345704,1,24.7087060605433,1,26.5605222848965,1,21.525533931819,1,21.0489407911463,1,23.5395787883433,1,21.9847321994061,1,23.864694654454,1,28.243751317876,1,25.1781609793756,1,24.1970158773408,1,22.5139163281004,1,21.9119022243728,1,19.9030496712253,1,23.8151595836032,1,22.8227508161904
1,45.2525861101942,1,37.7085045691082,1,29.9656414554502,1,22.6459075244424,1,29.3704323660361,1,23.1189700106864,1,29.1208941204312,1,30.6005384847003,1,22.4306877145188,1,22.173187717473,1,29.9985442452609,1,22.2335289176253,1,27.5124628848347,1,22.4386066012775,1,22.8505592058389,1,24.7310620241883,1,22.7874440632934,1,23.6543720639313,1,21.9145221883445,1,23.9246052289737
1,36.3044477368406,1,34.8589966482648,1,26.8388131760496,1,23.838091931471,1,20.7409283850096,1,40.0477190734699,1,23.3238320596815,0,23.0411230152229,1,31.1051234403917,1,31.5045051418822,1,26.1298289316284,1,24.9502982247392,1,31.3343006580508,1,34.1691716711021,1,23.543280256543,1,24.2442781972012,1,23.2414675527501,1,22.7970069062033,1,24.2091957251474,1,31.6400418516616
1,50.6364522710533,1,29.9675228196102,1,21.7037426878136,1,23.760735395214,0,20.9941473883415,1,22.7573739037281,1,22.0540470464668,1,29.6259777037607,1,22.6208873906729,1,31.1941119495335,1,23.7418456727919,1,29.894707673808,1,23.3112732981487,1,22.4607574375863,1,23.063540462854,1,22.5116285684541,1,23.1038692542678,0,23.9171794591191,1,22.6565384687028,1,26.5429254461257
1,35.4091797718073,1,26.9862457590771,1,24.9173771844348,1,20.9341776658878,1,28.4889183878582,1,34.5434101506539,1,25.1890648496697,1,36.266270851344,1,26.6836968348689,1,22.7589551578538,1,25.2410938885788,1,42.1248902439169,1,25.5256629052913,1,22.9731675276203,0,25.6582414556937,1,23.7396214732722,1,39.2354720563191,1,32.8054131727101,1,23.3674456021521,1,26.3700124712433
1,36.3738652177691,1,31.4529146725088,1,28.4248441353821,1,28.8973826750567,1,27.102399249101,1,24.6039154812426,1,26.7648894658622,1,23.2802358093191,1,23.1165207426695,1,19.9728175576034,1,23.1171460488935,1,22.6909997943685,1,26.6995903960195,0,24.7710599190769,1,23.836447416812,1,29.1159161273255,1,23.6965339353842,1,24.3444024519853,1,39.4402868523418,1,22.1955415002651
1,31.2079273345581,1,37.6462591487861,1,30.2046941484733,1,33.9776058717314,1,21.0247074783272,1,29.0181502883728,1,22.5007924789734,1,28.6435143928764,1,22.5520258698604,0,22.9455155047173,1,20.8868226648535,1,29.409965958248,1,36.6111093416023,1,30.0293488031304,1,22.0229438521917,1,22.0436901401231,1,20.9762932500632,1,22.0387263132074,1,23.7890798136068,1,21.0225951277983
1,40.4655453841533,1,34.4457423043276,1,25.7776967342365,1,30.8262529105916,1,26.8478289203466,1,23.1759285494895,1,19.3190121970309,1,22.527185007322,1,25.8540142242472,1,29.5053629976435,1,23.7096881273807,1,23.854482852763,1,23.8828368399436,1,21.1168218164147,1,31.0809069466542,1,20.0551119983653,1,22.5787308710229,1,22.1254619767663,1,23.3895538068668,1,23.3367620173723
1,26.1571684213661,1,34.2920531934098,1,24.0534827581947,0,21.9643435012393,1,20.9452237775132,0,21.5525327201088,1,30.6022935494412,1,24.8340969090966,1,23.8180496441259,1,22.4691211228992,1,28.6663911652702,1,32.7711736803482,1,40.6109798466751,1,23.0829646192118,1,23.1801181235727,1,22.9290724162604,1,31.3566100493331,1,23.704947366771,1,25.0124018141959,1,30.2828955530016
1,36.4211494208524,1,28.9732636824625,1,27.7911233523604,1,23.6633727109117,1,30.83254042582,1,28.9649485130298,1,21.8267971787685,1,22.7214270288384,1,21.3902327636463,1,28.2882322116813,1,23.9649735930633,1,25.0962313909738,1,24.4644626382206,1,21.6844206687845,1,25.025554240238,1,21.9789733395509,1,20.1179193286789,1,29.7799466497504,1,31.9128559332036,1,22.1512625909345
1,29.6385349154029,1,33.4457877064512,1,29.2137510439482,1,22.229778263454,1,32.2446446318592,1,34.8251344601075,1,23.4264000778258,1,31.6857684979608,1,23.5484075733073,1,35.4778544161304,1,22.3755215686829,1,33.2902018099004,0,21.5701863417905,1,32.4381983687906,1,22.1816247879032,1,22.064502303199,1,21.2269131718871,1,22.0553222661009,1,24.1012472934953,1,23.0034800412522
1,36.8318110708731,1,31.1289065643801,0,22.2782336130814,1,23.4684090122785,1,36.8138976735313,1,28.4265814311688,0,21.0013644373204,1,38.9623853628432,1,23.7325891446992,1,22.8270743141128,1,28.8413770106078,1,20.7449961622394,1,28.339199150303,1,24.413216578818,1,22.385089873504,1,24.2775047635946,1,23.7071234903274,1,20.0031691109753,1,29.7385464352626,1,23.2825206652598
1,44.6871360087111,1,27.8038220274284,1,21.5907486930838,1,30.345161046832,1,21.4531878745982,1,27.6698578250334,1,24.055632649579,1,20.2132739820455,1,28.4528858115338,1,24.0377994474664,1,23.7081540084441,1,25.9489490620358,1,21.6986130559479,1,20.644230759341,1,22.5660657254496,1,27.3149808889509,1,29.1391048521429,1,19.9822579344476,1,21.1284712803405,1,36.9766855840501
1,37.3620237879063,1,41.7429126185548,1,28.4261376835107,1,21.2973374852836,1,24.5949311509857,1,21.3179118895965,1,30.2434564290908,1,27.7145826407927,1,26.4302866774759,0,19.9471744019773,1,39.0663485686061,1,20.5730665023753,1,21.6369769985209,1,23.9583434490517,1,23.9372778067939,1,29.9482516938496,1,24.7428029353847,1,23.3938645854966,0,19.9947888106015,1,21.6176010483909
1,47.2771618488588,1,38.6921051533676,1,26.3472774981245,1,37.5193997822619,1,24.1706152667417,1,22.1522041435688,1,23.1509530462068,1,21.3313747607798,1,21.5347227852538,1,25.4986511393727,1,24.1541068097084,1,22.3702830706246,1,21.3701823393894,1,22.7506820559042,1,23.3563071837615,1,31.8383405627588,1,21.0876336535185,1,20.9901720951676,1,21.3911496839202,1,23.5462512093742
1,39.6875936667108,1,38.4329229256667,1,28.4463751186846,1,28.7032163332639,1,22.6657803557906,1,21.5937734552289,1,23.8821107765223,1,21.4417546661161,1,22.3503187588397,1,22.436160525817,1,23.3654901647042,1,21.977870610542,1,22.4097383645433,1,20.6133654795589,1,24.3149807935197,1,22.9681223352111,1,21.1301230592731,1,21.6378349079825,1,22.5862669511616,0,22.0528804932183
1,40.9355091300687,0,25.4616916295352,1,30.1004973776627,1,29.7717454677579,1,24.5765498085032,1,20.8031541048125,1,27.9740139369514,1,23.8500169406814,0,25.2933574322638,1,29.5495960746967,1,24.0431925135627,1,20.4906109387142,1,22.7603766169274,1,23.10703763908,1,22.6885216953741,0,20.7140938027064,1,32.2815324442252,1,30.8420004859686,1,21.2042650201883,1,20.7981629187367
1,35.551286832986,1,34.1953563775205,1,26.5243249891363,1,31.2866120907693,1,22.0788677497533,1,31.1741115373351,1,30.3096771674413,1,22.5160272644015,1,19.8360359198258,1,29.5148409608188,1,20.9273799920467,1,33.310039575936,1,22.2927481331526,1,23.4916821906081,1,24.7411889717567,1,21.3325301326442,1,21.909790208572,1,24.7333595094834,1,24.4128916206512,1,24.4701883340762
1,46.9462262721236,1,29.8857842742686,1,27.9653889187773,1,30.928783194749,1,34.766684789078,1,24.651982865525,1,20.0804101319466,1,22.1791705550781,1,22.0530792987244,1,20.9214865214896,1,23.0275729461337,1,21.2636532713639,1,21.8606159843149,1,20.3266381603093,1,35.9535840647801,1,22.5501972290873,1,21.4807698163715,0,24.8833081639513,1,21.2385055654365,1,33.8532523735304
1,36.1762760943962,1,32.84337531806,0,21.0115313095294,0,23.1957613187402,1,26.2147461747449,0,19.2743238976084,0,29.7983433780202,1,23.1132032893812,1,24.8573380684579,1,24.4798105300967,0,21.4623855866792,1,23.9154772715903,1,29.1252953591726,1,21.8294381555262,1,27.1950459991605,1,24.9417455341693,1,25.1841051520765,1,24.9901744965334,1,24.2372930713188,1,31.2638369361599
1,40.8003489326382,0,28.0336800592061,0,31.4190587640451,1,21.8949785060904,1,21.4049869666801,1,21.5618009769777,1,21.4589723347726,1,29.9936911814257,1,21.3275205723622,1,22.4302245867905,0,33.8239762615238,1,32.3189677612679,1,23.0531903792884,1,24.1124867289277,1,30.463590603578,1,22.7126436848677,1,31.5293758110405,1,24.7731251807998,1,25.1133131615901,1,28.8822588172414
1,49.8673145292269,1,31.8543643285284,1,25.3592367972102,1,28.5793741352125,1,30.4403386485414,1,31.8388945734323,1,26.5678297752771,1,31.4326961146367,1,23.9501929141962,1,23.4866884787717,1,24.9061667176904,1,23.0179969728281,1,21.9233822854034,1,23.0532757034224,1,21.8752442640629,1,23.0633667594191,1,25.9667178168528,1,23.3731877277247,1,23.3779255273314,0,22.5292949364393
1,47.3918497510921,1,24.6868266311243,1,21.6205668928846,1,27.4262883750278,1,31.203231160421,1,26.2098099138394,1,27.3282813686955,0,28.9687750686575,1,34.5289755646823,1,24.2732897507176,1,21.0894086252462,1,29.1513067500934,1,21.304502287994,1,22.6929118364148,1,23.6269169114249,1,23.6146622953868,0,23.297758983452,1,23.2049294278956,1,21.6847008775808,1,23.9636187865773
1,56.2164360319149,1,29.760837947456,1,24.8756824743397,1,31.7862981442802,1,30.3129134384233,0,28.7886343793347,1,27.8141531275867,1,23.5906124312259,1,22.75853949188,0,31.0218749333406,1,24.1628872646422,1,22.3090800367007,1,22.3834834160582,1,20.5837296093359,1,23.7940778302475,1,23.9194637667769,1,23.7467319465192,1,21.7732394604477,1,23.8197996684196,1,21.78131746542
1,42.8763402211436,1,41.1735554999656,1,26.8720830136082,1,23.2859426090594,1,27.4866598278534,1,35.1299304170621,1,27.6639137290733,0,26.3136504811689,1,23.2952480698843,1,29.6631482810974,0,20.5629393222512,1,32.9743645421892,1,23.5464048448669,0,21.4630637156169,1,21.9028580482597,1,24.2055184902554,1,23.2328939942953,1,24.4004927758585,1,23.3353859289718,1,21.9867809895005
1,34.77392800302,1,30.6903812972934,1,27.7138487387925,1,22.1771884652777,1,30.4779203351703,0,21.9815563910474,0,21.3814586894153,1,22.498547641877,1,31.361043272378,1,30.3086578414737,1,23.1906398417652,0,32.3845829099495,1,22.054558413627,1,29.5621647792692,1,22.7992517261782,1,21.6360993779292,1,24.0368040888905,1,31.1423005296861,1,25.3801321108005,1,25.3699505908221
1,37.39099796318,1,31.9672879850754,1,22.7777795622227,1,19.6027321777426,0,27.1091026471112,0,35.6681598868324,1,24.4948968012408,1,22.7952222563777,1,20.6068384646897,1,23.1089424395939,1,24.8028300998034,1,30.5293482456575,1,20.7247575911624,1,27.5871448066719,1,26.5793173517223,1,26.5849814082034,0,24.3584797063231,1,22.7020703079477,1,21.8906255454778,0,22.0158489340518
1,38.1421412916752,1,26.5955973343917,1,23.8521715437422,1,27.3160446239673,1,23.2750210415004,1,23.6871033935385,1,24.2571620216746,1,22.9148933662482,1,32.5651435883814,0,37.2265188000083,1,31.3868293989046,1,23.6760756334662,1,24.93666926962,1,31.6364634233869,1,25.6059883270679,1,24.4527770959794,1,25.258187033931,1,23.6191053325904,1,25.0032667943616,1,23.6987397697002
1,38.3387308246494,1,27.8509849609058,1,28.0980750303452,1,19.3907500879128,1,22.9297701675484,1,29.6075473038005,1,28.9449956886528,1,24.6158942222371,1,26.4667522944838,1,23.2494208216587,1,25.5173391017403,1,35.3285149932254,1,21.8234858010181,1,22.5487245732186,1,36.1847724986088,1,32.8475036192416,1,22.9810237200332,1,23.859555591922,1,22.9146278346384,1,24.9766063044431
1,35.2079651083719,1,33.2722161433364,1,26.1898690932416,1,19.4702901966437,1,33.5463180014219,1,28.4581062131207,1,26.4314660040601,1,21.9068110167168,1,29.1086218184855,1,24.2849671886727,1,25.7758000986077,1,23.5567663780665,1,24.2798690196542,1,23.4707837964489,1,24.1902872871346,1,23.4615377414563,1,22.7721073579844,1,21.8352473492574,1,32.6871822437783,1,23.09051194828
1,53.6009166963726,1,27.4041753946889,1,45.2147022769356,1,25.2688832504786,1,31.5927194546805,1,23.9337956458255,1,23.3429225477256,1,25.130787319405,1,24.9646596788255,1,31.5433155948993,0,20.8616533468618,1,21.238563663253,1,21.2858812296049,1,30.8899065046477,1,22.6460211400911,1,23.3956853140743,1,22.2238783678442,1,24.7943406266801,1,23.0179007919747,1,22.6110689619363
0,40.2165032295267,0,29.8189977050193,1,37.2641173683135,1,24.0916251202457,1,21.6081087929001,0,36.0543771003738,1,22.0705244527679,1,22.0714441489018,0,28.7709347132233,1,23.1442387110942,1,22.865321112839,1,21.1459324766705,1,21.8089392619794,0,19.3544967878651,1,31.8305376078418,1,23.6928859293729,1,20.9554642813381,1,22.9412699278738,1,29.3918085445588,0,34.7436911318667
1,43.0899721105221,1,29.3218054373748,1,21.8467447968433,1,26.4191118881084,0,24.8955974731696,1,30.3702358176963,1,20.7339863330506,1,20.625109659027,1,21.3109993435872,1,23.96453326914,1,23.3436946603339,1,22.5484774016409,1,21.2377183037928,1,31.0762519924868,1,27.0191783374114,1,32.9260797478248,1,21.3522483125775,1,29.3981178217053,1,32.8797510991865,1,22.2902471163801
1,40.30128927597,1,23.7878007603147,1,29.6768577674647,1,37.807746818009,1,20.3041469292944,1,29.8295809806124,1,23.4451562347048,1,22.2148529702214,1,25.0732404092278,0,25.5264258715906,1,25.4548968698001,1,24.867130393139,0,24.7004849733979,1,22.8579668054455,1,31.6661599046701,1,26.2251017441173,1,22.6806144644203,1,26.7699211216727,1,23.6625244459267,1,24.7176938732802
1,34.8203069563859,1,30.5100285952707,1,35.6456449879218,1,24.7529001281173,1,30.1042622324365,1,30.1955653265165,1,24.2477419102093,1,24.2175284556199,1,24.2373982865179,0,23.6517188307199,1,23.8368515631439,1,23.3360369842146,1,34.9991624745236,1,23.1378782962832,1,23.5485182873123,1,33.543105307328,1,33.3920407916823,1,24.9974737251087,1,27.4090497834784,1,24.7876057717189
1,31.2862958354195,1,29.9618379017314,1,31.1096141815444,1,20.4796473370485,1,22.833841024069,1,22.6913399339518,0,30.282068550457,1,30.156304222567,1,22.6459704672789,0,20.261121576223,1,25.1838121577645,1,22.096583586124,1,23.5282259285975,1,21.3637839018274,1,22.4969229705767,1,22.1980059488547,1,22.2020613824108,0,21.9218040915999,1,21.80131610236,1,30.7592661976218
1,33.9170495093403,1,38.4897765895682,1,26.2938514543468,1,22.1534476248136,1,24.3921931785966,1,22.5523958549476,1,22.5856882554837,1,26.7943727505643,1,28.3987273393223,1,27.3974426109315,0,22.8509587459877,1,29.0547107175238,1,24.0665485392605,1,23.6485989844664,1,27.8668767754386,1,23.3604719205195,1,22.4649614332884,1,20.9637419630177,1,22.6462918615473,1,26.720843498241
1,41.5426707090455,1,24.5456037684461,1,26.7495105635665,1,35.7554602497112,1,30.599786876716,1,24.7977200267726,1,19.4907009306863,1,32.5945669965958,1,32.4893246569656,1,23.3116096634682,1,22.0966889361308,1,23.5826483575231,1,23.9574262801796,1,23.2886531216112,0,30.8532390070775,1,21.3003410286833,1,21.7409468416065,1,22.7323399487857,0,23.5538872385055,1,22.0631442502819
1,39.1923880833735,1,32.0223492026491,1,26.385774736293,1,22.3243042684674,1,23.0167524174449,1,34.4477623097713,1,30.0407818481758,1,22.6048574891193,1,21.2737072776811,0,21.6314626223009,1,24.6875838093471,1,21.6176563526219,1,24.6084778820544,1,21.7399490227737,1,22.4149470426574,1,21.9344908656132,1,37.6683624274197,1,21.588842019951,1,23.3634325676237,1,24.4930434100141
1,39.0623078672304,1,23.883539767195,1,36.1875860140909,1,22.922438444699,1,20.9319528731029,0,22.5873519342935,1,22.6645066664846,1,22.5952827612256,1,20.5098476747383,1,20.7677865384191,1,21.6983842408473,1,30.5962701020791,1,32.8176242728959,1,24.8938932185009,1,21.8678456727392,1,20.8351029076757,1,32.6281605344278,1,24.9131792975014,1,32.8371632861914,1,24.5827990294608
1,40.0849528504212,1,28.8973628486092,1,33.7249858952147,0,21.8601067174015,1,27.6993427376188,1,20.5791253571754,1,32.5479113280085,1,21.7725777149628,1,38.4941146628607,1,30.7853226521269,1,27.2492884573456,1,21.1813995581933,1,20.738053758577,1,20.190150330101,1,22.1826723876815,1,30.4344201762575,1,21.9291146360306,0,20.8063934431179,1,24.4890486291811,1,22.146009313876
1,48.5673682915987,1,24.5221342583141,1,34.6036150647761,1,20.423962307417,1,22.5464378647855,1,32.6352194290986,1,32.1210811306725,1,42.3929847687709,1,31.8648655164037,1,22.3745449714621,0,24.1306963585151,0,24.5152685733533,1,24.4221259844159,1,22.9340952164804,1,33.433882697562,1,24.3454309950371,1,25.0960584537647,1,22.4399521190711,1,31.7451769924385,1,30.5617630514418
1,42.4349628095959,1,29.4082207119397,1,24.63369839691,1,31.8388114895335,1,25.151569236525,1,31.6917606024061,1,25.0145767437457,1,20.4641122888024,1,31.6209947101846,1,22.571590109807,1,22.3487010660577,1,21.8975767052424,1,21.7401567982184,1,30.4133833864185,1,20.7359672654717,0,22.0456045252632,1,24.9627618661708,1,21.7463416609046,1,22.953327150998,1,21.1054595612674
1,37.5185042993695,1,26.4565712908371,1,25.431982449487,1,31.1655972123076,0,40.1710738339078,1,24.1064483404218,1,23.6910352748208,1,26.4625793249948,1,23.1082166883843,0,20.5675124189329,1,22.4536906623782,1,21.3737046733542,1,27.8792159562115,1,34.2739863665925,1,23.2639194364502,1,23.5343046159145,1,22.2170168451327,1,23.0186078526508,1,21.9447755917598,1,23.7689334587242
1,46.3321815073089,0,37.3657094624046,1,35.2502033316738,1,32.0816574112479,1,30.2770677645625,1,23.8219497522773,1,21.1992850741357,1,24.7532880504996,1,24.4957909252078,1,28.6009040740674,1,22.2621499026735,1,24.0784508925554,1,23.0998067332223,1,21.5839722315562,1,41.969992595835,1,24.983548340184,1,24.1084326237756,1,22.3552414869883,1,22.9832377083998,0,31.1831877095453
1,51.979829978414,1,34.3096973036151,1,26.1160469363825,1,26.332182806214,1,20.5785555910429,0,21.1742813618258,0,22.8181127648,1,30.8515708472615,1,25.7799521183756,1,24.1583418550548,1,23.9873403840417,1,39.0104311812198,1,23.5447402030273,1,30.5350106039116,1,40.4323135380573,1,33.7415610272786,1,23.3281796363877,0,22.6690963510368,1,33.6309072192526,1,20.9687046619496
0,32.2011681120603,1,32.2701875517166,1,39.4616107215152,1,22.7971044867116,1,21.0787635165308,1,20.4596986302863,0,29.6589910019251,1,24.4209141038359,1,30.9491860787343,1,30.0803421946396,1,31.0051663224751,1,25.3978791143413,0,24.8284247420336,1,24.7293110417819,1,25.0079227865006,1,22.8522292716406,1,32.5127101966669,1,23.6399929879657,1,25.9972514291799,1,23.34348135221
1,46.4919741840208,1,21.4760253667557,1,21.4735105457239,1,21.6523943529065,1,21.2751058688483,1,26.1976480208826,1,21.0894853309466,1,25.2009233670304,1,21.6003194181633,1,26.157393150735,1,20.28502564725,1,22.5612190844599,1,30.930980647075,1,24.7916983399414,1,23.4819222676716,1,21.5749177458849,1,22.9522002010176,1,43.0552402920495,1,23.8374674886079,1,30.8323607338475
1,33.2020389255691,1,20.3051603405902,1,27.1091168901761,1,34.5879754332949,1,27.6754219684974,1,26.0741915766148,1,29.3094842761485,1,24.4699756646938,1,28.1755761469452,1,21.3524664347166,1,20.4042002364553,1,30.1027624218125,1,34.4985612440006,1,22.7014664919049,1,24.3881545939243,1,24.8928201053955,1,23.0191784260324,1,22.1175500468266,1,20.7154901077703,1,25.1375742282687
1,51.1390264422128,1,35.0760995946084,1,26.3142656792732,1,27.2499065269726,1,19.8497208275954,1,21.9309714350286,1,20.46555442674,1,26.5491689932742,1,27.8539582410664,0,23.7926908740408,1,22.3541449524482,1,31.6027733160868,1,24.3004575596477,1,22.7526279299909,1,22.7644348200674,1,23.5514064640318,1,26.3561742344481,0,23.8744139270241,1,21.7626331730097,0,26.4707479637147
1,40.6486054994752,1,23.6919000761962,1,24.6288748400107,1,20.5256498251928,1,27.7488591093537,1,24.2777524469592,1,31.3399880062967,1,31.2401512495226,1,23.8031067198289,1,23.1827421590736,1,20.1692995183874,1,22.6927999164202,1,22.4461481697018,1,21.7704220165975,1,25.1607091329765,1,24.3176980252273,1,24.9465231843816,1,23.2309631456373,1,33.4478418426599,1,22.2982364130242
1,44.7021988840931,1,29.4523623379468,1,24.5771262512652,1,25.6631542904613,1,29.5876924305472,1,22.2567224109058,1,29.8889954521428,1,22.649465831426,1,22.6987127951695,1,33.359032725834,1,22.6479120709946,1,30.6615569018235,1,21.2258644740631,1,22.2749042781936,1,23.7998584392292,1,31.072176613427,1,31.8983275356703,1,30.4194761800301,1,26.5831674115231,0,22.1166817596791
1,55.0070787609646,1,24.6509555162143,1,23.2797694980958,1,23.0668265163035,1,23.5981723469184,1,24.1521105020953,1,21.203224017012,1,28.7213102609949,1,21.6054846108253,1,22.817075379419,1,27.5469579749501,1,31.1646835492753,1,23.2940598383706,1,22.0457508642565,1,25.8804659437329,1,23.2205482480316,1,29.7636869224785,1,24.1633053836604,1,21.7501977671888,0,21.7197269743448
1,45.5612786674469,1,24.1240875462744,1,23.9552592291264,1,30.1508795944787,1,23.8311628683019,1,25.8381406949928,1,32.3685004831625,1,31.5094086824357,1,25.7873166464853,1,21.5525903383509,1,25.504571058282,1,30.2611083366676,1,21.866641388351,1,24.027691616945,1,23.4976273442133,1,22.7023106527911,1,29.9437734730105,1,21.8772637345107,1,22.9132273021765,1,19.9887631374424
1,49.4352415281299,1,25.7144034859813,1,24.8118407599811,1,25.6608142385386,1,29.2539053437251,1,21.2499410242392,1,24.0158314022513,1,29.0699029033129,1,26.387069096306,0,21.4605244697889,1,25.6054134958781,1,21.842368996793,1,24.8287847150878,1,22.0249688241844,1,29.499897823675,1,23.275189432941,1,24.5176427257196,1,22.7688173173927,1,20.7565916498451,1,21.7293892136315
1,54.9494979715252,1,40.9451910669078,1,24.9704176804745,1,22.1584831933651,1,30.5769891344125,1,31.2560674192871,1,33.6203808237688,1,24.5902470728786,1,22.6377404254728,1,22.7931685550934,1,25.6576432493612,1,23.3563674223178,1,34.3177446035521,0,27.1175297729404,1,24.5880250063289,1,24.3824226929096,1,23.9004743429526,1,33.1088408479536,1,24.673333001534,1,32.8534274136463
1,47.7634377655006,1,26.4637573289891,1,28.3645736198982,1,35.7484455244685,1,22.5267737682325,1,28.8804390513889,1,21.5395687005064,1,29.6024222020916,1,26.4583969593484,1,22.5452735363079,1,29.3179585095045,1,22.785870287282,1,22.7772336694604,1,22.2625875431515,1,24.5933872658841,1,23.6533007108266,1,21.024322259911,0,21.3226262145298,0,21.9904634264613,1,21.2649490644814
1,43.7253276346949,1,26.0807620794377,1,28.0933331392505,1,29.07850114221,1,25.8536447399186,1,24.3017723462666,1,29.7598474826912,1,22.1078336014077,1,22.5678146588274,1,29.4814498559961,0,21.4716179665112,1,21.7563995169526,1,21.4313803135711,1,25.2762777164282,1,22.7630660113877,1,21.5481427354164,1,22.2695528122633,1,32.3761287501808,1,26.5751670458563,1,22.0105751999976
1,46.2412575018377,1,31.5321954442678,1,32.4874603371445,1,28.4918130029548,1,27.3881901446885,1,20.7352006527217,1,24.0723898043402,1,20.9323935520224,1,24.074421372388,1,23.3838290569211,1,26.8872727983871,1,23.5466233038699,1,25.193203649182,1,23.9213270613602,1,28.6857439162029,1,20.3339698350158,1,22.9118588207688,1,22.4117602054499,1,24.9195184562174,1,30.8938282152291
1,49.5512331300208,1,30.4062952768345,1,24.2271777559483,1,32.7945752160821,1,30.0092877844606,1,32.6669568265281,1,26.8837858404226,1,23.520523224581,1,21.2124525385288,1,23.4716061179976,1,21.9011409777208,1,21.1442433375483,0,31.7224975532812,1,22.3322821637917,1,22.4127875628624,1,23.1025246867678,1,20.8085528682619,1,22.7047371139985,1,20.6504279724335,1,22.0720154889477
1,41.7452466545325,1,33.1502410372054,1,26.8537840645776,1,26.1003835377318,1,31.8936786095806,1,22.6337860304921,1,23.2802955814439,1,32.8819545770626,1,27.0185853581618,1,21.73142466841,1,38.1942414348775,1,29.0194215488742,1,20.4048487183926,1,23.2978828642775,1,33.0485146684688,1,24.1948528317871,1,25.6427973670646,1,32.3143907453023,1,20.0065456674151,1,23.7769833311516
1,41.2057537354067,1,29.7258013092172,1,26.0394753983625,1,24.0331148222948,1,26.7851268908014,1,25.4137476483167,1,33.6341317441155,0,23.8527868162177,1,42.1374557356158,1,23.1203917134118,0,22.1386945067637,1,32.9274775774825,1,23.2546832945956,1,23.608668746702,1,23.3329872822425,1,23.2719006507598,1,21.8264556447425,1,25.8425383498777,1,25.3385836644383,1,34.9211040355873
1,33.1503081684893,1,35.4286233467763,1,22.8422989332197,1,27.5107642810788,1,22.4476682524727,1,28.1721560446599,0,24.502039560798,1,23.8482657550936,1,28.2424732085505,1,20.2248530133811,1,25.7027467739311,1,30.5862562120328,1,23.7147013871948,0,30.2874276685165,1,23.7396752582941,1,31.0121351043743,1,30.6026755976469,0,21.7890410173719,1,31.2998543248562,0,23.8397538362362
1,43.7677002043557,1,29.6266347332162,1,35.5492172490265,1,23.9683120966784,1,28.614346793659,1,27.681854294351,1,31.4727698718013,1,29.4443221503467,1,21.1065908180402,1,22.8828367640217,1,23.1354128869912,1,21.2931096980939,1,22.3349243477277,1,24.018038632523,1,30.5171827748338,1,23.0425327645132,1,24.117629938653,1,21.9120461328416,1,23.6954268921715,1,25.8712262817206
1,39.4533104191815,1,35.8996613303567,0,25.7094302101028,1,27.7516364887094,1,37.0319824353072,1,24.807686964812,0,23.6858547037388,1,29.7981903677098,1,33.2919668614791,1,21.5243684910782,0,20.5109383529931,1,21.8593269714919,1,27.0917315902792,1,21.7601869096665,1,22.7412452554696,1,23.6843882917035,1,22.0412050089552,1,22.0679249267854,1,22.0607260193578,1,31.0905148793701
1,50.5039675575121,1,33.6620593326418,1,28.7207200146607,1,30.7516884796801,1,23.5210758274238,1,23.2412837879266,1,22.5136095415562,1,29.024566048899,1,30.9135378726324,1,28.3200320797192,1,24.1099833375689,1,21.1712587348595,1,22.4412183222,1,22.0921091498915,1,24.2021846247253,1,24.821181271145,1,29.3236135064914,1,24.1137667727233,1,22.4922584515199,1,20.4745319453586
1,44.9428530190788,1,28.0345632551349,1,35.5853231103385,1,22.710282022825,1,24.9337677437811,1,25.869412844688,0,29.209066083618,1,26.2487492853572,1,24.9699111711079,1,44.8382886826144,1,22.3587657825769,1,26.5564495995454,1,24.3040839877037,1,21.6648787590803,1,24.2457681666852,1,24.7612883498891,1,23.5949129559729,1,23.6057748432293,0,30.3066511443596,1,22.2857411766401
1,43.357733680376,1,30.1700248932607,1,29.9484975672097,1,24.2275072970309,1,21.3183746036324,0,24.4338708905078,1,27.4921648938214,1,21.2468218339971,1,28.0630440736341,1,21.6285903623821,1,22.4110373843217,1,29.497791763488,1,22.4903059353807,1,31.7460604198839,1,23.6320494722915,1,21.8405515694624,1,22.2294155587662,1,24.79128609312,0,23.0010604096243,1,25.6039581256104
1,42.4324701250861,1,27.0606675154362,1,31.6115402088117,1,30.3153221266569,1,20.1462308261381,1,27.1996250957575,1,30.4626893282094,1,22.0037684078018,1,23.0431496481453,1,33.4471475299204,1,22.339572028525,1,25.3715715920362,1,22.2998628100507,1,25.0126573051133,1,23.4630708615732,1,25.9926533101673,1,23.4193652164516,1,30.9716749229765,1,30.7529316145349,1,23.607295633137
1,35.5212808856049,1,26.0955094422852,1,18.223006396335,1,27.891696751757,1,24.8594081939453,1,19.9908020328183,1,36.1897945896301,1,22.1758707387368,1,22.3379655778769,1,30.0298979247746,1,35.3858606956227,1,24.0196608416585,1,20.2032811312602,0,23.8688124681242,1,24.8562805123475,1,23.2145369561346,0,21.9854568815013,1,30.4044190423838,1,23.8146902484415,1,41.0994833162329
1,37.9645121997953,1,34.6073488682658,1,30.4385000215243,1,30.7655825764806,1,23.8976355477041,1,23.303444329639,1,26.5665619880354,0,25.0938535591544,1,30.5820182666751,1,30.9522339879788,1,23.0594731292799,1,23.541497688486,0,23.408454167535,1,24.1807147169809,1,21.8809102669579,1,23.5401852817099,1,24.5744498195156,1,24.4941609607651,1,22.50530828513,1,22.0482533377408
1,51.5741280714745,1,35.7276191271032,1,23.6400613163286,1,32.3077379236719,1,31.7624369421515,1,27.5849374027449,1,29.5745312510097,1,31.6514788955648,1,24.3708636572398,1,26.6812449429365,1,26.3248538974941,1,31.5324281727744,1,25.507871585897,0,26.4773955482397,0,23.7673467773083,1,24.0538360959516,1,26.973499544142,1,23.7889108927489,1,24.6466427213376,1,23.8832038297143
1,33.6906717322219,1,22.638257138868,1,20.9330970231976,1,27.2639360334235,1,21.7903041485361,1,22.0920440147128,1,22.9329526084269,1,29.7970716423749,1,25.6023420413039,1,24.9254610352381,1,24.1378836951385,0,23.4925244747794,1,23.2161036399491,1,20.3960779545012,1,21.9116199800874,1,21.1821416767114,1,21.2034887649524,1,21.9240017404414,1,23.1375045990098,0,22.8373038398658
0,45.3450799407933,1,30.3863942510376,1,29.2370816664304,1,23.6042677808538,1,21.5799341806517,1,22.8283255393857,1,26.5904785604122,1,25.6970198095661,1,24.5169449331883,1,22.1047531551069,1,22.49860850295,1,22.1727555453048,1,22.3091437252058,1,22.1787168874332,1,29.8529415033034,1,21.4518471451599,1,23.6871403065834,1,24.0726806652615,1,23.991439404163,1,22.6544372534445
1,33.2964082739253,1,25.7376216004047,1,25.1660271052162,1,28.9308461197342,1,26.2903020369091,1,22.5704866908234,1,32.2793243318621,1,24.2955633151722,1,25.1856044731209,1,24.9478862548996,1,23.3185174740098,1,22.4698344294063,1,33.0177194874076,1,25.8480154169765,1,24.3485409356892,1,21.6799059493103,1,29.1740300533582,1,20.4570643585837,1,23.140088406743,1,24.6548704697133
1,38.140445536472,1,22.5523975994319,1,24.0004336119489,1,22.6878428907129,0,24.0335344366274,1,23.7548891157672,1,20.7402105354407,1,30.7014368738206,1,28.3735535231399,1,25.130335312121,1,20.589325278628,1,31.4124496256482,1,22.4375298625186,1,23.1232956784877,1,22.8385490809717,1,23.2221764907033,0,24.0916450307629,0,22.5037009461764,1,23.9262305074141,1,22.8320406642733
1,35.1647081682483,1,31.1553703813315,1,23.6160149956192,1,29.9244559822554,1,29.7847594959024,1,27.4714474305668,1,31.1686594575302,1,31.0731141655222,1,25.1505262552367,1,21.4207607750649,1,23.8852478051604,1,27.8657782460357,1,20.193064792959,0,23.1401734083276,1,24.708329544032,1,31.4876789266142,1,23.6633755132457,1,23.7611526393142,1,24.394232669849,1,31.8536893816586
1,46.726612198079,1,42.7111441539001,1,31.0240836214079,1,24.060548411628,1,20.9447929604177,1,22.7720386990809,1,22.2362709380684,1,32.6659930710495,1,20.7196762847768,1,21.9628790326059,1,21.3593968123853,0,31.5253428716422,1,30.5935550046471,1,21.9553074062282,1,30.1922203491418,1,20.1968415335868,1,23.644804967421,1,21.8170934465692,1,22.4316138171937,1,22.1096861923484
0,45.4305152004396,1,26.2490998810361,1,24.0892693893439,1,30.8474329180159,1,24.9522532747768,1,37.485542890416,1,32.847628877381,1,22.0724428810487,1,24.0467726874107,1,25.0415442814334,1,25.1615596634342,1,24.5831617990265,1,26.5382323974644,1,24.5230856514062,1,22.4404864422545,1,21.8081864649931,1,22.245704162244,1,25.0542766622146,1,24.1673526062564,1,24.5288733025755
1,42.7178038181732,1,30.2171203879486,1,28.9488272160994,1,40.3037647390902,0,31.8155883435316,1,25.7157509802444,1,22.4646644417826,1,22.8174305887071,1,24.992945631664,1,37.1789270217864,0,22.4147626646236,1,31.2364759678369,1,24.5732569939007,1,24.0369759592822,1,29.4245998198243,1,31.2985046360467,0,25.4092426712688,1,24.4823516790374,1,21.6156631360573,1,22.0010089167211
1,39.4528410808261,1,32.694941964446,1,27.3915323930318,0,28.239147780066,1,27.5246010230959,1,30.0570009228184,1,28.9790957100813,1,29.3562945683804,1,31.4735655397088,1,22.366255533488,1,24.1467388594188,1,27.8637182362066,1,22.8563187871921,1,21.815517083841,0,21.2893825292219,1,29.5632412864193,1,23.5070992121642,1,22.5483581556889,1,32.7362668156764,1,22.9798679570339
1,37.753841758511,1,26.0276817171569,1,28.8847851927645,1,19.3450789789225,0,31.1041293162852,1,20.9081013208367,1,26.1107134278416,1,27.7590246743261,0,26.9272995456158,1,20.7702048562186,0,22.81153411398,1,23.6302728876664,1,29.4652268523642,1,20.3443604429444,1,21.1265183349877,1,21.1704732973131,1,21.5741520691178,1,20.8616067732139,1,30.9459479785188,1,29.8640589818174
1,31.0339300458081,1,34.1198879020512,1,25.8069585324741,1,23.0265048097977,1,21.2947663087787,1,21.8478334125219,0,22.116565142706,1,27.5753648622647,1,32.2400177413339,1,29.0089276075377,1,23.5887892559586,1,21.5474884750247,1,36.0117164305593,1,25.8791747517563,1,30.4747210156363,1,31.8838668177198,0,21.9781189186275,1,22.6390535692242,0,20.6937584204372,1,23.8930531277833
1,36.6902929256782,0,22.8263524384012,1,28.3999284973311,1,24.0660973602934,1,21.8558628185145,1,26.3468881244821,1,30.3052065985616,0,21.3013442778081,1,37.9834571581783,1,21.7765519511833,1,30.1773772222815,1,23.3107624721305,1,22.7303026546022,1,26.8415106299403,1,31.2100047429901,1,25.0418269838645,1,21.1697338453621,1,24.26033333808,0,22.7904274469741,1,23.5720954069388
1,44.9715939931516,1,39.833965540288,1,23.9421058911691,1,31.3600389036501,1,23.0366816301914,1,28.6914405168907,1,31.4436418369024,1,21.9019924820237,1,28.6326335891813,1,30.3171399250579,1,20.631510775737,1,21.5566880053891,1,29.8678806999058,1,20.1351165363908,1,21.528258609703,0,21.1983103625416,1,21.8771684974881,1,21.0858763326465,1,23.0206300201876,1,22.4152810703362
1,39.745131997053,1,33.3302559483519,1,23.6837269619388,1,23.027870744185,1,28.0691188715061,1,20.8010272245467,1,30.2988049025237,1,19.930248105548,1,22.6525573079394,0,20.9747404805548,1,22.5366637541645,1,28.7206913341137,1,22.8752529528607,1,22.3759674837337,1,28.5913170460265,0,19.7753213426786,1,22.1994497868124,1,33.6926824950259,0,20.9337436311627,1,23.0958686662641
1,33.3672598125249,1,27.061195315238,1,24.0899093459271,1,23.8677232775877,1,23.0246043720387,1,21.8927566633231,1,25.5741399574622,1,22.6525322666218,1,21.0871104856121,1,30.5660419780722,1,21.2735048238036,1,24.1698336265816,1,28.6457001828341,1,21.0017057998322,1,21.9405735199257,1,27.8537088006214,1,23.0884797817425,1,21.3249508483976,0,21.1855929628656,1,23.667266077532
1,29.5230054480463,1,31.5693580120495,1,28.1052089471766,1,21.8777511713419,1,23.8760549340084,1,20.2845621613582,1,22.1860711150269,1,24.6636195501447,1,24.2911126908423,1,31.9717959436137,1,23.057941374229,1,20.9626539502645,1,33.7711599822038,1,22.2980479675626,0,22.8763902506815,1,30.6332189276098,1,23.4455009494342,1,21.8821222005671,1,24.1967094418149,1,21.8469021463027
1,51.6292239872719,1,22.8880754599187,1,25.7970929784028,1,29.5972412731154,1,22.6224592202019,0,29.4972909946584,0,21.2890129226765,1,26.175037709787,1,26.4834856916644,1,27.9183925246517,1,20.6940457630807,1,30.7801765161029,1,25.1626145735991,1,21.243477401462,1,25.0229706559116,1,27.1175403764936,1,22.8711277671232,0,32.9939385327352,1,21.569576800286,1,23.1489342129641
1,42.3268483734317,1,35.6013411499012,1,29.8364801144252,1,27.3413464524475,1,32.2522917497705,1,22.9452137692814,1,21.5595339794914,1,20.9686325555772,1,22.8673243031733,1,30.6741606242171,1,24.6466271268195,1,21.3272190826407,1,21.9513682381185,1,22.9072185753179,1,23.3708813478907,1,20.793392380931,1,22.1857300070276,1,22.0025186463126,1,22.7955471705649,1,23.3492343235391
1,45.7784342890198,1,29.3672366797009,1,27.2399715506813,1,23.9847795796785,1,20.3083976330452,1,24.616085084962,1,22.7807043997718,1,25.8734838019868,1,22.239840451932,1,23.4110071356398,1,24.1057540704049,1,23.2163001961076,1,31.4009746501399,1,23.1941707649568,1,29.7992954428805,0,23.4091551466143,0,20.9926557621752,1,24.1460734157519,1,23.3712182465236,1,25.3619301615471
1,40.1519070818657,1,23.7949116450213,1,21.3540801978348,1,27.6215214808579,1,30.8354928490687,1,26.0371376350793,1,31.6411736108893,1,23.1510433982875,0,22.2077269162339,1,32.2998492553236,0,20.6609200808682,1,33.9230409363586,1,20.9701357064202,1,23.6974017349418,1,23.0856759083984,1,21.9325367276468,1,22.9314769363388,1,21.8215834857928,1,30.7824908443309,1,25.0362229622193
1,38.1347410806191,1,30.3546825284943,1,30.5721504945292,1,24.0816095795793,1,19.3737363683313,1,29.4126165388736,1,25.1237862685071,1,23.9480041542769,1,22.3304496543695,1,24.8429359156094,1,35.180647262971,1,21.0290700845287,1,21.6995153373785,1,23.3918386313914,1,21.0699333192905,0,23.0817835430646,1,28.9719012308783,1,34.7554371952868,1,23.0950896433465,1,21.6314992706859
1,37.5412155243715,1,25.16308750343,1,33.9125505621103,1,27.2802208477939,1,34.0471920363172,0,23.3480528949259,1,30.4059291962106,1,23.7769625725368,1,24.0998014211656,1,27.3141537958861,1,32.7423747343178,1,26.3403314561309,1,31.9152237031735,1,24.2471086397169,1,25.2989475828678,1,23.012546248581,1,22.3986125280092,1,23.1492445905299,1,27.2128400367362,1,22.0354629208484
1,50.2433970553894,1,32.6552482852962,1,22.1461199902203,1,32.7730962594818,1,26.9965528041902,1,20.6642366122476,1,32.2554034067194,0,21.271273064757,1,22.7797627910946,1,21.7541242071342,1,22.6755737183,1,22.1566757605885,1,20.7184674845361,1,21.5113830484262,1,24.460269030709,1,24.2842661384318,1,24.0543838054498,1,20.8226690957195,1,22.8209776785828,1,23.8673684539767
1,39.6472784625159,1,22.768625656866,1,29.7134979369976,1,24.0891154663504,1,27.2094364659192,1,28.3338479458268,1,23.9749699694751,1,21.3594720388803,1,25.96513546024,1,23.907421261442,0,21.3262573189191,1,24.9309750905525,1,21.7596987704804,1,23.6534098398404,1,24.4435913351048,1,33.2691921608663,1,30.9474897176721,1,25.0861937196665,1,26.7461173182428,1,24.7030395059268
1,33.7694581334779,1,27.031433329924,1,25.4895064700486,0,25.7947289329123,1,28.7144639095831,0,22.880242225336,1,22.3247120651366,0,24.3029632110574,1,21.7820067151706,1,41.0922939281141,1,29.5911530399535,1,21.735330745878,1,23.5298303231521,1,37.6819720362616,0,23.4017583101374,1,21.6870805792984,0,23.4764922986524,1,24.1712486141971,1,33.7865913661529,0,25.364033360393
1,37.9664305990188,1,26.9832729566959,1,24.9201083937325,0,26.9534159188648,1,26.4202913269599,0,30.1745290753451,1,28.5698132769832,1,34.6693041220171,1,27.0281108716889,1,25.2584553486241,1,20.8981071089888,1,22.9946923213343,1,20.7109449933318,1,21.7768078452727,1,24.8161801625592,0,22.2304203967993,1,18.7042152176376,1,33.0501909720608,1,22.1191288307479,1,23.6172404369873
1,39.0724688607463,1,20.5240732229954,1,33.0187003013107,1,25.1059109134028,1,27.130029011623,1,21.3396102822955,1,32.2720014924,1,23.4262985664947,0,28.6655921154277,1,25.4542716495241,1,29.6505057273756,1,30.8782220218526,0,22.4343913969865,1,21.4654839012562,1,23.4338855952749,0,20.1637557328955,1,30.7411269816663,1,31.689414535593,1,22.0401110522658,1,22.5773812556554
1,42.9972774208173,1,30.1913183180107,0,26.3599280552076,1,28.4990578977791,1,25.2171187338489,1,22.7690847825972,1,20.5824369711255,1,25.9673555308967,1,24.4569956253074,0,29.4477774377722,1,22.5521318149461,1,25.4563246696561,0,22.8440822745473,1,24.0564463059028,1,32.2097261406166,1,24.2995924567146,1,23.4797897498282,0,23.3412385164713,1,32.8672448486373,1,25.1428181979862
1,37.9569022765055,1,23.9958498901501,1,22.5326217575841,1,22.4113608573405,1,24.5769142347254,1,34.3098944515007,1,23.1246882755521,1,34.2083774566873,1,22.806328960463,1,30.6521404622264,1,23.3770451534031,1,31.4267609153971,1,36.1516058601317,1,24.0593420660535,1,22.4436541083159,1,24.1056241044519,1,23.9569504840116,1,22.6253572414195,1,23.5065141817755,1,24.624695609539
1,56.4071452745633,1,27.6836078787754,1,22.5115720025695,0,22.6329122479593,1,27.1990187820185,1,23.4268494688523,1,30.768388813101,1,28.9865478733504,1,31.6412373929796,1,22.0740663774592,1,29.9154844555491,1,24.1949609321006,1,25.2426212490793,1,23.5414275867385,1,22.6247398766137,1,22.5794158760235,1,21.9451250860074,1,23.0360340849136,1,30.8369923908289,0,25.4673132676432
1,46.7852110730951,0,30.410148077813,1,33.722433588326,1,24.7460183794772,1,22.1656085149935,1,19.41948370093,1,25.4939828629907,1,22.2709512550035,1,21.6613155356177,1,24.1352823168556,1,23.9610084288365,1,37.1110670285,1,30.8425304030429,1,22.9843370310616,1,20.0173238418298,1,20.4695477061786,1,21.605743063002,1,21.296803924174,1,29.4235773514885,1,31.6474609961922
1,42.4931586679532,0,24.1420603536587,1,27.4904841047451,1,39.5712371267286,1,22.8148399928269,1,28.99517381586,1,20.9552631633596,1,23.8478287553126,1,24.5874520045505,1,23.9284500097333,1,22.8752486157682,1,29.3665650955586,1,37.6220542862718,1,22.2783016136061,1,22.7263456000075,1,20.9231317973887,1,24.1758627784669,1,20.4470402237614,0,28.8517976856826,1,24.1382175544117
1,47.7208587188237,1,35.755319686058,0,28.9650383894498,1,31.17871218828,1,30.5004157262704,1,27.2505835673049,1,29.6040535419897,1,24.7631853044261,1,23.0935640169981,1,28.2929995858287,1,21.7604736719278,1,21.420268605644,1,24.9035971051036,1,27.8996680241184,1,31.4203681036987,1,22.8620469151098,1,23.5375736531039,0,22.4655537941619,1,24.6863239043708,0,23.196636203234
1,48.4283638210625,1,31.0209392510236,1,24.7644556386101,1,30.1331751714965,1,26.9008436841357,1,31.5618253749464,1,29.4681566968433,1,27.7059942734718,1,32.1904298394495,1,23.56733637977,1,29.0919179942753,0,20.8457145375833,1,23.9945091099333,1,21.9739496388794,1,41.7512947910923,1,41.4506235795071,1,22.5097998501636,1,24.1962910470401,1,32.5502031088682,1,23.4463662818761
1,48.8444660722891,1,33.7337159422299,1,26.0865836060276,1,22.9398953073054,1,23.4978636310559,1,23.2925113869827,1,23.8423721069733,1,20.7100150146477,0,24.5196404109097,1,24.2981204817357,1,37.6838036558206,1,24.6194409892703,1,24.9218729916925,1,29.5507805280387,1,20.7314372205778,1,23.8957986791285,1,22.1821112523897,0,23.6156620501785,1,23.3467686575921,1,22.7433383180704
1,47.4245688197829,1,33.9883185381617,1,25.1158832579565,1,44.5798150883472,1,22.1979422868142,1,23.179706793094,0,21.9551379913626,1,24.0956964624002,0,22.6592181118945,1,30.4837102184139,1,21.6782391839393,1,29.3886171131315,0,22.2978962816351,1,23.0344664092401,1,21.3988726551496,1,23.9431813055778,1,36.6087608998449,1,23.6672166192088,1,25.5779401805735,1,30.7655889832367
1,45.7316603323695,0,31.7596350687354,1,21.574244259024,1,29.9716251384959,1,38.8976827503356,0,19.9713949917841,0,23.0269236824073,1,27.7401169312206,1,21.2452081208652,0,21.8114724702542,1,23.4079984200431,1,29.8203125076022,1,22.4351070569559,1,22.9541425473149,1,22.7093169459651,1,21.9884658090051,1,23.5186476056658,1,22.1236708227294,1,23.0331418251165,1,29.4756787603577
1,52.3860642401295,1,30.4391859764561,1,30.6779167613328,1,27.0944181474798,0,21.2361826309732,1,21.2289318831606,1,23.1560618126971,1,24.6037368588593,1,28.952032874707,0,42.3590927860207,1,24.1552386939017,1,21.8857809272476,1,23.8086412486379,1,23.9245473474711,1,22.0943014232712,1,21.9940945039676,1,25.8996507821611,1,21.880905002253,1,23.506358890496,0,24.1349293308655
1,30.5096188069271,0,32.8512031247747,1,28.5548261206486,1,30.3488820115197,1,21.7942811804422,0,21.8211516397029,1,22.5867852552905,1,31.3937110896531,1,22.8381051872644,1,22.4887618582357,0,23.1839196749684,1,35.9035313762504,1,29.2578954487324,1,19.8745184165741,1,22.5006815537694,1,21.5942976835847,1,21.7824578432039,1,22.2143011482272,0,20.4382335853188,1,21.9210193931723
1,34.0890923594591,1,26.1200773653901,1,26.539408931122,1,35.7708561804234,1,21.1077084257188,1,26.9414125012596,1,28.1281977216654,1,23.1487127002916,1,21.8889397239905,1,34.719037874524,0,22.1202047928308,1,23.5539166760818,1,25.6317270057564,1,21.9085687015895,1,23.0115409945431,1,23.6179899784602,1,24.3853156498647,1,23.1568383636934,1,22.7893996712465,1,22.5768638992915
1,44.0602070662689,1,30.1972538838308,1,22.7892354603461,0,23.6477546192531,1,23.5032516924989,1,28.0321616790266,1,22.3737313778524,1,25.6782417636433,1,22.8381513348203,1,34.6725662234092,1,22.4133963128333,1,23.6070275153915,1,22.6644064334049,1,23.1945307418252,1,21.7840526560269,1,22.3455305530136,1,22.5422697269188,1,21.9015517292349,1,22.907069023589,1,21.7619152181007
1,47.4570912634315,1,34.1439198311935,1,26.2364528578015,1,40.8949441883635,1,22.5673400594683,1,24.172654880462,0,23.6892142863766,0,27.6744193898672,1,21.2662018359584,1,32.0487678052846,1,22.8367265729307,0,21.7032997962542,1,22.8441619040495,1,24.4571035496965,1,19.5582887995146,1,22.3745969120039,1,29.2540092977568,1,22.296106852167,1,20.9821233956863,1,23.9365888310831
1,53.4405671245099,1,36.7686927546616,1,34.7460172143854,1,26.6577516605307,1,19.5327288286628,1,23.6855410852757,1,23.5841483443608,1,29.3461845893189,1,40.870309645124,1,21.0590739710704,1,23.3428101076715,1,24.9256407413069,0,32.0903711465361,1,24.7646380066279,1,21.9934683371613,1,23.8143515837631,1,23.6209206863295,1,35.9727816215018,1,23.2911527748541,1,23.3644950418505
1,38.2779688459557,1,29.9459002854086,0,27.8594623069273,1,25.6785951666082,1,27.3435850560353,1,29.0982903860952,1,34.1360938777982,1,25.1498225761731,1,23.3441264157707,1,24.4302247883112,1,23.9441862040987,1,26.7925380803331,1,24.5505266541255,1,23.6833097288114,1,23.684324584125,1,22.3367004075235,1,23.3875046279451,1,23.059555004264,1,23.3559493452404,1,22.9341945003276
1,53.8671265832736,1,36.4017014372695,1,27.6232793283358,1,21.6898401135223,1,24.161866985211,1,28.5648925614472,1,21.8195495268388,1,25.4048737969912,1,25.0112775934149,1,23.6961175331685,1,27.702668193408,1,24.8581615162677,1,28.3896777585926,1,22.3477984256694,1,29.3441349744601,1,23.4380434319404,1,23.0604829539434,1,21.729572859776,1,31.7738513222632,1,24.0836401179428
1,52.9803610136498,1,24.5871921203582,1,23.7777280982056,1,22.0943911811951,1,25.0562117808347,1,26.0812011115622,1,25.636114719724,1,23.0293717614109,1,23.4613506373961,1,24.3967318527357,1,22.6843542913518,1,24.6708592231097,1,22.5091335313743,1,23.5827269364634,1,22.6364058199065,0,29.4228361290689,0,20.8406320908402,0,30.9376803647037,1,23.6648652846768,1,23.8868874458639
1,46.4897477402365,0,29.958859721073,1,22.1138126260309,0,21.7504223499805,1,24.747497440765,1,25.7605012694701,1,24.1054257235945,1,23.9061608125196,1,23.2885045250275,1,32.6295381084552,1,22.9464602327233,1,21.630114664065,1,21.3201381542591,1,19.8008596819308,0,21.0856360632725,1,22.9793232709607,1,25.7366963897521,1,21.7414729358738,1,22.1413433030374,1,24.5139578306901
1,39.3362138055993,1,28.9112971707202,1,24.1641680370997,1,35.2444666109768,1,32.5071422425835,1,29.5826572762352,1,34.8713204187427,1,22.2926869951774,0,19.5073730735838,1,28.6710903768368,1,30.4919261108649,1,23.3278871870838,1,31.2753885510425,1,29.118253640457,1,23.8086032152759,1,25.7399809586555,1,24.6114794920683,1,32.6631469126915,1,22.8965440851088,1,23.0782607437559
1,53.2760674223791,1,27.1991620451861,1,24.317699414812,1,22.2813069620308,1,30.3670165400642,1,25.1489751193994,1,23.6533726401092,1,22.3890856084279,0,24.1280210469905,1,22.380804723029,1,24.0920675353226,0,22.0196601401223,1,21.1512896310218,1,20.7979847782817,0,23.9584925575228,1,23.5061872190293,1,21.504769314683,0,22.873868728827,1,23.0631733711782,1,22.8970060894427
1,46.9903195661387,1,30.1387835286814,1,28.2734370270369,1,21.408295224475,1,24.7537447925825,1,21.7734902101161,1,21.1975345611155,1,27.7936509481226,1,23.3601093099849,1,22.7142615083571,1,20.8328867021825,1,22.3915482735714,0,20.774487225568,1,22.6931186418754,1,22.3469842081047,1,23.9915429724051,1,24.6814941748923,1,37.0288648668658,0,21.4297154059403,0,31.5724978615783
1,47.4646879669526,1,25.7821999722259,1,22.4292126078258,1,25.8502900148533,1,25.7274405551422,1,22.7260528229287,1,24.5250936554676,1,34.8185405115961,1,24.0459995407646,1,23.3967325100468,1,28.728249636215,1,31.9871433610916,0,25.4374980258461,1,25.0358314043822,0,29.644451905182,1,26.121977751047,1,26.4304901973576,1,24.9959945060849,1,26.9669627043246,1,37.2887350112019
1,43.8853497688734,1,31.8785252586311,1,33.5925601742051,1,32.6836081468322,1,22.5687605036643,1,24.9601788640245,1,25.9820038447922,1,21.5548275465484,1,20.2413917257197,1,23.7529585917456,1,41.3375606881861,1,23.1208740968668,0,23.0801203759875,1,32.0955050777458,1,22.5416401263697,1,33.2510059524581,0,21.456371257316,1,22.1102496278588,1,22.3066169673137,1,23.2846598872135
1,43.9994590840854,1,29.8708413341694,0,26.183954688275,1,20.9621229553421,1,22.5735863980826,1,27.8857786414376,1,24.3431946152475,1,22.7129786897201,1,26.756967941145,1,29.700878205272,1,23.2999483454578,1,21.7895234728955,1,20.4012642309001,1,22.8836788686567,1,23.6199123808365,1,22.0877994295499,1,23.02901673182,0,30.8487606955503,1,21.0356101600143,1,22.6796110302154
1,42.3833573157419,1,38.4543291742141,1,21.2434403612949,1,28.1012161016572,1,23.6936868548664,1,22.9625613968784,0,23.0181615090197,1,21.7530185916675,1,22.0785820193934,1,23.1977794651332,1,20.6468576450369,1,28.3697145180735,0,21.464442404367,1,22.7290690222949,1,21.823989494191,1,21.9702872556138,1,21.9444662595041,1,28.9348540023429,1,29.3110368661154,1,24.0019219027204
1,41.3960932385782,1,30.156052068397,1,28.6934609335432,1,27.9729129561971,0,22.4069808629581,1,26.0944049746588,1,21.533396408276,1,34.7679971373135,1,24.1977734911215,1,25.7210426358711,1,32.9190457591581,1,31.5330457526832,1,22.6500096843725,1,24.4669021682175,1,22.8772254537246,1,24.4555932867366,1,22.732918307499,1,23.2652500670331,1,25.8478767364938,1,24.7140733891355
1,30.671922327912,1,36.1357579882515,1,21.488645045227,1,26.7408829012065,1,22.193728462457,1,26.6182460305114,1,26.1169029577537,1,27.5764001050208,1,38.8002424939353,1,25.8822720648271,1,29.6521620480068,1,30.9186864168988,1,24.4022044005532,1,32.3882500401368,1,24.1087877064696,1,24.6495450196801,1,33.0996365458787,1,23.870081751608,1,25.2499571197087,1,22.8907607652694
1,64.9288398961629,1,42.9899598873616,1,27.8181319343981,0,24.593760960201,1,28.3665066649659,1,22.9750652593166,1,31.1129570139977,1,23.2361382973634,0,29.8300427308546,1,30.5267496662961,1,22.9239009514315,0,21.8284921249895,1,23.3428002902144,1,25.4694415609549,1,31.1378741644394,1,23.4783363487298,1,33.0669273254435,1,23.441021458137,1,23.1027991659,1,24.3379180516557
1,36.8493921588499,1,29.6574592175823,1,24.9352610157428,1,28.6271902964707,1,31.5843977507228,1,31.6767680258683,1,23.4461386059226,1,21.7002203742816,1,21.5712967113306,1,21.5773990936441,0,22.2749526470805,1,23.4414701515185,1,25.1024773364133,1,23.0742224082825,1,29.771338464836,1,24.1949172970777,1,23.2770405362173,1,21.7096594391573,1,30.810988403038,1,22.6962390994327
1,39.5254188829246,1,26.6136495699323,1,22.3463620509736,1,25.698816541972,1,21.1616634694347,1,22.1641762922238,1,33.4031671360319,1,27.0375978140796,1,25.3143760565842,1,25.1230643380013,1,23.4862493297764,1,25.1622762325751,1,23.1940948312292,1,20.3130053406745,1,40.9732895455036,1,32.6039042263353,0,19.2032864689211,0,22.9402819018936,1,23.8828521150797,1,23.5692036985342
1,41.9143040193373,1,30.56249325889,1,34.1987100389695,1,21.8078773899446,1,35.1253708825179,1,30.3962370174848,1,23.2300929317676,1,23.4474255778917,1,22.8015418769922,1,23.5835710696688,1,32.1423889792071,1,30.8266243073928,1,26.286644280524,1,25.4532704798824,0,22.5104386791571,1,24.3379458126664,1,21.530636615265,1,23.6397568458428,1,22.564793112347,1,23.4932572502259
1,33.8611728923442,1,25.6516120667701,1,24.0579042809977,1,23.4075013400901,1,23.7850558952804,1,21.2777009849684,1,30.3650594534834,1,32.9967122207185,1,25.3640729041019,1,20.9319606573379,1,31.8310844878855,1,23.4106467012355,1,23.032208013291,1,24.2944753588183,1,30.5979576963562,1,30.1522756842309,1,23.861252311668,1,24.3970159114095,0,23.6639803960379,1,23.5501411592687
1,45.7514084697201,1,43.2192106857508,0,29.9562122165264,0,26.4714730681317,1,21.761625889093,1,23.4797764849545,1,23.8045375218222,1,27.1246971717582,1,22.3467880797484,1,21.3396024953003,1,31.4994214076452,1,22.6685385490875,1,32.8115516407031,1,35.878611275017,1,32.0631653781675,1,33.5275232513353,1,20.5854633964358,1,31.5747466308778,1,30.1417200030888,1,33.3277535094153
1,39.6786740657743,1,29.0347707878124,1,25.2371586495771,1,36.2245956938082,1,24.5128797353559,1,25.8458889830423,1,23.730840882985,1,27.0233973646242,1,23.6076339956997,1,23.5609152629028,1,22.1706756306461,1,23.3227046697131,1,22.9803581176755,1,24.8148795796743,0,22.2344022402815,1,22.418939098477,1,26.2706785909529,1,22.8716981153447,1,21.896761083788,1,22.356903947024
1,33.9472660475764,1,33.2691716718477,1,26.4742230907278,1,36.0903150372573,1,28.230572107703,1,20.673316214308,1,22.0340180494297,1,29.8595964798434,1,24.430553486053,1,21.5462868106062,1,24.0109016269209,1,22.7549321312497,1,23.9436141237872,1,22.6780064378415,1,22.4137404411455,1,22.3684820985635,1,23.0651683112692,1,30.3879517575535,1,23.0447790019671,1,21.6523398260622
1,42.5738220131105,1,26.1972881180896,1,21.5052726788691,1,24.2719142935249,1,20.7960517729846,1,21.2178787302225,1,22.9687427560333,0,19.1601501504063,1,21.567683263232,1,29.0061033592282,1,21.5034425256653,1,21.949228080036,1,30.3705185985117,1,21.9173962155045,1,24.1748169374283,1,23.9061309127216,1,25.2501700280498,1,19.2541189729414,1,20.8419044960147,1,20.0099413384205
1,31.7289852139376,1,28.0818132029223,1,28.0123384311144,1,23.0975766888994,1,35.3630793148313,1,21.6891681447864,1,29.9387255995852,0,21.7034287591442,1,27.9510657905924,1,22.8360745027724,1,23.1932586254045,1,23.8137934642742,1,22.4208747299475,1,23.9207044359228,1,21.6168165283369,0,23.2300688543537,1,21.6289177925707,0,21.7714131511403,1,24.9927478903817,0,21.8654840639345
1,36.2633239846344,1,28.1870890956364,1,34.9728421689936,1,29.5348448161753,0,19.1475711208986,1,24.8935890708838,0,31.8081849341687,0,20.3573906471865,1,21.3360442396819,1,24.3398215261498,1,24.8837015700854,1,24.6184128064119,1,22.6060985772265,1,21.7654848658358,1,31.4817375567143,1,25.0082648048714,1,29.0821532680617,1,22.5482532408372,1,29.5897468627899,1,22.5593690276381
1,36.1676488962118,1,30.7452383845437,1,30.1059075038856,1,27.5301172025771,1,30.9553237061685,1,22.8480063316818,1,22.6567346943616,1,23.5204066606933,1,22.948638995113,1,22.1632506791623,1,23.5104893798888,1,23.0928727772166,1,24.1695198313595,1,30.6234391009009,1,22.274665390868,1,25.1905335503042,1,22.427772617735,1,29.4018709603296,1,23.5146453171532,1,23.6481046565817
1,36.0072702562564,1,27.981104088692,0,22.1833492226366,1,22.6796389333068,1,29.6659661498995,1,22.3215355392604,1,24.1935310477117,1,29.350553115934,1,22.2922252795622,1,22.2978220285755,1,24.4636414677895,1,23.7253646836224,1,25.0936688760463,1,23.5174340435524,1,31.8460383993602,0,23.8696346708224,1,30.8440977011915,1,22.4813607663154,1,29.7530764150916,1,22.5996528969034
1,38.7981757110792,1,29.246618878717,1,30.9798097161606,1,24.8274829868138,1,25.136075387129,1,29.2653923550386,1,24.5509287397883,1,22.6840389414951,1,23.8015769191988,1,23.3539737634205,1,22.2357760128608,1,23.6120916133755,1,31.5693671089817,1,33.6211653739051,1,24.2920163201033,1,26.1708915623852,1,22.8864286662319,1,25.4246273043653,1,32.0872832365692,0,28.0681334269505
1,34.5185722831894,1,26.9917062774331,1,24.3222485505702,1,18.7991022719676,1,29.7037825642235,1,21.3811943782126,1,22.2889790781214,1,20.17451269631,1,23.188037613741,0,22.2443607125888,1,24.7162024534713,0,18.2886658561963,1,22.4248705215319,1,21.5232166056668,1,21.1747820373734,1,22.5626465205552,1,24.083405978103,1,21.9812936983776,1,21.7899075863675,1,22.9723250422585
1,39.1674557743973,1,41.5219805770555,1,23.9901793783834,1,25.1413532703215,1,23.3769256656997,1,28.0860033091052,1,23.1384981192115,1,23.1067670656031,1,23.8121967551593,1,31.192714432446,1,33.6353173079368,1,21.2894093136276,1,24.3620962213555,1,23.7181846557186,1,24.1258531811059,1,25.0089979817783,1,26.0969598600564,1,25.7947767779918,0,25.5971076765977,1,22.412159943337
1,47.3413000239012,1,30.9266592494005,1,39.228037762621,1,26.5714528342526,1,49.7523404335321,1,24.7707554185203,1,41.1215594392178,1,24.9683187043009,1,24.4598247294105,1,20.9679953519127,1,32.0308703313654,1,23.9116722735829,1,25.9305550482293,1,34.952051410219,1,25.0333601513336,1,30.4977593207602,1,22.5218166375101,1,24.2364279680208,1,23.51374054269,1,24.9147321168965
1,37.4750275552474,1,24.0434503967398,1,34.5962661525991,1,27.3705781126273,1,25.5579651239907,1,33.5702347775759,1,23.0488754624936,1,30.4575172743484,1,32.085947202788,1,23.2466743513289,1,25.7893355114376,1,21.2777565089807,1,40.0064637981918,1,30.5715211131866,1,33.3862309933997,1,38.2228522685017,1,24.8559120479362,1,22.9348805086529,1,25.7982354051863,1,22.8890143704762
1,35.6919618926152,1,25.6088728904531,1,31.1073233252121,1,24.0864453612584,1,23.7909528182222,1,25.9523957679926,1,30.6771369543749,1,23.6839215787837,1,37.4392182508055,1,28.9154755876381,1,24.1664819491725,1,22.6834181351676,1,25.125233840369,1,23.9492496980428,1,31.8341035613795,1,22.0584013544343,1,23.198055135129,1,21.1676269545956,1,22.4392441527015,1,21.6725200016171
1,56.8289197935054,1,33.6655914548598,1,25.2149893237235,0,26.7037830679267,1,23.2312213797082,1,24.1656959814474,0,20.7622067082162,1,22.5305623412303,1,21.5545111705382,1,23.2550700849976,1,22.4235641080049,1,22.0224314469846,1,22.633456894302,1,23.2107155920013,0,23.8956985928878,1,21.4295015695014,1,21.9940516348968,1,22.7646002421863,1,20.3196016094455,0,29.9285229773743
1,46.7630983237993,1,33.6190820486388,1,23.7981072637207,1,22.2983758262581,1,28.711400480747,1,26.8679732568632,1,23.5254405531842,1,25.6499205280269,1,31.6438462812566,1,30.7549026454215,1,22.9913096862751,1,23.8875614353325,1,22.6532692561654,1,23.097710040068,1,21.7559011073524,1,32.6224665207411,1,30.9064941969803,0,22.3000140990424,1,28.6108100778483,1,32.2876857369129
1,33.2162229041593,1,30.5328554893223,1,29.2993446896195,1,22.4846805013703,1,24.6877788493077,1,37.6667736083387,1,23.7731103158739,1,21.3359428859404,1,22.3120611963168,1,31.2660468969426,1,27.3169764193349,1,39.9834227687003,1,23.6980985874854,1,20.8387035525491,1,24.1810620687897,1,23.5041216537027,1,23.0857994276585,1,23.359733665318,1,24.8414470100037,1,24.5619759464721
1,43.6383701266378,1,25.42195117893,0,25.3601849829608,1,21.7585020997876,1,27.2169724346518,1,22.0697432496777,0,22.2866636212686,1,21.5727140024386,1,30.657002932109,1,22.1645197324074,1,29.1289817372073,1,21.7721199244481,1,23.4915585527709,1,22.3426247231566,0,21.8346999814322,1,30.2759545415375,1,24.8635495127427,1,22.764778098952,1,23.0558444504295,1,26.4434558735914
1,38.3364617286813,1,27.2725197921169,1,27.6601820210453,1,32.8567316818784,1,31.5702468166013,1,24.4314589121145,1,22.6631975706267,1,24.2966827974789,1,23.1051645665425,1,24.1530754494708,0,24.0817244245086,1,23.4195777482503,1,23.4040280275116,1,24.1405254614112,1,25.5785270895849,1,21.767038994363,1,22.7033871158326,1,25.2655621325314,1,21.0064927953165,1,24.8701602233123
1,35.1030211794284,1,27.3686189693821,1,25.8703451519685,1,23.5940993673925,1,25.9011809562942,1,22.7323051467326,1,23.2124627029031,1,32.6329849670173,1,28.6005841189889,1,32.2713028557652,1,36.8926868191701,0,20.6253048942551,1,30.3769028765101,1,23.7760517697316,1,31.830417353934,1,31.4116144691002,1,23.9786893681588,1,21.7106778348395,1,23.9172819788838,1,23.1287526045722
1,35.433945490709,1,28.169938274428,1,36.0882755149171,1,22.5230054153252,1,21.8661002909182,1,24.4040941877848,1,24.1219119378614,1,25.4786483661597,1,25.3175543181547,1,31.3029933796075,1,23.3601805671151,1,21.0879937205728,1,29.8604522231804,1,21.2832470939051,1,22.5721119000757,1,23.6228657204616,1,22.7007333954049,1,24.5814939860403,1,22.2614142943029,1,21.9142025443045
1,31.6659529919893,1,30.4804388813121,1,22.4054182362472,1,30.7086078048601,1,22.4922138890415,1,28.3426560253336,1,27.1935001121204,0,22.4835733283175,1,23.6129880607095,1,23.2680129799657,1,23.0762621940273,1,22.6086453393625,1,40.6237329986063,1,25.3772931174404,1,23.9829720893909,1,24.8480326144978,1,31.1691629810091,1,22.2922644940029,1,23.9796842072257,1,26.5704829834346
1,42.0890990480161,1,40.5746793953742,1,24.6708274400481,1,23.0594833023339,1,23.0243929320104,0,29.029042564547,0,37.2785572561108,1,30.3900733421475,1,22.8129626695306,0,21.106438208904,1,24.4605957724904,1,33.4313914973895,1,22.8304743132742,1,21.2554994678226,0,31.3692789432334,1,21.7615713684345,1,33.2795714804304,1,19.1519726293901,0,23.3614596301581,1,31.106735222441
1,41.7616282194944,1,31.3420051123837,0,30.1806932815775,0,26.0674126374922,1,37.6083472902834,1,26.9039205556034,1,23.8362898670888,1,21.3307911162362,1,20.8659475874856,1,23.160254425593,1,26.3469712017235,1,23.4483788303906,1,31.4752206463348,1,28.6270079164954,1,23.2595883602411,1,24.6245223971562,1,23.2400268098342,1,21.930427169155,1,23.380549898575,1,24.6837953276993
1,44.1835099431055,1,28.1879906175276,1,22.8143760005685,1,27.3495613874785,1,24.5128181088038,1,29.4128269343545,0,24.0801093233035,1,23.4888499258942,1,43.3374309028725,0,23.5646101952583,1,26.2671470016669,1,22.5981172183393,1,26.9630970725568,1,22.2801435386121,0,26.8668672001904,1,31.6261912420993,1,23.5155671133165,1,22.4665127299034,1,35.9286030896388,1,25.7309859244956
0,43.9281235385033,1,27.7944855147037,0,25.2391388016655,1,25.0798586137127,1,21.738987320509,1,23.4406836328216,1,23.3144889453553,1,22.6902029099744,1,20.3057366043687,1,21.2890132064137,1,22.8393185762169,1,24.3849498481325,1,41.2516946743353,1,23.1406763314186,1,23.4710957998898,0,21.3524689789772,1,22.1133659088369,1,30.9641687591936,1,25.8017638853049,1,24.9240012853517
1,47.2557369803136,1,44.4326343049354,0,27.9217948804742,1,27.5946927267863,1,24.7087639683038,1,23.5552377598314,1,22.3076842844583,1,23.402436376665,1,20.3682024017628,1,30.6615104549091,1,30.8332220141661,1,32.2303015655014,1,22.2516701128406,1,25.2497351907883,1,22.3250531531571,1,22.3769785616657,1,22.3595711804392,1,23.5397788847212,1,23.0673153073937,1,23.0856178609918
1,32.4956838614948,1,26.4865501147933,1,36.3038840146675,1,22.160528118763,0,22.6012028535705,1,20.7765118831818,1,23.0265907356258,1,22.3405010460783,1,23.8592353254844,1,22.3533090838567,1,28.7947064790618,1,21.9939403846175,1,22.234443784741,1,22.6368728957047,1,24.2548624333739,1,25.2699998183038,1,25.3861261298703,1,24.1807407326799,0,23.3591428743455,1,24.435064577311
1,37.0191179947192,1,33.1722257742274,1,23.1968851704339,1,28.7911326368305,1,21.659700244653,1,26.3080628851402,1,24.755198325471,1,20.6297214558917,1,32.440523227863,1,28.8048871885765,1,32.4236284049373,1,24.9136813896858,1,26.1905883184522,1,24.6462704491813,1,24.0376518828631,1,20.2786818347745,1,22.2668497568296,0,22.0493221464281,1,32.6650087262392,1,21.3409950614433
1,41.1905209293619,1,27.1198410652069,1,25.7261389208895,1,27.0962251124395,1,30.8785044818679,1,22.6538542995906,1,23.2464520495284,0,20.200486494275,1,22.4973192073715,1,23.0733518156199,1,23.7593789298207,1,22.9440506395305,0,23.0934773176313,1,23.8185087995984,0,29.384928911689,1,32.3614597358111,1,23.1573514269742,1,25.0407737490463,1,23.8631171091252,1,30.8746462331946
1,31.4532880890058,1,32.0281096155405,1,23.9000826811206,1,21.8975921867214,1,23.2895746840138,1,20.8056365527644,1,21.1662492571314,1,24.8408095893862,1,21.7034763800783,1,30.7576249075218,1,23.2163552654986,1,30.5781124869904,1,23.9803592040619,1,22.0563166765354,1,29.8814182505824,1,23.5642730252514,1,23.6337096546321,1,33.6694105482883,1,23.4677355138955,0,28.7172991021602
1,36.5912790469878,1,30.9143812670489,1,28.3977470939945,1,21.2567983173761,0,27.0068376671452,1,24.017660186581,1,23.8174009970803,1,30.8080124270471,1,28.9999104636868,1,24.0454767652665,1,31.379346805746,1,32.1344773939986,0,30.1623791270355,1,23.5383476715779,1,24.4277239115622,1,25.0262524122762,1,21.965328226027,1,28.9822573667366,1,22.9851349157082,1,20.3872221571819
1,42.7425982717545,1,23.9477331697674,1,25.9142919013524,1,30.3339581954504,1,24.146086458127,1,29.6814505771944,1,23.3450385866775,1,29.2797204740904,1,21.9902115152709,1,22.1442303733602,0,21.1843464860571,1,21.3008405072554,1,21.7728683831889,1,31.0161461726107,1,30.6048042508885,1,21.7085752318521,1,21.6427460475736,1,23.3991852584833,0,23.2421647967784,1,21.4904857561245
1,41.0615498098682,1,36.721751002491,1,21.1687819692318,1,31.203671179679,1,23.831318914776,0,19.9772401092989,1,22.9524657975929,1,24.6013303091164,1,22.8252377451243,1,25.8969940990486,0,20.6199185310575,1,22.4900034809828,1,26.3050049524122,1,22.3538341370031,1,38.6861162015171,1,21.4223095745385,1,21.9707138800376,1,30.5677098799014,1,31.5149525869039,1,22.7498537230732
0,39.6834527399168,1,22.4580747208386,1,29.2474827619287,1,23.4164364983935,1,27.3635904879928,1,22.2614913144159,1,20.9515586593554,1,25.4276109872427,1,24.6241510679512,1,25.2148606755689,1,26.4651178264206,1,22.227544414157,1,23.7287651103851,1,31.6264515438216,0,21.7818412113913,1,25.3530797099,1,25.8184646213505,1,24.2203497994412,0,21.4075356253073,1,23.1695869955159
1,46.0389647342081,1,23.4150519950885,1,23.7690789786095,1,19.9853164009116,1,27.9465892636595,1,21.309761444823,1,22.2624437401139,1,21.8632053668969,1,21.4914582962287,1,21.7751721699099,1,21.6203037240416,1,21.6249860923609,1,22.8126899153847,1,22.267429904351,1,22.4206356352796,1,25.6064553138756,1,22.4497491595553,1,24.035164737432,1,21.9101537069987,1,23.3462011891924
1,39.7374975020782,1,25.7034457272297,1,25.0521383934424,1,24.6818772171221,1,20.9416969456532,1,22.1054871421246,0,24.2742942985956,1,29.0306586048983,1,23.5492776218049,1,27.244784704208,1,26.1531943007844,1,21.9192659978134,1,30.1365998844991,1,24.4354205359158,0,21.640994859908,1,21.5127042994327,1,32.3785789206925,1,22.3733030549829,0,22.5096542456175,1,25.1194660850886
1,47.9078289299993,1,40.1227027714956,1,29.5238257398345,1,32.5698110825566,1,22.4439897142945,1,23.5818615337159,1,22.9651983482673,1,29.2148522457045,1,21.8788278190852,1,22.3324800364675,1,20.8836687292886,1,22.0898236406784,1,29.2916548661654,1,24.0318067558901,1,21.1530222975001,1,27.1447600165008,1,23.5184498816555,1,23.8508306546592,1,21.3355331303659,1,22.8455845619723
1,40.6024281436743,0,27.0566721923951,1,30.4112427750573,0,27.0913452087552,1,27.4062977606359,1,30.7044518806549,1,23.8545942872464,1,32.7828900491931,1,24.2916621152381,0,22.3915916356651,1,23.8538115954383,1,32.2171057344742,1,25.5970659118863,1,44.0666616750674,1,22.8378456733449,1,24.3105544088041,1,35.703248480805,1,30.2295956826645,1,35.1205696845051,1,25.0014919427579
1,31.1780157516274,1,34.3670453606621,1,26.7631194169201,1,28.1986340240491,1,27.2967005948049,1,36.0358793803693,1,20.6883053696861,1,23.6266632963684,1,23.8221016662784,1,22.8092485341676,1,25.3357549063265,1,24.6815438756677,1,22.8122820597684,1,26.4950409511979,1,32.2877778230544,1,23.7145589249922,1,23.1650558746643,1,24.0381125038155,1,23.5929275496737,1,32.7410755883367
1,45.4398556786167,1,40.7220558857633,1,33.1302178577029,1,30.9607744544505,1,29.4882194115361,1,25.2021659014062,1,24.5260487578103,1,28.6217139601173,1,24.9834053811652,1,25.1783492661808,1,21.0393879246716,1,23.4111821742578,1,29.0815128846938,1,24.9662590875221,1,24.14224177766,1,30.3039873347892,1,24.4604166880158,1,24.2396243328133,0,21.2438988236624,1,21.7332393362588
1,47.427026300065,1,24.5815465795263,1,25.5674897217853,1,25.4986820271826,1,27.9078208097001,1,23.4982343584067,1,33.4544731090356,1,37.371952312962,1,39.5992845520057,1,23.0511225658861,1,21.764268723971,1,20.2229697034412,1,22.6767143654299,1,21.1811690476648,1,22.0371134930042,1,24.0231331395909,1,22.1103190933804,1,35.9055963352603,1,24.5120918094262,0,32.5931420762122
1,44.1067954347403,1,27.0384567636961,1,25.4125973311096,1,22.9864363902794,1,23.5236035022181,1,29.5788953182122,1,32.6233550154019,1,29.9554477866646,1,23.3928449368171,1,21.232982473234,1,31.5850099529265,1,23.0203386324648,0,20.8841521849863,1,20.6783936097053,1,31.2421499462718,1,25.5176998600617,1,27.3319255351784,1,21.6630105263506,1,22.3614720404049,1,24.2858187188785
1,48.2938011796286,1,27.0958410324442,0,23.817574946865,1,20.5779128775537,0,25.7712037203349,1,22.6594814545212,1,30.7753167162898,1,23.3704662942567,1,34.4279660649475,1,28.5582744867477,1,22.0372813872336,0,21.1727276324772,1,25.4108282340552,1,28.7235767153537,1,21.5524301384084,1,23.3485746610525,1,30.4613440164518,1,22.9648748665776,1,22.6923053543585,1,22.4345993775836
1,45.9918235022998,1,30.311188014579,0,29.3817849343389,1,24.7861356995689,1,30.4356115904846,1,21.954044591282,1,22.8604592332576,1,23.8071460697457,0,28.4983152294613,1,20.6768204748536,1,24.5550993474684,1,25.3713175927242,1,22.2494881582422,1,24.2163737877587,1,29.1471565305114,1,21.7133820931261,1,21.5897675609585,1,22.0827959924537,1,22.7163953437909,1,24.7358507603043
1,49.2683513494877,1,25.314776440987,1,27.6856370663432,1,32.3863499195412,1,22.4832327491239,0,23.3646492731218,1,22.510793697564,1,23.1731630038812,1,24.763201334712,0,22.7463842540808,1,23.4674406312685,1,25.90071472799,1,30.4723370281759,1,29.1490809102385,1,23.2033358869034,0,21.1840478905605,1,22.6504129320106,1,28.9910053037123,1,24.4679778914372,1,23.4829383969531
1,44.3556380176199,0,29.8177624877117,1,26.422268672786,1,23.8712152106562,1,27.2959951762346,1,31.2238557673101,1,23.993658298298,1,22.3362086217833,1,39.3976420757081,1,32.1917399461799,1,32.9208059509972,1,33.6586229549801,1,22.4119677761941,1,24.2428208970321,1,26.4090648691329,1,23.8864445098885,1,26.509084846914,1,33.8843150215037,1,24.7470211112405,1,32.6289793093499
1,44.3430968861104,1,37.3364483063867,0,29.8067623766602,1,25.5323465236503,1,37.1915251945145,0,28.6747934230842,1,28.0491480362167,1,29.8985789787879,0,22.6272044926242,1,30.9189127357686,0,22.3675103153509,1,21.7085952033469,1,20.7519685478951,1,21.1212552267127,1,22.3466341991904,1,22.2560366916648,1,26.5203357305981,0,21.286108471424,1,30.9944884696042,1,25.4388196889075
1,38.8351980515343,1,25.2463184879617,1,24.8481741558515,1,30.4389254158166,1,40.4129624952995,0,30.9108245706294,1,23.2253442123343,1,21.9989517093994,1,27.4750077200186,1,29.553218445945,1,33.5825001417212,1,21.7625256649695,1,23.9331727638792,1,22.6030379318455,0,25.0255142200369,1,23.5760686802483,1,23.4406617274588,1,21.328273242309,1,23.5423979074363,1,21.4153795176074
1,27.2368168060135,0,33.6144903191804,1,28.4601389254169,1,26.3232921334872,1,24.4920904002008,1,27.4366010667516,1,22.4320980380189,1,22.8951555291902,1,21.512367768406,1,28.8988207603491,1,22.84691635707,1,31.4434084276804,1,22.3973197140703,1,22.1304095288341,1,22.8145784527245,1,20.946503931673,1,22.5521346376229,1,23.2244924627801,1,22.0525968473772,1,24.6010530985283
1,46.0033639016537,1,39.2388182323851,1,33.4630761239868,1,23.2415262762734,1,22.4067204904706,0,24.5032546612081,1,34.8562439146552,1,20.4581952168741,1,22.5312166781525,1,25.640088890752,1,25.4542716902905,1,28.3231947353159,1,21.2714434432844,1,21.6451243647548,1,21.1091215422012,1,24.5433934007021,1,22.2109244188135,1,22.7448744718168,1,25.7537759768307,0,22.6176368110756
1,42.3257689180629,1,20.5886098876803,1,41.1106329479869,1,24.8584887929094,1,34.7636978170034,0,22.304592439514,1,21.1471657822289,1,23.1690810415575,1,22.9878790972758,1,25.3106817366177,1,23.4847550687997,1,23.8620172518169,1,25.09529119606,1,23.3482233095863,1,23.542324320136,1,23.3329116990286,1,29.5094728849851,1,22.2799792625153,1,25.1905795846943,1,34.8829846802839
1,39.9124327495106,1,36.8812728612426,1,32.8184244943782,0,35.7753674106707,1,23.1469701625083,1,20.6832743030954,1,20.3473262545148,1,29.8300578874475,1,24.6697611472289,1,25.0359809100899,1,22.7035543476799,1,29.6939730845074,1,23.7779979257523,1,22.640085181197,1,25.3050211087035,1,24.8621000791051,0,33.3423556229544,1,24.1777176692719,1,26.3418246682829,1,28.2469002769826
1,48.1369775329337,1,28.8677477071188,1,28.1886263801858,1,34.4542863289702,1,21.4357003991236,1,24.067785145803,1,24.8165546640298,1,24.0169014663733,1,30.7978851665598,1,23.799854078656,1,35.7240134890993,1,33.0141075618956,1,24.581727253666,1,26.3044927020375,1,31.1300643163858,1,23.0300861239925,1,27.5181092924697,1,22.7844195058196,1,26.7227801666545,1,23.034832622081
1,38.9319652726718,1,30.5372050052298,1,29.7428547196237,1,28.7589222747677,1,29.0677091531913,0,22.2417238560116,1,34.7899620508335,1,22.8159693284601,1,34.6019323578662,1,21.933651825538,1,19.6944978651359,1,20.908007495104,1,22.6069853735961,1,21.0097793676781,1,22.0905960294318,1,24.5710261305894,1,22.2858831503197,1,21.5274259057538,1,21.6347420192677,0,29.5429240917241
1,38.743361497349,1,26.0532954029269,1,22.2800797566265,1,25.0736378766794,1,27.9804636796433,1,28.0655591639976,1,28.983432828169,1,30.9189418455215,0,22.3148224983725,1,23.566995462242,1,25.4472931021781,1,21.9962009721875,1,24.1231561857355,1,32.5507294677203,1,23.5374302193782,1,25.673657312528,1,24.7449075992935,1,24.6018645402897,1,26.1917120383804,1,25.1607370665672
1,35.7403687459523,1,28.1047978437847,1,22.6969664212615,1,35.0689405809715,1,24.2059425375452,1,25.2394438495014,1,24.6580876574932,1,23.0681287218663,1,31.4977751577338,1,28.6966763366317,1,20.8293909621261,1,21.6066974584253,1,23.8001665661843,1,21.8092087692722,1,29.4753553227925,1,21.8222113644818,1,21.8080682517031,1,28.0086520332618,1,24.4058075385914,1,22.0881658435653
1,43.0743942713099,1,35.533631641828,1,30.1301263084256,1,25.8266935295934,1,21.6993223128024,0,30.0429048634783,1,28.4722682477705,1,31.4468284724748,0,20.5453368951125,1,23.7336663324135,1,19.8793646635638,1,24.9889562461641,1,37.8203913600102,1,28.3389324654857,1,21.9993975813214,1,23.0597716241271,1,24.0137874606304,1,27.9880561023789,1,31.3803174282751,1,37.9216833904054
1,42.4464330925984,1,38.8799043213106,1,21.4073406237114,1,33.5450605446449,1,24.9848363473419,1,23.6146085315945,1,36.5402245461347,0,19.4559973958422,1,27.2633780478863,1,22.8781423884627,1,22.0902285502761,1,21.4292069397784,1,22.1552839717454,1,23.5133221765544,1,22.7227918534884,1,29.8677498034999,1,24.7909088455963,1,25.360265176875,1,25.7773882608496,1,24.1836762981196
1,42.7278560627782,1,35.0367862733764,1,24.9743181327621,1,22.8941748475823,1,19.1420850709784,1,20.7661320690066,1,23.2502822673568,0,22.4770208676807,1,35.9615784215251,1,25.2517635103599,1,26.1869209407982,1,24.9251166848623,1,24.2686917938369,1,23.139191274852,1,22.763047515575,0,28.4311322421573,1,23.7416255290648,1,25.3889615188154,1,24.3909687718122,1,22.9343425517231
1,55.1276006590687,1,34.2957868527227,0,22.7176238697963,1,23.7986738731068,1,22.6342513760576,1,28.2612265687109,1,20.946996598894,1,22.4011551338784,1,22.730105481045,1,20.7706106902723,0,23.9893045641522,1,20.6899220279289,1,24.0483794262606,1,23.1802678441444,1,25.1297439159596,1,36.1662044299298,1,23.0874322904812,1,23.6428592420792,1,23.3252763477952,1,23.8268793440409
1,29.1857162051136,1,30.3204947925589,1,32.0537031831109,1,21.7162734321447,1,25.2464552827294,1,31.591390262376,1,26.8060116784956,1,32.1929561298283,1,22.7553130609154,1,33.5899706235772,0,22.6304617156781,1,25.3335420779144,1,22.6138524928193,1,33.1570528568399,1,21.9526519160177,1,22.847073160063,1,29.7711891568826,1,25.1977798685602,1,22.037486162349,1,28.3981885197766
1,58.3147519936105,1,29.5161316268073,1,28.5153970402123,1,27.957011229344,1,27.3628307544338,1,28.2187686709169,1,23.1400853532361,1,21.321667699288,1,22.1298606433838,1,22.6542227953347,1,20.4053651125774,1,30.1227930314738,1,28.9025098992152,1,31.6732663135541,1,25.5627528337625,0,25.739326326374,1,24.5075103342794,1,20.2162677063913,1,23.879378745322,1,29.2028876319865
1,32.9106075478566,1,30.769695087761,1,26.4869498557908,1,26.4335823058656,1,28.7131340612895,1,29.2793958560967,1,25.8879558946445,1,21.2155356219915,1,20.4886962869186,1,20.1867108877439,1,31.4736263389022,1,22.6291356849869,1,21.6558984503171,1,21.5196462443222,1,20.5901346459555,1,23.9452347412457,1,21.9883456128432,1,29.6830277719238,1,21.4599608419025,0,23.1571981671646
1,40.1926618432422,1,23.0171592277749,1,22.8013462837941,1,18.7161915933405,1,21.4135105530875,1,31.3797881321845,1,23.9494127484261,1,24.8788909290839,1,25.5769064158249,1,31.3325347224952,1,22.3683227507112,1,25.1973728118711,1,25.4090316366881,1,24.9970468886637,1,24.4336335210423,0,32.2582427289764,1,22.6036672034415,1,34.9621176775657,1,24.5585714418116,1,22.3874598575677
1,33.9850420359548,1,27.9157381989966,1,33.7835394481393,1,29.0387752019129,1,29.1113680551089,1,23.8350288529042,1,34.2599682468661,1,24.1333423761991,1,21.02618638124,1,26.7566759770095,1,22.6364303565821,1,31.2043257130106,1,23.8592358199046,1,23.4489357678996,1,26.0840805150293,1,24.2080845528277,1,24.2705252607038,1,22.4503092093895,1,21.8830491910547,1,33.1766191000517
1,42.3124390068868,1,27.2561329356199,1,30.3668360104891,1,25.5690047317385,1,24.4761822813243,1,27.8851036420792,1,28.4804605806575,1,34.3650083390999,1,40.2340057602049,0,31.1099103295547,1,21.6281221192202,1,25.1651963880167,1,23.7216394336635,1,34.2988199260612,1,20.4146006317908,1,31.5075291029714,1,23.406219383836,1,22.5886191803435,1,23.9506956400149,1,28.7696603684442
1,52.7306983823373,1,37.0334005871838,1,22.4169433016581,1,26.9591611371917,1,20.9427220947257,1,21.9520685145297,1,22.7442552285275,1,30.7903935754143,1,22.4081683964935,1,32.1417434000145,1,35.7773026417756,0,20.9764065338846,1,20.6384244076832,1,32.615466004279,1,24.6646114965334,1,23.0460960644333,1,31.1165466745699,1,21.8968183314918,1,21.8093845186607,1,23.3990336753462
1,35.7256658490613,1,34.068309276602,1,29.9857231071793,1,34.7546919085478,1,29.6174342354748,1,23.4616027751542,0,25.2893030616005,1,21.6396922998921,1,29.8995186066795,1,22.96852271356,1,22.449213228591,1,29.3916096915568,1,22.2951930618903,1,24.3141458541835,1,21.3242574326647,1,26.9684880617476,1,32.0143850834261,1,32.7911047190265,0,22.0628177690049,1,25.0960007873911
1,51.2792770586462,1,25.9727738110447,1,35.6272831409846,0,23.6152872706839,1,22.6321657568739,1,31.9737199714127,0,22.7534063585413,1,26.3918297128031,1,26.0003259367718,1,23.0754048015007,0,24.2268018127155,1,24.0639055532473,1,23.4451818513498,0,22.400269759297,1,23.0707437341437,1,24.265585002871,1,25.6076651565582,1,23.1930605715568,1,24.2296495122578,1,24.0122495635254
1,33.218191871457,1,36.2084655393912,1,26.7070023487914,1,30.7529285742629,0,25.742922713774,1,26.4039430517942,1,22.133038134626,1,29.8736196219609,1,21.9650973397418,1,22.0096334624955,1,20.2088694551476,1,32.3679323804227,1,31.6910229990278,1,25.1456733646087,0,25.8739949114257,1,29.7713939542642,1,22.6338244747834,1,21.8052529996266,1,22.9216730401377,1,20.7875374155061
1,35.2616199781358,1,22.1535266535487,1,27.3495536612778,1,24.8959791185867,1,30.1814666113443,1,18.8431728952776,1,23.5789747543372,1,39.3341852410125,1,21.0681932053302,1,23.0429314756564,1,32.7518136490925,1,32.4998085585773,1,24.7411906876064,1,24.0201610519215,1,25.6726675672134,1,24.9317351999989,1,26.2066185135372,1,24.0395212175458,0,23.9385507861801,1,23.2435434627676
1,49.0714951318757,1,28.5195366171786,1,31.3680258305175,1,38.5625018915928,1,22.1792471974324,0,20.9978416009814,1,25.4030093707499,1,30.4560850873283,1,22.2381622757775,1,23.4694251936985,1,31.1548050740985,1,21.1634305393015,1,22.6210107567253,1,31.673292997463,1,22.4737221218624,1,22.0317824951271,1,23.9237182040929,1,20.754333857065,1,24.4242759137034,1,23.8684942029485
1,40.9253052448582,1,30.3698386701564,1,26.6913021690863,1,28.1032819712225,1,23.9295886587782,1,32.4301986025079,1,26.4144183581193,0,22.3262266588291,0,28.7119845482177,1,21.0834143984749,1,22.9358548351867,1,23.4343349708989,1,25.273771429335,1,31.6203619517184,1,37.7883345001165,1,22.7413706218246,1,23.1795981213235,1,22.4502736148174,0,26.893270593929,1,24.0908580690332
1,44.6423737812208,1,31.9280666446554,1,26.6726550529022,1,26.7478794076323,1,23.8682043180954,1,34.8937424113305,1,22.7623848052997,0,20.7008797309354,1,23.2946582477061,1,22.0306390407085,1,22.8467234607345,0,23.0194384162876,1,23.5690063555589,1,23.0116250231987,1,30.8344154038404,1,31.6751745924402,1,25.0691268527004,1,23.8404631651473,1,20.9153496946257,1,26.3211807071996
1,48.6760736353513,1,38.3274498681635,1,20.4778215123947,1,20.5690675537778,1,27.9177025112296,1,29.8646454944263,1,22.8946621962686,0,22.1842618632743,1,22.4079188341555,1,22.9013168969496,1,21.9628978935631,1,22.9043810009927,1,23.1679728730635,1,24.3546852455812,1,26.0944841834603,1,29.8431995913552,1,23.5132542551442,1,24.5102644602163,1,25.8061244771398,1,34.8513041300293
1,48.3538787797499,1,26.0492101380577,1,31.2596312362432,1,24.0994180997408,1,29.6994814729204,1,24.4653400721175,0,21.3540992969481,1,22.4840692382514,1,22.02520747937,1,23.7405256421402,1,22.6307058137038,1,23.4083813033423,1,24.8282344997162,0,29.7185235588611,1,24.7551723463859,1,31.0225823867239,1,22.2622847001342,1,23.6318687800164,1,21.2859308493426,1,20.3643052592734
1,38.0823262183113,1,38.7253954601441,1,25.6417021780679,1,36.6176134656169,0,24.6926754250537,1,24.5476874794147,1,23.9618702474759,1,24.7426482316207,1,20.9191332388006,1,22.477441203984,1,22.8780193541581,1,23.1794423196172,1,29.458839321937,1,23.9158970536461,1,23.7255711431469,1,22.250721495631,1,21.7328572965329,1,22.2976476144467,1,31.297225725749,1,22.7181713819879
1,36.200205567453,1,24.8194118125726,1,27.0662313991859,1,23.4399744057446,1,24.3791606442145,1,30.3964869285445,0,20.2315982541228,1,21.3917774360357,1,20.3266486197961,1,23.2136897286119,1,22.444250450734,0,22.1966339891902,1,21.4505173049477,1,24.7868192006568,1,22.4706040780633,1,21.9120829420038,1,22.1074764081081,1,23.100505277396,1,22.9515464920948,1,21.1235983056955
1,33.8847815882243,1,29.5593697689249,1,22.6721793064771,1,25.7005314257354,1,28.9882041155782,1,26.3637486811403,1,29.162215895097,1,31.0348006208525,1,23.153248941094,1,22.3326968121167,1,23.6100321016076,1,23.921586522276,1,20.2354462253819,1,25.0060847848176,1,31.0420970696858,1,24.2383162698149,1,30.3971938514601,1,21.8322811148766,1,23.0181677755226,1,22.3371258564837
1,40.383339784829,1,29.7353854400384,1,35.4862030281171,1,29.0869397031193,1,25.8129814288465,1,33.3926339912807,1,22.7324027121155,1,31.1614874878785,1,24.0921804745205,1,25.1806105859937,1,23.302374515287,1,31.1064755263501,1,23.4761955685797,1,24.1444901473748,1,22.3947196983798,0,21.9049276109471,0,21.9871497282065,1,22.9711770345173,1,23.3610403149793,1,32.5095354386059
1,34.5850421183744,1,41.9098451576989,1,28.7275017529412,1,24.4989170565753,1,22.2761919536181,1,25.4038416141037,1,26.5243352146103,1,34.1772262778414,1,29.5328072161253,1,22.9307635966882,1,24.6645275879,1,20.7367184618414,0,31.2612699726392,1,24.9746108651963,1,21.7473854352589,1,23.4315685432848,1,24.321355517179,1,22.0779581441576,1,33.8655982238836,1,25.2532256855149
1,37.9569595724748,0,32.950969311105,0,36.3140636625979,1,24.8824545935439,1,25.6751079098928,1,29.2011962878024,1,30.180990514568,1,28.3060031942416,1,23.2791467707608,1,31.2312965231432,1,29.9963141357697,1,32.069482398147,1,27.6679488400135,0,34.6155188811485,1,25.4464931312163,1,23.3231061689021,1,33.035911170936,0,23.4329400529662,1,25.8741633512718,1,27.0914918846586
1,53.6733871413888,1,35.2329209706099,0,28.7420896411203,1,30.4266760914431,1,27.826783852419,1,21.1872778699606,1,19.9294186035352,1,22.5084676237853,1,23.4572296539045,1,22.9938159584826,1,28.3321457799609,1,21.3456946440044,1,22.1320556627511,1,22.4811399084478,1,22.8266477228448,1,32.1000452899651,0,31.1801221809188,1,31.4718812077128,1,24.60422776771,1,24.3199928272058
1,37.7938096636078,1,38.492633379301,1,25.1182789549019,1,28.9384248430279,0,32.050923190009,1,24.013840236055,1,28.0334986326298,0,21.591639333725,1,23.6179518858129,1,22.3290764866404,0,22.9970213723862,1,25.6493850766771,1,30.5424920138289,0,22.4371904789335,1,22.7268247846056,1,21.7370430188958,1,25.0456184429944,0,21.7664993324737,1,22.5715115155125,1,20.6758517232869
1,40.8355564730865,1,24.3434948395544,1,22.5195870686682,1,33.0146077131542,1,29.9153453916411,1,21.2073162696938,1,21.6686569908087,1,21.0417729229074,1,22.2548524116064,1,26.4237868506641,1,28.3286561426703,1,28.386373113013,1,24.3083887935362,0,27.4024755952481,1,29.3956514271986,1,23.9298735709962,1,23.6486801293786,1,45.1225749323091,1,33.712296340987,1,24.1752015940627
1,34.8895900788147,1,27.6863654440547,1,21.5656682621567,1,25.2161860112019,1,25.3160607149757,1,26.1862235449785,1,22.5196889243862,0,29.4387755093875,1,21.206045545008,1,21.8133604358688,1,23.2224209398635,1,19.8502259522826,1,24.2235351624168,1,22.0098437270965,1,23.4936406845669,1,21.2025870737359,1,32.8749065710639,1,23.2712799502981,1,22.4128932164765,1,22.2151323578435
1,56.0852307449518,1,31.7993178049519,1,33.0995919387447,1,20.7804052627181,1,21.7447033929242,1,19.9085296225135,1,21.1143337133037,1,21.5977602526846,1,20.790597734725,1,19.5982079035383,1,21.934884597478,1,31.7208663117351,1,21.3732053039469,1,21.6716471451771,1,20.903773108394,1,22.1746370411422,1,22.2740559048646,1,24.5025078005504,1,22.8086091570457,1,21.4548612299432
1,39.0115577227241,1,25.9433430969916,1,22.1233318351731,1,26.0894488353535,1,32.7519609365668,1,28.4459112720451,1,24.2697430388475,1,30.1543989504204,1,23.1107583596308,1,22.5396351795438,1,25.0584212762022,0,23.3969760439919,1,22.7222945549438,1,22.610618245314,1,22.2115888492633,1,22.0626930716235,1,21.5478266959576,1,22.1410575024529,1,22.9749257357086,1,24.6056743746015
1,55.148251916268,1,28.8096528269643,1,23.1620136366414,1,20.6811128682684,1,28.1318405179758,1,23.8333817497156,1,28.3496389312756,1,21.1444796292578,1,25.2287705478808,1,21.2822681020026,1,21.5196071095838,1,22.053590329545,1,20.9320302795152,1,24.3434839908468,1,23.9081643805088,0,24.4205922120138,1,23.6970493913433,1,23.4314645587229,1,21.1970175856296,1,30.7339980795476
1,34.6986303239994,1,23.1123729281735,1,30.6494718903879,1,25.9046615862605,1,21.3894666915521,1,23.88888466115,1,25.1981533645499,0,26.66880984115,1,29.8920605089399,1,22.3989210292894,0,28.5756264558484,1,22.9638459226413,1,23.1985793906997,1,22.86928709414,1,21.7479702571591,1,21.8985848455565,1,20.6204178249367,0,22.6828555195892,1,23.9997011973646,1,22.1210132753999
1,42.4015910401072,1,27.0276203067389,1,31.6996423159561,1,27.8011335132481,1,31.5720158528195,1,23.7105345879645,1,22.6707451927722,1,32.0304393210071,1,24.3875948592637,1,22.7059255623247,1,23.3226740840382,1,29.0185056974832,1,24.0889058803081,1,22.7782932363104,1,29.5812584288014,1,25.7536475762481,1,28.0072708123521,1,27.7863765695135,1,23.8780294550885,1,29.5919866837786
1,39.0919812439816,1,34.0390104323276,1,28.1105549863256,1,20.6324172186012,1,22.6173033632374,1,24.8466527496966,0,31.8024004498791,1,30.4802126526368,1,23.0861535449133,0,21.0288596179557,1,30.3687669849715,1,21.6663849910419,0,32.824900492784,1,23.811232143838,1,30.0008028795986,1,30.5010311149846,1,23.4208711307879,0,23.1978519375487,1,21.9692666787921,1,22.2118916228399
1,45.3847452260831,1,28.6377936081843,1,23.6036790059831,1,21.77449634292,1,23.5187851830974,1,23.5164497404666,1,28.0974068070879,1,25.1975041518151,1,23.20488001603,1,26.1957649674593,1,21.893062994889,1,22.1603730202849,1,21.8077161610535,1,22.1441733616304,1,23.2181960354138,1,22.4851341648836,1,21.7373480785768,1,21.0613694488416,1,23.1626697767023,1,21.7381169177622
1,41.3242580379808,1,23.0242876367324,0,27.5674145240334,1,28.9009531229209,1,22.5833316282382,1,27.1641869375821,1,28.7420118855724,1,22.8943064064644,1,23.752701497377,1,31.3643305971716,1,22.6294692888404,1,30.5273014104522,1,30.8821326388256,1,21.5735457956751,1,20.9324184171913,1,21.6454033095419,1,31.2874604242433,1,22.526347180007,1,23.2770265018689,1,21.9116220527185
1,66.1676836012979,1,22.6865098335897,1,22.9229383400549,1,21.8698302365432,1,26.9249478315402,1,30.0660201460105,1,29.752783477112,1,24.4327655831008,0,22.1840453428281,1,30.9842410447324,1,21.5078809461632,1,21.2320986668715,1,23.8016630000872,1,22.2469492839273,1,32.3685214920012,1,23.8460027373324,1,24.3934207001242,1,24.6276589850007,1,22.5569725980261,1,23.5234121104725
1,48.950317453792,1,24.3563456366202,1,27.8764057487659,1,22.1571606024087,1,21.7712520596979,1,22.1136992740767,0,20.5741035236887,1,23.7824476603528,1,29.8558731418893,1,27.4067095140108,1,32.3845543202297,0,29.0606513458885,1,21.4627000469013,1,22.8190109906342,1,39.2703325544862,1,23.0336293738553,1,21.5683700018861,1,23.5327394847969,1,20.6782819734352,1,21.66807595463
1,49.050648093876,1,29.8593735777802,1,34.1478220188482,1,24.348048520974,1,31.4846052754522,1,22.0831702104697,1,22.9486818097772,0,23.8291143784825,1,25.0516271406115,1,24.6522320530017,1,22.9462435263451,1,24.3570258354122,1,20.5895768518993,0,27.8293961908444,1,22.0846392902664,1,22.1557544715574,1,22.0183587736219,1,23.8916790940319,1,28.1039292905266,1,24.8291875831322
1,43.7050506548766,1,30.0683048381213,1,34.4257373174825,0,22.4177702538957,1,22.4238880253146,1,23.6375072824468,1,23.9726039030121,1,26.0392542882597,1,25.4562723758045,1,25.0953183472003,1,19.7650296370299,1,31.4537393893846,1,26.8484101455798,1,33.3712964802359,1,21.6340210619077,1,23.1661657343746,0,22.6874624726038,1,25.6040137394859,1,22.3863744671189,1,26.6024049144664
1,38.4117800075312,1,40.6177667933022,1,21.8462627554157,0,19.6363877316801,1,22.7950159507142,1,26.1801811162819,1,25.6928283890013,1,23.9936896736063,1,31.2204171655023,1,30.4994353362336,1,22.057057789855,1,30.8795325064105,0,22.669561988661,1,21.7277884208616,0,24.2095464209999,1,35.5101145633117,0,25.163493154769,1,23.8586385782842,1,22.0374759744799,0,20.8245899069785
1,34.661846591235,1,29.8339677393575,1,33.80085468009,0,31.8312426153936,1,23.6650886387688,1,29.4277478319476,1,33.1352046305142,1,26.4833752113607,1,22.2953164737197,1,28.0025786111273,1,23.1820130591307,1,21.6522101724895,1,28.4856261320364,1,24.7072723877016,0,33.8029097359864,1,30.6652511863962,0,36.9546056003736,1,23.2106385662622,1,30.8377399529956,1,21.2930148548699
1,40.2785051677407,1,43.0331105712537,1,34.8826866776017,1,27.5227957358775,1,28.3513117655126,1,21.935883323232,1,21.7698934572368,1,21.0008404272614,1,23.1731548521601,1,21.0800317340713,1,21.2176814363568,1,24.4020202289344,1,24.501686459401,1,24.5120645546516,1,30.5985146920846,1,28.6975296394944,1,20.5603579224333,1,32.5723505340286,1,34.6592202965958,1,24.5899648391829
1,47.4284471600508,1,35.3835279912945,0,30.4126239293006,1,30.466122456293,0,31.2421035340207,1,23.2177684873055,1,23.4433229291821,1,23.6126465254642,1,23.75061530927,1,24.445662935778,1,22.5010848938163,1,22.0364447026537,1,24.3085224487905,1,30.8107251196236,1,24.4131961171037,1,22.9791587037809,1,25.1647732362565,1,32.7585104161665,1,23.4334941114468,1,24.8333705748378
1,43.5700488968224,1,41.7672523082417,1,25.802305119021,1,22.9492800438778,1,24.5475291809151,1,23.2127519644074,1,24.6011318208603,1,25.3661974847266,0,30.0510587886653,1,30.820605814386,1,25.3763296522487,1,30.6921284932491,0,21.1668840851706,1,22.9309652704131,1,22.9192632781002,1,24.2428000021986,1,31.8209098386882,1,21.6000223289223,1,22.1478382396974,0,21.2688212350636
1,42.3977739801466,1,24.6646108598591,1,21.7287406725114,1,20.9514475254393,1,24.2835401121859,1,26.0657622532475,0,21.0766438522319,1,23.878707653901,1,23.5824809659321,1,24.4673397709588,1,25.3676656684872,1,34.606154832553,1,21.068755580172,1,25.9778132787705,1,23.2710270714048,1,24.7111595337313,1,23.8760108718301,1,29.1173192571586,1,23.1082228421971,0,29.7866044702626
1,45.6031857056252,1,46.5158625538488,1,22.6540553097726,1,27.3914953368679,1,24.4317008715422,1,25.3840440457344,1,23.9704402579182,1,30.161108649568,1,27.8655184605672,1,21.6183256884177,1,21.8676698054405,1,22.8278245454964,1,22.378608994572,1,29.1553967552293,1,24.3517325787598,1,20.8468513516909,1,24.6446269195852,1,32.5576404282812,1,25.0636492455964,1,23.2272276132383
1,51.4706404668433,1,31.894636806675,1,22.6424864216157,1,20.196296867167,1,23.2690442657289,1,31.8876318092444,1,23.9086915353391,1,22.8139777674031,1,22.2896012665221,1,31.434701259901,1,23.4456224155331,1,22.3047917382962,0,31.8084822361036,1,22.5972416090949,1,22.2481280292102,1,23.9793991575479,1,21.2569219388497,1,21.9248286390099,1,22.897585230481,1,28.3206209323162
1,43.12201948791,1,41.5260926816036,1,29.3996683321429,1,31.6300935747475,1,31.0599362631084,0,22.6870194570879,1,24.1531927697293,1,24.6441040562177,1,24.1149421896082,1,21.4872583812971,1,23.7531623530565,1,23.0331874371203,0,21.4503673639546,1,23.1098041805981,1,24.7401302810214,0,23.4855941018725,1,22.9417687476601,1,22.7867142033124,1,32.1251746298256,1,22.9627443369855
1,39.0776669390638,1,31.7768760131344,1,21.3074309653054,1,27.8053902538016,1,25.9266717318141,0,29.1837334479542,1,24.3442085116304,1,25.4693676994695,1,20.2509717595352,1,21.600208463976,1,23.6693809579435,0,22.0244589941859,1,23.3856981478858,1,29.388715155877,1,30.3876988989114,1,27.7236775589496,1,26.0227640129207,1,23.5612788142478,1,24.8349783071825,1,26.4622429156935
1,37.5075275139335,1,30.9629734460759,1,25.0503084243549,1,23.5143643752459,1,23.2368844425199,1,29.4963300075063,1,31.4201886926051,1,21.4214907114404,1,37.6477664773855,1,22.885344356331,1,23.570874280536,1,20.3443139649199,1,21.6415194070581,1,21.3969137545292,1,32.0783808559872,1,23.0322625459646,1,24.1138781120286,1,31.7146197985757,1,23.129577871947,1,32.3265137664586
1,30.9612937601059,1,30.9141410174125,1,29.9114127421832,1,22.7321027359448,1,22.480433447703,1,25.1126035822766,1,26.2979730093334,1,24.8681715735493,0,22.5076485878442,1,23.7484974840166,1,21.7725806509678,1,21.1936859336678,1,22.4356703578789,1,22.8787786109842,1,22.510985335784,1,23.2031391775867,1,29.6141793016393,1,22.8224871500127,1,31.8411460958136,1,43.5327197680596
1,38.4826423859751,0,26.1402498960146,1,21.6656502373469,1,21.7379677428568,1,25.9104565069769,1,31.1307933923348,1,22.2198834550898,0,28.7144196599399,1,30.0060724158256,1,30.7154106512088,0,24.3571271274787,1,21.4012774744827,1,23.4243935200964,1,24.1128210468958,1,28.3762252895162,1,24.2102687485064,1,23.8289236635079,1,35.2149605568553,1,24.2113607138723,1,23.1946452682586
1,37.1342678662094,1,39.8742970183304,1,29.7884654249701,1,32.4100085121651,1,21.737050308196,1,21.4762845199996,1,23.5104535544444,1,24.9127415440811,1,28.7420137030074,1,24.3479145972604,1,24.8328813660243,1,20.2640364601999,1,22.0779600137702,1,20.4104086914431,1,22.3673701286494,1,27.3876674062082,0,22.8573487336301,1,20.4338136269918,1,21.3763417900756,1,20.9015511466766
1,56.0277642354675,1,35.756862283532,1,38.0060836285024,1,24.1219858598733,1,23.2262392230494,1,22.7270732126594,1,19.3300698125795,1,24.4199643862931,0,30.4246594465986,1,23.372118354125,1,22.306471301698,1,20.5885106702443,1,21.0576197795929,1,22.3060414182062,1,21.4633376504979,1,29.183886313562,1,20.9451322075209,1,30.0893768548906,1,22.3119815276558,1,32.0313448083094
1,40.3387990263881,0,32.524815592674,1,25.5020118942504,1,23.9688821539732,1,30.8556972726423,1,25.4265663369261,1,32.5569338778587,1,23.1214404930422,1,26.4115156614791,1,32.9045768235189,1,33.1980007634046,1,30.3342979518218,1,24.8866393099052,1,23.8437731173319,1,24.3887140720291,1,22.961734126006,1,23.0437813415346,1,31.8122608028509,1,25.0644510243697,1,23.9068978036193
1,37.258335680557,1,26.7687137960911,1,27.510590287669,1,28.1026696999161,1,27.8385523861673,1,37.9658408247881,1,22.6385744700494,1,22.3267050792489,1,21.7349547955273,1,24.2792397691139,1,24.5695600730701,1,23.3392682076959,1,19.9178783392072,1,29.7874935708804,0,29.949374366237,1,24.0383389817859,1,20.59794304113,0,21.3950926366774,1,21.9993548807912,1,23.2111178782823
1,73.6998283203649,1,38.6349003535909,1,27.2121744018397,1,24.3639659595847,1,24.6710341507196,1,25.2427795679567,1,22.7693691557668,0,34.7343780494935,0,24.730414276084,1,25.9840208189197,1,31.0335107528064,1,28.2791047255329,1,21.2370231075535,0,33.5077773442039,1,21.4649095102418,1,21.8881589738059,1,22.2074179182614,1,21.7847600119597,1,22.234555109407,1,22.3070172116407
1,44.7716533347214,1,27.4345522875667,1,23.6549799248833,1,21.4871950736936,1,25.9924399808982,1,22.0615898327902,1,28.6400649971958,1,29.6202979738222,1,22.5606274736695,1,24.1107038998922,1,20.6205680175882,1,24.2753368830974,1,29.3311173904196,1,24.538639247303,1,26.3738259140901,0,21.7340531550144,1,20.3971791266501,0,25.3696437294457,1,22.1084370151866,1,21.8492782684172
1,35.3208768219464,1,46.0580645406724,1,28.1547611096223,1,33.2808856361269,1,30.9979985798283,1,21.4628991003614,1,27.1305452567238,1,23.5361566475191,1,34.3958696956224,1,31.7205613447388,1,22.4264245883288,1,22.6468619170982,1,22.3046065039227,1,24.2616919403107,1,21.499698382967,1,20.9565114828137,1,21.5796031298536,0,21.7418711775601,1,23.7559810604468,1,24.0407052453264
1,39.1000457257911,1,29.7620188125448,1,26.5762540813523,1,27.8498212223694,1,21.7604196712296,1,32.9621296670123,1,28.8076605548259,1,20.8510969989796,1,23.8268608140441,1,21.1092669783815,1,25.321155926259,1,23.8305135185439,1,23.6805155910691,1,23.446048398198,1,23.6150410278702,1,23.9350913943524,1,27.6253720997085,1,25.2058729679288,1,26.0520408443095,1,29.9267126735407
1,30.3178612381207,1,25.8430875419526,1,33.5372168856996,1,20.8724500012736,1,21.0624514853682,1,22.956717095535,0,20.771158967025,1,31.5015477652028,1,21.225415823958,1,23.6683268048459,1,26.5382750104136,0,22.8192410706915,1,28.2945374478705,1,28.2619809382488,1,25.0419387260409,1,25.9867040703698,1,23.0942103400201,1,23.3405605518856,1,29.4866824550879,1,23.5122867960242
1,37.3819342990479,1,22.389930381426,1,28.1467985731857,1,23.4897684109429,1,25.4269613095787,1,22.625036300727,1,23.6772166537561,1,24.0972970612016,1,25.6853320685345,1,23.8855238756539,1,28.3806672916321,1,23.4547760589884,1,23.9057880143235,1,21.2160366270879,1,23.2867094772558,1,21.4310034628351,1,22.4333159926484,1,21.4943754615843,1,25.04802498802,1,25.0511993974536
1,39.3290318413591,1,28.1277416945279,1,22.7172032191964,1,25.4182415213478,1,22.3090328205279,1,22.186281005172,0,26.3931705770579,0,22.0723546279292,1,31.2089678525834,1,23.3187795929734,1,22.2789246564952,1,23.0889915620369,1,21.7175788321305,1,31.2684326014491,1,24.4839799189992,1,22.1985683321346,1,22.4866777515654,1,22.4332266592874,1,22.8612642073298,1,25.199640433086
1,51.5048429675102,1,36.6781574905575,0,21.9091648603203,1,26.7467886030739,1,19.7319999685914,1,20.4511695010855,1,28.1005295070502,1,19.3165540674569,1,25.1564606918932,1,20.680907189055,1,26.2711420113361,1,21.290197102744,1,23.8215338630667,1,23.0191738980716,1,24.3399657815544,1,23.0845835855265,1,24.4789859112127,1,21.2463537824111,0,22.9394216970939,1,31.7696448972532
1,41.1720012551442,1,26.8336191673423,1,21.5502924683252,1,29.0978737861545,1,21.2904420233235,0,22.7210023238421,1,24.5152746590156,1,22.4871627273804,1,25.0993103860009,1,23.7615518053489,1,22.653737790013,1,20.3446234520547,1,31.3258459476773,1,30.1784368060876,0,23.877542863705,1,27.7888348108785,1,31.2009089328999,1,22.7788374170748,0,22.1944019833523,1,32.4458432745095
1,48.89676276715,1,28.7619097379989,1,37.6856034113032,1,22.1275827392715,1,23.6220910759467,1,30.4673805977539,1,23.9491621380876,1,21.7002258585378,1,31.7287006280383,1,31.6862473121041,1,27.0160692066281,0,23.0280115293358,1,24.0285799159982,1,22.8562449779726,1,22.9896110924021,1,22.454123828684,1,20.8237118643278,1,42.8482556425642,1,32.9933797652842,1,22.0106028182663
1,29.620081083129,1,27.7972997658043,1,20.8902816166344,1,20.7039290695559,1,24.5945942529885,1,25.3015305989833,1,23.3185062922696,1,25.1825902079836,1,26.3245347479833,1,21.9637812675396,1,25.7560302772045,1,25.8144606940013,1,24.9235140666923,1,25.5916196051552,1,23.8127098898941,1,22.9457865933027,1,24.0596187484136,1,32.6638947553664,1,25.7707291489898,1,25.4907790472261
1,46.3678240159512,1,32.2797914245157,1,25.8135530023367,1,29.4536763385757,1,24.6523949098902,1,23.9533460708478,1,21.7772127728165,0,30.0641268740682,1,20.822828891201,1,22.2150158661348,1,36.6255716750156,1,21.6770212135894,1,25.229062749701,1,30.1937678912255,1,21.5610715144633,1,22.2754120946205,1,21.0638068122645,1,24.3285414214821,1,22.9421637488163,0,30.8868166852147
0,40.0823355293683,1,35.8687964829084,1,27.1657965807942,1,29.1116908944974,1,27.4210992999036,1,22.6170709879828,1,22.5257919179695,1,30.4237120023158,1,30.72316267285,1,22.3404643163202,1,22.2888467681088,1,23.8695629465486,1,25.3567975298196,1,23.2085141205356,1,31.2470223059111,1,29.6448338614441,1,24.7611872148503,1,24.2265166845715,1,27.0295120199414,1,22.5957092039295
1,45.2854245296572,1,31.8153613526196,1,32.7169049197962,1,28.2352766111444,1,21.6224631285239,1,24.5784068804194,1,34.1424510637426,1,22.6384904755399,1,32.2636814009948,1,21.583805787022,1,23.6561466693774,1,24.818603381462,1,23.7503171181028,1,25.7221727692274,1,22.6619512653881,1,24.6616736033385,1,24.3890774116656,1,22.84218379568,1,21.8259935550035,1,23.0760639459971
1,38.8755444729921,1,30.4347638032919,1,24.6259294750913,1,29.886810571073,0,27.3683496510813,1,22.32898229001,1,23.8595171056077,1,23.1805762968682,1,24.1013630588594,1,22.3062626579318,1,27.0264238530521,1,21.2156289144738,1,37.751295256427,1,24.1528612089165,1,22.2730125938521,1,24.1263490817075,1,24.8888712677528,1,20.7388156547002,1,23.9738988655017,1,20.2933354625081
1,39.7770759391594,1,39.3540069996819,1,28.5913518888496,1,21.4406384543293,0,22.6139828790851,1,23.4037427657749,1,24.5371029314905,1,28.4088939081182,1,23.6101718887864,1,23.4826287982158,1,24.0195273570289,1,24.5914672768006,1,20.9477749613128,1,37.3552383331542,1,23.056458129582,1,24.5388849127719,1,30.4570571363521,1,20.985661650997,1,31.9100210635484,1,21.8769256670429
1,41.5314265365795,1,23.1236927161817,1,29.6563615369408,1,31.95317977435,1,24.6631531005094,1,20.8505187862979,1,26.0350374427836,1,22.7569892925593,0,21.5358457935635,1,22.9557556193654,1,21.8112768133316,1,23.6475315911195,1,25.0366479631531,1,26.7219128740009,1,31.7808674869596,1,25.7062796081271,0,21.7566188416223,1,21.5682767186313,0,22.430482013087,1,23.779638909134
1,44.897070533642,1,27.6512189996432,1,29.7127842879688,1,26.3186813153055,1,23.5809155624298,1,25.8204281606453,1,29.4025733312383,1,21.1693843032779,1,36.1923903594998,1,23.9109720116663,1,29.9331220612679,1,32.588020560479,1,23.0211227442826,1,21.9848169366884,1,23.2495804257222,1,21.3446619272653,1,30.2294758092035,1,23.9908121968522,0,22.1830156506579,1,23.6979375352242
1,38.8807012470467,1,37.2462886953878,1,30.4878580296767,1,21.4527362421102,1,22.4689266709835,1,24.0871172565784,1,32.865553510616,1,21.6049478660816,1,24.8047129698304,1,31.5852138302266,1,31.9301381924352,1,24.6233714291435,1,22.8110487503937,1,20.930525539141,1,32.7486804069847,1,23.0724299528951,1,24.0772662156511,1,25.366490284492,1,23.1693529312784,1,30.4879486970293
1,39.2289893647094,1,30.6784268655723,1,32.0737526372372,1,27.3717159445473,1,21.7728541302516,1,26.2120318638033,1,26.5225454959101,1,25.8770513559889,1,25.5685841098954,1,24.7166194844429,1,24.5014983101675,1,24.1184650061208,1,32.5935819157259,1,22.6030576702269,1,23.9510610747082,1,35.4416289890094,1,20.7372917425206,1,23.4768285912489,1,21.5324168617221,1,24.5012686650227
1,33.9017707890997,1,31.0094508436536,1,23.858298780502,1,37.8941941872639,1,28.9793051868507,1,30.4714864160134,1,28.849592573799,1,21.5791832884004,1,24.6848873416317,1,22.2284274327438,1,22.238989092083,1,22.8091720472499,1,25.7945714103469,0,23.195489069237,1,23.9052614673241,1,21.9397173821378,1,26.0314974376443,1,24.3576460250515,1,22.6239595524605,1,24.1784114815146
1,34.7475243967092,1,24.7595091686088,1,34.9938452417165,0,26.7835799769675,1,25.3499555960772,1,28.2143340881626,0,29.062307167854,1,25.3007271747318,1,19.2292845908012,0,23.3688934625319,0,25.0668027489848,1,22.5428820245393,1,23.5283197799358,1,21.0570493073687,1,22.3305582752331,1,21.912684111251,1,22.0559772382042,1,33.1955453500478,1,21.6089286907193,1,23.9019880023422
1,42.0290725382521,1,31.7961163958666,1,31.5316747806253,1,24.3117256123538,1,29.6688205273663,1,21.0091873029146,1,21.9763139236234,1,24.4312975209148,1,23.7785418363673,1,27.7748098349719,1,21.7177481329333,1,23.866164874613,1,31.0629297955412,1,23.3423200740412,1,25.412163176909,1,21.0804375884424,0,25.980029764215,1,31.2852366832954,1,21.799784845059,1,23.8585693122542
1,39.2064311580357,1,33.065988979452,1,28.2017832116855,1,24.0352646258546,1,20.9698434526569,1,22.7101679001019,1,30.0967753957122,1,21.4078232461729,1,30.4831976537244,1,22.078510370664,1,22.1628557261586,1,21.8444029474417,1,24.6331810363054,1,23.0780689786177,1,24.2413231096583,1,23.3978667834577,1,28.1182438291223,1,24.2729331935381,1,24.0260011248338,1,23.4637765407471
1,49.402221423897,1,32.2186288353897,0,27.6765119861832,1,22.6741814317153,1,23.1814188527275,1,22.3159470937569,1,24.0572975141171,1,22.005472753031,1,24.8894643115454,1,23.3655199952341,1,23.9515092244037,1,24.4401304488919,1,22.9001257051187,1,23.0520902790744,1,22.1171367900874,1,21.0174451463633,1,23.7147373717604,0,27.7269956984758,1,20.9131278261805,1,25.0589756251119
1,39.54746860637,1,28.8156828679638,1,25.8581838051464,0,22.4446847505522,1,23.4616289547255,1,23.646361397871,1,29.8757204804061,1,29.136959643428,1,29.9153447309851,1,37.6308209849123,1,28.8609299888631,0,21.303204732882,0,20.7835840731641,1,22.0641741069037,1,23.6249967187045,1,23.8069225703424,1,24.5643063756777,1,30.5499684355474,1,29.5377506780534,1,23.1522296925178
1,39.2496839421463,1,27.4184710226104,1,27.5800660982818,1,21.4322200582197,1,19.3969705574299,1,20.280154020857,1,22.1135330661992,1,21.8408613471215,1,23.3501157458033,1,23.9374561584687,0,23.0093990272195,1,22.6887312616144,1,31.0340844737649,1,21.9376517333223,0,23.4382006011766,1,24.8290821477279,1,24.1734076990866,1,23.6512616267482,1,24.7812107202994,1,23.1434948332375
0,38.5512845993056,1,31.2658637292519,1,27.2122037008799,1,20.7189654308893,1,22.8742614915818,1,21.3017694079661,1,29.5857791591701,1,23.9806612413722,1,25.6277437859195,1,22.0915406349052,1,25.3963658308015,1,23.6744856313262,1,22.650322923185,1,21.6640555244403,1,21.4182217303057,1,23.6180661810269,1,21.4897845876811,0,22.7209343641571,0,21.8904464901382,1,31.6972637590399
1,36.8548238797473,1,34.8463872631657,1,32.349325238505,1,24.8175264347706,1,29.6870874981861,1,21.3923669831184,1,21.5724203955965,0,21.446181991889,1,21.1367945354407,1,22.8450199463928,1,23.5215449546073,1,21.7005504126987,0,21.1012591512013,1,21.0494561271417,1,21.7913819761198,1,21.894620913185,1,21.0471774666869,1,21.0854563985211,1,22.9848703688315,1,20.4017386065298
1,32.8778256435317,1,28.864487009512,1,24.4919770506157,1,19.2254676813333,1,30.9912249524336,1,29.9253894714088,1,22.8262080338985,1,23.727115730934,1,22.6978734486448,0,21.5611876699108,1,29.3314866392163,1,22.8518041672869,1,21.680796325748,0,31.7786351596669,1,39.6338316873069,1,31.5759705855425,1,22.3107261107389,1,26.1295312520467,1,32.4447523554922,1,23.2656448921639
1,51.6999912511322,1,29.9920323813902,1,27.7531130001205,1,30.7338781972521,1,21.9546925259239,1,23.3869412293582,1,18.3160660807984,1,22.1432706657212,1,29.5149434670295,1,23.93358564276,1,31.7002894199589,0,21.3128767089345,1,24.6288535808901,0,23.5837973629445,1,22.4079915347521,1,25.4192901871841,1,23.3942249283153,1,23.6726597429338,1,22.4066559715394,1,30.9040571347226
1,44.9907179065676,1,37.9516524823999,1,30.2159686753887,1,25.947174366677,1,19.4670901215078,1,22.0674527066517,0,21.8971277861105,1,31.7972739427162,1,23.522636912346,1,20.7246147468487,1,21.7453043550171,1,25.0524087078168,1,32.2025323401198,1,24.0509610902087,1,21.5851589380542,1,24.1874697666331,1,25.711842295691,1,25.5001398751024,1,25.2219390206526,1,35.1593247707357
1,40.0582058760638,1,25.8776151296006,1,32.7578046131575,1,23.0270675093225,1,22.7489327695688,1,30.4686487868595,1,32.9809769401863,1,22.3007747759013,1,48.4817262458318,1,21.7106765734594,1,21.121637988249,1,22.2880671883426,1,32.5918704239058,0,23.4048139637276,1,20.8056915672745,1,22.5036287000577,1,24.523592056527,1,22.2759791055074,1,23.133502993206,1,25.1469992064452
1,46.2962993884304,1,31.3779798466915,0,25.4217394047894,1,32.4367738859822,1,29.2086391353595,1,32.0456637850818,1,35.0604776168936,1,29.6533560418984,1,22.7294304511338,1,31.6635743819701,1,31.5540236038558,1,21.4491106679548,1,29.399050917655,1,31.3133203564791,1,24.5512111012172,1,29.3842308387462,1,23.9408778492089,0,24.7820184362449,1,22.5110934002325,1,22.5566036407636
1,41.5304173356566,1,31.0058025547885,1,31.1991124470846,1,29.7817766740269,1,28.5632695195133,1,21.5088381084576,1,22.9034544027534,1,22.2210198610553,1,21.5837059727713,1,20.950287452593,1,23.4804017369077,1,24.80488817134,1,22.4198507978375,1,22.3273105780548,1,21.523583697895,1,22.0412308119399,0,22.2421836556814,1,26.9266467827418,1,24.0019900680397,1,23.940713165512
1,56.4531068999022,1,36.0764562025443,1,23.066363250493,1,24.2790701711147,1,22.8380306332977,1,32.0912389148853,1,22.7731479651332,1,21.2414682821762,1,26.2505606296542,1,21.8567885241692,0,22.076776667776,1,26.1030429287862,1,21.1269733994951,1,24.5198841169969,1,32.7354019359402,1,32.4370914464076,1,24.2124813917942,1,32.814330276022,1,25.1413350859255,1,23.9078399511286
1,44.4935745773539,1,37.6386541282872,1,21.9832394202345,1,27.5958235304109,1,21.8067411289405,1,23.2867021204101,1,19.9050964712273,1,34.2459341092917,1,21.7463893271134,0,22.7212450436471,1,25.0017108027733,1,35.8989058138727,0,22.7226176368343,1,23.9667979031397,1,31.7888381800015,1,24.9683342222475,1,22.8302966099239,1,23.8259890624366,1,21.920104137302,0,30.3693107994204
1,38.4450229278166,1,27.4045795837631,1,26.0202729603861,1,27.2033318635935,1,37.6775609107713,1,23.3510520664132,1,22.5206084151363,1,23.2765261016992,1,37.2757331421819,1,25.0250079650833,1,39.2905554313477,1,29.7461734439721,1,24.2908662463806,1,24.4753167672474,1,25.8624817650115,1,31.3101403190762,1,22.1188310889887,1,20.5192106296423,0,25.4703738618758,1,24.4613371560917
1,43.5271910055168,1,28.3802430887411,1,33.9327472681731,1,27.8310425155926,1,23.5387905115612,1,21.7009691128708,1,23.79947164805,1,23.5177079040072,1,26.587729355898,1,22.9237524584423,1,22.5134326902593,0,22.3348828102604,1,28.2730021087103,1,34.9454939372065,1,29.5971172414483,0,22.6511526116192,1,27.6428158790967,1,22.699824780298,1,22.3620394382349,1,33.7093127708513
1,46.9525270321052,1,30.4234963854957,0,22.1033230949233,1,22.1091459809796,0,27.2170470920625,1,33.4764200534244,1,25.7812625420386,1,21.4226853169475,1,19.8741880200146,1,39.3167206069569,0,24.7609087382375,1,22.1192623494359,1,22.8867508464525,1,20.5674540445972,1,22.8166672561063,1,23.4861620018214,1,22.3919889981597,1,20.6775363017722,1,22.5058243484528,1,24.2118581192392
1,41.0950226937168,1,33.3272092993715,1,34.2917597313666,1,25.295145306024,1,26.1845960290905,1,29.4249213214883,1,26.4896942549846,1,20.8901496933025,1,32.9891349214873,1,22.9475802106581,1,21.2020646042231,1,31.1044376797701,1,21.8572415291234,1,22.3613630510378,1,27.6584472959967,1,21.807874318537,1,23.864920247577,0,24.9547324270347,1,31.7134686922632,1,33.2427354365925
1,55.6046121510807,1,26.3983467521775,1,23.305510176639,1,30.1164016967175,1,29.7921007185657,1,30.5169994086362,1,30.0115231158612,1,24.453063532448,1,29.9465636962907,0,44.9570288750807,1,29.6485259521501,1,24.0040366197482,1,24.3961329465788,1,20.2294136712863,1,24.2676996102652,1,21.6829310862837,1,22.8554392371267,1,24.049796862976,1,24.607349986826,1,22.589597269244
1,44.5350421706078,1,25.3772322204305,1,37.7469992473831,1,27.3951739371123,1,22.8525661785626,1,23.4193287971051,1,23.3540316361884,1,30.1764065740341,1,23.0114908171832,1,27.0577861816748,1,39.3510184285751,1,24.1503809347757,1,28.2759760065155,1,23.8637688133326,1,24.3469077527001,1,24.3313731185913,1,33.153856334388,0,24.2266329646954,1,25.1214858446565,1,23.5642812178381
1,44.393382467164,1,27.4522919872824,1,28.8333310382207,1,21.2750684994953,1,29.6178861854061,1,25.7114092838939,1,21.0812421379789,1,23.7303548629056,1,30.2463016753427,1,21.72355594455,1,21.5262086695813,1,22.895301823872,1,20.9414525765041,1,23.454724589814,1,24.7015205171392,0,23.6842396087295,1,21.0995242306516,1,22.0404222509386,0,25.1754350714334,1,22.7026336903572
1,41.2478586489708,1,29.815677684995,1,23.8694487170949,1,21.0084965117205,1,21.3559059844722,1,24.4622784485525,1,24.5786291094188,1,25.536129570554,1,22.6062540437541,1,24.0934789989945,1,19.2921243055757,1,41.9819262305951,1,22.1932858016175,1,21.677595381783,1,20.673348230643,0,22.0525917776716,1,29.7780015219857,1,23.170229776481,1,21.2012082393959,1,23.8223280770912
1,42.0465843724599,1,31.79069502747,1,26.1918745411959,1,24.7771176780798,1,22.7813065053416,1,22.9904977237392,1,20.6978141885486,1,25.0324971889358,1,25.4341838342231,1,23.7412919523557,1,21.9255258306785,1,22.1427397382257,1,25.4721902840293,1,30.7392999162092,1,25.3361886588845,1,23.7807474946508,1,30.307776439624,0,41.9320085342582,1,21.8676367907673,1,24.881874716234
1,34.8781507676503,1,26.4458988653358,1,26.7252936185702,1,22.4530736682123,1,26.9696762190765,1,27.0531363543347,1,19.8805324830237,1,21.7955247462696,1,23.9136542234534,1,22.290547007641,1,23.4009524584435,1,25.2508493884243,1,31.6629082101095,1,25.8165127392374,1,22.3488176135969,1,24.7660527176863,1,23.5511036140282,1,30.0180526314196,1,22.9367207070641,1,21.7874113560442
1,47.8991598100087,1,38.6072221718439,1,37.4685411583421,1,22.4290630416628,1,23.6446674924948,1,20.675070934703,1,37.4855388152252,0,31.1098122875515,1,23.4115976777301,1,21.5411759940004,0,22.0850728118577,1,23.9476529598369,1,21.6540897477307,1,21.3210610963674,1,30.0109839549202,1,28.373040565238,1,22.1873199402623,1,20.1463037822208,1,23.01850157152,1,23.2395196480749
1,59.4102535382555,1,30.3712207526368,1,26.0404026158357,1,24.3835140182428,1,19.1465246663079,1,22.642123088511,1,19.5854137301583,1,24.0151380434986,1,25.0426868402931,1,25.4996250181941,1,36.8463458522531,1,30.3342888118656,0,23.8662995746482,0,22.8194492515167,1,23.8855781063809,1,23.9025063546889,1,22.0988554305191,1,24.9533641600883,1,21.8378833435722,1,22.6235559932621
1,33.6009376245937,1,39.7537684277455,1,24.9281986072109,1,30.5329383520604,1,29.2736375920819,1,31.0809363314761,0,19.3272474202366,1,22.1824947111793,1,23.0816626023047,1,40.5828791188463,1,29.4146612966554,1,30.0520202958535,1,22.360529029287,1,21.0123629235677,1,27.1423200758284,0,22.5315893494054,1,23.0142264325619,1,23.952421617348,1,24.3855170346923,1,26.0921431786736
1,38.7407167562739,1,24.8651821202492,1,25.7863374395884,1,28.8106809938439,1,28.5975242217862,1,24.195267243433,1,21.9606060981004,1,21.4633352692037,1,23.9505693923826,1,24.2963911042419,1,22.2112734830804,1,24.8404623963046,1,26.1763180498056,1,24.5753574066297,1,23.6747542054631,1,21.9326158505362,1,22.0643626427723,0,32.2692967943802,0,22.7482913936158,1,23.9482325641236
1,39.055443088798,1,23.1640215458207,1,21.1619700672858,0,35.8351201655382,1,21.3824755641568,1,32.5563839735927,1,31.8250083145106,1,23.8825167711792,1,32.3460136645371,1,30.7782358404249,1,21.3237884159061,1,33.9171398961413,1,22.5108139236792,1,31.6383849750206,1,25.7972392639075,1,24.9221910275014,1,22.0258121461386,1,31.6469580946014,1,22.197939663321,1,27.5428368375081
1,35.4241821086014,1,33.1542944555264,1,21.7317309481838,1,28.0661071086351,1,21.3727389696493,1,22.2609860237909,1,24.1510582954678,1,49.0434699444088,1,22.5342595768282,1,23.2484773980898,1,24.5838524720103,1,40.4714888489566,1,24.4474280616245,1,23.5298651111851,1,23.3591517556142,1,22.755116278167,1,24.8581346007359,1,23.5968627572156,0,21.4787191041327,1,21.3787758483523
1,41.1917945360043,1,31.1792093500874,0,34.7877398550175,1,27.4904991551405,1,23.5854872769009,1,24.2336349619612,1,21.6216511686831,1,25.5157875621082,0,22.1839063145428,1,23.498970924396,1,22.5596229572945,1,24.8343221878401,1,22.8638037168535,1,24.3192351694315,1,22.9406917191746,1,31.495770580171,1,21.8011279393304,1,24.0009096482854,1,21.3263890895832,1,24.8345299766626
1,40.1851365545184,1,27.5955905435128,1,30.0729949686381,1,27.4041208806965,1,20.8168174766767,1,31.7512356766036,1,22.4005706340905,1,24.7737293530636,1,22.7331415477407,1,24.9855224853023,0,25.8706257352354,1,20.4603553834742,1,25.3755736628876,1,23.7723474273352,1,20.2994655903189,1,22.2853050468616,1,24.2739151920449,1,22.0728174031016,1,22.43572614946,1,23.4164889193431
1,29.432393674184,1,25.413178588279,1,26.9901279358548,1,25.4641344030695,1,28.2145858732578,1,21.0354238512543,0,26.2368391588941,1,25.289568375849,1,24.3339493652602,1,32.325410518693,0,22.6319652811458,1,22.9869707535088,1,22.8243130994131,0,25.4467753904723,0,29.6879314821445,1,23.4106362129729,1,23.4619193536269,1,24.5520885224383,1,32.2657313226278,1,22.6809819614746
1,37.77431120392,1,32.1585028954346,1,21.4324416461745,1,25.9979221892314,1,21.7457525032039,1,24.622007872016,1,27.1492098973004,1,24.1284687922501,1,21.7892197017401,1,22.5546825591468,1,31.8133994434233,0,20.7850134338268,1,26.2674623776036,1,21.5079383380015,1,25.1943399333994,1,24.4199973556073,1,22.230919519089,1,30.883923796935,1,21.6188920310466,1,22.4710555376561
1,45.9626924117736,1,30.9871188805582,1,23.6992129940047,1,31.3730217143337,1,27.8046779873785,0,24.2770570689736,1,31.0504789492405,1,21.7085158738159,1,21.0697452460866,1,20.8464015694993,1,23.9976030108548,1,24.0092157959763,1,26.9164955703123,1,23.4512616499849,1,24.6425071052079,1,21.3166897236809,1,22.1283575522911,1,21.2220495029961,1,23.1093997217002,1,24.592592949531
1,36.0950961762289,1,27.4822081699425,0,27.6947894322822,1,27.3090144816134,1,26.270277348789,1,23.9560684183284,1,23.2381885238996,1,32.2283568437384,1,27.7891231569063,1,25.5903226763753,1,28.570535608352,1,29.4905868584347,1,24.156843429539,1,29.6523168902836,1,20.9848589133108,1,23.7974368622849,1,27.671088216284,1,23.2925092692279,1,25.1340757298141,1,22.0407880931875
1,40.9374579233187,1,28.4875061698724,1,20.5956321424049,1,28.0970017108146,1,30.0692228460728,1,31.4292403948416,1,30.5051167412274,1,23.7856034039192,1,22.4290642533847,0,22.0960986769499,1,21.8642140399264,1,23.3525180409136,1,24.1487046970385,1,31.4580178204098,1,24.5398740867393,0,20.9671594717201,1,25.325052836172,1,23.0592361837569,1,24.0162346598277,1,33.007691572889
1,49.8175958480871,1,22.9996190301345,1,31.5952933472963,1,34.9561322951569,1,23.8616319603431,1,29.1391185529792,1,28.3535239631662,1,28.7258641682426,1,25.7039711253714,1,30.1717353111135,1,29.6945941379481,1,23.4145998334898,1,31.3884790926197,1,22.450927334969,1,24.0780689904072,1,25.7801357807527,1,24.6998751049158,1,24.7093643056475,1,25.7585429272791,1,24.8432297468591
1,39.5636952316796,1,24.1054469358731,1,33.4275916420637,1,27.5858666616598,1,23.9784335604638,1,28.1264919432731,1,28.2990090982131,1,27.3183152604649,1,21.7962851500558,1,27.4593178523102,0,21.678600034292,1,20.4668103486561,1,23.2888163356774,1,21.7681079319768,1,20.8311430296263,0,22.6871992543099,0,20.5087315636016,1,19.7488311584027,1,24.7684195395949,1,23.6342049929617
1,29.0891402753103,1,29.2523555642602,1,26.4153004051334,1,31.3616108815154,1,24.5277059539444,1,23.3446054853121,1,29.2109206116268,1,20.7901885853898,1,20.882473930863,0,20.6060252997399,1,24.4146391271114,1,20.9867239414957,1,25.2048506714543,1,22.5450626095019,1,23.5260257936703,1,26.1796087824341,1,22.5861463328453,1,25.8212724115581,1,20.9549515781231,1,22.4340651303067
1,54.5851097145727,1,30.3161793505733,1,38.9089294650321,1,20.1100084090514,1,28.7379382192834,1,30.3975394701965,1,22.1235640032504,1,21.4889366751736,1,22.3157923506925,1,29.2433909580445,1,30.3716908043929,1,28.3805022721096,1,28.5140558598362,1,23.9610891552166,1,25.4677906315762,1,24.6586972531689,1,23.910554604206,1,22.6072535569688,1,30.2133033268394,1,25.0091165206751
1,35.5717682481706,1,29.294092306112,1,33.6351139977083,1,26.3621369056528,1,36.164295537546,1,22.8161072404106,1,30.4814359128529,1,28.9609634782085,1,23.7989831271353,1,24.8162493272322,1,23.4511224154784,1,28.6137685744029,0,25.5011150830837,1,24.1240692785923,1,22.3210760036267,1,25.6908778727929,1,24.2929184681419,0,21.2040355608722,1,28.9767355648711,1,20.3687516295015
1,39.4957348251843,1,34.9728761356583,1,35.3962781944212,1,28.5787052712277,0,21.5269143011711,0,19.1936019492421,0,19.0531434027468,1,27.3398217607901,1,20.985334721466,1,21.2673723552989,1,23.0655757269143,1,21.5614656689428,1,42.5354466740092,1,29.3570923471724,1,22.6147163789878,1,22.8000423159426,1,23.0904805472485,1,21.7664519130511,1,23.1665829308043,1,24.0786101531064
1,46.2045230620383,1,28.4157484805831,1,25.2773137858475,1,24.8194662505818,1,31.7576769271636,1,21.9538997636024,1,30.4702984276747,1,23.5740024347803,1,21.393392465354,1,23.0560568543187,1,23.8009304866504,1,30.2815317870969,1,29.3310352413658,1,21.3399600338622,1,20.4703923809545,1,30.2581400331543,1,30.5473680016224,1,27.5593142767703,1,21.9238248065265,0,22.1494754602355
1,29.9580094901726,1,28.6874189066684,1,26.3663437389601,1,38.5033144057672,1,29.2160332879113,1,27.5584094163261,1,26.5867880722449,1,35.7423159984137,1,24.764097200439,1,22.3758759977092,1,20.6855133441204,1,24.1088431690491,1,24.1086676714218,1,22.9945987753094,1,24.5269552153108,1,23.1699583261185,0,24.4759375479459,1,25.696719418592,1,24.3626758099227,0,23.333274907253
1,38.8213701335556,1,31.23286049731,1,27.4600633687792,1,27.0157387489196,1,32.2831116066793,1,24.7134464029175,0,21.8396333488756,1,24.3164191238741,1,24.8703701225559,1,22.1296156274189,1,25.7007837874527,1,25.2663815549821,1,32.6757186186986,1,24.1769273156278,0,22.9057659747567,1,23.3259946799736,1,33.0659913491978,1,22.3661857248318,1,25.3372863564025,0,20.0260557462249
0,36.4200681988797,1,34.398304617389,1,22.4910048748644,1,24.1956534931982,1,23.6411079298246,1,23.3833843969072,1,23.180658387135,0,20.1586517259604,1,21.3242700040387,0,22.9487818230106,1,21.9010103438354,1,20.8585193887943,1,21.5587515058171,1,24.2685176533799,1,32.948024059947,1,25.2501108873814,1,21.5683871712306,1,22.5243366959535,1,22.8962224753634,1,20.8844305384179
1,51.7845270951557,1,26.4392831771398,1,34.7833126444308,1,31.3311653035908,1,21.2685392335719,0,29.3940300557951,1,20.7906243926434,1,22.0260600901758,1,28.3339727910193,1,21.1853655617818,1,26.7722361614744,1,23.3148312522062,1,29.7357919420166,0,21.9571560080118,1,22.5646876108906,1,22.5597686592013,1,28.5681805060263,1,20.9417351379916,1,21.6072451261171,1,23.4048866745032
1,35.1884352117333,1,27.135108854175,1,26.7586901484714,1,25.3102198795015,1,48.605936766882,1,21.8520902569229,1,20.3368672327985,1,24.5150072322498,1,22.0271590030316,1,24.6175049374255,1,23.2668770654356,1,24.2257916066343,1,22.0507916668616,1,24.6688840986799,1,21.0740721060813,1,25.2822946112632,1,23.6937590827553,1,25.8831833321465,1,33.0743689908935,0,24.9067160079402
1,35.7213728501135,1,23.4358824257357,1,24.9415532578489,0,25.6291135758711,1,28.347747811375,0,23.0950192486568,0,23.4031642867847,1,29.2916068317534,1,28.7502117052387,1,22.9260094225715,1,30.4342701593366,1,20.6340027002485,1,21.9332506042917,1,21.9516031677212,1,22.5879784072308,1,23.3518759515188,1,26.1998262766076,1,21.2325659939413,1,22.3583907776453,1,28.3182389708076
1,37.7519537535535,1,29.3741119877424,1,35.2884176698486,1,23.9313921811084,1,24.3436409545246,1,24.5336246086149,1,23.8897163955878,0,21.2142227205891,1,30.0133386903771,0,31.9355326341878,1,21.8259687313513,0,23.5019510547208,1,26.0779784835471,1,24.083429896432,1,22.3471096225192,1,26.5417289461049,1,22.5770920545672,1,33.5486379568439,1,22.1663684113702,0,22.528576828314
1,50.7246296101788,1,42.9572651923148,1,32.4668766217108,1,27.1106546275584,1,22.933851638384,1,24.7724061804794,1,21.5789725187094,1,22.3068025680888,1,24.1328925715385,1,20.6539506885392,0,22.1019082646961,1,35.4666461206886,1,22.2100115215049,1,23.0189451818298,1,22.2287336040072,1,30.1386640523177,1,25.4484108111222,1,23.9510031538945,1,22.9406359009006,1,22.1105531455727
1,37.1197995067188,1,36.1301556616386,1,24.4805901579018,1,27.024701081762,1,23.8809856618856,1,33.1873745343997,1,32.2158678562012,1,23.3329864254212,1,30.6339582163125,1,21.7519231656004,1,20.7979660865155,1,30.6341824317407,1,25.7017920760107,0,22.554143902762,1,23.7158324897489,1,23.0709899439066,1,24.8549296779312,0,21.4351549473568,1,21.6538525235424,1,23.2235911078476
1,36.334153825655,0,21.6838523562705,1,30.5253848799854,1,30.3479959329866,0,24.9941787453759,1,29.9451492297619,1,30.9443998980443,1,29.3659718907488,1,30.6432288433452,1,30.4495448207782,0,41.9153531800256,1,24.530555910366,1,31.8954335980791,1,31.2481452305828,1,29.4218756159493,1,24.3223088162437,0,21.804781310498,1,31.5121856794799,1,22.9722447222263,1,21.5219592873418
1,37.6095789779311,1,31.2172742699082,1,32.3255441177345,1,29.4634281803532,1,22.8238124915674,1,21.6035775627816,1,25.7205673092972,0,23.8165051596996,1,26.9157819751461,1,23.4799716105295,0,22.528737602002,1,23.388835186951,1,25.5270027001537,1,22.0297794343993,1,23.3194499041895,1,23.1010908281988,1,28.6839259622165,1,24.7459661201807,1,25.0809695078455,1,27.4025700623915
1,46.3717047274024,1,24.0889989447663,1,30.9208817556842,1,23.1537337105921,1,22.2009256646176,1,21.0997257235698,1,23.618985012124,1,33.163722179477,1,22.9930845045385,1,24.0632405490074,1,24.9785193731445,1,22.357113529232,1,25.2570452176656,1,26.265943710477,1,29.6660355929829,1,23.8942398604652,1,22.6922876827354,1,27.4600207622958,1,24.5931217889788,1,22.5415067173899
1,38.2474479650361,1,26.2711449868605,1,33.6247781526312,1,23.0551929238511,0,22.476263489112,1,27.2345230673316,1,23.9745150888872,1,31.9282183766399,1,24.5111908714773,1,20.812860699371,1,23.0444547897252,1,21.4097716316069,0,22.3518291782733,1,29.5217858601407,1,22.0502471464065,1,21.918812105548,1,21.7564291857078,1,21.5833286951261,1,23.245184637589,1,22.546491393996
1,38.2046762649372,1,26.6617007074682,1,26.4665295974492,1,28.1182774619047,1,30.1189109074341,1,23.8336918740957,1,25.7664805270584,1,22.146966796913,1,21.5234968850725,1,29.5765368865234,1,22.7526399296538,1,22.2907323974974,1,23.9982242800121,1,31.2091488339958,1,23.2954544065349,1,28.1394506186577,1,23.9647388075351,1,23.49621812717,0,22.2992696430785,1,23.578256007392
1,43.1434309152714,1,24.8702367844395,1,26.8442684627707,1,24.3802069611937,0,21.5677612706109,1,24.8966432117061,1,24.0627272656114,1,26.1945525933333,1,20.1204695745822,1,23.5312462695269,1,21.3736756192114,1,21.5604263495596,1,21.2849632457256,1,24.6488068311527,1,23.5075170018287,1,22.6631841250563,1,23.9883184555919,1,25.3631136535686,1,31.5939287317249,1,24.1959498383311
1,61.3576553489009,0,25.5376185937577,1,22.4148195692294,1,28.3111883764286,1,24.301979313792,1,28.1787100691218,1,20.1505339221014,1,22.4134749819535,1,27.5647421379886,1,29.880802950629,1,39.9808072848529,1,28.477828803778,1,23.1991693156787,1,23.3407922566874,1,25.4703388252118,1,23.3340064251456,1,23.923036170818,1,26.2048768748442,1,24.843117187907,1,25.2165813399936
1,37.0625641716649,1,32.6937986996207,1,23.9998369253369,1,22.7790443029973,1,24.0559601641171,0,21.7661049836473,1,30.1137305618219,1,29.5411667505096,1,23.5602766402234,1,24.416047367239,0,23.7031209754783,1,24.0752669847405,1,19.8729269897539,1,21.2964382377318,1,23.1202766234009,1,30.6442894605118,1,20.0638157529687,0,23.6162080803359,1,25.0040875219888,1,23.1901401761205
1,43.7005632695947,1,34.3562426620999,1,25.137498917342,1,23.4313520676279,0,23.4034259937599,0,20.5748600158182,1,28.4469149597903,1,22.6172273980616,1,28.0049894239386,1,23.1331309341828,1,30.0610838745293,1,24.8206402004768,1,21.9007165789175,1,31.1344935491472,1,23.0159484885203,1,24.6607213904312,1,23.9877052161424,1,21.8196802596166,1,28.6687959850027,1,26.219346174649
1,38.1897240617807,1,29.0972944472851,1,37.7510640429392,1,32.5029635698911,1,25.3541244096836,1,22.7861935338797,1,26.5109557599668,1,22.2541310261992,1,23.8076365366261,0,22.3671527593167,1,24.7285018378049,1,25.4140791816676,1,25.0973157306443,1,22.7379780652368,1,22.218103263725,1,30.8626199347025,1,21.1145393161547,1,24.7767827239928,1,30.0287794641901,1,23.5689326383614
1,41.0679046218317,1,25.7075037703214,1,27.213289456147,1,23.4543361360007,1,19.9067723502438,1,21.4621308161248,1,22.8944402245011,1,23.2491578580142,1,20.8835519229701,1,24.3462174143379,1,22.9241333022697,1,22.5975051575493,1,30.173956647358,1,24.3770420019307,1,22.6185501970893,0,20.4658806089888,1,23.9678681041126,1,24.6279349933739,1,24.4109616713083,1,41.7707755478368
1,43.1945195186697,1,30.6279953754469,1,22.9440901466756,1,21.5354701189986,1,26.5076671289245,1,24.4076712523332,1,30.2362857290652,1,24.168617330852,1,22.9389435941841,1,26.8622997046651,1,24.5902228741099,1,24.1205364429635,1,26.3617996423585,1,24.0065310312598,1,21.1016052124625,1,25.8177963882759,0,33.5136561187584,1,25.3060012957398,1,23.3000730993039,1,25.067143117567
1,53.0279005909695,1,35.0516368676274,1,40.4756212758054,1,28.0247731877247,1,30.9872811470089,1,23.1690871522404,1,24.1428254937835,1,28.8409226044595,1,34.4329895105547,1,20.5729596175335,1,24.4039998396733,1,31.5668179269412,1,22.7865766867227,1,35.0371694721393,1,23.0861329863713,1,29.0372804634948,1,25.0617870001859,1,23.6749583779827,1,22.4789529062685,1,23.0175584421601
1,40.3815517277293,1,38.3547468804988,1,36.8729446313258,1,22.6565044782368,1,24.1814774635077,1,22.3963024692574,1,23.0885902328247,1,25.2061588399994,0,20.429896253013,1,23.5557936013547,1,22.8650138704302,0,23.710535615329,1,21.856230960074,1,20.6989655786892,1,27.2274598446657,1,23.4428404616216,1,31.6302423731125,1,23.8980198815528,1,21.4216624873841,1,25.7256312532445
0,27.8397271117521,1,29.7649177289936,1,26.0055991696419,1,27.3205740627358,1,37.9491371198733,1,29.0419489101505,1,28.1287112804724,1,27.1267109579471,1,26.5812679618102,1,22.3732044969791,0,23.8641965351978,1,27.0857476179095,1,22.5795656744923,1,22.3560940557155,1,22.348650271587,1,22.1445204024251,1,21.8168069577518,1,23.2115752655547,1,22.6517770780847,1,22.3381353062298
1,35.7022893234809,1,26.1822780800405,1,30.4979666610954,1,24.808203878742,1,24.0903759604506,1,21.7072871628233,1,22.9269994412965,1,23.7681163134925,1,22.018923575177,1,38.3660867923259,1,22.460659011829,1,31.9119641788985,0,30.7617959087492,1,32.0975253812093,1,22.0602961210606,1,21.4848723731019,1,23.4394892064097,1,31.3181799055687,1,23.5095773867846,0,20.0511746167226
1,39.0849389062039,1,24.1743488517155,1,22.5935384777169,1,23.6416758197352,1,21.3753588418502,1,22.7875170731393,1,24.2175433538238,1,20.5039264001249,1,22.8481605316495,1,26.3743197692014,1,22.8807840220402,0,29.7154188579409,1,24.5130937707916,1,31.4514892156411,1,23.015200004652,0,22.7450358542986,1,19.2152845682242,1,23.2844766548689,1,24.6978392274398,1,20.1240341601222
1,25.7041219159243,1,41.9349211154055,1,26.1831232619903,1,24.298870743161,1,22.6928010103222,1,26.461831996103,1,26.1003345931974,1,23.0665537993479,1,22.4860220921319,1,22.9050093209424,1,21.924950279776,1,22.1367151821587,1,22.774937874399,1,23.2967213881542,1,21.2621250007601,1,22.9687676358586,1,23.6298745450718,1,23.973358315622,1,23.4416921719241,1,23.3336023679928
1,43.3404681920495,1,21.0582381190546,0,30.3612981269021,0,30.0848843294848,1,23.4000899168867,1,23.9275911493103,1,39.3704569643564,1,30.671119180993,1,24.3344833869962,0,21.3824669798211,1,25.4930571426122,1,22.3901827039873,1,21.5220871040044,0,25.6008549340581,0,22.902832260035,1,24.1222339257338,1,33.3195859615275,1,23.8396766172166,1,22.9676126774125,1,29.8764642156359
1,44.7594270112935,1,26.0517163011214,1,31.7541023023128,1,21.8744824672341,1,29.0409195605337,1,21.5508712926078,1,34.323352543754,1,24.6495614222094,1,21.9881897718729,1,23.2045624319089,1,19.6341908841108,1,21.8053297085707,1,21.6906484140001,1,21.8956455976604,1,21.0888607885392,1,21.9479105166677,1,23.3411826781629,1,21.6138002928574,1,30.4643892740737,1,21.6873926305494
1,42.6415195625921,1,30.8396448233682,1,29.143958566048,1,26.1293416509152,1,33.558227020811,1,28.2940573760618,1,22.2678247904058,1,26.0512298337953,1,22.0774040925638,1,22.8330094229876,1,28.0396693479975,1,22.9689688866536,1,24.1732981886257,0,22.0042248068408,1,32.684920436268,1,22.9274085672486,1,24.0392537687386,1,21.9115968784072,1,26.9767042464848,1,22.242051761705
1,33.484861384706,1,30.3097939860844,1,26.0565427973794,1,27.1055706315223,0,23.8025926020376,1,23.828563161619,1,30.365172899381,1,21.4186182510251,1,22.6746400815114,1,27.7133558940228,1,25.9860742905407,1,30.9892618389587,1,23.5347059816331,1,22.623965888227,1,24.0467657665793,1,31.5956070974749,1,23.9980435213867,1,24.3332304939943,1,22.760295347806,1,35.4035407470378
1,41.6446990484806,1,35.0783486466604,1,27.9582002947995,1,27.4246933443511,1,23.5724999141526,1,25.6830981165413,1,25.1255260331644,1,23.3763473652885,1,31.2548998299975,1,25.2410914829769,0,24.0745201085825,1,19.9807926151905,1,29.8794762747502,1,34.1943458193667,1,22.1945764817576,1,22.6972451280436,1,24.172913623314,1,22.7132041334498,1,22.3343798187651,1,20.9907412357373
1,41.8189783888483,1,27.0526927855243,1,29.4443533772346,1,23.8858326573693,1,22.0367593627652,1,22.568918035005,0,21.4198866192383,1,22.1654246807628,1,31.028414454674,1,23.728166190404,1,28.5042050348737,1,25.5168970947394,1,21.3963108732622,1,20.8442575383594,1,22.2854358239936,0,23.2730432825498,1,22.4680224458731,1,21.5018993360341,1,23.2620942389224,1,24.5916016120168
1,37.1366441564934,1,26.8658627895556,0,28.0078808893558,1,21.672412291964,1,31.3680891807744,1,25.8079404385882,1,22.1012983460877,0,23.8953076041787,1,40.2438408181996,1,20.6309267505672,1,24.5297133109664,1,22.5043357300412,1,30.0389302893586,1,20.6309068390698,1,26.8471850427662,1,32.2420944268034,1,23.918299559903,1,32.023842533005,1,21.595763262861,1,24.0772361530351
1,44.3114607362321,1,36.3392170394786,1,21.5415826967299,1,29.9716183966445,1,22.3108090574894,1,21.138065531145,1,22.03162775159,1,31.8267821461105,1,31.3138976321555,1,22.0322291834622,1,21.7653320376548,1,24.9362969645422,1,24.9765856889269,1,23.1854373624251,0,21.979270065376,1,21.8956251267491,1,24.2548852492913,1,22.1362022669492,1,32.6240717153781,1,23.1204793585189
1,44.4002683586108,1,31.5062818180446,1,31.1886446239162,1,34.8065528830984,1,24.6792195044772,1,22.6642363661909,0,25.1926504129598,1,30.2612546820954,1,24.5761263059071,1,25.272553529913,1,28.669390723768,1,30.9078147715675,1,23.8362534392511,1,22.4380677991737,1,30.2180782951727,1,23.0359478348642,1,23.4345401362415,0,24.5783424654152,1,24.5606206671023,1,23.4042307476356
1,40.1889903971656,1,39.7797336358255,1,34.1957905245101,1,23.8187809992359,1,21.9240907241345,1,27.458894989128,1,36.3176502520401,1,37.9840070612269,1,22.2742160705935,1,29.8881689485402,0,23.5941875778471,1,21.8853173517018,1,21.7273896601515,1,27.5800901973588,1,23.2429941117766,1,24.1294830968935,1,22.2488949629684,0,21.8066585493126,1,27.741768312912,0,21.2420829256013
1,38.0301480680251,1,38.3321013830927,1,18.4614738505003,1,23.042116998273,1,20.8689013961854,1,24.8415625770124,1,29.3868727169396,1,21.1510921967166,1,20.9582167320538,1,22.3182524648696,1,27.7840291335835,0,23.4537077984787,1,29.5927354068008,1,21.5260251476248,1,22.1139320100694,1,30.2719030420042,1,21.865792039557,1,21.9353275233368,1,22.1729036387783,1,23.4833445507357
1,36.2259945447472,0,20.831855125058,1,34.6552619412369,1,26.0440051011894,1,30.6056222976428,1,21.6611159540089,1,32.7616498809901,1,21.9828622776933,1,23.3037408040282,0,24.8538960181348,1,21.9614304196854,0,23.3753314233785,1,22.168995042392,1,32.4005384517214,1,21.8568245234362,1,22.8491397103213,1,21.8789109016918,1,24.5371575905604,1,24.5036828147569,1,22.6223477316572
1,32.2622811848912,1,20.9618439833494,1,26.0088094252695,1,30.0323033543975,0,23.5083692208566,1,24.0551270999001,1,28.5921074604535,1,21.7298784430438,0,24.0462229866175,1,21.637958844125,1,24.4113222899111,1,24.1567630443138,1,25.1433762791469,1,32.1603079677762,1,25.1307878527561,1,21.2826228739803,0,23.3021448208193,1,23.8738089877544,0,22.1108058007134,1,24.5708920128585
1,24.9671466511038,1,26.5108449415177,1,28.6415398665769,1,30.6523386921096,1,24.1196809581392,1,23.7792423339462,1,22.4553942893541,1,23.9944682161054,0,23.5644328100204,1,23.5957681132899,1,23.3101739901133,1,32.8631400413148,1,22.9852999831348,1,23.3236511569655,1,21.4856592095759,0,23.4421132320656,1,23.2783753740671,1,23.6657019427727,1,26.9500343409972,1,22.8910895837553
1,41.2974941722207,1,20.7488417209052,1,29.0391488095959,1,25.5799046300047,1,22.8551265367874,1,22.7171218368548,1,37.8514013883451,1,22.8571883122114,1,29.5693202693712,1,22.4978119654704,1,22.8011416338103,1,22.846137308712,1,23.0698518238143,1,29.910752313755,1,22.6732675009087,1,30.9433522805031,1,21.0825345565953,1,23.1534137045915,1,21.6780226619374,1,23.005776569477
1,38.9462544453875,1,26.7101234968234,1,33.7428711783246,1,25.2098329963059,0,27.8984918179945,1,22.2363724942204,0,30.0518118594318,1,26.6934427390435,1,23.6388864306126,1,25.5695859877566,1,24.7629881616125,1,24.3936517326055,1,24.5291996171956,1,24.796089113761,1,30.1166775510734,1,21.6583104053317,0,31.15600819151,1,24.9756604257253,1,22.0107074906958,1,24.5439880304796
1,39.8702582553051,1,30.9239119673114,1,25.0650505322979,1,25.0282198534982,1,24.2751931824536,1,23.3837897838746,1,31.0672079325235,1,22.9061259788002,1,33.8365347669555,1,22.3763480354584,1,22.6706051508705,1,21.7325550361063,1,25.0762194168852,1,22.2180143189779,1,22.7601153854191,1,20.9703676302758,0,22.852814201438,1,34.6280166885733,1,32.6381711298908,0,22.1650860755269
1,46.7754107199614,1,35.2342127331092,1,27.3039758442037,1,22.3070605542812,1,22.4191136631304,1,30.6171816987263,1,19.3273885723845,0,21.25551064308,1,20.6778559214312,0,21.3474992642718,1,22.0746403965685,0,20.5540451057469,1,24.0511102284773,1,24.1424848442152,0,21.4323082094999,1,23.4386764928041,1,27.5176125659098,1,23.3763674770433,1,21.266914389032,1,22.3302982570858
1,42.4025595761473,1,44.053148975346,1,20.6775215714662,1,22.3525065035968,0,19.5694695276144,1,34.1262286263976,1,27.8035852029164,1,23.7427023353861,1,22.0501069213806,0,22.8152057560281,1,22.7584952608217,1,21.1526160587524,0,23.6442118775601,1,22.5596139990107,1,19.8811826184919,1,24.734727085388,1,33.6692671694948,1,21.8194784223333,0,21.8213950594954,1,22.3282447632285
1,34.6632498576345,1,30.6592392809634,1,31.0618341324281,1,24.3655556536995,1,24.9304756897769,1,22.7302662195603,1,22.6467253886315,1,29.0081879187636,1,26.0829219396122,1,23.1729980652079,1,24.9613550486028,1,24.2982266550324,1,23.7698034316882,0,22.998619495284,1,24.3680838388316,1,24.2456480190041,1,24.0463897305357,1,21.2244520268876,1,23.2225080412889,1,22.9346335752253
1,44.4534799177137,1,22.5721939224227,1,33.9995552685159,1,28.8192216223214,1,28.2728281267109,1,20.6017634587535,1,22.4126769959367,1,21.5134213743116,1,22.3676967597842,1,26.2212301811918,0,21.7922307404748,0,23.0092735153908,1,20.907111500561,1,28.8117083539896,1,22.338703514761,1,32.4699205786415,1,29.9194060330826,1,22.0060150156946,1,32.4633800669084,1,24.253572645291
1,41.6048666890075,1,28.7404579560434,1,27.0624824077564,1,23.5025857088782,1,22.6161078575214,1,22.9212663926903,1,22.4964481235036,1,23.8210548677386,1,28.6162537484317,1,25.0971082827811,1,24.3909979948547,1,21.7818914885342,1,27.0171436723068,1,21.3218917945002,1,23.1283838475068,1,22.8604377887174,1,21.3936098939412,0,21.984675679577,1,22.1483478141801,1,29.0475966158014
1,31.4435008206875,1,28.9300542834633,1,32.8421881789649,1,22.3878682458243,1,21.7917265394076,1,23.0053850786217,1,24.5124316383569,1,30.6389883377023,1,20.5705397570584,1,24.9103680772566,0,24.8580051803672,1,23.7923789631305,1,24.2367055245807,0,22.1538023342778,1,32.2244200159168,1,25.4232563003372,0,20.3298053640625,1,24.7867565416602,1,19.6840121671573,1,22.3937772106774
1,50.9003187892218,1,34.9905345794457,1,43.0632139947305,1,22.5045770985121,1,23.0315383728416,1,24.5524634234481,1,24.5043149772996,1,23.3242135819063,1,28.1717706331203,1,24.8499124711549,1,23.6261653469753,1,29.4572888466719,1,22.2575043206113,1,30.2998122290768,1,23.859359228321,1,25.0214343709682,1,24.0293242415042,1,21.9205757390226,0,23.3059374483659,1,31.7074745673358
1,49.394607944715,1,28.7088998809781,1,32.4216787816476,1,20.4648044140882,1,46.58148742067,1,23.4077204298869,1,22.7474730632739,1,24.2613545852349,1,30.0979163616019,1,23.1118510086985,1,24.3385830348408,1,22.1645826774166,1,34.9818882701704,0,30.3023783330473,0,25.0283561221811,1,22.6537844276276,1,34.6731200455548,1,23.337742629687,1,21.59445951095,1,27.7158538693482
1,34.964020441481,1,36.3060104678249,1,22.5183875203939,1,24.0141063534742,1,30.4450012612922,1,29.5692863491314,1,21.2861505278312,0,43.9659755063981,1,23.2312564198755,1,26.2159244230514,1,25.8905016358242,1,21.1666711453667,1,23.3819797162523,1,23.0519965286713,1,28.5936358701952,1,30.0797922266925,1,21.3582211226664,1,23.1957632559822,1,22.0865612564267,1,22.3443932603484
1,34.5358396286038,1,24.7346599003631,1,31.3931088997082,1,34.1475458185406,1,27.2086302005218,1,27.4349938116493,1,24.3406183046776,0,34.7722078548902,1,23.8549251570403,1,25.6816634875303,1,23.2752236207891,0,20.6616014975779,1,28.5539146612145,0,20.6679645111219,1,23.8825472254752,0,32.9692286406528,1,24.6444037682437,1,21.4240961726483,1,24.0542372966063,1,22.3149979458525
1,39.1092686849344,1,28.9260191501475,1,24.9617646081233,1,24.3131686210264,1,25.3699239059932,1,23.6668685794492,1,31.1461505350599,1,25.0291504222997,1,23.0529695694322,1,21.338112364312,1,21.9340851459057,1,22.0026039512398,1,29.8965429539191,1,23.938898449181,1,22.2024123558175,1,23.3318625176108,1,21.9376124072024,1,22.7136743698315,1,22.5125960132322,1,24.9712294336708
1,43.2058028031809,1,33.533303322409,1,37.8503745939428,1,25.5033689597369,1,28.7885719303286,1,21.7108807782506,0,24.0274338222848,1,24.030418045777,1,20.9514537264412,1,25.2157875297374,0,22.7577192392054,1,24.542526861413,1,24.3370679804927,1,22.7902032167493,1,25.7776844074843,1,22.2228048776271,1,23.6203705708271,1,22.9918011438552,1,23.0969029759417,1,21.7890003801746
1,39.5780885898602,1,30.8233027330679,1,23.0225353624641,1,34.4623464168605,1,23.1151807819697,1,31.400048590963,1,20.4890600516928,1,29.6534823456926,1,25.4980246078746,1,21.0205191229607,1,24.3683096282928,1,21.8063380226829,1,21.9806209376398,1,24.0929690810886,1,32.61298356147,1,23.460432277641,1,21.5535683319288,1,21.1664410514924,1,24.8947943274289,1,21.4087069316261
1,31.8432836028364,1,30.0300650713107,1,39.1220626660191,1,21.9900906315462,1,22.0060339989391,1,29.5010468382998,1,21.8312218077028,1,22.7876138832893,1,28.273564679904,1,30.2013845559999,1,19.7840505668896,1,22.3307583373215,0,20.3489009974269,1,23.5572752271909,1,22.5564449331246,1,22.0515389602624,1,21.7832583983199,1,29.8549281129653,1,23.2539356523092,1,20.9033758950295
1,32.5139343372819,1,28.6939797181094,1,26.0007812464798,1,29.508158519026,1,26.186662890648,1,24.1799914436053,1,23.2171826916339,1,30.8919957362201,1,25.4173111890079,1,22.0542794956343,1,23.1550006669247,1,33.542973715392,1,34.397683156008,1,22.1726041009117,1,26.4240299150303,0,23.467323769683,1,21.8421905148507,1,35.2982675309925,0,26.5524715005424,1,25.8950283787298
1,43.0503037628509,1,26.2852910080136,1,24.1855300909,1,22.695207684485,1,24.6570379578088,1,35.63860282624,1,22.3736275518743,0,30.197213705831,1,22.1596988569691,1,22.5834313000088,1,29.7072160593765,1,20.2348554114642,1,21.3742977832409,1,23.3950278853554,1,20.9034759007831,1,29.4713592259961,0,21.0121272325577,1,22.3801930953334,1,23.8964486666467,0,22.665688043291
1,46.1057336469783,1,28.4724993885748,1,28.7996762020569,1,25.5056493005554,1,27.1172666213927,1,28.1945847869322,1,24.0140817562111,1,23.3985815009412,1,23.1938970319813,1,25.2159811701037,1,24.5247238516342,1,23.911043000118,1,23.2671018572153,1,24.8496007815667,1,25.6126470576671,0,23.323747776075,0,22.1251056846956,1,24.6778810578153,1,29.1107150732193,1,24.0765232451835
1,36.8126457027921,0,29.445842982825,1,26.206984179096,1,22.4667882090598,1,23.232474160168,1,24.0756677683752,1,30.7026286488694,1,30.729986029084,1,22.0279683838594,1,30.0590727120737,1,30.7142483842994,1,20.5806519077151,1,24.4617461722505,1,30.3418028442879,1,23.5347227030075,1,24.340413270782,1,23.8751631555285,1,28.64014281924,1,21.4546292637939,1,26.1837439484743
1,30.5274902769621,1,33.9076871459231,1,26.9556458400335,1,26.1294777132338,1,22.802986396646,1,26.2792095817038,1,30.329968636447,1,20.5080873959516,1,28.4209665311682,1,28.0919541981,1,24.0936297207362,1,24.6305249480609,0,20.7125378526306,1,24.0396250808963,1,23.7820926131884,1,24.6587953446938,1,21.8176332218448,1,23.632344876033,1,24.6005927499914,0,22.6068796601032
1,42.3599719289039,1,26.7018921499277,1,28.2611787212043,1,22.4564835016469,1,25.1990640579325,1,22.5794436901592,1,21.6336413348105,1,22.8859733239758,1,21.0266424419963,1,24.1535761315365,1,28.9518793403219,1,23.308018051575,1,23.5738354023534,1,22.7193892855134,0,22.7433452696504,1,24.070600634149,1,24.0636452677638,1,24.345923166155,1,22.34423289054,1,24.3378881420451
1,45.0043144182986,0,26.2021395472902,1,34.0644489261773,1,26.6068576032068,0,22.2939708255463,1,23.9482692778489,1,23.1897828033812,1,28.4044985803919,1,21.5306286549231,1,22.8279143283299,1,29.3425625310723,1,21.0946797387596,1,26.0013563962087,1,22.9493165711914,1,21.578499336439,1,22.1543878314691,1,20.5505074179195,1,32.4225770618171,1,23.0196739575478,1,25.0699233786022
1,42.1020813585503,1,23.3029487372614,1,29.192221812103,1,23.2561204365704,1,29.95587041293,1,22.2028997604711,1,30.548821208945,1,23.1219885474166,1,21.3198138031021,1,22.3094603489803,1,21.3589507841705,1,20.5941303197125,1,26.6603446382181,1,21.7964731652332,1,21.7910426711637,1,22.1553295840585,1,25.2477237658936,1,20.4416623954433,1,22.675702628943,1,32.1806805887026
1,36.0718041223658,1,23.477845874623,1,27.5042580018627,1,23.9191297974647,1,29.318159681372,1,22.5440934309347,1,27.623522485841,1,20.6671007545915,1,22.2707155394398,1,23.3836826882592,1,25.3850790521476,0,21.8703259077723,1,22.5262999343741,1,22.7611697447155,0,23.9686964144,1,21.6323253528221,0,23.8958600226435,1,23.409145850593,1,21.4416499509156,1,32.0101700738905
1,41.9851560667277,1,34.9056724894637,1,30.6547929712277,1,40.0383007777828,1,30.7282941043596,1,29.9707837212614,1,35.5813758434837,1,21.6432489205758,1,30.3811293827069,1,21.7513007632027,1,22.5270327489707,1,22.3481945804262,1,29.3329479850263,1,24.2274836911184,1,22.0293585089603,0,20.6753999803047,1,23.0853092962122,1,22.5927556449187,1,29.2492507201024,1,23.1626430395347
1,38.3304694435696,1,26.8674928549411,1,32.4133663998985,1,24.0943328584305,1,24.076027733144,0,31.4616770250128,1,23.2480628814773,1,23.8601116051441,1,30.4141647631638,1,22.2612282625144,1,24.3147830381433,1,22.1851100644219,1,24.846488308538,1,25.9329390639975,1,26.2659991856409,1,20.919034512395,1,25.3827103099272,1,23.7083700369001,1,24.1158218427879,1,22.8541181027074
1,34.5650831884592,1,25.1387958524366,1,25.3755982934101,1,23.8854967999835,1,26.1042583289186,1,23.7837475399911,1,21.4086682822823,1,31.9927208572143,1,21.1567190153439,1,23.1725252889369,1,30.1644819143577,0,21.8126612841687,1,22.3428612180688,1,23.7307294494067,1,23.2403786642357,1,22.3338603483482,1,31.2000070443997,1,21.4436450556879,0,22.3941904603333,1,21.1996476582747
1,42.0618983634708,1,35.316816001842,0,22.9110065787609,1,31.6123527793246,1,32.9900240244983,1,21.5012732869646,1,31.1489990092216,1,32.1262316959731,1,22.1702500346689,1,25.2491861687785,1,40.8108539790762,1,27.8672895639314,0,24.2073217501761,1,23.531075036817,1,22.6376290710131,1,22.3685740171913,1,22.7142388815682,1,22.5936742285854,1,23.3614375201753,1,24.9856886408417
1,43.3531702061948,1,30.2255502225342,1,24.0859931357368,1,26.4096706212013,1,30.3933484311869,1,27.622092846405,1,21.0809617588323,1,28.3101745846508,1,20.037112707847,1,20.6490655282554,1,22.1236083362296,1,20.780340544568,1,22.8941903653076,1,22.411029396112,1,29.5188130547039,1,25.553017293892,1,23.8023802350564,1,22.9113927592029,1,21.9343959849725,1,23.4333826780583
1,60.8659800211746,1,25.7673301543697,1,22.4163217572078,1,23.874428865313,1,33.5064286250163,1,31.4577713599174,1,22.7525355008236,1,23.6404344213423,1,30.2085920222792,1,28.6863376346401,1,24.8045840264694,1,30.0739231271736,1,21.9062946825586,1,22.015822952821,1,24.732289975464,1,20.6912628697897,1,21.7671413913571,1,25.633679046374,1,21.6775093035019,1,22.190311336357
1,32.132108006801,1,29.9021082204654,1,19.8692529298675,1,22.6525008848105,1,29.3223955886888,0,26.4676662431763,1,27.8103473887855,1,21.4420685796565,1,21.8721524508598,1,28.3048161593717,1,24.9043488741624,1,24.8595605354711,1,23.743312144458,1,20.3270290667252,0,22.0985930366871,1,23.4250861661462,1,29.1296700281682,1,36.56043052204,0,26.4980621829307,1,24.2969625872703
1,37.4485873310205,1,26.2161797721073,1,19.9558444674599,1,21.0176660394042,1,20.6537383133748,1,21.2981955942027,0,20.1170444402231,1,23.318122795578,1,20.1973378604487,1,30.524327842717,1,22.1082168977177,1,21.3044069967893,0,22.2155080064674,1,24.7710484228212,1,20.7162412041354,0,32.5937868177164,1,30.4304604070984,0,22.2092717371736,1,26.6501053937165,0,29.9647748917238
0,43.1907970621483,1,28.0419103595974,0,22.2548078921934,1,29.2429493310331,1,26.9535854765649,1,25.8452322433375,1,26.1309737608637,1,26.960093490558,1,21.8950325850314,1,21.4847254213545,1,20.2762969902563,1,28.9627932141559,1,22.4921347032984,0,30.6297754018764,0,21.7487977022267,1,21.9834775664235,1,21.5562953914509,1,30.7421633132009,1,24.2820014269629,1,24.0535905340647
1,42.5914448340167,0,22.8327587825307,1,31.6629861928069,0,22.3480534337569,1,22.3827432226989,1,31.7575782488909,1,21.7846701215029,1,23.3325993381299,1,21.5869666479348,1,25.8063733769179,1,22.6578001053526,1,21.624205105999,0,28.430508195189,0,26.3573695148688,1,24.1718054640229,0,30.0564439103104,1,24.9493710761998,1,30.5792244524781,1,23.7013425729527,1,21.2477054261525
1,44.41018510058,1,28.6285088483095,1,22.7485938721699,1,22.9536926606972,1,21.1092352113731,1,24.0172578247372,1,23.5759232889026,1,21.6878302680575,1,21.4534040634096,1,20.5115676131484,1,24.3200555616047,1,22.8170527844902,1,28.630467466836,1,32.1969940380277,1,33.1727680575215,1,21.3690935822014,1,23.00713033278,1,24.6035351840898,1,23.5776543756228,1,20.83048393339
1,40.3590360108451,1,28.5720060750897,1,34.8487757762369,1,24.1302654428546,0,23.5019558863972,1,31.0804590977584,1,36.5860544227815,1,20.8291237194874,1,27.9183574766768,1,21.845690971141,1,23.4755409780727,1,22.6090808419501,1,23.1109971611228,1,23.445755982759,1,28.8709585472788,1,20.4334018821517,1,21.20321497202,1,22.5298629872442,1,22.2884264273989,1,24.1438463526596
1,32.954586521967,1,27.903433327459,1,21.5116553309695,1,28.753318887202,1,27.6740215492345,1,19.8940109130624,0,28.62575314004,1,29.2795722888178,1,21.6323048388946,1,21.7350441941925,1,24.440105605385,1,21.4477286803163,0,24.0727245623604,1,25.6425064197703,1,21.2866698629479,1,32.7509125613826,0,22.1055375100519,0,20.7311473549234,1,29.8936407702822,1,23.3858419864754
1,45.3240156696647,1,26.2886350699438,1,26.1286640585516,0,22.3529734345036,1,28.7907346678356,1,29.135295491386,1,28.3022545025348,1,22.4104924593321,1,20.3822874549816,1,31.222266869086,1,22.3347553821298,1,22.2016566212723,1,32.4124719681599,1,22.2189008497189,0,22.8978847999641,1,21.4442535873064,1,32.4645282413043,1,23.4103255292128,1,20.3290834237649,1,22.2934716460903
1,52.5754836450177,1,37.2753056434092,1,23.6798475271098,1,25.4218395591513,1,22.2982926228931,1,24.2112268453006,1,28.5833098123865,1,24.77667578993,1,25.796846586002,1,38.8873037791189,0,26.8300514592508,1,32.6677096412802,1,27.5206716202205,1,21.9499717854209,1,22.8548278422993,1,24.4217607105077,1,23.8941249751912,1,25.3334608543402,1,25.5581945996734,1,22.3787210786526
1,32.5593753330636,1,22.7831666690279,1,22.8571961341463,1,31.8254909509959,1,25.9000330883171,1,22.3545434949512,1,26.5252622213694,1,21.3734884950732,1,21.6335622030555,1,26.6376542901032,1,21.3729428371473,1,20.8086062690078,1,21.821197175561,1,22.1275366742448,1,29.5588900460327,1,23.1028999013814,1,32.1540413055871,1,23.2849172317959,1,25.7039916017844,0,23.3558261087517
1,36.1218498271816,1,31.7497282398537,1,21.4778356960901,1,23.7417789018894,1,28.8788973770381,1,29.5568163256972,1,23.0976169741435,1,28.4607068823694,1,23.0610378607762,1,22.0490399175427,1,22.0389004672816,1,28.5282062530247,1,21.0107822567729,0,27.1665700621016,1,23.4619204643976,1,22.481078466153,1,21.2738825875249,1,24.6965758498395,1,26.2682224218792,1,22.2721539115594
1,41.7900644342194,1,25.6353717590776,1,29.484961019399,0,23.8729457892742,0,20.0613149996598,1,27.6960052818191,1,34.2812526328749,1,35.112256882738,1,23.5399935410869,1,22.6167148844353,1,24.0903425112738,1,22.0738557495786,1,22.8915301120812,1,20.8300925034504,1,23.2346154284402,1,21.1945891510616,0,24.4926156088107,1,23.4091704948922,1,32.323939331644,1,37.1912535166147
1,46.0871275566428,1,36.0715730354176,1,27.1346434191872,1,26.8921459681066,0,22.9334912650778,1,23.9422422203849,1,20.9590574156242,1,22.2189079536398,1,26.6092487516947,1,22.2126756179123,1,26.2789152857208,1,27.833340238498,1,22.9846761098951,1,25.6083961765695,1,23.5184964079219,1,25.7025585539809,1,22.1271810148841,1,23.5563094518831,1,22.558857671343,1,21.9022100334027
1,55.1555533821522,1,30.3072969945658,1,20.8590847480545,1,20.4283970965831,1,29.8830994393881,1,29.8522980898554,0,23.3695680827623,1,24.2788788826967,1,23.5815037154533,1,37.4101018760693,1,21.6773644971161,1,23.8318238032516,1,21.5949026808023,1,21.3270598343534,1,23.024773542699,1,22.0726070958036,1,30.771369566222,1,21.5873171702467,1,20.5797268808532,1,20.0590440476007
1,46.5451076585421,1,31.5963048251997,1,26.6935778474494,1,37.4274287501644,1,27.966527812327,1,24.3291970185222,1,21.9533981782365,1,22.0057925558845,1,23.349241314968,1,22.5640646379121,0,23.8371787131864,1,21.7213135352931,1,22.1616346429364,1,24.0809992643403,1,23.0695132200164,1,28.0749687582316,1,21.4479115458243,1,24.5499184392981,1,31.5868541928806,1,31.1964151575053
1,36.237099721995,1,25.1404328636402,1,25.5485853589428,1,27.5600065216819,1,29.9988131430114,1,27.4914611536266,1,26.2566047663257,1,22.8170463528525,1,21.1345797251858,1,27.0044715011034,0,22.3330715108629,1,21.206043016624,1,24.2822747293316,1,23.5780486308003,1,29.7992775243442,1,22.496163682441,0,21.65086689217,1,20.5481502003585,1,28.9456265275248,1,20.7041676400692
1,36.1953344397428,1,35.8324291201834,1,25.2158700050115,1,30.5384243884009,1,22.5974594130946,1,26.8356466470499,1,22.9893428974529,0,30.7160273703076,1,23.9323314336472,1,22.7548612789996,1,23.2354348762383,1,24.8539234295908,1,22.0917100408951,1,21.415381095687,1,23.6214719943713,1,24.0907690075765,0,23.5378756287779,1,22.9711073741987,1,23.7415192647329,1,23.6074638183661
1,36.6189297644012,1,27.9632353549987,1,28.3754140065764,1,26.2797816827638,1,22.286121129187,1,23.418355291996,1,25.4491678384136,0,24.6209502549863,0,27.0931685367068,1,31.0978329249716,1,23.8813816381176,1,23.2609518332229,1,25.7770202844839,1,22.1210958892918,1,30.246355894788,1,23.9565437346796,1,22.1790782708954,1,22.5928256333282,0,21.1527892288102,1,24.6992172406248
1,37.9862323770992,1,43.937377032647,1,26.978703160352,1,28.3786340817687,1,28.454884956645,1,31.2056791613037,0,21.7250930336077,1,20.6152519851316,0,23.5677792027647,1,24.7055024417283,1,24.318747066459,1,40.3043764393438,1,23.9731384289422,0,19.764426670315,1,32.3489848172825,1,23.5084816667973,1,27.6152216061099,1,22.8843510458909,1,32.5230266918168,1,21.4555824871457
1,41.2994436843561,1,35.448724336329,1,27.5868633618943,1,31.7245495249644,1,22.6631623077134,1,28.5416197182684,1,23.9097238720116,1,25.2081685636597,1,29.8702198010775,1,23.5403134683178,1,23.933526845032,0,25.2773159389077,1,22.4263625301855,0,24.7416015592366,1,31.2963848306704,1,22.9337454393005,1,23.5158224462551,1,19.9579777066986,0,24.2219517728676,1,24.2727928179594
1,29.7073944273117,1,26.9034997862818,1,23.0595858143485,1,30.7814605135641,1,22.2513682614561,0,19.1217975309,1,21.4833332790933,1,25.9412702225383,0,30.3164985757998,1,20.5072586823098,1,22.8529051014631,1,22.8216034565709,1,24.9819355105703,1,21.8244543475996,1,22.6267612937746,1,20.8102532404854,1,22.6457105098948,1,20.7297918058797,1,32.2197463378062,1,24.4839565254645
1,43.090990386562,1,33.6507608730429,1,40.5777392505727,1,24.8208874487311,1,23.2477750774248,1,25.2118773675215,0,20.220443252108,1,30.8692139684154,1,22.9717322082878,1,29.7014103359865,1,23.7505084357262,1,23.2528728720074,1,24.6862577862585,1,25.5144100327878,1,29.9647455428577,1,23.7259215698941,1,30.7242580488272,1,25.2095024992223,1,31.6843110316618,1,24.8374665442055
1,47.9627685139668,1,28.9304717411236,1,30.033324340217,1,25.8772968398576,1,27.758483051881,1,30.588299961342,1,23.7999541743501,1,21.5836123177016,0,23.6319234011274,1,24.0699145257869,1,23.7700206695463,1,30.5174367523541,1,23.6850502648103,1,31.6910064057607,1,30.236669089492,1,25.6098535663449,1,22.6384572356563,1,27.0425587434858,1,21.8320054307044,1,25.7345458924521
1,35.7204253465766,1,35.5739003615522,1,34.1325669511305,1,23.6732300064456,1,20.4755246361481,1,22.2662809267071,1,21.3073726646864,1,29.9856714022217,1,23.1465544440912,1,34.0073671383461,1,30.9983370067344,1,21.1220739620212,1,22.56085226703,1,22.3389033165205,1,25.3816874034812,1,25.8309245692549,1,24.1783625469083,1,22.6242048582523,0,21.9945511262108,1,20.7418342502472
1,37.3862362700673,1,30.580068118253,1,24.2594610503992,1,24.9971445586936,1,23.5683605546073,1,22.0214758462696,1,32.2769704221232,1,29.0609960954809,1,21.45071976724,1,20.8224280844515,1,29.2418132321109,1,21.2787907069886,1,20.3523308343671,1,23.4737508183844,0,21.0917338847867,1,22.0943007273495,0,20.4676516897568,1,21.1476818722519,1,22.0378364657091,1,22.3601664786167
1,43.1370954459238,0,28.5765133733627,1,29.6552298346553,1,20.6742530539524,1,22.0904240673551,1,28.2230716713576,1,21.8039899837423,0,21.1780253627739,1,30.7438855307983,1,22.0889650738432,1,29.3406439224282,1,21.7739456850571,1,24.5352333360141,1,21.4842144010216,1,26.6202179432237,1,22.0831620539274,1,22.821560436149,1,22.9733510812165,1,30.2711647302978,1,23.0891813919439
1,37.0945024292926,0,22.1929811693615,1,22.1508682660843,1,20.4553088440977,1,23.9266003823496,1,22.643402885326,1,26.7781448485382,1,23.169099165224,1,22.8507769442274,1,28.6189950226443,1,23.3525764769876,1,32.1158889963536,1,21.6696861882991,1,23.5072131050673,1,28.7982424011785,1,24.0125440652261,0,21.7427504060724,1,30.6824160842257,1,31.9298252246229,0,26.3131796891057
1,40.7329958609882,1,57.0118913686453,1,26.7946301845972,1,23.972835058059,0,29.9965539143484,1,29.8591570464178,1,36.5772067381181,1,22.3957107986772,0,21.682022760586,1,23.5304486787127,1,23.3754921348653,1,22.5575432991199,1,24.8756007506149,1,22.3901765772893,1,31.2045813739851,1,25.0681967501126,1,21.803503337369,1,22.9406091636087,1,23.9912124094004,1,21.4537307102495
1,36.3974024444175,1,36.5327610218877,1,22.6880356832337,1,30.412125720952,1,28.709685954795,1,20.3579915469171,1,22.0804909980077,1,25.500959043714,1,20.8196341097766,1,23.4778657442539,0,21.6612415038344,1,24.3082201853277,1,23.4714681695082,1,20.0068017036371,1,22.9275956362647,1,29.5622787129973,1,23.4715546115089,1,23.1964555632759,1,24.2573682517742,1,23.4139212721894
1,40.4330521024877,1,31.1506243643019,1,29.9718323552315,1,28.7235171539224,1,37.0526764231473,1,21.266104948886,1,31.487867790524,1,20.6032634578441,1,28.1097101058457,1,22.7321298165942,1,23.201522923614,1,24.1043104296555,1,24.6979843119973,1,23.4340939817885,1,22.8946607272168,1,31.5468449572884,1,32.8995741209695,1,24.3035852251173,1,28.3986997357286,0,20.5347601142637
1,34.3756304967774,1,25.9008143894677,1,25.5273069858537,1,24.0375502797708,1,30.6938348096309,1,27.4696438804402,1,28.9923588083141,1,24.5702702556722,1,35.2744185718316,1,22.0042640932883,1,31.9617435198841,1,22.8658045417389,1,32.4467427833046,1,20.7748731233099,1,23.4127003924735,1,23.4534364638608,1,23.3741608613543,1,26.9154881519552,1,34.2730940632243,1,30.4651209351367
1,42.0269392603972,1,32.9212066655967,1,23.9040197062389,1,28.2514715762784,1,28.8217330818365,1,26.0085121184568,1,28.1430362107312,1,36.6010113495351,1,38.3868303644127,1,24.5812766718637,1,24.5937555441178,1,31.3962511774157,1,24.7792536781238,1,24.8991605943384,1,28.9884511221212,1,30.5188789294257,1,23.5081029445898,1,31.4134651120157,1,24.2333238968934,1,24.358750387944
1,36.7011047056054,1,29.8117300417443,0,21.2473092225766,1,33.6478186784246,1,33.6993488357873,1,25.0090177801083,1,20.8405205310153,1,39.8506877639917,1,26.0457161159518,1,22.9563282003352,1,28.8544991991631,1,23.8469864403059,1,24.8413955368913,1,24.4956628814817,1,24.0387606982088,1,29.8281624470472,1,22.5882037486171,1,31.5180742782918,1,22.3854725995139,1,31.2110616997288
1,51.5158225187859,1,32.9754525014092,1,30.6067113032123,1,23.681985171261,0,26.5087235084569,1,23.5585121976521,1,35.5311094355167,1,31.3290806533611,0,26.0740913842982,1,42.7070919752357,1,23.4286119375909,1,23.9189357935309,1,23.3078633022061,1,30.8266418476219,1,21.7967221635434,1,23.5307523700319,1,23.1586131941063,1,22.4289695479732,1,20.8665264592429,1,31.9997074146852
1,39.3333644235077,1,31.9706123765808,1,24.422932881436,1,24.7459260650974,1,29.9233275303301,1,23.4094108772203,1,25.044848042758,1,21.8350647753184,1,21.5324616714609,1,26.6017374812913,1,23.7078892694092,1,24.0928699375775,1,29.2839371575225,1,30.2123089026695,1,22.961263614999,1,28.11524213234,1,22.4616066736105,1,22.0223376962854,1,30.9478303915379,1,23.4270545741469
1,36.3279136289389,1,31.7971043722584,1,23.94645992664,0,20.3733554493264,1,22.5884359831643,1,26.3027757951285,1,26.2063854476021,1,20.628511476643,1,20.8254263342517,1,20.3343089882484,1,20.7508761596389,1,20.8476240228194,1,20.1494532566949,1,33.6355991279699,0,22.8052278274823,1,20.4022146949815,1,22.3553374778381,1,22.6311603747851,0,23.2191197906383,1,22.150621578852
1,51.4932243982273,1,34.5841283973263,1,22.1138206675167,1,30.7989355357422,1,31.8221245704557,1,22.3238736425762,1,31.7025345954455,1,30.7397011466266,1,29.0335997011893,1,29.2315700714811,1,24.3562081725465,1,26.3513362653305,1,27.7775614992887,1,23.9626974520831,1,23.2604946544599,1,22.0739459974557,1,23.3843488961803,1,24.444571696828,1,27.0927837415878,1,23.4170350213276
1,46.6409749366215,1,38.1942032628609,1,19.777006680058,1,21.1928220027181,1,23.3539135689212,1,30.8069307945565,1,34.9618730937667,1,30.6711740290042,1,21.4385343725178,1,22.6314119440365,1,23.2045755209597,1,23.5113498281616,0,21.6380582492912,1,36.2246766526304,1,22.6686175247581,1,21.1066372147273,0,21.9879302436572,1,21.6480533994527,1,23.0584960048578,1,30.6417400071369
1,46.366072324847,1,36.4249516730743,1,30.416019090106,1,29.6308816458738,1,20.3056586651184,1,25.6837607318231,1,34.6351793875735,1,25.9281172438985,1,29.3193244596055,1,21.7752152900926,1,23.9783030245577,1,21.7784972808859,1,21.3377162445272,1,23.1389441067877,1,22.1820229495701,1,23.7004539820862,1,22.9774688285756,1,24.347907818526,1,22.6045720186494,1,23.2923790845046
1,43.5542901293646,1,29.2918451618976,1,34.019190779802,1,36.0598008028337,0,21.98934443851,1,31.1284019830875,1,28.3296742385046,1,35.860971100036,0,22.5783935089132,1,29.9278719917272,1,31.1987617085212,1,21.8986972499015,1,23.3884056500532,1,21.9805016876539,1,26.4203257676597,1,24.4768072545908,1,23.7607646967021,1,30.451329491841,1,23.6064563351418,1,23.9187294517334
1,48.1588953782345,1,29.7373989697689,0,18.4482541565815,1,29.0863385087867,1,23.7325246349746,1,23.8499741671112,1,21.7361413039921,1,23.066627156611,1,22.7535875382373,0,22.7464623245224,1,24.7276200653063,1,23.2060259406191,1,24.3760007748827,1,21.2832866642214,1,22.3069498118465,1,24.9239779327806,1,33.6551385832598,1,24.7238160076614,1,23.3045834023936,0,20.3746759394613
1,37.2613083672117,1,32.2387296539686,0,36.2267750974736,1,25.9001747494766,0,25.7660006531503,1,31.4470309326599,1,23.8995279741068,1,29.8337603004784,1,28.2742269249572,1,23.3953927587724,1,22.7411531699145,1,22.544860338502,1,22.8110695315475,1,21.3353322529502,1,23.637171092507,1,22.6582578725584,1,30.0151510132781,1,24.1314073718398,1,25.651569470048,1,24.1687187857303
1,37.7706249373368,1,44.0348657366078,1,32.4003863569029,0,20.5671715648998,1,23.7853005021915,0,25.0459470645837,1,21.7429428340378,1,32.1037587762947,0,21.989013433207,1,23.1565678810202,1,21.8823865158221,1,22.3904655894276,1,23.2215569058137,1,31.2109938975055,1,29.9337671265911,1,24.0411744618674,0,21.5256237528559,1,23.1787322856553,1,22.155734756463,1,21.9707706073582
1,24.2106098558818,1,28.8225587596325,1,20.9393859260364,1,29.44869874794,1,24.2854551570104,1,24.2562675296934,1,27.3011676624235,1,31.0537331654145,1,39.9319471996945,1,24.8975855175313,1,23.7772423207406,1,30.2393240953918,1,25.0564893761271,1,31.5627200913673,1,24.4823737157201,1,30.6937007096609,1,22.9402256658381,1,23.2346467056082,1,22.9666993045039,1,22.1512077901786
1,46.0861604581211,1,34.8012863444086,1,23.1158827543266,1,24.4700826644169,1,21.5785847342637,1,24.5857617934841,1,26.1081651802522,1,31.9050720023754,1,24.237784742314,1,21.142389850077,1,25.335908352756,1,29.4315883732129,1,21.2936326825508,1,23.4368131855868,1,23.3696484442682,1,26.1166444259889,0,22.7261181377353,1,24.4942282183156,0,21.6406238200966,1,24.2723088084842
