"Homo_cov","Homo_len","Heter_cov","Heter_len","Asym_cov","Asym_len","Bimo_cov","Bimo_len","Bimo.fix_cov","Bimo.fix_len"
1,5.32838784799468,1,18.473166791793,1,12.5061101088081,1,20.5484242685443,1,17.2657490000676
1,8.42229046941094,1,19.6649840041667,1,11.1418071878472,1,20.2883176322336,1,16.8546597381612
0,4.64085393212439,1,17.5793038825127,1,14.3251806700892,1,20.5484242685443,1,17.0602043691144
1,7.04722263767037,1,20.2608926103536,1,45.2493802118691,1,21.0686375411656,1,16.8546597381612
1,5.67215480592981,1,15.4936237608586,1,8.64058516608557,1,20.808530904855,0,17.2657490000676
1,7.66944675161325,1,15.6391217738856,0,9.2280577130414,1,44.0764751316442,1,39.8257449268835
1,7.12162912649802,1,17.8732820272978,1,11.7737288062942,1,19.4911045808276,1,17.6113846912852
1,5.84338800122914,1,11.667281323375,1,7.3188043931018,1,20.5985537047383,1,17.0109965768095
1,7.30423500153643,1,16.6320818865132,0,8.90984882638479,1,19.4911045808276,1,17.0109965768095
1,36.3385691326438,1,49.3997656032259,1,13.0465643529206,1,20.3770638799561,1,17.4112553197933
1,7.04578138286538,1,19.0361806866872,0,7.71805956313526,1,19.6809308745408,1,17.7572534281744
1,6.32313713846893,1,15.1313231099309,0,7.39647374800462,1,19.2386627650006,1,17.3293678033991
1,9.21371411605472,1,19.2802342852345,0,7.07488793287399,0,19.6809308745408,1,17.3293678033991
1,6.86512032176626,1,18.0599662924981,1,8.68281700852717,1,20.123198984081,1,17.5433106157868
0,8.67173093275738,1,17.5718590954036,1,8.0396453782659,1,18.3541265459201,1,17.3293678033991
0,6.47410614858827,1,12.0928111185804,1,12.0472263265197,1,20.7969491574504,1,16.9883772162681
1,5.96299250527867,0,10.2117071668012,1,54.4863190676687,1,21.2642963295279,1,16.9883772162681
0,6.6444773630248,1,12.3615402545488,1,6.29741376158985,1,21.4979699155667,1,16.9883772162681
1,8.51856072182668,0,11.0178945747066,0,9.58302094154977,1,23.8347057759543,1,17.56752643955
1,6.81484857746134,1,10.4804363027697,1,8.76161914655979,1,21.4979699155667,1,16.9883772162681
1,6.50341240658994,1,15.3248569233553,1,7.89776077146228,1,19.4867631211812,1,17.1269106624765
1,5.38854170831738,1,16.324304114009,1,8.6157390234134,1,21.9226085113288,1,17.5206327466713
1,5.5743534913628,1,15.3248569233553,1,11.4876520312179,1,19.2431785821664,1,16.930049620379
1,5.5743534913628,1,13.6591116055993,1,7.17978251951117,1,20.2175167382254,1,17.1269106624765
1,8.17571845399878,1,23.9867325756866,1,8.97472814938896,1,19.9739321992107,1,17.3237717045739
1,8.06730964935225,1,18.9539545195088,1,5.52205654293749,1,20.3733187240806,1,17.2773010322986
1,6.00757101547508,1,13.0808981895202,0,7.55649842717762,1,20.3733187240806,1,16.8890470765166
1,7.2090852185701,1,15.7504692486059,1,9.30030575652631,1,20.5877747106499,1,17.0831740544076
1,8.92553408013441,1,19.7548258372346,1,9.59094031141775,0,20.1588627375113,1,16.5007931207346
1,7.72401987703939,1,16.2843834604231,1,10.7534785309835,0,17.7998468852494,0,16.5007931207346
1,4.64683957519131,1,15.1158823391478,1,8.48255492017737,1,21.8881492337174,1,16.7243760514754
1,5.60825465971365,1,10.248055823151,1,11.7000757519688,1,21.4017459174126,1,17.3288715714082
1,31.8869336366576,1,50.9840777201764,1,10.5300681767719,1,20.9153426011077,1,17.7318685846968
1,8.01179237101951,1,21.0085144374596,1,13.4550871147641,1,21.644947575565,0,16.3213790381868
1,9.6141508452234,1,23.8267297888262,1,11.992577645768,1,21.644947575565,0,17.5303700780525
1,5.75906550229815,1,15.0061692241731,1,25.7422755875814,1,23.1480869393767,0,17.0053753544631
1,7.24527595450413,1,11.9014445571028,1,10.4272508709191,1,20.3703165066515,1,16.8244671060113
0,6.87372334145263,1,14.7474421685839,1,10.1013992812028,1,21.0647591148328,1,17.5481000998183
1,7.24527595450413,1,13.4538068906379,1,8.14628974290551,1,20.6017973760453,1,17.3671918513665
1,5.57328919577241,1,12.4188986682812,1,8.79799292233796,1,22.6851252005892,1,17.3671918513665
1,10.6321250822475,1,16.9507073155918,1,9.18127356140286,1,21.975093797677,1,16.9346716330916
1,33.0592639276134,1,70.2748074125576,1,10.4928840701747,1,20.6670525001962,1,17.3427360097926
1,12.1272676719386,1,19.0695457300408,0,7.86966305263103,1,26.4224342091116,1,16.9346716330916
1,10.7982520366576,1,18.0101265228163,1,11.3672910760226,1,23.0215268356616,1,17.5467681981431
1,9.30310944696658,1,13.7724496939183,1,11.8044945789465,1,22.4983103166693,1,17.3427360097926
0,11.2306829215497,0,14.2519522061088,1,11.6884000047741,1,20.1669350336617,1,17.4429243601262
1,9.24879770009972,1,14.5995607965016,1,10.2273500041773,1,21.6425644263686,1,17.4429243601262
1,9.41395480188721,1,14.9471693868946,1,17.1673375070119,1,22.3803791227221,1,17.232768644944
0,7.59722668222477,0,11.1234748925727,1,11.3231375046249,1,20.9047497300151,1,17.232768644944
1,10.0745832090372,1,12.8615178445372,1,12.0536625049233,1,20.1669350336617,1,17.4429243601262
1,5.9953551880291,1,9.91962895725517,1,11.1735372642872,1,45.0480849458968,1,38.0884188269215
1,9.81058121677489,1,22.0091767489099,1,13.5013575276803,1,20.3735057544257,1,17.4173171520093
1,7.81212948743186,1,12.399536196569,1,14.4324856330376,1,23.0899731883491,1,17.0345189728443
1,7.26709719761103,1,13.3295014113116,1,9.07849902723332,1,20.1471334682654,1,17.2259180624268
1,8.17548434731241,1,13.6394898162259,1,10.0096271325906,1,24.2218346191506,0,17.0345189728443
1,5.65199876206706,1,17.8050172387392,1,17.3482648904689,1,21.9860048337272,0,16.5397413329606
1,8.61929811215227,1,21.0157580522823,1,20.6384530593509,1,19.1792808124003,1,16.9335446980311
1,5.79329873111874,1,16.6374751247235,0,18.5446969518806,1,22.453792170615,1,17.5242497456369
1,28.1186938412836,1,58.0852201722802,1,11.9643206141165,1,21.2843238283955,1,16.7366430154959
1,5.79329873111874,0,10.7997645546451,1,20.9375610747039,1,21.7521111652833,1,17.3273480631016
1,10.7505925705165,1,18.3603421985451,1,10.8046240957179,1,53.3906970582493,1,40.366064060454
0,8.47642875752266,1,19.7460284022089,1,8.01633400650037,1,22.0001867275198,1,17.2417861564753
0,4.75506979080539,1,12.1247542820581,1,11.5016966180223,1,21.1953018472447,0,17.038941613458
0,3.10113247226439,1,10.3926465274784,0,6.27365270073942,1,21.7318917674281,1,17.64747524251
1,7.85620226306978,1,17.3210775457973,1,6.9707252230438,1,21.7318917674281,1,17.4446306994927
1,6.61330226580925,1,13.0555220506647,1,13.987326672383,1,20.0652582613641,0,17.0082028601695
1,6.61330226580925,1,12.5226435996171,1,10.1726012162786,0,18.3523703610038,0,17.3991960293688
1,7.39133782649269,1,14.6541574038073,1,9.66397115546465,1,20.7993530758043,1,17.0082028601695
1,7.3913378264927,1,11.9897651485696,1,8.13808097302286,1,20.5546548043242,1,16.6172096909702
1,5.05723114444237,1,14.9205966293311,0,8.90102606424376,1,21.0440513472843,1,16.8127062755699
1,10.8713727945573,1,15.4083739326838,1,16.0303910231918,1,20.5993742865463,1,18.4643744055099
1,9.66344248405094,1,15.0659656230686,1,8.45238799404657,1,24.105650760852,1,17.2469431260257
1,8.80063511940354,1,14.3811490038382,1,6.99507971921096,1,22.3525125236991,1,17.2469431260257
1,10.6988113216278,1,14.3811490038382,1,11.6584661986849,1,21.0376588458345,1,18.0585639790151
1,10.0085654299099,1,14.7235573134534,1,4.9548481344411,1,21.6950856847668,1,17.6527535525204
1,7.3511845023608,1,15.5131191306879,1,8.95899277569239,1,23.0661504231053,1,17.5434913023642
0,5.81256449023877,1,12.4658993014456,1,13.0939125183196,0,19.089227936363,1,17.1355031325418
1,6.32543782761278,1,13.0199392703987,1,7.2361095495977,1,19.3543561021459,1,16.7275149627194
1,5.98352226936344,1,14.4050391927816,1,7.92526284003557,1,25.1871757493679,1,17.7474853872755
1,7.00926894411146,1,14.6820591772582,0,7.58068619481664,1,25.1871757493679,1,17.7474853872755
1,8.00952039831505,1,16.4698251283121,1,5.42195237374301,1,23.2131843245708,0,17.253310247643
1,6.439026202567,1,12.2347272381747,1,6.69770587344725,1,21.6656387029327,1,17.253310247643
1,7.38132272001583,1,17.4109579927871,1,63.4687366102859,0,19.0863960002026,1,17.4562903682035
1,6.75312504171661,1,16.7051083444309,0,7.97345937315149,1,17.7967746488376,1,16.847350006522
1,5.81082852426779,1,15.0581258315997,1,8.29239774807755,1,20.1180930812947,1,17.253310247643
1,5.81511436532245,1,15.9873111278271,1,7.69349524167121,0,19.9491396355583,1,17.2094928957153
0,4.87212284662152,1,15.4631369924886,1,10.0977125046935,0,22.8333525949161,1,18.4242806295305
1,8.48692366830845,1,17.0356593985043,1,9.13602559948456,1,21.3912461152372,1,17.4119575180178
1,5.97227961843928,1,15.9873111278271,1,95.6878470682857,1,23.0737036748626,1,17.4119575180178
1,7.38676689649069,1,16.2493981954964,1,8.17433869427566,1,21.3912461152372,1,17.2094928957153
1,7.7453112439063,1,19.3956159558346,1,6.09593949816471,1,20.4609738726124,0,16.8166064885965
1,7.59917329590807,1,12.4515065395482,1,7.31512739779765,1,20.9009948161094,0,16.8166064885965
1,7.45303534790984,1,15.0854790767603,1,6.50233546470902,1,20.2409634008639,1,17.4101337764294
1,7.7453112439063,1,14.1276708814104,0,4.87675159853177,1,21.121005287858,1,16.8166064885965
1,7.7453112439063,1,17.2405475162974,1,5.6895435316204,1,21.561026231355,0,17.0144489178741
1,10.6224568149104,1,18.1737007390872,1,10.3126303341469,1,21.0554410677835,1,16.7741488981286
1,7.89096791964775,1,15.6140245786524,1,21.214553830245,1,19.8591091889322,1,16.5768059699153
1,8.0427173027179,1,11.5185427219567,1,5.8929316195125,1,25.8407685831889,1,17.3661776827685
1,8.49796545192835,1,16.6378950428263,1,16.7948551156106,1,23.6873712012565,0,16.7741488981286
1,11.0777049641209,1,16.1259598107393,1,10.3126303341469,1,22.9695720739457,1,16.9714918263419
1,4.07512510297093,0,17.4935471823646,1,10.2916146741408,1,22.2070659506274,1,16.9838196147944
1,6.49001405287963,1,15.7188394971972,1,11.053956501855,1,19.6887388840614,1,17.3612378284565
1,6.18815293414104,1,15.7188394971972,0,13.3409819849974,1,21.7491883021608,1,17.3612378284565
1,10.7160697152199,1,13.4370724734105,1,11.8162983295691,1,21.062371829461,1,17.5499469352875
1,9.35769468089621,1,14.9582504892683,1,8.3857601048555,1,24.9543318414267,1,17.7386560421186
1,38.3108923514732,1,53.9339035214933,1,11.5418166290659,1,21.3687836672734,1,17.1101782153082
1,6.73809664473146,1,15.1773798854454,1,51.0404779818693,1,20.1406926519129,1,17.5379326706909
1,6.16054550375448,1,14.0932813221993,1,10.5158773731489,1,20.6319290580571,1,16.8963009876168
1,38.3108923514732,1,53.9339035214933,1,51.0404779818693,1,20.6319290580571,1,16.4685465322341
1,7.31564778570844,1,13.0091827589532,1,17.6974521645677,1,20.8775472611292,1,16.6824237599255
1,6.00327737221371,1,16.3151874471256,1,17.095439951174,1,23.5726018271062,0,17.0850604755539
1,5.84102663242415,1,14.4681850946208,1,16.254680609313,1,22.4500969781963,1,17.6483042274952
1,5.02977293347635,1,13.2368501929509,1,14.5731619255909,1,22.6745979479783,1,17.4605563101815
1,6.49002959158238,1,16.9308548979605,1,17.936199293035,1,19.5315843710308,1,17.0850604755539
1,6.81453107116151,1,18.7778572504653,1,15.413921267452,1,21.1030911595046,1,16.8973125582401
0,7.6420339365096,0,17.9593458879866,1,22.3602079145345,1,26.1158386201615,1,16.7977816755961
1,5.60415822010704,1,14.9661215733221,1,25.7295543126151,1,25.4462017324651,1,17.1752599154972
1,7.30238798377584,1,16.870900682654,1,31.5493344547542,1,24.330140252971,1,17.1752599154972
1,7.81185691287648,1,16.870900682654,1,28.1799880566737,1,24.5533525488698,1,17.3639990354477
1,6.11362714920768,1,15.5103441759884,1,60.9545393834572,1,22.7676541816793,1,18.1189555152498
1,5.4266637120908,1,32.065411832873,1,9.65160187428378,1,22.02889898674,0,17.2992391105608
1,6.7833296401135,1,27.3565052000735,1,9.9844157320177,1,45.6640718579298,1,39.5695239425471
1,6.27457991710499,1,32.7381127804158,1,9.9844157320177,1,23.6351728711898,1,17.2992391105608
1,33.7470649595647,1,44.6224961870051,1,9.65160187428378,1,22.2583666845186,1,17.1003972817038
1,4.06999778406811,1,32.065411832873,0,11.3156711629534,1,23.8646405689684,1,17.6969227682748
1,9.59089468670928,1,31.2406638364328,1,10.8468116828431,1,19.7990009648013,0,16.8445290300608
0,9.28642183951216,1,32.5423581629509,1,9.35069972658891,1,16.7861095136359,0,16.6486624134322
1,9.28642183951216,1,29.6786306446112,1,11.5948676609702,0,19.153381368123,0,16.8445290300608
1,8.67747614511792,1,24.9925310691463,1,10.4727836937796,1,19.5837944325752,1,17.0403956466895
0,8.67747614511792,1,27.8562585874859,1,10.098755704716,1,19.153381368123,1,16.6486624134322
1,9.44924847990081,0,16.8330818387488,1,13.3477640208419,1,47.5809799155407,1,39.1210720310785
1,8.93383492645167,1,13.7976080645482,1,8.99523227491517,1,21.0408353395356,1,17.1031822447429
1,9.27744396208443,1,14.3495123871301,1,16.5396206345214,1,20.80173493795,1,17.692947149734
1,8.93383492645167,1,16.0052253548759,1,57.7435878292941,1,21.2799357411212,1,17.4963588480703
1,8.24661685518616,1,15.177368871003,1,9.57556984103873,1,20.3235341347787,1,17.2997705464066
1,7.34547996413031,1,12.2487583479497,1,17.126454681656,1,21.2600283220705,1,17.2163375578409
1,8.20965407755741,1,16.3316777972663,1,10.9317795840358,1,23.3174504177547,0,16.6226707455016
1,6.76936388851225,1,13.7069438655628,1,12.3893501952405,1,21.4886307771465,1,17.4142264952873
1,8.06562505865289,1,14.5818551761306,1,12.3893501952405,1,20.3456185017664,1,17.8100043701802
1,8.20965407755741,1,16.3316777972663,1,21.1347738624692,1,22.1744381423746,1,17.2163375578409
1,8.93283014745147,1,8.71621711521232,1,9.13783785191228,1,23.4612349581569,0,16.4739583801536
1,10.6843654704812,1,14.7274013326001,1,8.5076421379873,1,20.4414720427505,1,17.4099787426624
1,9.28313721205742,0,12.9240460673838,1,5.98685928228736,1,22.0674982279693,1,17.4099787426624
1,8.93283014745148,0,8.41565790434293,1,6.93215285317483,1,22.7643665930631,1,17.4099787426624
1,8.93283014745147,1,10.2190131695593,1,9.76803356583727,1,21.8352087729381,0,17.0355705976589
1,6.83687129443397,1,16.8142057896435,1,15.9921928904951,1,18.5620999822531,1,16.6983880023139
1,9.83842454564888,1,19.7384154921902,1,10.3949253788218,1,17.3722217782625,1,17.0778968205484
1,7.17037721123563,1,14.9865747255518,1,9.86185228247195,1,23.3216127982155,1,16.8881424114311
1,5.836353544029,0,11.6968388101868,1,53.0407730868086,1,20.9418563902343,0,17.2676512296656
1,33.1838387217649,1,72.7397163508491,1,4.79765786714852,1,21.1798320310324,1,16.6983880023139
1,8.09126057464836,1,16.5421556167478,1,16.5899793600122,1,21.6855818857422,1,17.4798998102465
1,8.26341505496002,1,16.5421556167478,1,12.1462348885803,1,20.3013958079289,1,17.2919438983084
1,5.68109785028502,1,12.724735089806,1,15.1087312028682,1,21.2241865264711,1,17.4798998102465
0,4.30386200779168,1,12.2157456862137,1,15.7012304657258,1,20.5320934875645,1,17.4798998102465
1,7.74695161402502,1,17.3056397221361,1,20.7374742000152,1,21.6855818857422,1,17.1039879863702
1,6.34038488201954,1,15.0689910250169,1,11.6339063490494,1,46.0333776752543,1,37.4444917953998
1,32.352220295433,1,53.5487359638994,1,11.052211031597,1,21.5130860492394,0,17.4991846079004
0,6.66553282468721,0,17.7598822794842,1,10.4705157141445,1,21.2817625433336,1,16.7465315064853
1,7.80355062402405,1,12.9162780214431,1,7.27119146815589,0,20.5877920256162,0,16.9346947818391
1,8.12869856669172,1,14.2617236486767,1,10.4705157141445,1,20.1251450138046,1,17.3110213325466
1,8.98955353001097,1,33.6931530995155,1,8.24821119035859,1,18.8552942224293,0,17.3078955102991
1,32.5258391358579,1,57.3071578359282,1,8.763724389756,1,19.9809834297385,1,17.1089541825945
1,8.82610710219259,1,26.7817370791021,1,8.763724389756,1,21.388094938875,0,17.1089541825945
1,9.47989281346611,1,25.0538830739987,1,6.44391499246765,1,22.5137841461842,1,18.1036608211174
1,10.4605713803764,1,27.3576884141366,0,6.95942819186506,1,18.8552942224293,1,17.1089541825945
0,5.89116441650054,0,11.5120764443976,1,12.7185000847333,1,20.6877937851623,1,17.7753181019871
1,7.95307196227573,1,15.6982860605422,1,11.4140385375812,1,22.0369977276729,1,17.7753181019871
1,7.80579285186322,1,15.6982860605422,1,13.3707308583094,0,20.9126611089141,1,17.9750407772903
1,6.62755996856311,0,13.3435431514608,1,10.7618077640051,0,21.3623957564176,1,17.7753181019871
0,5.00748975402546,0,9.15733353531627,0,17.6102308865538,1,20.013191813907,1,17.5755954266839
1,8.43641704387902,1,21.0315069777213,1,6.61934483682087,1,21.3452131266817,1,16.893849028581
0,8.43641704387902,0,22.5125990184059,1,65.8624811263677,1,22.3616518469998,1,17.286729238548
0,7.77473727573164,1,18.9579781207629,1,10.2599844970723,1,22.6157615270794,1,16.893849028581
1,8.10557715980533,1,13.3298283661614,1,9.26708277154922,1,22.6157615270794,1,17.4831693435315
1,8.43641704387902,1,14.2184835905721,1,12.2457879481186,1,21.5993228067612,0,16.6974089235975
1,7.8149330848789,1,15.4902418515694,1,11.1337346110332,1,19.4893189849485,1,17.1987962943155
1,10.1427854931407,1,21.6142909556782,1,9.74201778465404,1,20.3366806799463,1,17.3964836080433
1,8.8125841169911,1,18.0119091297319,1,8.07195759299907,1,21.7489501716092,1,17.0011089805878
1,33.0887592317213,1,71.6873983363328,1,12.2471080721365,1,22.0314040699418,0,16.80342166686
1,8.4800337729537,1,19.0926236775158,0,5.5668673055166,1,20.0542267816137,1,17.5941709217711
0,10.8252485610865,0,10.1697758008365,1,8.5117500911874,0,19.3814313362407,1,17.3686544344145
1,9.02104046757206,1,11.7517409254111,1,9.36292510030614,1,20.5927707947558,1,17.1712833612961
1,12.4490358452494,1,14.6896761567638,1,8.5117500911874,1,22.5309139283798,1,16.7765412150594
1,11.3665109891408,1,13.1077110321893,1,9.36292510030613,1,20.8350386864588,1,17.3686544344145
1,11.5469317984922,1,12.8817160143929,1,9.07920009726655,1,25.6803965205189,1,18.7502519462429
1,7.56021865831683,1,12.817094420299,1,13.0109326128562,0,19.9195054799741,0,16.9353946090375
1,7.41482983796459,1,16.9282379136025,1,6.6195972942602,1,19.1332092110277,1,16.9353946090375
1,8.86871804148706,1,14.268086241465,1,13.0109326128562,1,19.1332092110277,1,16.9353946090375
1,7.70560747866908,1,15.7190780626309,1,9.81526495355822,1,19.9195054799741,1,17.1300543171873
1,7.41482983796459,1,14.9935821520479,1,12.3261466858638,1,19.1332092110277,0,16.9353946090375
1,5.41193226666177,1,20.4252342554325,1,8.25980475024526,1,20.0726341400755,1,17.5209820937833
1,7.88595844570715,1,17.9742061447806,1,14.5258635262934,1,21.6166829200813,1,17.1182008962251
1,8.04058508189749,0,22.3315894526062,1,14.2410426728367,1,20.9549477286503,1,17.3195914950042
0,5.72118553904244,1,26.1442998469536,1,7.97498389678853,1,19.4108989486445,1,17.3195914950042
1,9.12297153522984,0,25.5996269334754,1,7.69016304333179,1,20.9549477286503,1,17.3195914950042
1,11.8355703361119,1,16.6470033919511,1,7.03188552836654,1,20.4462664887216,1,17.2231359044977
1,10.298483279474,1,12.5637761448688,1,9.5633643185785,1,20.4462664887216,1,17.4211029838597
1,15.2171618607153,1,25.4416466933593,1,5.34423300155857,0,19.1995429223361,1,16.6292346664115
1,11.9892790417757,1,20.10204183179,1,11.2510168453865,1,22.6903689082154,1,17.4211029838597
1,14.4486183323963,1,23.8711746752507,1,8.43826263403985,1,20.6956112019987,1,17.8170371425838
1,6.84944866516087,1,15.1978199788227,1,24.8956185761525,1,20.3951980093696,1,17.2759738799028
1,8.07883688711282,1,16.0267919776676,1,8.69846914106532,1,19.4681435543983,1,17.2759738799028
1,9.65947888676533,1,16.8557639765124,0,10.1982051998697,1,19.0046163269126,1,17.6475001999007
1,10.3619864421665,1,18.2373839745872,1,10.4981524116306,1,27.3481064216547,1,18.9478423198934
1,7.72758310941227,1,11.6056079838282,1,9.29836356458706,1,20.1634343956268,1,16.9044475599049
1,7.53266741044378,1,13.8599883488539,0,4.47113495911636,1,19.2929187328517,1,17.5704837586622
1,7.53266741044378,0,14.6915876497851,1,13.4134048773491,1,18.6276456730982,1,17.7747917093443
1,7.90011460119714,1,17.7407850865329,1,11.1778373977909,1,19.0711610462672,1,17.3661758079801
1,7.3489438150671,1,16.6319860186246,1,9.38938341414435,1,19.2929187328517,1,17.5704837586622
1,8.63500898270385,1,17.4635853195559,0,8.49515642232108,1,23.0627994047883,1,18.3877155613907
1,7.66409508672644,1,15.7397540896759,1,12.1606069648075,1,21.6913742517315,1,17.48845700793
1,7.4771659382697,0,12.4730126748375,0,11.1182692249669,1,18.664670867769,1,17.1082731599316
1,7.29023678981296,1,10.9881302135473,1,69.1417367427628,0,21.1869236877377,1,17.48845700793
1,10.4680323135776,1,14.8488246129018,0,11.8131610515273,1,20.4302478417471,1,17.8686408559285
1,8.41181168055341,1,12.4730126748375,1,11.1182692249669,0,18.1602203037752,1,17.1082731599316
1,7.49864088875404,1,16.0356088902935,1,63.3414181718991,1,24.0231575551463,1,17.0401556924592
1,7.49864088875405,1,18.6596176177961,1,9.86725609713001,1,22.5349973526151,0,16.6194111074602
0,6.83209503197591,1,14.2862697386251,1,14.6417348538058,1,22.3224030379678,1,17.0401556924592
1,9.49827845908846,1,21.8667393958548,0,10.1855546809084,1,22.9601859819097,1,17.0401556924592
1,8.66509613811579,1,25.6569742244696,1,13.0502419349139,1,21.6846200940259,1,16.6194111074602
1,26.9123484308082,1,55.6832332522268,1,15.2896244975977,1,21.2752390931234,1,17.0614851242338
1,10.142844885983,1,15.3898383360426,1,13.590777331198,1,21.8278427059318,1,17.2598744861435
1,8.38475177241259,1,14.2705773661486,1,19.5367424135971,1,21.5515408995276,1,17.6566532099629
1,7.57332418153395,1,14.8302078510956,1,9.90994180399853,0,19.6174282546982,1,17.2598744861435
1,7.16761038609464,1,15.6696535785161,1,25.1995663015963,1,20.722635480315,1,17.2598744861435
1,7.84721075309517,1,18.8022709472117,1,11.1853166265235,1,17.3311349479562,1,16.2591438174431
1,8.50114498251976,1,17.7429880769463,0,6.65072880495993,1,16.6188965254374,1,16.8072048449973
1,7.02979296631442,1,16.1540637715481,1,12.3945400456071,1,17.0937221404499,1,16.4418308266278
1,7.68372719573902,1,17.7429880769463,1,60.1588650994103,1,20.4175014455374,0,15.8937697990736
1,6.53934229424597,1,16.6837052066808,1,10.2783990622108,1,17.0937221404499,1,15.8937697990736
1,8.54402808539526,1,20.449250446943,1,8.11679700026561,1,20.6009569439384,1,17.0565633686895
1,9.99490077914163,1,23.280685124212,1,8.98645382172265,1,21.4775934096379,1,17.24196079661
1,32.080407339503,1,62.6061667529485,1,8.40668260741796,1,19.505161361814,1,17.24196079661
1,32.080407339503,1,62.6061667529485,1,5.50782653589452,1,20.6009569439384,1,16.8711659407689
1,8.06040385414647,1,17.9324196227039,1,7.24714017880859,1,21.6967525260628,1,17.6127556524511
1,7.16089793524936,1,11.4037832696006,1,14.5109205497555,1,23.9029343716638,1,17.7421716248215
1,7.78358471222757,1,13.6289117124495,1,19.3478940663406,1,21.4224411821515,1,17.7421716248215
1,6.69388285251571,1,13.6289117124495,1,15.2550703215378,1,17.5889517074507,1,17.1373248648844
1,6.38253946402661,1,13.3507706570934,1,5.95319817425866,1,20.971442420422,1,17.1373248648844
0,8.09492810071667,0,13.9070527678056,1,8.18564748960566,1,19.8439455160983,1,17.5405560381758
1,31.4317088380188,1,54.8216013490737,1,7.18860431633526,1,23.4027580193021,1,17.6271766326387
1,7.10767285281831,0,14.0497571296621,0,10.4234762586861,1,23.6235387553332,1,17.2397661571961
1,7.73946599529105,1,16.2536406009817,0,5.39145323725145,1,23.8443194913644,0,16.8523556817535
1,7.58151770967287,1,15.4271842992368,1,9.34518561123584,1,24.0651002273955,1,17.6271766326387
1,6.79177628158195,1,12.9478153940023,0,7.54803453215203,1,24.2858809634267,1,16.4649452063109
1,7.65694025545059,1,15.9354050441995,1,8.5935922575979,1,23.1039187161923,1,16.6577548678829
1,6.09429938699128,1,15.7077564007109,1,7.27150114104437,1,22.6371728835419,1,17.2321602081547
1,6.25056347383721,0,13.2036213223367,1,8.92411503673627,1,22.637172883542,1,17.0406917613974
1,5.93803530014535,1,19.5777833400165,1,10.5767289324282,1,21.9370541345664,1,17.423628654912
1,6.09429938699128,1,14.1142158962909,1,12.5598656072585,1,21.9370541345664,1,17.0406917613974
1,5.20556465933506,1,11.1629339669156,0,5.92531795468641,1,20.3587640740945,1,17.2165953875363
1,6.21309330307733,1,16.7444009503735,1,10.7111516873177,1,24.3247570755415,1,16.9986638003523
1,6.21309330307733,1,10.3655815407074,1,13.4459138202499,1,19.8299650072349,1,16.7807322131683
1,5.54140754058249,1,12.7576388193322,0,7.52059586556352,1,18.5079673400859,0,16.3448690388003
1,6.54893618432476,1,28.7046873434974,1,8.43218324320758,1,21.1519626743839,1,17.2165953875363
1,7.34303099263522,1,12.8806342671508,1,11.4143962213359,1,22.0888313837485,1,17.0987038336381
0,7.49926569460618,1,13.6237477825633,1,10.8575964056609,0,21.8701300829193,1,17.0987038336381
1,8.280439204461,1,14.1191567928383,0,10.0223966821486,1,21.8701300829193,1,17.0987038336381
1,7.18679629066426,1,13.1283387722883,1,10.5791964978235,1,21.432727481261,1,17.526171429479
0,7.81173509854811,0,12.8806342671508,0,13.919995391873,1,22.5262339854069,1,17.0987038336381
1,6.87893379744439,1,19.6499626238727,1,11.3469122494608,1,21.3547289228702,1,17.2991070740605
1,6.69301666778373,1,19.426667594056,0,7.87980017323666,0,19.288142252915,1,16.7350057564281
1,5.76343101948044,1,12.5045216697372,1,7.5646081663072,1,20.2066252173396,1,17.2991070740605
1,7.62260231608703,0,22.1062079518568,1,12.9228722841081,1,21.3547289228702,1,16.546971983884
1,5.0197625008378,1,9.60168628211962,1,11.9772962633197,1,20.4362459584457,0,17.1110733015164
1,7.42173810108485,0,14.784435447897,1,14.0128628721101,1,24.3482336555472,1,17.1723629929803
1,7.78377410601582,1,15.6896049651151,1,14.5416501503029,1,24.5846242735622,1,17.3743907928977
1,6.33563008629194,1,14.1809891030848,1,13.4840755939173,1,26.9485304537124,0,16.7683073931455
1,9.95599013560163,1,17.4999439995515,1,15.5992247066886,1,24.5846242735622,0,17.5764185928151
1,6.69766609122291,1,15.086158620303,1,11.1045328420495,1,28.3668741618026,1,17.5764185928151
1,8.2735198450646,1,13.764477166739,1,13.4776561436489,1,21.0207137041108,1,16.7015785562707
1,8.10467250128778,1,11.5621608200608,1,57.064969629492,1,19.1312113486851,0,16.5003547182433
1,33.6006214115889,1,54.7826191236212,1,6.88220739250155,1,21.4930892929673,0,17.1040262323254
1,7.59813046995729,1,13.4891876234042,1,8.60275924062694,0,22.4378404706801,1,17.3052500703527
1,6.92274109484998,1,15.6915039700824,0,8.02924195791848,1,21.0207137041108,1,16.902802394298
1,7.63009653803202,1,16.7921421020144,1,11.8764833439765,1,21.1995480609522,0,16.9986843594788
1,5.13297403467609,1,15.4594324113783,1,12.5362879741974,1,20.9311993513199,1,17.2034877854966
1,9.15611584563842,1,15.7259743495055,1,10.5568740835346,1,20.3945019320553,1,16.9986843594788
1,7.35263848210358,1,15.1928904732511,1,10.5568740835346,1,19.8578045127907,1,17.2034877854966
1,7.63009653803202,0,13.0605549682334,1,14.8456041799706,1,20.6628506416876,0,17.2034877854966
1,12.5541663223546,1,15.9120070907333,1,8.00349589994028,1,20.1409071476498,1,17.2657271310595
1,13.5452847162247,1,15.9120070907333,1,7.43181762137312,1,18.1064720822306,1,17.4513801109634
1,11.5630479284845,0,17.9325794197153,1,5.14510450710446,1,18.7168026018564,1,17.4513801109634
1,14.3712167111165,1,13.6388632206285,1,8.28933503922386,1,20.7512376672755,1,17.6370330908672
1,32.8720933966917,1,50.2617366834274,1,10.2902090142089,1,21.5650116934432,1,17.8226860707711
1,6.72439064685034,1,15.2490447962871,1,50.2672318454625,1,22.1710987545399,1,17.463334583374
1,8.48554057816829,1,17.0582535009313,1,9.85136704509063,1,21.3396825512447,0,17.0267512187896
1,8.96585419580045,1,17.5751702736868,1,9.85136704509063,1,22.4482374889717,1,17.0267512187896
1,8.48554057816829,1,17.3167118873091,0,10.8617636650999,1,21.8939600201082,1,17.0267512187896
1,8.32543603895756,1,13.6982944780206,1,9.34616873508599,1,22.4482374889717,1,16.5901678542053
1,7.12977919451798,1,13.4992617386849,1,6.92417110611591,0,19.5126377472297,1,17.1638557100058
1,6.81978879475633,1,13.7927239503955,1,3.14735050277996,1,20.7476148198392,1,17.361141407822
1,11.9346303908236,1,21.4227414548695,1,32.4177101786336,1,20.9946102343611,1,17.361141407822
1,7.12977919451798,1,14.086186162106,1,5.03576080444794,0,19.5126377472297,1,17.361141407822
1,8.21474559368376,1,14.3796483738165,0,6.60943605583791,0,19.018646918186,0,17.1638557100058
1,7.67698162631684,0,10.7404766597482,1,8.85084115000395,1,20.5858116074189,1,17.2230155296375
1,8.02593533660396,1,13.9335913423761,1,10.7749370521787,1,19.3889620953596,1,16.8224802847622
1,6.97907420574258,1,14.5141576483084,1,5.0026493456544,1,20.8251815098307,1,17.2230155296375
1,5.93221307488119,1,17.1267060250039,1,8.85084115000395,1,21.7826611194781,1,17.6235507745128
1,8.54936590203466,1,16.5461397190716,1,3.07855344347963,1,21.3039213146544,1,17.8238183969504
1,6.49276130089577,1,13.2415132810193,1,9.8494421904289,1,20.1420537345721,1,17.4143644637486
1,6.12174636941601,1,14.187335658235,1,12.3912337234428,1,20.8880557247414,1,17.0093792436615
1,6.86377623237553,0,13.5567874067579,1,10.8026140153091,1,20.8880557247414,1,17.211871853705
1,6.49276130089577,1,13.5567874067579,1,9.8494421904289,1,19.8933864045157,1,17.4143644637486
1,5.19420904071662,1,12.6109650295422,1,7.62537459904173,1,21.6340577149108,1,17.0093792436615
1,8.53648004016252,1,16.8527076020875,1,10.83747508753,1,20.1625448900168,1,17.1890057019046
1,6.99991363293327,1,13.6426680588327,0,11.67112701734,1,22.9119828295645,1,17.6241704032186
1,7.85356163694952,1,18.1902240784436,1,8.75334526300499,1,21.0790242031994,1,17.4065880525616
1,7.34137283453977,1,13.1076614682903,1,5.83556350866999,1,20.1625448900168,1,16.9714233512475
1,8.02429123775277,1,15.2476878304601,1,5.83556350866999,0,21.5372638597907,0,17.4065880525616
1,6.41983222558666,1,16.2485456588782,1,11.52936541006,1,21.1635468320231,1,17.2211990447481
1,6.41983222558666,1,13.5404547157318,0,9.0763089398345,1,22.0938126268373,1,17.6312275934326
1,37.574900379169,1,67.3637622107659,1,6.62325246960896,1,21.1635468320231,1,17.2211990447481
1,37.574900379169,1,67.3637622107659,0,11.2840597630375,1,20.698413934616,1,17.2211990447481
1,5.85337644097607,0,8.1242728294391,1,7.84978070472173,1,22.0938126268373,1,17.4262133190903
1,7.920500203972,0,16.0013745556829,1,9.4208845176192,1,20.7692940639888,1,17.5332883649608
1,6.60041683664333,1,10.3712612860908,1,55.1398829119477,1,22.0673749429881,1,17.5332883649608
1,5.09175013112486,1,9.77861778402846,1,15.7938358089498,1,20.2500617123891,1,17.5332883649608
1,8.48625021854143,1,13.9271222984648,1,55.1398829119477,1,21.2885264155885,1,17.9272948450723
1,7.54333352759238,1,14.8160875515583,1,10.8063087113867,1,21.2885264155885,1,17.1392818848493
1,15.8626226445039,1,51.0451255461166,1,9.80784344569176,1,20.3313180497882,1,17.0777055494595
1,17.8876383012491,1,52.5826293276262,1,9.51063606854958,1,19.6459927222673,1,17.0777055494595
1,15.8626226445039,1,55.0426353780414,1,10.1050508228339,1,20.1028762739479,1,17.2786197323943
1,33.5815096410242,1,61.1926505040796,0,9.80784344569176,1,20.1028762739479,1,17.4795339153291
1,16.537627863419,1,59.65514672257,1,10.6994655771183,1,19.417550946427,1,16.8767913665247
1,5.88026634535178,0,11.0438844813498,0,7.84253356496603,1,20.3298041478045,1,17.5040987802932
1,7.62845363721312,1,16.5658267220247,1,9.65234900303511,1,22.5611241152464,1,17.6985887667409
1,8.58201034186476,1,13.8048556016872,1,9.35071309669026,1,49.3369637245498,1,38.7035073030927
1,6.51597081511954,1,15.0319538773928,1,8.74744128400057,1,19.3381063844969,1,17.1151188073978
1,6.19811858023566,1,13.1913064638345,1,6.93762584593149,1,22.0652752335926,1,17.1151188073978
1,8.25516341897566,1,20.5577359011947,0,12.1572659706737,1,21.5546653633258,1,17.395508762568
1,7.07585435912199,1,20.5577359011947,1,10.1858174348888,1,19.9146364769858,1,17.7696057252039
1,6.40196346777704,1,18.4414983819541,0,10.5143921908529,1,46.6236783402374,1,37.2226477822692
1,7.91821797330318,1,19.9530966099831,0,9.52866792296046,1,21.5546653633258,1,17.9566542065218
1,7.07585435912199,1,18.4414983819541,1,10.1858174348888,1,20.617505999703,1,18.3307511691577
1,10.2263771003692,1,28.6872301718353,1,7.0575193514052,1,23.0779862617588,1,16.7685995549298
1,7.63162470176803,1,22.4845858103574,1,5.04108525100371,1,22.5412889068342,0,16.9591518225995
1,9.46321463019236,1,25.3274644760348,0,7.0575193514052,1,23.3463349392211,1,16.9591518225994
1,9.61584712422772,1,23.0014728404806,1,7.0575193514052,1,22.8096375842965,1,17.1497040902691
1,10.0737446063338,1,26.8781255664043,1,6.04930230120445,1,21.1995455195227,0,16.9591518225995
1,6.22418919646877,1,16.4717521543036,1,10.6706584950933,1,20.8833797089199,1,16.8032212840646
1,8.24284515208027,1,15.3916372589395,1,8.24550883711758,1,19.4595129105845,1,17.1851126768842
1,6.72885318537165,1,14.8515798112574,1,9.94311359770061,1,20.8833797089199,1,16.8032212840646
1,7.06529584464023,0,12.9613787443701,1,6.54790407653455,1,20.4087574428081,1,16.8032212840646
1,6.39241052610307,1,16.4717521543036,1,10.9131734608909,1,19.6968240436404,1,17.1851126768842
0,4.76440376093809,0,13.2049464008072,1,8.41571916905145,1,19.7764201299982,1,17.1838267746111
0,4.90877963248167,0,10.2998581926296,1,11.95917987181,0,21.281147748585,0,16.9907500692783
1,6.0637866048303,1,13.7331442568395,1,44.0717924905589,1,20.2063423067373,1,16.9907500692783
0,5.77503486174314,0,12.9408474727911,1,8.19425287512904,1,19.9913812183678,1,16.7976733639456
1,4.90877963248167,1,12.940847472791,0,13.9523765171116,1,19.5614590416287,1,16.9907500692783
1,10.0280326417962,1,19.3798343232276,1,17.95418675908,1,21.6486435475939,1,17.292496377306
1,6.47965186085293,1,14.0944249623473,1,11.5954122819058,1,19.7026980601697,1,17.292496377306
1,6.47965186085293,1,12.5843080020958,1,13.0915945118292,1,20.9189139898098,1,16.8949677249541
1,5.86254215981932,1,13.0876803221797,1,17.2060956441183,1,19.9459412460977,0,17.292496377306
1,5.70826473456092,1,15.6045419225988,1,7.10686559213584,1,21.6486435475939,1,17.6900250296578
1,8.85390611810919,1,17.2667713189002,1,12.091700290839,1,16.6568910111895,1,17.4071070295448
1,6.39448775196775,1,14.3889760990835,0,10.6856886291136,1,18.7069699048744,0,17.0069436495553
1,7.2142938740149,1,14.9122115935956,1,8.43606997035281,1,21.5258283836911,1,17.20702533955
1,6.23052652755832,1,10.2030921429865,1,8.71727230269791,1,19.4757494900062,0,17.4071070295448
1,4.91883673228288,1,8.37176791219404,1,8.15486763800772,0,22.0383481071123,1,17.4071070295448
1,7.09900438504338,1,9.75786161332326,1,9.67825049580012,1,18.5444658511625,1,16.8789275146291
1,7.59428376074409,1,11.4654873956548,1,80.248827027676,1,18.5444658511625,1,17.4890092320253
1,6.60372500934268,1,9.02602199232402,1,10.8880318077751,1,20.2303263830864,1,17.0822880870945
1,8.08956313644479,1,13.4170597183195,1,12.0978131197502,1,20.4711636019327,1,17.4890092320253
0,6.10844563364198,0,7.07444966965936,1,10.8880318077751,1,19.2669775077013,1,16.8789275146291
1,7.63609600359184,1,15.0083883069624,1,9.10443205504543,1,23.7228431815271,1,16.5034540762911
1,34.5359796526085,1,62.222276522615,1,9.75474863040582,1,22.852280128994,1,16.3069843849067
1,6.24771491202968,0,12.194315499407,1,11.705698356487,1,24.1581247077936,1,16.8963934590599
1,6.94190545781076,1,13.1323397685921,1,9.75474863040582,1,24.8110469971935,1,17.6822722245976
1,7.46254836714657,1,19.0731601400981,1,8.77927376736524,1,43.3105118635219,1,39.0974685854992
1,7.0300107001323,1,16.7824724105906,1,7.41586625557608,1,22.0073894696761,0,17.0742484854463
1,5.78942057657954,1,14.3063699237822,1,8.65184396483876,1,20.8241964874355,1,16.8733749738528
1,7.85707078250081,1,18.7083299003306,1,49.1919128286547,1,22.0073894696761,1,17.2751219970398
1,7.44354074131655,1,14.5814924223165,1,10.8766038415116,1,21.5341122767799,1,17.0742484854463
1,6.82324567954018,1,18.4332074017963,1,4.94391083705072,1,22.0073894696761,1,17.0742484854463
1,10.4899471022487,1,19.8628495047332,1,10.6362075442813,1,19.4964445524055,0,16.9958525546467
1,10.3285633006756,1,24.5061130253201,1,10.3407573347179,1,20.6041970837922,1,17.5957061742225
1,10.1671794991026,1,19.6048904202561,1,13.2952594303516,1,20.3826465775149,1,16.9958525546467
0,7.42365487236061,1,21.1526449271184,0,10.6362075442813,1,20.1610960712375,1,17.3957549676972
1,8.06919007865284,1,13.9297905617609,1,8.27260586777432,1,21.2688486026242,1,17.5957061742225
1,5.25241370688047,1,14.2917310001313,0,10.9866651302763,0,21.2003832732687,0,17.5734015107931
1,5.71586197513463,1,15.4350694801418,1,10.1415370433319,1,20.9177114962917,1,17.1394903623784
1,5.56137921904991,1,17.1500772001575,1,9.85982768101716,1,20.069696165361,1,17.1394903623784
1,6.33379299947351,1,12.0050540401103,1,12.1135025795354,1,20.9177114962917,1,17.1394903623784
1,5.40689646296519,1,9.71837708008925,1,15.7757242896275,1,19.7870243883841,0,17.5734015107931
1,7.33795173272806,1,11.9196275884888,1,10.892693229858,1,27.0650582338845,0,17.2106094818185
1,6.39718869007061,1,18.915930738254,1,9.64781400358853,1,24.7906835923816,0,16.9954768632958
1,6.77349390713359,1,15.5473403328115,0,4.35707729194321,1,25.4729959848325,1,17.2106094818185
1,7.52610434125955,1,14.2517286384105,0,9.64781400358853,1,25.7004334489828,1,17.2106094818185
1,6.02088347300764,1,17.1020743660926,1,9.95903381015591,1,22.9711838791793,1,17.4257421003413
1,9.95159263286424,1,21.520362075446,1,15.3643685565983,1,22.0701894247746,0,16.7552211005002
1,6.98357377744859,1,16.8300267513103,1,12.3463675901236,1,23.2696562413385,0,17.3397055574944
1,5.41226967752265,1,14.6228101281876,1,12.3463675901236,1,21.1106159715236,1,16.9500492528316
1,8.72946722181073,1,19.864949608104,1,13.9925499354734,1,22.0701894247746,1,16.9500492528316
1,34.7432795428067,1,54.9045135001763,1,16.7361871777231,1,21.5904026981491,0,16.3655647958374
1,12.087167141234,1,18.3032445562522,1,9.72837524861728,1,19.3839833601991,0,16.8027373072419
1,15.7804682121666,1,26.0758552582223,1,11.5299262205834,1,21.4608387202204,1,17.2449146048009
1,14.9410816051365,1,23.0671027284274,1,8.64744466543758,1,18.4609365335229,1,16.8027373072419
1,13.0944310696702,0,18.804703311218,1,10.809305831797,1,19.3839833601991,1,17.2449146048009
1,12.087167141234,1,17.0495976688377,1,6.48558349907819,0,18.922459946861,1,17.0238259560214
1,9.68765998335147,1,15.9773255138973,0,5.12428215991455,1,21.2097753762562,1,16.9123676967526
1,8.39597198557127,1,16.5479442822508,1,8.54047026652426,1,47.4241044929774,1,40.5489297789609
1,15.5002559733624,1,53.35285484105,0,14.396792734998,1,18.8266545474634,1,16.7086042305266
1,32.1307389447824,1,56.7765674511708,1,9.76053744745629,1,47.4241044929774,1,40.5489297789609
1,32.1307389447824,1,56.7765674511708,1,11.956658373134,1,18.5883424645841,1,16.7086042305266
1,6.73876945681553,1,13.455722467427,1,9.40106539668392,1,23.3451622930531,1,17.3519036747172
1,7.05220059434183,1,15.2328933593513,1,12.2937009033559,1,24.317877388597,1,17.3519036747172
1,6.89548502557868,1,17.0100642512757,1,10.1242242733519,1,23.1019835191671,1,17.3519036747172
1,5.64176047547347,1,9.90138068357836,1,8.67790652001593,1,23.1019835191671,1,17.3519036747172
1,7.67906286939444,1,15.7406564713297,1,10.1242242733519,1,23.1019835191671,1,17.1524565060423
1,8.02051821928742,1,13.7206345851112,1,9.83508415706197,1,19.7741442255302,1,18.6943471122237
1,8.18761234885591,1,15.0926980436223,0,10.366710327714,1,20.3159016015721,1,17.3312176352908
1,7.51923583058196,1,16.1903488104312,1,9.56927107173597,1,53.9048589161713,1,38.7518237013805
1,6.51667105317103,0,16.7391741938357,0,9.03764490108397,0,20.857658977614,1,17.5259504177098
1,8.3547064784244,1,15.6415234270268,0,8.50601873043197,1,20.0450229135511,1,17.5259504177098
1,7.02345095270167,1,14.762340487762,1,9.89601008768063,1,20.8995462737956,1,16.7978946908412
0,5.8800984720293,1,15.8806996156228,1,6.11224152474392,1,19.1784071688948,1,16.6048154415212
1,5.0634181286919,1,15.8806996156228,1,5.53012328429211,1,19.4242841838806,1,16.6048154415212
0,7.35012309003663,1,28.4063218476632,0,10.4781283281324,1,20.407792243824,1,16.6048154415212
1,7.51345915870411,1,11.1835912786076,1,8.44071448655112,1,20.4077922438239,0,16.6048154415212
1,5.86540842188681,1,11.1529223395357,1,23.9043473663456,1,19.4512396469655,1,16.9417311974532
1,6.03792043429525,1,10.8594243832321,1,62.5916463934577,1,21.3723497355547,1,16.9417311974532
1,8.45308860801335,1,14.381399858875,1,20.7590385023528,1,22.8131823019966,1,16.9417311974532
1,34.3298904692787,0,58.4060933044106,1,15.7265443199642,1,20.1716559301865,0,16.9417311974532
1,5.86540842188681,1,12.0334162084464,1,16.0410752063635,1,19.2111008858919,0,17.1410456821292
0,7.87809226447069,1,13.9160262336024,1,16.6874842545947,1,21.390630397347,1,17.2796124194775
1,7.87809226447069,1,17.4690542081392,1,48.1276719806426,1,22.7706710681435,0,17.1014720852561
1,7.69488081645974,0,16.2847115499603,1,22.4918266040189,1,20.4706032834826,1,16.9233317510347
1,7.87809226447069,1,19.5416538599524,1,9.1902087199217,1,18.8605558342199,1,16.9233317510347
1,7.87809226447069,1,17.4690542081392,1,12.8179226883118,1,20.7006100619487,1,16.9233317510347
1,9.6944545536949,1,19.0765010301381,0,13.3904453386003,1,21.6146674156114,1,17.4099712410323
1,8.76229546199346,1,15.3842750243049,1,12.7528050843812,1,23.5359711858879,1,17.2051480499614
1,10.6266136453963,1,21.8456705345129,1,15.3033661012575,1,24.7367860423108,1,17.0003248588904
1,11.9316363737783,1,24.3071545384017,1,20.40448813501,1,22.5753193007496,1,17.0003248588904
1,8.38943182531289,1,18.768815529652,1,12.1151648301622,1,19.4532006740502,1,17.6147944321033
1,7.21782938287764,1,13.4448149157543,1,6.46680028843375,1,18.9292008953873,1,17.0179348408266
1,32.644273799833,1,45.347765563307,1,10.1621147389673,1,19.9664173828058,1,16.8223263943803
1,8.03803726729556,1,14.8120842292209,1,10.4700576098451,1,19.4478091390965,1,17.0179348408266
1,9.02228672859705,1,15.9514753237763,1,8.00651464282273,1,21.5222421139335,0,16.626717947934
1,6.23357992157614,1,13.2169366968432,1,10.1621147389673,1,18.6698967735327,1,17.4091517337192
0,9.59063174622416,1,15.8881227213024,1,14.8615603345701,0,20.1415461571752,0,16.7808102862437
0,5.52680473511223,1,15.8881227213024,1,14.2899618601635,1,19.1937086909552,1,17.5704954761845
0,8.61531326355729,1,16.8227181754967,1,12.2893671997406,1,47.1549139444454,1,39.2868381995587
1,6.50212321777909,1,15.6544738577539,1,7.14498093008176,1,20.8524242568402,1,17.1756528812141
0,7.31488862000148,1,14.0189318129139,1,12.5751664369439,1,47.1549139444454,1,39.2868381995587
1,5.9390461164194,1,12.9948766377056,1,11.0268742804196,1,20.129702488282,0,16.8959715096078
1,5.78676288266506,1,13.2547741704597,1,7.7188119962937,1,21.0998086322956,1,16.6995067246124
1,6.39589581768243,1,15.5938519652467,1,8.54582756732517,1,21.342335168299,1,17.0924362946033
1,30.3043635171144,1,51.7196090180683,1,10.1998587093881,1,18.917069808265,1,16.8959715096078
0,4.41621377887596,0,12.7349791049515,1,10.1998587093881,1,21.8273882403058,1,17.0924362946033
1,8.85603223131566,1,18.6037663598127,1,7.13869179985315,1,18.9778558664163,1,17.5768855155581
1,35.9663349802411,1,49.3619934080364,1,5.2764243738045,0,19.7172528482247,1,17.17741084475
1,10.1211796929322,1,18.107665923551,1,7.13869179985315,1,20.9495811512388,1,17.3771481801541
1,8.67529687965615,1,15.8752139603735,1,7.44906970419459,1,20.4566498300331,1,17.3771481801541
1,8.31382617633715,1,23.0686702861678,1,5.2764243738045,1,20.9495811512388,1,17.5768855155581
1,11.5583069419259,1,25.7925769141609,1,5.36873962440578,1,23.4488581748309,1,16.7819096467582
1,12.6951895919514,1,23.4238708710237,1,7.15831949920771,1,22.2524878597885,1,16.7819096467582
1,14.5899940086605,1,26.8453351555552,1,7.15831949920771,1,22.7310359858055,1,17.9261307590371
1,14.2110331253187,1,25.7925769141609,1,11.6322691862125,1,23.4488581748309,1,17.1633166841845
1,13.453111358635,1,22.6343021899779,1,7.75484612414168,1,23.2095841118225,1,17.3540202028977
1,7.1927601378145,1,7.07360312522756,0,9.54032506242496,1,18.5570616308624,1,18.2329970178134
0,6.22076552459632,0,8.38352962989932,1,11.223911838147,0,18.0622066540394,1,18.2329970178134
0,7.1927601378145,0,12.575294444849,1,12.3463030219617,1,18.5570616308624,1,18.2329970178134
0,6.22076552459632,1,10.7413973383085,1,9.54032506242496,1,19.0519166076854,1,18.2329970178134
0,7.58155798310177,0,12.3133091439146,1,9.25972726647129,1,17.5673516772164,1,18.2329970178134
1,6.71199398057592,1,10.416919081049,1,10.3186789700118,1,22.0963184487506,1,17.1836314090322
1,7.07480446601245,1,15.336019758211,1,6.19120738200705,1,22.7940969260795,1,16.9688360164193
1,8.16323592232206,1,14.1785843047611,1,11.0925798927626,1,22.3289112745269,1,17.3984268016451
1,8.5260464077586,1,11.2849956711364,1,6.96510830475794,1,22.5615041003032,1,17.1836314090322
1,7.07480446601245,1,14.7573020314861,1,12.8983487125147,1,20.4681686683163,1,17.1836314090322
1,5.60388194270743,0,8.47177948123591,1,8.71984711000143,0,21.5974393959526,1,17.5899082323168
1,6.22653549189715,1,16.9435589624718,0,7.41187004350121,1,46.7162004325497,1,38.8932415359005
1,6.22653549189714,1,16.9435589624718,0,10.0278241765016,1,20.4236655157378,1,17.3944648075133
1,6.22653549189715,1,15.2492030662246,1,7.84786239900128,1,20.6584202917808,1,17.0035779579062
1,6.22653549189715,1,18.9767860379684,1,9.59183182100157,1,21.1279298438667,1,17.1990213827097
1,6.70079108856897,1,14.4964553815737,1,10.1258922775401,1,23.6427541864326,1,16.9428920339148
1,9.27801843032626,1,16.107172646193,1,5.3607664998742,1,19.6319298155199,1,17.1311463898472
1,6.01353046410035,1,13.6910967492641,1,59.2662518597203,1,22.3761780693023,1,16.9428920339148
1,6.87260624468612,1,16.3756255236296,1,6.8498683053948,1,21.5317939912154,1,16.9428920339148
1,7.21623655692043,1,12.8857381169544,1,7.44550902760305,1,17.5209696203027,1,17.3194007457796
1,8.19875949725202,1,14.792143341778,1,8.66817368263264,1,20.7038412458099,1,17.3781336927425
0,7.28778621977957,0,9.52714316928072,1,8.66817368263264,1,23.7549336399292,0,16.569848404708
1,6.7412022532961,1,11.5328575207082,1,7.62799284071673,1,22.011452271861,1,16.7719197267166
1,5.28364500934019,1,10.5300003449945,1,7.28126589341142,1,22.2293874428695,1,16.9739910487252
0,7.65217553076855,1,18.803572044633,1,7.28126589341142,1,20.0500357327843,1,17.3781336927425
1,6.84311065472112,0,12.0684225349603,1,14.4282760791079,1,20.1888123819703,1,17.5507815992444
1,5.13233299104084,1,7.75827162961736,1,12.1501272245119,0,20.4476433099443,1,17.1607642303723
1,7.86957725292928,1,16.0912300466138,1,15.5673505064059,0,20.1888123819703,1,18.1358076525525
1,7.01418842108914,1,12.6431093223394,1,14.4282760791079,1,21.7417979498142,1,17.7457902836804
1,7.69849948656126,1,14.3671696844766,0,14.4282760791079,1,21.7417979498142,1,17.5507815992444
1,6.70730984519285,1,17.6787055042033,1,17.0197376331875,1,21.3142390805107,1,17.2428729216803
0,8.42313329396312,1,20.2042348619466,1,14.318191977126,1,23.230125739433,1,16.8273820079048
1,9.20305304340415,1,14.395517339137,1,9.18525523060914,1,21.7932107452413,1,17.0351274647925
1,8.11116539418671,1,17.1735996326546,1,11.8868008866707,1,22.7511540747024,1,16.8273820079048
1,6.70730984519285,1,16.4159408253316,1,17.5600467643998,1,19.1588665892231,1,16.2041456372417
1,7.294535142584,1,17.5498078405257,1,12.6508325710618,1,22.3785990070459,1,16.449367792162
1,4.5008833858497,1,14.3850883938735,1,11.5965965234733,1,21.6242642090556,1,17.0511739308997
1,6.67372364108749,1,16.6867025368933,1,12.299420555199,1,22.3785990070459,0,17.0511739308997
1,4.34568051047557,1,14.0973866259961,0,15.1107166821016,1,22.8814888723727,1,16.6499698384079
1,6.51852076571336,1,16.6867025368933,1,12.6508325710618,1,19.6127047477481,1,17.4523780233914
1,7.2162981585292,0,14.8831916170611,1,11.7916101396105,1,20.756401822458,1,17.2291297738687
1,5.6897735480711,1,11.1623937127958,0,9.72807836517864,0,21.9631693702753,1,17.8372167070641
1,7.4938480877034,1,10.4182341319427,1,8.84370760470786,1,21.4804623511484,1,17.8372167070641
1,8.0489479460518,1,15.1312448106788,1,7.36975633725655,1,21.9631693702753,0,17.0264341294702
1,5.8285485126582,1,17.6117767468556,0,8.5489173512176,1,21.9631693702753,0,17.4318254182672
1,8.26395619828517,1,17.1906962507134,1,10.5677764300449,1,20.1139065693809,0,17.1348680920025
1,8.26395619828517,1,15.6038627506476,1,7.65252775968765,1,22.7478705248951,1,17.5428411418121
1,8.26395619828517,1,16.6617517506915,0,7.65252775968765,1,20.1139065693809,1,17.1348680920025
1,6.61116495862813,1,16.9262240007025,0,10.2033703462502,1,19.8744553006978,1,16.7268950421929
1,7.06192620580733,1,13.7525570005708,1,12.7542129328127,1,21.0717116441133,1,17.5428411418121
1,5.97350966391945,1,14.703343518088,1,13.3655710841438,1,19.6993650417021,1,17.646116852381
0,4.2443358138375,1,7.86457909107035,0,15.006957006758,1,21.2545780713102,0,16.78533066446
1,8.17427638220556,1,16.7549728461933,1,13.3655710841438,1,20.7361737281075,1,17.0005272114402
1,4.40153343657223,1,14.703343518088,1,19.6966310713699,1,19.1809606984995,1,17.646116852381
1,6.28790490938889,1,11.967837747281,0,10.7862503486073,1,19.1809606984995,1,17.646116852381
1,5.23824357619544,1,13.216801589562,1,10.8297130428375,1,20.1584967928161,1,16.8308034983656
1,7.94185316390922,1,15.331489843892,0,6.37041943696324,1,23.846026693941,1,17.6619542884084
1,6.75902396928444,1,14.274145716727,1,9.55562915544486,1,22.8626853869744,1,17.0385911958763
1,6.92799956851655,1,15.0671538121007,1,14.3334437331673,1,22.6168500602327,1,17.6619542884084
1,6.59004837005233,1,13.216801589562,1,12.4223179020783,1,23.3543560404577,1,17.4541665908977
1,6.52122156309833,1,12.6775016797537,0,7.22067780794908,1,21.0695105256145,0,16.9650564818345
1,8.11176340775646,1,20.284002687606,1,7.56451960832761,1,18.0595804505267,1,17.1825572059606
1,6.83932993202995,1,16.98785225087,1,6.87683600757056,1,18.3332104573529,1,17.1825572059606
1,7.31649248542739,1,15.7201020828946,1,6.53299420719203,1,19.4277304846575,1,17.1825572059606
1,6.83932993202995,1,16.7343022172749,1,5.50146880605645,0,18.3332104573529,0,17.1825572059606
1,7.66342252861917,1,18.5724992775569,1,9.47173868571889,1,18.2284581836781,1,17.3574713060698
1,6.47133457972285,1,13.6849994676735,1,8.79518592245326,1,18.8953529952761,1,17.1624435385859
1,8.34461564227421,1,15.3956244011327,1,10.4865678306173,1,21.7852305122007,1,17.7475268410377
1,5.61984318765406,0,5.13187480037757,1,67.3169999449307,1,22.229827053266,0,17.1624435385859
0,4.76835179558526,1,14.1737494486619,1,10.4865678306173,1,18.2284581836782,1,16.967415771102
1,7.40183864913419,1,12.9591382087369,1,24.3081184732468,1,21.4510603165968,1,16.7907108836344
1,8.85002447179087,1,14.454423386668,1,21.6072164206638,1,19.5972649805946,1,17.181192532091
1,7.24092911328344,1,13.9559949940243,1,28.8996519626378,1,19.8620928857378,1,17.181192532091
0,4.98819561137304,1,12.709924012415,1,21.6072164206638,1,30.1903811863214,1,17.9621558290042
1,8.2063863283879,1,13.7067807977024,1,19.986675189114,1,20.9214045063104,1,17.181192532091
1,9.68517315438262,1,27.2005699630666,0,9.7596478515525,1,21.8047617514486,1,17.9096651467989
1,6.28686678442381,1,15.0527426009204,1,10.0961874326405,0,21.1088650998066,1,17.1224271183681
1,6.79661273991763,1,12.6759937691961,1,5.72117287849629,1,46.1611445589178,1,39.1650919144283
1,13.9330561168311,1,26.9364867595417,1,4.03847497305621,1,21.8047617514486,0,17.3192366254758
1,7.64618933240734,1,13.7323265832958,1,8.75002910828845,1,21.3408306503539,1,17.5160461325835
1,6.07622257714419,1,14.7039124170801,1,6.36567052698167,0,18.1956756477859,0,16.521627590128
1,7.88266712710598,1,16.5810076192606,1,8.65731191669507,1,15.70311733987,1,16.7093733581976
1,6.56888927258831,1,15.0167616174435,1,8.65731191669508,1,15.4538615090784,1,16.3338818220583
1,32.6802241311269,1,62.256990872318,1,50.6707373947741,1,20.1897222941186,1,16.7093733581976
1,6.40466704077361,1,14.3910632167167,1,6.62029734806094,1,49.6019103275259,1,37.3614078458576
1,32.7144650959748,1,53.5316768332,1,7.02040051410288,1,19.9474901822147,1,18.7180554913353
1,5.26061750287032,1,11.8361496515618,1,8.37047753604574,1,22.6988681383822,1,18.3197989915196
0,8.38410914519957,0,18.2922312796864,1,5.40030808777145,0,21.3231791602985,1,18.1206707416118
1,6.9045604725173,1,18.2922312796864,1,11.0706315799315,1,22.6988681383822,0,17.921542491704
1,6.9045604725173,1,16.1402040703115,1,10.8006161755429,1,22.9281496347295,1,18.1206707416118
1,6.26291687617828,1,16.2283998129817,1,13.691029158312,1,48.4964219255242,1,41.0826239191485
0,7.95559711298323,1,21.5395124790485,1,17.0212794941176,0,19.008647789904,1,18.1671904768094
1,5.41657675777581,1,12.3925962208224,0,5.55041722634271,1,23.3952588183433,1,17.5478544378273
0,7.95559711298322,1,18.5888943312336,1,11.1008344526854,1,20.7145520787415,1,17.960745130482
1,13.033637823398,1,43.9642104024415,1,11.8408900828644,1,24.1263606564166,1,17.3414090914999
1,10.1182356154469,1,22.9034653934764,1,21.0584588794199,0,20.1109927714238,1,17.518452759142
1,7.85035521888124,1,22.9034653934764,1,23.2585963742846,1,21.3372728184619,1,17.3170912331749
1,8.89706924806541,1,23.4124312911092,1,19.1726267409643,1,19.1299687337934,1,16.5116451293063
1,6.45473651330235,1,21.8855335982108,1,24.2015124435124,1,19.6204807526086,1,16.9143681812406
1,9.94378327724957,1,22.9034653934764,1,24.2015124435124,1,20.601504790239,1,17.3170912331749
1,8.83604347101765,1,19.7996637115775,1,6.07251811947985,1,24.310426526802,1,17.2106596786686
1,8.30588086275659,1,14.8497477836831,0,10.6269067090897,1,21.6362796088538,1,16.8324034219946
1,4.94818434376988,1,14.8497477836831,1,6.07251811947985,1,22.3655924046578,0,16.6432752936576
1,8.30588086275659,1,13.8597645981042,0,6.83158288441483,1,18.9621326909055,0,17.0215315503316
1,5.30162608261059,1,10.3948234485782,1,9.48830956168726,1,21.6362796088538,1,16.8324034219946
1,7.55720921933958,1,12.9170404333451,1,9.88878301092732,1,44.9141808531657,1,36.6238813404735
1,7.87209293681206,1,17.1291188355228,1,10.4704761292172,1,20.5386455157693,1,16.7476040300658
1,7.55720921933958,1,13.4786508869688,0,10.1796295700722,1,21.2157437195858,1,17.2997228442438
1,7.87209293681206,1,12.3554299797214,1,10.4704761292172,1,22.3442407259468,1,17.6678020536958
0,10.0762789591194,1,21.6220024645124,1,9.30708989263747,1,20.3129461144971,1,17.2997228442438
1,11.8485411243737,1,24.7560621086637,1,9.85128342608172,1,52.7369255237917,1,38.5960389928355
1,11.6768231370639,1,25.0166522361233,0,10.3837852328969,1,20.6707547279183,1,17.4554950218854
1,10.9899511878248,1,26.580193000881,1,9.05253071585888,1,20.4057450519194,0,17.0675951325102
1,34.1718794746429,1,51.8574353644639,1,7.18877439200558,1,20.4057450519194,0,17.4554950218854
1,11.1616691751346,1,27.6225535107195,1,10.6500361363046,1,18.8156869959257,1,17.0675951325102
1,6.82220900800079,1,11.7160459325994,1,8.93847864489279,1,20.5090197884159,1,17.109203457958
1,6.02892889079139,1,14.1682415929109,1,13.8700530696612,1,22.1783586084032,1,17.109203457958
1,5.55296082046576,1,9.80878264124602,1,61.3364569080574,1,20.9859737369837,1,16.8953384147335
1,31.5725486649339,1,54.2207707113322,1,11.404265857277,1,21.9398816341193,0,16.8953384147335
1,31.5725486649339,1,54.2207707113322,1,11.096042455729,1,20.7474967626998,1,16.681473371509
1,5.40898331722189,1,12.2276801352571,1,10.4430204061132,1,20.7593208977209,1,17.0746673114796
1,5.07092185989552,1,14.8650229095282,0,7.28582819031153,1,17.418740523375,1,17.6567582425527
1,5.23995258855871,1,14.3855060414789,0,8.01441100934268,1,18.8504178266661,1,17.2686976218373
1,7.94444424716965,1,15.3445397775775,1,18.4574314154559,1,19.3276435944298,0,17.2686976218373
1,5.91607550321144,1,16.7830903817254,1,7.28582819031153,1,21.9523853171301,0,16.6866066907641
1,7.09141218252976,1,10.255689891653,1,13.7113284791266,1,19.879990437262,1,17.2038066692246
1,7.61029600076365,1,14.6509855595043,1,16.7582903633769,1,47.096644012085,1,40.2771473785375
1,7.78325727350827,1,15.8719010227964,1,11.8831513485764,0,18.6966576731393,1,16.799011218184
1,7.26437345527439,1,12.4533377255787,1,10.9690627833013,1,20.1166569900865,1,17.2038066692246
1,7.78325727350827,1,14.4068024668459,1,7.00801233377581,1,21.5366563070338,1,17.8109998457854
1,6.60468586836843,1,16.4100194032835,1,6.93129546242188,1,19.8968889827559,1,17.5742983339203
1,6.27445157495,1,14.9830611943023,1,11.2220974153497,1,22.0595943069685,1,17.9563482977012
1,6.1093344282408,1,12.8426238808305,1,9.24172728322918,1,21.1945121772834,1,18.1473732795917
1,6.93492016178685,1,17.5991512441011,1,13.8625909248438,0,22.9246764366535,1,18.5294232433725
1,8.25585733546053,1,14.0317557216482,1,65.6822760486645,1,19.2480773854921,1,17.7653233158108
1,8.46096937629563,1,13.6161076519968,1,6.90828926086592,1,21.2911494192159,1,18.1716227810341
1,7.81012557811904,1,20.9688057840751,1,9.31117248203667,1,21.2911494192159,1,17.5148171383462
1,8.78639127538392,1,19.8795171719154,1,8.1097308714513,1,20.1586414713853,1,18.1716227810341
1,9.27452412401636,1,18.2455842536758,1,9.91189328732936,0,21.2911494192159,1,17.7337523525755
1,8.29825842675148,1,14.4330741111166,1,11.4136953005611,1,20.3851430609514,1,17.7337523525755
1,10.4901405893405,1,22.3322518360364,1,8.27183147220798,1,20.1242887510723,1,17.17306312968
1,12.5881687072086,1,32.1776531831062,1,8.86267657736569,1,20.5435447667197,0,16.7997356703391
1,12.2653951506135,1,30.4967310018991,1,7.38556381447141,1,19.2857767197777,1,17.17306312968
1,11.1356877025307,1,25.453964458278,1,7.97640891962912,1,18.8665207041303,1,16.9863994000096
1,12.5881687072086,1,31.2171262224164,1,10.6352118928388,1,21.3820567980144,1,17.3597268593504
1,6.49248524507512,1,18.439892346997,1,10.1119298971331,1,49.5776811804702,1,41.8102518325835
1,7.4199831372287,1,16.2381141563108,1,14.1034811723172,1,21.1763964841204,1,17.0182432082375
1,7.04898398036727,0,13.2106691441173,1,10.3780333154787,1,19.1833238738503,1,17.4384467442434
1,7.4199831372287,1,17.0637809778182,1,8.78141280540505,1,19.1833238738503,1,17.4384467442434
1,6.67798482350583,1,17.0637809778182,1,14.3695845906628,1,20.1798601789853,1,17.4384467442434
1,6.0867050749662,1,15.522148630684,1,9.85234263572649,1,20.9052343840059,1,17.2430384021436
1,7.07373833036612,1,16.3536923073278,1,9.48744105662551,1,19.5565095850378,1,17.824264415699
1,32.7366029707642,1,55.1590638840377,1,8.02783474022159,1,20.4556594510165,1,17.2430384021436
1,6.58022170266616,1,15.522148630684,1,8.75763789842355,1,19.7812970515325,0,16.6618123885882
1,7.73176050063274,1,15.522148630684,1,9.48744105662551,1,19.7812970515325,1,17.4367804066621
1,8.18513067096952,1,15.8923368041068,1,7.99928651747698,1,21.775187795106,1,17.4295021302472
1,8.53343410377674,1,14.6883718947047,0,7.35934359607882,1,20.0231611909021,1,17.222008057268
1,8.70758582018034,1,17.3370946953892,1,10.2390867423705,1,20.7740297355609,0,17.4295021302472
0,8.18513067096952,1,15.6515438222263,1,11.1990011244678,1,21.0243192504472,1,17.0145139842889
1,8.88173753658395,1,12.5212350577811,1,11.1990011244678,1,23.0266353695374,1,17.4295021302472
1,6.09652614642045,1,6.06430878596432,1,13.0869944199078,1,18.9393597938107,1,17.6677606311513
1,5.43744223869932,1,10.4747151757565,1,10.3025275220551,1,23.0671689796413,1,17.4623215540449
1,4.44881637711763,1,15.4364223642728,1,12.251654350552,1,48.3196487047223,1,40.8823763441757
0,4.77835833097819,1,14.3338207668248,1,13.0869944199078,1,21.1246705392504,1,17.8731997082577
1,5.10790028483876,1,12.4042679712907,1,10.0240808322698,1,27.1949781654718,1,18.4895169395769
1,5.54771096704535,1,10.4075059019273,1,12.2853438886485,1,22.4114400751391,1,17.2801588043456
1,5.22137502780739,1,11.0022205248946,1,23.971402709558,1,21.2562112052866,1,17.6641623333311
0,5.54771096704535,0,13.6784363282473,1,13.1842714902569,1,20.3320281094045,0,17.4721605688383
1,5.05820705818841,1,11.8942924593455,1,59.6288642400256,1,21.4872569792571,1,17.4721605688383
0,5.38454299742637,0,9.21807665599276,1,9.58856108382321,1,20.7941196573455,0,17.2801588043456
1,6.8600706539163,1,16.7558261447635,1,12.9845528518605,1,22.0303878210605,1,16.8539596501723
1,7.36202704322724,1,17.0719738078722,1,14.494384578821,1,22.5254527159158,1,16.8539596501723
1,7.36202704322724,1,17.3881214709809,1,11.4747211249,1,23.2680500581987,0,16.8539596501723
1,7.19470824679026,1,17.0719738078722,1,11.1727547795079,1,21.7828553736328,1,16.6406183887777
1,7.02738945035328,1,16.4396784816547,0,11.7766874702921,1,23.2680500581987,1,16.6406183887777
1,3.37514126101752,1,16.3904945170471,1,9.91828873730198,1,44.9699293233676,1,40.7228393940647
1,5.86208745334622,1,18.3974938456651,1,8.90102835398896,1,20.3381589904678,1,17.1895402467409
1,6.39500449455952,1,20.7389930623861,1,10.4269189289585,1,20.1121794461292,1,17.5988150145204
1,4.08569731596858,1,17.3939941813561,1,9.66397364147373,0,20.3381589904678,1,17.5988150145204
1,4.4409753434441,1,21.0734929504891,1,10.4269189289585,0,20.3381589904678,1,17.5988150145204
1,8.25279025928217,1,14.408533861164,1,8.07790978661721,0,20.3686678507566,1,17.1089231853294
0,6.69566002168176,0,12.9382753039023,1,6.2828187229245,0,20.6055128257654,1,17.3033427669809
0,4.35996466528115,1,12.0561201695454,0,8.67627347451478,1,20.1318228757478,1,17.1089231853294
1,6.69566002168176,0,15.8787924184256,1,6.88118241082207,1,19.894977900739,1,16.914503603678
1,7.00708606920184,1,14.9966372840686,1,5.38527319107814,0,20.6055128257654,1,17.3033427669809
1,8.1994843109217,1,21.8225166394485,1,9.22224476414278,1,20.3536653748533,1,17.3475404173729
1,10.021591935571,1,14.0697804649076,1,10.8990165394415,1,22.2252667886329,1,16.9345037407687
1,7.47064126106199,1,14.3569188417425,1,6.98654906374453,1,19.6518148446859,1,17.1410220790708
1,6.92400897366721,1,18.0897177405955,1,8.66332083904321,1,20.5876155515757,1,16.7279854024667
1,7.47064126106199,1,15.5054723490819,1,10.6195545768917,1,21.0555159050206,1,17.1410220790708
1,5.72549583323744,1,20.4888037865634,1,13.393059097274,1,19.8425926581203,1,17.584670753539
1,7.01373239571586,1,23.0499042598838,1,14.6996990092031,1,49.3584492370742,1,40.6901102320263
1,6.01177062489931,1,14.7974694014069,1,5.87987960368125,1,19.3465278416673,1,17.1757249220614
1,4.43725927075901,1,12.5209356473443,1,15.3530189651677,1,49.3584492370742,1,40.6901102320263
1,5.5823584374065,1,15.0820361206647,1,11.4330992293802,1,19.5945602498938,1,17.1757249220614
1,7.68756634487005,1,19.3111719020283,1,11.9552396744332,1,19.0458906224693,1,17.2566655391604
1,5.3478722399096,1,13.8309744703716,1,9.22261346313419,1,20.2215628831155,1,17.0487539061585
1,7.18620332237853,1,17.2234776423496,1,11.2720831216085,1,20.2215628831155,1,17.6724888051643
1,33.2570804919378,1,51.9313947095085,1,6.48998725183517,1,19.2810250745985,1,16.8408422731565
1,8.6902923898531,1,22.9646368564661,1,67.9740770060631,1,19.751293978857,1,17.4645771721623
1,8.99735340529487,1,9.33221018406046,1,8.51548783040565,1,20.8779557497879,1,17.1286819508865
0,7.10317374102227,1,17.9815757205067,1,8.21136326503402,1,22.9657513247667,1,17.1286819508865
1,7.10317374102227,1,14.7949673649739,1,9.42786152652054,1,24.1256377553104,1,17.3325948312542
1,7.57671865709042,1,12.2912036570552,1,8.81961239577728,1,22.0378421803317,1,17.3325948312542
1,8.05026357315857,1,17.5263459554306,1,11.8608580494936,1,23.4297058969842,1,17.1286819508865
1,9.50944401248308,1,32.8501360676051,1,6.97799693684057,1,19.236208358915,1,17.1243831510454
1,8.38120489235797,1,18.8203904553988,1,7.75332992982285,1,19.236208358915,0,17.3307010203351
1,7.25296577223286,1,8.21253401690127,1,10.854661901752,1,23.1292505267906,1,17.1243831510454
1,7.25296577223286,1,11.976612107981,1,12.7929943842077,1,20.8392257221579,1,17.3307010203351
1,7.25296577223286,1,13.3453677774646,1,8.91632941929628,1,18.3201984370619,1,17.1243831510454
1,6.03752916248566,1,17.0060442959067,1,7.19131796546157,1,20.1760463736363,1,17.1600744264752
1,4.73211745167795,1,8.93537920632388,1,14.1258031464424,1,20.1760463736363,1,17.1600744264752
1,4.73211745167795,1,14.7001399845974,1,9.24598024130773,1,19.9173791124358,0,16.7787394392202
1,3.42670574087024,1,7.78242705066919,1,11.5574753016347,1,21.7280499408391,1,17.7320769073577
1,6.36388209018759,1,15.8530921402521,1,10.5301441637116,1,19.4000445900349,0,16.7787394392202
1,5.9814347691562,1,12.8561394991044,1,11.713797888477,1,21.4251903907168,1,16.7305473142456
1,6.92587183797034,1,13.9274844573631,1,3.81379466136462,1,22.8535364167645,0,16.9478271494956
1,6.76846565983465,1,14.1953206969278,1,14.1655230279257,1,22.8535364167645,1,16.9478271494956
1,6.45365330356327,1,13.1239757386691,1,11.713797888477,1,24.0438247718044,1,16.7305473142456
1,7.24068419424172,1,17.4093555717039,1,10.6241422709443,1,21.1871327197088,1,17.3823868199955
1,5.58605340624393,0,7.10482960512996,1,7.76018619114428,1,20.8818479888513,1,17.2316246931671
1,5.43507898985896,1,9.70993379367762,1,13.8574753413291,0,19.6953793531211,0,17.2316246931671
1,5.28410457347399,0,8.28896787265162,1,8.8687842184506,1,20.8818479888512,1,17.2316246931671
0,7.09579757009364,0,13.7360039032513,0,7.76018619114428,1,47.2214517020614,1,38.9669694765937
1,4.98215574070405,1,12.0782103287209,1,9.97738224575693,1,19.9326730802671,1,17.2316246931671
1,9.3272461778595,1,16.0441187707547,1,11.8005705342677,1,20.6257806080197,1,17.3663575534947
1,8.83633848428794,1,15.5093148117295,0,9.58796355909254,1,20.6257806080197,0,17.1596152016674
1,6.54543591428737,1,12.5678930370912,1,7.00658875472147,1,20.6257806080197,1,16.9528728498401
1,6.70907181214455,1,16.0441187707547,0,5.53151743793801,0,23.7077938023215,1,17.573099905322
1,7.36361540357329,1,20.8573544019811,1,9.58796355909254,1,21.3370144220894,1,16.9528728498401
1,6.49442796516769,1,11.8911242023992,1,8.50484001918545,1,18.2352311517225,1,17.1504055661901
1,8.53553389707754,1,18.6401406415988,1,7.89735144638649,1,50.4001527665663,1,37.5047330513387
1,36.9254618590963,1,63.9549653047957,1,6.0748857279896,1,18.2352311517225,1,17.3388715614229
1,7.42220338876308,1,17.0332319655989,1,8.80858430558493,0,19.2482995490404,1,17.1504055661901
1,6.30887288044862,1,17.0332319655989,1,7.593607159987,1,20.7679021450173,1,16.9619395709572
1,15.9106886512048,1,13.4607035210826,1,6.33989127620116,1,21.2468325765031,1,17.1967123692905
1,16.1999738994085,1,16.4519709702121,1,9.26599494214015,1,21.0255114038312,1,17.1967123692905
1,15.6214034030011,1,11.067689561779,1,7.80294310917065,1,22.7960807852064,1,17.5831553438813
1,13.1624787932694,1,17.050224460038,1,7.80294310917065,1,22.3534384398626,1,17.3899338565859
1,14.8981902824918,1,11.366816306692,1,5.85220733187799,1,21.9107960945188,1,17.3899338565859
1,6.5450157497978,1,14.8478667488072,1,9.55270344263749,1,20.7632177903312,1,17.1750092782082
1,5.61001349982668,1,12.6825528479395,0,10.3833733072147,1,21.2575801186724,0,16.9629721266254
1,7.16835058311187,0,12.0638917334059,1,9.96803837492607,1,21.504761282843,1,16.9629721266254
1,6.5450157497978,1,14.8478667488072,0,10.7987082395032,1,19.7744931336488,0,16.9629721266254
1,6.38918204146928,0,12.3732222906727,1,10.3833733072147,1,22.7406671036961,1,16.9629721266254
0,4.58486424960705,1,13.6237370162773,1,8.274169573485,0,20.0204147589523,0,16.6973000488993
1,7.40631917244217,1,14.2160734082894,1,10.271382918809,1,21.7722010503606,0,17.0856093523621
1,6.348273576379,1,10.365886860211,1,9.13011815005241,1,49.8007817128938,1,38.6367756945461
1,6.1719326437018,1,15.4007461923135,1,13.1245448407003,1,22.2727114193344,1,17.2797640040935
1,6.348273576379,1,11.5505596442351,1,6.56227242035017,1,20.2706699434392,1,16.8914547006307
1,6.46755564318858,1,17.767303089799,1,16.9740181155426,1,20.1860916846956,1,17.1990363997495
1,8.29173800408793,1,17.4852824058339,1,8.20410875584558,1,20.8821638117541,1,17.0035928042978
1,8.7892422843332,1,14.6650755661833,1,14.1450150962855,1,19.2579955152843,1,17.0035928042978
1,5.80421660286155,1,17.2032617218688,1,14.9937160020626,1,19.4900195576371,1,17.1990363997495
1,6.7992251633521,1,12.6909307784278,1,12.7305135866569,1,20.4181157270484,1,17.5899235906529
1,5.82745188958839,0,15.348234763158,1,8.5713537086247,1,20.667081599138,0,16.5654103206814
1,5.50370456238904,1,10.1356267303874,1,6.35939146123768,0,20.667081599138,0,17.3637433481841
0,3.23747327199355,0,13.9002880873884,1,14.654249888939,1,19.9376551897567,1,17.1641600913084
1,16.0254926963681,1,29.5381121857003,1,5.80640089939093,1,21.1533658720589,1,17.7629098619354
1,5.50370456238904,1,10.4252160655413,1,8.01836314677794,1,22.6122186908216,1,17.1641600913084
0,4.99245123289598,0,12.2469153912436,1,10.2330424710821,1,21.4292462540598,1,16.9968548215
1,6.36967915921212,1,14.9259281330781,1,15.3495637066231,1,19.6975899911055,1,17.5511000874185
1,4.82029774210647,1,10.7160509673381,1,12.7913030888526,1,22.7279884512755,1,17.1816032434728
1,7.74690708552825,1,16.0740764510072,1,15.3495637066231,1,24.0267306484913,1,17.3663516654457
1,6.36967915921212,1,15.3086442390545,1,11.5121727799674,1,43.0749495409889,1,36.7649359725924
1,5.31749844585281,0,11.4546640913987,1,16.3547801868417,1,21.2682974934471,1,17.3496479532193
1,6.55824808321847,1,14.3849269985007,1,15.9653806585836,1,21.2682974934471,1,17.161064823293
1,7.08999792780375,1,17.3151899056027,1,16.7441797150999,1,21.0420390094743,1,17.3496479532193
1,6.20374818682828,0,10.6555014803709,1,17.5229787716161,1,21.2682974934471,1,17.3496479532193
1,6.91274797960866,1,13.3193768504636,1,14.7971820738092,1,22.1733314293385,0,16.9724816933667
1,8.18110111933194,1,13.6260627364257,1,10.5290116171495,1,24.7914985066462,1,16.7892573753166
0,6.3062654461517,0,8.99320140604096,1,9.95987585406036,1,51.3907104460686,1,42.2919268061772
1,8.01066151267919,1,14.4436265006112,1,13.9438261956845,1,25.307988058868,0,16.7892573753166
1,7.15846347941545,0,12.8084989722401,1,6.54506127552538,1,24.5332537305353,1,17.0017796205738
1,6.9880238727627,1,14.4436265006112,1,8.82160432788203,1,25.8244776110897,1,17.0017796205738
1,8.37863220456913,1,16.2408586070761,1,16.9875869968301,1,19.8497777792003,1,16.5891959870768
0,8.7137774927519,1,17.2559122700183,1,19.1896816075303,1,21.7179921584192,0,17.167888870347
1,6.7029057636553,1,17.0021488542828,1,21.3917762182305,1,20.7838849688098,1,16.9749912425903
1,8.37863220456913,1,15.4795683598694,1,20.1334364406875,1,24.7538405246498,1,17.7465817536171
0,5.36232461092424,1,15.4795683598694,1,16.9875869968301,1,20.5503581714074,1,16.7820936148336
1,8.26169182950147,1,12.8608933440833,1,15.7798516622106,1,21.342686528561,1,17.6066359424039
1,7.48228693992586,1,14.2588165336576,1,11.5718912189544,1,20.3614135847191,1,17.2279986103092
1,8.26169182950147,1,18.7321707402953,1,12.6238813297685,1,21.8333230004819,1,17.0386799442619
1,7.94992987367122,1,17.6138321886359,1,69.7820106839979,1,22.3239594724029,1,17.4173172763566
1,7.32640596201073,1,11.1833855165942,1,6.31194066488423,1,19.8707771127982,1,17.4173172763566
1,5.48479239407265,0,10.4524380907411,1,11.4900026875275,1,24.5594045432631,1,17.0489257157424
1,6.06213896186977,1,12.1153259688136,1,9.52829491160816,0,22.594652179802,1,16.852961052343
1,5.77346567797121,1,12.59043679112,1,11.209758719539,1,24.0682164523978,1,16.852961052343
1,7.36116873941329,1,19.2419883034098,1,10.0887828475851,1,21.1210879072063,1,16.852961052343
1,5.48479239407265,1,13.0655476134264,1,8.12707507166578,1,16.9459891348515,0,16.852961052343
1,10.5261383452508,1,16.5249768347668,1,9.95017943003363,1,20.0008649775091,0,17.2294597481609
1,11.2397748432339,1,15.3853232599553,1,12.5087969977566,1,46.2810712851663,1,38.0962498876002
1,8.56363797579723,1,10.8267089607093,1,6.25439849887828,0,20.9311377671606,0,16.8465828648684
1,7.85000147781413,0,9.117228598492,0,7.6758527031688,1,19.7682967800962,0,16.463705981576
1,8.20681972680568,1,11.6814491418179,1,8.81301606660122,1,22.0939787542251,1,17.6123366314533
1,6.67338005044692,1,10.1297168733123,1,11.6168408743863,1,21.0937032454902,1,17.0046872474406
1,7.81273762003542,0,13.385697296877,1,9.03532068007824,1,21.3181043438464,1,17.2001434226985
1,7.48720688586727,1,16.6416777204417,1,7.7445605829242,1,20.6449010487776,1,17.0046872474406
1,7.81273762003542,1,13.7474728994953,1,11.6168408743863,1,20.196098852065,1,17.2001434226985
1,6.83614541753099,1,10.8532680785489,1,11.1865875086683,1,22.6645109339841,1,18.1774242989882
0,9.75232280398146,0,18.9745057768831,1,8.19661225234503,1,21.7807801391708,1,16.631680118188
1,6.13452563476253,1,11.2523231932679,1,12.6462017607609,1,20.4194813804726,1,17.0054257388215
1,8.65125410030613,1,13.8999286505074,1,8.89917901683175,1,21.1001307598217,1,16.4448073078713
1,6.92100328024491,1,12.3554921337844,1,16.1590355831945,1,20.873247633372,1,16.631680118188
1,5.97723010566606,1,13.4586610743008,1,11.475257153283,0,19.0581826217744,1,16.8185529285047
1,5.62911112236482,0,10.905521457407,1,8.09911413346772,1,19.1876483762788,0,17.8277364768712
1,5.27729167721702,1,10.678323093711,0,9.66668461091309,1,21.5564938548317,1,17.6228199656428
1,4.04592361919972,1,13.8591001854547,0,9.1441611184313,0,20.1351865676999,1,17.6228199656428
1,7.38820834810383,1,15.4494887313266,0,5.74775841729967,1,20.6089556634105,1,17.6228199656428
1,6.68456945780823,1,13.6319018217587,0,6.79280540226325,1,20.8458402112658,0,17.0080704319576
1,32.4703118927272,1,59.6873158855445,1,8.85711665289471,1,22.6942422441004,1,17.03911726204
1,7.83203502940154,0,12.5973229507179,0,3.89713132727367,1,23.8521117463504,1,17.2305680177933
1,6.52669585783461,1,11.3975779077924,1,10.2742553173579,1,23.1573900450004,1,17.2305680177933
1,7.17936544361807,1,11.6975141685238,1,16.6513793074421,1,22.4626683436504,0,17.03911726204
1,8.32153721873913,1,14.3969405151062,1,10.9828246495894,1,23.8521117463504,1,16.6562157505335
1,7.25891179781908,1,16.3627213590602,1,8.48864801619495,1,21.6949906785751,1,17.1063916748232
1,7.25891179781907,1,13.7595611428461,1,10.1863776194339,0,18.5355260166466,1,17.1063916748232
1,7.09009989554421,0,15.9908413281725,1,8.82819393684275,1,22.5375145884226,1,16.703888341298
1,6.92128799326935,1,15.6189612972847,0,8.14910209554716,1,19.5886809039561,1,17.1063916748232
1,7.76534750464366,1,8.92512074130556,1,9.16773985749055,1,21.9056216560369,1,17.1063916748232
1,39.7528267898837,1,58.9163721893342,1,8.36826634048291,0,20.9323845582874,1,17.1057272304735
1,9.38885858856548,1,21.9086007136218,1,6.3992624956634,1,22.4455689841877,0,17.3001104944561
1,9.38885858856549,1,20.1322276827876,1,10.8295211465073,1,20.1757923453373,0,17.1057272304735
1,7.79075499902243,1,18.3558546519534,1,17.4749091227731,1,21.4367793669209,1,17.3001104944561
1,6.39241435817225,1,23.3889115726503,1,14.5214033555439,1,23.2021611971379,1,17.6888770224215
1,5.39454924986075,0,9.19890523854493,1,9.8907892955267,1,19.7490750500559,1,16.6494602519667
0,6.1437922012303,0,8.25542777818135,1,11.3893937342429,1,20.4990399253745,1,16.8714530553262
1,5.9939436109564,1,13.444553810181,1,11.0896728464996,1,19.9990633418287,1,16.8714530553262
1,6.59333797205203,1,13.444553810181,1,8.991626632297,0,21.9989696760116,1,16.2054746452476
1,6.1437922012303,1,12.0293376196357,1,13.7871608361887,1,19.9990633418287,0,17.3154386620454
1,9.28727382490981,1,17.6511535597593,0,11.7637583097766,1,23.2395425900176,1,16.6942544581066
1,5.95787377447044,1,21.9378622814151,1,16.8915503935254,1,23.7287961182285,1,17.2904778316104
1,7.35972642728702,1,22.9464996276871,1,8.14414036830687,1,25.1965567028612,0,16.2967722091041
1,8.58634749850152,1,18.4076315694633,1,9.65231451058592,1,23.484169354123,1,17.0917367071092
1,7.71018959049116,1,22.6943402911191,0,6.63596622602782,1,48.6807260569842,1,39.5494837757526
1,6.62836890011043,1,13.3118167943474,1,15.7529731445622,1,21.2623907178158,1,17.6889431187606
1,6.11849436933271,1,15.2480810553434,0,14.0026427951664,1,21.7196464321774,1,17.1183320504135
1,9.34769973092497,1,12.5857176964739,1,13.1274776204685,1,21.2623907178157,1,17.4987394293116
0,6.62836890011043,0,11.1335195007269,1,12.8357558955692,1,20.1192514319117,1,17.4987394293116
1,7.47815978473997,1,13.3118167943474,1,17.2115817690587,1,21.9482742893582,0,17.1183320504135
1,6.02120080942242,1,14.7340878593849,0,9.12000370504863,1,22.0139133671596,1,17.3180641444127
1,6.19323511826306,0,12.5853667132246,1,53.3788452148435,1,20.5624465517425,1,17.123479154026
1,6.19323511826306,1,15.3480081868593,1,6.43764967415198,1,48.1403160446678,1,38.7224130869452
1,6.53730373594434,1,14.4271276956477,1,11.5341223328556,1,21.5300910953539,1,17.123479154026
1,34.2348274592875,1,61.0850725836999,1,10.9976515266763,1,21.7720022312568,1,17.123479154026
1,6.38128110599324,1,13.1230257705872,1,8.4943443910132,1,20.4399627097161,0,17.3688923995678
1,6.85987718894274,1,19.0149965247284,1,8.4943443910132,1,21.5508302482877,0,16.9696075168192
1,7.1789412442424,1,16.8724617050407,0,3.89324117921438,1,19.9956156942875,1,17.3688923995678
0,5.58362096774409,1,15.5333774427359,1,11.3257925213509,1,18.884748155716,1,17.3688923995678
1,8.13613341014138,1,18.7471796722674,1,70.4322722421511,1,18.6625746480017,1,17.5685348409422
1,8.61502167557758,1,17.3184814228982,1,8.5501344378149,1,20.0429403486744,1,17.3871224047797
1,7.00883119369024,1,16.2688764881771,1,8.78763817219865,1,18.9536501123334,1,17.1939321558378
1,8.61502167557758,1,16.0064752544969,0,7.60011950027991,1,21.1322305850154,1,17.0007419068958
1,7.88493509290152,1,17.8432838902588,1,8.5501344378149,1,19.3893662068698,1,17.5803126537217
1,7.44688314329588,1,15.219271553456,1,10.2126605785011,1,22.2215208213564,1,17.3871224047797
0,7.15279444589467,1,13.5980918505465,1,17.6030193608606,1,23.3766264114201,1,17.9601163662841
0,6.81218518656636,1,11.0324141428962,1,10.1912217352351,1,24.3024333980109,1,17.7669968354639
1,8.17462222387963,1,20.2688538904372,1,15.1324201523188,1,23.8395299047155,1,17.7669968354639
1,7.49340370522299,1,15.6506340166667,1,7.1029727245578,1,24.3024333980109,1,19.3119530820259
1,7.49340370522299,1,18.472879495082,1,7.41179762562553,1,23.1451746647723,1,17.7669968354639
1,6.69592618596617,0,9.27672006578587,0,9.15053496630006,1,19.0962129829084,1,16.9623226156328
1,6.41099315677612,0,7.24743755139521,1,5.49032097978004,0,19.592218514932,1,17.1770355601345
1,6.55345967137114,1,11.5959000822323,1,7.32042797304005,1,18.8482102168966,1,16.9623226156328
1,6.12606012758607,1,14.7847726048462,1,7.32042797304005,1,19.0962129829084,1,16.7476096711311
0,5.55619406920597,0,14.7847726048462,1,8.78451356764806,1,18.8482102168966,1,17.1770355601345
0,6.98225389966995,0,13.9576052932754,1,11.5449096268614,1,22.2423386613882,1,17.106603614862
0,6.62418959712277,1,18.4345730288543,1,11.5449096268614,1,22.4625598362534,1,17.106603614862
0,7.34031820221712,1,14.2209563365447,1,7.44832879152349,1,20.4805692624664,1,17.6768237353574
1,5.90806099202842,1,12.11414799039,1,10.4276603081329,1,20.4805692624664,0,16.726456867865
1,6.62418959712277,0,13.9576052932754,0,9.68282742898053,1,19.8199057378707,1,18.0569704823543
1,4.70849469869152,1,10.0901690291151,1,8.36278556327591,1,27.8675009312253,1,18.391083198202
1,6.13531127405259,1,11.9488843765836,0,7.78604173132585,1,27.1986809088759,1,18.2053146810484
1,9.13162608231083,0,11.4178228487355,1,6.63255406742572,1,25.1922208418277,1,18.0195461638949
1,8.27553613709419,1,6.9037998620261,1,8.07441364730088,1,29.8739609982735,1,18.7626202325091
1,6.13531127405259,1,8.2314536816465,0,4.32557873962547,1,29.4280809833739,1,18.5768517153556
1,7.67726074047032,1,19.812180366848,0,6.66624418759559,1,46.9289164926085,1,39.7134630551797
1,7.86005266286247,1,18.2480608642021,1,12.7769680262249,1,19.1017197783984,1,16.9630369833682
1,36.375592556038,1,51.8766301710888,1,7.49952471104504,1,20.2808382832379,1,16.7634718423874
1,7.67726074047032,1,27.6327778800775,1,10.5548866303597,1,20.2808382832379,1,16.5639067014066
1,8.59122035243108,1,21.3762998694939,1,8.88832558346078,1,20.2808382832379,0,16.9630369833682
0,2.32699049549982,0,10.3468605749182,1,15.0438458255334,1,22.0041868742081,0,17.5756801587124
1,7.4796123069637,1,17.8718500839496,1,9.85631278224605,1,46.5833317868873,1,40.6693064137647
1,6.81475787967804,1,11.6010254930901,1,11.6719493473966,1,46.5833317868873,1,40.6693064137647
1,5.65126263192813,1,10.9739430340041,1,15.5625991298622,1,22.0041868742081,1,17.1669434108354
0,5.48504902510671,1,11.2874842635471,1,13.7469625647116,1,22.2382739686146,1,17.1669434108353
0,6.41277717696884,0,10.7426261912908,1,11.1905796834841,1,21.8487322049551,1,16.7789572362443
1,8.10035011827643,1,11.4750779770606,1,11.8899909137018,1,21.1038890616044,1,17.2037409637442
1,33.582701532021,1,48.585968456065,1,14.337930219464,1,21.1038890616044,1,17.2037409637442
1,10.8004668243686,0,19.5320476205286,1,12.9391077590285,1,21.3521701093879,1,16.9913490999942
1,6.24401988283808,1,10.9867767865474,1,7.69352353239531,0,20.3590459182536,1,17.4161328274941
1,7.07641586763939,1,16.8753969316967,0,12.2540276219598,1,19.7901306594035,1,17.0117294177432
1,7.2269779073764,1,13.33700725247,1,6.65218642334959,1,20.0344532601369,1,17.4317721194158
1,7.52810198685042,1,16.8753969316967,1,10.1533371724809,1,20.2787758608703,1,17.4317721194158
1,8.58203626500948,1,16.8753969316967,1,9.45310702265467,1,19.7901306594035,1,17.2217507685795
1,8.43147422527247,1,19.3250513250075,1,7.70253164808899,1,19.3014854579367,1,17.0117294177432
1,6.0622157294034,0,15.6149775804346,1,12.9130380045984,1,22.9299225957465,1,17.4209452312683
1,28.7233554797923,1,58.6298214812543,0,7.23130128257512,1,19.286850781469,1,17.8308498249452
0,6.2065541991511,0,12.0795109584494,1,14.9791240853342,1,20.7869391755833,1,17.6258975281067
1,5.773538789908,1,16.4988442359309,1,13.4295595247824,1,21.8584308856649,1,17.6258975281067
1,8.66030818486199,1,25.3375107908938,1,8.52260508303496,1,20.5726408335669,1,17.8308498249452
0,6.25951955963162,1,19.0761895432081,1,9.77273628718529,1,20.9087034018728,1,16.9742944870217
0,6.09479536069394,1,18.5232565129702,1,11.120699913004,1,22.9995737420601,1,16.9742944870217
1,6.58896795750697,1,20.1820556036839,1,13.1426453517319,1,24.2540959461725,1,17.3600739071813
1,7.74203735007068,1,25.7113859060631,1,9.7727362871853,1,20.4905293338354,1,16.9742944870217
0,5.27117436600557,1,20.1820556036839,1,11.4576908194586,1,24.2540959461725,1,17.3600739071813
1,5.6594046620337,1,15.5325075308246,1,8.24922005775469,1,20.7567147317739,1,17.3163235252674
1,8.06036421562375,1,20.3864161342073,1,4.28959443003244,1,20.7567147317739,1,16.9040301079991
1,5.48790755106298,1,17.1504770652855,1,11.2189392785464,1,20.4939715073211,1,17.3163235252674
1,13.7197688776574,0,11.0021928343341,1,8.24922005775469,1,19.9684850584154,1,17.1101768166333
1,34.1279250831729,1,64.3951874715438,1,7.58928245313431,1,21.2822011806796,1,17.3163235252674
1,5.77109215841101,1,12.4269965828185,1,55.29605272784,0,20.8807251896683,1,17.5288503154701
1,8.40930571654176,1,13.8719961854719,1,8.33608835093066,1,19.122348331591,1,17.3362255867287
1,6.26575720056052,1,12.7159965033492,1,7.78034912753528,1,21.759913618707,1,17.5288503154701
1,7.41997563224273,1,13.5829962649412,0,7.22460990413991,1,19.78173965337,0,17.3362255867287
1,6.26575720056053,1,11.5599968212265,1,8.61395796262835,1,21.100522296928,1,17.3362255867287
1,33.6133541287144,1,46.429878880728,1,9.58811168005842,1,21.3416247387028,1,17.3128232390313
1,8.10774370943865,1,16.3321181992511,1,12.3943882693438,1,21.7684572334769,1,17.1286442684033
1,7.09427574575882,1,14.4655904050509,1,4.91098403124943,1,21.1282084913158,1,17.1286442684033
1,6.08080778207899,1,15.865486250701,1,12.8621010342247,1,21.5550409860898,1,17.1286442684033
1,8.10774370943865,1,16.5654341735261,1,12.6282446517843,1,21.9818734808639,1,17.4970022096593
1,8.12435224962196,1,17.0177928290789,1,11.1564730929351,1,21.207661405338,1,16.9417021345728
1,7.1295336068111,1,19.9959065741676,1,5.57823654646754,1,19.5763028356966,1,17.5326917439184
1,6.79792739254082,1,14.890568725444,1,9.84394684670742,0,21.9068150780414,1,17.1386986710213
0,5.30569942832454,1,12.1251773907187,1,8.53142060047977,1,22.3729175265104,1,16.7447055981243
1,8.78756467816252,1,17.8686824705328,1,5.57823654646754,1,24.7034297688552,1,16.3507125252272
1,7.02326003986522,1,14.3684330853328,1,9.22837492770871,0,42.7003864874533,1,41.4491157248638
1,6.5444014007835,1,12.5723789496662,1,9.75571063786349,1,22.7449294857791,1,17.4961091501938
1,6.86364049350465,1,13.6949127844579,1,11.3377177683278,1,20.599181421083,1,17.0795351228082
1,7.34249913258636,1,14.3684330853328,1,9.75571063786349,1,20.599181421083,1,17.287822136501
1,6.06554276170178,1,11.8988586487913,1,11.6013856234052,0,21.4574806469614,0,17.287822136501
1,6.06829749822404,1,16.2831304950761,1,6.5107201029935,1,22.8425923524778,1,16.5422974796696
1,6.98773651310647,1,13.6778296158639,1,51.8253320198283,1,19.7812139959602,1,16.9225801803516
1,7.72328772501241,1,10.0955409069472,0,4.94814727827506,1,20.2521952815783,1,16.7324388300106
1,36.5936727923207,1,64.8068593704028,0,8.07329292771194,1,23.0780829952869,1,17.1127215306927
1,7.53939992203592,0,12.7008417861593,1,6.5107201029935,1,21.4296484956235,1,17.1127215306927
1,7.74754776986618,1,19.7369084273754,1,13.1205323978187,1,20.6800276447717,1,17.0883708410118
1,5.63458019626631,1,14.4552005383595,1,7.70118205958924,1,20.6800276447717,0,16.891952785368
1,8.59273479930612,1,15.0111697898348,1,15.1171351540085,1,21.532812289917,1,17.2847888966556
1,8.73359930421278,1,23.628693187703,1,15.1171351540085,1,22.8119892576348,0,17.2847888966556
0,7.88841227477283,0,17.2350467957363,1,11.6943875719688,1,21.3196161286307,1,17.2847888966556
1,8.72230430197112,1,13.8557183830506,1,10.0014004458786,1,21.3264321510778,1,17.2880117107073
0,7.95718988951751,0,13.0859562506589,1,9.26055596840615,1,24.557709749726,0,14.5583256511219
1,8.72230430197112,1,13.5991310055867,1,8.51971149093366,1,25.6348022826087,1,17.2880117107073
1,30.4515536156536,1,51.0608881153163,1,10.7422449233511,1,26.4964763089149,1,17.6519698519853
1,30.4515536156536,1,51.0608881153163,1,10.3718226846149,1,23.4806172168432,1,17.4699907813463
1,9.70333455469408,0,6.51601429623745,1,9.94240468020034,1,22.0715311192025,1,17.5770225473582
1,9.53887125715689,1,10.0246373788268,1,24.0274779771508,1,27.9416191828202,1,16.64207453952
1,9.20994466208252,1,9.77402144435618,1,9.11387095685031,1,24.6543698671943,1,16.4550849379524
1,10.6901143399172,1,8.01970990306148,1,7.87107037182527,1,25.8283874799179,0,16.2680953363848
1,10.0322611497685,0,11.2777170511802,1,7.87107037182527,1,27.7068156602755,1,16.2680953363848
1,9.7166186193978,1,19.5238285788145,1,4.25675281533558,1,20.8389408757643,1,16.460086563916
1,10.5098119760833,1,26.4775209493512,1,10.6418820383389,0,20.8389408757643,0,16.8715887280139
0,6.94044187099843,1,20.8610771116101,1,3.64864527028764,1,18.5235030006794,0,16.254335481867
1,6.34554685348428,1,15.7795326869871,1,6.38512922300336,0,19.8098573757266,1,16.8715887280139
1,9.32002194105504,1,20.0587279919327,1,11.5540433559108,1,22.1252952508115,1,16.8715887280139
1,6.35581403879773,0,9.60117319238709,1,9.51779099216702,1,19.2470530348014,1,16.6689882771588
1,7.69388015222883,1,14.7909965396234,1,13.7168164298878,1,18.5833615508428,1,17.2643092870573
1,7.19210535969217,1,13.2340495354525,1,15.9562966633388,0,19.9107445187601,0,16.470547940526
1,7.86113841640772,1,12.9745583680907,1,10.9174661380739,1,19.9107445187601,1,16.8674286137916
1,8.02839668058661,1,16.607434711156,1,11.1974011672553,1,19.9107445187601,1,17.0658689504245
0,7.16781596243564,1,21.3315108089331,1,12.9242456243865,1,20.9700968122806,1,18.4088548312494
1,9.2157633802744,1,21.9080381280935,1,8.02194555996405,1,19.8050914338206,1,17.0232421020156
1,6.31450453833616,1,18.7371378727115,1,9.35893648662473,1,20.2710935852046,1,17.6170761288301
0,8.02112738653512,1,27.0967840005366,1,13.3699092666068,1,20.2710935852046,1,17.2211867776204
1,8.19178967135502,1,26.5202566813763,1,10.2502637710652,1,20.0380925095126,1,17.8150208044349
1,7.90620595381016,1,12.7372308932078,1,6.27677218888331,1,21.3480548324042,0,17.0280190757184
1,12.6162860965056,1,14.8601027087424,1,13.6612100581578,1,21.1256792612333,0,17.0280190757184
1,7.56977165790334,1,15.9215386165097,1,10.707434910448,1,21.1256792612333,1,17.0280190757184
1,6.05581732632267,1,15.1254616856842,1,9.2305473365931,1,22.2375571170877,1,17.8388771269431
1,5.38294873450904,1,14.3293847548587,1,5.90755029541959,1,20.013801405379,1,16.8253045629123
1,7.06978125013154,1,14.610070788792,1,51.8633779853814,1,20.1675795121854,1,17.131622585004
1,8.83722656266443,1,15.3529557441543,1,11.2066595646804,1,18.8664453501089,1,17.7026766711708
0,5.78436647738036,1,12.3814159227051,1,9.12169964567009,0,19.950723818506,0,17.3219739470596
1,7.23045809672544,1,17.5816106102413,0,9.64293962542267,1,19.0833010437883,1,17.3219739470596
1,7.55181178991324,1,14.610070788792,1,15.376579402701,1,19.3001567374677,0,16.3702171367816
1,5.70774132329121,1,26.5028026810137,1,9.67240311090756,1,20.7350941450761,1,17.0899169816805
1,31.5511256481931,1,47.0898011921582,1,9.99481654793781,1,20.9734285605368,1,17.2886369465837
1,5.39064458310836,1,27.9225956817822,1,14.1861912293311,1,20.0200908986942,1,17.8847968412935
1,5.54919295319978,1,24.3731131798608,0,13.8637777923008,1,20.2584253141548,1,17.0899169816805
1,5.07354784292552,1,25.5562740138346,1,9.02757623684706,1,20.0200908986942,1,17.2886369465837
1,8.58694719753267,1,11.3777746345692,1,10.5795106659317,1,20.0237593049813,0,16.7171929554154
1,6.78967917944444,1,18.0877442908536,1,9.21441251548891,1,21.38901562123,1,18.8068420748423
1,7.38876851880718,1,16.3373174239968,1,10.238236128321,1,17.9758748306082,0,17.0971291589476
1,10.3842152156209,1,30.6324701699939,1,10.5795106659317,1,19.3411311468569,1,16.5272248536493
1,7.58846496526143,1,14.0034149348544,1,10.238236128321,1,20.2513020243561,1,17.4770653624797
1,11.0359497510772,1,24.1527611065544,1,13.8938649600687,1,21.2483632636131,1,16.8534539269725
1,11.0359497510772,1,22.4025610263693,1,7.61921626842476,0,20.5478677714061,1,16.6479240010339
1,9.71822440766497,0,24.1527611065544,1,13.2215811716783,1,19.8473722791991,0,16.8534539269725
1,9.71822440766497,1,19.9522809141102,1,10.3083514219864,0,20.3143692740037,1,17.4700437047886
1,9.8829400755915,1,18.9021608659991,1,9.86016222972615,0,19.146876786992,1,17.4700437047886
1,6.49996065672769,1,11.9490178804581,1,9.49839080727519,1,21.1376027561644,1,17.1542367467025
1,9.31075445423155,0,12.1879982380673,1,14.0943863591825,1,20.2568693079909,1,17.5397252129206
1,6.67563526907168,1,11.2320768076306,1,60.9735409886375,1,22.018336204338,1,17.1542367467025
1,6.67563526907168,1,14.0998410989406,1,11.6431887314986,1,21.5779694802512,1,16.5760040473755
1,8.95940522954357,1,11.4710571652398,1,11.0303893245776,1,20.6972360320777,1,18.1179579122476
1,5.69629834377984,1,6.50249041494202,1,61.5450064915443,1,22.4759268402482,0,17.6595743626641
1,6.03137471694337,1,10.6640842805049,1,8.35032751392813,1,21.7508969421757,1,17.6595743626641
0,6.03137471694337,1,15.8660766124585,1,12.6801269655946,1,20.3008371460306,1,17.0773905924664
0,6.36645109010689,0,16.6463754622516,1,7.11324195630914,1,21.7508969421757,1,17.4655131059315
1,7.03660383643393,1,12.224681980091,1,8.65959890333287,1,21.0258670441031,1,16.8833293357338
1,7.73096461450897,0,14.8331989569071,1,13.3692376916825,1,23.7888571449338,1,17.3749286765105
1,29.5858068901401,1,47.6097837487824,1,13.3692376916825,1,24.49545686211,1,16.9844808410833
1,7.28494742521038,1,15.3116892458396,1,16.9561063406705,1,23.7888571449338,1,17.1797047587969
1,8.17698180380756,0,13.1584829456434,1,8.47805317033524,1,24.0243903839925,1,16.9844808410833
0,6.98760263234464,0,12.9192378011771,1,14.0213956278621,1,23.553323905875,1,17.1797047587969
1,6.58006018775224,1,17.2972418009536,1,28.369280767091,1,20.2715674085327,1,17.3591868694486
1,5.33518393601533,1,12.5798122188753,1,26.1379890213648,1,20.9398608395832,1,17.3591868694486
1,4.62382607787995,1,13.3660504825551,0,30.2818165491421,1,20.7170963625664,1,18.1222280505233
1,5.69086286508302,1,15.4626858523676,1,23.9066972756385,1,19.1577450234485,1,17.3591868694486
0,3.37894982614304,0,11.0073356915159,1,29.963060585467,1,22.4992121787011,1,16.7869059836426
1,8.76415556726051,1,13.8828643885305,1,9.21197388626699,1,20.9841401988244,1,16.8527460634948
1,9.08875392160349,1,17.7126200819182,1,11.6685002559382,0,20.5125864864913,1,17.4272714974776
1,8.43955721291753,1,12.9254254651836,1,10.1331712748937,1,20.5125864864913,1,17.2357630194833
1,8.60185639008902,1,16.2764616968978,1,8.29077649764029,1,20.9841401988244,1,17.0442545414891
1,6.65426626403113,1,11.2499073493264,1,10.1331712748937,1,21.219917054991,1,17.0442545414891
1,9.01838091354964,1,12.9364735608947,0,6.09286806288645,1,20.1014201713719,1,17.6300868799875
1,10.0393296962156,1,15.166900036911,1,75.7800465321502,1,20.1014201713719,1,17.442532764243
1,10.3796459571043,1,16.7281985701224,1,5.71206380895605,1,21.9933185404422,1,17.0674245327539
1,9.3586971744383,1,15.8360279797159,1,7.61608507860806,1,21.047369355907,1,17.0674245327539
1,9.69901343532697,1,10.7060470848783,1,7.23528082467766,1,47.0609719306235,1,37.3232690331651
1,5.36816177600836,1,13.5687480898619,1,6.04595461741754,0,21.2236922891397,1,17.4965151696334
1,7.8733039381456,1,10.6190202442398,1,5.03829551451462,1,20.5739874231456,0,17.1161561442065
1,7.15754903467781,1,10.6190202442398,1,66.8413871592273,1,20.5739874231456,1,17.8768741950602
1,6.79967158294392,1,11.5039385979264,1,7.05361372032046,0,20.1408508458163,1,16.7357971187797
1,6.79967158294392,1,13.2737753052997,1,7.05361372032046,0,19.9242825571516,1,17.1161561442065
1,5.4144519119722,1,16.9294625541041,1,13.4179533316896,1,21.6192815611578,1,17.7811489979681
0,6.16127286534767,1,22.7154814017093,1,12.9471479516303,1,22.8910040059318,1,17.7811489979681
1,5.9745676270038,1,13.2864136500564,1,13.4179533316896,1,19.0758366716099,1,17.1817844250029
1,5.78786238865993,1,15.6436805879696,1,11.0639264313932,1,22.3823150280222,0,17.3815726159913
1,5.60115715031607,1,8.14328578551844,1,13.18255064166,1,21.1105925832482,1,17.3815726159913
1,7.22615649398672,1,15.6188072722807,1,63.1700681511624,1,20.9091852259469,1,17.0585048401923
1,6.29972617424483,1,16.7975851796227,1,8.88825079513843,1,19.9366649828796,1,17.0585048401923
1,6.48501223819321,1,16.7975851796227,1,16.1893139482878,1,21.8817054690142,0,16.6663553036362
0,7.22615649398672,0,11.4930845965839,1,15.5544388914922,1,20.6660551651801,0,16.8624300719142
1,7.04087043003834,1,15.6188072722807,1,63.1700681511624,1,18.9641447398123,1,16.8624300719142
1,8.04223073353905,1,17.1229163898136,1,9.83000820795681,1,23.0625313713443,1,16.9002704570347
1,7.61895543177383,1,16.1889391321874,1,7.3725061559676,1,23.288634620083,1,17.1089157713191
1,7.40731778089123,1,15.8776133796454,1,8.29406942546356,1,24.1930476150377,1,17.1089157713191
1,7.40731778089123,1,18.679545152524,1,8.90844493846086,1,23.0625313713443,1,17.3175610856035
1,7.83059308265644,1,16.5002648847295,1,61.1303635432314,1,23.288634620083,1,16.9002704570347
1,7.98452663988885,1,13.5235112748378,1,11.7372925734245,1,18.5266020468678,1,17.037142725984
1,5.94925514344659,1,14.0338324550204,1,6.7578351180323,1,19.6293759782289,0,16.6542855860742
1,10.1763574822113,1,17.0957595361157,1,6.40215958550428,1,19.1882664056845,1,17.037142725984
1,9.08044206105006,1,14.2889930451116,1,11.0259415083685,1,17.2032733292343,1,16.6542855860742
1,6.41893318108711,1,13.0131900946552,0,7.46918618308833,1,19.1882664056845,1,17.037142725984
1,5.08167177702679,0,12.6882114763234,0,14.2568181941095,1,20.7669215673335,1,17.3872681829337
1,32.6210543105913,1,57.3853200860992,1,17.7482838742996,1,21.4830223110347,1,16.5785580348902
1,32.6210543105913,1,57.3853200860992,1,13.383951774062,0,21.2443220631343,0,16.982913108912
1,6.5569958413249,1,13.8416852468983,1,11.6382189339669,1,22.1991230547358,1,17.3872681829337
1,5.73737136115928,1,13.5533168042546,1,20.075927661093,1,22.4378233026362,1,16.7807355719011
1,7.56620819775818,1,18.1840397888539,1,8.6550796143321,1,44.6918317343813,1,38.409182151552
1,8.46694726891987,1,14.342341241913,1,7.98930425938347,1,20.6615503495632,1,17.5639978682976
1,10.8088688539403,1,20.4890589170185,1,9.65374264675503,1,19.9878041425122,1,16.9849649715406
1,5.22428661273779,1,12.2934353502111,1,10.3195180017037,1,21.1107144875972,1,17.1779759371263
0,6.12502568389948,1,15.8790206606894,1,8.6550796143321,1,44.6918317343813,1,38.409182151552
1,7.26389081863355,1,13.8586655047535,1,6.78893002725374,1,20.3298766061298,1,17.194493706001
1,6.35590446630436,1,14.7071552295343,1,10.3191736414257,1,19.6038095844823,1,16.9873311312299
1,8.35347444142858,1,17.8182842203973,1,10.0476164403355,1,20.3298766061298,1,17.194493706001
1,8.53507171189442,1,19.2324337616987,1,9.50450203815524,1,21.0559436277773,1,17.194493706001
1,5.44791811397516,1,14.9899851377946,1,6.78893002725374,1,22.2660553305231,1,17.4016562807721
1,6.27740007736468,1,10.0123745870955,1,6.25529803859862,1,21.0852202811676,1,17.7773183391427
1,5.97847626415684,1,11.0947934613761,1,10.7730132886976,1,22.7251818585917,1,17.7773183391427
1,5.08170482453331,1,8.38874627567465,1,4.517715250099,1,22.959462083938,1,17.7773183391427
1,7.1741715169882,1,15.6950736770687,1,9.38294705789793,1,22.0223411825528,1,17.5706053351992
1,8.36986676981957,1,15.4244689584985,1,10.0779801732978,1,21.0852202811676,0,17.1571793273122
1,6.56413933264813,1,17.1460127666122,1,9.0002619380518,1,19.5231992528888,1,16.9131718853167
1,7.54876023254535,1,18.2312034480434,1,9.56277830918004,1,20.658268976894,1,17.2848899487302
1,6.89234629928053,1,14.9756314037499,1,10.4065528658724,1,20.658268976894,1,17.0990309170235
1,8.20517416581016,1,19.0993559931883,1,11.5315856081289,1,19.9772271424909,1,16.9131718853167
1,7.54876023254535,1,17.7971271754709,1,11.5315856081289,1,19.9772271424909,1,17.0990309170235
1,7.6103379186719,1,10.8099552551257,1,13.1057432578094,0,20.5184765958089,1,17.0438963394054
1,6.83377282492986,1,14.6904520133759,0,10.2720690399046,1,20.5184765958089,0,17.2467998672555
1,10.5612852748916,1,10.5327769152507,0,10.2720690399046,1,22.7433716483665,1,17.6526069229556
1,10.5612852748916,0,23.5601588893765,1,14.8767896439998,0,18.7880026660419,0,17.2467998672555
1,10.0953462186464,1,13.3045603140008,0,4.95892988133327,1,21.0128977185995,1,17.2467998672555
1,6.80314599046181,1,6.46146743321113,1,7.5959834245676,0,19.4433794588051,0,16.6834345669279
1,8.54348566244042,0,6.76915635860214,1,6.32998618713967,1,23.7641304496507,1,17.0583432088813
1,8.54348566244041,1,19.3844022996334,1,11.0774758274944,1,22.2518676028548,0,16.3085259249745
1,8.06884757008262,1,10.4614234632942,0,15.1919668491352,1,23.3320553505662,1,16.8708888879046
1,7.43599678027221,1,13.2306237918133,1,10.1279778994235,1,22.2518676028547,1,17.4332518508348
1,6.79953326427864,1,16.8275102370163,1,11.6017533662019,1,21.6409823240906,1,17.7398267397731
1,6.79953326427864,1,13.6360858817201,1,9.21315708492507,1,47.3247855219124,1,39.6654552945488
1,5.99006501853118,1,15.0867333159456,1,16.0377178885733,1,21.4031693315182,1,17.5405028438206
1,8.58036340492304,1,17.9880281843967,1,14.6728057278436,1,47.3247855219124,1,39.6654552945488
1,5.99006501853118,1,17.6978986975516,1,13.307893567114,1,22.3544213018079,1,17.5405028438206
1,5.73949997664363,1,15.2863059263771,1,8.17161383520005,1,20.8788017748547,1,17.0434703805647
1,5.91342421836011,1,17.5097686065774,1,7.38081249630972,1,20.1750219397472,1,17.0434703805647
0,6.43519694350953,1,19.1773656167276,1,6.5900111574194,1,20.1750219397472,1,17.248813397198
1,7.13089391037542,1,11.3952462360266,1,8.6988147277936,0,19.0020555479015,0,17.4541564138313
1,6.609121185226,1,15.0083730913521,1,9.75321651298071,1,18.7674622695323,1,17.0434703805647
1,7.57039814016099,1,13.2183581613953,0,4.88969196400596,1,21.5934231560907,1,17.2049034904254
1,12.6688295406776,0,7.62597586234341,0,12.9433022576628,1,25.2279597269178,1,17.386007737693
1,7.87939398261653,1,8.13437425316631,1,11.7927865014261,1,22.6624045004516,1,17.5671119849607
1,30.7450863243273,1,50.585639886878,1,7.47835241553852,1,22.6624045004516,1,17.386007737693
1,7.41590021893321,1,6.10078068987473,1,9.77938392801191,1,24.5865709203013,1,17.2049034904254
1,5.47261675758018,1,12.034033752545,1,11.0374389768013,1,22.2369069126008,1,17.3919030590915
1,5.6335760739796,1,14.6596411167366,1,10.3253461395883,1,20.4579543595927,1,17.2048933487787
1,7.5650878707726,1,18.1604509356588,1,8.18906762794932,1,18.9013708757107,1,17.2048933487787
1,5.79453539037901,1,10.7212300704491,1,9.61325330237529,1,20.6803234287188,1,17.2048933487787
1,5.6335760739796,1,7.87682209257488,1,10.3253461395883,0,21.1250615669708,0,17.0178836384659
1,10.9476842825432,1,18.7551364736257,1,8.80404321395539,1,20.5477406459729,1,16.8134113906264
0,7.55012709140911,0,12.0315969830806,1,62.5715928420401,1,21.1185112194721,1,17.0135710500386
1,7.73888026869434,1,14.5086904795972,1,6.91746252525066,1,22.5454376532203,1,17.0135710500386
0,7.92763344597957,0,11.3238559840759,1,9.43290344352363,1,21.6892817929714,0,17.0135710500386
1,7.73888026869434,1,10.9699854845735,1,11.3194841322284,1,20.5477406459729,0,17.0135710500386
1,4.1442833130758,1,13.2910470652104,0,10.0969661971105,1,20.9559527364051,1,17.0333499689688
1,4.6415973106449,1,11.5943176526304,1,9.42383511730315,1,20.5238712366854,0,17.0333499689688
1,6.96239596596735,1,15.8361411840805,1,11.1066628168216,1,42.9921092221095,1,38.0858049867955
1,6.63085330092128,1,13.5738353006404,1,13.799187136051,1,18.1474229882271,1,16.6505780595538
1,5.63622530578309,0,7.63528235661025,1,66.9765424408331,1,18.5795044879468,1,17.0333499689688
0,8.76989602487892,1,20.2979274320616,1,17.9998079398303,1,21.1441383356669,1,17.2523631651861
1,9.17779816557096,1,19.7967440386773,1,17.3682357314152,1,20.1606900409847,1,16.6708228337753
1,6.52643425107268,1,17.7920104651404,1,12.9472302725095,1,21.1441383356669,1,16.6708228337753
1,6.93433639176472,1,16.0378685882956,1,14.5261607935472,1,19.9148279673142,1,17.0585163880492
1,8.5659449545329,1,18.2931938585246,1,15.4735191061699,1,22.1275866303491,0,16.6708228337753
1,5.48023070238215,1,9.23531199323628,0,7.9511048280418,1,31.3270612838672,1,16.7276075124444
1,7.09206326190631,1,12.9294367905308,1,9.48016344881907,1,33.446937611347,1,17.311128704739
1,7.57561302976356,0,11.6101065057827,1,8.56272827635271,1,33.2113957971825,1,17.1166216406408
1,10.6380948928595,1,16.0958294739261,1,7.64529310388635,1,32.2692285405249,1,16.7276075124444
1,8.22034605357323,1,15.3042313030773,1,10.7034103454409,1,31.5626030980316,1,17.1166216406408
1,5.75055830962681,1,11.4427588661627,1,33.4504381914415,1,21.682411667453,1,16.626737521909
1,6.09907699505874,1,13.7313106393952,1,16.5414254792843,1,22.1808579126819,0,16.8270596607272
1,6.62185502320663,1,18.3084141858603,1,8.45450635607862,1,21.682411667453,1,17.4280260771817
1,5.92481765234277,1,15.1616554976656,1,8.08691912320564,1,21.4331885448387,1,17.0273817995453
1,6.44759568049066,1,18.8805521291685,1,5.51380849309475,1,21.6824116674531,1,17.2277039383635
1,6.61225619959664,1,12.4347499662657,1,9.80252653854082,1,21.36803685457,1,17.7051715640037
1,5.91622923121805,1,13.5651817813807,1,9.80252653854081,1,20.2067305037782,1,17.5127240470036
1,6.438249457502,1,14.1303976889382,0,7.62418730775397,0,19.9744692336198,1,17.5127240470036
1,6.96026968378594,1,12.9999658738232,1,9.07641346161187,1,19.0454241529863,1,17.3202765300036
0,6.78626294169129,1,14.6956135964958,0,10.1655830770053,0,19.0454241529863,1,17.5127240470036
1,7.11561647949405,1,10.6126153552723,1,5.74751549494827,1,24.0422476089111,1,17.4410384005465
1,8.75768182091576,1,13.7339728127054,1,10.776591553028,1,23.3865499468499,1,17.0738586447455
1,27.2309169119099,1,62.1150134029174,1,11.4950309898965,1,22.2937205100812,1,17.257448522646
1,8.07348792865672,1,15.6067872871652,1,15.0872281742392,1,21.2008910733125,1,17.8082181563474
1,6.15774503033139,1,10.6126153552723,1,9.69893239772521,1,22.9494181721424,1,17.624628278447
1,7.21926291601695,1,13.8667750290464,1,15.8960592536003,1,21.1266811299525,1,17.1734195102009
1,5.84416521772801,1,12.248984608991,1,13.7406613887053,1,21.8231651232477,1,17.1734195102009
1,6.01605243001413,1,12.0178716918402,1,12.6629624562578,1,19.7337131433622,1,17.1734195102009
1,7.56303734058919,1,12.7112104432925,1,53.6155218892619,1,22.9839717787396,0,16.9826037378653
1,34.2055552449375,1,45.9914705130039,1,19.6680055171664,1,21.3588424610509,1,17.1734195102009
1,6.74893543832795,1,14.1977411306316,0,11.435331905392,1,19.9280676571147,1,16.9396010999557
1,9.29853327058517,1,22.2795322357603,1,10.8172058564519,0,19.9280676571147,1,17.7095829681355
1,7.19886446754981,1,14.4161679172567,1,12.0534579543321,1,20.8443006528441,1,17.3245920340456
0,6.44898275218004,0,20.5321179427595,1,8.34470166069146,1,19.6990094081824,1,17.1320965670006
1,7.64879349677168,1,16.1635822102575,1,13.5987730766824,0,21.7605336485735,1,17.3245920340456
1,6.82093678927482,1,18.289402835641,1,7.18457237597976,1,20.7336230254992,1,17.1733367242381
1,6.49613027549982,1,15.7840051869231,1,16.0934421221947,1,20.0425022579825,0,17.1733367242381
1,6.98334004616231,1,17.5377835410257,0,19.2546539676258,1,20.0425022579825,0,17.1733367242381
1,6.65853353238732,1,19.0410221302564,1,11.2079329065284,1,20.9639966146714,1,16.9759420492468
1,6.65853353238732,1,15.7840051869231,1,12.3574644866852,1,19.5817550796381,1,17.1733367242381
1,7.44599629704716,1,15.3896879014397,0,11.7135182168681,1,19.8784691821696,1,17.79993749996
1,5.98599702311635,1,12.5204240554086,1,8.85656255421734,1,19.8784691821696,1,17.2066062499613
1,3.9419980396132,1,6.52105419552532,0,11.142127084338,1,20.3251763548027,1,17.0088291666284
1,6.56999673268868,1,13.3029505588717,1,10.2850403855427,1,19.8784691821696,1,17.2066062499613
1,4.52599774918553,1,9.91200237719849,1,9.14225812048242,1,20.1018227684861,1,16.8110520832955
1,7.4915126157064,1,12.2658513110722,1,10.9112367608616,1,19.8557165013166,1,17.145169488466
1,5.48159459685834,1,9.81268104885779,1,10.2147748399555,0,21.1506545340111,1,16.9480985748055
1,6.57791351623,1,12.8791438766259,1,10.2147748399555,1,18.7766014740711,0,16.9480985748055
1,5.84703423664889,1,12.8791438766259,0,10.4469288135909,0,20.5031855176639,0,16.751027661145
1,4.38527567748667,1,10.1193273316346,1,9.98262086632015,1,18.7766014740711,1,17.145169488466
1,5.64592355373584,1,21.410767193714,1,10.6652665366203,0,17.1470959089384,1,16.684740819428
1,5.81198012884572,1,19.9640937346792,1,7.87198244369596,1,15.8862800332812,0,15.9176262989946
1,8.63494190571364,1,26.329456954432,1,9.39559194892744,0,16.894932733807,1,16.3011835592113
1,5.14775382840621,1,18.8067549674515,1,7.87198244369596,0,17.1470959089384,0,15.9176262989946
1,7.14043272972474,1,22.5681059609417,1,8.88772211385028,0,18.1557486094642,0,16.684740819428
1,4.70060983944363,1,17.2717228297351,1,7.12273019470585,1,19.8541999413938,1,17.712761830211
1,6.0436412221418,1,23.1747167082522,1,13.6260925463938,1,19.8541999413938,1,16.5700030024555
1,6.37939906781635,0,9.61969372795375,1,19.5100870550638,1,19.2067803780875,1,17.5223020255851
1,6.0436412221418,1,21.4256814849879,0,6.8130462731969,1,20.0700064624959,1,16.9509226117073
1,5.20424660795544,1,22.081569693712,0,7.4324141162148,1,19.6383934202917,1,16.7604628070814
1,5.7655340165331,0,12.5107824533438,1,7.86635210665111,0,18.1693527166586,1,17.2635496185714
1,7.73795354850495,1,15.1572941261666,1,11.7995281599767,0,16.7535589984774,0,17.2635496185714
0,5.91725859591555,1,13.7137423046269,1,13.9846259673797,1,46.9571583196762,1,39.0391633419967
1,7.13105523097515,1,14.1949262451401,1,8.30337166813172,0,23.5965619696865,1,16.8711962181493
1,8.1931272866523,1,15.8790700369364,1,6.55529342220926,1,20.2930432939304,1,17.0673729183603
1,9.35241556577388,1,20.6971040847863,1,7.27416567508189,1,22.0827121113823,1,17.3161168848002
1,8.51737846168692,1,17.7047516869859,1,10.1318736188641,1,21.1225941934962,1,17.5222611334287
0,6.84730425351302,0,13.7149484899186,1,8.83291546259943,0,19.2023583577238,1,17.7284053820573
1,4.84321520370433,1,12.7174976906518,1,9.87208198761113,1,18.4822699193091,1,17.7284053820573
1,6.34628199106085,1,11.2213214917516,1,9.87208198761113,1,21.6026531524392,0,17.3161168848002
1,9.33402977889979,1,9.60861482736566,1,11.3839048887098,1,20.2412128294545,1,17.1277827121169
1,9.50688218221275,1,16.7534822630991,1,15.178539851613,1,19.8150820330449,1,17.1277827121169
1,8.98832497227387,1,15.2752338281198,1,12.6487832096775,1,20.6673436258641,1,16.9374740153156
1,10.7168490054035,1,20.4491033505474,1,7.58926992580652,1,21.3065398204784,0,17.5084001057195
1,7.6055057457702,1,9.11586534903921,1,11.3839048887098,1,20.8804090240689,1,16.9374740153156
1,6.82971932172277,1,15.620538392813,0,8.28394982923732,1,21.0722632798107,1,17.2105672004862
1,6.82971932172277,1,18.9090727912999,1,12.1300693928118,0,23.8649728711109,0,17.2105672004862
1,5.03242476337467,1,14.7984047931912,1,12.1300693928118,1,22.0877940402835,0,17.2105672004862
1,6.47026041005315,0,10.4136922618753,1,12.7217800949002,1,50.5226553335219,1,38.9193508283723
1,7.90809605673162,1,15.3464938596057,1,12.7217800949002,1,20.8183805896925,0,17.2105672004862
1,5.88601646075952,1,10.6663938159644,1,11.1029786803651,1,19.0981492199552,0,16.6527449345897
1,7.45562085029538,1,20.2661482503324,1,6.16832148909171,1,20.1446231498157,1,17.0589094451894
1,6.86701920421944,1,10.9330536613635,1,7.09356971245546,1,20.667860114746,1,17.6681562110891
1,7.2594203016034,1,14.9329513423502,1,9.86931438254673,1,21.1910970796763,0,17.2619917004893
0,4.9050137172996,0,13.0663324245564,1,8.01881793581922,1,19.6213861848854,1,17.668156211089
1,6.82373848906344,1,13.556373573675,1,12.0267763533536,1,20.5472850460278,1,17.0809346843818
1,7.65590171943703,1,11.724431198854,1,10.9577295663888,1,23.4826114811746,1,17.0809346843818
1,33.1200965688689,1,72.9113065178735,0,14.4321316240243,1,18.0635472932112,0,17.6909680659669
1,7.15660378121287,1,13.556373573675,1,10.6904678696477,1,20.0956963636975,1,17.0809346843818
1,6.99017113513816,1,10.9916542489257,1,13.0958231403184,1,19.4183133402021,1,17.2842791449102
1,6.45919108589058,1,9.18900578047088,1,16.1454294906351,1,20.679459039272,1,16.8967678209125
1,35.7049729470063,1,58.9874887197969,1,14.9034733759709,1,18.79950821752,1,17.0887765461502
1,7.71514490814709,0,9.7818448630819,1,18.3188526912975,1,20.679459039272,1,17.0887765461502
1,9.68878662883588,1,21.9350460566079,1,13.6615172613066,1,20.8883424639111,1,16.8967678209125
0,6.27976911128251,1,13.0424598174425,1,16.1454294906351,1,21.0972258885502,0,16.7047590956749
1,30.2803351363798,1,48.4269096264411,1,10.9420133093703,1,20.4706074583781,1,17.2603239708324
1,7.76028689424808,1,18.0079965445057,1,8.56331476385502,0,18.3031313745498,1,16.8724515220496
1,30.2803351363798,1,48.4269096264411,1,5.70887650923668,1,19.0256234024926,1,17.066387746441
1,5.47784957241041,1,14.114375670018,1,10.4662736002673,1,20.4706074583781,1,17.2603239708324
1,5.17352459616538,1,14.114375670018,1,11.8934927275764,1,20.4706074583781,1,17.066387746441
1,6.70054974764671,1,15.8626413209765,1,12.5962344777853,1,21.6235193059399,1,17.7066217444083
1,5.65824200912389,1,12.6405423026532,1,12.2463390756246,0,21.6235193059399,0,17.5182534279784
0,6.4027475366402,1,16.358348862257,1,11.1966528691425,1,22.0693650648252,1,18.083358377268
1,8.04065969717606,1,11.6491272200921,1,18.1945609123566,1,23.8527481003666,0,17.8949900608382
0,8.78516522469236,1,19.5804478805804,1,9.09728045617828,1,23.8527481003667,1,18.083358377268
1,8.1279862080368,1,16.0017501995523,1,11.1122471880065,0,20.328392750464,1,17.0306520717664
1,8.8840779483193,0,16.7637383042928,1,12.6997110720074,1,20.5703974260648,1,16.8302914591574
1,5.85971098718932,1,9.90584536162759,0,8.73105136200508,1,20.328392750464,0,17.0306520717664
1,7.56091740282493,1,14.4777739900711,1,9.1279173330053,1,19.360374048061,1,16.8302914591574
1,7.37189446775431,1,11.1758255361952,1,10.318515246006,1,18.6343600212587,1,16.8302914591574
1,5.74738399084159,1,11.0197395574521,1,57.6674913210047,1,20.2744158938954,1,17.510733857145
1,33.6391004169846,1,62.6550906266565,1,13.6199602617448,1,20.0413766307472,1,17.1300657298157
1,6.9306689301325,1,15.427635380433,1,13.9097466502926,1,20.5074551570436,1,17.8914019844742
1,6.08546540206757,1,13.8533868722256,1,11.5914555419105,1,20.2744158938954,1,17.1300657298157
1,8.62107598626238,1,20.7800803083383,1,13.0403874846493,0,18.6431410518578,0,17.510733857145
1,7.90257361928205,1,13.4753368036707,0,8.27246879509226,1,21.4156620176126,1,17.0147351336067
1,6.8249499439254,1,11.6166696583368,1,8.61715499488777,1,22.3079812683464,1,17.2149084881197
1,7.90257361928205,1,10.9196694788366,1,8.96184119468328,1,21.4156620176126,1,17.2149084881197
1,11.3150485912447,1,18.1220046670054,0,8.27246879509226,1,20.7464225795622,1,17.4150818426328
1,5.20851443089044,1,9.99033590616967,0,7.23841019570573,1,21.6387418302961,1,16.8145617790937
1,7.27978538081701,1,33.1649850615713,1,27.9734510774612,1,22.3034226010037,0,17.020771928983
1,8.57396944851781,1,30.8578556659838,1,75.2259022218214,1,20.0975895965088,1,17.020771928983
1,7.44155838927961,1,22.7829027814273,1,29.8635491232356,0,19.8524970404538,0,17.2186878816456
1,7.60333139774221,1,28.2623350959478,1,21.5471177218282,1,19.1172193722889,1,17.020771928983
1,5.66205529619101,1,29.1275086192931,1,29.1075099049259,1,20.8328672646738,1,17.8124357396334
1,6.08598195862967,1,12.6872006012196,1,9.62597058505123,1,22.1434282297288,1,17.4344543058326
1,7.12929315153762,1,13.9310437974176,1,7.21947793878842,1,21.8766399378044,1,17.2340582793287
1,8.34648954326356,1,21.6428716138452,1,6.49753014490958,0,20.0091218943333,1,17.4344543058326
1,6.78152275390164,1,14.926118354376,1,8.18207499729355,1,20.2759101862577,1,17.0336622528249
1,8.17260434444556,1,16.169961550574,1,6.49753014490958,1,20.0091218943333,1,17.0336622528249
1,7.92141277520294,1,15.7469895454218,1,7.57088047941672,1,20.3797858882412,0,16.8851269716192
1,8.3697946304031,1,16.6218222979452,1,9.87506149489137,1,19.4427842382071,1,17.0748474993902
1,7.62249153840283,1,17.2050441329609,0,6.2542056134312,1,20.1455354757327,1,16.8851269716192
1,7.92141277520294,1,13.1224912878515,1,65.5045745827794,0,19.9112850632242,0,17.0748474993902
1,8.81817648560327,1,16.913433215453,1,65.5045745827794,1,20.1455354757327,1,17.0748474993902
1,5.07066134214335,1,16.0609985117668,1,11.0325837117565,1,21.6877233353241,1,18.5554625511241
1,5.88850994571486,1,13.1647528784974,1,9.65351074778692,1,20.3599035392839,1,18.1916299520824
1,6.70635854928637,1,15.271113339057,1,10.7567691189626,1,19.9172969406038,1,18.7373788506449
1,7.68777687357218,1,12.9014578209274,1,14.6181734180773,1,20.802510137964,1,17.8277973530408
1,7.36063743214357,1,18.4306540298964,0,4.41303348470259,1,23.6794530293845,1,18.1916299520824
1,7.70235581280445,1,13.4361513749121,0,13.2748857081448,1,21.5421753429639,1,16.747072181582
1,7.89985211569687,1,12.8644002525754,0,12.279269280034,0,17.1070215958831,1,17.8760882837111
1,6.71487429834234,1,12.0067735690704,1,12.6111414227376,1,42.0283616985277,1,37.445700720616
0,6.12238538966507,0,7.43276459037692,0,13.2748857081448,1,21.5421753429639,1,16.9352415319369
0,7.70235581280444,1,19.4395381594473,1,11.2836528519231,1,20.6973841530438,1,17.1234108822917
1,6.46372972945286,1,14.3224744979081,1,10.9117622188479,1,21.664833284355,1,17.24587477604
1,4.84779729708965,1,10.7418558734311,1,10.548036811553,1,21.4343563345214,1,17.4396486499281
1,7.00237387357393,1,14.5611824062066,1,11.2754876261428,1,21.8953102341885,1,17.8271963977043
1,7.36146996965465,1,16.2321377642959,1,10.184311404258,1,21.664833284355,1,17.24587477604
1,6.10463363337214,1,16.7095535808928,1,13.0941146626175,1,20.7429254850207,1,17.24587477604
1,32.4794570262179,1,49.9576594720356,0,5.01280984378916,1,22.2011744870474,1,17.2205297696707
1,9.13994770587036,0,12.0500887168729,1,9.02305771882049,1,23.770954501283,1,16.6267183983028
1,6.2021073718406,1,20.0834811947882,1,8.52177673444157,1,22.4254287747953,1,17.2205297696707
1,5.38604061238789,1,16.5688719857002,1,10.5269006719572,1,22.6496830625433,1,17.0225926458814
1,8.32388094641765,0,5.02087029869704,1,8.02049575006265,1,24.219463076779,1,16.8246555220921
1,8.22075596864739,1,28.3851114257217,1,11.3021550474325,1,20.4142024919748,1,17.1440059664116
1,7.87822446995375,1,27.4980766936679,1,7.10421174410043,1,18.6715266694892,1,16.3647329679384
1,8.22075596864739,1,26.0196854735782,1,8.07296789102321,1,20.9121098698279,1,17.33882421603
0,8.04949021930057,1,24.8369724975065,1,11.6250737630734,1,20.6631561809013,0,17.33882421603
1,7.53569297126011,1,25.4283289855423,1,10.0104801848688,1,19.9162951141218,1,17.1440059664116
1,7.19026428567649,1,17.5825559628081,1,12.0947419569391,1,44.938835495423,1,41.0440430897497
1,6.66414738672455,1,13.4799595714862,1,9.30364765918394,1,44.938835495423,1,41.0440430897497
0,6.13803048777262,0,12.893874372726,1,11.8621507654595,1,22.3565061007381,1,16.9126207706506
1,5.61191358882068,1,16.7034281646677,1,12.7925155313779,1,22.3565061007381,1,16.500117825025
1,8.41787038323102,1,15.5312577671472,1,10.6991948080615,1,22.5823293946849,1,17.1188722434635
1,9.2302587267481,1,34.0891888944888,1,8.54124101100114,1,26.9945993906059,1,17.1905789238089
1,6.5676840940323,1,35.8373524275396,1,9.54609289464833,1,26.2583830435894,0,16.9952314360384
1,7.81021892263301,1,39.0423189047992,1,9.04366695282473,1,26.7491939416004,1,17.1905789238089
1,4.97013931440283,1,36.4200736052231,1,10.5509447782955,1,26.9945993906059,1,16.4091889727267
1,10.8278035063776,1,34.0891888944889,1,99.9827624228957,1,25.2767612475674,0,16.9952314360384
1,5.82808405150976,1,11.2126685039381,1,11.149100088632,1,20.4919590490651,1,17.1120072944868
1,7.65976761055568,1,12.2320020042962,1,10.6052415477231,1,20.2762542169697,1,16.6946412629139
0,6.16111742588174,1,13.9308911715595,1,54.1139248204333,0,20.4919590490651,0,16.6946412629139
0,7.1602175489977,0,11.2126685039381,1,8.15787811363316,1,42.925261586989,1,41.5279201414984
1,6.66066748743972,1,12.5717798377488,0,11.149100088632,1,20.2762542169697,0,16.9033242787003
1,6.02149069411607,1,9.5227839696815,1,17.9592008633162,1,21.5049874877853,1,16.7868704684495
0,3.70553273484066,1,8.4344658017179,1,14.2065320262054,1,21.7579873405827,1,17.3936248227308
1,10.1902150208118,0,13.0598180155632,1,13.4023887039673,1,24.03498601576,0,16.3823675655953
1,8.49184585067652,0,13.8760566415359,1,9.11362431869777,1,23.0229866045701,1,17.1913733713037
1,6.48468228597116,1,8.9786248856997,1,13.4023887039673,1,19.9869883710004,1,17.798127725585
1,6.30011937270131,1,10.3245557182789,1,14.6857278494097,1,23.1270172230473,1,17.0162560767084
1,6.47039286926081,1,13.5981953362698,1,6.11905327058739,1,45.5670933404596,1,37.211373178736
1,7.66230734517728,1,15.1091059291887,1,9.17857990588109,1,22.8980368545023,0,16.8292642516896
1,8.17312783485576,1,17.8791086828733,1,7.64881658823424,1,45.5670933404596,1,37.211373178736
1,6.30011937270131,1,9.82091885397265,1,13.1559645317629,1,21.2951742746871,0,16.8292642516896
1,5.39423321740955,1,15.0778226964988,1,13.6118635768393,1,19.0134594618884,1,16.8683406528268
1,6.34615672636418,1,13.7275699177079,1,13.9359555667641,1,20.7880490116647,1,17.243192667334
1,7.29808023531881,1,15.3028648262973,0,7.45411576826916,1,18.2529210834129,1,16.8683406528268
1,6.50481064452328,0,13.0524435283124,1,15.5564155163878,1,19.2669722547136,1,16.8683406528268
1,8.40865766243254,1,18.2284125136777,1,14.2600475566888,1,19.2669722547136,1,16.8683406528268
1,7.44483926219088,1,11.5457635957125,1,55.415721266933,1,21.6573697526447,1,17.4381912527337
1,6.79746193504385,0,13.7449566615624,1,11.417309406755,1,20.5410104870445,1,17.4381912527337
1,7.93037225755116,1,13.4700575283312,1,7.79718691193027,1,21.4340978995247,1,17.4381912527337
1,7.93037225755116,1,12.3704609954062,1,10.8603674844743,1,20.3177386339244,1,16.8503870532034
1,7.28299493040412,1,14.5696540612562,0,4.45553537824587,1,20.5410104870445,1,17.0463217863801
1,5.39328930383868,1,10.7622610065757,1,9.5424683606841,1,19.7653500749375,1,17.4581175253375
1,6.23599075756347,1,14.0737259316759,1,15.3361098653852,0,18.1841220689425,1,17.8737869902265
1,7.92139366501306,1,20.1447449610264,1,17.0401220726502,1,19.7653500749375,1,17.4581175253375
1,7.07869221128827,1,13.7977705212509,1,10.2240732435901,1,20.2924260769358,1,17.8737869902265
0,7.07869221128827,1,16.0054138046511,1,8.17925859487208,1,21.3465780809325,1,17.4581175253375
0,6.27966351012123,0,17.2793888666487,1,16.1123035990283,0,19.6458226436681,1,17.0904205118758
1,9.58474956807978,1,18.7604793409329,1,10.6402004899244,1,21.1192593419432,1,17.6730484838715
1,9.088986659386,1,16.2919952171259,1,12.7682405879092,0,19.4002498606222,0,17.4788391598729
1,8.75847805359014,1,21.4758118771205,1,15.2002864141777,1,18.6635315114847,0,17.0904205118758
1,10.2457667796715,1,20.7352666399784,1,17.024320783879,0,17.6812403793013,0,17.0904205118758
1,32.2801317506626,1,54.1244418604883,1,10.2192802949018,1,49.2961676492689,1,40.8556618466751
1,5.67741010690046,1,15.7749629543132,1,10.8032391688962,1,20.3129937047239,1,17.2456060056317
1,5.67741010690046,0,10.3353205562741,1,8.17542423592142,1,21.3038714464177,1,17.0403011722313
1,7.29952728030059,1,12.7831596353917,1,9.92730085790458,1,20.3129937047239,1,17.6562156724324
1,8.43500930168069,1,17.6788377936268,1,10.511259731899,1,20.3129937047239,1,17.2456060056317
1,9.76135969351132,1,8.56965395292188,1,10.6628243566418,1,24.2441757257748,1,17.0789167254863
1,10.1099796825653,1,11.3340584538644,1,10.6628243566418,1,23.0896911674046,0,17.2686824668806
1,10.9815296552002,1,14.098462954807,1,11.46253618339,1,24.4750726374489,1,17.0789167254863
1,10.8072196606732,1,9.6754157532989,1,7.99711826748138,1,45.9484854231351,1,37.7633825374641
1,9.06411971540337,1,8.56965395292188,1,10.9293949655579,1,24.0132788141008,1,16.889150984092
1,8.96575152089563,1,17.1168745927309,1,7.24548165049413,1,19.6471359658552,1,16.7816244937824
1,7.03196197717304,1,20.9206245022266,1,9.58273379581482,1,23.2193425051016,0,16.9913947999546
1,7.03196197717304,1,18.3847912292295,1,8.64783293768655,1,21.2099763267755,1,18.040246330816
1,6.15296673002641,1,22.5055202978499,1,9.34900858128275,1,21.6565021441813,1,17.6207057184715
1,5.80136863116776,1,14.2640621606091,1,8.18038250862241,1,29.024178131377,1,17.8304760246438
1,7.06383049597822,1,11.1583705106757,1,13.1376405844173,1,22.5001291975214,1,17.3966217934836
0,3.02735592684781,1,7.62035059265655,1,10.5672326439878,1,21.4888874358351,1,17.3966217934836
1,5.55015253255432,0,6.80388445772906,1,9.71042999717799,0,20.4776456741487,1,17.8108270742808
0,4.87740677103258,0,8.98112748420236,1,9.42482911490805,0,21.7416978762567,1,17.8108270742808
0,2.35461016532608,1,7.89250597096571,1,12.2808379376075,1,25.5338544825805,1,18.4321349954767
1,7.03122406986603,1,16.2203994545264,1,9.11572127689366,1,21.2164661328011,1,17.6240538035476
1,6.41082194605432,1,16.5976180464921,1,13.1671529555131,1,21.2164661328011,0,17.6240538035476
1,5.37681840636814,1,7.92159043128033,1,11.1414371162034,1,20.3039299550462,1,17.8115437376278
1,6.82442336192879,1,12.4482135348691,1,8.35607783715252,1,20.0757959106075,1,17.4365638694673
1,8.06522760955221,1,15.4659622705949,1,11.3946515961171,1,22.5852703994334,1,17.4365638694673
1,7.59830921245468,1,12.4963772153678,1,13.2597598935805,1,21.5951136273778,1,16.8871439619653
1,7.29437684395649,1,14.6184035349586,1,12.9891525488136,1,23.815172037669,1,16.6974007713815
1,7.75027539670377,1,12.2605965131911,1,10.553686445911,1,21.3932901355331,1,16.6974007713815
1,5.62274881721646,1,8.2523245761863,1,8.38882768777543,1,21.1914666436885,1,16.6974007713815
1,9.87780197619108,1,20.2771403872006,1,11.0949011354449,1,21.1914666436885,1,17.456373533717
1,9.57270688939735,1,19.649361748281,1,11.5370588696836,0,17.1540764522327,1,16.915304245763
1,7.21421388766177,1,17.0487109286556,1,6.92223532181018,1,21.075008212743,0,16.915304245763
1,9.29523712448728,1,15.6039049177525,0,10.548168109425,1,23.7706487980939,1,17.7207949241327
1,10.5438510665826,1,23.98377978099,1,10.8777983628446,1,19.3596005675198,1,16.7139315761706
0,4.43951623856109,1,10.6915644806823,1,9.55927734916644,1,22.5453576229344,1,17.5194222545402
1,31.2202208798977,1,51.7654631275094,1,7.02804605133362,0,17.3673313495134,1,17.3850396881052
1,6.90296341063065,1,17.6887009681942,1,8.19938705988922,1,20.7072027628814,0,16.6208621193973
1,6.58919234651107,1,17.1684450573649,1,8.19938705988922,1,19.1485961033097,1,17.0029509037512
1,6.43230681445128,1,13.5266536815603,1,8.19938705988922,1,20.7072027628814,1,17.0029509037512
1,5.96165021827192,1,13.2665257261456,1,7.32088130347252,0,20.2618865744324,1,17.1939952959282
1,7.74421912506424,1,14.4445685936466,1,9.85187981890958,1,18.9259411653308,1,17.5658535135988
1,7.23916135603831,1,17.8300143577825,1,8.86669183701862,1,21.5949841501852,1,17.1573452923523
1,6.56575099733707,1,11.9619083666136,0,7.14261286870945,1,18.9259411653308,1,17.9743617348452
1,9.09103984246672,1,17.1529252049553,1,6.65001887776397,1,21.5949841501852,1,17.1573452923523
1,7.74421912506424,1,14.4445685936466,1,7.63520685965493,1,18.6833008939804,1,16.7488370711058
1,9.43514822500428,1,16.5900875811255,1,5.40196367011025,1,20.5061912566907,1,17.1826288997379
1,6.78668556535395,1,13.6466849457645,1,8.40305459794928,1,21.4075623009408,1,16.8049887041393
1,8.44197472763541,1,16.5900875811255,1,6.90250913402977,1,22.0835905841284,1,16.8049887041393
0,9.10409039254799,0,17.927997869926,1,8.70316369073319,1,20.9568767788157,1,17.1826288997379
1,6.62115664912581,1,14.1818490612847,1,6.60240004124586,1,20.9568767788157,1,16.9938088019386
1,8.11193436531747,1,13.7814115257421,1,7.44513890909987,1,20.5150548874817,0,17.1766568439074
1,5.8682078387403,1,8.91738392842135,1,4.8679754405653,1,21.176830851594,1,17.5460473136688
0,7.4215569725245,0,15.4027540581823,1,6.87243591609219,1,20.9562388635566,1,17.1766568439074
1,3.62448131216312,1,6.48537012976098,1,8.59054489511524,1,22.5003827798187,1,17.3613520787881
1,8.80231175811045,1,13.2409640149287,0,10.5950053706421,1,20.9562388635566,1,17.5460473136688
1,8.18960215865483,1,18.1947325114893,1,13.445660301376,1,20.9754403918826,1,16.8357038588627
1,8.01898544701619,0,21.5028656953965,1,17.3492390985497,1,20.5093194942852,1,17.0337709630846
1,8.53083558193211,1,11.8541439090006,1,14.3131222563035,1,23.3060448798696,0,17.0337709630846
1,8.01898544701619,1,19.0217658074661,0,9.5420815042023,1,20.7423799430839,1,17.2318380673066
1,7.16590188882298,1,13.2325327356286,0,9.54208150420231,1,22.8399239822722,1,17.2318380673066
1,4.76332613451332,1,17.7994442264,1,8.16659490866575,1,21.3965599137116,1,17.3439686171605
1,9.14558617826558,1,12.6707908052339,1,8.16659490866575,1,19.7817252032428,1,16.9542165134041
1,8.38345399674344,1,11.7657343191458,1,8.95691054498824,1,20.7909968972858,1,16.7593404615259
1,9.14558617826557,1,14.4809037774102,1,6.8494021814616,1,21.194705574903,0,17.5388446690387
1,9.71718531440717,1,17.4977587310373,1,9.4837876358699,1,19.5798708644342,1,17.5388446690387
1,6.81103956502149,1,15.244337032484,1,11.916584480436,1,20.2045618491434,1,17.3738623462548
1,8.0494103950254,1,13.2450797167484,1,11.916584480436,1,20.2045618491434,1,17.5758840014438
1,6.19185415001954,1,17.7434086771535,1,5.76608926472709,0,20.4450923473475,1,17.5758840014438
0,6.03705779626905,1,16.4938728548188,1,10.7633666274906,0,20.2045618491434,1,17.3738623462548
1,5.72746508876807,0,12.9951725522815,1,9.61014877454515,1,20.6856228455516,1,17.1718406910658
1,11.2894510886447,1,30.6803826192211,1,11.1446568244454,1,19.8213167691869,1,17.5869947533289
1,8.51050928220907,1,26.1768402163997,1,4.92438324801077,1,19.8213167691869,0,17.0374011672873
1,6.94735451608904,1,24.2065404151653,1,9.07123229896721,0,20.049147996419,0,16.8542033052735
1,11.1157672257425,1,30.3989112190448,1,10.8854787587606,1,19.8213167691869,1,17.0374011672873
1,34.563088717543,1,56.0128086350918,1,6.99780777348899,1,20.504810450883,0,17.0374011672873
1,8.46541256140136,1,16.0045588087939,1,13.2576393623863,0,21.8248140848081,1,16.9633039522743
1,5.87395973648258,1,16.2713014556071,1,6.8573996701998,1,22.5140187401178,1,17.5691362362841
1,6.04672325814383,1,20.2724411578056,1,8.22887960423976,1,21.3653443146016,1,17.5691362362841
1,7.42883143143385,1,16.0045588087939,1,14.1719593184129,1,19.2977303486724,0,16.7613598576044
1,7.25606790977259,1,17.8717573364865,1,10.9718394723197,1,22.7437536252211,1,17.5691362362841
1,8.2187322153566,1,14.4740002125709,1,15.4586989872826,1,20.1605646224274,1,16.7777354955843
1,37.1710843376355,1,65.4619555068546,1,13.8812807232742,1,18.5002828299922,1,16.9683915807614
1,5.41689168739412,1,18.0925002657136,1,12.9348297648691,1,47.1994395278006,1,37.9405609502417
1,6.35083853004829,1,15.460863863428,1,13.5657970704725,1,19.2118321696073,1,16.7777354955843
1,5.97725979298662,1,20.7241366679992,1,16.7206335984894,1,19.6861983960174,1,17.1590476659384
1,8.85128819048962,0,11.9501231866068,1,7.34939127283758,1,20.1047052882703,1,16.5699018480795
1,10.0721555271089,1,16.3221194743898,1,6.5891094170268,1,21.6018641927159,1,16.9644233206529
1,8.5460713563348,1,16.9050523127608,1,11.4042278371618,1,22.8851432536694,1,17.3589447932262
1,30.369074998404,1,58.0018174179207,1,13.6850734045941,1,23.5267827841461,1,17.1616840569395
1,10.3773723612637,1,16.9050523127608,1,15.4590644014859,1,21.3879843492237,1,16.7671625843662
1,11.639457808631,1,19.7525608963125,1,10.8211439998833,1,21.0783248913535,1,16.9642687316585
1,11.2971208142595,1,20.3897402800645,1,10.8211439998833,1,48.2136396940156,1,38.3623804272731
1,10.6124468255165,1,19.7525608963125,1,11.1593047498796,1,20.8360452949012,1,16.7714929506169
1,11.2971208142595,1,18.4782021288085,1,11.8356262498723,0,21.0783248913535,0,17.1570445127
1,11.1259523170737,1,19.1153815125605,1,13.1882692498577,1,25.1970780310433,1,18.3136991989495
1,4.91299896662273,1,13.0409150659541,1,14.8679455881819,1,20.8280170616765,0,17.8831661057199
1,8.47068787348746,1,13.0409150659541,1,68.8074691174001,1,20.5800644776089,1,17.2870605688626
0,5.92948151144122,1,13.3669379426029,1,15.2137117646513,1,22.0677799820144,1,17.6844642601008
1,3.55768890686473,1,12.7148921893052,1,11.0645176470191,1,20.8280170616765,1,17.2870605688626
1,8.64010163095721,1,14.3450065725495,1,14.1764132352432,1,21.3239222298117,1,17.0883587232435
1,6.75497761540606,1,14.8364849393949,1,10.6841785443725,1,18.6555650525991,1,17.7139789463069
1,6.58177306116487,1,16.3504119740271,0,11.8713094937472,1,20.475620179682,0,17.12351298143
1,7.62100038661196,1,16.6531973809535,1,9.20026485765411,1,19.5655926161406,1,17.3203349697223
0,5.02293207299425,1,13.6253433116892,1,7.71635117093571,1,20.7031270705673,1,17.5171569580146
1,6.75497761540606,1,15.7448411601742,0,5.34208927218626,1,19.7930995070259,1,17.12351298143
1,5.88846385771035,1,13.0836977564129,1,6.83334298870239,1,21.9453946094359,1,17.0865364133398
0,4.45613481124026,1,14.1517547161201,1,14.1379510111084,1,20.9246785810901,1,17.890608715144
1,6.20675920137037,1,15.2198116758273,1,46.8908708535095,1,20.6694995740036,1,17.4885725642419
1,6.20675920137037,1,14.6857831959737,1,10.8390957751831,1,22.7109316306953,1,17.689590639693
1,6.20675920137037,1,15.2198116758273,1,11.3103608088867,1,21.1798575881766,1,17.4885725642419
1,6.5630358319372,1,12.3926218513675,1,12.0731812448493,1,20.9228181788886,1,17.3195649798327
1,5.64726339027154,1,14.0090507885024,1,11.5244002791744,1,21.1749003256222,1,17.9100046950543
0,5.0367484291611,1,12.3926218513675,1,12.8963526933618,1,21.1749003256222,1,17.3195649798327
1,7.63143701388046,1,11.0455977370884,1,18.9329433157865,1,20.670736032155,1,17.5163782182399
1,7.17355079304763,1,19.1277424227629,1,10.9756193134994,1,20.4186538854214,1,17.1227517414255
1,4.22306823278322,1,24.6787464518608,1,14.1486676589844,1,17.7145332065288,1,16.2866524278687
1,4.59029155737307,1,27.231720222743,1,11.688029805248,1,21.2574398478345,1,16.6989727424983
1,3.85584490819338,1,24.2532508233804,1,11.3804500735309,1,25.4646414843851,1,17.3174532144427
0,2.75417493442384,1,20.4237901670572,1,9.53497168322862,1,20.8145765176713,1,16.6989727424983
1,36.5387207966896,1,84.6736300675914,1,7.6894932929263,1,22.8074615034058,1,16.9051328998131
1,10.9535259033378,1,20.9091610298687,1,12.7472070202119,1,17.9141560371142,1,16.9445759918354
1,9.60123875477759,1,17.6923670252736,0,4.36088661217775,1,18.1299892423806,1,17.1537682880309
1,26.9105142563485,1,53.3451672428703,1,8.05086759171277,1,22.6624865529757,0,16.9445759918354
1,6.89666445765714,1,15.8159038559264,1,9.05722604067688,1,19.2091552687128,0,16.9445759918354
1,8.51940903592941,1,17.1562346911744,1,4.69633942849912,1,20.288321295045,1,17.3629605842264
1,4.50390721612784,1,13.2726606022917,1,7.9366109878179,1,19.8267482605129,0,16.8333038870935
1,28.9121785809497,1,56.1970097841711,1,5.86619073012628,1,21.2774859381114,1,17.2293816256134
1,5.08505653433788,1,12.9902635682003,1,6.21126077307488,1,21.7610651639776,0,17.0313427563534
1,8.28137778449312,1,16.3790279772961,1,7.5915409448693,0,20.3103274863791,0,16.6352650178336
1,7.11907914807304,1,14.9670428068395,1,8.28168103076651,1,21.0356963251783,1,16.8333038870935
1,8.72553477245576,1,17.219792440949,1,10.198380312595,1,22.42870576333,1,17.1819281515787
1,8.24959651213999,1,17.219792440949,1,6.11902818755701,1,22.664797402944,1,16.982138289351
1,5.71125912378922,1,13.7220221013812,1,9.61561572330387,1,21.720430844488,1,16.982138289351
1,9.0428269459996,1,18.8341479822879,1,8.45008654472158,1,46.982236283186,1,39.7581825833042
1,4.91802868992961,1,18.0269702116184,1,57.9850766344688,1,21.956522484102,1,17.581507876034
1,7.00998851720866,1,19.6063896163824,1,11.9104762882901,1,21.5943688175726,1,17.0013093250974
1,7.76782511366365,1,17.9725238150172,1,10.6783580515704,1,23.3938995523703,1,16.6104746279687
1,6.63107021898116,1,18.9528432958363,1,9.44623981485073,1,21.5943688175726,1,17.392144022226
1,7.00998851720866,1,16.338658013652,1,8.21412157813107,1,21.8193101594223,1,17.392144022226
1,16.8618642711235,1,23.8544406999319,1,11.9104762882901,1,21.1444861338731,1,16.805891976533
1,9.1381040760031,1,19.2989745135673,1,12.9900215538615,1,20.4439231241931,1,17.3922979566803
1,7.14433591396606,1,16.1203198878033,1,13.5548050996815,1,20.4439231241931,1,17.2072735103326
1,8.14121999498458,1,14.7580393339044,1,13.8371968725916,1,20.2142161227976,1,17.3922979566803
1,6.47974652662038,1,17.0285069237358,1,14.4019804184116,1,19.9845091214022,1,17.022249063985
1,10.1349881570216,1,24.0669564522133,1,14.4019804184116,1,19.9845091214022,1,17.2072735103326
1,6.12544784668034,0,10.0181131834232,1,12.5440143287243,1,21.2938739014858,1,16.9461694737326
0,4.44094968884324,0,10.3520502895373,1,23.2523192434889,1,21.9524473211194,1,17.1455361734235
1,5.97231165051333,0,11.0199245017655,1,13.4618690357041,1,22.1719717943306,1,17.3449028731145
1,8.57562698535247,1,10.6859873956514,1,10.7083049147646,1,23.0500696871753,1,17.5442695728055
1,7.80994600451743,1,11.3538616078796,1,12.5440143287243,1,21.9524473211194,1,17.7436362724965
1,6.48476503164722,1,16.8181799189653,1,6.18977524647907,1,20.4661281964675,1,17.7156935145375
1,6.65541674300636,1,16.8181799189653,1,6.43736625633823,1,20.000988919275,1,17.5311550404278
1,8.19128214523859,1,19.5640052118576,1,7.67532130563405,1,23.9546727754108,1,16.6084626698789
1,8.02063043387945,1,21.9666023431384,1,10.3988224140848,1,19.0707103648901,0,17.1620780922082
1,7.84997872252032,1,15.1020391109076,1,9.65604938450735,1,20.000988919275,1,17.346616566318
1,7.30778766461644,1,16.8295694939383,1,19.9636333975241,1,21.0854634794388,1,17.5251548969379
1,8.29532653821326,1,16.4861088920212,1,65.1272630509394,1,23.1042844508744,1,17.3387170788854
1,5.13520214270345,1,12.0211210670988,1,13.4181798245654,1,19.5152693905444,1,17.7115927149904
1,7.30778766461644,0,11.3341998632646,1,11.4545437526778,1,19.739582831815,1,17.5251548969379
1,7.90031098877453,1,13.7384240766843,1,10.7999983953819,1,21.0854634794388,1,17.3387170788854
1,6.90790387993487,1,12.2607442637228,1,6.20571678701616,1,19.7787297995878,0,17.3585395816241
1,8.92972940576946,1,27.5866745933762,1,7.92952700563176,1,19.7787297995878,1,17.5535793522042
1,6.06547657750379,1,11.5533936331234,1,7.24000291818551,1,20.6263896481416,1,17.5535793522042
0,5.05456381458649,1,11.5533936331234,1,4.13714452467744,1,20.3438363652903,1,17.5535793522042
0,5.05456381458649,1,13.2038784378553,1,6.8952408744624,1,22.0391560623979,1,17.5535793522042
1,7.14467767283713,1,12.3741285312817,1,31.0118775390519,1,24.2058606968057,0,17.8639854765253
1,7.14467767283713,1,13.519881173067,1,8.02031315665135,1,19.3646885574445,1,17.3171287782643
1,6.81236708340285,1,15.1239348715665,1,6.68359429720946,1,21.5652213480632,1,17.3171287782643
1,6.81236708340285,1,12.1449780029246,1,8.82234447231649,1,22.6654877433726,1,17.3171287782643
1,6.81236708340285,1,14.6656338148523,1,8.82234447231648,1,19.1446352783827,0,16.9525576460903
1,9.50241118532613,1,33.1504853357036,1,9.25702317789942,1,22.2952877266238,1,17.2829829012428
1,8.75712403353585,1,32.8742312912394,1,7.93459129534236,1,22.2952877266238,1,17.4887326976862
0,9.6887329732737,1,30.6641989355258,0,11.1084278134793,1,20.6524770520304,1,17.6944824941295
0,9.31608939737856,1,32.321723202311,1,13.2243188255706,1,20.6524770520304,1,17.0772331047994
0,8.57080224558827,1,27.3491504019554,1,7.93459129534236,1,20.8871642912581,1,16.8714833083561
1,6.99336051024591,1,13.8652889565946,1,9.45655925283846,1,27.4194420642416,1,16.8139828479345
1,7.3112405334389,0,11.8845333913668,1,10.5072880587094,1,45.094784882513,1,40.3130432137225
1,6.35760046385992,1,15.5630794410756,1,9.71924145430619,1,23.113909839278,1,17.4217171677394
1,6.67548048705291,1,12.1674984721136,1,8.66851264843525,1,27.6460490234502,1,16.6114047413329
1,6.35760046385992,1,12.7334286336073,1,8.66851264843525,1,25.6065863905727,0,16.8139828479345
0,5.49811760952759,1,16.2784945700714,1,8.28393533392762,1,19.6947062958328,1,17.0275856931897
0,4.85128024370082,1,15.9825219415246,1,9.94072240071315,1,18.1100747547888,1,17.0275856931897
1,6.95350168263784,1,11.8389051418701,1,9.94072240071315,1,19.0155784925282,0,17.0275856931897
1,9.70256048740164,0,25.157673426474,1,10.2168535785107,1,20.6002100335722,1,16.8340904012217
1,6.14495497535437,1,16.8704398271649,1,10.4929847563083,1,22.4112175090511,1,16.6405951092536
1,6.82168826897103,1,15.3528143643751,1,9.01403922865013,1,19.7713951349118,1,16.7079310455044
1,5.23524913665218,1,10.1526675635383,1,11.9303460379193,1,20.6310210103427,1,17.6259492348179
1,5.71118087634784,1,10.4002936016734,1,52.7586413676875,1,19.1266757283385,1,17.2587419590925
1,5.86982478957972,1,13.1241800211593,0,7.95356402527952,1,20.416114541485,1,17.2587419590925
1,14.1193082776377,1,38.8772879872078,1,10.3396332328634,0,18.6968627906231,0,17.2587419590925
1,6.13103038360446,1,9.42282584361523,1,10.2285045795769,1,40.6543192897695,1,37.9464738991829
1,8.11459903712355,1,12.661922227358,1,10.5481453476887,1,23.2894090403705,1,16.7803502669754
1,7.75395019102917,1,16.4899452263266,1,7.99101920279447,1,22.0636506698247,1,17.9244650579055
1,8.11459903712355,0,12.072995612132,1,9.90886381146515,1,23.6979951638858,1,16.7803502669754
1,6.49167922969884,1,13.8397754578099,1,7.99101920279447,0,20.2250131140059,1,17.1617218639521
1,6.47241524827829,1,12.8173723195104,1,7.29649936820056,1,19.8939268750161,0,17.3217051597131
1,5.87033010890356,0,9.9690673596192,1,13.8980940346677,1,19.8939268750161,1,17.3217051597131
1,6.92397910280933,0,10.9185023462496,0,6.60159466646717,1,20.1365357393455,1,17.3217051597131
1,7.52606424218405,1,10.681143599592,1,11.4659275786009,1,48.2791640015634,1,40.5531685503872
1,7.37554295734037,1,12.1052960795376,1,10.4235705260008,1,20.8643623323339,1,17.1179203931283
1,6.355613834259,1,14.1867193262825,1,8.48214502811707,1,21.973905198514,1,17.519842074893
1,5.64943451934133,1,13.9462664563456,1,7.89716950893658,1,19.6497421486712,1,16.9723470100526
1,5.64943451934133,1,14.4271721962195,0,10.822047104839,1,20.0723172486426,1,16.9723470100526
1,6.53215866298842,1,12.7440021066606,0,8.77463278770731,1,21.7626176485283,1,17.519842074893
0,5.11980003315309,0,12.7440021066606,1,8.77463278770731,1,20.0723172486426,1,17.1548453649994
1,4.56405933826829,1,11.6438803070762,1,8.49527987358621,1,20.6632655168243,0,17.6095555905446
1,5.79284454472513,1,14.6294906422239,1,11.0209036197875,0,20.6632655168243,0,17.2267391646632
0,4.21297785070919,1,11.3453192735614,1,7.80647339734949,1,21.1494599995731,1,17.0353309517225
1,5.44176305716604,1,14.6294906422239,1,9.87289282605965,1,21.3925572409475,1,17.0353309517225
1,2.63311115669324,1,7.16546480435456,1,8.72488203233178,1,22.3649462064451,1,17.2267391646632
1,5.9474912436732,1,13.0366254751158,1,8.96073930160316,1,21.1789202291202,1,16.9656652743617
1,7.92998832489761,1,14.3946072954404,0,9.82790762111314,1,19.1856100899089,1,17.7640495225669
1,5.6424916927156,1,12.493432746986,1,7.51545876908652,1,20.6805926943174,1,17.5644534605156
1,7.0149896720248,1,16.2957818438948,1,7.51545876908652,1,21.4280839965216,1,17.165261336413
1,6.4049905701096,1,13.3082218391808,0,9.53885151460981,1,21.9264115313244,1,17.165261336413
1,7.06290962107609,1,13.2455638809279,1,10.4223259676,1,20.4205654404639,1,17.6607516618429
1,8.26510700338691,1,16.4129813307151,1,11.4912824770975,1,20.1553632918864,1,16.7886157773074
1,6.61208560270953,1,16.7009283716048,1,9.62060858547695,1,21.2161718861963,1,17.2246837195751
1,5.86071223876527,1,15.5491402080458,0,5.87926080223592,1,20.9509697376188,0,17.6607516618429
1,6.46181092992068,1,13.8214579627074,1,9.35336945810259,1,20.4205654404639,0,17.8787856329767
1,6.21021994561836,1,9.48846057717194,1,14.2961357639699,1,19.9969866276073,0,16.9020862770691
1,6.98649743882066,1,12.9598485932105,1,11.1882801631069,0,19.9969866276073,1,17.1057258707687
1,6.52073094289928,1,14.11697793189,1,10.255923482848,1,18.0695662297657,1,16.4948070896698
1,6.52073094289928,1,12.2655709900028,1,9.94513792276169,0,19.2742039784167,1,16.6984466833695
1,6.0549644469779,1,11.5712933867951,1,10.255923482848,0,18.3104937794959,1,16.6984466833695
1,9.40605820746541,0,18.0692707771059,1,11.8607292384499,1,20.6683716857128,1,17.1340492749438
1,6.53641333061156,0,10.1484945460458,0,11.087203418551,1,20.8906122414731,1,16.7574767634065
1,9.40605820746541,1,18.3167950343265,1,7.47741625902279,1,26.4466261354819,1,17.8871942980182
0,5.42044032294617,1,12.6237371182521,1,9.02446789882061,1,27.3355883585233,1,17.510621786481
1,9.08720877670387,0,16.5841252337821,1,11.087203418551,1,23.5574989105973,1,17.6989080422496
1,6.90721922893829,1,12.4251650841914,1,12.4704052592914,1,22.4959595720022,1,17.2187325194212
1,7.05111962954117,1,11.5376532924635,1,5.17065583921839,1,21.8879606646508,1,17.2187325194212
1,5.46821522290948,1,15.0877004593753,1,12.7745614851278,1,21.8879606646508,1,17.428717062341
1,8.49012363556998,1,10.6501415007355,1,60.5270889414388,1,23.1039584793536,1,17.2187325194212
1,7.6267212319527,0,13.01683961201,1,12.4704052592914,1,22.7999590256779,1,16.7987634335817
1,7.73329945543963,1,16.1683303228082,1,52.3049648333891,1,24.1358721779799,1,17.1528087397251
1,6.22026260546231,1,18.4139317565316,1,8.14800959716112,1,21.1758123825673,0,16.9533574753097
1,6.22026260546231,1,19.7612926167656,1,8.14800959716112,1,21.8589031045856,1,16.9533574753097
1,7.22895383878052,1,16.6174506095529,1,10.2507217512672,1,23.9081752706405,1,16.9533574753097
1,6.55649301656838,1,16.1683303228082,1,9.19936567421417,1,21.4035092899067,1,16.9533574753097
1,5.97090933156947,0,11.0753309691357,1,7.36327408623999,1,22.510413915652,1,17.1745185686209
1,6.79448303247561,0,12.3338913065375,0,12.88572965092,1,19.913058463846,1,17.551980515184
1,4.52965535498374,0,8.05478615937144,1,10.12450186858,0,20.1295047514965,1,17.551980515184
1,6.58858960724907,1,12.3338913065375,1,10.4313049555067,1,20.1295047514965,1,17.551980515184
1,7.00037645770214,1,13.0890275089786,1,7.36327408623999,1,19.480165888545,1,17.7407114884655
1,6.24252794059468,1,16.1152605383752,1,8.73870670677644,1,20.7944038311964,1,17.1597010115044
1,7.80315992574335,1,13.3787068620473,1,10.1041296297103,1,20.7944038311964,1,17.5496942163114
1,5.30614874950547,1,13.0746453424554,1,8.73870670677644,1,21.0254527626541,0,17.5496942163114
1,6.55465433762441,1,16.7233835775592,1,8.73870670677644,1,20.3323059682809,1,17.3546976139079
1,5.61827514653521,1,13.0746453424554,1,10.9233833834706,1,20.1012570368232,1,17.1597010115044
1,6.94648266815703,1,18.3806529219715,1,8.21210812475507,0,20.5254093445145,1,17.942269465727
1,5.99923503159017,1,16.017426117718,1,45.3947088007294,1,21.225139208532,1,17.5344906142332
1,5.99923503159016,1,15.4922646056617,1,13.0025045308622,1,21.6916257845437,0,17.1267117627394
1,4.57836357673986,1,13.3916185574363,1,15.055531562051,1,21.6916257845437,1,17.5344906142332
1,8.05160491081838,1,20.7438797262249,1,10.0370210413673,1,20.9918959205262,1,16.9228223369925
1,7.01936753529233,1,13.5581690699086,1,8.47998362170489,1,18.8015877191701,1,16.8349466181993
0,5.45950808300515,1,12.302783044917,1,7.00520386140838,1,19.9342134853852,1,16.8349466181993
1,5.77147997346258,1,15.566786709895,1,7.74259374155664,1,19.9342134853852,1,17.0330048137075
1,5.45950808300515,1,14.0603234799052,1,7.37389880148251,1,21.2933644048433,1,17.0330048137075
1,7.17535348052105,1,12.8049374549137,1,7.37389880148251,1,20.6137889451142,0,16.8349466181993
1,6.60423671747131,1,14.4028319926728,1,18.3100458935213,1,45.5007484792283,1,39.1804142554169
1,7.24855249478559,1,18.4036186573042,1,20.5988016302115,1,24.6938735465159,1,17.3260123340537
1,9.82581560404268,1,14.9362702146237,1,15.2583715779344,1,23.7792856373857,1,17.3260123340537
1,7.57071038344272,1,11.7356408829186,1,15.7669839638656,1,23.7792856373857,1,17.7197853416458
1,8.37610510508557,1,15.4697084365745,1,20.0901892442803,1,23.7792856373857,1,17.5228988378498
1,7.69937226034119,1,14.6113790554824,1,10.3250814262284,1,21.6974691813561,0,17.3835375745098
1,8.29163166498282,1,19.9788244228024,1,11.955357440896,1,21.2500986827714,1,17.5810777742201
1,7.69937226034119,1,17.8914845577335,1,6.79281672778183,1,20.1316724363098,0,16.9884571750891
1,11.6477682912854,1,17.8914845577335,1,9.23823074978329,1,20.5790429348944,1,17.3835375745098
1,9.27873067271887,1,19.9788244228024,0,8.96651808067202,1,20.8027281841868,1,16.9884571750891
1,6.83717453175891,1,48.6229791011425,1,7.63945989550163,1,22.0422772218759,1,16.814750351764
1,7.02196303261726,1,50.5173808843039,1,10.0103267596228,1,21.3156087420338,1,17.4013114105465
1,6.46759753004221,1,50.201647253777,1,10.0103267596228,1,20.5889402621918,1,17.205791057619
1,7.57632853519231,1,55.5691189727342,1,7.11260059236359,1,18.4089348226656,1,17.4013114105465
1,7.02196303261726,1,51.1488481453576,1,10.0103267596228,1,21.3156087420338,1,17.205791057619
1,7.55627472662468,1,17.5837358768991,1,8.04710894317419,1,21.8678794602347,1,17.1170812867727
1,6.58752155654459,1,15.8253622892092,1,8.90929918708571,1,23.2490086893021,1,17.1170812867727
1,5.03751648441645,1,12.3086151138294,1,7.75971219520368,1,21.6376912553901,1,16.9247545307416
1,6.58752155654459,1,11.4294283199844,1,10.0588861789677,1,23.0188204844576,1,17.6940615548662
1,8.13752662867273,1,14.6531132307493,1,7.75971219520368,1,22.788632279613,0,17.1170812867727
0,5.8013855495825,1,15.6306114231283,1,7.40879794448879,1,19.1965991503198,1,17.8446230012244
1,8.31009281426683,1,11.1308899528338,1,6.70319814025176,1,19.4052578367363,1,17.2751137565044
1,6.58535656979635,1,15.1569565315184,1,7.7615978466073,1,22.3264794465676,1,17.0852773415978
1,8.78047542639514,1,18.709368218593,0,6.70319814025176,1,20.0312338959859,1,16.8954409266911
1,7.68291599809575,1,13.0255095192736,1,8.81999755296284,1,21.9091620737346,0,17.0852773415978
1,5.94707493939272,1,17.3004092296064,1,4.4715326651994,1,20.7621870499262,1,17.091671957283
1,6.31876712310476,1,19.0060833790042,1,5.69104157389014,1,20.987862996121,1,16.6748019095444
1,36.9833722793485,1,48.4898793900235,1,14.6341069042889,1,22.1162427270953,0,16.8832369334137
1,7.24799758238488,1,20.2244220571455,1,6.91055048258088,1,23.2446224580695,1,17.091671957283
1,8.17722804166499,1,13.6453931951825,1,9.34956829996237,1,21.2135389423159,1,17.9254120527602
1,8.19004623642684,0,12.8275413137025,1,11.6874584997241,1,21.3981547241182,1,17.3696109179453
1,7.40254179061657,1,10.1652214184057,1,12.1203273330472,1,21.6656316581697,1,17.3696109179453
1,7.40254179061657,1,13.3115994764837,1,10.8217208330779,1,21.6656316581697,1,16.9609141904642
1,10.2375577955336,1,10.8913086625776,1,12.1203273330472,1,23.003016328427,1,17.1652625542047
1,7.24504090145451,1,9.1971050928433,1,10.8217208330779,1,21.6656316581697,0,17.3696109179453
1,6.13059438605549,1,15.2095508653452,1,12.0795166082614,1,20.455521044502,1,17.7463448247169
1,5.96926295484351,1,15.8805604623457,1,12.0795166082614,1,21.8502156611726,1,17.5555239126232
1,7.42124583575139,1,17.6699193876805,1,14.6849025433766,1,19.0608264278314,1,17.1738820884357
1,6.93725154211543,1,16.3279001936794,1,7.10559800485963,1,21.3853174556157,0,17.5555239126232
1,3.22662862423973,1,12.7491823430099,1,8.52671760583156,1,19.2932755306098,1,17.5555239126232
1,10.6824007431464,1,26.2515020217336,1,8.9288379998769,1,22.0980566386458,1,17.7710181603758
1,6.6304556336771,1,13.6241972517858,1,8.66622511752758,1,21.2993316998996,1,17.1915284377548
1,8.47224886525407,1,18.2763621670297,1,8.14099935282894,1,22.6305399311433,1,16.9983651968812
1,9.76150412735795,1,22.5962295883276,1,6.3027091763837,1,21.5655733461483,0,16.8052019560075
1,10.1298627736733,1,18.2763621670297,1,7.6157735881303,1,22.3642982848946,1,17.3846916786285
1,6.61487098874735,1,17.592362561201,1,8.74737964599215,1,19.7232780051497,1,17.2774903508146
1,7.07637361586925,1,17.8807619474502,0,7.49775398227899,1,19.7232780051497,1,16.8756882496329
1,30.6130075990866,1,57.3914778635902,1,9.05978606192044,1,20.6300953846968,1,17.0765893002238
1,30.6130075990866,1,57.3914778635902,1,9.68459889377702,1,21.9903214540175,1,17.4783914014055
1,6.61487098874735,1,12.6895729949647,1,7.81016039820728,0,23.8039562131117,0,17.2774903508146
1,13.3881859451721,1,17.3823226890399,1,8.79280287771626,1,18.4398072617105,1,17.6826651156566
1,13.946027026221,1,22.8867248739025,0,9.0675779676449,1,19.1144343566512,1,17.4721571976131
1,14.1319740532373,1,22.5970194957519,1,8.51802778778763,1,18.214931563397,1,18.3141888697872
1,13.7600799992047,1,20.2793764705465,1,9.06757796764489,1,19.1144343566512,1,17.6826651156566
1,13.2022389181559,1,23.4661356302038,1,8.79280287771626,1,19.3393100549647,1,16.8406334434825
1,6.56483553642876,0,8.53969634594732,1,19.5334587752965,1,25.0696220752311,1,16.4872239725648
1,6.38247899375018,1,13.1653652000021,0,19.5334587752965,1,21.9950457829858,1,16.6933142722219
0,4.01184393892868,0,6.40477225946049,1,65.8840389200678,1,19.6299870966433,1,16.4872239725648
1,6.2001224510716,1,11.7420824756776,1,18.8713076303712,1,21.0490223084488,1,16.4872239725648
1,9.66489676196456,1,21.7050615459494,1,7.614738166641,1,19.8664929652775,1,17.105494871536
1,5.22235443367291,1,14.4707521709802,1,16.2927225665723,1,19.7911872353415,1,17.9536487613693
1,8.12366245238008,1,17.1017980202494,1,11.9215043170041,1,21.7703059588757,1,17.1467431990605
1,5.99603657199482,1,16.0493796805417,1,8.34505302190288,1,20.890697637305,0,17.1467431990605
0,5.41577496825338,1,14.7338567559072,1,5.96075215850206,1,21.550403878483,1,16.9450168084833
1,7.9302419177996,1,16.5755888503956,1,20.266557338907,1,22.4300122000537,1,17.3484695896377
1,13.3152425839636,1,20.8636751360564,1,18.6103314886241,1,22.8572131166425,1,17.0245561600652
1,9.60720034539144,1,15.3732343107784,1,17.133321053019,0,19.5582339039312,1,17.2158433079311
1,8.09027397506648,1,17.8439326821535,1,15.0655064431719,1,22.6215717443059,1,17.2158433079311
1,10.2813898433136,1,21.1381971773203,1,15.0655064431719,1,20.9720821379503,1,17.5984176036629
1,9.27010559643034,1,18.9420208472091,1,17.133321053019,1,19.7938752762677,1,17.407130455797
1,4.79836798143288,1,10.1308901198101,1,16.0073412714653,0,18.5761549655041,1,17.7168622548265
1,5.39816397911199,1,12.3213528484177,0,4.69180692439501,0,19.3094242404582,1,17.3142062944896
1,5.54811297853176,1,16.154662623481,1,12.9714662027391,1,20.0426935154123,1,16.9115503341526
1,7.19755197214931,0,9.58327443765823,1,10.2115797766244,1,19.3094242404582,1,17.1128783143211
1,7.19755197214931,1,16.428470464557,1,18.4912390549686,1,21.9980782486233,0,16.7102223539841
1,8.53391459589105,1,12.4286155252,1,46.9809296537546,1,20.0267705180933,1,16.7981249983646
1,8.99940084657601,1,12.4286155252,1,14.1651044182175,1,19.0843342584184,1,17.0107594920148
1,8.53391459589105,1,12.9689901132522,1,9.44340294547831,1,20.9692067777683,1,16.7981249983646
1,9.93037334794595,1,16.4814249355913,1,15.3455297864023,1,20.4979886479308,1,16.7981249983646
1,9.15456293013767,1,11.3478663490957,1,10.1516581663892,1,19.5555523882559,1,17.0107594920148
1,8.44060056148433,1,28.4976330575657,1,13.2552173575001,1,21.6846334714698,1,17.6142895598456
0,5.42610036095421,1,12.6944001801884,1,10.0222375142074,1,20.9998555723707,1,16.8226360964818
1,6.63190044116626,1,6.47673478581039,1,10.3455354985367,1,21.2281148720704,1,17.4163761940047
1,29.9942769952747,1,51.5548088950507,1,12.9319193731708,1,20.7715962726711,0,17.2184628281637
1,6.93335046121927,1,20.2074125317284,1,14.2251113104879,1,19.1737811747733,1,16.8226360964818
1,6.3473480487061,1,14.6010779272324,1,11.6207164890395,1,21.1288233526776,1,17.6779240272269
1,6.96660151687255,1,13.8586502360172,1,10.9751211285374,1,22.3965527538382,1,17.4792956673704
1,6.96660151687255,1,11.3838912652998,1,19.0450631348148,1,21.3401115862043,1,17.4792956673704
1,13.3139495655786,1,28.2122522661779,1,10.6523234482863,1,25.3545880232131,1,17.4792956673704
1,6.96660151687255,1,11.3838912652998,1,64.2367383699686,1,26.8336056579005,1,17.6779240272269
1,7.12463435277381,1,19.8959683185111,1,10.6246218572144,1,22.2439566114832,1,17.2032110449656
1,6.80078733673864,1,15.7997395470529,1,10.0175006082308,1,23.5785940081722,1,16.8031363695013
1,5.34347576458036,1,18.1404417021718,1,11.2317431061981,1,25.8029896693205,1,17.2032110449656
1,6.80078733673864,1,19.8959683185111,0,9.10681873475524,1,25.8029896693205,1,17.6032857204299
1,6.15309330466829,1,17.2626783940022,1,12.1424249796736,1,23.1337148759425,1,17.6032857204299
1,6.1555616843847,1,11.4482409132563,1,6.19301347793153,1,50.3096384636589,1,39.6901714088397
1,6.4486836693554,1,16.2819426321867,1,12.3860269558631,1,20.9834170476567,1,17.1525363877398
1,7.6211716092382,1,13.7378890959075,1,13.6246296514494,1,19.9721680333118,1,17.3519844852716
1,8.64709855663565,1,14.7555105104192,1,9.49595399949501,1,20.4777925404843,0,17.1525363877398
1,7.0349276392968,1,11.1938355596284,1,7.0187486083224,1,19.4665435261394,1,17.1525363877398
1,8.002890668529,1,16.7017164749838,1,9.70071636437524,1,23.4388796715261,1,16.9102293928581
1,7.45723903203839,1,16.7017164749838,1,13.7614813541137,1,19.4912788847428,1,18.2402474349931
1,9.45796169917064,1,15.286316773714,0,8.12152997947694,1,22.2052544256563,1,17.6702397026495
1,9.82172945683104,1,17.2678763554917,1,15.340667739012,1,18.7511037372209,1,17.6702397026495
1,8.91231006268002,1,18.6832760567615,1,13.0846871891573,1,23.1921546223522,1,16.7202268154103
1,6.92836941532437,1,14.141187235793,1,13.130279024603,1,20.1386949761316,1,16.9447254592488
1,4.78387412010492,1,16.2361779373919,1,10.3166478050452,1,21.3818242956459,1,16.7274853892584
1,5.11379647321561,1,13.6174395603932,1,10.0040221139833,1,20.8845725678401,1,16.7274853892584
1,5.27875764977095,1,13.3555657226934,1,11.8797762603551,1,20.1386949761316,1,16.7274853892584
0,6.76340823876903,0,11.7843226964941,1,13.442904715665,1,20.3873208400344,1,16.9447254592488
1,9.39159770462985,1,14.0619895840369,1,9.96830864638643,1,21.461217686232,0,17.2804462736362
1,9.53834141876469,1,15.4406160138445,1,11.5018945919843,1,21.461217686232,0,17.0795108518497
1,11.4460097025176,1,16.267791871729,1,14.1856699967807,1,21.461217686232,1,17.2804462736362
1,7.33718570674207,1,13.7862642980754,1,14.5690664831802,1,20.4857077914033,1,17.2804462736362
1,29.2019991128334,1,54.8693319063403,1,8.05132621438904,1,20.7295852651105,1,17.4813816954226
0,5.90931080900837,1,15.6825508147851,1,11.0818695472177,1,20.5462685463438,1,17.0094884561039
1,6.72438816197505,1,15.2144149695677,1,45.9435841645066,1,21.7005532961383,0,16.8117037066143
1,6.72438816197505,1,14.7462791243502,1,20.085888554332,1,20.7771254963027,1,16.6139189571247
1,6.72438816197505,1,15.4484828921764,1,11.3127418294514,1,23.5474088958097,1,17.0094884561039
1,5.90931080900837,1,14.9803470469589,1,8.54227444264696,1,20.3154115963848,1,17.2072732055935
1,11.0439906237307,1,23.3778802805335,1,12.3069520264054,1,20.9949422704992,1,17.41735776377
1,12.7794748646027,1,25.433078546954,1,11.1062737799268,1,21.4026110524507,1,17.7879398438502
1,12.621703569978,1,25.1761787636515,0,11.4064433415464,1,21.8102798344021,1,16.4909025635695
1,9.46627767748347,1,20.8088824475078,1,9.30525641020894,1,19.9757703156206,1,18.5291040040106
1,12.3061609807285,1,24.1485796304412,1,6.60373035563215,1,24.052458135135,1,17.0467756836898
1,11.6912243872784,1,17.613164050922,1,9.9497082216799,1,19.7467938717544,1,17.3074365613605
1,8.40306752835636,1,13.9532858065746,1,8.98683323248507,1,19.2709675133989,1,16.7036887743363
1,5.66293681258799,1,13.4958010260312,1,7.38204158382702,1,18.7951411550433,1,17.3074365613605
0,3.65350762102451,1,13.7245434163029,0,10.5916248811431,1,20.2226202301099,1,17.1061872990191
1,8.03771676625392,1,14.6395129773897,1,10.9125832108747,1,19.0330543342211,1,17.5086858237019
1,6.98083111545324,1,10.1889004607102,1,11.8968808363792,1,19.5832870406383,1,17.2258259788672
1,7.46786584443835,1,10.4153204709482,1,11.456255620217,1,20.1198154527106,1,17.2258259788672
1,7.95490057342346,1,14.9437206757084,1,11.8968808363792,1,20.3880796587468,1,17.4172240452991
1,8.92897003139368,1,16.0758207268984,1,11.0156304040548,1,20.6563438647829,1,17.4172240452991
1,9.7406945797022,1,12.2266805528523,1,9.69375475556823,1,20.1198154527106,1,17.2258259788672
1,6.83389246830547,1,11.0038660650945,1,12.2251037335108,1,20.7839283973692,1,16.980778452055
1,8.12679104339029,1,6.51249216097432,1,12.2251037335108,1,22.795276306792,1,17.7190731673618
1,36.755259491697,1,44.6891703459962,1,9.6054386477585,1,23.465725609933,1,17.1653521308817
1,6.64919267186478,1,12.3512782363306,1,13.0983254287616,1,20.5604452963222,1,16.980778452055
1,7.01859226474615,0,16.1689460548328,1,11.642955936677,1,20.1134790942282,1,16.980778452055
1,7.32417853773471,0,15.9982382289503,1,11.9538737446522,1,19.7991680239554,1,16.5932755763204
1,7.9752166299778,1,19.9276300746574,1,8.64748313442925,1,21.1967563550581,1,16.8060098785809
1,7.48693806079548,1,17.9629341518038,0,10.4278473091647,0,20.2650308009896,0,16.8060098785809
1,7.16141901467394,1,15.7175673828284,0,10.4278473091647,1,22.3614132976437,1,17.2314784831019
1,7.64969758385625,1,17.120921613438,0,10.4278473091647,0,18.8674424698869,1,16.8060098785809
1,33.88188850352,1,51.2994366555403,1,56.1799355765906,1,27.7036873212017,0,17.1886375709677
1,5.61860462621186,1,13.1470918061937,1,11.2924493621288,1,23.1227626460423,1,17.1886375709677
0,5.7888653724607,1,15.2093807169692,1,12.4216942983416,1,20.2869521328485,1,16.4073358631965
1,6.81042984995377,1,19.8495307662141,1,9.31627072375623,1,23.7771804567794,1,17.5792884248534
1,6.64016910370492,1,16.7560974000509,1,5.08160221295794,1,22.0320662948139,1,16.7979867170821
1,8.14853610095591,1,12.1470204662128,1,10.8685115466954,1,23.2167088753955,1,17.2848154504373
1,7.62841677536298,1,14.9307126563866,1,12.2270754900323,1,23.4560563895749,1,17.6689224604471
1,34.5012485976644,1,50.3595223495073,1,11.7742208422533,1,20.8232337336022,1,16.7086549354228
1,7.28167055830103,1,11.640894613454,0,8.15138366002154,1,21.3019287619609,1,17.2848154504373
1,7.455043666832,1,8.09801364414188,1,13.1327847855903,1,24.1740989321129,1,18.0530294704568
1,6.97319123959305,1,9.59113216751152,1,59.9121015596521,1,20.4841476741797,1,17.3273878211034
1,5.97702106250833,0,8.18067155464218,1,12.6447651532934,1,20.0238297489173,1,17.3273878211034
1,7.13921960244051,1,13.5404218835457,1,8.42984343552894,1,21.1746245620734,1,17.1259065673697
1,6.64113451389815,1,15.2329746189889,1,9.03197510949529,1,21.1746245620734,1,17.1259065673697
1,33.0396442066433,1,56.1363323921998,1,8.73090927251212,1,20.4841476741797,1,17.1259065673697
1,5.55647961126217,1,11.3398978255755,1,7.86585351355296,1,20.4314202856565,1,16.6546967484594
1,6.94559951407771,1,13.5113676219623,1,7.86585351355296,1,20.6662641969858,1,17.2037526852218
0,5.03555964770634,1,13.9939164656038,1,10.0508128228732,1,20.1965763743271,1,16.4716781028719
1,7.11923950192965,1,13.2700932001415,1,7.86585351355296,1,19.2572007290095,1,17.2037526852218
1,6.94559951407771,1,15.6828374183491,1,7.86585351355296,1,18.317825083692,1,17.2037526852218
1,5.99680354829004,1,13.3740336825557,1,8.53111773126606,1,22.9799858714957,1,16.836631859761
1,8.807805211551,1,19.7703106611694,1,12.2402993535557,1,20.276458121908,1,17.2472814173162
1,8.2456048788988,1,15.990692446534,1,8.53111773126606,1,20.0061053469492,1,17.6579309748713
1,5.24720310475379,1,11.0481147812417,1,8.16019956903711,1,21.8985747716606,1,16.6313070809835
1,6.74640399182629,1,14.5369931332128,1,10.7566267046398,1,22.7096330965369,1,17.4526061960938
1,8.22248650160032,1,14.6006029724718,1,11.6338437271159,0,20.8977358548198,1,17.1775818723479
1,7.04784557280028,1,14.6006029724718,0,8.05419950338795,1,21.6021539173418,1,17.3796710708461
1,7.92882626940031,1,13.7741537476149,1,7.75589581807728,1,21.6021539173418,1,16.9754926738497
1,6.60735522450026,1,12.3967383728534,1,6.86098476214529,1,23.4806020840672,1,17.3796710708461
1,7.48833592110029,1,12.1212552979011,1,12.8270584683586,1,21.8369599381825,1,17.1775818723479
1,7.75958629704911,1,17.285004117197,1,7.4008629014059,0,18.1400647257283,1,16.8909495263968
1,6.0026988335663,1,12.8951618017184,1,73.6385858689888,0,21.4153541900959,1,17.293114991311
1,6.73473527668414,1,14.2669875253054,0,10.7312512070386,1,18.3920100691412,1,16.6898667939397
1,7.61317900842555,1,17.8337344066318,1,8.88103548168709,1,18.895900755967,0,16.8909495263968
1,10.3949174922733,1,24.9672281692845,0,6.29073346619502,1,19.3997914427928,0,16.8909495263968
1,6.94546357003219,1,13.7346353360685,1,10.7760864880106,1,20.6560127021621,1,17.1127889468823
1,6.19460264354222,1,13.1501827685762,1,9.85242193189542,1,19.9896897117698,1,17.1127889468823
1,5.63145694867475,1,11.6890513498455,1,8.62086919040849,1,44.1994250293576,1,43.1068987396148
1,6.57003310678721,1,13.7346353360685,1,7.38931644892157,1,19.5454743848415,1,17.1127889468823
1,6.38231787516471,1,14.3190879035608,1,10.4681983026389,1,21.9886586829467,0,17.3294065284884
1,7.47911163553209,1,12.7417080168018,0,10.0347113744897,1,17.90602427745,1,16.9542634898803
1,8.6009783808619,1,15.0069005531222,1,11.595666477188,1,21.4430167273167,1,17.1447608324632
1,7.10515605375549,1,15.8563477542423,1,16.7245189574828,1,20.7798306429667,1,17.716252860212
1,7.8530672173087,1,20.953030960963,1,20.0694227489793,1,19.4534584742667,1,16.9542634898803
1,6.54422268109058,1,10.1933664134415,0,4.23687813589563,1,20.55876861485,1,17.5257555176291
1,10.8714797283852,1,17.7931344328713,1,5.73958876710789,1,18.8013083477829,1,16.9609475193244
1,9.88316338944108,1,22.0880289511506,1,5.19296126547857,1,19.042350762498,0,16.7434994742049
1,11.5303572876813,1,27.3032580090611,1,8.74604002606917,1,19.7654780066435,1,16.9609475193244
1,9.224285830145,1,19.9405816920109,1,8.74604002606917,1,24.1042414715165,1,17.613291654683
1,10.0478827792651,1,19.9405816920109,1,9.56598127851316,1,22.1759021537952,1,16.9609475193244
1,7.85667937037376,1,12.128241231627,1,51.2274814261147,1,19.7992451798559,1,17.9027833152062
1,5.63631346135509,1,14.6033925033876,1,10.2969811911788,1,20.9115623247916,1,17.7102802688061
1,5.46551608373827,1,11.3856958500988,1,9.00985854228148,1,18.9093914639073,1,17.7102802688061
1,6.49030034943919,1,15.3459378849158,1,51.2274814261147,1,20.4666354668173,1,17.7102802688061
1,5.97790821658873,1,11.8807261044509,1,10.0395566613994,1,21.8014160407402,1,17.7102802688061
1,6.62173359074081,1,13.664142258152,1,5.58815124766135,1,20.1419354985917,1,17.3893417048823
1,37.6492852730692,1,52.2916213340817,1,7.64694381258921,1,20.3682493805983,1,17.1894642140216
1,7.18931075566145,1,23.1239330522572,1,9.41162315395596,1,22.4050743186582,1,18.1888516683252
1,7.56769553227522,1,24.4377928847718,1,58.5285314886636,1,19.915621616585,1,17.3893417048823
1,8.32446508550273,1,22.8611610857543,1,6.47049091834472,1,19.0103660885584,1,17.7890966866037
1,8.83198932498126,1,15.2384159359854,1,9.42432780496371,1,22.1737060086767,1,17.492722751608
1,8.09599021456616,0,12.848076181321,1,13.5710320391477,1,19.9782895721741,1,17.1082673065177
1,8.46398976977371,0,14.0432460586532,0,13.9480051513463,1,21.2955394340757,1,17.1082673065177
1,6.43999221613217,1,14.3420385279863,1,10.5552471415594,1,18.8805813539228,1,16.9160395839726
1,11.0399866562266,1,20.9154728533133,1,10.9322202537579,1,20.6369145031249,1,17.1082673065177
1,7.35158883415734,1,18.5177809298019,1,8.71292154773391,1,21.2628387006478,1,17.0411463107742
1,8.019915091808,1,17.1950822919589,1,11.0587081182777,1,21.5017470006551,1,18.031910631168
0,7.18450726974467,1,14.0206055611357,1,11.7289328527187,1,21.5017470006551,1,17.2392991748529
1,7.017425705332,1,16.1369233816845,1,10.0533710166161,1,20.3072055006187,1,17.2392991748529
1,9.523649171522,1,17.4596220195275,1,10.3884833838366,1,21.5017470006551,0,16.8429934466954
1,5.20343640386935,1,10.6299741863975,0,6.1962250303886,1,22.7797763609419,1,18.3550282347626
1,6.59101944490117,1,11.1751010677512,1,5.93804898745574,1,22.3331140793548,1,17.3889741171435
1,5.89722792438526,1,10.6299741863975,1,7.4871052450529,1,20.7697960938,1,16.809341646572
1,6.76446732503015,1,11.7202279491049,1,14.1996823613072,1,22.7797763609419,1,18.1618174112388
1,6.4175715647722,1,11.4476645084281,1,10.3270417173143,1,20.0998026714193,1,17.0025524700959
1,9.35408798967032,1,18.9591539038669,1,14.2045156543831,1,21.1237287220922,1,16.8620657347125
1,6.73494335256263,1,13.5422527884764,1,9.7006448371397,1,20.4036016065663,1,17.0628046125067
1,7.29618863194285,1,16.2507033461717,1,11.7793544450982,1,19.6834744910404,1,17.2635434903008
1,3.92871695566154,1,9.47957695193347,0,13.8580640530567,1,19.2033897473565,1,18.0664990014776
1,7.48327039173626,1,11.6463373980897,1,11.4329028437718,1,20.1635592347243,1,16.8620657347125
1,6.25579837410685,1,12.0650267867981,1,9.34303240983179,1,19.1241575648829,1,16.6527770199877
1,7.32822095252516,1,14.9898817654158,1,9.34303240983179,1,23.5947398527776,1,17.7881936349869
1,6.0770612777038,1,10.9682061698164,1,4.85837685311253,0,19.1241575648829,1,16.6527770199877
1,5.54084998849464,1,7.6777443188715,1,6.35326203868561,1,20.1176202955262,1,17.0312492249874
1,5.89832418130074,1,10.9682061698164,1,8.96931111343852,1,22.1045457568127,1,17.2204853274873
1,7.36090663943878,1,14.1778536706233,1,9.28464634633464,1,19.3673668520414,1,17.1166484079585
1,7.63867670130439,1,14.6934119859187,1,8.66566992324566,1,19.6222006264104,1,17.3253880226897
1,7.22202160850597,1,13.6622953553279,1,61.5881540973531,1,21.6608708213621,1,16.9079087932273
1,6.94425154664036,1,13.1467370400325,1,11.451063827146,1,18.0931979801966,1,16.6991691784961
1,6.11094136104352,1,10.8267246212032,1,61.5881540973531,1,17.0738628827207,1,16.0729503343025
1,8.33296971808505,1,18.4684381100536,1,4.44523641175154,1,23.6016114902158,1,17.4118141261828
1,6.66637577446804,1,18.7482629299029,1,10.9649164823205,1,21.820357792841,1,17.0068882162715
1,9.44403234716305,0,17.3491388306565,1,8.59412372938632,1,21.5977010806692,1,17.0068882162715
1,9.81438655685572,1,17.3491388306565,1,8.89047282350309,1,22.2656712171847,0,17.4118141261828
1,7.59226129869971,1,21.2666863085466,1,12.4466619529043,1,24.2695816267313,1,17.0068882162715
1,7.92318280227116,1,12.40640279782,1,8.00599250983003,1,22.3786950930724,1,16.8786908952647
1,6.88065874934075,1,14.7038847974162,1,10.469374820547,1,21.6409359141799,1,17.0749547428841
1,41.4924573066306,1,45.7198917919661,1,11.0852203982262,1,21.6409359141799,0,17.0749547428841
1,8.13168761285725,1,12.8658991977392,1,12.3169115535847,1,22.1327753667749,1,17.2712185905034
1,7.29766837051291,1,15.1633811973355,1,7.3901469321508,1,22.6246148193699,1,16.6824270476454
1,5.36894211068739,1,14.3610419868397,1,11.5905661454202,0,19.3173464012678,0,16.8657067833584
1,6.01972297258889,1,15.2402894554217,0,9.04629552813282,0,18.8681057872849,1,16.8657067833584
1,7.64667512734264,1,18.1711143506951,1,11.5905661454202,0,20.4404479362253,1,16.8657067833584
1,5.53163732616276,1,12.6025470496757,1,9.61168899864112,1,18.1942448663104,1,16.6762044599499
1,6.99589426544114,1,15.2402894554217,0,13.8521400274534,1,21.7881697781742,1,16.8657067833584
1,7.08599171347826,1,16.2927031110358,1,10.3243705453086,1,19.0447250384837,1,17.3669680518609
1,6.92120120851365,1,17.9781551570051,1,10.0785521989918,1,19.693977028432,1,17.7404512357719
1,6.75641070354904,1,16.573611785364,1,11.7992806232099,0,19.0447250384837,1,17.1802264599054
1,6.92120120851365,1,18.2590638313333,1,11.0618255842592,1,20.1268116883975,1,17.9271928277274
1,9.55784928794742,1,17.6972464826769,0,9.09527881372427,1,19.2611423684665,1,18.1139344196829
1,6.58035424555085,1,18.1178515352007,1,13.6808463943209,1,48.0133576891419,1,40.8038976724684
1,7.19248022188116,1,22.0811315585259,1,14.8879798997022,1,20.2669449542106,1,17.2237558014439
0,7.03944872779858,1,19.2502172561508,0,10.8642015484313,1,20.7494912626442,0,17.018711089522
1,6.2742912573857,1,14.1545715118756,1,9.254690207923,1,22.197130187945,1,17.4288005133659
1,6.73338573963343,1,18.4009429654382,1,15.2903577348293,1,20.5082181084274,1,17.2237558014439
1,35.7159878331955,1,50.3696579684685,0,8.3304508598943,1,21.5223842448253,1,16.7989264311517
0,6.10222907702837,1,16.4524008439721,1,8.58288876473959,1,21.9707672499259,1,16.7989264311517
1,6.46118372861827,1,14.4274899708679,1,9.84507828896599,1,19.7288522244232,1,17.1895991388529
1,5.92275175123342,1,14.6806038300059,1,10.6023920035018,1,19.7288522244232,0,16.9942627850023
1,4.4869331448738,1,17.2117424213862,1,10.0975161938113,1,22.6433417575766,1,16.9942627850023
1,5.4282826540171,1,13.8890270980167,1,7.26133030589636,1,21.4528578476142,1,17.4607817797051
1,6.27645181870727,1,15.6251554852688,1,5.91663950850815,1,48.5127126326729,1,40.4034369088525
1,5.9371841528312,1,15.0464460228515,1,8.87495926276222,1,21.4528578476142,1,17.6638141259808
1,33.7571327546688,1,57.5815915105277,1,53.518693736051,1,20.2339454699088,1,17.2577494334295
1,6.44608565164531,1,16.2038649476862,0,10.2196500601504,1,22.1842052742374,1,17.4607817797051
0,7.97779203364634,1,16.6693574345352,1,11.2430537952089,0,19.8873680694736,0,17.6937164596148
1,10.0520179623944,1,14.4832121972191,1,9.63690325303616,1,19.6663973131461,1,17.6937164596148
1,9.5733504403756,1,12.8436032692321,1,45.6605654131951,1,21.434163363766,1,18.0825893488371
1,31.7516122939124,1,54.3803627782379,1,10.0958034079426,1,21.6551341200935,1,17.4992800150036
1,8.45645955566512,1,15.0297485065482,1,7.57185255595698,1,20.1083388258011,1,17.6937164596148
1,8.41160877526085,1,16.0246738202525,1,9.97715022960256,0,18.6113217170962,0,17.098522427903
1,5.86856426180989,1,12.725476269024,1,10.3097219039226,1,18.3664359050291,0,16.7185552628385
0,4.49923260072092,0,7.77667994218135,1,11.3074369268829,1,17.3868926567609,1,16.9085388453707
0,7.04227711417187,0,12.0185053651894,1,11.640008601203,1,21.0601798377667,1,17.098522427903
1,3.71675736581293,1,8.48365084601602,1,66.181763189697,1,19.8357507774314,1,18.0484403405643
1,5.88631722032445,1,8.98568338856392,1,14.2777192560651,1,21.1442735271105,1,17.5674330445702
1,6.55903918836152,1,9.85526565197334,1,11.1544681688008,0,18.020687665151,1,17.0126720010574
1,6.72721968037079,1,9.56540489750353,0,15.6162554363212,1,21.6248251981812,1,17.3825126967326
0,7.06358066438934,1,13.333594705611,1,10.2621107152968,1,19.2220668428278,1,17.0126720010574
1,6.39085869635226,1,10.7248479153827,1,10.2621107152968,1,19.9428943494338,1,17.0126720010574
0,4.6818369435134,1,12.0541147534739,1,5.64871561462654,1,22.4155032291163,1,17.6800287313256
1,7.264919395107,1,17.9529368668761,1,7.53162081950206,1,23.2160569158704,1,17.0560277172788
1,4.5203942902888,1,13.8494084401615,0,4.14239145072613,1,22.1486520001982,1,17.47202839331
1,6.7805914354332,1,17.4399958135368,1,9.03794498340247,1,21.3480983134441,1,17.2640280552944
0,5.1661649031872,1,13.0799968601526,1,13.5569174751037,1,21.6149495423621,1,17.47202839331
1,4.78178624234532,1,12.621306316617,1,11.4014506280221,1,23.9574445104492,0,17.07577827384
0,6.63280027164028,1,15.038152207033,1,11.0451552958964,1,27.442163711969,1,16.8772227125163
1,7.09555377896402,1,17.1864596651806,1,10.6888599637707,1,28.531138462444,1,16.8772227125163
1,7.71255845539568,1,15.3066906393015,1,70.9027710930121,1,25.2642142110191,0,16.6786671511926
1,6.17004676431654,1,15.038152207033,0,9.26367863526792,1,23.3040596601642,0,16.4801115898689
1,7.93978645515482,1,28.9226312809573,1,9.94329542368888,1,19.7781337226177,1,17.4101801707923
1,6.73155808154431,1,25.3665700578888,1,15.7242811351359,1,20.2328034633675,1,17.212337214306
1,6.04114186805258,1,25.6036408060934,1,11.3307319944362,1,21.596812685617,1,17.8058660837648
1,5.69593376130672,1,26.3148530507071,0,10.1745348521468,1,19.5507988522428,1,16.6188083448471
1,4.83291349444207,1,28.6855605327528,1,6.24346456836278,1,20.2328034633675,1,16.8166513013334
0,4.47737683257928,1,13.5469183138352,1,6.31734245631391,1,20.4530807045804,1,17.220099985203
1,7.1957841952167,1,12.833922613107,1,6.31734245631391,1,22.4009931526357,1,17.807148848335
1,6.23634630252114,1,15.3294075656556,1,5.74303859664901,1,19.7226135365597,0,17.0244170308257
1,10.3939105042019,1,22.4593645729372,0,6.89164631597881,0,18.7486573125321,1,16.8287340764484
0,5.11700209437632,1,14.2599140145633,1,6.31734245631391,1,19.9661025925666,1,17.220099985203
1,6.2040397485237,1,11.4455370956196,1,5.82333880993365,1,21.8839284686217,1,16.952796850481
0,4.32402770351652,1,7.84836829413915,1,11.937844560364,1,22.6215889787999,1,17.1522415193102
0,5.82803733952227,0,9.81046036767393,1,5.53217186943697,1,21.8839284686217,1,17.1522415193102
1,5.26403372602011,1,11.1185217500305,1,16.0141817273175,1,21.8839284686217,1,16.952796850481
0,4.88803131701868,1,18.6398746985805,1,12.811345381854,1,22.1298153053477,1,17.3516861881394
1,7.67262263563165,1,19.3322377526928,1,8.32349288488619,1,21.5835123017576,1,17.5449804739462
1,5.37083584494216,0,12.5534011381122,1,6.47382779935593,1,20.1758919342517,1,17.3478458618794
1,10.3580405581027,1,16.3194214795459,1,10.4814354846715,1,20.8797021180047,1,17.5449804739462
1,8.63170046508561,1,23.8514621624132,0,7.39866034212105,1,21.5835123017576,1,17.3478458618794
1,9.20714716275798,1,21.591849957553,1,7.7069378563761,1,22.0527190909263,1,16.9535766377458
1,6.05280857135203,1,11.0713225999619,1,13.2681694439446,1,20.0962915573275,1,17.3948264496323
1,6.22574595910495,1,11.0713225999619,1,13.2681694439446,1,19.6120435679943,1,17.2057522490928
1,34.4145401628301,1,51.2370511021492,1,16.3008938882748,1,19.8541675626609,1,17.3948264496323
1,5.87987118359912,1,7.98165117671671,0,5.30726777757784,1,24.2123994666596,0,16.6385296474743
1,7.26337028562244,1,9.78395950694306,1,10.993626110697,1,21.0647875359939,0,17.2057522490928
1,8.73608355776132,0,15.4855012724649,1,10.7617540043012,1,47.5759341820674,1,40.2592412888477
1,5.03435323667602,1,15.9694231872295,1,16.6992734549502,1,20.7995290142707,1,17.3984660846276
1,8.58801434491791,1,16.453345101994,1,12.2461338669634,1,47.5759341820674,1,40.2592412888477
1,9.6244988348218,1,15.7274622298472,1,11.1328489699668,1,22.2339792911169,0,17.6007738297977
1,7.10732221648379,1,15.2435403150827,1,13.3594187639601,1,19.1260036912834,1,17.3984660846276
0,6.22685530872577,1,14.708899701986,1,10.4045279227649,1,20.5410932122747,1,17.3160904595386
0,6.06299069533824,1,20.1279680132439,1,9.36407513048844,1,21.2835423645256,1,17.3160904595386
0,7.70163682921345,1,13.160594470198,1,10.4045279227649,1,22.0259915167765,1,16.9269648312343
1,8.84868912292609,1,17.2894084216326,1,9.10396193241932,1,18.5612288062723,1,17.1215276453864
0,6.71844914888832,1,13.4186453421626,1,7.8033959420737,1,21.0360593137753,1,17.1215276453864
1,7.05151748522402,1,17.8449690873681,1,12.0838894056868,1,23.0528388932239,1,17.7676099017017
1,3.95572932097933,1,14.7925401645288,1,23.3881730432648,1,41.7046812704687,1,37.2184670572488
1,8.94338803004022,1,12.6793201410247,1,13.6431009419045,1,25.567694045212,0,17.0195000111037
1,6.87952925387709,0,15.0273423893626,1,10.1348749854148,1,24.7294089945493,1,16.8324725384543
1,7.05151748522402,1,9.15728676851785,1,12.0838894056868,1,21.7954113172299,1,17.7676099017017
1,9.01445010229337,1,22.1736439094604,1,7.76559240730598,1,21.3968003284829,1,17.1173321693346
1,9.36795794944214,1,23.8793088255728,1,6.86956251415529,1,20.7139237222548,1,17.309661744271
1,35.1740307913016,1,56.571219717726,1,6.86956251415529,1,18.8929194389796,1,17.1173321693346
1,6.89340301940082,1,21.3208114514043,1,5.67485598995437,1,19.5757960452078,1,17.309661744271
1,8.30743440799586,1,21.8893664234417,1,59.4366495789958,1,19.8034215806172,1,17.309661744271
1,9.46667177792295,1,14.3534469629889,1,12.255898218221,0,22.0679189613419,0,16.701735567286
1,9.80476719856306,1,16.7064710552822,1,10.7968627160518,1,23.3361901660167,0,16.2992841078334
1,10.6500057501633,1,12.0004228706956,1,58.0696129863327,1,21.306956238537,1,16.2992841078334
1,11.4952443017636,1,15.7652614183649,1,11.9640911177871,1,22.5752274432118,1,16.5005098375597
1,10.6500057501633,0,13.6475397353009,1,12.5477053186548,1,22.3215732022768,1,16.5005098375597
1,4.97394546473488,0,8.31490471127237,1,11.2684077509258,1,20.5960222473013,1,17.0833655877347
1,7.79251456141798,1,18.5486335866845,1,57.4977728829293,1,21.3495352563489,1,17.2891892695147
1,5.30554182905054,1,12.1525530395519,1,8.95693949432567,1,22.6053902714283,1,17.2891892695147
1,8.78730365436495,1,20.7872617781809,1,8.37907243017563,1,20.5960222473013,0,16.8775419059548
1,8.28990910789147,1,13.4317691489785,1,14.1577430716761,1,22.3542192684124,1,17.2891892695147
1,8.77504412898655,1,12.0496827042868,1,14.739142253547,1,24.3466808921167,1,17.0189148222153
1,8.04379045157101,1,12.3843961127393,1,9.9705962303406,1,21.9905504832022,1,17.0189148222153
1,7.86097703221712,1,8.70254861976273,1,8.23657949462919,1,21.728758215545,1,17.0189148222153
1,8.04379045157101,1,10.0414022535724,1,86.2673326016426,1,19.6344200742877,1,17.0189148222153
1,8.95785754834044,1,13.7232497465489,1,10.4041004142685,1,20.9433814125735,1,16.7978899543943
1,6.48070439516262,1,15.407397432692,0,10.9151455810144,1,21.0768933845613,1,17.5322494380876
1,7.16288380517974,1,15.6685397620597,1,70.0681926007056,1,21.0768933845613,1,17.5322494380876
1,6.31015954265834,1,16.7131090795303,1,5.98572499604018,1,21.8121338514646,1,18.3572964704682
1,5.96906983764978,1,12.7959741390154,1,9.15463822923792,1,20.8318132289269,1,17.7385111961827
1,7.67451836269258,1,15.1462551033243,1,8.09833381817201,0,20.5867330732925,1,17.9447729542779
1,4.82461840394031,1,8.32205444235367,1,19.7006140373874,1,21.6901933140959,1,17.1398444345536
1,7.05136535960507,1,15.811903440472,1,10.8794435728856,1,20.3622222948655,1,17.1398444345536
1,5.93799188177269,1,16.6441088847073,1,12.0555996348191,1,20.3622222948655,1,17.5006832647547
1,9.27811231526982,1,14.1474925520012,1,9.1152094799852,1,19.4769082820453,1,17.5006832647547
1,7.79361434482666,1,11.9282780340403,1,6.46885834063466,1,20.8048793012756,1,17.8615220949558
0,4.85835214427557,0,16.4504588413159,1,15.1490741316123,1,21.2507244860227,1,17.0037282070678
1,7.84810730998363,1,16.4504588413159,1,10.2024376804736,1,20.6067631379614,1,17.6413680148328
0,6.54008942498635,1,18.0023889206853,0,8.96577856768892,1,21.0360707033356,1,17.4288214122445
1,8.96926549712414,1,19.5543190000547,0,10.8207672368659,1,19.9628017899001,1,17.6413680148328
1,5.23207153998908,1,18.3127749365592,1,9.58410812408126,1,18.0309177457162,1,17.0037282070678
0,6.0482343681019,0,10.9276204051499,1,10.1605902655536,1,21.8654931723255,1,17.8994200871461
1,6.96463351478401,1,13.1131444861799,1,6.86526369294164,1,20.9350466543542,1,17.3570134178386
1,7.69775283212969,1,5.93213679136709,1,8.23831643152996,1,46.289714269072,1,35.9796423973946
1,9.71383095483032,1,14.9864508413484,1,13.1813062904479,1,20.2372117658757,1,16.8146067485311
1,7.14791334412043,1,15.9231040189327,1,9.88597971783595,1,21.6328815428327,1,17.1762111947361
1,7.32408148348999,1,15.3608192954486,1,11.0251288830347,1,19.3082938946225,1,17.1522650203188
0,5.96146167260813,0,9.74821224518857,1,12.5458363151775,1,21.0191553789561,1,17.8036168565335
1,7.32408148348999,1,15.9516200375813,1,8.36389087678498,1,20.2859290285274,1,16.7180304628424
1,7.83506391257069,1,20.0872252325098,1,9.50442145089202,1,19.5527026780987,1,17.1522650203188
1,6.64277157804906,1,14.1792178111834,1,8.74406773482066,0,19.5527026780987,1,16.7180304628424
1,9.67612490232349,1,20.2041305747713,1,12.8495256373819,1,19.5056029959483,1,17.2864991807763
1,6.6731895878093,1,15.4286088025526,0,11.6373062376289,1,21.3856611160397,1,17.478571393896
1,8.17465724506639,1,16.163304459817,0,10.4250868378758,1,18.800581200914,1,16.5182103282973
1,8.17465724506639,1,13.9592174880238,1,10.6675307178265,1,20.6806393210054,1,18.0547880332552
1,33.1991181993513,1,73.1022178978089,1,8.48553579827104,0,19.9756175259712,1,17.6706436070157
1,6.40718494595333,1,18.5467272590689,1,6.81676520117999,1,19.4333429844143,1,17.4239926070886
0,5.94952887838524,1,12.6332779880615,1,10.22514780177,1,20.3268300181804,1,17.2282174092561
1,7.62760112613492,1,15.321209474883,1,15.5270762915766,0,18.9865994675312,1,17.0324422114236
1,6.10208090090793,1,15.321209474883,0,9.08902026823999,1,22.3371758441543,0,17.0324422114236
1,9.0005693288392,1,12.9020711367436,1,8.33160191255332,1,17.6463689168819,1,17.0324422114236
1,7.23857660006288,1,14.5986213749949,1,10.5259774137683,1,19.2043147869216,0,16.9167602653794
1,5.37722833147528,1,10.5301531229471,1,11.6955304597426,0,18.7524485566411,0,17.3148016833883
1,6.41131070291283,1,13.6413347274543,1,9.35642436779406,1,20.5599134777631,1,17.5138223923928
1,5.99767775433781,1,15.3165863606504,0,13.3329047241065,1,44.9606899129105,1,39.6051210918883
1,8.06584249721292,1,15.5559080225356,1,10.993798632158,1,16.944983635519,0,17.5138223923928
1,7.24134859749756,1,16.4976978482664,1,11.2155947983937,1,20.4326183584119,1,17.009089686018
1,7.24134859749756,1,16.8032107713825,1,9.5451870624627,1,19.9785601726694,1,16.8089827485354
1,7.51460703513898,1,15.5811590789183,1,9.78381673902426,1,21.1137056370256,1,17.2091966235005
1,7.65123625395968,1,14.9701332326862,1,9.78381673902426,1,22.4758801942531,1,17.6094104984657
0,5.87505640929047,0,13.748081540222,1,10.7383354452705,1,21.3407347298969,1,17.6094104984657
1,9.20915420240813,1,11.598198362122,1,12.6602735312525,1,20.2652846362854,1,17.6933569500169
1,8.32365860602274,1,11.598198362122,1,11.6337648665563,1,20.5124222538011,1,17.6933569500169
1,6.9068656518061,1,10.2495706455962,1,10.2650866469615,1,20.5124222538011,1,17.6933569500169
1,35.2427247361388,1,53.6753831177275,1,10.9494257567589,1,20.7595598713167,1,17.6933569500169
1,8.14655948674566,1,10.7890217322065,1,15.3976299704422,0,19.029596548707,0,16.9069855300161
1,5.12558451101339,1,8.54592294281354,1,59.6758091620768,1,21.2282505546489,1,17.5273435904633
0,5.12558451101339,0,11.2928267458608,1,14.9939219000193,1,19.0621025388684,1,17.3347354191395
1,6.61365743356567,1,12.2084613468765,1,15.2938003380197,1,20.1451765467587,1,17.3347354191395
1,7.77104748443966,1,17.0918458856271,1,8.69647470201119,1,19.2787173404465,1,17.1421272478157
1,4.46421876765683,1,10.9876152121888,1,17.3929494040224,1,20.3617913483367,1,17.5273435904633
1,4.71376502025564,1,7.83454725476385,1,7.84382612002588,1,23.6383422022394,1,17.0454155064821
1,5.98285560263215,1,11.7518208821458,1,10.3090286148912,1,21.6684803520527,1,17.0454155064821
1,7.97714080350954,1,14.2001168992595,1,9.8608099794611,1,23.6383422022394,1,17.2348090121097
1,7.79584214888433,1,15.6690945095277,1,9.86080997946111,1,23.8845749335127,1,17.0454155064821
1,6.34545291188259,1,9.54835446674344,1,10.5331379326062,1,49.000313523392,1,37.6893076198882
1,6.63786216919649,1,11.5146466093954,1,8.44498836600411,1,45.2350959133969,1,37.4830841898621
1,7.25533771981942,1,13.0499328239815,1,8.06112525845847,1,19.54883541986,1,17.1405058355651
1,7.56407549513088,1,17.3999104319753,1,9.2127145810954,1,45.2350959133969,1,37.4830841898621
1,6.79223105685222,1,12.5381707524528,1,11.8997563339149,1,20.6853956186891,1,17.3288630425493
1,7.25533771981942,0,16.376386288918,1,6.90953593582154,1,19.0942113403284,1,17.3288630425493
1,5.42482581562988,1,11.753627927171,1,8.50048862776558,0,19.3163426152304,1,17.4525346952878
1,7.4234458529672,1,14.0043226366293,1,10.92919966427,1,20.8705311015133,1,16.8707835387782
1,5.71034296382093,1,12.2537823070506,1,9.41125526645475,1,19.5383695418422,1,16.8707835387782
1,6.56689440839406,1,12.5038594969905,1,8.50048862776558,0,18.8722887620067,1,16.8707835387782
1,4.99655009334331,1,9.75301040765255,1,7.89331086863947,1,19.3163426152304,1,17.4525346952878
1,7.00171427222865,1,17.7250349792487,1,13.1799497419495,1,20.0154183481265,1,17.0642622043673
1,7.00171427222865,1,14.2266728122917,1,10.0787850967849,0,17.4847332696277,0,16.4890623547819
1,7.2996595604086,1,14.4598969567555,1,10.0787850967849,1,23.0062279863523,1,17.6394620539527
1,6.40582369586877,1,17.2585866903211,1,6.58997487097475,1,21.8559165870347,1,17.6394620539527
1,5.36301518723897,1,13.9934486678279,1,12.0170130000128,1,21.3957920273076,1,17.8311953371479
1,10.3205710548286,1,14.3994459064278,1,8.97487729884823,1,20.2884601637886,0,16.1780990746966
1,8.45713461437342,1,13.8456210638729,1,9.61593996305168,1,23.0868684622422,1,17.3336775800321
1,8.31379334972303,1,15.2301831702602,1,12.1801906198655,1,19.822058780713,0,16.7558883273644
1,7.45374576182065,1,12.1841465362081,1,10.2570026272551,1,21.2212629299398,1,16.5632919098085
1,8.88715840832462,1,16.33783285537,1,6.73115797413618,1,21.2212629299398,1,17.1410811624762
1,7.40505214896464,1,19.6249217104371,1,7.49785344262637,1,46.4248104160323,1,39.5924869730104
0,6.43917578170838,1,21.9681959445192,1,7.49785344262637,1,20.2962739004764,1,17.5082354453513
1,7.72701093805006,1,18.7461938726564,1,6.84586618674581,1,19.1298213774605,1,17.5082354453513
1,7.08309335987922,1,19.9178309896974,1,5.86788530292498,1,19.3631118820637,1,16.9113637824416
0,6.43917578170838,1,20.2107402689577,1,7.49785344262637,1,21.9293074326987,1,17.5082354453513
1,7.97002294145803,1,13.1716228969409,1,9.35137540151426,1,20.1364881897275,1,17.3330434765788
1,10.6266972552774,1,19.7574343454114,1,11.2216504818171,1,20.3484512233036,1,17.8582872182933
1,11.2908658337322,1,17.9134071398397,1,8.93575871700252,1,20.5604142568797,1,17.508124723817
1,7.63793865223061,1,12.6447579810633,1,8.52014203249077,1,19.2886360554232,1,18.0333684655315
1,7.63793865223061,1,9.48356848579747,1,11.2216504818171,1,42.1806436816398,1,34.8411682003958
0,7.02748583995766,1,15.0550099295891,1,6.11764922655878,1,21.3849070332211,0,17.5005627597253
1,6.71515313595954,1,13.9187827650918,1,15.294123066397,1,20.3048612234625,0,16.7227599704041
1,7.65215124795389,1,17.8955778408323,1,15.6000055277249,1,20.3048612234625,1,17.306112062395
1,6.24665407996236,1,14.4868963473404,1,7.34117907187054,1,22.0329345190763,1,17.306112062395
1,5.62198867196612,1,12.4984988094702,1,17.4353002956925,1,19.6568337376073,1,16.7227599704041
0,8.66578542142173,1,18.4128857946118,1,11.6169573459984,1,22.4557660320956,1,17.8873273836733
1,10.6655820571344,0,15.7400475341036,1,62.4803922122616,1,19.4945661157753,1,16.8226055155975
1,8.99908486070718,1,19.8977959393385,1,14.4427037274575,1,20.9751660739354,1,16.6096611419824
1,9.16573458034991,1,13.9581553604315,0,5.33752094275602,1,20.9751660739354,1,17.8873273836733
1,9.83233345892081,1,10.988335070978,1,10.9890137056741,1,21.7154660530155,1,17.6743830100581
1,6.62244520501256,1,9.44753168740246,1,6.81756387889124,1,19.3378153895209,1,17.2194372510914
1,7.13186406693661,1,11.1008497326979,1,10.0640228688394,1,21.6676726653668,0,17.0144439504832
1,6.62244520501256,1,13.6989209467336,1,6.49291797989642,1,19.5708011171055,1,17.4244305516996
1,6.79225149232058,1,9.91990827177258,1,10.3886687678343,1,20.5027440274438,1,16.809450649875
1,7.30167035424462,1,10.6284731483278,1,7.7915015758757,1,22.5996155757051,1,17.4244305516996
1,31.6394840386232,1,45.5311936226541,1,12.6491117861638,1,21.1742871993841,1,17.3152714699271
1,11.288459129358,1,30.6591957057068,1,14.5951289840351,1,22.704958563195,1,17.1115623938103
1,10.4934972188399,1,30.2015957698007,1,12.6491117861638,1,21.4293990933526,1,17.5189805460439
1,11.4474515114617,1,31.1167956416128,1,9.08141359006629,1,22.704958563195,1,17.3152714699271
1,10.9704743651508,1,32.7183954172841,1,10.7030945882924,0,19.8987277295417,1,16.9078533176936
1,6.84074562362896,1,12.0762747336344,1,108.60203948444,1,21.3770814950811,1,16.9113189516369
1,4.73590081635851,1,10.9261533304311,1,15.280688972685,1,21.6119944785436,1,17.3139694028664
1,8.594782963021,1,8.91344087482537,1,16.9179056483298,1,21.1421685116187,0,17.1126441772517
1,5.08670828423691,1,12.3638050844352,1,14.1892111889218,1,21.3770814950811,1,16.9113189516369
0,6.31453442181135,1,12.651335435236,1,18.0093834320931,1,24.6658632635552,1,17.3139694028664
1,6.54743803695818,1,22.9804881912194,1,13.2879724017002,1,21.2214794223263,1,19.3557901972944
0,5.05088077136774,1,7.58119198060847,1,9.83309957725814,1,23.6701116633639,1,19.5617028589678
1,5.23795042956654,1,17.0576819563691,1,11.1618968174282,1,23.6701116633639,1,19.7676155206411
1,37.2268619815622,1,47.1455376294089,1,10.6303779213602,1,21.8336374825857,1,19.5617028589678
1,5.42502008776535,1,15.873120709399,1,9.83309957725814,1,21.8336374825857,1,19.3557901972944
1,6.2424047603669,1,14.9264519225048,1,74.9108661697204,1,20.3532035747364,1,18.0457380920539
1,6.06405033864213,1,14.420470501403,1,14.6810240232115,1,22.7867387847592,1,17.8406728864624
1,6.77746802554121,1,12.9025262380974,1,12.4224049427174,1,20.7956645220133,1,17.8406728864624
1,3.92379727794491,1,13.4085076591993,1,12.4224049427174,1,20.7956645220133,1,17.2254772696878
1,5.7073414951926,1,12.9025262380974,1,7.15229375489792,1,20.3532035747364,1,18.455868503237
1,32.972343005857,1,51.7398622609408,1,5.03901205624483,1,19.4937631014773,1,17.4890584110161
1,32.972343005857,1,51.7398622609408,1,8.18839459139785,1,21.9584917694802,1,17.2947355397826
0,5.13639514161591,1,14.8199605471036,1,11.6527153800662,0,19.4937631014773,1,17.2947355397826
1,4.80501480989876,1,14.0399626235719,1,9.76308585897436,1,21.286293041843,1,17.1004126685491
1,6.13053613676738,1,16.899955009855,1,14.8020979152192,0,21.5103592843887,1,17.8777041534831
1,5.66655658597142,1,8.84022557555606,1,8.4997899765667,1,21.3334658022786,1,17.3712807735977
0,7.08319573246427,1,15.3885408167087,1,9.56226372363753,1,22.251034223882,1,17.3712807735977
1,4.78115711941338,1,13.0966304823053,1,9.56226372363754,1,21.3334658022786,1,17.5709506675471
1,8.32275498564552,1,14.7337092925934,1,8.76540841333441,1,24.0861710670887,1,17.3712807735977
1,7.26027562577588,0,18.0078669131698,1,6.90607935596044,1,21.3334658022786,1,17.5709506675472
1,7.5676315014902,0,9.99637851818473,1,11.8553153129507,1,18.8556008453839,1,15.5042380434023
1,8.07214026825622,1,13.6314252520701,1,9.48425225036055,1,16.7860836794272,0,15.9122443077023
1,7.06312273472419,1,15.4489486190128,1,12.6456696671474,1,16.5561373276542,1,16.1162474398524
1,7.90397067933421,1,17.8723131082697,1,14.6215555526392,0,17.0160300312001,0,15.9122443077023
1,6.39044437903617,1,13.328504690913,1,8.69389789616384,0,15.6363519205623,1,16.3202505720024
1,34.7132624164143,1,72.7242321028685,1,13.6257186855152,1,29.922089187763,1,16.8668787352667
1,34.7132624164143,1,72.7242321028685,1,12.8081755643843,1,31.5108726844584,1,16.4791343965249
0,6.45422467038858,0,12.4252456859172,1,15.260804927777,1,30.7164809361107,1,17.0607509046376
1,7.50085569801916,1,13.5215908934982,1,17.1684055437491,1,32.8348589317046,0,16.4791343965249
0,7.15197868880897,1,15.348832906133,1,16.8958911700388,1,28.8629001899661,1,18.030111751492
1,6.81035142348441,1,12.5018541946154,1,7.91024014004898,1,19.5947470637889,1,16.8511051828886
1,4.9529828534432,1,11.1995777160096,0,7.61726828301013,1,16.254733359734,0,17.2429913499325
1,5.10776356761331,1,11.1995777160096,1,6.44538085485472,0,20.2627498045999,1,16.8511051828886
1,5.88166713846381,1,11.4600330117308,1,8.78915571116553,1,19.8174146440592,1,17.0470482664105
1,7.89381642267511,1,15.8877730389904,1,7.91024014004898,0,18.7040767427076,1,17.0470482664105
1,6.61497325271235,1,15.8104172615292,1,6.19041351627479,0,22.6598845409124,1,17.1437516724893
1,7.38415618907425,1,19.0728843154955,1,64.836436302036,1,19.1737484576951,1,17.1437516724893
1,5.69195372907807,1,8.783565145294,1,9.44852589326152,0,19.8273989732984,1,16.9511252492029
0,7.99950253816377,1,15.5594582573779,1,64.836436302036,0,20.6989329941027,1,17.3363780957757
1,5.84579031635045,1,11.7950731951091,1,9.12271465556285,1,18.5200979420919,1,16.3732459793437
1,5.76179214031991,1,12.4069009103094,1,10.4505564366482,1,23.2016147365892,1,17.3067058187702
1,8.96278777383098,1,12.6550389285156,1,10.0901924215914,1,21.0179333496161,1,17.1077781656809
1,4.64144366859104,0,13.3994529831342,0,7.2072803011367,1,21.5638536963593,1,17.1077781656809
1,8.00248908377766,1,10.6699347828661,0,5.40546022585252,1,21.5638536963593,1,16.9088505125916
1,7.36228995707545,1,11.4143488374847,1,10.810920451705,1,22.3827342164743,1,17.5056334718595
1,8.86443844588998,1,15.7603659017307,1,9.08591074380522,1,19.6609308365714,1,16.9449661871515
1,6.87446246824121,1,10.2784995011287,1,10.3838979929203,1,21.8155533940039,1,17.3794524996426
1,6.51264865412325,1,10.2784995011287,0,12.006382054314,1,19.1222751972133,1,16.5104798746604
1,6.51264865412325,1,9.25064955101582,0,24.9862545454644,1,20.4689142956086,1,17.5966956558881
1,7.59809009647713,1,12.3341994013544,1,11.0328916174778,1,19.9302586562504,1,17.5966956558881
1,6.34113864690732,1,17.39821333993,0,5.56873053565165,1,18.1887395081279,1,17.0155779962451
1,4.35953281974879,1,12.2092725192491,1,8.48568462575489,1,20.7565615563342,1,16.8243917266244
1,5.74665689875976,1,14.9563588360802,1,12.7285269386323,1,20.5425763856503,1,16.8243917266244
1,39.4339559604549,1,60.7411307832643,1,9.01603991486457,0,21.3985170683857,0,17.0155779962451
1,9.70986855307684,1,24.4185450384982,1,4.77319760198713,1,22.6824280924889,1,17.2067642658658
0,6.4015510869594,1,16.6901022276619,1,19.2760940155752,1,22.0972757765488,1,17.4829543250465
1,6.71382187168913,1,15.5585698732441,1,13.0685383156442,1,23.6756526177309,1,17.4829543250465
1,6.08928030222968,1,14.7099206074308,1,17.3158132682285,1,23.901135023614,1,17.4829543250465
1,6.08928030222968,1,13.578388253013,1,9.14797682095093,1,24.3520998353803,1,17.2989232268881
0,7.18222804878372,1,16.9729853162663,1,12.7418248577531,1,22.322758182432,1,17.2989232268881
1,8.76806275959157,1,13.7222327041667,0,6.98023463857616,1,43.9313000640069,1,38.7282528149981
1,8.93998555879925,0,13.4031110133721,1,8.62264278882938,1,22.076030182918,1,17.1260615463308
1,8.25229436196854,1,9.57365072383721,1,9.85444890151929,1,20.751468371943,0,16.7368328748233
1,8.25229436196854,1,14.0413543949612,0,8.21204075126608,1,20.751468371943,1,16.9314472105771
1,8.93998555879925,1,19.1473014476744,1,10.6756529766459,1,21.4137492774305,1,17.1260615463308
1,8.77912279895427,1,23.8457366426665,1,14.2575934243463,1,21.7114272905167,0,17.2249881112713
1,8.27263494516845,1,14.6521996238072,1,9.87064160147053,1,22.2222844032347,0,17.4102030371989
1,10.467415644907,1,16.950583878522,1,13.1608554686274,1,24.2657128541069,1,17.4102030371989
1,6.07785424542988,0,15.2267956874859,0,9.87064160147053,1,19.6679988396445,1,17.0397731853436
1,4.38956139947714,0,4.59676850942969,1,12.4296968314814,1,25.542855635902,1,17.4102030371989
1,7.31027596957601,1,21.6701532479161,1,16.7077123826769,1,19.5439086896845,1,17.0261267087559
1,8.24749083747037,0,17.1672642613362,1,19.2296312328923,1,19.7793774690783,1,17.581326492737
1,6.74794704883939,1,20.5444310012711,1,11.9791145385231,1,20.0148462484721,1,17.3962598980767
1,8.80981975820698,1,23.9215977412061,0,15.7619928138461,1,19.3084399102907,1,17.3962598980767
1,7.12283299599713,1,20.8258615629324,1,15.7619928138461,1,21.8985964836224,1,17.7663930873974
1,5.31263319517298,1,12.4685909140332,1,14.7157641702271,1,20.4807280834158,1,16.8211621639924
1,7.79186201958703,1,15.522123382776,1,12.921158783614,1,21.7607735886293,1,17.0145088555325
1,4.95845764882811,1,10.432902601538,1,15.0746852475497,1,19.4140234957379,1,17.2078555470727
1,5.66680874151784,1,11.9596688359094,1,15.0746852475497,1,20.907409918487,1,17.0145088555325
1,6.02098428786271,1,13.4864350702808,1,71.4252943871997,1,20.6940690009514,1,16.8211621639924
1,5.73903176161975,1,10.3283178112597,1,6.90665665482704,1,19.9410244924954,1,17.2031381604852
1,8.53497031215245,1,12.689076168119,0,9.41816816567324,1,21.7306036136168,0,17.3921836347762
1,6.18049574328281,1,10.9185074004745,1,13.4993743707983,0,20.707986972976,1,17.7702745833583
1,4.56179447718493,0,10.6234126058671,1,16.3248248205003,1,19.429716172175,0,16.8250472119031
1,3.67886651385881,0,10.9185074004745,1,10.9878628599521,0,21.986257773777,1,17.2031381604852
1,7.88938166333028,1,12.7811012700573,1,56.8559788438316,0,19.2529901386124,1,17.645592449219
1,7.53874247829338,1,14.7260514633269,1,8.57125309203492,1,20.3594838247396,1,16.8248672190227
1,6.66214451570113,1,10.5583010491778,1,7.99983621923259,1,22.3511724597685,0,16.2093232963756
1,6.31150533066423,1,15.8374515737667,1,6.85700247362793,1,19.4742888758379,0,16.6196859114737
1,9.11661881095944,0,14.170351408107,1,9.14266996483724,1,18.3677951897107,1,17.4404111416699
1,8.28041992279381,1,18.4073005664517,1,4.58612109719835,1,20.8818925642163,1,17.6350894829207
1,7.43547911434547,1,15.0605186452787,1,12.5353976656755,1,21.142916221269,1,18.4188712377171
1,6.59053830589712,1,14.0564840689268,0,18.0387429823135,1,20.8818925642163,1,18.4188712377171
1,7.60446727603514,1,17.4032659900998,1,8.56075938143691,1,21.4039398783217,1,17.8310349216198
1,7.77345543772481,1,17.4032659900998,0,11.6181734462358,0,21.142916221269,1,17.8310349216198
1,5.4735454575267,1,19.4099373149196,1,10.4958208436011,1,20.1032780510657,1,16.9452689861944
1,4.96040057088357,1,15.1492193677421,1,14.2859783704571,1,21.7588421258594,1,17.5229486107238
1,5.47354545752669,1,14.2023931572582,1,13.1197760545014,1,19.3937505904399,1,17.1378288610375
1,6.67088352636066,1,18.4631111044357,1,9.03806794865651,1,20.3397872046077,1,16.9452689861944
1,8.38136648183775,1,19.4099373149196,1,13.7028772124792,1,21.2858238187755,1,17.1378288610375
1,6.4212172519364,0,13.2784951133944,0,7.90781258539894,1,19.9261393813792,1,17.193323714501
1,7.20429252656279,1,14.5079854016717,1,6.15052089975473,1,22.5991580788813,1,17.3932460832743
1,6.89106241671223,1,15.4915776322935,1,5.56475700453999,1,21.3841495800167,1,17.3932460832743
0,7.04767747163751,1,17.950558208848,1,7.3220486901842,1,22.1131546793354,1,17.1933237145011
0,7.98736780118917,0,22.1308251889907,1,6.15052089975473,1,48.3573382548104,1,39.7845513858803
0,7.88708388943552,0,10.3870912250576,1,8.12205862092615,1,21.4658791640815,1,17.836158692347
1,7.57778648200667,1,14.2139143079735,1,6.49764689674092,1,21.9275109740618,1,17.8361586923471
1,6.80454296343456,1,10.3870912250576,1,6.09154396569461,1,22.8507745940223,1,17.836158692347
1,7.73243518572109,1,13.1205362842832,1,7.30985275883353,1,21.9275109740618,1,17.621265214126
1,7.57778648200667,1,11.4804692487478,1,9.74647034511138,1,20.542615544121,1,17.621265214126
1,8.06461406127364,1,10.9208104957849,1,14.3747512889237,1,19.7623016724419,1,16.8561122032186
1,14.2681633391764,0,8.84065611563541,1,10.8609231960757,1,20.542392527933,1,16.8561122032186
1,10.5460337724348,1,10.6607911982662,1,8.62485077335424,1,18.7221805317871,1,17.059197892414
1,11.166388700225,0,8.84065611563541,1,7.34709510322769,1,19.7623016724419,1,16.8561122032186
1,10.7011225043823,1,9.88073330571016,1,11.499801031139,1,51.7460267475781,1,40.4140521498855
1,7.03323076172694,1,20.861761073074,1,8.63752648752578,0,18.2113897490911,1,17.6695930384683
1,6.69831501116852,1,13.1758490987836,1,6.0087140782788,1,47.0657994814171,1,39.5084158950023
1,6.86577288644773,1,19.214779935726,1,6.0087140782788,1,19.1574359698231,1,17.4710582852271
1,7.03323076172694,0,10.9798742489863,1,7.13534796795608,1,20.8130168561041,1,17.0739887787447
1,6.53085713588931,1,19.4892767919507,0,4.5065355587091,1,20.5765053009211,1,17.0739887787447
1,11.5403474968151,1,26.4005041814621,1,11.9844616689461,1,24.0136893481717,1,16.8519926007729
1,8.2653840179892,1,23.8994037853236,1,11.1579470710877,1,20.411635945946,1,17.0456936651496
1,31.0341777279217,1,55.3021087590627,0,8.67840327751266,1,23.2932786677266,1,17.2393947295263
1,9.98084107832658,1,18.6193029490312,1,16.9435492560961,1,20.411635945946,1,17.2393947295263
1,9.35703851093117,1,15.0066023768311,1,11.9844616689461,1,22.5728679872814,0,17.2393947295263
1,7.78873360891247,1,13.19144252108,0,5.91969575080863,0,20.9264395280741,0,17.2455614848348
1,6.74025023848194,1,14.1336884154428,0,8.87954362621295,1,21.1490612251812,1,17.2455614848348
1,6.89003357711488,1,13.19144252108,0,7.18820198312477,1,20.4811961338597,1,17.2455614848348
1,7.63895027027954,1,15.0759343098057,0,4.6511895184925,1,21.1490612251812,1,17.2455614848348
1,5.24241685215262,1,10.678786802779,1,11.4165560908452,1,20.2585744367526,1,17.2455614848348
1,4.30462285556023,1,7.0676936746134,0,7.70062133700051,1,19.2931446882728,1,17.7388372866186
1,2.8145610978663,1,4.89301869780927,0,12.7060252060508,1,21.4368274314143,1,17.5276606522541
1,4.30462285556023,0,5.16485306990979,1,10.3958388049507,1,20.2458925741135,1,17.5276606522541
1,6.12580944829725,1,10.0578717677191,1,5.00540386905033,1,47.3992073205715,1,42.024150238537
1,5.29799736068951,1,11.6888780003221,1,15.016211607151,1,21.9132013743346,1,17.9500139209831
0,6.47009364072513,1,11.2691648602523,1,7.85460574928358,1,21.4718092860931,1,17.4268370816065
1,7.11710300479764,0,10.7450176574498,1,7.85460574928357,1,20.3763088123129,1,17.4268370816065
1,6.14658895868887,1,10.7450176574498,1,1.71819500765578,0,19.0617082437765,0,17.4268370816065
1,7.4406076868339,1,14.1519744756656,1,48.8458295033572,1,19.2808083385326,1,17.8274540260113
1,7.27885534581577,0,13.6278272728632,1,9.81825718660447,1,19.2808083385326,1,17.6271455538089
1,8.84177401225782,1,17.6615342595626,1,7.72355333799356,1,21.3885892743078,1,17.3033914597083
1,8.495037776483,1,14.2743907029341,1,9.08653333881596,1,21.8638912581813,1,17.0923744906875
1,10.2287189553571,1,20.8067389907176,0,5.45192000328958,1,23.5274482017386,1,17.5144084287291
1,9.18851024803264,1,15.7260236557749,1,9.99518667269755,1,22.5768442339916,1,17.0923744906875
1,8.32166965859559,1,13.7905130519872,1,8.17788000493437,1,22.3391932420549,1,17.9364423667708
0,4.51812149327646,1,16.3446219273762,1,13.0958153784435,1,22.0741348266807,1,16.6462529187623
1,7.39328971627057,1,12.2584664455321,1,11.3100223722921,1,21.3041068676105,0,17.4785655647004
1,6.98255139869998,1,10.5072569533132,1,12.5005510430597,1,23.3575147584645,1,17.686643726185
1,9.03624298655291,1,11.3828616994227,1,8.63133286306502,1,22.5874867993943,1,17.0624092417314
1,17.6617476555352,1,25.3925376371737,1,9.52422936614071,1,24.1275427175348,1,17.8947218876695
1,7.84130725358243,1,17.1503338841527,1,15.7212362302095,1,21.0299399937691,1,16.9393657774803
1,32.5087529888105,1,56.8819407157732,0,11.8553584686826,1,21.5428653594708,1,17.3379390898916
1,7.5145861180165,1,14.5777838015298,1,12.628534020988,1,20.5170146280674,1,16.9393657774803
1,9.4749129314121,0,12.5769115150453,0,17.7830377030239,1,20.2605519452166,1,16.9393657774803
1,8.0046678213654,1,14.863622699599,1,17.7830377030239,1,21.28640267662,1,17.7365124023029
0,3.82046085846176,1,9.46242623021735,0,10.3756313638083,1,20.1790784799137,1,16.9394297835481
1,7.97313570461585,1,13.5542862216627,1,6.71364382364066,0,19.9299540542357,1,17.1363998973103
1,7.80702871076969,1,14.0657687205934,1,7.93430633702987,1,49.5757607099113,1,39.1970526386752
1,6.81038674769271,1,11.2526149764747,1,8.54463759372448,1,20.4282029055916,1,17.1363998973103
1,7.80702871076969,1,10.741132477544,1,7.62914070868257,1,19.1825807772019,1,17.7273102385968
1,5.36774053280979,1,12.9252033290565,0,7.3804290569877,1,48.015398051807,1,38.0312841942976
1,5.75115057086763,1,12.6314487079416,0,9.9351929613296,0,22.1980734711871,1,17.2000782788281
1,9.20184091338822,1,15.8627495402057,1,9.08360499321563,1,18.5788223617544,1,17.3911902597039
1,8.24331581824361,1,15.2752402979758,1,11.6383688975575,1,21.2329398420051,1,17.2000782788281
1,6.70967566601224,1,13.2189579501714,1,10.7867809294436,1,20.7503730274141,1,17.5823022405798
1,5.71643403892216,1,15.9568087498907,1,9.84040138111335,1,20.3332711555609,1,17.1176952123083
1,8.65631440179641,1,21.2757449998542,1,7.31001245454135,1,19.8763437138628,1,17.1176952123083
1,7.02304753353294,1,13.9972006577988,1,10.121555706288,1,20.1048074347118,0,16.7534889311953
1,8.81964108862276,1,16.2367527630467,1,55.9497107097588,1,20.7901985972588,1,17.2997983528647
1,7.02304753353294,1,22.3955210524781,1,7.87232110489068,0,16.6778516219769,1,17.2997983528647
1,4.96317928927045,1,11.0013287233481,1,9.64018872737201,1,20.0116645184836,0,16.7518295001004
1,5.95581514712454,0,15.6827452013686,1,68.5141984552511,0,18.9584190175108,1,16.9693857273744
1,5.62493652783985,1,11.4694703711502,1,12.738820818313,1,20.0116645184836,1,17.1869419546485
1,4.13598274105871,1,7.72433718873379,1,12.050235909215,1,18.9584190175108,0,16.5342732728264
1,7.61020824354803,1,14.5123910818635,1,12.050235909215,1,21.0649100194564,1,17.8396106364705
1,5.89346970989733,1,14.7293547316344,1,8.87751659174275,1,22.5898426458965,1,17.4083263796441
0,5.57490377963261,0,15.4783049722259,1,11.1603065724766,1,22.5898426458965,1,17.219105440735
1,7.00845046582385,1,14.23005457124,1,11.1603065724766,1,21.4489415021644,1,17.4083263796441
1,5.89346970989733,1,16.4769052930147,1,9.1311599229354,1,19.1671392147001,1,17.0298845018258
1,7.16773343095621,1,15.7279550524231,1,5.83379661743095,1,21.9053019596572,0,17.4083263796441
1,8.14875016765797,1,15.2537338545344,1,8.91934932620784,1,22.0368677621812,1,17.2592658341565
1,8.14875016765797,1,15.5415401536766,1,11.5951541240702,1,21.0118971685914,1,17.2592658341565
1,7.14802646285787,1,12.0878645639707,1,18.4333219408295,1,50.9922870310938,1,42.4023938394708
0,13.1523686916585,1,23.3123102305148,1,12.7844007008979,1,50.9922870310938,1,42.4023938394708
0,7.14802646285787,0,13.5268960596814,1,16.352140431381,1,20.755654520194,1,17.2592658341565
1,5.13939345038212,1,14.1532093836687,0,6.27061562245041,0,19.8136756700735,0,17.1977618942126
1,9.93616067073877,1,24.532229598359,1,11.2211016401744,0,22.0151951889706,0,17.1977618942126
1,5.65333279542033,1,16.9838512604024,1,7.92077762835841,1,19.8136756700735,1,17.8426779652456
1,7.3664639455477,1,19.1068326679527,1,8.25081002954001,1,48.6780426956128,1,42.7794327118539
1,6.33858525547128,1,15.0967566759133,1,9.24090723308481,1,19.8136756700735,0,16.7678178468573
1,6.86883494119801,1,15.4649893481321,0,7.27547041527989,1,20.8066974086333,1,17.3385457987716
1,7.3972068597517,1,16.5134632022428,1,8.43954568172467,1,20.3391311747314,1,17.3385457987716
1,7.04495891404924,1,16.2513447387151,1,8.14852686511347,1,21.975612993388,0,17.3385457987716
1,6.86883494119801,1,14.6786339575491,1,9.60362094816945,1,21.5080467594861,1,17.3385457987716
1,6.69271096834678,1,16.2513447387151,1,10.476677398003,1,20.5729142916823,1,17.5229984136522
1,9.23152747308193,1,14.2951909853437,1,8.92020540736896,1,20.6643612780628,1,17.8327613566192
1,6.76978681359342,1,12.3891655206312,1,12.7431505819557,1,23.4364097421932,1,17.0401941852139
1,8.46223351699177,1,16.4394696331452,1,7.96446911372229,1,21.672378901383,1,17.4364777709166
1,7.69293956090161,1,13.1039250698983,1,9.55736293646674,1,21.672378901383,1,17.4364777709166
1,9.0776686818639,1,11.1978996051859,1,11.1502567592112,1,23.6884141480232,1,17.2383359780652
1,10.542594920772,1,12.4854564920554,1,16.9267576079253,1,21.1119708901946,0,17.0768460460697
1,12.216022685974,1,13.0167525129939,1,8.46337880396263,1,21.1119708901946,1,16.8891883972117
1,12.3833654624942,1,13.0167525129939,1,16.9267576079253,1,21.7582557133638,1,17.0768460460697
1,14.7261643337768,1,18.5953607328484,1,17.2522721773084,1,21.1119708901946,1,17.8274766415013
1,33.3012125275181,1,52.8639540833833,1,9.11440794272899,1,21.1119708901946,1,17.2645036949276
1,6.82830977991047,1,15.5853484765213,1,51.090918768191,1,20.661746013968,0,17.274427053259
1,7.17847951221357,1,19.5645863854204,1,10.526269695959,1,19.4742893464986,1,17.274427053259
1,8.22898870912287,1,14.2589358402217,1,8.47236341382063,1,18.524324012523,1,17.0824889748894
1,7.17847951221357,1,13.5957295220718,1,9.49931655488979,1,20.4242546804741,1,17.4663651316285
1,4.72729138609186,1,17.243364271896,1,8.21562512855333,1,47.2607753652831,1,38.1956775955392
0,5.80902438487488,1,14.0704233283104,0,11.1363554853887,1,24.1617010341651,1,17.1280195552004
1,5.98505542684078,1,15.3792999169904,1,12.683071525026,1,25.6992638272483,1,16.5694971784004
1,9.6817073081248,1,19.6331488302005,1,11.7550419012436,1,23.2830937238318,1,17.3141936808004
0,6.33711751077259,1,15.7065190641604,0,12.683071525026,1,24.3813528617484,0,17.5003678064004
1,6.16108646880669,1,16.6881765056704,1,11.7550419012436,1,23.5027455514152,1,17.8727160576004
1,3.81235468401738,0,10.5284561726915,1,9.05341447912446,1,20.7343532879203,1,16.9460906419721
1,6.40475586914919,1,13.9563256242655,1,8.79474549400661,1,20.2521590254105,0,16.9460906419721
1,30.3463432847783,1,48.7247157759443,1,7.50140056841741,1,20.9754504191752,1,17.1431382075764
1,7.31972099331336,1,15.915108168022,1,9.05341447912445,1,20.7343532879203,1,18.128376035598
1,30.3463432847783,1,48.7247157759443,1,9.57075244936014,1,18.3233819753714,1,17.1431382075764
1,5.193690943241,1,11.0917745103282,1,10.8542484628509,1,19.7212539155256,1,16.9037521202763
1,6.49211367905125,1,17.6562941184816,1,11.440964595978,1,19.2780796702329,1,16.68133432922
0,2.75914831359678,1,12.6763137260894,1,58.3782552461442,1,21.0507766514037,0,17.1261699113325
1,4.21987389138332,1,11.3181372554369,1,9.0941000634697,1,22.6018865099282,1,16.9037521202763
0,5.03138810126472,1,10.412686275002,1,7.04059359752493,1,44.0958374066247,1,44.2611404201971
1,9.04487054117041,1,20.3214491259207,1,13.2072582592017,1,18.3566207186063,1,17.5105530358657
1,5.33001299747542,1,13.0421240658894,1,15.3635453219285,1,19.5184321564928,1,17.3242705567608
0,5.00698190671934,1,13.9520396983933,1,17.2502965018145,1,18.124258431029,1,17.5105530358657
1,6.78365290587781,1,14.2553449092279,1,12.3986506106791,1,17.8918961434517,1,17.1379880776558
1,5.97607517898759,1,13.9520396983933,1,17.2502965018145,1,19.2860698689155,1,17.6968355149707
1,3.86063720379998,1,8.51824800986143,1,7.30224377775331,1,21.1053745672632,1,17.3121952507461
1,6.17701952607996,1,15.0489048174219,1,8.11360419750368,1,19.7524659411566,1,17.3121952507461
1,6.33144501423196,1,17.6043792203803,1,6.49088335800294,1,19.211302490714,1,16.9000001257284
1,5.71374306162397,1,15.0489048174219,1,8.65451114400393,1,21.3759562924845,1,17.3121952507461
0,6.79472147868796,1,16.1846712187367,1,6.76133683125307,1,21.6465380177059,0,17.1060976882372
1,9.01115849450272,1,14.1269134127306,0,9.18731665294618,0,20.5840521063677,0,16.652026595724
1,7.33111199552764,1,16.481398981519,1,8.19409323100606,1,19.8660037770758,1,17.2467418312855
1,7.48384349543446,1,17.1877446521555,1,10.6771517858564,1,20.3447026632704,0,16.8502650075778
1,5.65106549655255,1,14.1269134127306,1,9.18731665294619,1,20.3447026632704,0,17.0485034194317
1,5.9565284963662,1,16.481398981519,0,5.4627288206707,1,20.3447026632704,1,17.2467418312855
1,30.0756881015703,1,58.6209492119324,0,9.32537450360049,1,18.7204327312656,1,17.101475096205
0,6.80103499784253,1,12.6668382719251,0,3.35713482129618,1,19.4897655832354,1,16.895433227576
1,7.8589737752847,1,15.6126146142332,0,5.5952247021603,0,16.6688784593461,1,16.6893913589471
1,7.55670555315836,1,12.9614159061559,1,6.71426964259236,1,17.181767027326,1,16.6893913589471
1,8.46351021953737,1,18.8529685907722,1,17.5317040667689,1,18.9768770152556,1,16.6893913589471
1,5.47745358627784,1,8.3036421545786,1,11.0241213605716,1,21.3700365634086,1,16.9743515501858
1,7.30327144837045,1,15.3298009007605,1,62.6800043072497,1,21.1450888101095,1,17.3785027775711
1,6.69466549433958,1,15.0104300486613,1,12.9139707366695,1,20.4702455502124,1,16.9743515501858
1,7.7597259138936,1,16.6072843091572,1,7.55939750439192,1,19.1205590304182,1,17.1764271638784
1,6.08605954030871,1,13.4135757881654,1,11.3390962565879,1,18.4457157705211,1,17.1764271638784
1,6.5806288119737,1,15.7335645083577,1,7.91367400805537,1,20.0344919929599,1,17.2138853913408
1,5.53371059188698,1,12.3007867974433,1,7.00055777635668,1,21.400480083389,0,17.2138853913408
1,6.87974830342706,1,13.4450460344148,1,14.3054876299462,1,20.4898213564362,1,17.0204709487414
0,6.73018855770038,1,14.0171756529005,1,6.69618569912378,1,21.6281447651271,1,17.0204709487414
1,7.62754703206043,1,16.3056941268435,1,12.7836272437818,1,22.0834741286035,1,17.0204709487414
1,7.9538743995911,1,15.2655801056348,0,6.96771890856253,1,20.3444482052185,0,17.0131700210617
1,7.63571942360746,1,15.2655801056348,1,9.81814937115629,1,21.7315696737561,1,17.0131700210617
1,9.22649430352568,1,19.5908278022313,1,9.18472037946879,1,22.193943496602,1,17.3751523619353
1,6.99940947164017,1,14.502301100353,1,8.86800588362504,1,19.6508874709496,1,17.0131700210617
1,5.24955710373013,1,12.2124640845078,1,12.6685798337501,1,21.2691958509102,1,17.1941611914985
1,7.46913501319512,1,22.7857974611624,1,8.78462900520421,1,22.9735846189545,1,16.8715757300874
1,6.51562841576596,1,18.7647743797808,1,8.08185868478787,1,21.4420123110242,0,16.8715757300874
1,6.51562841576596,1,20.4402006636898,1,5.97354772353886,1,22.9735846189545,0,16.6730866038511
1,7.15129948071874,1,21.1103711772534,1,9.48739932562055,1,43.5404127540185,1,39.4993361210282
1,5.72103958457499,1,18.429689122999,1,7.73047352457971,0,19.2540518711238,0,16.8715757300874
1,9.46606074364663,1,20.9171777048845,1,11.598384314546,1,20.6614689736748,1,17.1496311940784
1,6.07256726950916,1,13.1575795240402,1,12.5649163407581,1,20.6614689736748,1,17.1496311940784
1,9.28745582395519,1,12.8202056900905,0,5.47701481520227,1,21.3579229840233,0,17.1496311940784
1,7.68001154673217,1,17.543439365387,1,14.8201577352532,1,22.2865283311548,1,16.9269087110385
1,6.78698694827494,1,10.4585888524422,1,14.1758030511117,1,21.3579229840234,1,17.1496311940784
1,6.93031444364905,1,18.1794979345117,1,6.10646862428319,1,19.780723610708,1,16.9014305228005
1,6.27028449663485,0,13.2214530432812,1,13.3579001156195,1,23.5041539374295,1,18.4206602327152
1,7.09532193040259,1,11.8442183512728,1,17.1744430057965,0,19.5480092152879,0,17.2812379502792
0,5.28023957611356,1,18.7303918113151,1,18.3194058728496,1,20.4788667969683,1,17.4711416640185
1,7.42533690390969,1,10.742430597666,1,7.63308578035399,1,20.9442955878085,1,17.6610453777579
1,8.29089450242026,1,12.9649786405153,1,11.2452143965147,1,20.696336958248,1,17.9407370623254
1,6.99036203145237,1,9.97306049270407,1,13.8911471956947,1,18.8359920631246,1,17.5283063252605
1,32.3507452153261,1,49.6159759512027,1,11.2452143965147,1,20.4637938463576,1,17.5283063252605
1,8.29089450242026,1,14.2116112021033,1,10.5837311967198,1,19.3010782869055,1,18.1469524308579
1,6.50266235483942,1,8.47710141879846,1,12.2374391962072,1,21.6265094058098,1,17.322090956728
1,28.2416913655557,1,57.7913787575406,0,14.4942127957868,1,20.9216703874926,0,16.7503246092987
1,6.38631211783922,1,11.9067664776842,1,8.02358208338198,1,23.9104804428487,1,16.7503246092987
1,7.37973844728088,1,14.8108558624853,1,13.9765623387944,1,22.7609381138656,1,16.7503246092987
1,11.3534437650475,1,27.0080312786496,1,9.57653345435914,1,20.2319449901028,1,16.532787926061
1,6.38631211783922,1,13.0684022316047,1,8.54123254037437,1,21.8413042506791,1,16.9678612925363
1,5.60890981200328,0,10.397283657593,1,8.46145203378886,1,41.9637432789477,1,39.9955821631689
1,4.45413426247319,1,9.80315316287343,1,11.0649757364931,1,19.8220696895532,1,17.6864885947682
1,3.46432664859026,1,8.61489217343422,1,5.53248786824656,1,19.1894504441419,0,17.284522944887
1,4.78407013376751,1,12.1796751417518,1,10.4140948108171,0,18.5568311987307,0,16.882557295006
1,3.95923045553173,1,8.61489217343422,1,6.83424971959869,1,21.5090543439833,1,17.4855057698276
1,8.29717076061156,1,11.1888979278546,1,9.15408469444667,1,20.0636940880666,1,17.8489225598435
1,7.42378436475772,1,10.6151082905288,1,8.90667700000216,1,19.5970965511348,1,17.6527805536914
1,6.69596236821284,0,6.31168601058467,0,7.42223083333514,1,20.7635903934643,0,17.6527805536914
1,5.82257597235899,1,9.18063419721407,1,7.66963852777964,1,20.0636940880666,1,17.064354535235
1,8.00604196199361,1,10.0413186532029,1,10.3911231666692,1,20.5302916249984,1,18.0450645659957
1,6.35335375063251,1,12.263873528385,1,7.38598996423937,1,19.7427152423238,1,17.3930760545275
1,7.14752296946157,1,12.9852778535841,1,10.3403859499351,1,19.0540158734055,1,17.3930760545275
1,7.4651906569932,1,13.4662140703836,0,3.24983558426533,1,20.6609810675482,1,17.3930760545275
1,3.17667687531625,0,11.0615329863865,1,7.38598996423937,1,21.8088133490786,1,17.014965705516
0,6.51218759439832,1,14.9090227207818,1,10.0449463513655,1,17.4470506792629,1,17.3930760545275
1,7.13714470148422,1,11.9647739871308,1,5.21473816217489,0,21.2299238621412,0,17.1130599845688
1,7.77155756383837,1,15.6274599015586,1,8.11181491893871,1,18.9714213236155,1,16.9140709149808
1,7.29574791707276,1,17.8250714502153,1,10.4294763243498,1,18.7455710697629,1,17.1130599845688
1,5.3925093300103,1,13.429848352902,1,6.08386118920403,1,22.359175131404,1,17.3120490541569
1,6.81993827030714,1,11.720594926169,1,8.69123027029147,1,21.2299238621412,1,17.3120490541569
1,7.53932990017454,1,18.6095982579011,1,9.26673685922842,1,18.7221806568151,0,17.0849475621818
1,6.71983751972079,1,19.7548043045412,1,9.26673685922842,1,21.2964804971272,1,16.8862853812262
1,5.90034513926703,1,14.8876786063209,1,5.56004211553705,1,21.5305077553374,1,17.482271924093
0,7.70322837626529,1,15.4602816296409,1,7.67815339764641,1,22.232589529968,0,16.8862853812262
1,6.39204056753928,1,14.3150755830009,1,8.20768121817374,1,20.1263442060763,1,17.2836097431374
1,7.80392999160545,1,16.651917862801,0,11.0270160744022,1,21.7827710675876,1,16.9790353036461
1,6.24314399328436,1,15.2925776291029,0,7.54480047195941,1,22.6287039245813,1,16.9790353036461
0,5.61882959395592,0,12.5738971617069,0,11.607385341476,1,23.6861199958234,1,17.7172542298916
0,6.24314399328436,1,16.3120828043765,1,6.96443120488561,1,20.9368382105939,1,17.3481447667689
1,8.89648019043021,1,28.2063098492343,1,9.86627754025461,1,20.3023885678486,1,17.7172542298916
1,5.92122667758715,1,8.36652235425959,1,8.24958340280164,1,21.2784482509157,1,17.8525504956053
1,6.11223398976738,1,14.5739421654844,1,10.1906618505197,1,21.5258720677869,1,17.6374595257788
0,6.49424861412784,1,14.3040543476051,1,7.27904417894262,0,20.5361768003024,1,18.0676414654319
1,38.0104551238659,1,53.707675757989,1,7.76431379087213,1,21.5258720677869,1,17.8525504956053
1,7.25827786284876,1,14.5739421654844,0,7.76431379087213,1,21.0310244340446,1,17.6374595257788
1,7.73710638907488,1,13.5523561355929,1,10.5018307194351,1,24.2719043963628,1,16.6660773965737
1,4.87774098441677,1,9.48664929491503,1,9.51728408948804,1,19.6486845113414,1,17.8288269823812
1,6.22332470425588,1,13.8234032583048,1,16.4091104991173,1,25.1965483733671,1,17.6350353847466
1,5.38233487935644,1,7.86036655864388,1,9.84546629947039,1,24.2719043963628,1,17.4412437871121
1,3.70035522955755,1,4.87884820881344,1,8.20455524955866,1,22.4226164423542,1,17.4412437871121
1,7.29709338621767,1,13.9379554876979,1,9.22988430159759,1,22.8888623304761,1,18.4237734471888
1,29.635134364435,1,51.3639470750348,0,8.65301653274773,1,20.8288647207332,1,18.2256683563588
1,6.40357174708897,1,14.1960657745071,1,15.286995874521,1,23.3466395770856,1,18.0275632655288
1,5.36112983477216,1,12.905514340461,0,12.6910909146967,1,20.3710874741237,1,18.4237734471888
1,29.635134364435,1,51.3639470750348,1,13.8448264523964,1,23.8044168236951,1,17.8294581746988
1,7.4513583085948,1,11.9815890964517,1,8.50059430203072,0,22.548600124297,0,17.2569716372955
1,9.70409454142579,1,16.2417096640789,1,54.5683311646488,1,19.1172914097301,1,18.0413794389908
1,8.66437012627302,1,15.9754521286022,1,7.67795614376968,1,22.0584131650732,1,17.4530735877193
1,6.75820869849296,1,12.2478466319284,1,9.04901974087141,1,21.5682262058493,1,17.4530735877193
1,7.10478350354388,1,15.9754521286022,1,9.32323246029175,1,23.0387870835209,1,17.2569716372955
1,7.74543143717078,1,14.7897057279809,1,11.3731901299352,1,20.2165471317227,1,17.0603101154444
1,4.84089464823173,1,14.2707686848939,1,55.2015813623682,1,20.9842641114084,1,17.4617291769842
1,6.58361672159516,1,13.7518316418068,1,13.0375594172427,1,19.9606414718275,0,16.8596005846744
0,5.80907357787808,1,14.0113001633503,1,9.15403108019171,1,18.9370188322466,1,17.6624387077542
1,5.22816622009027,1,14.0113001633503,1,14.9793235857683,1,20.2165471317227,1,17.0603101154444
0,6.23530704577281,1,12.6012301326304,1,9.87254658197575,1,20.751796069568,1,16.6974357181483
1,7.10132191324126,1,13.1262813881567,1,7.77837003428393,0,21.1841251543507,1,17.3083175127147
1,7.27452488673495,1,13.6513326436829,1,13.7617315991177,1,21.1841251543507,1,16.6974357181483
1,6.92811893974757,1,14.7014351547355,1,11.0692188949425,1,20.5356315271767,1,17.3083175127147
1,7.62093083372233,1,12.8637557603935,0,8.3767061907673,1,21.8326187815247,1,16.9010629830037
1,7.31522675951676,1,19.444203227823,1,13.7569660650782,1,20.626132927846,1,16.6479653427038
1,35.5056128083862,1,53.7416172546775,1,11.2093797567304,0,21.9152662358363,1,18.2525885082656
1,9.27784857304565,1,16.2035026898525,1,9.1713107100521,1,21.6574395742383,1,17.0491211340942
1,7.67206708924929,1,14.5831524208673,1,8.91655207921732,1,19.3369996198556,1,17.2496990297895
1,8.02890741898181,1,19.9843199841514,1,11.7188970183999,1,22.1730928974344,1,17.4502769254847
1,7.44476058406159,1,11.3426938534798,1,13.2502829568375,1,26.4669655397612,1,17.0397417191703
0,4.96317372270773,1,11.0518555495444,1,9.76336638924869,1,25.4867075568071,1,17.0397417191703
0,5.95580846724928,1,13.3785619810275,1,10.8094413595253,1,29.1626749928851,1,17.0397417191703
0,5.62493021906876,0,9.59766402986753,1,9.76336638924869,1,26.7120300354998,0,17.0397417191703
1,8.10651708042262,0,13.3785619810275,1,10.8094413595253,1,48.7678346519675,1,40.8543205074083
1,9.39620276323185,1,19.1563266768119,1,8.86669613804328,0,18.7229366980529,1,16.6481227927443
1,29.6800690457641,1,50.1593290616523,1,10.0896887088079,1,20.1098208979087,1,17.2884352078498
1,7.15901162912903,1,12.6028464979026,1,3.97472585498492,1,19.6475261646234,1,17.5018726795517
1,7.75559593155645,1,18.6522128168958,1,8.86669613804328,0,19.878673531266,0,16.4346853210425
1,6.11498909988105,1,14.367245007609,1,12.2299257076459,1,20.1098208979087,1,17.2884352078498
1,8.45198895217644,1,16.1481701019203,1,5.69897470027776,1,21.9882093822039,1,17.0698027596032
1,7.63929770677486,1,18.6539206349769,1,12.3477785172685,1,21.247033785051,1,17.0698027596032
1,11.2151391865418,1,14.4776697465493,0,3.79931646685184,1,20.7529167202824,0,17.0698027596032
1,10.2399096920599,1,17.8186704572914,1,8.54846205041664,1,19.0235069935922,1,17.0698027596032
1,8.77706545033707,1,15.59133665013,1,7.59863293370368,1,20.0117411231294,1,17.0698027596032
1,7.92738997406871,1,17.7303792871942,1,10.2114720369486,1,21.1524952997706,1,17.5578207421918
1,7.92738997406871,1,18.3314090935398,1,5.4984849429723,1,18.7488026520694,1,17.3627338450563
1,7.92738997406871,1,18.9324388998854,1,12.5679655839367,1,23.5561879474718,1,18.7283421250046
1,8.49363211507362,1,21.6370730284404,1,6.67673171646636,1,22.1139723588511,1,17.5578207421918
1,10.0036111577534,1,21.0360432220949,1,7.4622295654624,1,18.7488026520694,1,16.9725600507854
1,8.77120196150984,1,17.0693398007891,0,12.252881708595,1,45.6503119601911,1,41.6844607533142
1,7.44724694845175,1,17.3741494400889,1,10.4376399739883,1,21.334065388431,1,17.1765114661898
1,8.77120196150984,0,11.8875759326924,1,9.30311388985915,1,45.6503119601911,1,41.6844607533142
1,8.27471883161306,1,14.3260530470908,1,45.1541381483407,1,22.2516595986861,1,17.8049204222699
0,8.1092244549808,1,16.7645301614893,1,9.75692432351081,1,20.6458697307397,1,16.7575721621364
1,7.95841203615579,1,21.9122394690278,0,11.0911620000014,1,44.3719098291266,1,39.6816457093105
1,6.60378871085268,1,16.2776636055635,0,10.3262542758633,1,24.5271863377082,1,16.3512308952938
1,8.29706786748157,1,13.4603756738314,1,10.7087081379324,1,23.4123142314487,1,16.5506361501144
1,7.45042828916712,1,18.781919544881,1,7.26662337931124,1,44.3719098291266,1,39.6816457093105
1,7.11177245784134,1,15.9646316131488,1,6.50171565517321,1,25.4190840227158,0,16.5506361501144
1,7.95494370471725,1,26.1134259790907,1,16.312000289111,1,20.8933120183994,1,17.2179770694396
1,35.9780408463348,1,58.3884468521242,1,15.1256729953575,0,21.9929600193678,1,17.8186041765131
1,7.23176700428841,1,24.939788856435,0,6.52480011564441,0,21.4431360188836,1,17.8186041765131
1,9.94367963089656,1,28.4607002244023,1,6.52480011564441,1,19.793664017431,1,17.618395140822
1,35.9780408463348,1,58.3884468521242,1,10.6769456437818,1,20.8933120183994,1,17.8186041765131
0,5.82352072979102,1,13.9198851800628,1,9.16716105437312,1,21.4981721330267,1,17.0353123937297
0,6.15629334292193,0,11.8016417830968,1,10.8558486170208,1,20.4864934444137,1,16.8300676660944
0,7.98654271514197,0,19.3667967722613,1,10.3733664562643,1,19.4748147558007,1,17.0353123937297
1,6.82183856918376,1,18.156371973995,1,9.16716105437312,1,20.9923327887202,1,16.8300676660944
1,7.82015640857651,0,17.5511595748618,1,12.5445361796685,0,20.9923327887202,1,16.8300676660944
1,6.02683269225411,1,10.7728248608284,1,11.9477681504931,1,21.5819182848361,1,16.9381832755674
1,8.20318894223476,0,11.3884148528758,1,6.78850463096198,1,20.1104238563245,1,17.3367287644042
1,7.36612884608835,1,16.0053397932308,1,9.50390648334677,1,20.3556729277431,1,17.7352742532411
1,7.0313048076298,1,17.5443147733491,1,9.77544666858525,1,18.8841784992316,1,17.5360015088227
0,7.19871682685907,0,18.4676997614202,1,12.49084852097,1,20.3556729277431,1,17.3367287644042
1,8.42740893287654,1,11.2157563049408,0,5.34716625773207,1,19.5165441743013,1,17.0909289394574
1,8.7645052901916,1,12.6177258430584,1,10.6943325154641,1,21.2136349720666,1,17.0909289394574
1,8.42740893287654,1,13.085049022431,1,11.1804385388943,0,19.3044078245806,0,17.2919986916863
1,33.5410875528486,1,46.4986563475671,1,15.555392749766,1,21.2136349720666,1,17.2919986916863
1,8.59595711153407,1,11.4494178946271,1,8.0207493865981,1,22.6985894201113,1,18.0962777006019
1,6.70327501955428,1,12.7213762921282,1,11.0648693601845,1,22.0743568126084,1,16.8256924854065
1,6.01575963293333,1,12.0398739907642,1,11.8947345621983,1,19.3986771989589,1,16.8256924854065
1,34.2038904843923,1,45.2063193238126,1,12.1713562962029,1,24.9730097273954,1,17.426610074171
1,7.21891155951999,1,14.3115483286442,1,10.2350041581706,1,18.7297572955465,1,16.8256924854065
1,8.07830579279618,1,14.9930506300082,1,12.7245997642121,1,21.4054369091961,1,17.2263042112495
1,9.79801312890552,1,16.0012988840135,1,10.656067061788,0,19.3946119786893,1,18.1082000838317
1,7.98356625318228,1,17.0861327066585,1,9.79206162434577,1,47.6484911575205,1,38.7476539428227
1,5.80623000231439,1,15.1876735170298,0,8.06405074946122,1,21.7890085192682,1,17.5240645972565
1,5.98767468988671,1,17.628549617981,1,10.656067061788,1,21.5495688652103,1,17.7187764261149
1,6.71345344017601,1,18.713383440626,1,10.9440688742688,1,19.1551723246314,1,18.1082000838317
1,6.95134781175746,1,13.8331035446188,1,70.1844866537891,1,21.7002394578594,1,17.4688125253428
1,8.77193890531299,1,15.7697380408654,1,14.1074345032742,1,22.6139337508219,1,17.6673217585853
1,10.2615134364039,1,14.1097656155112,1,14.460120365856,1,20.7865451648969,1,17.2703032921003
1,9.59948031147459,1,15.4930759699731,0,8.46446070196452,1,21.2433923113781,1,17.2703032921003
1,7.11685609298978,1,17.4297104662197,1,9.52251828971008,1,23.5276280437843,1,17.4688125253428
1,7.38632435116372,1,15.4300230859,1,6.72120765411253,1,18.7395910889783,1,16.8785771345763
1,6.75770100212851,1,12.5036393971948,1,8.68155988656202,1,20.5243140498334,1,17.0703791474692
1,5.9719218158345,1,15.4300230859,0,7.84140892979795,1,20.0781333096196,1,17.0703791474692
0,7.70063602568133,1,10.9074301124465,1,8.40150956764066,1,20.5243140498334,1,17.0703791474692
1,31.2740116145017,1,52.9409412774843,0,8.12145924871931,1,21.6397659003678,1,17.2621811603621
1,5.8352847857691,1,19.154022045265,1,12.4187701352999,1,20.2429458324626,1,16.8077761873129
1,8.51636157923057,1,22.9848264543179,1,13.2199811117709,1,20.0102682941585,1,17.2032532740732
1,6.78154718346138,1,16.9991945651726,1,12.8193756235354,1,21.1736559856793,1,17.4009918174534
1,6.30841598461524,1,16.7597692896068,1,13.6205866000064,0,22.3370436772001,1,17.2032532740732
1,7.72780958115366,1,24.4213781077128,1,12.4187701352999,1,19.3122356792459,1,17.2032532740732
1,8.98357238282437,1,15.6387461779986,1,7.25171496966218,1,20.0803638809313,1,17.0976046337154
1,6.13164464224521,1,11.9734150425302,0,8.46033413127254,1,19.10083393552,1,17.0976046337154
1,7.98539767362166,1,12.7064812696239,1,10.071826346753,1,20.570128853637,1,17.4952233461274
0,6.41683741630312,1,10.2629271793116,1,12.4890646699738,0,20.3252463672842,0,16.8987952775094
1,6.70203019036104,1,13.4395474967176,1,9.26608023901279,1,19.5905989082257,1,16.6999859213034
1,4.74032445980228,1,10.9948000367767,1,8.81822159298893,1,21.530190129616,1,17.9084590956327
1,8.8268110630801,0,12.8796229002241,1,7.11146902660398,1,21.3148882283198,1,17.2979434446452
0,4.74032445980228,1,9.73825146114506,1,9.10268035405309,1,20.4536806231352,0,17.0944382276494
1,6.53837856524452,1,13.193760044132,1,8.24930407086061,1,21.530190129616,1,17.7049538786369
1,5.55762178045785,1,12.5654857563162,1,9.38713911511725,1,21.7454920309121,1,17.5014486616411
1,7.28791780455907,1,11.670841014182,1,9.02997095552073,1,20.8884444375925,1,17.2058473138963
1,6.60997196227451,1,6.24254286805085,1,7.57352402721093,1,22.7393192611766,1,16.8191990596514
1,9.83021471312619,1,19.2704584187657,1,7.86481341287289,1,21.9460871939263,1,17.0125231867739
1,7.28791780455907,1,11.3994261068755,1,7.86481341287289,1,21.9460871939263,1,17.7858196952636
1,7.7963771862725,1,10.0423515703427,1,8.15610279853485,1,23.2681406393435,1,17.2058473138963
1,6.535037092682,1,10.859143482658,1,9.59582611547842,1,17.2517312252323,1,17.6553846000232
1,6.535037092682,1,13.5739293533225,1,7.01233446900346,0,20.6566781775808,1,17.2447942604877
1,6.7217524381872,1,10.859143482658,1,8.4886154098463,1,22.24565342201,0,17.2447942604877
1,5.601460365156,1,9.65257198458491,1,8.4886154098463,1,20.8836746410706,0,17.2447942604877
1,6.1616064016716,1,11.4624292316946,1,9.96489635068913,1,22.0186569585201,1,17.03949909072
1,5.25978240530041,1,10.0733061859195,1,20.0014179871252,1,22.2649250513179,1,17.5825365230454
1,6.57472800662552,1,11.7521905502394,1,12.5815371209336,0,19.645522104104,1,16.9831318688507
0,5.11367733848651,0,11.4723764895194,1,11.6137265731695,1,20.955223577711,1,17.5825365230454
1,6.86693814025332,1,12.8714467931194,1,20.646625018968,1,20.3003728409075,1,17.3827349716472
1,8.32798880839232,1,10.6329343073595,1,13.5493476686977,1,19.4272385251695,1,17.182933420249
1,35.5366948819107,1,51.4898357179231,1,9.85677774429195,1,18.7016914716477,1,16.9524620989066
1,6.96447789142973,1,17.0770309416227,1,11.3502289176695,1,22.9095720527684,1,16.9524620989066
1,7.32163060381074,1,17.5945167277325,1,5.97380469351027,1,21.5069451923948,0,17.1591994415762
1,7.85735967238226,1,20.6994314443912,1,8.36332657091438,1,19.4030049018344,1,16.9524620989066
1,7.85735967238226,1,17.0770309416227,1,6.27249492818578,1,21.2731740489992,1,16.745724756237
1,7.50778870323851,1,13.5257510618744,1,16.5238989941978,1,19.8330775145678,1,16.5314125481361
1,7.97702549719092,1,12.962178100963,1,4.4752226442619,1,19.3245370654763,1,16.925017608806
1,7.1949641739369,1,11.8350321791401,1,11.7044284542234,1,19.3245370654763,1,16.7282150784711
1,5.94366605673049,1,11.2714592182287,1,8.9504452885238,1,19.8330775145678,1,16.3346100178012
1,8.13343776184172,1,14.0893240227859,1,8.60619739281134,1,20.0873477391136,1,16.5314125481361
1,6.11600057058017,1,11.4022414350109,1,16.8017371684044,1,19.1797430767569,1,17.3914396237558
1,7.49703295748537,1,12.4157740070119,1,12.4332855046192,0,21.2347155492666,0,17.1892135816191
1,7.29974261649891,1,13.6826897220131,1,66.8709139302494,1,21.9197063734365,1,17.3914396237558
1,7.89161363945828,1,15.4563717230148,0,11.7612160178831,1,20.5497247250967,1,16.7847614973457
1,5.5241295476208,1,10.3887088630099,1,11.425181274515,1,19.4080733514802,1,17.7958917080292
1,6.29247111333951,1,17.7898090922377,1,7.84917744974411,1,21.435727085399,1,16.7397230091047
1,32.1077372193478,1,49.8615775965535,1,14.4907891379891,1,21.435727085399,1,17.57670915956
1,5.9697802870144,1,14.0313987206382,1,13.8870062572396,1,20.595110336952,1,17.1582160843323
0,5.3243986343642,1,17.0381270179178,0,9.35863465161797,1,21.435727085399,1,17.1582160843324
1,7.26054359231482,1,21.5482194638372,1,12.0756576149909,1,21.0154187111755,1,17.57670915956
1,4.67548813479405,1,13.8355398777448,1,9.47589638276128,1,20.5510922685666,1,17.2607171722457
1,5.64954816287615,0,12.0693007444157,1,17.9273715349538,0,20.7957481289067,1,16.4387782592816
1,7.59766821904033,1,14.7186594444094,1,16.3907396891006,0,19.5724688272063,1,17.2607171722457
1,7.79248022465675,1,15.601779011074,1,50.9649562207972,1,20.0617805478865,1,16.8497477157637
1,6.62360819095824,1,10.891807988863,1,8.4514751521925,1,19.0831571065262,1,17.0552324440047
1,9.70530146315779,1,15.7595717287986,1,13.4515874476226,1,20.6112706965683,1,17.3002085143859
1,10.1987913680641,1,14.6338880338844,1,13.7318288527814,1,19.9086137410034,0,17.1058241490557
1,9.21181155825146,1,13.1329764406655,1,10.0886905857169,1,18.9717378002503,1,16.9114397837255
1,9.86979809812657,1,14.2586601355797,1,7.8467593444465,1,18.9717378002503,1,16.9114397837255
1,8.06033511347003,1,12.3825206440561,1,9.24796637024052,1,20.1428327261917,1,17.1058241490557
1,8.17038786350429,1,15.1156634686538,1,12.2336247853737,1,19.9460344173755,1,16.2621870212791
1,7.20916576191555,1,13.0307443695291,1,8.44702663751992,1,20.4045639442117,1,16.8571450830333
1,8.17038786350429,1,16.6793527929973,1,9.90341054054059,1,20.4045639442117,1,17.6504224987054
1,7.84998049630804,1,13.8125890317009,1,8.15574985691578,1,19.9460344173755,1,16.4605063751972
1,6.72855471112118,1,13.0307443695291,1,9.61213375993646,1,19.9460344173755,1,17.0554644369513
1,30.5451657220935,1,48.5360688093837,1,12.6208963488699,0,19.941220307877,1,16.9460614525863
1,7.67466475429485,1,15.8534898121102,1,12.170150050696,1,19.4607089751571,1,16.734235684429
1,7.21418486903716,1,13.9022910660044,1,9.91641855982636,1,20.181475974237,1,17.1578872207436
1,7.52117145920896,1,16.3412894986367,1,19.3820908214788,1,19.941220307877,1,16.9460614525863
1,7.52117145920896,1,17.5607887149529,1,12.170150050696,1,20.9022429733169,0,17.3697129889009
1,33.9755303566538,1,49.9516359833678,1,9.70040352670348,1,22.4937409971514,1,17.1787122680128
1,4.95120794142192,1,14.3077550304119,1,56.7758912298233,1,21.4827863455941,0,17.1787122680128
1,5.97559579137128,1,16.0648477534449,0,9.98570951278299,0,19.4608770424793,0,17.1787122680128
1,6.14632709969617,1,15.3118080150022,0,7.70326162414688,1,21.7355250084834,0,16.9834996286035
1,10.9268037327932,1,26.8584173377907,0,7.13264965198785,1,23.7574343115981,1,17.373924907422
1,7.42709505875322,1,13.161776801885,1,9.65760839259267,1,20.6076434200076,1,16.8068773968617
1,7.25829744378156,1,14.5327952187481,1,9.95026319236821,1,46.0777645009158,1,40.7874219753107
1,6.5831069838949,1,11.5165547016494,0,14.6327399887768,1,19.9130037541646,1,17.0118393163356
1,6.92070221383823,1,11.5165547016494,1,10.5355727919193,1,18.9868175330407,1,17.0118393163356
1,7.0894998288099,1,15.3554062688659,1,10.8282275916948,1,46.0777645009158,1,40.7874219753107
1,7.44689469775567,0,17.4311734001821,1,15.3956279120789,1,20.9088411072884,0,16.6542144182249
1,9.6371578441544,1,19.3679704446467,1,21.8104728754451,1,21.384042041545,1,17.9077574389515
1,9.49114030106115,1,19.9213410287795,1,17.5339095665343,1,21.8592429758015,1,17.3705247157829
1,6.57078943919618,1,15.217691063651,1,12.8296899267324,1,18.2952359688774,1,17.0123695670039
1,9.3451227579679,1,16.0477469398502,1,15.3956279120789,0,19.2456378373905,0,16.8332919926144
1,9.74498887211575,1,21.7377755772365,1,11.3335555081402,1,20.3743736796182,1,17.5550544504769
1,9.59954127700954,1,17.4962583914343,1,7.1112505149115,1,19.2906303987875,1,17.1692290779389
1,9.74498887211575,1,13.254741205632,1,14.222501029823,1,21.458116960449,0,17.1692290779389
1,10.9085696329654,1,19.8821118084481,0,9.33351630082134,1,22.975357553612,1,17.5550544504769
1,10.617674442753,1,14.3151205020826,1,11.3335555081402,1,17.9901384617906,0,17.1692290779389
1,8.40438203318461,1,22.2289707489761,1,9.24014327009077,1,44.8012063837377,1,38.721006089548
1,6.21924270455662,0,11.9694457879102,1,14.1033765701385,1,20.2618521333487,1,17.3174348842702
1,9.58099551783046,1,23.9388915758204,1,7.78117328007643,1,19.5864570622371,1,17.3174348842702
1,5.88306742322923,1,12.9465434032498,1,10.9422749251075,1,20.9372472044603,1,17.3174348842702
1,7.73203147052984,1,16.3663850569385,0,4.37690997004299,1,21.3875105852014,1,16.9282790441743
1,8.23015897984468,0,15.3421041725855,0,13.5294286038243,1,21.8749130802362,1,16.8807891705239
0,5.43501064706724,0,13.6983072969513,1,13.5294286038243,1,21.4459932159178,1,17.0683534946409
1,8.07487296135704,1,14.2462395888294,1,7.97889379199896,0,21.2315332837586,0,17.2559178187578
1,8.23015897984468,1,13.6983072969513,1,10.4072527721726,1,23.1616726731912,0,16.3180961981732
1,7.29844286891886,1,14.5202057347684,1,12.8356117523462,1,20.5881534872811,1,16.8807891705239
1,7.01900524056433,1,9.2488002694035,1,11.8509390642703,1,23.1738151019036,1,17.0727179017147
1,8.35595861971944,1,7.8036752273092,1,11.4422859930886,1,22.2279450977443,1,16.8764797649134
1,8.18883944732505,1,16.7634504882938,1,13.4855513489972,1,21.2820750935849,1,17.0727179017147
1,8.18883944732505,1,16.7634504882938,1,9.3990206371799,0,22.7008800998239,1,16.6802416281121
1,8.35595861971944,1,17.0524754967127,1,16.7547759184511,1,24.1196851060629,1,16.8764797649134
1,7.93020391272472,1,16.8868324836871,1,12.1755042160053,1,20.5860652010475,1,17.4869052768594
1,6.81997536494326,1,15.4557449850696,1,14.6603009947819,0,18.6358063925272,1,17.4869052768594
1,7.45439167796123,1,14.5970924858991,1,8.6967887257181,1,19.0691972388651,1,16.7582842236569
1,6.66137128668876,1,18.3179199823047,1,10.4361464708617,1,19.5025880852029,1,16.9404394869575
1,8.56462022574269,1,14.024657486452,1,49.4474558976544,0,19.285892662034,1,17.4869052768594
1,8.52343984356408,1,14.2913376113852,0,9.41714865431193,1,20.4075835205524,1,17.5745167946787
1,8.03170292951231,1,13.4668373645745,1,10.0449585645994,1,22.171201849489,1,17.9880348369064
1,7.70387832014446,1,11.268170039746,1,10.6727684748869,1,19.9036925694276,0,17.9880348369064
0,8.85126445293193,0,9.06950271491754,0,4.70857432715597,1,21.1634199472395,1,17.5745167946787
1,7.37605371077661,1,10.9933366241425,0,8.78933874402447,1,20.4075835205524,1,17.3677577735648
1,6.55909383302302,1,12.2959943460843,1,8.20222102710579,1,19.5673208978044,1,16.8239890914403
1,29.6649925629905,1,62.7410993556609,1,13.565211698675,1,23.0794041358718,1,17.6065002119724
1,7.45351571934434,1,13.8724038776336,1,9.46410118512206,1,20.0690470746712,1,16.8239890914403
1,8.79514854882632,1,11.3501486271547,1,14.1961517776831,1,19.8181839862378,1,17.0196168715733
1,6.55909383302302,1,15.7640953154927,0,7.25581090859358,1,20.5707732515379,1,17.2152446517063
1,7.22205170486238,1,13.4409621341544,1,23.9095848982249,1,20.6983989934814,1,17.150282365369
1,7.71446432110299,1,12.7853054446834,1,28.1042489154573,0,20.9390780515451,0,16.737022549336
1,5.58067631739365,1,11.801820410477,1,20.553853684439,1,20.6983989934814,0,16.737022549336
0,7.22205170486238,0,12.1296487552125,1,29.7821145223503,1,20.2170408773539,1,17.3569122733855
0,6.23722647238114,0,12.7853054446834,1,20.1343872827157,1,20.2170408773539,1,17.150282365369
1,7.1355174104563,1,12.4800004317431,1,13.1298622275691,0,19.9526267608353,1,16.8086794749704
1,5.63330321878129,0,11.3454549379483,1,12.0357070419384,1,20.8699889107587,1,17.0111936855122
1,5.63330321878129,1,11.3454549379483,1,14.5887358084101,1,21.0993294482396,0,17.4162221065959
1,5.25774967086253,1,11.7992731354662,1,12.0357070419384,0,21.3286699857205,1,16.8086794749704
1,5.82107999274066,1,10.6647276416714,1,10.2121150658871,0,20.6406483732779,0,17.6187363171377
1,7.10214689635423,1,17.3274149972816,1,10.9578839754532,1,20.378793562818,1,17.1410203941993
1,8.72972222676874,1,16.515192419284,1,9.91427597779094,1,20.1642799463673,1,17.1410203941993
1,7.25010829002827,1,15.1614881226214,1,14.0887079684398,0,19.3062254805644,1,16.9462360715379
1,5.32661017226567,1,12.7248203886286,1,13.5669039696087,0,20.5933071792687,1,17.1410203941993
1,9.17360640779088,1,18.4103784346117,1,7.82705998246653,1,19.7352527134658,1,16.9462360715379
1,6.81757904209716,1,14.4227105608923,1,12.2146634390464,1,23.6769530352327,1,17.3633127301322
1,5.65360213247081,1,11.6609149215725,1,10.0770973372132,1,23.6769530352327,1,16.959514759664
0,5.98616696379262,0,14.1158443787457,1,10.3824639231894,1,23.451458244421,1,16.7576157744299
1,6.48501421077535,1,15.9570414716256,1,12.2146634390464,1,25.4809113617266,1,16.5557167891958
1,8.48040319870622,1,16.8776400180655,1,9.46636416526092,1,25.9319009433501,1,17.1614137448981
1,6.96645633842603,1,13.6813264206534,0,11.8078061968971,1,22.1880034039155,1,16.8581507445125
1,7.79579637871484,1,16.4682632841198,0,12.0761654286447,1,19.8275775098819,1,17.2412905341605
1,6.63472032231051,1,10.6410316605082,1,9.39257311116812,1,21.9519608145121,1,17.4328604289845
1,7.79579637871485,1,10.6410316605082,0,11.2710877334017,1,25.2565570661591,0,16.6665808496884
1,8.12753239483037,0,9.88095797047187,0,7.78241772068216,1,19.1194497416719,1,17.2412905341605
1,32.0523641966232,1,49.614196698706,1,9.76522497468443,1,30.9980413775975,1,16.5705985864991
1,7.08695489774584,1,15.956324566418,1,9.38963939873503,1,30.9980413775975,1,16.9901074114738
1,8.05335783834755,1,16.4549597091186,1,11.267567278482,1,29.2759279677309,1,16.7803529989864
1,6.60375342744499,0,12.9645137102146,0,3.75585575949401,1,32.4741385860545,1,16.3608441740118
1,6.28161911391109,1,11.2192907107627,1,10.8919817025326,1,32.4741385860545,1,16.9901074114738
1,6.17771405546045,1,12.7674030183254,1,14.590795911089,1,21.459444712855,1,16.6554638102513
1,7.06024463481194,1,14.8458174631691,1,13.0814032306315,0,21.2127844287992,0,17.0616946348916
1,6.88373851894164,1,15.1427338124325,1,7.29539795554451,1,20.7194638606876,1,16.6554638102513
1,5.82470182371985,1,14.5489011139057,1,15.0939268045748,1,21.2127844287992,1,16.8585792225715
1,7.76626909829313,1,13.955068415379,1,10.5657487632024,1,21.9527652809666,1,17.0616946348916
1,6.26004780201723,1,12.5992775357497,1,11.6686820829,1,21.8350822925541,1,17.3094100222921
1,8.0257023102785,1,16.9816349394888,1,17.9760778033865,0,20.5249773550009,1,16.9114925505153
1,7.22313207925065,1,13.6948668866845,1,10.722572724827,1,21.1800298237775,1,17.1104512864037
1,8.50724444889521,1,17.2555322772225,1,14.1916403710946,1,19.4332232403732,0,16.7125338146269
1,6.26004780201723,1,12.5992775357497,1,14.8223799431433,1,24.8919938135117,0,17.5083687581805
1,16.8558205278093,1,26.3508478841264,1,12.7321005051402,1,21.7923815434852,1,17.2695273723835
1,16.7011799725083,1,28.7463795099561,1,11.800483395008,1,20.3864214439055,1,16.6874084721908
1,15.4640555301003,1,26.3508478841264,1,9.93724917474354,1,20.6207481271688,1,17.0754877389859
1,16.3918988619063,1,29.0458209631848,1,11.1794053215865,1,20.3864214439055,1,17.0754877389859
1,17.4743827490134,1,28.4469380567274,1,9.31617110132207,1,19.9177680773789,1,16.6874084721908
1,6.04779494939062,1,14.5291577605146,1,8.88575015623846,0,19.3305122439222,0,16.4827591492135
1,7.21833590733719,1,14.5291577605146,1,8.88575015623846,1,22.0277930221439,1,17.1509791147221
1,38.8229417718946,1,64.2511643187202,0,8.17489014373938,1,21.5782462257736,1,17.1509791147221
1,5.85270478973286,1,10.6547156910441,1,9.59661016873754,1,23.825980207625,1,17.373719103225
1,5.85270478973286,1,13.8834174156029,1,11.3737601999852,1,22.0277930221439,1,16.9282391262193
1,5.65261630875197,1,13.532246408816,0,10.0462692402573,1,23.6624512681516,1,17.6924725855035
1,31.2464068178234,1,48.0878042027569,0,6.09952061015625,1,22.4793287047441,1,17.3160369985779
1,6.5947190268773,1,21.5066058997254,1,11.8402458903033,1,20.1130835779289,0,17.5042547920407
0,6.75173614656486,1,19.5734278413231,1,7.8934972602022,1,21.059581628655,1,17.5042547920407
1,7.06577038593997,1,16.1903662391191,0,3.58795330009191,1,47.0882780236217,1,37.4553408990978
1,5.94190221387775,1,11.6442422274616,1,10.5288606587499,1,20.3945486254337,1,17.214639605607
0,5.33247634578773,1,10.6316994250736,1,11.5560665766768,1,24.2468522546822,1,17.214639605607
0,5.33247634578773,0,8.85974952089469,1,51.1034944168594,1,19.9413364337573,1,17.214639605607
1,6.55132808196777,1,10.3785637244766,1,10.7856621382316,1,21.0743669129481,0,17.0233658322113
0,7.31311041708031,0,13.6693278322375,1,10.7856621382316,1,22.2073973921389,1,17.7884609257939
1,4.82849679519605,0,9.94664140088099,1,11.8626849250674,1,18.8766043297158,0,17.4058720373753
1,4.65605048108191,1,16.4741248202091,1,11.5990697045104,1,20.2578192806706,1,16.8256763027961
1,5.69072836576678,1,13.0549668386563,1,10.5446088222822,0,19.3370093133674,1,17.2124734591822
1,5.51828205165263,1,10.8791390322136,1,52.4594288908537,1,19.3370093133674,1,17.4058720373753
1,4.65605048108191,1,10.8791390322136,1,9.49014794005394,0,19.5672118051932,0,17.0190748809892
1,8.23104407307488,1,21.7974512893364,1,10.402494830133,1,21.8019398081433,1,16.7537456446084
1,7.62133710469897,1,16.7468223320511,0,10.964791847978,1,21.5794710345908,1,16.9485566404759
1,6.85920339422907,1,10.1012579145705,1,6.74756421414031,1,24.0266275436681,0,16.1693126570057
1,7.62133710469897,1,17.5442900621488,0,12.0893858836681,1,22.0244085816958,0,17.1433676363434
1,7.46891036260499,1,11.4303707980666,1,8.43445526767539,1,20.9120647139333,1,16.9485566404759
1,7.20319106397787,1,18.0542145423921,1,17.6818116357535,1,20.3597100196306,1,17.2911103777413
1,7.54620016226253,1,18.0542145423921,0,8.40610717109591,0,20.5992360198616,1,16.7210737718817
1,7.71770471140486,1,19.1162271625329,1,10.1453017582192,1,20.1201840193997,1,16.9110859738349
1,10.6332820468245,1,20.5322439893871,1,8.69597293561646,1,19.8806580191687,1,17.1010981757881
1,7.03168651483554,1,17.346206128965,1,9.27570446465756,1,20.1201840193997,1,17.1010981757881
1,6.83804261894877,1,14.4647883937568,1,13.2711011651637,1,19.7091462246821,1,17.5538283882027
1,6.25608154499568,1,14.4647883937568,1,14.3544563623199,1,20.7070776790964,1,17.367085533009
1,8.14745503534322,1,16.1023116081444,1,12.7294235665856,0,21.7050091335106,1,16.8068569674281
1,9.16588691476112,1,15.2835500009506,1,18.4170383516557,1,19.4596633610785,1,17.7405712433963
1,7.42000369290186,1,13.9189473222943,1,12.1877459680075,1,20.7070776790964,1,16.9935998226217
1,9.54811992950472,1,12.7753637113682,0,9.87462318612823,1,21.2680212480078,1,17.1136903034341
1,9.86639059382154,1,20.1850746639618,1,10.1278186524392,1,20.8056729600077,0,17.1136903034341
1,31.667931099524,1,50.8459475712455,1,9.11503678719529,1,20.3433246720075,1,16.919216549986
1,9.86639059382154,1,16.3524655505513,0,10.6342095850612,1,46.0036546560169,1,38.7002769361748
1,10.9803379189304,1,25.0397128742817,1,9.11503678719529,1,20.3433246720075,1,17.1136903034341
1,5.84057292089309,1,12.1957883753786,1,8.37245187407635,1,20.5364673992965,1,16.9664349605445
1,7.55838848586165,1,18.4424116895969,0,8.37245187407635,0,20.3107919333701,0,16.7779190165384
1,7.21482537286794,0,13.6830796406687,1,9.16982824303601,1,21.2134937970755,1,17.1549509045505
1,6.87126225987423,1,15.4678291590168,1,8.37245187407635,1,22.5675465926335,0,16.9664349605445
1,7.7301700423585,1,18.1449534365389,1,8.37245187407635,1,21.8905201948545,0,16.7779190165384
1,7.11726830560817,1,14.7657472747933,1,49.2410301391144,0,21.2322043051379,1,17.4732034877338
1,7.74991437721779,1,21.1352853149002,1,13.6093299379462,1,20.2885507804651,1,17.0891770374539
1,6.01013768029135,1,12.7390760802138,1,14.1042146629624,1,20.0526373992969,1,17.2811902625939
1,8.69888348463221,1,17.9505162948467,1,15.0939841129949,1,22.8835979733153,1,16.897163812314
1,6.01013768029135,1,11.0019293420028,1,14.1042146629624,1,23.1195113544835,1,16.897163812314
1,6.12185782200743,1,15.501705680234,1,10.621333321848,1,23.5410881863027,1,17.6200177723457
1,8.60886256219795,1,15.1853443398211,1,5.97449999353949,1,22.2754382838133,1,17.8225467122578
1,6.69578199282063,1,12.9708149569305,1,11.2851666544635,1,22.2754382838133,1,17.2149598925217
1,5.9305497650697,1,13.9198989781693,1,4.64683332830849,1,23.034828225307,1,18.4301335319938
1,7.0783981066961,1,13.9198989781693,1,6.97024999246274,1,22.5285682643112,1,17.2149598925217
0,7.9094093825964,1,15.0378406300823,1,14.6155719059001,0,19.5290412924264,1,17.2373577435583
1,9.36215804470594,1,16.2408678804889,1,9.41892411713565,1,22.086415747387,1,17.2373577435583
1,7.58657634657205,1,14.1355701922774,1,8.76934314354008,1,22.3189043342016,0,17.6527157614754
1,7.74799286458423,1,15.6393542552856,1,12.3420384983157,1,19.9940184660556,1,17.0296787345998
1,8.23224241862074,1,15.6393542552856,0,7.47018119634896,1,21.8539271605724,1,17.4450367525168
1,6.65174846817998,1,15.3210960741444,0,12.0720414892366,1,20.5809679642089,1,17.6093434711858
1,7.42520759238695,1,12.5851860609044,1,13.3771270556405,1,18.7801332673406,1,16.9950640477723
1,6.65174846817998,1,15.5946870754684,1,64.9280069285968,1,20.3237058646563,1,17.4045836633813
1,8.19866671659393,1,13.4059590648764,1,10.4406845312316,1,15.178463873604,0,16.3807846243589
1,7.42520759238696,1,15.5946870754684,1,64.9280069285968,1,20.3237058646563,1,17.4045836633813
1,5.05983357554647,1,14.6250587176805,0,13.5533250289926,1,20.9545432300371,1,17.5998870472567
1,5.93221867477862,1,14.0731697094661,1,14.7318750315137,1,20.4783036111726,1,17.3928295525831
0,6.28117271447148,1,14.3491142135733,1,58.6328626254244,1,19.2877045640114,1,17.5998870472567
0,5.05983357554647,1,13.2453361971446,0,6.18738751323574,1,19.2877045640114,1,17.1857720579095
0,7.15355781370363,1,13.5212807012518,1,9.72303752079902,1,19.7639441828759,1,16.9787145632359
1,8.55979530506243,1,21.0930742896603,1,10.8053395307776,1,21.3604189453608,1,17.0505696242427
1,6.95483368536322,1,16.8242378262767,0,8.84073234336353,1,19.7697494494297,1,17.2559981739324
1,4.81488485909762,1,13.5598334719245,1,8.51329781212784,1,21.3604189453608,1,17.2559981739324
1,7.66814996078509,1,18.8331020443396,1,9.16816687459922,1,18.4063184529173,1,17.2559981739324
1,35.487484702238,1,49.9704974243143,1,10.1504704683063,1,20.6787034471046,1,17.0505696242427
1,33.4392256711256,1,51.8497364915248,1,17.0245017588653,1,18.8491310802799,1,17.5572260155544
1,5.04108929715461,0,7.55599175002121,1,17.4028240201735,1,23.3989213410371,1,17.3663866023418
1,6.21734346649069,1,20.3230122931605,1,16.2678572362491,1,22.7489513037861,1,17.3663866023418
1,6.8894887061113,1,12.2459176638275,1,17.4028240201734,1,23.1822646619534,1,17.3663866023418
1,5.37716191696492,1,14.0697777414188,1,13.9979236684004,1,21.2323545502003,1,17.5572260155544
1,7.17516664084693,1,16.1665470184157,1,8.55233003149415,1,20.3007559269199,1,17.0516295399774
1,7.17516664084693,1,14.9907981443491,0,18.9051505959344,1,19.2857181305739,1,17.443621023655
1,6.84143795987731,1,17.0483586739656,1,9.00245266473068,1,20.0469964778334,1,17.443621023655
1,6.17398059793805,1,17.0483586739656,1,11.7031884641499,1,19.0319586814874,1,16.8556337981385
1,33.2060037564776,1,58.4935064848131,1,13.503678997096,1,19.0319586814874,1,17.2476252818162
1,6.95667182195057,1,11.8174110721513,1,13.6493173438471,1,21.035312707592,1,17.2746116562273
1,8.61302225574832,0,12.6418816120689,1,8.04959740790984,1,20.3567542331535,1,16.6720089240334
1,7.12230686533035,1,12.0922345854572,1,3.84980745595688,1,21.035312707592,1,17.4754792336253
1,7.12230686533034,1,10.9929405322338,1,18.8990547837883,1,21.7138711820304,1,16.8728765014314
1,8.116117125609,1,13.1915286386805,1,11.5494223678706,1,21.2614988657381,1,17.4754792336253
0,11.1746758395871,1,25.1922095611452,1,13.3444795439173,1,20.4923635846967,1,17.3154728770311
1,7.06633913385654,0,14.6954555773347,1,13.8891521783629,1,21.1989968117552,1,17.123078733953
1,6.57333872916887,1,13.6457801789537,0,11.1657890061349,1,46.873337394881,1,38.2864344725466
1,5.75167138802276,1,18.3693194716684,1,11.9827979578033,1,18.8435527215602,1,17.3154728770311
1,7.72367300677342,1,14.4330367277394,1,12.2551342750261,1,21.1989968117552,1,17.3154728770311
1,6.2062537720322,1,12.7270256917787,0,9.33692721342577,1,23.0966899596558,1,17.0504122842349
1,5.07784399529907,1,12.4310483501094,1,61.9349505157243,1,23.5881088949676,1,16.6492261128412
0,6.95852695652095,0,13.023003033448,1,8.092003584969,1,24.0795278302795,1,16.8498191985381
1,5.45398058754344,1,13.6149577167865,1,61.9349505157243,1,23.3423994273117,1,16.8498191985381
0,5.64204888366563,1,12.4310483501094,1,5.60215632805546,1,20.3938858154408,1,17.6521915413256
1,8.29403003429146,1,17.9020208023781,0,10.5028145298765,1,19.1630250495838,1,17.0554910241032
1,7.29874643017648,1,17.5705018986303,1,16.2316224552637,1,17.7608524849801,1,16.861678626102
1,7.79638823223397,1,18.2335397061258,1,6.68360924628505,1,18.228243339848,1,17.0554910241032
1,8.29403003429146,1,17.9020208023781,1,8.91147899504673,1,17.7608524849801,0,17.0554910241032
1,7.79638823223397,1,17.9020208023781,1,5.09227371145527,1,20.3315021867536,0,17.0554910241032
1,5.23247246100365,1,12.6468029864928,1,9.28460877232295,1,21.0060002719879,1,17.4176917677391
0,5.23247246100365,1,16.764366749537,1,61.5879048564089,1,21.2318712426544,1,16.830578562085
1,6.10455120450425,1,9.99979771025011,1,10.5225566086327,1,21.0060002719879,0,17.0262829639697
0,5.58130395840389,0,8.23512752608833,1,9.28460877232295,1,23.0388390079867,1,16.830578562085
1,5.58130395840389,1,11.1762444996913,1,9.90358269047781,1,20.7801293013213,1,17.4176917677391
1,5.86235233148563,1,16.4717776461468,1,8.07809581919519,1,20.7899966700426,0,17.2903392692453
1,8.54228482587906,0,10.196814733329,1,8.92842169489995,1,21.0184581719112,1,17.4913897258644
1,6.02984811238522,1,14.3801233418742,1,15.3058657626856,1,22.6176886849914,1,17.0892888126261
1,5.86235233148563,1,13.0728394017038,1,10.2039105084571,1,22.3892271831228,1,17.4913897258644
1,5.35986498878686,1,16.4717776461468,1,11.0542363841618,1,22.3892271831228,1,17.6924401824835
1,7.7626511678199,1,13.7597661321399,1,20.8096671472203,1,19.9061695573877,0,16.4629148454614
1,8.08609496647906,1,12.9382875570867,1,67.8872747917516,1,21.2481585163128,1,16.8596115887255
1,6.63059787251283,1,15.4027232822461,1,22.8565196535043,1,20.5771640368502,1,17.4546567036217
1,8.89470446312697,0,12.5275482695602,1,21.4919513159817,1,21.4718233428003,1,16.4629148454614
1,6.79231977184241,1,16.8403107885891,1,26.9502246660722,1,20.5771640368503,1,17.2563083319896
1,7.25101946256632,1,15.6594132120249,1,19.6678325109734,0,19.8399290033509,1,17.9891299203578
1,7.58827618175545,1,15.3639525853829,1,10.6672989890025,1,21.3494888188232,1,17.9891299203578
1,10.9608433736468,1,20.9777044915805,1,7.33376805493925,1,21.1338374166129,1,18.1868126667354
1,7.08239110297175,1,16.8412557185928,1,14.3341830164722,1,20.7025346121922,1,17.7914471739802
1,8.60004633932284,1,17.1367163452348,0,8.66718042856457,1,22.2120944276646,1,18.1868126667354
1,7.1119935243915,1,17.7307666439354,1,7.63374382711861,1,21.945985532053,1,17.1577113567775
1,5.53155051897117,1,12.4987371424463,1,9.89559384996858,1,20.9299676833469,1,17.7632776399579
1,6.00568342059727,1,14.242746976276,1,9.89559384996857,1,21.3363748228294,1,17.7632776399579
1,5.05741761734507,0,15.9867568101057,0,7.06828132140613,1,21.1331712530881,1,17.3595667845043
1,5.6895948195132,1,15.9867568101057,1,9.33013134425608,1,21.945985532053,1,17.3595667845043
1,6.9025687095859,1,13.0134270149843,0,8.54271257989405,1,20.5675956752898,1,16.7121904088337
1,8.12969203573451,1,15.2284784217902,1,7.47487350740729,1,19.3855499468249,0,17.1100997042821
1,7.97630161996593,1,14.9515969959395,1,6.67399420304223,1,24.3501420063776,1,16.9111450565579
1,9.51020577765169,1,18.2741741061482,1,6.67399420304223,1,17.494276781281,1,17.1100997042821
1,6.13561663074303,0,11.6290198857307,1,13.8819079423278,1,23.4045054236057,1,16.9111450565579
1,7.47650380507481,1,17.9579230378778,1,10.9696749584478,1,20.3205068302233,1,17.2340193166925
1,7.14421474707149,1,14.4169241290005,1,10.6268726159963,1,22.7240076380992,1,16.6658648337246
1,7.80879286307814,1,16.1874235834392,1,9.59846558864185,1,21.1945071239963,0,17.0446344890365
1,5.3166249280532,1,14.922781115983,1,9.94126793109335,1,22.7240076380992,1,16.4764800060686
1,7.64264833407648,1,13.4052101550356,1,10.6268726159963,1,21.1945071239963,1,16.8552496613805
0,6.04319618248664,0,11.5038480344957,1,17.6468789796294,1,19.9981566003256,1,16.5937342008262
1,6.69651468870141,1,12.9124824876992,1,14.9319745212249,1,18.8354730770509,1,17.4131778650646
1,5.71653692937926,1,15.4949789852391,1,13.9138853493232,1,24.1838172841147,1,16.7985951168858
0,5.55320730282556,1,11.9733928522302,1,14.2532484066238,0,21.8584502375652,0,16.3888732847667
1,4.5732295435034,1,14.7906617586373,1,16.6287898077277,1,19.9981566003256,1,17.0034560329454
1,6.18116372906298,1,10.9679412163451,0,9.71458484284071,1,23.1636229337575,1,17.0850390884786
1,32.3697784758824,1,53.2346415134797,1,7.49410830733426,1,21.8010568788306,1,16.8863758432638
1,9.75973220378365,1,21.4008609099416,1,14.4330974807919,0,21.8010568788306,1,16.6877125980489
1,7.97044796642332,1,10.1654089322223,1,9.4370252759024,1,21.5739625363428,1,16.8863758432638
1,5.6931771188738,1,10.4329196935965,1,12.2126209452855,0,21.8010568788306,0,17.0850390884786
1,6.72715490868046,0,11.1998557849638,1,11.2634338579255,1,20.3125462400342,0,16.9399756759473
1,7.2076659735862,1,15.2973639989749,1,6.93134391256955,1,19.7708783403,1,16.9399756759473
1,6.88732526364904,1,12.8388590705682,1,10.1082098724973,1,20.8542141397685,1,17.3582466802917
1,7.2076659735862,1,12.5656918563008,1,9.53059787978313,1,20.8542141397685,1,17.3582466802917
1,6.24664384377471,1,7.92184921375488,1,7.22014990892661,1,20.5833801899014,1,17.1491111781195
1,5.72767150896034,1,11.6391102692739,1,13.193655995961,1,21.0879340986164,1,17.0745788741011
1,8.23352779413049,1,16.8767098904471,1,10.7198454967183,1,19.9032186998177,1,17.0745788741011
1,5.0117125703403,1,11.6391102692739,1,7.69629933097725,1,21.0879340986164,1,17.0745788741011
1,6.08565097827036,1,20.9503984846929,1,9.62037416372156,1,19.666275620058,1,17.2686081794887
1,5.90666124361535,1,14.5488878365923,1,9.34550633047238,1,20.3771048593372,1,17.0745788741011
1,7.54132796663348,1,20.4450643716462,1,14.4446905950793,1,21.3084216711141,0,16.7963841889394
1,8.25954967774143,1,16.1658648519994,0,16.1440659592063,1,22.2769862925283,0,17.375569850627
1,8.43910510551841,1,16.1658648519994,1,13.1701590719841,1,24.4562566907105,1,17.7616936250854
1,9.87554852773432,1,12.8375985589407,1,16.568909800238,1,20.3398570496998,1,17.375569850627
1,7.00266168330252,1,17.8299979985287,1,19.5428166874602,1,23.7298332246498,1,17.375569850627
1,7.61796780490386,1,15.8441046979962,1,19.1789041003746,1,21.4607153821196,1,17.0985977122001
1,6.4329505908077,1,12.9869710639313,1,20.5169671771449,1,20.5474934509656,1,17.5009176583695
0,4.57078068294232,1,12.7272316426527,1,19.6249251259647,1,18.7210495886575,1,17.2997576852848
1,5.07864520326924,1,12.2077528000954,1,19.6249251259647,1,20.7757989337541,1,17.7020776314542
1,8.63369684555771,1,16.6233229618321,1,21.8550302539152,1,16.2096892779839,1,17.9032376045389
1,8.10281866543862,1,13.6578796399828,1,11.102797556033,1,19.1431542495474,0,16.8431071622074
1,7.94993529439261,1,13.6578796399828,1,7.99401424034376,1,21.9108392012892,1,17.0323555572884
1,7.49128518125458,1,13.6578796399828,1,11.9910213605156,1,21.4495583759989,1,16.8431071622074
0,7.94993529439261,1,14.8455213478074,1,11.102797556033,1,20.2963563127731,1,16.8431071622074
1,8.71435214962267,1,15.1424317747636,1,13.7674689694809,1,22.6027604392246,1,17.7893491376124
1,33.5002698977857,1,48.333892560476,1,13.8646472524109,1,20.170743481283,1,16.5470262833039
1,7.91212404621069,0,12.3870779928858,1,9.42796013163943,1,21.2790260901447,1,16.9106971906293
0,6.56537952770674,1,16.273220108301,1,11.9235966370734,1,20.3924000030554,1,17.8198744589427
1,7.91212404621069,1,11.1726585818186,1,8.59608129649477,1,21.9439956554618,1,16.5470262833039
0,6.39703646289374,1,12.6299618750993,0,8.04149540639833,1,22.1656521772341,1,17.63803900528
1,12.8323766287256,1,22.9832459778642,1,14.7537575742658,0,22.2893722071673,1,16.9504785987132
1,4.33526237456946,1,10.4701453899159,1,12.9095378774826,0,18.8602380214493,1,16.9504785987132
1,8.15029326419059,1,17.3651191832751,1,8.85225454455951,1,27.1881353296217,1,17.5283358236693
1,7.45665128425947,1,16.0882721845049,1,10.3276303019861,1,22.0444340510446,1,17.1430976736986
1,6.24277781938002,1,14.8114251857347,1,73.3999439319726,1,19.8399906459401,1,17.9135739736401
0,5.18926207063806,1,11.9970432975824,1,19.3207822626123,1,20.5088838790712,1,17.2254376198562
1,6.11591601182343,1,11.9970432975824,1,18.6139243749558,1,19.0874760854722,1,17.6125261056957
1,5.00393128240099,1,12.9697765379269,1,19.0851629667268,1,40.4085929894572,1,38.5153043410268
1,7.59856231772002,1,17.8334427396495,1,22.6194524050095,0,18.0721848043301,1,17.0318933769365
1,7.59856231772002,1,13.2940209513751,1,17.6714471914137,1,20.7119421352997,0,17.0318933769365
1,32.5704011876135,1,46.2259196270627,1,7.58356565995044,1,21.1465560142181,1,17.7035413461278
0,5.89213287816124,0,12.3114258303232,1,7.20438737695292,1,19.346849119391,0,16.9167172862999
1,8.18351788633506,1,15.5635005779558,1,75.4564783165069,1,23.6211529946053,1,17.9002473610848
1,6.21947359361464,1,12.0791347769209,1,6.8252090939554,0,20.2467025668046,0,17.1134233012569
1,9.49288074814866,1,13.9374632041395,1,75.4564783165069,1,19.346849119391,1,17.3101293162138
1,8.42692001047947,1,12.598243472455,1,8.81963522388281,0,20.1073905339013,0,17.3095344868717
1,8.2396551213577,1,11.4529486113228,1,6.17374465671797,1,22.3415450376681,1,17.1172063259064
1,7.1160657866271,1,9.44868260434128,1,11.7595136318437,0,21.8947141369148,1,17.8865189697674
1,14.0448666841324,1,12.598243472455,1,9.99558658706719,1,44.4596746249596,1,38.2733040320829
1,7.6778604539924,1,10.3076537501905,1,7.64368386069844,0,21.2244677857847,1,17.3095344868717
0,8.51297780516052,1,18.7808311673674,1,10.8331499788603,1,19.0050090204633,1,17.49310125318
0,7.2032889120589,0,12.6183709405749,1,7.58320498520221,1,22.8487187099952,1,17.90960366397
1,8.67668891679822,0,16.7266777584365,1,71.8598948597733,1,20.7133244380331,1,17.90960366397
1,6.71215557714579,0,12.0314699665947,1,8.66651998308824,1,22.4216398556028,1,17.90960366397
1,8.02184447024741,1,17.900479706397,1,9.02762498238358,0,19.8591667292482,0,17.284850047785
1,7.26222605091261,1,18.7951525271273,1,11.0565563355731,1,21.359006934705,1,16.9312862347731
1,9.74201055610228,1,22.6647427533006,1,11.0565563355731,1,20.8250317613373,0,17.3493426850144
1,6.02233379831777,1,22.1119441495616,1,10.4746323179113,1,21.0920193480212,1,16.9312862347731
1,8.67924576816385,1,24.3231385645177,1,9.60174629141874,1,20.8250317613374,1,17.1403144598938
1,7.08509858625621,1,20.729947640214,1,9.60174629141874,1,21.6259945213888,0,17.3493426850144
1,12.2526065574294,1,21.5737154572082,1,14.0612144956663,1,20.5716162358096,1,16.9913726906145
1,9.52980510022284,1,21.3257417163207,1,8.33257155298746,0,18.4913404366828,0,16.9913726906145
1,11.5719061931277,1,23.0615579025329,1,6.50982152577145,1,23.345317301312,1,18.1368584899818
1,10.3806805555999,1,21.3257417163208,1,12.4988573294812,1,20.5716162358096,1,17.1822869905091
1,12.933306921731,1,20.3338467527709,1,8.33257155298746,1,20.8027579912682,1,16.9913726906145
1,7.78752096659576,1,15.4999189877486,1,10.3842497906364,1,23.0983287357934,1,17.1093234509134
1,6.79336935383885,1,11.6249392408115,1,9.16257334467918,1,23.8598121007097,1,17.1093234509134
1,6.95906128929834,1,12.9165991564572,1,8.55173512170057,1,23.3521565240989,1,16.9006731649267
1,32.9726951564374,1,51.4080646426997,1,9.16257334467917,1,50.5117298727791,1,41.5214069113631
1,6.62767741837937,1,13.6915951058446,1,9.46799245616848,1,23.0983287357934,1,17.7352743088737
0,7.17214340338888,1,18.7060386866435,1,14.9481841254828,1,21.6916889106924,1,17.2541386608284
1,5.33313227431481,0,11.5924746790467,1,6.36092941509908,1,22.8455021506228,1,17.2541386608284
1,6.98824229048147,1,18.4425733530288,1,8.90530118113872,0,20.0763503747897,0,16.6725384812499
1,6.62044006466666,1,15.0175240160377,1,11.7677194179333,1,20.0763503747897,1,17.2541386608284
0,6.43653895175925,0,14.4905933488083,1,9.54139412264862,1,19.6148250788176,1,16.8664052077761
1,7.68092279730208,1,16.2915683412758,1,11.4740009773186,1,23.6703179412812,1,16.7102514138977
1,6.65679975766181,1,14.5766664106152,1,10.7416179362131,1,23.6703179412812,0,16.1273356669012
1,7.85160997057547,1,16.0057513528324,0,10.4974902558446,1,22.9306205056162,1,16.3216409159
1,9.2171073567625,1,13.4333984568415,1,9.03272417363377,1,23.6703179412812,0,16.5159461648989
1,6.14473823784167,1,14.8624833990586,1,6.59144736994896,1,23.1771863175045,1,16.3216409159
0,4.74801390361837,0,7.85970595427327,1,5.17562451320854,1,20.5835428859567,1,17.4144235918128
1,7.80030855594446,1,13.8480533480053,1,9.05734289811494,1,20.8285850631704,1,17.4144235918128
1,6.10458930465219,1,12.3509664995723,0,8.19473881258019,1,20.5835428859567,0,17.2271717252342
1,5.42630160413528,0,10.8538796511393,1,6.90083268427805,0,21.8087537720255,1,17.9761791915487
1,6.61330508003987,1,13.8480533480053,1,6.46953064151067,1,22.2988381264531,1,17.0399198586555
1,4.5357947739125,0,12.3173182350163,1,9.4634541008166,1,24.5669729025935,1,17.1318497317627
1,5.89653320608625,1,12.3173182350163,0,13.2488357411432,1,22.1345993478813,1,17.3287675447715
1,7.10607847912958,1,12.5739290315792,1,11.7346830850126,1,23.3507861252374,1,17.3287675447715
1,6.65249900173833,1,12.830539828142,1,10.9776067569473,1,21.4048872814676,1,17.3287675447715
1,5.442953728695,1,12.0607074384535,1,14.0059120692086,1,21.6481246369388,1,17.3287675447715
0,6.54507148061143,1,26.8439432191323,0,10.7224951641919,1,21.2376451521294,1,17.0648396642837
1,7.85408577673371,1,16.992954881836,0,11.2723667110735,1,18.9889533124922,1,17.0648396642837
1,8.04108781903689,1,25.8588443854026,1,10.9974309376327,1,21.7373544498266,1,17.263268032473
1,7.85408577673371,1,26.105119093835,1,9.62275207042859,1,21.487499800978,1,17.263268032473
1,8.22808986134008,1,21.6721743420517,1,15.1214675392449,1,19.4886626101893,1,17.263268032473
1,7.60264103913074,1,16.2637573362415,1,9.61814253452805,1,19.4101256100817,1,16.8021968142205
1,5.18361889031641,1,11.2411263941669,1,6.50639053806309,1,20.5794102853878,1,17.0096313427912
1,6.39312996472358,1,14.1112012182095,1,8.20370980886216,1,21.0471241555103,1,17.0096313427912
1,6.73870455741134,1,13.1545096101953,1,8.48659635399534,1,21.0471241555103,1,16.8021968142205
1,34.3846719724322,1,47.5954074987067,0,7.07216362832945,1,20.8132672204491,1,16.8021968142206
1,5.78708743419593,1,11.6636027592963,1,6.6876237221188,0,19.8867831060487,0,17.72779188886
1,6.4484688552469,1,16.734734393773,1,9.85544548522771,1,22.0175098674111,1,17.5308164234282
1,5.95243278945868,1,15.7205080668777,1,9.85544548522771,1,26.2789633901358,1,18.9096446814506
1,5.95243278945867,0,11.9171593410202,1,9.50346528932672,0,17.9928037626155,1,17.1368654925646
1,6.11777814472141,1,14.1991685765347,1,9.85544548522771,0,20.8337727777653,1,17.5308164234282
1,7.70280401236291,1,15.8395741165237,1,11.4232683556989,1,18.8532085496943,1,16.3889974526514
0,6.80712912720444,0,11.2756290321016,1,10.2516510884477,1,20.6861593809146,1,17.4133097934421
1,6.09058921907765,1,13.9603026111734,1,10.8374597220733,1,19.6387589059316,1,16.5938599208095
1,7.16539908126783,1,14.7657046848949,1,9.37293813800934,1,22.2572600933891,0,15.774410048177
1,6.62799415017274,1,15.5711067586165,1,7.02970360350701,1,18.8532085496943,0,15.9792725163351
1,9.032751248332,1,19.3056772958013,0,6.37225778485176,1,21.4000542929525,1,17.0440757332581
1,4.59561028423909,1,8.87017605482765,1,4.15582029446854,1,21.9035849821984,1,17.251930315371
1,4.27867164394674,1,9.39195111687633,1,4.43287498076644,1,21.6518196375755,1,17.6676394795968
1,10.1420364893552,1,22.1754401370691,0,4.15582029446854,1,21.9035849821984,1,17.251930315371
0,31.5353947090889,1,51.9166186738442,1,6.09520309855385,1,21.4000542929525,1,17.4597848974839
1,9.88530298410133,1,21.819728209022,1,13.131039600805,1,22.9828349876761,1,17.326277009893
1,10.631363586675,1,20.9584231481395,0,8.47163845213228,1,23.2326484114552,1,17.5428554725167
1,7.8336363270237,1,11.7711691653934,1,8.89522037473889,1,21.7337678687807,1,17.326277009893
1,8.57969692959738,1,17.8003045915706,0,9.3188022973455,1,22.733021563897,1,17.1096985472693
1,10.8178787373184,1,21.2455248351004,1,10.5895480651653,1,23.4824618352343,0,17.1096985472693
1,7.62804989476833,1,15.2645136486485,1,50.7566631860609,1,20.7397033416014,1,16.8287312916374
1,6.96474120826674,1,12.0964070423252,1,8.16187548720578,1,21.1717804945514,1,17.2155986776521
1,6.79891403664134,1,14.9765039571645,0,6.88658244232988,1,20.9557419180764,1,17.2155986776521
1,6.46725969339054,1,15.5525233401324,1,7.9068168782306,1,20.5236647651263,1,17.4090323706594
1,7.95970423801913,1,17.56859118052,1,7.39669966028024,1,22.6840505298765,1,17.9893334496814
1,8.08848739643274,1,14.3724994220271,1,9.5393989651229,0,19.7146965717987,1,18.5684049194623
1,5.33495977211521,1,16.959549317992,1,13.3551585511721,1,18.0520113187554,1,17.6399846734892
1,10.8420150207503,1,17.8218992833136,1,9.2214189996188,1,20.4272759659601,1,17.0829325259053
1,9.63734668511135,0,16.6720993295514,1,9.2214189996188,1,20.902328895401,1,17.6399846734892
1,8.08848739643274,1,12.3603495029433,1,8.26747910310651,0,19.7146965717987,1,18.0113527718785
1,5.46637503222702,1,14.4067676776546,1,17.2555038460376,1,20.541811720497,1,16.7297089360105
1,6.55965003867242,1,14.1297144530843,1,21.0432973732166,1,20.2972663428721,1,16.9388302977106
1,7.21561504253967,1,10.2509693091004,1,10.5216486866083,1,20.541811720497,1,17.3570730211109
0,6.99696004125058,0,12.1903418810923,1,12.2051124764656,1,21.5199932309969,1,17.1479516594108
1,8.30889004898507,1,15.792033800506,1,2.10432973732165,1,20.786357098122,1,17.1479516594108
1,7.01075148142261,1,10.6791214618737,1,22.5147402670148,1,23.0040439848415,1,17.3072543939019
1,11.1534682658996,1,19.4414775331547,1,64.0061901876563,1,19.8383498584872,1,17.12115488429
1,8.12609830801256,1,13.1435341069215,1,21.2281836803282,1,20.6825349588484,1,17.12115488429
1,7.80742778612972,1,13.1435341069215,1,19.9416270936417,1,22.3709051595707,1,17.3072543939019
1,31.7077169273431,1,54.4909018182787,1,22.8363794136864,1,20.6825349588484,1,17.12115488429
1,5.8072718647072,1,13.4601948834292,1,12.4953712576286,1,22.0284045987299,1,17.3014593576387
0,9.03353401176675,1,17.9469265112389,1,8.14915516801862,1,23.2001282475985,1,16.9082443722378
1,7.09777672353102,1,17.9469265112389,1,108.112125229047,1,24.6061966262408,1,17.4980668503391
1,8.54959468970782,1,15.853118418261,0,9.77898620162235,1,21.7940598689562,1,17.6946743430396
1,5.00070632794231,1,15.5540029764071,1,14.1252022912323,0,21.3253704094087,1,17.4980668503391
1,9.2098663478679,1,17.473044722298,1,13.8637832820225,1,22.7893541630027,1,16.8315497819625
1,7.57255677491361,1,11.7491162787866,0,8.79166744713623,1,20.7700443004581,1,17.4627328987861
1,7.16322938167503,1,14.4604508046604,1,10.8205137810907,0,21.6354628129772,0,17.2523385265116
1,6.34457459519789,1,14.1591914128966,1,11.834936948068,1,21.6354628129772,1,17.2523385265116
1,11.6658307072993,1,16.8705259387705,0,9.80609061411349,1,20.4815714629518,1,17.041944154237
1,6.64788880337198,1,11.9184377081101,1,12.130172914363,1,21.2672096844096,1,17.8056772523856
1,6.18408260778789,1,8.54529496053178,0,10.1084774286358,1,21.0199165485444,1,17.2374109570967
1,5.25647021661971,1,16.191085188376,1,8.89546013719954,1,22.9982616354662,1,17.616255153956
1,5.41107228181441,1,13.2676948071415,1,9.29979923434498,1,23.4928479071966,1,17.4268330555264
1,6.49328673817729,1,11.6935615249382,1,80.4634803319413,0,20.2780371409487,1,17.616255153956
1,6.07520083566381,1,15.0362024503843,1,14.4238497016104,1,19.3505542760393,1,17.1215892286307
1,5.64125791883068,1,16.3787205263115,1,23.3404113353332,1,21.4488071493447,0,17.3097385608134
1,7.52167722510757,1,15.0362024503843,1,17.0463678291759,1,20.9825287330546,1,17.4978878929962
1,7.52167722510758,1,13.9621879896426,1,20.9801450205242,1,23.0807816063601,1,16.7452905642652
1,6.65379139144132,1,14.230691604828,1,25.4384258373856,1,20.9825287330546,1,16.9334398964479
1,11.6567601972459,0,16.9679104308072,0,8.90456278867971,1,20.0456561161643,1,17.1924475027599
0,7.03804389267674,0,11.4273682493191,0,9.54060298787112,0,21.827492215379,1,17.8138612679199
1,11.6567601972459,1,18.0067620898362,0,9.22258288827541,1,20.0456561161643,1,17.3995854244799
1,6.8181050210306,1,13.1587876810341,0,7.63248239029689,1,22.0502217277808,1,17.3995854244799
1,4.39877743292297,1,8.31081327223209,1,8.586542689084,1,21.827492215379,1,16.9853095810399
1,7.5475201778554,1,16.598677533281,1,13.471262876286,1,22.2992286340299,1,17.4673616193012
1,9.26286567282253,1,16.8848616286824,0,6.53152139456291,1,22.0399352778203,1,17.4673616193012
1,7.20445107886197,1,15.167757056274,1,13.0630427891258,1,20.743468496772,1,17.2774989930044
1,8.23365837584225,1,14.8815729608726,1,11.4301624404851,1,23.0771087026588,1,17.4673616193012
0,8.23365837584225,1,15.4539411516754,1,14.6959231377666,1,20.4841751405623,1,17.2774989930044
1,7.78504246377554,1,18.042308391163,1,9.41592745109517,1,22.5576271809117,1,17.3887467042555
1,6.36958019763453,1,15.8479735868324,1,12.9874861394416,1,23.0703005259324,1,16.9935479155224
1,9.37743751318417,1,18.042308391163,1,14.2862347533858,1,23.5829738709531,1,16.9935479155224
1,8.31584081357841,1,20.4804581737526,1,11.3640503720114,1,21.2759438183599,0,16.9935479155224
1,8.66970638011367,1,18.529938347681,1,4.54562014880456,1,23.5829738709531,1,16.9935479155224
1,6.89192196318618,1,18.6778300408267,1,15.3112882849497,1,19.1648903555625,1,17.0879212905041
1,7.82326276902215,1,18.6778300408267,1,10.6715039561771,1,21.4739132899676,1,17.0879212905041
1,7.26445828552057,1,16.1688677965365,1,13.4553745534406,0,21.7048155834081,1,17.0879212905041
1,11.1760896700316,1,23.1382073640092,1,46.1658540712877,1,21.0121087030866,1,17.2736595654009
0,2.60775425634072,1,16.1688677965365,1,16.2392451507042,1,23.7829362243727,1,17.2736595654009
1,10.4963942556718,1,14.9994942079227,1,10.8084155484636,0,20.6217617237772,1,17.0888996369666
1,10.1465144471494,1,15.80303854049,1,13.1809945712971,0,20.6217617237772,1,17.3052148222446
1,34.8130409479783,1,53.3017740602967,1,14.4990940284268,1,19.4500707167444,1,17.0888996369666
1,34.8130409479783,1,53.3017740602967,1,17.6625327255381,1,20.3874235223707,1,17.3052148222446
1,11.1961538727166,1,17.1422790947688,1,52.4603583937623,1,22.4964673350297,1,17.5215300075227
1,5.10533827567091,1,19.6880295345306,1,11.1733901791532,1,23.3382715428471,1,16.8057161163363
1,6.80711770089454,1,18.8789324303718,1,9.42754796366053,1,24.6593057811214,0,16.8057161163363
1,7.31765152846163,1,17.8001362914934,1,8.03087419126638,1,25.7601676463501,1,17.3852235686237
0,6.12640593080508,1,15.6425440137367,1,5.93586353267515,1,24.4391334080757,1,16.9988852670988
1,33.8654105619503,1,53.6701079091999,1,8.72921107746346,1,25.9803400193958,1,17.1920544178613
1,3.44308792050452,0,5.48176495488149,1,18.0373621178467,0,20.7192428968571,1,17.581465849727
1,6.88617584100903,1,12.2687120418776,1,15.7416978483026,1,42.9492639216099,1,38.0294750445181
1,6.26015985546275,1,11.7466391890318,1,65.2624556627544,0,20.0717665563303,1,17.581465849727
1,7.5121918265553,1,13.5738941739923,1,18.6932661948593,1,20.9350683436993,0,17.390362960056
1,5.16463188075677,1,9.39731135122541,1,14.4298896942774,1,20.9350683436993,1,17.1992600703851
1,4.07236699970888,1,14.3436150699934,1,11.5162782701362,1,20.0011605779702,0,16.7940852079475
1,6.19708021694829,1,16.9998400829551,1,10.1118540908513,1,20.0011605779702,1,17.1672871014574
1,35.2348275192203,1,52.8588777579384,1,8.42654507570942,0,20.6988754818529,1,17.1672871014574
1,7.96767456464781,1,16.4685950803627,1,10.9545085984222,1,16.7451576931844,1,17.7270899417224
0,6.37413965171825,0,13.812370067401,0,9.55008441913734,1,22.3268769242458,1,17.1672871014574
1,11.9901128365994,1,21.1838450079923,1,11.2417896882055,1,20.6055427158032,1,17.2261510779853
1,9.23562745521844,1,18.6074314259391,1,13.5477978293759,0,18.3712067586679,1,16.8346476443947
1,8.26345614414282,1,27.4817448752332,1,22.1953283587647,1,19.8607640634247,1,17.2261510779853
1,8.26345614414282,1,15.172213316535,1,14.1242998646685,1,22.8398786729384,1,17.2261510779853
1,5.34694221091594,1,12.8820679102656,1,9.22403256468145,1,21.5985809189744,1,17.03039936119
1,6.66930559917116,1,14.2934556248793,1,10.1740716854607,1,28.3836359549854,1,16.7005176390551
1,34.0305593393605,1,53.6678805537922,1,11.3368227352276,1,26.4186150042556,0,16.8993333252344
1,6.3272899274188,1,13.7540799409216,1,10.7554472103441,1,29.4753142609463,1,16.8993333252344
1,7.01132127092353,1,15.6418948347736,1,57.8468647259049,1,27.2919576490244,0,16.5017019528759
1,6.15628209154261,1,13.7540799409216,1,11.3368227352276,1,28.6019716161776,1,16.8993333252344
0,6.83263258914816,1,10.7489731170376,1,9.0253029708331,1,22.8130980025363,1,17.7222502283341
1,8.16582919190877,1,15.6116038128404,1,9.55620314558798,1,22.8130980025363,1,17.3327502233157
0,4.49953853431708,1,14.8438200187662,1,7.43260244656843,1,25.889021328721,0,17.7222502283341
1,7.33258131518339,0,8.18969380345724,1,7.16715235919099,1,23.069424946385,1,17.5275002258249
1,7.16593173983831,1,16.6353155382725,1,9.55620314558798,1,21.7877902271414,1,17.9170002308432
1,7.69546070900319,1,14.3483715863627,1,7.56608431322821,1,20.8217069982831,1,17.0629614634367
1,8.53192382954702,1,16.3274573224127,1,7.20579458402687,1,22.7813970687097,0,17.2845583655593
1,8.19733858132949,1,16.0800716054064,1,7.20579458402686,1,20.3317844806764,1,17.2845583655593
1,7.1935828366769,1,13.3588287183376,1,9.72782268843627,0,20.0868232218731,0,17.2845583655593
0,9.03380170187332,1,15.0905287373814,1,7.92637404242955,1,21.5565907746931,1,17.2845583655593
1,7.81985489610917,1,15.9960543569911,1,12.8107082577837,1,18.6450320037997,1,17.2510001132616
1,7.33111396510235,1,15.4347892918335,1,9.23562688351845,1,18.4119691037522,1,17.4539530557705
0,8.47150947078494,0,17.1185844873063,1,11.3210910185065,1,19.5772836039897,1,17.2510001132616
1,7.65694125244023,1,14.8735242266759,1,12.2148613620728,1,21.4417868043697,1,17.0480471707526
1,32.4198150901193,1,55.8458739831795,1,59.2867661232313,1,21.4417868043696,0,17.0480471707526
1,6.65682054135403,1,17.9038623396157,1,11.4012976185185,1,20.0904796884996,1,17.2175114323076
1,7.35753849307551,1,17.3070669282952,1,13.4132913159041,1,20.7676868690108,1,16.4848513713584
1,7.70789746893625,1,18.7990554565965,1,11.7366299014161,0,20.3162154153367,1,17.0343464170703
1,5.95610258963255,1,15.2182829886734,1,14.4192881645969,1,21.4448940495221,1,16.851181401833
1,6.13128207756292,1,17.6054646339554,1,15.4252850132897,1,21.8963655031962,1,17.2175114323076
1,5.88972923925174,1,16.3459747729058,1,10.6649471826416,1,24.0652999252678,1,20.272461673762
1,5.88972923925174,1,16.1189473455043,1,12.7979366191699,1,21.5441732664302,1,17.7862163741497
1,6.4251591700928,1,14.0757004988911,1,12.4424383797485,1,20.8565932685654,1,17.9774660125814
1,7.49601903177494,1,18.1621941921175,1,14.2199295768554,1,45.609473191698,1,38.0586780479117
1,5.35429930841067,1,14.7567827810955,1,9.24295422495604,1,21.7733665990518,1,17.2124674588545
1,8.70982086861584,1,22.2471218857597,1,9.6059244999732,1,20.6337459112948,1,16.9897517926772
1,8.70982086861584,1,21.6616713098187,1,13.7598377972589,1,20.6337459112948,1,17.3848622994837
1,8.08769080657185,1,17.8562425662019,1,10.904022405375,1,19.8695330997654,1,17.1873070460805
1,5.3917938710479,1,17.5635172782314,0,11.9425007296964,1,20.1242707036085,1,16.9897517926772
1,8.70982086861584,1,21.0762207338776,1,11.9425007296964,0,20.6337459112948,1,17.1873070460805
1,7.09253772662895,1,17.6214371460369,1,12.7050746662502,1,19.9429231033442,1,16.9573300415949
1,10.26154394491,1,29.5788409237049,1,8.11713103677093,1,18.0207136476002,1,17.1641267494192
1,12.2233096990839,1,35.5575428125388,1,17.9988557771877,1,21.1443040131842,1,16.7505333337705
1,10.5633540609367,1,32.0961890874244,1,7.76421229604176,1,20.4234754672802,1,17.3709234572435
1,30.030106544663,1,62.6190355725241,1,17.6459370364585,1,21.1443040131842,1,16.9573300415949
1,10.271015077067,1,9.90128974337739,1,9.5330903272813,1,19.4974681265416,1,17.1219630983485
1,10.271015077067,1,15.4343634235001,1,10.7874443177131,1,19.4974681265416,1,17.1219630983485
1,12.3719045246489,1,12.5222193813302,1,9.0313487311086,1,17.3575021126529,1,17.3122071327746
1,10.5044472379095,1,13.1046481897642,1,6.0208991540724,1,19.2596941249984,1,17.5024511672007
1,9.10385427285487,1,12.8134337855472,1,7.5261239425905,1,18.5463721203688,1,17.3122071327746
1,8.63601909304477,1,16.0409777533309,0,6.43102005849283,1,22.7967446602997,1,17.1835378343405
1,7.77241718374029,1,15.3993386431977,1,9.28925119560076,1,21.6453939198805,1,17.5878563716191
1,6.73609489257492,0,12.5119626475981,1,7.8601356270468,1,22.7967446602997,1,17.9921749088977
1,8.46329871118387,1,17.9658950837306,1,12.1474823327087,0,23.2572849564674,1,17.1835378343405
1,7.08153565629671,1,14.4368799779978,1,10.3610878720162,1,22.7967446602997,0,17.1835378343405
1,5.36751256807937,1,21.5948750959488,1,68.0099810332665,1,33.635222051647,1,19.3272065421868
1,7.10406075186975,1,17.6234038139352,0,8.54396746649077,1,20.3641820584802,1,16.5940662230897
0,6.47258868503688,1,29.2896007048501,1,11.9615544530871,1,20.3641820584802,1,16.5940662230897
1,6.15685265162045,1,20.3537903203196,1,11.6197957544275,0,18.7625048179256,1,16.5940662230897
0,7.89340083541083,1,30.0342515702277,1,11.2780370557678,1,19.2201268866555,1,16.5940662230897
1,6.66380770633898,1,15.285296658466,1,12.4892720577182,1,20.6395609831091,1,17.025386774783
1,10.4228787201712,1,18.9123162045427,1,10.705090335187,1,19.9665318206164,1,17.2188570790419
1,5.80947338501347,1,12.6945684112684,0,12.4892720577182,1,18.1717873873026,0,17.2188570790419
0,9.3976775345806,0,15.285296658466,1,17.1281445362992,1,22.4343054164229,1,17.2188570790419
1,9.0559438060504,1,15.0262238337463,1,12.4892720577182,1,22.2099623622587,1,17.2188570790419
1,7.3407507890758,1,16.5680904528205,1,10.3465081285807,1,20.7851750852172,1,18.0551214810382
1,7.78119583642034,1,16.8693284610536,1,6.89767208572048,1,20.0428474036023,1,16.8646739108599
1,7.48756580485731,1,14.4594243951888,1,9.11478097041634,1,20.0428474036023,1,16.6662659824968
1,7.3407507890758,1,14.1581863869557,0,7.6367083806191,1,19.5479622825257,1,16.8646739108599
1,7.63438082063883,1,16.5680904528205,0,11.5782352867451,1,49.2410695471217,1,39.4831777442484
1,10.3270151506054,1,16.9310517357317,0,13.7021436007765,1,21.444033396387,1,17.2655921519382
1,8.55666969621594,1,14.3483489285862,1,10.6943559810939,1,21.444033396387,1,17.0758603700488
1,9.2943136355449,1,9.75687727143863,1,4.0103834929102,1,21.444033396387,1,17.4553239338276
1,8.55666969621594,1,11.1917121642972,1,20.7203147133694,1,23.438827200702,0,16.8861285881593
1,9.14678484767911,1,14.0613819500145,1,15.7073353472316,1,23.6881764262414,1,17.2655921519382
1,7.2837778118706,1,11.3673907072138,1,18.4429725191324,1,19.4787904438745,0,16.9439615494639
1,6.96709182005013,1,18.1263797763679,1,4.19158466343918,1,20.2279746917158,1,17.1365065670714
0,8.39217878324221,0,9.21680327611929,1,9.2214862595662,1,20.7274308569433,0,16.9439615494639
1,7.60046380369106,1,19.0480601039799,1,7.54485239419053,1,20.4777027743296,1,16.9439615494639
1,7.44212080778083,1,18.7408333281092,1,10.8981201249419,1,19.7285185264882,0,17.1365065670714
1,5.77952803901015,1,14.9528786006602,1,9.49295180911346,1,21.9671713823296,1,17.6120991188237
1,8.76893909367056,1,15.7539256685527,1,11.1203149763901,1,23.552431172807,1,17.8193002849275
1,10.5625857264668,1,17.6230354936353,1,10.5778605872979,1,23.552431172807,1,17.4048979527199
1,5.58023396869945,1,14.4188472220652,1,14.9174957000354,1,24.6847595945766,1,17.4048979527199
1,5.77952803901015,1,10.1465961933052,0,15.4599500891276,1,19.9289802231444,1,17.8193002849275
1,6.36887449541996,1,15.4173023994526,1,10.9264887629668,1,19.7722486954677,0,16.9555733466942
1,7.0967458663251,1,16.0102755686623,0,9.10540730247235,1,22.3614717389218,1,17.3282233103578
1,7.0967458663251,1,18.3821682455012,0,11.6549213471646,1,22.3614717389218,1,17.141898328526
1,6.18690665269368,1,14.8243292302429,0,9.83383988667013,1,19.7722486954677,0,17.141898328526
1,8.3705207654091,1,20.4575743377352,1,8.01275842617567,1,21.1845521737154,1,17.5145482921896
1,5.55228795237456,1,15.1362528620868,1,15.7729099768943,1,44.4049900332584,1,40.5634486416563
1,5.55228795237456,1,16.9021490293303,1,11.3454264746082,1,21.1983620761786,1,17.3260961534713
1,7.23479945309412,1,17.9112325534694,1,55.0668260596835,1,19.413236848711,0,16.9184233028014
1,5.72053910244651,1,15.6407946241564,1,15.7729099768943,1,19.8595181555779,0,17.1222597281363
1,4.2062787517989,1,13.1180858138086,1,15.7729099768943,1,18.966955541844,0,16.9184233028014
0,5.92365721923988,1,15.6725238816192,0,4.94316924318318,1,23.2507780295691,1,17.495729636146
1,6.68310045247576,1,16.7723501189258,0,7.63944337582855,1,21.8963637754194,1,17.3115640610286
0,6.53121180582859,0,10.9982623730661,1,7.19006435372099,1,23.9279851566439,1,17.6798952112633
1,7.89820962565317,1,17.0473066782525,1,8.98758044215124,1,18.9617995580952,1,16.7590673356767
1,7.13876639241729,1,12.9229582883527,1,10.3357175084739,1,23.0250423205441,1,17.495729636146
1,7.4252163773078,1,15.4874194806188,1,13.0617905274748,1,21.0727529786305,1,17.7137633779908
1,7.95558897568693,1,17.9654065975178,1,16.4991038241786,1,22.205696687159,1,17.7137633779908
1,5.65730771604404,1,11.4606904156579,1,15.8116411648379,1,21.9791079454533,1,17.7137633779908
1,5.83409858217041,1,12.3899355844951,1,8.9370145714301,1,22.205696687159,0,17.7137633779908
1,5.65730771604404,1,13.3191807533322,1,14.7804471758267,1,19.7132205283963,1,18.5098875747544
1,7.23890144381863,1,15.0915919457987,1,7.43519118169946,1,19.7652372600593,1,17.0956702918756
1,9.36799010376528,0,15.0915919457987,1,11.5988982434511,1,21.2293289089526,1,17.3041540759229
1,8.51635463978662,1,15.0915919457987,1,8.62482177077137,1,22.2053900082148,1,17.5126378599701
1,8.30344577379195,1,14.817199364966,1,14.8703823633989,1,20.7412983593215,0,16.8871865078284
1,42.3688643329384,1,54.604123585708,1,15.1677900106669,1,19.0331914356127,1,17.0956702918756
1,10.9217008174258,1,15.8266490587486,1,10.3096861783531,1,19.6107476791998,1,16.5514788928789
1,10.3149396609021,1,17.8909945881505,1,9.08234258569204,0,19.8310931587413,1,17.3396445544445
1,10.3149396609021,1,16.1707066469822,1,12.2734359266109,1,22.9159298723233,1,18.1278102160102
1,6.21930185436746,0,12.0420155881783,1,9.57328002275647,1,22.4752389132402,0,16.9455617236617
1,8.19127561306933,1,13.0741883528792,1,48.8482749879112,1,20.9328205564492,1,17.1426031390531
1,7.69405547232662,0,11.8024068830982,1,83.6145120401178,1,21.9273495087802,1,16.7565679344442
1,6.49720239885359,1,12.7102843356442,1,12.6052028201183,1,21.9273495087802,1,17.3343806218388
1,7.86503448282277,1,12.7102843356442,1,9.66398882875734,1,21.4400750752518,1,17.3343806218388
1,7.18111844083818,1,12.7102843356442,1,14.7060699568046,1,21.9273495087802,1,16.9491721635758
1,7.52307646183047,1,12.4076585181288,0,10.0841622560946,1,21.683712292016,1,17.3343806218388
1,5.09159356249267,1,10.960957028596,1,11.8634209777981,1,21.179622083766,1,17.8896119785286
1,4.92734860886388,1,11.2420072088164,1,59.0205193645457,1,20.315147713,1,17.1118027620709
1,5.58432842337906,1,12.3662079296981,1,18.981473564477,1,21.8279778618405,1,17.5007073702997
1,7.39102291329582,1,13.4904086505797,0,15.4224472711376,1,22.9085708252979,1,16.9173504579564
1,6.89828805240943,1,12.3662079296981,1,21.9473288089266,1,20.747384898383,0,17.3062550661853
1,6.99719306554717,1,15.7377495468193,1,8.85460026653021,1,21.9084905839857,1,16.2884721565309
1,6.27953223831156,1,12.5319116761709,1,8.51403871781751,1,23.003915113185,1,17.7502581192965
1,7.17660827235607,1,18.3607078046225,1,10.216846461381,1,17.3077075613487,1,17.5414315531871
1,6.45894744512047,1,13.1147912890161,1,9.53572336395562,1,21.0321509606263,1,16.914951854859
1,6.81777785873827,1,15.1548699339741,1,9.53572336395561,1,20.8130660547864,0,16.7061252887496
1,5.29891725310316,0,11.0923534943877,1,20.1923129182976,1,21.0477055003053,1,17.2403399882995
1,5.66435982228268,1,13.3108241932653,1,23.1715066275546,1,21.4686596103114,1,17.4237478605154
1,6.21252367605197,1,15.8066037295025,1,13.9029039765328,1,21.6791366653145,1,17.6071557327314
1,6.21252367605198,1,11.0923534943877,1,17.5441407322913,1,20.2057972802931,1,17.4237478605154
1,5.84708110687245,1,16.6385302415816,1,14.5649470230343,1,20.8372284453023,1,17.2403399882995
1,7.00729257553134,1,18.7910690501237,1,10.371092624871,1,22.7396523219216,1,17.270902289016
1,8.91837236885806,1,14.5564619402366,1,9.66397267317528,1,23.1687023657314,1,17.270902289016
0,7.32580587441912,1,13.4978101627649,1,8.95685272147953,1,22.9541773438265,0,17.270902289016
1,6.37026597775576,1,17.7324172726519,1,7.07119951695752,1,20.3798770809675,1,16.8913220189278
1,8.12208912163859,1,16.1444396064443,1,8.01402611921853,0,19.5217769933478,0,16.7015318838836
1,30.5121558710651,1,51.8013411140843,1,5.73188721601167,1,20.6485892771698,1,16.9692801416166
1,7.20638857256311,1,13.2757205870266,1,5.12853066695781,1,20.4216817026954,1,16.9692801416166
1,3.21987574518777,1,10.6726381189822,1,6.93860031411939,1,45.1546073204043,1,38.8147902089851
1,5.8264418246255,1,10.6726381189822,0,8.74866996128097,1,21.7831271495418,1,17.3593785356767
1,6.89973373968809,1,13.2757205870266,0,8.14531341222711,1,20.6485892771698,1,17.1643293386467
1,6.5218777515055,1,15.1391244931884,1,11.4745140452597,1,20.243118442411,1,16.868965139581
1,7.72327628467756,1,18.8575059476557,1,10.8705922534039,1,41.1059241840795,1,37.7182478963664
1,7.72327628467756,1,15.9359205191457,1,9.66274866969239,1,20.0365560093252,1,17.0585040737336
1,9.78281662725825,1,21.7790913761658,1,9.05882687783661,1,20.0365560093252,1,16.6794262054284
1,34.154044014463,1,52.8541363884999,1,10.2666704615482,1,19.003743843896,1,17.0585040737336
0,4.58138982846831,1,16.7043242455714,1,9.79650648614512,0,20.7432066869277,0,17.2756988806342
1,6.34346283941766,1,18.8255082767551,0,10.3407568464865,1,23.0199001037857,1,17.4813619625465
1,8.105535850367,1,15.3785842260816,1,7.89163022495024,1,22.5139682333728,1,17.6870250444588
0,7.0482920437974,1,16.9694722494694,1,11.70138274734,0,20.9961726221342,0,17.2756988806342
1,8.81036505474675,1,20.4163963001429,1,9.79650648614513,1,22.5139682333728,1,17.2756988806342
0,7.3205112663585,1,12.6125931614968,1,7.05568222666172,1,22.5164515687039,1,17.2210595341686
1,7.16475570749981,1,13.9402345469175,1,7.05568222666172,1,21.7901144213263,1,16.8060942441886
1,4.67266676576075,1,11.9487724687865,1,8.06363683047054,1,22.2743391862447,1,17.0135768891786
1,5.91871123663028,1,12.2806828151416,1,7.55965952856613,1,20.3374401265712,1,17.4285421791586
1,3.89388897146729,1,11.6168621224313,1,7.55965952856613,1,20.5795525090304,1,17.2210595341686
1,8.43679199328144,1,13.9816459363392,1,11.791439654065,1,22.1788877304375,1,17.6592981457976
1,7.53926093016639,1,10.7551122587225,1,8.47509725135922,1,19.2064594779047,1,16.4552550904023
1,8.79580441852746,1,15.3260349686795,1,8.47509725135922,1,20.3497011134942,1,17.0572766181
1,35.7217363119789,1,53.5066834871442,1,8.84357974054875,1,19.2064594779047,1,16.8566027755341
1,8.43679199328144,1,16.4015461945517,0,7.0011672946011,1,19.2064594779047,1,16.8566027755341
1,8.53151650172692,1,25.4808242786771,1,9.87201846470316,1,20.5643052227064,0,17.6443388520406
1,9.20065505088198,1,25.480824278677,1,7.83954407491134,1,21.865843527941,1,17.6443388520406
1,7.86237795257187,1,26.473583666158,1,8.12989755916731,1,21.605535866894,1,17.4438350014492
1,8.69880113901569,0,23.4953055037152,1,10.7430789174711,1,22.1261511889879,1,17.2433311508578
1,8.1969472271494,1,24.4880648911961,1,9.58166498044719,1,19.7833822395656,1,17.844842702632
1,8.17458824208433,1,14.6791007011039,1,15.6185549541097,1,19.6119436659724,1,16.6984916952544
1,7.05258593434726,1,12.985358312515,1,12.5560931984019,1,20.8691195419963,1,16.6984916952544
1,7.2128719783097,1,14.6791007011039,1,12.2498470228311,1,20.1148140163819,0,16.9153552237642
1,6.73201384642238,1,12.7030679144168,1,13.1685855495435,1,19.6119436659724,0,16.6984916952544
1,9.45687659378383,1,14.3968103030058,1,60.9429889385849,1,19.3605084907676,1,17.3490822807837
1,7.33913123100241,1,11.1089879741838,1,15.3768834697993,1,19.6109717181408,1,17.5069511065524
1,9.17391403875301,1,10.351556975944,1,17.8371848249672,1,19.1206974251872,1,17.0950228452217
0,10.6417402849535,0,10.8565109747705,1,13.5316574534234,1,18.6304231322337,1,17.3009869758871
1,7.15565295022735,1,13.6337579683165,1,9.84120542067157,1,20.346383157571,1,17.3009869758871
1,7.15565295022735,1,13.6337579683165,0,7.99597940429565,0,18.385285985757,1,17.3009869758871
1,7.41309916079334,1,21.1401124615949,1,7.4057130891511,1,20.6358180387318,1,16.8107313837791
1,8.52506403491234,1,18.3214308000489,1,7.4057130891511,1,22.296171214262,1,17.1971849788085
1,8.33973655589251,1,19.2609913538976,1,54.5828483237433,1,21.3473979711019,1,17.3904117763232
1,8.71039151393218,1,18.5563209385111,1,8.77714143899389,1,21.5845912818919,1,17.0039581812938
1,7.04244420275367,1,19.7307716308219,0,7.13142741918254,1,21.5845912818919,1,17.7768653713526
1,6.00835685807114,1,12.9629752848642,0,6.6840640201254,1,19.7002882439546,1,17.0811968974495
1,7.46492821760354,1,13.6111240491074,1,9.86695164875655,1,20.6165807204176,1,17.2920758714921
1,6.00835685807114,1,13.6111240491074,1,63.3394638097598,0,22.9073119115751,1,17.0811968974495
1,6.91871395777889,1,15.2314959597154,1,7.00235278298852,1,22.2200925542279,1,17.0811968974495
1,6.00835685807114,1,13.6111240491074,1,6.36577525726229,1,22.4491656733436,1,17.9247127936199
1,8.42246904053419,1,15.0205707737428,1,11.3817494214878,1,26.3510298391989,1,18.7110177017329
1,10.3661157421959,1,13.7688565425976,1,18.1566002676115,1,20.0267826777911,1,16.9926589332064
1,8.584439599006,1,16.5226278511171,1,8.12982101534843,1,19.605166200364,1,16.9926589332064
1,11.175968534555,1,34.0466270871504,1,15.1756658953171,1,19.605166200364,1,16.8017301811479
1,5.99291066345702,1,17.0233135435752,1,16.8016300983868,1,20.4483991552183,1,16.6108014290894
0,6.72799905276353,1,14.4701260214674,1,15.8770397771313,1,20.0918278642281,0,17.0441756745111
1,6.23570643914668,1,7.69687554333373,1,17.6411553079236,1,20.3254537696261,1,17.247082527779
1,6.0716089012744,1,12.6228758910673,1,58.50983177128,1,20.0918278642281,1,17.247082527779
1,6.72799905276353,1,19.396126369201,1,15.8770397771312,0,18.9236983372381,1,17.0441756745111
1,6.23570643914668,1,13.238625934534,1,14.9949820117351,0,19.6245760534321,0,17.247082527779
1,4.61335097286704,1,11.1249457198378,1,14.886696940074,1,19.5990060948943,1,17.0294175557766
1,4.08104124522853,1,8.15829352788105,1,18.3220885416295,1,18.9383654400102,1,17.5615868543946
1,6.21028015578255,1,11.1249457198378,1,18.0358059081665,1,19.5990060948943,1,17.2068073219826
1,5.14566070050554,1,9.39439860786303,1,17.4632406412406,1,18.7181518883822,1,16.4972482571586
1,5.67797042814404,1,11.6193877518306,1,15.4592622069999,1,20.4798603014064,1,17.2068073219826
0,5.69316003971256,1,19.9936905908507,0,6.78001056694221,1,21.8262006600214,1,17.099537885415
1,34.3314802394788,1,51.6720055529777,0,7.26429703600951,1,23.1762749276516,1,17.4837971637389
1,6.38324004452621,1,17.3971073972337,1,8.23286997414412,1,24.7513615732201,1,17.2916675245769
1,7.07332004933985,1,18.9550573134039,1,8.71715644321142,0,19.5760768806377,0,17.2916675245769
1,7.24584005054326,1,14.540865884255,1,7.74858350507681,1,20.4761263923912,1,17.099537885415
1,5.96877481892243,1,23.7004687585966,1,10.9718152931276,1,47.380083354856,1,37.9422746955804
1,7.05400660418106,1,10.368955081886,0,14.3477584602437,1,19.2853605615243,0,16.9691580296817
1,5.42615892629312,1,15.9978164120527,1,10.4091580986082,1,47.380083354856,1,37.9422746955804
1,6.51139071155174,0,5.33260547068424,1,11.8158010849066,1,20.4758149171739,1,17.1598227266444
1,35.9935208777444,1,58.9549160370091,1,9.00251511230979,1,20.237724046044,0,17.3504874236071
1,11.2788763584975,1,18.206690494031,0,12.3339316762813,1,21.7302542971753,1,17.5377558111202
1,9.69030222349785,1,17.4685814199487,1,11.2767375326001,1,21.4888070272067,0,17.35879911917
1,9.53144480999788,1,15.7463269137565,1,10.5719414368126,1,20.7644652173008,1,17.1798424272198
1,10.4845892909977,1,20.1749813582506,1,12.6863297241751,0,20.5230179473322,1,16.8219290433194
1,10.4845892909977,1,17.4685814199487,1,11.2767375326001,1,21.4888070272067,1,17.0008857352696
1,5.9832002359218,1,13.2364446047233,1,12.1115533893356,1,22.018920382567,1,17.3366551705429
0,5.98320023592179,1,12.0051474321909,1,11.0734202416783,1,19.9329173989554,1,16.9085896107764
1,6.14490835040617,1,16.0068632429212,1,9.68924271146851,1,22.9460328197278,1,17.3366551705429
1,5.82149212143742,1,9.23472879399301,1,10.3813314765734,1,20.1646955082456,1,17.1226223906596
0,7.27686515179678,1,11.3894988459247,1,9.34319832891606,1,20.3964736175358,0,17.1226223906596
1,5.15504141890377,1,15.3084072951616,1,12.500547393816,1,23.4202883443525,1,16.9605713367052
1,4.97728136997605,1,8.78815974351868,0,5.07834737873776,0,18.8439101621227,1,17.1577872824809
1,6.93264190818093,1,18.7102755829753,1,8.98476843930526,1,21.2666986115384,1,16.9605713367052
1,6.39936176139778,1,12.1900280313324,1,13.2818316059295,0,20.4591024617332,1,16.9605713367052
1,6.93264190818093,1,16.7258524150839,0,7.81284212113501,0,18.8439101621227,0,16.7633553909296
1,6.98651665406498,1,19.66077948093,1,10.2520650272587,1,23.7929879350338,1,17.3877984580756
1,7.30408559288611,1,15.7771687192648,0,6.83471001817247,1,22.8316550891738,1,17.1856147550747
1,7.14530112347555,1,17.2335227548893,1,8.38805320412075,1,21.8703222433139,1,17.1856147550747
1,7.30408559288611,1,15.5344430466607,0,10.5627336644484,1,21.1493226089189,1,16.9834310520739
0,8.25679240934952,1,22.0880362069707,1,6.83471001817247,1,22.5913218777088,1,17.3877984580756
1,6.51497443548016,1,15.1464479324812,1,81.4736282824585,1,19.0246080661414,1,16.9936128044825
1,8.1437180443502,1,17.0698064000978,1,11.0542108724944,1,19.4943514751819,0,16.9936128044825
1,9.04857560483356,1,15.1464479324812,1,16.7860239174914,0,22.3128119294251,0,17.7933122305758
1,7.23886048386685,1,16.5889667831937,1,17.1954391349912,1,20.6687099977832,1,17.3934625175292
1,7.96274653225353,1,17.3102262085499,1,11.0542108724944,1,20.9035817023035,1,17.3934625175292
0,4.57385586912373,1,15.1463887274181,1,11.1443270767371,0,20.3673225507666,0,17.4556577761575
0,5.25146414603094,1,16.1561479759126,1,8.02391549525068,1,19.7103121459031,1,17.2617060230891
1,6.26787656139178,1,10.0975924849454,1,11.5901001598065,0,18.6152948044641,0,16.6798507638838
1,6.43727863061858,1,12.4536973980993,1,11.1443270767371,0,17.520277463025,1,17.4556577761575
0,6.09847449216497,0,14.8098023112532,0,10.2527809105981,1,21.02433295563,0,17.2617060230891
1,33.2310606921348,1,56.0347956692212,1,11.4199032642492,1,22.8246337497894,1,17.5815468956243
1,11.6893178314042,1,32.6634989830636,1,11.1270852318326,1,24.7266865622718,0,17.1773734037708
1,6.84660044410817,1,18.584404593812,0,9.37017703733269,1,54.0726442405725,1,40.2152624394164
1,8.85048350092032,1,29.8476801052133,1,11.4199032642492,1,20.9225809373069,0,16.7731999119174
1,9.35145426512335,1,19.1475683693821,1,13.4696294911657,1,23.9115210712079,1,17.1773734037708
0,7.98296623883108,1,16.9298102407173,1,11.6041515798016,1,19.6849252723104,1,17.1366404406656
1,11.546790452595,1,15.0183800522492,1,9.22381279420131,1,22.6012104978378,1,17.7635907006899
1,6.55743655332553,1,24.3024695390942,1,12.1992362762017,1,19.6849252723104,1,17.5546072806818
1,8.41062514448275,1,20.479609162158,1,12.1992362762017,1,19.9279490411043,1,17.7635907006899
1,7.98296623883108,1,17.2028716962127,1,14.5795750618021,1,19.4419015035164,1,17.1366404406656
1,3.59247924686071,1,12.6805168796564,1,6.5591523428279,0,21.8542653505357,1,17.0500432207512
1,7.34115324358494,1,15.9082848126599,1,6.92354969520723,1,45.7789347869116,1,38.556347737835
1,5.93540049481335,1,13.602736289086,1,8.38113910472454,1,21.624220452109,1,17.437544203041
1,7.34115324358494,1,15.6777299603025,1,6.92354969520723,1,21.624220452109,1,17.437544203041
1,8.27832174276599,1,17.5221687791616,1,8.01674175234521,1,21.8542653505357,1,16.8562927296063
1,6.37001279228508,1,14.6057233538384,1,7.80168099293855,1,22.6626906108134,1,17.0922441251623
1,8.43596288708024,1,19.2671244242124,1,16.036788707707,1,21.4823421415002,1,17.0922441251623
1,6.88650031598387,1,14.2949632824801,1,9.10196115842831,1,20.7741330599123,1,16.6947500757399
1,7.74731285548185,1,22.0639650664367,1,11.2690947675779,1,21.0102027537749,1,16.8934971004511
1,6.37001279228508,1,14.9164834251967,0,8.66853443659839,1,22.1905512230881,1,17.0922441251623
1,7.1667186655345,1,13.8546257340558,1,10.2041044593661,0,18.1966898846711,1,17.2309965472912
1,4.88639909013716,1,7.63418152692871,1,10.7871961427585,1,19.0736387947757,1,17.2309965472912
1,7.81823854421946,1,13.8546257340558,1,11.9533795095432,0,19.0736387947757,1,17.0457170145246
1,5.70079893849336,0,10.1789087025716,1,12.5364711929355,1,18.4159271121973,1,17.2309965472912
1,5.37503899915088,0,9.61341377465098,1,58.0176224975389,1,16.662029291988,1,18.1573942111241
1,7.37435404650122,1,16.4094828823579,1,9.03740462001854,1,22.9036509088885,0,17.1985963145651
1,5.16204783255086,1,10.5268380754749,1,6.85596212553131,1,23.33579526566,0,17.4058083183551
1,7.37435404650122,1,16.0998699977851,1,12.7770203248538,1,23.7679396224315,1,17.1985963145651
1,7.00563634417616,1,14.5518055749212,1,14.6468281772714,1,23.5518674440458,0,16.9913843107752
1,4.97768898138833,1,12.0749024983388,1,8.10250069380973,1,21.8232900169598,1,17.1985963145651
1,6.45891154558348,1,12.9247931243084,1,13.8302502619697,0,17.7119019981899,1,17.3114179795489
1,6.6434518754573,1,11.599173316687,1,14.4449280513905,1,20.242173712217,1,16.894275377632
1,7.38161319495256,1,11.2677683647817,1,11.6788779989966,1,22.0823713224185,0,17.1028466785905
1,7.935234184574,1,12.9247931243084,1,14.4449280513905,0,19.7821243096666,1,17.3114179795489
1,7.01253253520493,1,15.2446277876458,1,12.9082335778383,1,20.9322478160426,1,17.1028466785905
1,6.08063057818825,0,17.9763545097854,0,8.17736611371065,1,19.8807021270793,1,17.3934833215136
1,6.42809518265615,1,18.244658308439,1,10.6553558451381,1,21.9857176464171,1,18.0073709681552
0,6.77555978712405,1,15.5616203219038,0,4.2125825434267,1,19.1790302873,1,17.5981125370608
1,6.42809518265615,1,17.9763545097854,1,15.1157373617076,1,20.8162645801183,1,17.802741752608
0,6.42809518265616,1,16.0982279192108,1,11.1509537914236,1,21.0501551933781,1,17.802741752608
1,7.87763380911018,1,14.0955138230836,1,14.3548988354199,1,20.6544855249504,1,17.5578424544412
1,6.70436919924271,1,14.6708409179033,1,11.3328148700683,1,19.3361141084642,1,17.3605633257396
0,8.71567995901552,0,15.533831560133,1,13.9771383397509,1,21.5333998026078,0,16.9660050683365
1,7.71002457912911,1,12.0818689912145,1,10.9550543743994,1,22.851771219094,1,16.7687259396349
1,33.3542367662325,1,57.245045934564,1,16.6214618094335,1,20.434756955536,1,17.1632841970381
0,6.47024456379198,1,14.6888264901579,1,10.6339813927825,1,19.6588668801917,1,17.1652806562728
1,8.17294050163197,1,17.6265917881895,1,12.4569496315452,1,19.6588668801917,1,17.1652806562728
1,6.98105334514398,1,15.1407903821628,0,6.07656079587569,1,20.1694867991577,1,16.9679785797639
1,10.386445220824,1,18.0785556801943,1,10.6339813927825,1,20.1694867991577,1,17.1652806562728
1,7.15132293892798,1,15.5927542741676,0,10.0263253131949,1,19.4035569207087,1,17.1652806562728
1,45.8164725796663,1,65.8481035525612,1,11.5803727796308,1,19.9644568199049,1,16.8748574257285
1,8.05817356928803,1,12.9049047163311,1,18.3131476515092,1,20.4455280685773,0,16.5039814383498
1,8.28840709983912,1,16.8756446290484,1,13.4655497437568,1,19.2428499468963,1,17.0602954194178
1,6.9070059165326,1,13.566694701784,1,11.3110617847557,1,19.2428499468963,1,16.8748574257285
1,10.59074240535,0,13.2357997090575,0,5.38621989750271,0,21.8887418145946,0,16.5039814383498
1,6.91731521023353,1,11.4971742981669,1,9.05570289147336,1,28.2604680719308,1,16.9624658767339
1,7.83962390493134,1,15.2462528736561,1,8.43117165757865,1,28.2604680719308,1,16.9624658767339
1,7.22475144179947,0,12.496928584964,0,9.68023412536808,1,28.0430798559929,1,16.778091247639
1,7.0710333260165,1,14.9963143019568,1,5.62078110505243,1,27.1735269922412,1,16.9624658767339
1,7.37846955758243,1,13.2467443000619,1,9.68023412536808,1,28.6952445038067,1,16.5937166185441
1,6.48481187952016,1,13.1592891315663,0,6.47087222491121,1,18.7716078927095,0,16.1349574827105
1,6.83534225138612,1,15.1617896515873,1,8.9873225345989,1,21.5446863314052,1,15.9473416980278
1,7.53640299511803,1,14.589646645867,1,15.0987018581262,1,21.1180588792982,0,15.7597259133452
1,6.13428150765421,1,10.8707171086852,1,15.0987018581262,1,19.1982353448165,1,16.6978048367586
1,6.13428150765421,1,10.2985741029649,1,12.9417444498224,0,17.9183529884954,1,16.3225732673932
1,7.2709927072017,1,14.3979260188697,1,16.9899786764297,1,21.6793919675094,1,17.6512153802976
1,7.2709927072017,1,11.9529951854767,1,11.7254782414796,1,21.0019109685247,1,17.6512153802976
1,10.8219426339746,1,13.3112900929172,1,11.7254782414796,1,20.7760839688632,1,17.4614173654557
1,8.11645697548097,1,9.77972333357184,1,12.6826601387433,1,23.0343539654788,1,17.4614173654557
1,9.13101409741609,1,15.4845619448221,1,9.09322802400461,1,19.1952949712323,1,17.6512153802976
1,6.81241738068861,1,18.1183861568124,1,61.2676999444249,1,20.324785137304,1,17.4062218188483
1,7.60455893658263,1,15.2424518462072,1,7.69694722919911,1,20.5788449515203,1,18.2350895245077
1,8.87198542601307,1,18.6935730189334,1,9.5442145642069,1,19.5626056946551,1,17.820655671678
1,6.495560758331,1,13.2292978287836,1,15.3938944583982,1,19.0544860662225,1,17.6134387452632
1,7.12927400304622,1,10.9285503802995,1,13.2387492342225,0,23.1194430936833,1,18.0278725980929
1,6.57829909750184,0,10.5456203230712,1,6.27502372042667,1,22.4196159477316,1,17.2527431704669
1,5.434247080545,1,12.0102898123866,0,5.67740241371937,1,23.0790164167825,1,17.6404452641853
1,9.72444214413316,1,17.2830999739222,1,7.76907698719493,0,20.2216143842285,0,17.4465942173261
1,8.2943771229371,1,15.5254965867437,0,6.27502372042668,1,21.9800156350309,1,17.6404452641853
1,5.57725358266461,1,13.7678931995652,1,2.68929588018286,1,20.8810148532794,0,17.0588921236078
1,8.94150776194272,1,17.0964343971912,1,15.3905824264491,1,21.5195102846095,1,17.284437989595
1,5.96100517462848,1,14.4435394045236,1,19.4407356965673,1,20.3748554822367,1,17.284437989595
1,6.31165253784192,1,15.3278377354128,1,23.2208787486776,1,19.4591316403384,1,17.284437989595
1,7.53891830908896,1,18.5702649486732,1,17.5506641705122,1,21.0616483636604,1,16.900339367604
1,6.83762358266208,1,15.3278377354128,1,17.2806539525043,1,20.6037864427113,1,17.0923886785995
1,6.75616225180298,1,10.2149870928224,1,10.2229730173555,1,21.6231444524041,1,17.1752264764392
1,7.93114699124698,1,14.2013235192897,1,8.76254830059044,0,19.249872500311,0,16.5760906691216
1,6.02179678965048,1,9.46754901285982,1,72.6561296590624,1,20.3046600345746,1,16.9755145406667
1,7.19678152909448,1,11.7098632527477,1,7.30212358382537,0,17.6676911989156,1,16.376378733349
1,7.63740080638598,1,13.2047394126729,1,9.12765447978171,1,22.4142351031019,1,17.1752264764392
1,7.99263962855219,1,22.3746863238679,1,12.1288496277138,1,20.7510829254814,1,16.8932610171239
1,6.6877188728702,1,13.0973773603129,1,9.27500265648703,1,20.9896011200272,1,17.1098412865742
1,7.66640943963169,1,24.5575825505867,1,8.20481004227699,1,19.7970101472983,1,17.3264215560245
1,7.50329434517144,1,21.0103761821686,1,11.7721187563105,0,20.9896011200272,0,17.3264215560245
1,5.87214340056895,1,12.824515331973,1,13.1990422419239,1,20.9896011200272,1,17.3264215560245
1,8.94692717564768,1,17.1703653457233,1,8.47319751396798,1,20.8014568997072,1,17.1429554201418
1,7.01719778482171,1,13.9139167456724,0,10.59149689246,1,21.2909029444062,1,17.3377617317343
1,8.24520739716551,1,14.505998309318,1,8.17058331704055,1,19.0883957432608,1,17.1429554201418
1,7.19262772944226,1,14.8020390911408,1,7.5653549231857,1,20.8014568997072,0,17.1429554201418
1,8.5960672864066,1,12.4337128365583,1,5.74966974162113,0,21.2909029444062,1,17.5325680433269
1,10.8908976655806,1,22.4258129811409,1,9.75946271692042,0,19.711069698278,0,16.872372498465
1,7.20721169045773,1,15.067343096704,1,62.6494542150698,1,19.9574580695065,1,17.0806733935078
1,6.08608987194208,1,13.3153264575524,1,7.87053444912937,1,18.9719045845926,1,16.872372498465
1,7.68769246982158,1,14.7169397688737,1,62.6494542150698,1,21.6821766681058,1,17.0806733935078
1,6.40641039151798,1,14.7169397688737,1,9.12981996099007,1,21.4357882968773,1,17.4972751835933
1,8.04636153660366,1,13.6543620681058,1,18.0713647998971,1,18.2846569933214,1,17.6449323672925
1,8.55995908149326,0,14.1696210140721,1,9.77631210486235,1,19.0259268714291,1,17.4510320116079
1,6.50556890193488,1,12.6238441761733,1,15.4050978622073,1,20.7555565870135,1,17.2571316559234
1,4.96477626726609,1,12.108585230207,1,16.5901053900694,1,19.5201067901675,1,17.2571316559234
1,6.16317053867514,1,11.5933262842408,1,17.1826091540005,1,21.0026465463827,1,17.0632313002389
1,6.53733131135154,1,14.5074586572856,1,9.37909879972706,1,20.747363865445,1,17.322092851014
1,6.07037907482643,1,15.414174823366,1,10.2867535222813,1,21.6302304129107,1,17.322092851014
1,7.62688652991013,1,17.2276071555267,1,11.799511393205,1,20.747363865445,1,17.127462594261
1,7.15993429338502,1,14.7341376988057,1,10.589305096466,1,19.2023474073799,1,17.322092851014
1,30.9744983561656,1,45.1091292624974,1,11.4969598190203,1,19.4230640442464,1,17.322092851014
1,5.05763563624525,0,14.3813412134471,1,10.1003740293679,1,23.7576863782633,1,16.8387637289618
1,6.23775061803581,1,12.3629073589282,1,12.1204488352414,1,23.0449557869154,1,17.0279633214221
1,6.74351418166033,1,11.6059946634836,1,13.7365086799403,1,21.6194946042196,1,17.2171629138823
1,7.24927774528486,1,12.3629073589282,1,10.1003740293679,1,23.7576863782633,1,17.0279633214221
1,33.5489830537602,1,50.2085421311574,1,14.9485535634644,0,23.0449557869154,1,17.4063625063426
1,7.08587611778692,1,14.4107428320398,1,9.35835424318347,0,15.4084524295692,1,17.6121650072831
1,31.3353188319911,1,48.6057258233206,1,9.35835424318347,1,19.4383553726873,1,16.4248280405
1,7.24334003151552,1,12.7009936824757,1,10.0782276465053,1,20.1495147155905,1,17.0184965238915
1,8.03065960015851,1,13.9222430750215,1,10.0782276465053,1,21.5718334013969,1,16.8206070294277
1,7.24334003151552,1,10.7469946544026,1,10.4381643481662,1,19.4383553726873,1,17.4142755128193
1,6.40455946065592,1,15.2576855268691,1,9.88301466680491,1,22.1073942693123,1,17.2223165914199
1,8.1658133123363,1,19.5098273950129,1,9.2653262501296,1,20.8512923221923,1,16.8122614344813
1,31.8626833167632,1,49.7750724565073,1,9.57417045846725,1,49.9928574953767,1,40.8004881153876
1,6.08433148762312,1,19.7599533872567,1,7.10341679176602,1,22.3586146587363,0,17.2223165914199
1,6.08433148762312,1,13.7569295734065,1,7.72110520844133,1,21.3537331010403,0,17.2223165914199
1,5.92138090791047,1,10.7250687564887,1,20.7499994748429,1,21.5373843828344,0,17.0766053880138
1,8.8820713618657,1,21.4501375129773,0,8.0844153798089,1,22.5053567146472,1,17.0766053880138
1,5.0989668929229,0,5.75491494250611,1,9.16233743045009,1,22.263363631694,1,17.0766053880138
1,6.2503465139055,1,10.4634817136475,1,9.70129845577068,1,21.7793774657876,1,17.2955362263217
1,7.23724333189057,1,14.1257003134241,1,9.16233743045009,1,22.263363631694,1,17.0766053880138
1,5.85215204003164,1,13.9383635289072,1,14.0792233329918,1,21.7104669285527,1,17.0105108567587
1,37.5670405150418,1,49.5309703973667,0,14.0792233329918,1,19.8226002391134,1,17.5775278853173
1,6.60726843229379,1,14.1872628776377,1,13.4925890274505,1,21.7104669285527,1,17.1995165329449
1,5.6633729419661,1,11.4493700416023,1,14.0792233329918,1,21.7104669285527,1,17.3885222091311
1,6.04093113809718,1,13.6894641801767,1,13.7859061802212,1,21.7104669285527,1,17.1995165329449
1,7.13254218855847,1,12.1752046259991,0,10.8118058983584,1,19.9468505575858,1,17.2108207030608
0,8.55905062627017,1,11.3497670242364,1,9.70856039852596,1,23.4539891171614,1,16.8010392577498
1,5.38903187579974,1,10.3179700220331,1,9.70856039852595,1,23.2347929571879,1,17.4157114257163
1,31.5416865671808,1,41.0655206876917,1,9.70856039852596,1,21.7004198373736,1,17.0059299804053
1,5.8645346883703,1,10.3179700220331,0,9.92920949849245,1,22.358008317294,1,17.2108207030608
1,6.67098913648673,1,14.9197602970187,1,57.504381475043,1,21.0097725013145,1,17.3788642670785
1,6.51584985424286,0,10.5794663924315,1,57.504381475043,1,20.7763305846332,1,18.5913431694328
1,5.27473559629184,1,10.8507347614682,1,8.95796897349917,1,19.6091210012269,1,16.7726248159014
1,7.75696411219388,1,14.1059551899086,1,14.4483370540309,1,21.7100982513583,1,17.3788642670785
0,4.96445703180408,0,9.49439291628465,1,10.6917694199829,1,22.1769820847209,1,17.3788642670785
1,5.49939538132957,1,13.1768555342503,1,10.3448350293331,1,22.0113994643675,1,17.4834149812425
1,5.05349845851907,1,13.1768555342503,1,9.23645984761888,1,22.0113994643675,1,18.0933015503556
1,6.09392461174358,1,12.9282356185097,1,9.23645984761888,1,25.0234857068599,1,16.8735284121294
1,29.5778292130969,1,49.4753632323738,1,8.12808466590462,1,22.7064962895581,1,17.4834149812425
1,8.17477691819261,1,14.6685750286937,1,10.7142934232379,1,22.0113994643675,1,17.2801194582048
0,9.08492211776624,0,13.1708688277498,1,8.57631552414676,1,21.4625788957267,0,17.0339213094867
1,9.40369131488084,1,11.5646653121705,1,7.25688236658572,1,23.3288901040507,1,17.2367060869806
1,7.80984532930782,1,11.2434246090547,0,6.92702407719546,1,21.4625788957267,1,17.4394908644745
1,8.76615292065163,1,16.7045165620241,0,6.5971657878052,1,20.2961343905241,1,17.4394908644745
1,6.3753839422921,0,7.70977687478036,1,65.6417995886617,1,21.6958677967672,1,17.2367060869806
1,6.14504130152119,1,13.0598967248659,1,5.61350364825212,1,24.6356905555945,1,17.0139396364284
1,7.09043227098599,1,15.4586532661677,1,48.5690098261814,1,23.3658095991206,1,17.0139396364284
1,7.09043227098599,1,13.5929537340441,1,10.0066804164494,1,24.3817143642997,1,17.2239882739151
1,8.66608388676065,1,16.7912957891132,1,13.4235956806029,1,23.1118334078258,1,17.2239882739151
1,7.40556259414092,1,15.7251817707568,1,12.2032688005481,1,23.3658095991206,1,17.2239882739151
1,5.98365719251532,1,16.7443160659424,1,7.34195739013238,1,20.6988105670417,1,16.9925047830636
0,5.28788310036238,1,14.1682674404128,1,10.3331252157419,1,22.3087180555894,0,16.9925047830636
1,6.40112164780709,1,15.4562917531776,1,15.2277634758301,1,21.1587841351982,1,17.5526972484393
1,5.70534755565414,1,14.1682674404128,1,13.8681417369167,0,18.8589162944158,0,16.4323123176879
1,27.6918088676872,1,51.2633676480389,1,8.97350347682845,1,21.3887709192764,1,18.4863513573988
1,8.43583781383774,1,22.1677331027399,1,9.84006635737045,1,23.0267932837171,1,17.4496594656518
1,8.71703240763234,1,16.1764538857832,1,20.8047117270118,1,19.4681070489608,1,17.4496594656518
1,6.46747565727561,1,15.2777620032396,1,14.9006719125895,1,24.2828001901016,1,16.8743959667841
1,5.62389187589183,0,14.3790701206961,0,11.8080796288445,0,19.2587725645634,1,17.6414139652743
1,5.06150268830265,1,13.7799421990005,1,15.1818166656573,1,25.9574760652811,1,17.2579049660292
1,12.2272745891311,1,11.113854420094,1,9.04419936207855,1,20.2028659881252,1,17.3803837907476
1,10.9569083980525,1,13.6541640018298,1,8.44125273793998,1,47.8615515671062,1,41.1749568376044
1,13.18004923244,0,10.4787770246601,1,12.0589324827714,1,20.6838866068901,1,17.3803837907476
1,10.4805210763981,1,11.431393117811,1,13.2648257310485,1,20.4433762975077,1,17.5872931215898
1,11.9096830413614,1,12.0664705132449,1,7.23535948966284,1,21.164907225655,1,17.3803837907476
1,5.75271413936472,1,12.5176366279027,1,9.02215737582949,0,20.8207358173978,0,17.024260820742
1,8.36758420271233,1,18.0810306847484,1,3.67569374570831,1,21.836381467027,1,17.4394866944187
1,6.27568815203425,1,13.0739760335873,1,11.3612352140075,1,22.5981157042489,1,17.4394866944187
0,6.45001282292408,1,11.6831275193759,1,5.34646363012118,0,20.8207358173978,1,17.2318737575804
1,7.67028551915296,1,14.742994250641,1,4.00984772259089,1,20.5668244049906,1,17.2318737575804
1,5.89098559362002,1,14.5623604306581,1,6.5103437284898,1,19.337106302695,1,17.4120828077461
1,4.99841201882911,1,15.2095764497984,1,9.7655155927347,1,20.6407314466969,1,17.4120828077461
1,35.5244282766783,1,64.3979939044657,1,8.54482614364286,1,19.7716480173623,1,17.4120828077461
1,6.96207388336911,1,16.180400478509,1,17.4965487703163,1,20.6407314466969,0,16.8251586681591
0,5.35544144874547,1,20.0636965933511,1,19.1241347024388,1,22.8134400200334,1,17.2164414278838
1,8.94375593391433,1,13.7975197884854,1,14.7708156694398,1,22.1008814236668,1,17.4052237947229
0,7.59375503822915,1,19.796441435653,1,11.7297653845551,1,19.9620864471829,1,17.2051637511054
1,6.41250425450462,1,18.5966571062195,1,22.1562235041597,1,24.2396764001507,1,17.6052838383404
0,8.26875548607174,0,13.1976276237687,1,21.7217877491762,1,24.4773202864267,1,18.0054039255754
1,8.1000053741111,1,14.9973041179189,1,13.9019441594727,1,20.9126619922869,1,17.2051637511054
1,6.54359118946755,1,13.2741372628755,0,6.33546430883276,1,20.6549784147383,1,17.3972059105348
1,6.69230917104636,1,14.2002398626111,1,10.9110774207675,1,20.4304677797955,1,17.3972059105348
1,5.35384733683708,1,13.582838129454,1,8.09531550573075,1,20.6549784147383,1,17.601878921247
1,6.69230917104636,1,12.34803466314,0,11.9669881389063,1,20.4304677797955,1,17.601878921247
1,5.94871926315232,1,15.1263424623466,1,9.85516670262874,0,19.9814465099099,1,17.1925328998226
1,6.90209609079344,1,19.7005278640042,1,11.7817596112187,1,19.4932173086811,1,17.1615286027674
1,10.4334010674785,1,23.6406334368051,1,14.3590195261728,0,19.7252794194987,1,17.36829400762
1,9.95185947974867,1,20.8262723133759,1,14.3590195261728,1,19.2611551978635,0,17.36829400762
1,7.70466540367639,1,20.8262723133759,1,11.7817596112187,1,46.1803600527088,1,41.1463155656712
1,8.66774857913594,1,21.3891445380617,1,13.9908395383222,1,19.0290930870459,1,17.5750594124726
0,5.81229225669485,0,13.8908106929662,1,7.6258600407325,1,21.3809991580083,1,17.4707204529041
1,6.72046292180342,0,13.8908106929662,1,6.67262753564094,1,20.1798194300303,1,17.0824822206174
0,5.99392638971656,0,16.3911566177002,1,11.7565342294626,0,19.9395834844347,1,17.4707204529041
1,5.63065812367313,1,15.2798917622629,1,16.8404409232843,1,20.9005272668171,1,17.2766013367608
1,7.26536532086856,1,18.0580539008561,1,9.53232505091563,0,21.1407632124127,1,16.6942439883306
1,6.74042467493268,1,11.4904990119492,1,12.1028777595323,1,22.0594937924318,1,16.7294782771817
1,7.70334248563735,1,14.478028755056,0,8.87544369032366,1,21.8552392202796,1,16.919585984877
1,6.25896576958035,1,8.50296926884242,1,80.282422471564,1,20.6297117873668,1,16.919585984877
1,8.18480139098969,1,14.937648715534,1,13.3131655354855,1,22.2637483645839,0,16.7294782771817
1,7.38236988206913,1,11.2606890317102,1,10.0857314662769,1,20.8339663595189,1,16.7294782771817
1,9.93443230428663,1,13.9519491633306,1,8.50750838113695,1,24.8447234919065,1,17.1896426243761
1,12.2001800228081,1,16.7423389959967,1,7.04069659128575,1,23.4113740596811,1,17.0027986828068
1,8.36583772992558,1,14.5100271298638,1,10.2676825289584,1,23.4113740596811,1,17.0027986828068
1,9.23727916012616,0,14.2309881465972,1,7.62742130722623,1,24.1280487757938,1,16.8159547412375
1,8.36583772992558,1,14.2309881465972,1,9.38759545504767,1,22.933590915606,1,17.0027986828068
1,30.48439242512,1,48.2391261183602,1,75.9345121584941,1,22.1458581192862,1,17.8880140409065
1,6.43389186861829,1,11.8779757778877,1,8.77635065148424,1,20.4423305716488,1,17.150363977364
1,7.04664347515337,1,10.9083451021418,1,14.5000575981044,1,21.7199762323768,0,16.7815389455927
1,6.12751606535075,1,11.6355681089512,1,10.6842529670243,1,21.0811534020128,1,17.3347764932496
1,5.82114026208322,1,12.6051987846971,1,7.2500287990522,1,21.5070352889222,1,16.9659514614784
1,5.847610526716,1,12.0009273105353,1,7.91301101127197,1,20.5026310044384,1,17.3557938767298
1,7.22351888594329,1,12.2676145841027,1,9.89126376408996,1,19.0024384919185,1,17.5530188071471
1,8.9434043349774,1,18.1347346025866,1,8.76083361962253,1,18.7524064064986,1,17.1585689463124
1,6.19158761652282,1,9.86742912199566,1,11.5869089807911,1,20.5026310044384,1,17.3557938767298
1,6.53556470632964,1,11.7342400369678,1,7.91301101127197,1,20.5026310044384,1,16.961344015895
1,8.7837377115587,1,18.1493686943672,1,12.4569195043179,1,21.2532668988103,1,17.1396789133139
1,8.12081411068634,1,16.3848467379704,1,19.8178264841421,1,18.9177430637762,1,17.3539248997304
1,7.78935231025017,1,14.6203247815736,1,18.9684910633932,1,20.7861621318035,1,17.3539248997304
1,7.95508321046826,1,14.8723993467731,1,13.3062549250669,1,19.6184002142864,1,17.1396789133139
1,8.12081411068635,1,17.6452195639681,1,10.4751368559037,1,21.0197145153069,1,17.5681708861468
1,6.92830573397558,1,17.4005841380379,1,15.356690819852,1,21.1287669831455,1,16.9665956737878
1,9.48876654870569,1,15.1449528608848,1,19.9926729541469,1,21.1287669831455,1,17.5725455192802
1,10.6936892850493,1,16.1116519796647,1,13.0386997527045,1,18.4876711102523,1,16.9665956737878
1,8.8863051805339,1,14.1782537421049,1,14.7771930530651,1,19.4480696094862,1,17.3705622374494
1,11.5973813373069,1,16.433885019258,1,11.8797042191308,1,20.6485677335286,1,17.3705622374494
1,5.09266285265511,1,11.2913291153398,0,8.05135573411288,1,19.6169392532899,1,17.7692003489066
1,7.24725098262458,1,19.3141155920286,1,14.2846633992325,1,53.4763138548587,0,39.731133364409
0,6.46376438990841,1,14.8570119938681,1,14.0249422465192,0,19.0794888627888,1,17.9688542854111
0,5.09266285265511,1,10.9941888754624,0,12.4666153302393,1,20.9605652295426,1,17.7692003489066
0,5.09266285265511,1,12.1827498349719,1,14.2846633992325,1,19.6169392532899,1,17.9688542854111
1,6.97190888364531,1,16.5796929385408,1,7.65925758748878,0,22.706390637426,0,17.0391303010541
1,9.90744946623281,1,17.743180162298,1,8.46549522827707,1,21.5933322728463,1,17.2419770903524
1,6.78843759723359,1,15.9979493266622,1,10.4810893302478,1,21.8159439457623,1,17.4448238796507
1,7.70579402929218,1,16.2888211326015,1,7.25613876709463,1,22.929002310342,1,17.2419770903524
1,5.68760987876328,1,16.2888211326015,1,14.1091587137951,1,22.4837789645101,0,17.2419770903524
1,9.87930074770997,1,24.8101314549802,1,7.74039165133929,1,25.7254084124312,1,17.6107921955824
1,7.93872381512408,1,20.0172651511772,1,11.9082948482143,1,21.2168316803557,1,17.2150440563558
1,6.88022730644087,1,19.171465215212,0,10.1220506209822,1,22.8080940563823,1,17.4129181259691
1,7.93872381512408,1,16.3521320953279,1,10.7174653633929,1,18.8299381163157,1,16.8192959171292
1,7.58589164556301,1,17.1979320312931,1,7.7403916513393,1,52.7768688048847,1,39.3769398530438
1,8.71231401388967,1,16.4919490738091,1,13.4749119273618,1,20.7648746480466,1,17.3061903587954
1,7.01235030386242,1,13.4934128785711,1,13.7882819721842,1,19.3649954582907,1,17.0871246580512
1,7.01235030386242,1,15.5923882152377,1,6.26740089644734,1,19.831621854876,1,17.7443217602839
1,8.71231401388968,1,19.4904852690471,1,7.52088107573681,0,19.831621854876,1,17.5252560595397
1,6.79985484010902,1,18.5909244104757,1,11.5946916584276,1,21.4648142429246,1,16.8680589573069
1,9.10427668084933,1,16.4510327133771,1,8.7484171541271,1,22.0923454704646,1,17.6457805422057
1,8.76071907025124,1,16.7080800995237,1,11.5604083822394,1,21.1522456632108,0,16.6762321607658
1,10.8220647338398,1,20.3067435055749,1,8.1235302145466,1,20.6821957595839,1,17.6457805422057
1,7.21470982255985,1,18.7644591886958,1,10.9355214426589,1,22.5623953740915,1,17.4518708659177
1,6.87115221196176,1,15.6798905549376,1,62.1762504882605,1,18.0969212896359,1,17.4518708659177
1,6.73333587970431,1,22.2200850450925,1,11.3568008035975,1,20.0813742936515,0,17.3975001906742
1,7.55447440161947,1,17.9275686159269,1,7.84160055486494,1,22.2176907078698,1,17.01929366479
1,7.39024669723644,1,22.2200850450925,1,5.67840040179875,1,20.2950059350734,1,17.5866034536163
1,7.06179128847037,1,13.8875531531828,1,10.0048007079311,1,21.5767957836043,1,17.2083969277321
1,6.56910817532128,1,16.6650637838194,1,7.57120053573167,1,20.722269217917,1,17.2083969277321
1,6.69474210381684,1,13.3308429225894,1,6.40321189152828,1,18.7351647866564,1,17.3478777741474
1,8.09596719531338,1,14.0854189370756,1,6.40321189152828,1,49.0565499019031,1,38.7890750230937
1,7.78458384164748,1,12.073216231779,1,10.4052193237335,1,22.6794100048999,1,17.3478777741474
1,6.69474210381684,1,11.3186402172929,1,6.93681288248897,1,19.7212260912173,1,16.7631178491762
1,6.69474210381684,1,11.0671148791308,1,7.20361337796932,1,19.9677414173575,1,17.152957799157
1,9.73823551394441,1,19.5342910087327,1,6.95949470571746,1,21.0145599324147,1,16.6696535014844
1,8.11519626162034,1,14.6507182565495,1,8.98934732821839,1,21.6326352245445,1,17.8062207856765
1,6.00524523359905,1,15.5125252128171,1,7.82943154393215,1,21.2205850297913,1,17.4273650242792
0,5.35602953266942,1,15.5125252128171,1,11.0191999507193,1,21.6326352245445,1,17.6167929049778
1,8.11519626162034,1,16.0870631836622,1,7.82943154393215,1,21.2205850297913,1,17.6167929049778
0,5.27581349843392,1,14.3386447931604,1,7.0302791818648,1,19.932769274818,1,17.5074142997643
1,6.12675115947165,1,15.8971931402431,1,9.73423271335126,1,19.663407527861,1,17.301444719767
1,6.46712622388674,1,13.0918061154943,1,10.5454187727972,1,21.54893975656,1,17.5074142997643
1,5.44600103064147,1,11.8449674378282,1,11.0862094790945,1,20.202131021775,1,16.8895055597726
0,4.93543843401883,1,12.1566771072447,1,15.1421397763242,1,20.471492768732,1,16.8895055597726
1,7.16107791761193,1,11.5624347819154,1,75.0575833102615,1,30.6255801611996,1,18.3689830941352
1,7.8272247006456,1,11.8193777770691,1,9.42934463696753,1,30.1580140518683,1,17.9822676605745
1,33.140802455925,1,51.1316560355816,1,8.67499706601013,1,29.690447942537,1,18.1756253773549
1,8.49337148367927,1,13.6179787431448,1,75.0575833102615,1,29.690447942537,1,18.1756253773549
1,7.66068800488718,1,12.5902067625301,1,7.54347570957403,1,29.2228818332057,1,18.3689830941352
1,3.89032481712292,1,9.22172197101395,1,7.95473199620407,1,21.0990140545214,1,17.2460820504638
1,11.2387161383551,1,21.0370532463756,1,8.42265740774549,1,19.8124888072944,1,17.0523058476496
1,5.61935806917755,1,11.5271524637674,1,11.4641725827647,1,22.1282342523029,1,16.8585296448354
1,9.07742457328682,1,15.8498346376802,1,10.9962471712233,1,20.5844039556306,1,17.6336344560922
0,28.6731347632393,1,57.347583507243,1,10.2943590539112,1,20.5844039556306,1,16.6647534420212
1,5.52261289047313,1,11.3029656513301,1,8.66810921609218,1,23.1543535991647,1,16.7369616374604
1,7.88944698639018,1,17.5823910131802,1,86.2476867001171,1,21.0060115126442,1,16.9271543833406
1,5.04924607128972,1,9.4191380427751,1,13.8689747457475,1,23.8704676280048,1,17.6879253668616
1,7.25829122747897,1,12.5588507237001,1,11.2685419809198,1,21.7221255414844,1,17.1173471292209
1,6.62713546856775,1,12.5588507237001,1,3.90064914724148,1,19.812488131244,1,17.4977326209813
1,7.54313350021144,1,13.0348056009344,1,9.5844702574929,1,33.780724392372,1,17.3197875106038
1,9.42891687526431,1,17.494081201254,1,8.73878170536118,1,48.712783725232,1,41.0314013644066
1,4.87160705221989,1,9.94761480071307,1,10.9939511777124,1,34.0255122502877,1,17.5259754571586
1,8.64317380232561,1,15.4359540011065,1,9.302574073449,1,35.2494515398664,1,17.113599564049
1,6.91453904186049,1,15.0929328010819,1,10.1482626255807,1,32.801572960709,1,16.9074116174942
1,7.96500826467277,1,16.3556911168012,1,12.9140859763046,1,21.0203359745503,1,17.154710591657
1,10.2159888612107,1,16.6329062204758,1,69.4568407914762,1,21.8783088714707,1,17.154710591657
1,8.13816061825261,1,15.2468307021028,1,7.67864571564059,1,22.521788544161,1,17.531737198067
1,8.65761767899214,1,16.6329062204758,1,8.37670441706246,1,22.0928020957008,0,17.343223894862
1,8.65761767899214,1,16.6329062204758,1,6.98058701421871,1,20.37685630186,1,16.966197288452
1,5.16339593367875,1,13.7969962409235,0,12.2627324186175,1,20.0460803020225,1,17.3000263782781
1,6.6624463660371,1,10.9748833734619,1,10.4593894158796,1,20.7706374213727,1,17.4988772561894
1,6.6624463660371,1,12.8562919517697,1,12.6234010191651,1,19.5630422224557,1,17.3000263782781
1,6.82900752518803,1,12.8562919517697,1,11.9020638180699,1,20.7706374213727,1,17.1011755003669
1,4.99683477452783,1,16.6191091083852,1,11.9020638180699,1,19.8045612622391,1,17.1011755003669
1,5.28433114549212,1,16.2109224702754,1,11.3083462128307,1,23.2738585448644,1,17.2010140303548
1,5.77973719038201,1,15.4740623579902,1,6.71433056386822,1,30.7118958117798,1,18.4152032560269
1,9.41271485290785,1,15.4740623579902,1,16.6091335000951,1,30.2320224397207,1,18.4152032560269
0,6.11000788697526,1,20.1408430691301,1,8.48125965962302,1,22.0741751147167,1,17.2010140303548
1,5.1191957971955,1,15.4740623579902,1,18.3760625958499,1,19.6748082544214,1,17.4033789013002
1,3.74411173913004,1,10.8163111523766,1,12.7428164831001,1,22.7805551595127,1,17.6641072196308
1,33.8671925494035,1,53.8111479830736,1,10.0315789335044,1,21.3999154528756,1,17.467839361635
1,4.76523312252914,1,10.5459033735672,1,10.0315789335044,1,20.709595599557,0,17.6641072196308
0,4.93542001976232,1,11.3571267099954,1,7.86258889382774,1,20.9397022173299,1,17.6641072196308
1,9.87084003952464,1,18.9285445166591,1,7.86258889382774,1,24.8515147194684,1,17.271571503639
1,6.34924414395212,1,9.37286840472548,1,8.65593197378448,1,21.6059014845606,1,17.1171387734849
0,4.39563056119762,0,6.15094489060109,1,8.01475182757822,1,24.3066391701306,1,17.1171387734849
0,7.16324980343315,1,10.8373790929638,1,8.33534190068135,1,21.3603798767815,1,17.3116517140926
1,7.00044867153695,1,10.8373790929638,1,6.09121138895945,1,24.3066391701306,1,17.3116517140926
1,5.04683508878245,1,6.15094489060109,1,10.9000624855064,1,20.3782934456651,1,17.5061646547004
1,32.6368937450231,1,53.8840182515423,1,11.4196139729505,1,20.6195226126069,1,17.0905328093298
1,5.24814371779267,1,9.74786259826895,1,10.848633274303,0,19.4207131583856,1,17.0905328093298
1,32.6368937450231,1,53.8840182515423,1,10.2776525756555,0,21.8183320668283,0,17.6937280849532
1,6.88818862960287,1,10.8309584425211,1,10.2776525756555,1,47.712616278009,1,40.0119532830192
1,7.38020210314593,1,14.3510199363404,1,11.4196139729505,1,20.3797607217627,1,16.8894677174553
1,10.9102149747461,1,14.4030402236848,1,8.25977018844564,1,19.4704672941283,1,17.2087338683667
1,8.1826612310596,1,18.0744034179573,1,13.8550983806185,1,19.2492119839678,1,16.8038224832286
1,7.89555031067154,1,15.5326904373071,1,9.05910278732748,1,19.4704672941283,1,17.2087338683667
1,7.89555031067154,1,16.3799280975238,1,7.72688178919109,1,19.9129779144494,1,17.0062781757976
1,9.61821583299987,0,15.5326904373071,1,5.32888399254558,1,18.8067013636467,1,17.4111895609357
0,4.18587010806635,1,16.574102478591,1,16.7679970938688,0,21.3384996270639,1,17.7701120565635
1,5.47383014131753,1,18.104019630461,0,23.4119204706847,1,20.2271194381543,1,17.0448013603773
1,7.40577019119431,1,13.5142681748511,1,12.0223375390003,1,19.7825673625904,1,17.2261290344238
0,5.79582014963033,0,13.5142681748511,1,14.8697332719214,1,19.7825673625904,1,17.0448013603773
1,7.56676519535071,1,13.7692543668295,0,21.5136566487373,1,21.7830517026277,1,16.8634736863307
1,12.3180836188155,1,19.3255447846215,1,8.2857946793257,1,22.0809182873773,1,17.2100869641018
1,9.0845866688764,1,21.5843746945123,1,8.604479090069,1,21.5733109704261,1,18.0013553302674
1,7.39085017128927,1,22.5882990989083,0,9.87921673304218,1,22.3347219458529,1,17.4079040556432
1,9.85446689505237,1,18.3216203802256,0,6.05500380412263,1,22.0809182873773,1,18.0013553302674
1,12.9339877997562,1,27.6079211208879,1,9.87921673304218,1,50.5069280366445,1,39.3656012167387
1,8.98151643783562,1,17.5952527709903,1,12.8786550701235,1,21.7367878934739,1,17.6588372697911
1,7.22043478335804,1,14.8023555057537,1,9.57643582137386,1,45.0585499041802,1,38.6165782053674
1,9.33373276873113,1,22.3431781218924,0,9.24621389649889,1,21.9632127673642,1,17.4647841129802
0,6.51600212156702,1,22.3431781218924,1,10.5671015959987,0,21.2839381456932,1,18.2409967402238
1,7.74875927970131,1,20.1088603097032,1,7.92532619699905,0,21.9632127673642,0,16.8826246425475
1,33.3807491972318,1,49.5063042737059,1,65.5462539663229,1,23.1648024720877,1,17.0953712065189
1,7.38066816421206,1,12.6875453163769,1,65.5462539663229,1,22.0511100455451,1,16.8816790664374
0,6.20647095626924,1,11.6924437229356,1,17.127664353009,1,18.710032765917,1,17.5227554866819
1,8.55486537215489,1,21.1459088606281,1,9.22258849777408,1,20.9374176190024,0,17.0953712065189
1,8.38712291387735,1,19.9020318688265,1,7.90507585523493,1,20.7146791336938,0,16.8816790664374
1,7.69033674096192,1,18.6383596523822,1,9.79889750386025,0,18.6401510509831,1,16.960129766177
1,6.83585488085504,1,15.4793156435038,1,11.1054171710416,1,19.5277772915061,1,17.7139133113404
1,7.51944036894054,1,18.0065508506065,1,10.4521573374509,1,19.3058707313754,1,17.1485756524678
1,5.81047664872678,1,15.4793156435038,1,10.7787872542463,1,19.3058707313754,1,17.5254674250495
0,6.49406213681229,1,9.16122762574717,1,8.49237783667888,1,18.6401510509831,0,17.1485756524678
1,7.12650750113411,1,14.8662371813343,1,10.1423922159844,1,22.2552336441568,1,18.0181306666636
1,9.43780723123166,1,21.8038145326236,1,11.8327909186485,1,22.9580304960775,1,17.8304418055525
1,38.329053857451,1,65.7418044241228,1,12.1145240357592,0,19.6783118537807,1,16.704308638886
1,5.97085763608534,1,11.5626289188156,1,9.0154597475417,1,21.786702409543,1,17.6427529444414
1,8.28215736618288,1,16.5180413125937,1,9.86065909887374,0,20.1468430883946,1,17.6427529444414
1,7.39104036377329,1,13.4515605915741,1,9.2876524989051,1,44.7023714919991,1,37.4816189716257
1,7.21506321225488,1,14.2586542270685,1,13.415498053974,1,22.0142331970649,1,17.3281856552239
1,7.74299466681012,1,16.9489663453833,1,13.6734884011658,1,22.0142331970649,0,17.1398358111454
1,7.91897181832853,1,16.6799351335519,1,51.3400790911699,1,20.21715293608,1,17.3281856552239
1,8.44690327288376,1,15.3347790743944,1,14.9634401371249,1,20.6664230013262,1,17.1398358111454
1,8.07988482901044,1,20.309349966775,1,7.70843821694125,1,22.7861314752314,1,17.7408758635329
1,6.26603313270197,1,8.70400712861786,1,11.5626573254119,1,23.2201530271406,1,17.5271303712012
1,5.11176387141476,1,16.0892252983542,1,11.1772354145648,1,19.9649913878218,1,17.0996393865378
1,6.76071995896791,1,13.1878895888149,1,11.5626573254119,0,20.399012939731,0,17.0996393865378
1,7.91498922025512,1,20.5731077585513,1,10.4063915928707,0,16.4928189725484,1,16.885893894206
1,6.01594038656748,1,42.4416544436977,1,13.4609628111141,1,22.8452833197789,1,17.5325368624937
1,7.21912846388098,1,44.6754257302081,1,9.28342262835455,1,21.70301915379,1,17.3286701547903
1,8.27191803153029,1,46.6610002071062,1,13.9251339425318,1,20.3323021546033,1,17.5325368624937
1,10.2270986571647,1,46.412803397494,1,10.6759360226077,1,19.6469436550099,1,17.1248034470869
1,9.47510610884378,1,46.9091970167185,1,6.96256697126591,1,21.2461134873944,1,17.3286701547903
1,9.18698010533769,1,17.5134235834501,1,8.04447673215896,1,19.098436245681,1,16.736603736449
1,7.72872929496663,1,17.2480686806706,1,7.24002905894306,1,19.098436245681,1,16.9289784920403
1,8.16620453807795,1,13.2677451389774,1,10.4578197518066,1,19.8523218869579,1,16.5442289808576
1,6.85377880874399,1,12.4716804306387,1,80.0425434849816,1,18.0932553906452,0,16.736603736449
0,8.16620453807795,1,15.1252294584342,1,10.4578197518066,1,19.6010266731989,0,16.736603736449
1,9.46526724328838,1,16.982353007224,1,8.64134144725212,1,19.8856746106882,1,17.2007629446856
1,6.67223756494099,1,13.1803336772485,1,9.05283389712127,0,22.4897510478022,1,17.3962261599662
1,8.8445939814334,1,12.1664618559217,1,9.87581879685957,1,21.5428141615789,1,17.3962261599662
1,7.91358408865094,1,15.2080773199021,1,6.17238674803723,0,24.1468905986929,1,17.2007629446856
1,7.29291082679597,1,14.1942054985753,1,9.46432634699042,0,23.4366879340254,1,17.0052997294051
1,6.46438615186999,1,9.43941240508154,1,11.524460214622,1,20.0387113714602,0,16.8803287028903
0,5.20742217789527,1,13.1102950070577,1,9.5568694462719,0,20.9393276128742,0,17.2728944866784
1,6.82351871586276,1,8.39058880451693,1,12.0866290055792,1,20.4890194921672,1,17.4691773785725
1,35.7336901172813,1,52.1789741280896,1,12.6487977965363,0,19.1380951300463,1,17.0766115947844
1,6.82351871586277,0,7.86617700423462,1,11.2433758191434,1,19.3632491903998,1,17.2728944866784
1,6.38991893078122,1,15.1875793045164,1,13.8107768517956,1,19.0729006481262,1,17.0669637803985
0,10.1583326591907,1,19.4201833729882,0,14.8465851156803,1,20.7629045030234,0,16.8661759712174
1,5.89838670533651,1,16.1834861441568,1,8.97700495366715,1,18.831471525998,1,16.8661759712173
1,9.66680043374595,1,24.3997175711903,1,6.90538842589781,1,21.0043336251516,1,16.8661759712174
1,7.37298338167064,1,16.1834861441568,1,12.4296991666161,0,20.5214753808952,1,16.2638125436739
1,7.78271508977102,1,13.8285966122588,1,9.10453253579625,1,20.0450763699068,1,17.1244800623616
1,5.90909849408541,1,13.8285966122588,1,11.319148558017,1,20.0450763699068,0,16.9230155910397
1,10.5210778065423,1,8.56055980758875,1,7.62812185431578,1,21.2382356776393,0,16.9230155910397
1,7.63859073625674,1,12.7310889446192,0,6.1517111728353,1,21.4768675391858,1,16.9230155910397
1,8.79158556437097,1,18.438128816345,0,6.64384806666213,1,20.9996038160928,1,17.1244800623616
1,9.4221918310958,1,18.626678025597,1,10.5817585458518,1,20.3685080067227,0,17.2698892483521
1,7.82219699185312,1,14.8473520493889,1,8.46540683668148,1,20.3685080067227,1,17.0484804118347
1,6.93331097005162,1,14.0374964830586,1,13.0508355398839,1,50.6666636667228,1,44.0603584669496
1,7.46664258313252,1,13.2276409167283,1,6.34905512751111,1,20.6231143568068,1,17.2698892483521
1,8.8888602180149,1,18.0867743147101,1,11.639934400437,1,21.1323270569748,1,17.4912980848694
1,7.2812699235394,1,12.5196584027294,1,3.74579537950317,0,21.9231534711205,1,17.0786831790919
1,8.05587310689465,1,15.1099325550183,1,8.37295437771296,1,21.2654588669869,1,17.4712965855078
1,6.19682546684204,1,11.6562336852998,1,12.5594315665694,1,20.1693011934309,1,17.4712965855078
1,6.04190483017099,1,10.3610966091554,1,8.1526134730363,1,19.9500696587197,1,17.4712965855078
0,8.5206350169078,0,17.9160628866645,1,7.49159075900633,1,21.2654588669869,1,17.4712965855078
1,5.88816480456038,1,19.023002707359,1,11.9230928488081,1,45.1758608756024,1,38.1693828182502
1,6.4579872050017,1,19.6789683179576,1,14.7619244794767,1,21.7933801208936,0,16.8789230553066
0,7.02780960544303,1,18.6950199020598,1,21.8590035561482,1,19.9772651108192,1,17.4543408867375
0,5.69822400441327,1,20.9908995391548,1,56.492749450305,1,20.4312938633378,1,17.0707289991169
1,6.64792800514882,1,19.023002707359,0,7.94872856587206,1,22.9284520021902,1,16.6871171114963
1,28.7365277693927,1,50.4316786439784,1,6.83470772981137,1,25.2460512391454,1,17.8943883691309
1,7.22023310788761,1,11.6575739579046,1,7.38148434819628,1,26.3631331523819,1,17.8943883691309
1,6.93142378357211,1,19.7671906242729,1,9.02181420335101,1,23.0118874126723,1,17.517664403465
1,6.93142378357211,1,14.6986802077927,1,8.20164927577365,1,22.3416382647304,1,17.7060263862979
1,8.23106574299188,1,17.9932119785048,1,54.4042735292985,1,21.6713891167885,1,17.329302420632
1,7.18544330247443,1,15.0734062967443,1,8.85266045382076,1,20.6181633493844,0,17.3169749056436
0,7.8386654208812,1,4.44789038264586,1,11.9170429186049,1,21.2429561781536,1,17.1266784781091
0,7.51205436167781,0,15.5676163392605,1,8.85266045382076,1,22.2842775594356,0,16.5557891955055
1,7.34874883207612,0,11.8610410203889,1,7.15022575116292,1,41.4445909750251,1,37.8689890793745
1,6.36891565446597,1,16.5560364242929,0,8.85266045382076,1,21.2429561781536,1,17.8878641882473
1,11.6085372031863,1,16.4015377482101,1,9.63547168434694,0,19.7832724285989,1,16.8104850518192
1,11.1248481530535,1,14.7335847568667,1,8.15309142521664,1,21.9105060230719,1,17.4408782412625
1,14.5106715039829,1,18.6254750700013,0,10.7472568786947,1,19.3578257097043,1,16.8104850518192
1,15.639279287626,1,22.5173653831359,1,8.52368648999921,1,22.3359527419665,1,17.2307471781147
1,14.833130870738,1,20.5714202265686,1,13.7120173969553,1,21.0596125852827,1,17.2307471781147
1,10.3974588672328,1,17.3067851071093,1,6.70695475687533,1,22.5564511272235,1,17.683356702201
1,8.66454905602734,1,12.7803951560192,1,9.12145846935045,1,21.8209146774228,1,17.2721158486615
1,11.7837867161972,1,23.1644662202848,1,6.97523294715035,1,20.5950205944215,1,16.8608749951219
1,10.7440408294739,1,17.8393015719435,0,9.65801484990048,1,19.3691265114202,1,16.8608749951219
1,9.70429494275062,1,14.9104610153557,1,4.0241728541252,1,19.12394769482,1,16.8608749951219
1,7.05181785574388,1,13.3552562316553,1,12.1312571735626,1,23.9376729550629,1,16.9907741770903
0,5.76966915469954,0,7.44812366765391,1,14.5575086082751,1,20.5180053900539,1,17.745919696072
1,8.9750409073104,0,21.5738754511355,1,9.4623805953788,1,20.5180053900539,1,17.745919696072
1,5.28886339180791,1,7.70495551826266,1,3.63937715206877,1,22.5698059290593,1,17.3683469365811
0,7.69289220626605,1,14.1257517834815,1,8.9771303084363,1,23.2537394420611,1,17.3683469365811
1,7.53060631937929,1,14.649072629234,1,8.11783892173574,1,21.8606665947634,1,17.4305753529295
1,6.6938722838927,0,12.5563479679148,1,8.79432549854705,1,22.3022962229405,1,17.2369022934525
1,7.36325951228197,1,16.7417972905531,1,11.1620285173866,1,21.6398517806749,1,17.4305753529295
1,6.6938722838927,1,14.3874820465691,1,8.4560822101414,1,21.6398517806749,1,17.4305753529295
1,6.19183186260075,1,10.9868044719255,1,10.1472986521697,1,21.8606665947634,1,16.4622100555446
1,5.46567625249036,1,12.5968794434398,1,12.8682139062152,1,20.5276817448162,1,17.4166904949871
0,4.99718971656261,1,7.75192581134759,1,7.99915999575539,1,47.5001007816096,1,40.3014117267725
1,5.30951407384778,0,7.42892890254144,1,10.4336869509853,1,21.9598455874778,1,17.2141708380687
1,5.77800060977552,0,12.5968794434398,1,7.3035808656897,1,21.0050696923701,1,16.8091315242318
1,4.84102753792003,1,11.3048918082152,0,9.39031825588676,1,19.8115998234854,0,17.2141708380687
1,6.37576198857725,1,14.4027632914296,1,8.62147689193232,1,20.7465856460041,1,17.0784579351397
1,6.86620521846781,1,14.7092050635876,1,9.12862259145776,1,19.7927196392913,1,16.8726933817043
1,6.37576198857725,1,15.0156468357457,1,8.62147689193232,1,21.9389181543951,1,17.0784579351397
1,7.19316737172818,1,14.4027632914296,1,9.63576829098319,1,18.6003871309002,1,17.0784579351397
1,7.84709167824892,0,16.8542974686942,1,8.11433119240689,1,20.7465856460041,1,16.8726933817043
1,6.49996324557674,1,11.0231990478144,1,52.0964087497776,1,20.5583012047975,1,16.8386371238508
1,5.97293919863809,1,9.77056279238093,1,11.5188039446744,1,21.2838883061433,1,16.8386371238508
1,6.14861388095098,1,10.2716172945543,1,11.2570129459318,1,20.5583012047975,0,16.6556084594611
0,3.5134936462577,0,8.26739928586079,1,16.4928329207839,1,22.7350625088348,1,16.6556084594611
1,34.9592617802641,1,49.8549229662514,1,12.8277589383874,1,18.1396775336448,1,16.6556084594611
1,8.03300952555808,1,20.7049775184422,1,14.8527464430002,1,20.3460008228493,1,17.1042480273129
1,4.85716855033744,1,18.955261108433,1,10.2112631795626,1,20.3460008228493,1,17.3128364178899
1,5.04398272535042,1,17.7887835017602,0,10.8301276146876,0,21.2604278261234,1,17.3128364178899
1,6.53849612545425,1,17.497164100092,1,9.28296652687512,1,20.1173940720308,1,17.7300131990439
1,7.47256700051915,1,16.3306864934192,1,11.1395598322501,1,24.0037088359458,1,17.3128364178899
1,8.00480710438691,1,18.609538080303,1,12.5274354449586,1,19.9117581817675,1,17.5033415186243
1,6.52243541838933,1,18.6095380803029,1,10.3167115429071,1,21.3511623876784,0,17.5033415186243
1,9.33894162178472,1,22.4980982761871,1,8.84289560820609,1,21.3511623876784,1,17.1309299969514
1,7.26362126138812,1,20.8315724779511,1,7.73753365718033,1,20.3915595837378,1,16.944724236115
1,10.2283646333833,1,23.3313611753052,1,11.0536195102576,1,18.7122546768417,1,17.3171357577878
1,6.50778577362134,1,15.5747231323952,1,11.751754135353,1,26.0518331044373,1,17.241427352484
1,6.16527073290443,1,15.0955008821677,1,8.81381560151475,1,29.2288859220516,1,17.6082662323241
1,6.50778577362134,1,14.3766675068263,1,15.3425678989331,1,26.4754401467859,1,17.058007912564
1,7.70658841613054,1,13.4182230063713,1,11.751754135353,1,26.2636366256116,0,17.058007912564
1,7.36407337541362,1,23.2422791360359,1,14.0368174394494,1,25.2046190197401,1,17.241427352484
1,32.2287262326091,1,44.9222234528937,1,9.89020190571788,1,21.6655358710018,1,17.2490375079974
0,5.83032233353734,0,13.0929093480796,1,8.14487215765002,1,22.8430106465997,1,17.2490375079974
0,7.44985631507548,0,13.9958686134644,0,17.162409189334,1,46.8634960687974,1,38.1395384899053
1,6.80204272246022,1,16.0275269605802,1,13.3808614018536,1,19.310586319806,1,16.6740695910641
1,4.85860194461444,1,12.1899500826948,1,16.2897443153,1,21.6655358710018,1,16.8657255633752
1,7.0022438227815,1,15.8192674769323,1,4.73201728333904,1,20.1621675451688,1,16.925705699077
1,7.0022438227815,1,15.0659690256498,1,5.9150216041738,1,18.57637908656,1,17.1137690957334
1,6.00192327666985,1,12.0527752205198,1,9.46403456667807,1,19.7090851284234,1,17.3018324923898
1,8.00256436889314,1,14.3126705743673,1,7.88669547223173,1,20.8417911702869,1,17.1137690957334
1,6.20198738589219,1,12.5549741880415,0,9.06969979306649,1,20.1621675451688,0,16.925705699077
1,9.18802027120059,1,20.7266395778445,1,21.1816526676917,1,22.1434034550599,1,17.1650970924535
1,9.18802027120059,1,19.5422601733963,1,12.5612126285148,1,21.0250497452084,1,16.9607506984958
1,6.89101520340044,0,6.81018157557748,1,7.63524689184235,1,21.6960619711193,1,17.1650970924535
1,8.69580489952913,1,13.916458002267,1,16.2556869310192,1,24.3801108747629,1,17.5737898803691
1,8.85987669008628,1,15.3969322578274,1,17.4871783651873,1,23.709098648852,1,17.3694434864113
1,6.84734915262493,1,13.730610100519,1,15.9434968578191,0,18.0995627045266,1,17.7349102116839
0,5.30669559328432,1,19.2228541407266,1,24.0715540794524,1,19.491836758721,1,17.1371042494923
1,6.84734915262493,1,14.5544467065501,1,22.5084661522152,1,20.8841108129153,1,17.7349102116839
0,7.18971661025618,0,14.5544467065501,1,16.568732028714,1,20.4200194615172,1,17.3363729035562
0,7.18971661025618,1,17.8497931306747,1,17.8192023705037,1,20.8841108129153,1,17.1371042494923
0,4.40887745429631,1,14.1769835835694,1,57.674615828817,0,23.7602554588993,0,16.7255122247877
1,5.19617699970637,0,11.7741050100831,1,9.5641322731204,1,18.1993446068165,1,16.913439328437
1,6.29839636328045,1,11.0532414380372,1,6.08626599198571,1,50.30096634384,1,37.3974936262107
1,9.60505445400268,1,18.2618771584962,1,11.8827097938769,1,18.1993446068165,1,16.913439328437
0,3.93649772705028,1,13.9366957262208,1,13.6216429344442,1,20.7270313577632,1,16.913439328437
0,5.39935243640673,1,13.2077033927355,1,9.28153708598672,1,19.8490723132822,1,16.9570064517818
1,10.6444376603447,1,23.1808671790869,1,10.2096907945854,1,18.214442828659,1,16.9570064517818
1,8.02189504837572,1,12.1295235239408,1,9.59092165551961,1,20.5496278066922,1,17.1475346141614
0,4.16521473665662,1,11.5904335895434,1,9.28153708598672,1,20.0825908110855,1,16.9570064517818
1,6.32495571121932,1,12.9381584255369,1,9.90030622505251,1,19.3820353176756,1,16.7664782894023
1,7.06405965737478,1,9.0196379042757,1,10.9391785101051,0,20.5827974145624,1,16.6308878482708
1,7.56863534718727,1,12.7336064530951,1,9.87194158228993,1,19.5536575438343,1,17.0803713036295
1,7.56863534718727,1,14.5905907275048,1,13.3404615976891,1,19.8109425115163,1,16.8556295759501
1,7.73682724379143,1,14.8558741952776,1,14.4076985255042,1,21.0973673499265,1,17.5298547589882
1,7.90501914039559,1,17.5087088730058,1,14.674507757458,1,21.3546523176085,1,17.0803713036295
1,5.69905699943745,1,8.48789817090344,1,11.0598592342194,1,20.0380364664682,1,17.4421590525058
1,3.01714782323159,1,5.15336674661994,1,8.79761529994726,1,21.2307767323294,1,16.8337116436974
0,1.34095458810293,0,2.72825298350467,1,14.8302657913397,1,20.7536806259849,1,17.2393432495697
1,4.86096038187312,1,6.97220206895639,1,8.54625486280591,0,21.2307767323294,1,17.0365274466335
1,1.67619323512866,0,3.94080986506231,1,15.8357075399051,1,21.7078728386739,1,17.0365274466335
1,7.64542363449761,1,15.9738866035134,1,3.92172129805287,1,20.746388550821,1,17.5568579795167
1,6.84902533923744,1,13.8440350563783,1,7.45127046630045,1,20.2582382319781,1,17.3617817797442
1,7.48614397544557,0,11.980414952635,0,5.49040981727402,1,26.8482675363565,1,18.5322389783787
1,9.39749988406997,1,21.5647469147431,1,5.09823768746873,1,20.0141630725567,1,17.1667055799718
1,6.53046602113337,1,13.3115721695945,1,8.23561472591103,1,20.0141630725567,1,17.3617817797442
1,6.34806671334969,1,10.579223280115,1,8.49342805367313,1,20.1069281052241,1,17.1595014833842
1,9.09317664344685,1,20.0733980186797,1,10.4237526113261,1,18.2580151760081,1,17.1595014833842
0,6.00492797208754,1,12.7493203632155,1,10.0376876997955,1,19.1824716406161,1,17.3544958184226
1,34.1423047555835,1,53.9811649421251,1,11.5819473459179,0,18.0269010598561,1,16.9645071483457
1,7.37748293713613,1,19.259611612517,1,10.4237526113261,1,21.2624986859841,1,17.1595014833842
1,7.12310495384001,1,16.0594519636599,1,8.45427496176525,1,20.6818828564212,1,17.2899502155087
1,7.45441216099536,1,11.4321522453172,1,8.93737638815184,1,20.4618628260338,1,17.6829036294976
1,8.28268017888373,1,12.5209286496332,1,7.48807210899208,1,22.2220230691334,1,17.2899502155087
1,8.61398738603908,1,16.0594519636599,1,6.52186925621891,1,21.7819830083585,1,16.7005200945255
1,9.7735626110828,1,17.4204224690548,1,5.31411569025245,1,20.6818828564212,1,17.2899502155087
1,5.07518555996523,1,11.473980273196,1,14.9486476442269,1,20.2729303684055,1,16.9086712967279
1,8.12029689594437,0,14.4934487661423,1,14.9486476442269,1,20.5295497401575,1,17.120029687937
1,8.28946974794321,1,16.0031830126154,1,14.6817075077229,1,19.5030722531496,0,16.6973129055188
1,4.90601270796639,1,10.5681397253121,1,16.0164081902432,1,19.5030722531496,1,16.9086712967279
1,7.10525978395132,1,12.6817676703745,1,14.1478272347148,1,21.0427884836615,1,16.6973129055188
1,33.5994976195188,1,55.7312764586475,1,10.6733947557701,1,19.4717488591356,1,16.9174944274771
1,15.0269109956642,1,16.8033999372807,0,6.54175807611717,1,22.7535042848326,1,17.1054665877824
1,13.8450191196007,1,13.4427199498245,1,9.29618252921914,1,22.0971531996932,1,17.1054665877824
1,13.1696523332787,1,14.2828899466886,1,10.6733947557701,1,22.0971531996932,1,17.1054665877824
1,14.8580692990837,1,19.3239099278728,1,8.60757641594364,1,23.1910716749255,1,17.1054665877824
1,6.33938990077477,1,14.9197132807687,1,15.3375026029463,1,21.6039194582528,1,17.3290939816026
1,7.17352015087672,1,15.8927380599492,1,19.0396584036574,1,18.1274266718673,1,17.3290939816026
1,33.1983839540573,1,64.5439770189775,1,14.8086232028447,1,19.6173521517468,1,17.1275928887932
1,7.50717225091749,1,19.4604955836113,1,19.8329775038098,1,20.1139939783733,1,17.3290939816026
1,6.50621595079516,1,12.6493221293473,1,52.6235003101088,1,20.8589567183131,1,17.1275928887933
0,7.92931834404934,1,17.0309237882191,0,9.22720334482936,1,21.3560729957207,1,17.3923692306073
1,6.81921377588243,1,16.2199274173515,1,10.1201585072322,1,20.8867087540565,1,16.9970881117298
1,8.4050774446923,1,16.490259540974,1,9.82250678643125,1,22.5294835998811,1,16.9970881117298
1,8.72225017845427,1,16.7605916645965,0,5.655382695218,1,23.7028942040416,1,16.9970881117298
1,7.29497287652539,1,18.1122522827092,0,9.52485506563031,1,20.4173445123923,1,17.7876503494847
0,6.38345314235991,1,13.1133478697411,1,14.7754203334145,1,21.1887342329387,1,16.5355996687357
0,6.38345314235991,0,13.683493429295,1,10.4099552349057,1,22.3926395870829,0,16.9438860803094
1,7.80199828510656,1,14.538711768626,0,10.4099552349057,1,20.9479531621099,1,16.9438860803094
1,7.27004385657657,1,14.538711768626,1,10.074150227328,0,21.4295153037675,0,16.5355996687357
1,5.1422261424566,1,10.5476928517482,1,17.4618603940353,1,19.0217045954791,1,17.1480292860963
1,9.41014024742846,1,15.7277260014524,1,19.7797373933175,1,24.6681696171675,1,17.4950683926479
1,7.9624263632087,1,12.2025460356096,1,17.4721013640971,1,24.1891760323681,1,17.2962607972769
1,8.14339059873616,1,13.5583844840107,1,19.7797373933175,1,25.6261567867662,1,17.6938759880189
1,7.60049789215375,1,15.185390622092,1,18.7907505236516,1,23.7101824475687,1,17.4950683926479
1,10.4959256605933,1,15.4565583117722,1,21.098386552872,1,23.2311888627693,1,17.2962607972769
1,10.2992973481808,1,15.3141559643493,1,8.22702094082625,1,19.0460022176986,1,17.6567308107192
1,9.01188517965817,1,15.5652077014698,1,9.8724251289915,1,21.7668596773698,1,17.0932181252707
1,7.54055698706092,1,12.8036385931445,1,11.1887484795237,1,20.1796928258949,1,17.8445683725353
1,8.27622108335954,0,14.0588972787469,1,11.8469101547898,0,20.4064309475342,1,17.6567308107192
1,6.80489289076229,1,15.3141559643493,1,12.1759909924228,1,23.3540265288447,1,17.0932181252707
0,6.18065179148377,1,13.3366914247941,1,8.40407823001448,1,20.2922237813335,1,16.7782489928551
1,7.38663262884646,1,14.7916032165898,1,8.91341630456082,1,20.5396899250083,1,16.9756401574769
1,6.48214700082445,1,14.064147320692,1,8.91341630456082,1,19.7972914939839,1,16.5808578282333
1,5.8791565821431,1,14.7916032165898,1,8.65874726728765,1,21.2820883560326,1,17.1730313220987
1,7.38663262884646,1,15.0340885152224,1,8.65874726728765,1,20.0447576376587,1,16.7782489928551
1,7.10031438901577,1,19.0607928873385,1,8.68876196612959,1,22.1190064349267,1,17.5244966253354
1,9.46708585202102,1,30.3781386641958,1,12.6711112006056,1,21.6629444465777,1,17.1306877124065
1,7.25809915321612,1,16.6781937764212,1,7.24063497177465,1,20.7508204698797,1,17.327592168871
1,5.99582103961332,1,20.2520924427972,1,7.96469846895212,1,24.6273473708462,1,18.3121144511932
1,8.67816203101927,1,21.1455671093912,1,72.0443179691578,0,22.1190064349267,1,17.5244966253354
1,7.3180747250327,1,17.1308961303939,1,8.73566092355847,1,23.8384979923378,1,16.6940974932781
1,7.65845029363887,1,15.8131348895944,1,6.98852873884678,1,51.0092591448949,1,43.7121763310834
1,6.63732358782036,1,17.3505230038605,1,7.86209483120262,1,21.275218638323,0,16.9137566708212
1,7.82863807794196,1,18.4486573711934,1,9.1724439697364,1,19.9935789613156,1,17.3530750259075
1,33.8673690763141,1,43.7057478198511,1,10.0460100620922,0,18.1992834135052,1,17.3530750259075
1,6.53555951631922,1,17.47350416723,1,5.26900800381065,1,21.3522053155801,1,17.5378009438987
1,7.01377118824501,1,11.3063850493842,1,10.8153322183482,1,22.744740444857,1,17.3385077513544
1,5.89794395375149,1,17.9874307603839,1,7.76485390035254,1,22.0484728802185,1,17.9363873289873
1,6.53555951631922,1,11.5633483459611,1,12.2019132719826,1,22.5126512566442,1,17.737094136443
1,7.49198286017081,1,17.9874307603839,1,9.15143495398692,1,21.8163836920057,0,17.1392145588101
1,6.1837343302206,1,14.0407379671074,1,10.7648715663136,1,21.5382142221765,1,17.2530609202148
1,6.1837343302206,1,12.1260918806837,1,9.22703277112594,1,23.0951935635387,1,17.0592063031337
1,6.1837343302206,1,11.1687688374718,1,7.99676173497582,1,22.5762004497513,1,16.8653516860526
1,6.37112021901516,1,12.4451995617543,1,9.842168289201,1,22.5762004497513,1,18.4161886227011
1,6.93327788539885,1,13.0834149238956,1,11.0724393253511,1,21.5382142221765,1,16.6714970689716
1,12.6349739465662,1,22.3701441714573,1,9.40723221799496,1,20.2938555994514,1,17.4656425966662
1,12.0775486253942,1,18.8838879369445,1,8.46650899619546,1,23.0930080959275,1,16.2881835452055
1,13.0065908273476,1,17.1407598196881,1,10.5831362452443,1,20.5271183074911,1,17.4656425966662
1,12.0775486253942,1,20.3364947013248,0,7.52578577439597,1,22.8597453878878,0,16.8769130709359
1,11.5201233042221,0,16.850238466812,1,8.70168980164534,0,19.1275420592531,1,17.0731562461793
1,8.16969762691932,1,13.117672510569,1,12.4863080181228,0,22.4802532121054,1,17.5472832477998
1,9.50352581090615,1,10.202634174887,1,11.7926242393382,1,21.0453434326093,0,17.1392068931998
1,7.66951205792426,1,9.71679445227331,0,12.1394661287305,1,22.0019499522734,1,17.5472832477998
1,9.00334024191109,1,10.4455540361938,1,11.7926242393382,1,20.0887369129452,0,16.9351687158998
1,8.16969762691932,0,11.660153342728,0,15.2610431332611,1,23.4368597317694,1,17.7513214250998
1,5.68106407567969,1,12.5745840978098,1,12.4457165309897,1,20.7585848642008,1,17.1300507947804
1,6.24917048324765,1,12.5745840978098,1,3.36370717053776,1,21.2303708838418,1,17.5478569117263
1,7.38538329838359,0,11.9611897515752,1,6.72741434107551,1,20.0509058347394,1,16.9211477363075
1,7.57475210090625,1,13.4946756171617,0,9.75475079455949,1,21.7021569034827,1,17.1300507947804
1,7.57475210090625,1,17.7884360408041,1,11.4366043798284,1,20.2867988445599,1,17.9656630286722
1,6.3014741281492,1,13.6388896354975,0,3.3721436287336,1,20.159046110161,1,17.0309657731887
0,6.45901098135292,1,15.3800244825823,1,8.58363832768553,1,20.8705418552255,1,17.2361581319018
0,6.14393727494546,1,16.5407810473055,0,6.7442872574672,0,20.159046110161,1,17.0309657731887
1,5.98640042174173,1,17.1211593296671,0,10.1164308862008,1,19.9218808618062,1,17.6465428493281
1,6.93162154096411,1,10.1566199413279,1,15.9410426085588,1,20.8705418552255,1,17.8517352080412
1,8.36786285938176,1,18.7833903138043,0,17.469981283907,0,19.7661763835566,0,17.0323883370467
1,8.01920190690752,1,15.4836055289468,1,11.6466541892713,1,22.2091869478164,0,17.6265414185715
1,7.49621047819616,1,10.6608431510781,0,10.1908224156124,1,21.7650032088601,0,17.6265414185715
1,7.67054095443328,1,20.8140271044858,1,14.2671513818574,1,20.6545438614693,1,17.4284903913966
1,6.1015666682992,1,15.4836055289468,1,12.8113196081985,1,44.1962820261547,1,39.4121544078173
1,11.3339455736938,1,23.874557146305,1,11.8694299340023,1,19.7576423590209,1,17.0981345997102
1,9.39524435714095,1,20.691282860131,1,10.0433637903096,1,19.3034436841009,1,17.2800296486433
1,5.51784192403516,1,14.324734287783,1,7.30426457477065,0,18.8492450091808,1,17.2800296486433
0,3.28087898185874,1,13.3697520019308,1,11.4129133980791,1,21.1202383837809,1,17.2800296486433
0,5.66697278684692,1,12.733097144696,1,8.67381418254014,1,22.482834408541,1,16.734344501844
1,3.12471357929298,1,5.5379768671778,0,11.1440393824701,1,27.746382787573,1,16.9176684157261
1,6.06562047745108,1,16.3502174173821,1,12.2968710427256,1,28.4343096335458,1,16.7186370225999
1,6.43323383972084,1,14.5042251283228,1,8.45409884187387,1,27.746382787573,1,17.1166998088523
1,6.98465388312549,1,13.4493723917175,0,6.14843552136282,1,28.2050006848882,1,17.1166998088523
1,7.53607392653013,1,15.2953646807768,1,10.7597621623849,1,27.2877648902577,0,16.7186370225999
0,4.93492570850604,0,8.79877272822807,1,13.2853481195907,1,23.5604349965559,1,18.4187410060174
1,6.43685961979048,1,19.8600870151434,1,69.5732704157514,1,20.750474859352,1,16.7815195832603
1,7.29510756909588,1,16.8433649368937,1,13.6349625437905,1,21.1827764189218,1,17.6001302946389
1,5.79317365781143,1,16.8433649368937,1,15.0334202405895,1,43.0140051771983,1,40.725882891083
1,6.22229763246413,1,20.6142675347058,1,6.29305963559561,1,21.1827764189218,1,17.1908249389496
1,8.2848317235771,1,15.0918164290677,1,9.75613755960475,1,22.0004199879774,1,17.0232614412393
1,9.94179806829252,1,18.6589730395746,1,6.82929629172333,1,23.7782317041775,0,16.6363691357566
1,7.78774182016247,1,16.1894030784544,1,10.4065467302451,1,20.8892876653522,1,17.0232614412393
1,8.94761826146327,1,17.5613863901878,1,9.4309329742846,1,21.3337405944023,1,17.2167075939807
1,9.11331489593481,1,21.4029396630414,1,7.15450087704349,1,25.7782698849028,1,17.0232614412393
0,6.00153117735051,0,12.3825863285011,1,19.3291273754641,1,22.6695005275985,1,18.4337107396639
1,7.62356663068848,1,14.536079603023,1,18.2699971083153,1,27.1606279906132,1,18.0575125613034
1,7.94797372135608,1,15.3436395809687,1,19.0643448086769,1,27.5883544156623,1,18.0575125613034
1,6.97475244935329,1,13.9977062843925,1,12.4447806389974,1,23.738816590221,1,18.0575125613034
1,6.8125489040195,1,13.9977062843925,1,16.9460842743794,1,27.3744912031377,1,18.2456116504836
1,10.6145379296875,1,16.5105765463625,1,12.0550111155477,1,21.6866140101019,1,17.0717568220155
1,33.004578875122,1,50.5477651188636,1,9.3761197565371,0,19.8980272876192,1,17.0717568220155
1,10.1169814642334,1,14.7325144567542,1,10.9834545719435,1,21.6866140101019,0,17.0717568220155
1,8.9560163781738,1,13.9704878469221,0,9.10823062063604,0,20.5687473085502,1,17.2635743143977
1,9.28772068847654,1,14.4785055868102,1,9.10823062063604,1,20.7923206488606,1,17.6472092991621
0,6.78018298761367,1,14.3889846945642,1,11.2148408075041,1,19.5670365771863,0,16.6391504195853
0,5.87615858926518,1,13.4134603084921,1,9.48948068327272,1,20.4564473306947,1,17.2264145520413
1,6.17750005538134,1,11.9501737293839,1,12.0775208696198,1,20.2340946423176,1,17.0306598412226
0,7.08152445372983,0,16.0961523701905,1,10.0646007246832,1,20.6788000190718,1,17.4221692628599
0,6.62951225455559,1,15.1206279841183,1,9.20192066256748,1,20.2340946423176,1,17.4221692628599
1,9.07657872627385,0,14.9815369891636,1,47.1216851454461,1,24.5907855878761,1,16.9531144255467
1,10.5618370633005,0,11.1834008510658,1,16.8122595242546,1,23.9201277991158,1,17.150243663053
0,8.58149261393165,1,14.7705294259359,1,14.9179204229302,1,44.4869666544304,1,39.228718263765
1,8.91155002215979,1,14.3485142994806,1,11.6028269956124,1,25.0378907803829,1,17.150243663053
1,32.8407121187,1,41.9905050823035,1,14.2075432599335,1,24.1436803953692,1,16.9531144255467
1,38.6380858228264,1,55.6121468116437,1,9.48824063318688,0,20.7811079947323,0,16.4452877014874
1,8.15477188220456,1,14.5318172573139,1,11.5967385516729,1,21.5060303666415,1,16.8463922795724
1,7.7664494116234,1,13.6934431847766,1,5.53480703602568,1,24.647360644915,1,17.8491537247851
0,7.37812694104223,0,14.2523592331348,1,6.85261823507942,1,22.2309527385508,0,16.8463922795724
1,7.57228817633281,1,15.9291073782095,1,17.9222323071308,1,19.8145448321866,1,16.2447354124448
1,6.2649954393448,0,9.36725699074121,1,20.960902795973,0,19.2349125104705,1,16.9592682502044
1,8.52735490355264,1,13.2954615352456,1,9.28949101185166,0,22.2117442085195,1,17.7390047214781
1,7.831244299181,1,17.22366607975,1,17.6262137147955,0,20.8378218863431,1,17.7390047214781
1,9.04943785683137,1,17.5258356600965,1,16.1970612514337,0,21.0668089400392,1,16.7643341323859
1,7.30916134590226,1,13.2954615352456,1,17.6262137147955,0,20.8378218863431,1,17.1542023680228
1,8.96508344024396,1,13.0480267378111,1,7.54019859814619,1,19.708402395732,1,16.9488146749915
1,7.4953976303679,1,10.8323240842206,1,8.12021387492667,1,22.2031368762044,1,17.5541294848127
1,6.46661756345466,1,9.10899979809457,1,6.67017568297547,1,18.710508603543,1,17.1505862782653
1,7.20146046839269,1,10.5861349004883,1,9.28024442848762,1,20.2073492918264,1,17.7559010880864
1,6.31964898246706,1,9.35518898182685,1,8.70022915170714,1,21.4547165320626,1,17.7559010880864
0,7.41808815504488,1,12.1954328632604,1,8.54626701616527,1,21.099617611369,0,16.8432990111915
1,11.0544058781061,1,16.2605771510139,1,8.54626701616527,1,20.3883945458172,1,17.2261012614459
1,12.3634802584081,1,17.7124143966401,1,8.95323211217314,1,21.8108406769208,0,17.6089035117002
1,7.12718273719998,1,11.0339630667594,1,8.54626701616527,1,19.9142458354494,0,17.2261012614459
1,7.99989899073468,1,11.6146979650099,1,8.54626701616527,1,22.2849893872886,1,17.4175023865731
0,6.38721756052644,0,10.1734000676515,1,10.6539219739642,1,22.3094022411853,0,17.092830723974
1,6.9194856905703,1,15.8515768495965,1,11.2458065280733,0,19.632273972243,0,17.29876844354
1,6.38721756052644,1,18.2174838420736,1,8.58232603458228,1,44.3957104599587,1,40.9816061936245
1,8.33886737068729,1,18.2174838420736,1,13.0214601904007,1,21.4170261515379,1,17.092830723974
1,7.45175382061417,1,14.9052140526056,1,6.21478781814579,1,21.8632141963616,1,16.8868930044081
1,6.37284488068692,1,15.093179109189,0,7.17093027096865,1,21.2100754601427,1,17.4836590221326
1,7.46089156763346,1,16.3103709728333,1,6.85915069397002,1,21.4457429652554,1,17.4836590221326
1,4.35218674778619,1,8.52034304550995,1,6.85915069397002,1,21.2100754601427,1,17.0722788098471
1,5.75110391671746,1,8.7637814182388,1,7.48270984796729,1,21.2100754601427,1,16.6608985975617
1,5.5956686757251,1,12.4153570091716,1,5.61203238597547,1,20.2674054396919,1,16.4552084914189
1,7.05633581414337,0,25.735110271494,1,12.3972500021873,1,21.1080239499286,1,17.0701146683873
0,7.22844156570784,1,25.0835884924688,1,10.4687888907359,1,20.102879952313,1,16.8540372675217
0,7.57265306883678,1,18.2426098127046,1,10.1932944462429,1,19.6003079535052,1,17.0701146683873
1,6.71212431101442,1,14.9850009175788,1,9.64230555725676,1,19.0977359546973,1,17.286192069253
1,6.88423006257889,1,16.6138053651417,1,11.2952722242151,1,19.8515939529091,1,17.5022694701187
0,4.31646562827791,1,9.327119507681,1,8.83204921761421,1,21.0797654057898,1,17.4530473056339
1,8.48904906894656,1,12.8649924243876,1,7.309282111129,1,20.5951730976107,1,16.8712790621127
1,10.2156353202577,1,23.1569863638977,1,7.30928211112901,1,23.0181346385061,1,16.8712790621127
1,9.92787094503919,1,20.2623630684104,0,9.13660263891125,1,20.8374692517003,1,17.4530473056339
1,10.7911640706948,1,19.6191134471911,1,10.6593697453965,1,21.0797654057898,1,17.4530473056339
1,6.17461523558523,1,32.3804407674012,1,6.99387119173778,1,21.3526307375755,1,17.6024619696659
1,5.86588447380597,1,24.9277996383962,0,4.76854853982121,1,22.9259824761337,0,16.8287273775926
1,6.0202498546956,1,31.6094778919869,1,9.21919384365434,1,22.7012179420539,1,17.7958956176842
1,5.55715371202671,1,22.3579233870151,1,10.1729035516186,1,22.9259824761337,1,17.0221610256109
1,5.71151909291634,1,26.2127377640867,1,5.72225824778545,1,44.7281422818687,1,38.4932959556429
1,5.14289604843557,0,13.2770119789522,1,8.22692468423349,1,21.6159637665796,1,17.8249577619168
1,5.85226102063358,1,15.4383860220374,1,8.81456216167874,1,23.0570280176849,1,18.0166239744105
0,6.38428474978209,1,16.9822246242411,1,58.4699290058023,1,21.8561411417638,1,18.0166239744105
1,7.0936497219801,1,14.2033151402744,1,11.752749548905,1,21.3757863913954,1,16.6749604869544
1,6.91630847893059,1,17.2909923446819,1,6.17019351317512,0,21.8561411417638,0,17.0582929119419
1,6.76391360296364,1,16.0620296592282,1,10.8467502247803,1,19.9598140901689,1,17.4086770879705
1,7.13968658090607,1,14.482157889468,1,9.60712162766259,1,21.3687421435926,1,17.2130739746225
1,6.01236764707879,1,17.115277505735,1,10.2269359262215,1,19.9598140901689,1,17.2130739746225
1,7.89123253679092,1,16.0620296592282,1,9.91702877694203,1,22.3080275125417,1,16.2350584078826
1,7.89123253679092,1,15.5354057359748,1,6.81795728414765,1,22.542848854779,1,18.3866926547105
1,8.23450630720626,1,19.3656531680456,1,11.236814358657,1,19.2843890089547,1,16.9313192148391
1,7.05814826331965,1,14.9927637430031,1,11.236814358657,1,18.6415760419896,1,17.1259320793775
1,6.89009711419299,1,13.1186682751277,1,11.236814358657,0,20.3557439538967,0,16.9313192148391
1,5.71373907030638,1,14.9927637430031,1,11.9617701237316,0,20.1414729649083,1,16.9313192148391
1,6.38594366681302,1,15.9298114769408,1,13.0492037713436,1,20.1414729649083,1,17.1259320793775
0,9.49836034384137,0,15.0077036507428,1,11.8189277590122,0,19.6493544341461,1,17.2398505978655
1,9.13993165162094,1,14.695043158019,1,7.15356153834946,0,19.6493544341461,1,17.043943204708
1,9.8567890360618,1,14.0697221725714,1,10.5748301001688,1,18.5329138412969,1,17.043943204708
1,9.67757468995159,1,14.0697221725714,1,10.5748301001688,0,20.3192187898557,1,17.2398505978655
1,9.49836034384137,1,15.6330246361904,0,9.95278127074707,0,18.7562019598668,1,17.4357579910231
1,6.58441182101564,1,12.7186203134956,1,12.9312349154204,1,19.738554375767,1,16.7348770872175
0,11.7578782518136,0,15.8276163901279,1,9.52827835873082,1,19.2741178022196,1,17.1286389010344
1,7.05472695108818,1,12.7186203134956,0,8.16709573605499,1,19.0418995154458,1,17.7192816217597
0,8.15212892125745,1,13.5665283343953,1,6.12532180204124,1,19.5063360889933,1,16.7348770872175
0,5.64378156087054,1,13.2838923274288,1,13.6118262267583,0,18.8096812286721,1,17.9161625286681
1,6.29293504554813,1,14.0302494285121,1,10.504936037044,1,22.6830245954992,1,17.1806866359141
1,7.51656130440471,1,17.1216603195402,1,9.33772092181687,1,22.4364699803307,1,17.3902072046448
1,6.99215005060903,1,13.5546477529693,1,12.2557587098846,1,49.0643684185253,1,41.6945931774013
1,5.76852379175245,1,13.7924485907407,1,9.04591714301009,1,49.0643684185253,1,41.6945931774013
1,6.64254254807858,1,14.5058511040549,1,13.131170046305,1,22.6830245954992,1,17.1806866359141
1,8.11319598627965,1,18.2869964532556,1,9.73836119677363,1,20.9258724969014,1,17.106930062658
1,9.20535698443268,1,19.144199412002,1,5.75448616172987,1,23.4009756954596,1,18.2733116578392
1,7.80114998680735,1,15.4296532574344,0,8.41040285175905,1,19.3508068250916,1,17.106930062658
1,5.92887398997359,1,17.1440591749271,1,9.2957084151021,1,20.025834970153,1,16.9125331301278
1,5.92887398997359,1,14.0009816595238,1,6.63979172507293,1,21.3758912602756,1,17.4957239277184
1,11.7374726066819,1,19.358089605896,1,33.1376601984998,1,26.169840424327,1,16.6872176162824
1,5.86873630334096,1,9.81163445778288,1,14.3297990047567,1,22.6333755021207,1,16.8932326485822
1,9.10665978104632,1,18.8277309865563,1,15.225411442554,1,24.0479614710032,1,16.8932326485822
1,8.70191934633315,1,15.6455792705186,1,12.5385741291621,1,25.4625474398858,1,16.2751875516829
1,5.46399586862779,1,13.5241447931602,1,16.7180988388828,1,25.6983117680329,1,16.6872176162824
0,7.18513693009772,0,13.949909287797,1,7.71466224061644,1,48.2543338090185,1,40.8146956777768
1,39.7178402524846,1,60.3485206145999,1,14.0517062239799,1,20.3686635173746,1,17.0232147801783
1,7.98348547788636,1,13.0401325951146,1,11.0209460580235,1,22.3085362333151,1,17.2283137534334
1,6.38678838230909,1,11.2205792097497,1,7.99018589206703,0,23.2784725912853,1,17.2283137534334
1,7.38472406704488,1,12.433614799993,1,13.5006589210788,1,19.8836953383895,0,16.8181158069231
1,6.83260039763776,1,26.0480004796072,1,10.2951234655942,1,19.4647063066234,1,16.5714275572535
1,4.9994637055886,1,18.357638433247,1,9.60878190122123,1,20.425926371148,1,16.5714275572535
1,4.83281491540232,1,15.6288002877643,1,14.4131728518319,1,20.425926371148,1,17.3897696588463
1,4.9994637055886,1,17.1172574580276,1,14.4131728518319,1,21.3871464356727,1,17.3897696588463
1,5.66605886633375,1,25.0556956994317,1,10.9814650299671,1,20.6662313872792,1,17.1851841334481
1,6.99202235043047,1,15.4823533958896,1,10.4861716246122,1,22.6123481586919,1,17.2992198852035
1,6.65094808943386,1,15.7205434481341,1,9.25250437465785,0,18.4812460912386,1,17.2992198852035
1,6.99202235043047,1,15.0059732914007,0,10.4861716246122,1,20.8729367618695,0,17.2992198852035
1,7.16255948092877,1,13.576832977934,0,9.86933799963504,1,20.6555103372667,1,17.2992198852035
1,6.65094808943386,1,14.7677832391563,1,8.94408756216925,1,21.9600688848835,0,17.4852330022487
1,5.94109569047134,1,16.4639346471758,1,9.36430102797967,1,19.711242056415,1,17.074621640531
1,6.84126170417913,1,13.2357121673374,1,10.0846318762858,1,20.6611814326277,1,17.6501706845938
1,7.56139451514535,1,12.9128899193536,1,7.92363933136742,1,19.9487269004682,1,17.4583210032396
1,6.84126170417913,1,13.8813566633051,1,10.0846318762858,1,20.1862117445214,0,17.074621640531
1,6.48119529869602,1,14.204178911289,1,10.0846318762858,1,19.711242056415,1,17.4583210032396
1,8.16893186626274,1,13.304296096022,0,5.86716697513862,1,20.1122281584135,1,17.0476650625627
1,8.00221897103289,1,8.59235789534753,1,11.343189485268,1,18.3244745443323,1,16.8471042971208
1,8.50235765672245,1,11.3640862486854,1,10.5609005552495,1,19.2183513513729,1,16.8471042971208
1,7.00194159965378,1,10.5325677426841,1,8.99632269521256,1,21.6765125707345,1,17.4487865934465
1,10.3361995042508,1,9.14670356601511,1,13.2989118103142,1,19.441820553133,1,17.6493473588885
1,7.65073882196846,1,20.8008123671262,1,74.7362490035915,1,20.9503058428176,1,17.5020280599008
1,6.58319387006588,1,19.6914357075461,1,5.63338560328579,1,21.3651633842596,1,16.9493324369565
1,6.40526971141545,1,16.0859615639109,0,8.63785792503821,1,21.3651633842596,1,17.6862599342155
1,6.76111802871631,1,19.1367473777561,1,12.3934483272287,1,21.3651633842596,1,16.7651005626418
1,6.40526971141545,1,17.750026553281,1,7.135621764162,0,21.3651633842596,1,17.317796185586
1,7.7439340219341,1,18.1962826585142,1,11.3730635501998,1,21.508650107363,1,16.670724631034
1,5.66629318678105,1,13.2109997383733,0,8.52979766264982,1,21.2869114464623,1,16.8715767350224
1,5.85516962634041,1,16.700697782472,0,7.46357295481859,1,22.8390820727669,1,16.8715767350224
1,6.23292250545915,1,15.4543770524367,1,8.17438942670607,1,20.6216954637604,1,17.0724288390108
1,2.83314659339052,1,9.22277340226064,1,10.6622470783123,1,21.508650107363,1,17.2732809429991
1,9.09308640463215,1,15.4073341249902,1,13.2413723827507,1,19.017917655649,1,17.1235552838491
1,6.56722907001211,1,12.6289623975329,1,11.8098726656966,1,22.2257591879271,1,17.5312589810836
1,4.71493369129075,1,12.6289623975329,1,11.8098726656966,1,20.8509699598079,1,17.1235552838491
0,6.90401004796145,1,13.3867001413849,1,16.4622467461225,1,19.9344438077284,1,17.5312589810836
1,6.0620576030881,1,13.3867001413849,1,11.8098726656966,1,21.9966276499072,1,17.1235552838491
1,10.2924383125777,1,19.0257623088068,1,16.7830374093822,1,22.0297141960624,1,17.3134699636207
1,8.67505514917267,1,16.8582704002085,1,11.9346043800051,1,18.6578191660529,1,16.9060941997708
1,7.20470681880442,1,10.3557946744138,1,13.0534735406306,1,21.1305421880599,1,17.9245336093955
1,7.93988098398854,1,13.0049514515894,1,11.9346043800051,1,20.6809561840586,1,17.3134699636207
1,9.41022931435679,1,16.8582704002085,1,4.10252025562676,1,18.6578191660529,1,17.1097820816957
0,7.40852956791335,0,13.6465781379669,1,8.45930281876272,1,20.0510080377574,1,16.8193272994948
1,6.37478125611149,1,13.8902670332877,1,4.83388732500727,1,23.5894212208911,1,17.1930901283725
1,7.58082095321366,1,11.2096891847585,1,8.45930281876272,1,20.5227964621752,1,16.2586830561783
1,7.58082095321366,1,11.940755870721,1,10.8762464812663,1,22.4099501598465,0,16.4455644706171
1,8.44227787971521,0,10.9660002894377,1,7.85506690313681,1,20.7586906743841,1,17.1930901283725
1,10.756941428672,1,19.9043500449422,1,15.454886386766,1,20.8138166777128,1,17.2845683532047
1,12.167687845547,1,24.1875646115753,1,6.04756423829972,1,21.7598992539724,1,17.2845683532047
1,13.4020909603126,1,23.4317032174636,1,10.4152495215162,1,21.7598992539724,1,17.480983902673
1,9.52253831390635,1,15.621135478309,1,12.0951284765994,1,20.3407753895829,1,16.6953217048
1,11.4623146371095,1,26.2031949958732,1,8.73537056643293,1,20.104254745518,1,16.4989061553318
1,7.2929300063238,1,18.2668863713398,1,13.1162844898755,0,18.9324587835273,0,17.3489576077604
1,4.46505918754518,1,10.5484836792244,1,7.75053174401733,0,20.6733745337367,1,17.3489576077604
1,6.84642408756928,1,15.9513655637052,1,9.24101861786682,0,19.802916658632,1,17.1448522241397
1,8.78128306883886,1,13.3785646663334,1,8.94292124309692,0,19.1500732523034,1,17.3489576077604
1,8.03710653758133,1,11.0630438586988,1,12.2219923655658,1,21.108603471289,1,16.7366414568983
1,7.50980136484277,1,11.9319774649254,1,9.09877846501877,1,21.0129909231571,1,17.0897936444568
1,6.99776945360349,1,11.6833946010728,1,10.2016607032029,1,21.6371391683994,0,17.0897936444568
1,9.72860631354631,1,10.6890631456624,1,8.2716167863807,1,20.3888426779148,0,16.6923565829578
1,6.14438293487135,0,12.180560328778,1,8.82305790547275,0,21.8451885834802,1,17.6859492367053
1,6.99776945360349,1,11.9319774649254,1,8.82305790547275,1,20.5968920929956,1,16.6923565829578
1,7.9219383376833,1,14.3583991445966,1,6.52784410438203,1,20.7133698637906,1,16.9389708025509
1,6.06786766290636,1,10.1814103025322,1,5.59529494661317,1,20.9409893128432,1,16.5746918605606
1,5.730763903856,1,10.1814103025322,1,7.46039326215088,1,20.2581309656853,1,16.7568313315557
1,6.23641954243153,1,10.7035339077902,1,6.83869382363831,1,22.0790865581064,1,16.3925523895654
1,6.74207518100706,1,10.7035339077902,1,6.52784410438202,1,20.0305115166327,1,16.9389708025509
1,5.44294582836948,1,15.5347476136015,1,10.2993760276445,1,21.0373236723451,1,16.8254298663778
1,6.53153499404338,1,15.8224281249645,1,12.5262681417298,1,20.7927036296435,1,16.8254298663778
1,5.66066366150426,1,13.8086645454235,1,13.0829911702511,1,19.0803633307316,1,17.2358062045821
1,7.18468849344772,0,11.5072204545196,1,9.46429148486251,1,25.9297245263789,1,18.261747050093
1,7.18468849344772,1,15.2470671022385,1,10.5777375419052,1,19.8142234588367,1,17.2358062045821
1,7.5712301763999,1,9.22839442891547,1,17.0788392005306,1,20.383566749087,1,17.136780144458
1,7.93176494670465,1,8.92078128128495,1,7.11618300022108,1,24.2538642330908,1,17.9338396860607
1,8.11203233185704,1,14.4578179386342,1,56.6448166817598,1,20.6415865813539,0,16.9375152590573
1,10.0949735685332,1,8.30555498602392,1,13.0937767204068,1,20.8996064136208,1,16.7382503736566
1,6.48962586548563,1,11.3816864623291,1,13.9477186804333,1,20.383566749087,0,16.538985488256
1,9.46927687987064,1,17.3824485845775,1,11.8173153487058,1,23.4036888244375,1,16.846292775503
1,5.86193330658659,1,11.1558998378632,1,10.1291274417478,1,24.5509284726943,1,17.4408678146384
1,9.76988884431098,1,21.5334810823871,1,5.34592837203356,1,23.4036888244375,1,17.6390594943502
1,7.21468714656811,1,11.6747789000894,1,15.1936911626217,1,22.7153450354835,0,17.6390594943502
0,3.90795553772439,0,11.9342184312025,1,16.3191497672603,1,22.4858971058321,1,16.846292775503
0,5.54409825695222,1,19.0804127093732,0,9.89760933476988,0,17.6267644563648,0,17.1360464692853
1,6.43830765323484,1,15.1327411143304,0,12.1599200398601,1,20.2469591728514,1,17.5392475626802
1,7.86904268728703,1,14.036165671263,1,11.028764687315,1,18.8177620547678,1,17.3376470159827
1,7.15367517026094,1,16.0100014687844,1,13.008286554269,1,20.0087596531708,1,16.9344459225878
1,6.61714953249137,1,15.5713712915574,1,10.7459758491787,1,20.0087596531708,1,17.5392475626802
0,6.67578248215626,0,12.3616797661685,1,12.0149373461527,1,17.7177231733854,1,17.2594110224083
0,4.83994229956328,1,8.72589159964832,1,10.7160252006227,1,20.8575728496815,0,17.0654850558644
1,7.00957160626407,0,15.2703102993846,1,16.5611298555078,1,17.7177231733854,1,17.0654850558644
0,6.67578248215625,1,14.5431526660805,1,10.3912971642402,0,19.2876480115335,1,16.8715590893205
1,5.84130967188672,1,10.5437856829084,1,15.2622177099777,1,21.0818478265598,0,17.0654850558644
1,30.5087029152394,1,61.0763568810135,1,11.095200012388,1,21.2998338835859,1,17.1445231063798
1,8.73867369933992,1,17.8011492417024,0,7.19688649452193,1,21.5313538171032,1,16.9496989801709
0,4.75261201192171,1,11.048989184505,1,10.4954594711778,1,46.0724667699304,1,38.7700011155634
1,6.28571266092872,1,13.8112364806312,1,7.49675676512701,1,19.6791943489653,1,16.9496989801709
1,6.89895292053152,0,13.8112364806312,1,8.69623784754733,1,19.9107142824825,0,16.7548748539621
1,5.05508741230727,1,19.5146991529783,1,13.8316392239769,1,46.2515199227333,1,40.1153123278862
0,6.19655876347342,1,20.6298248188628,1,64.0115396644514,1,20.6853531312727,1,17.3362656291368
1,5.87042409171166,1,21.7449504847473,1,10.2933129108666,1,46.2515199227333,1,40.1153123278862
0,4.23975073290287,1,18.9571363200361,1,64.0115396644514,1,21.150192527481,1,16.9330966610173
0,4.56588540466463,1,20.3510434023917,1,14.7966373093707,1,20.2205137350643,1,17.3362656291368
1,6.88981515566445,1,13.5758971607113,1,15.4631867911222,0,22.1250896675983,1,17.3757345335878
1,7.76936602660034,1,13.5758971607113,1,18.6261113620336,0,21.5047600507498,1,17.182670816548
1,5.57048884926063,1,11.0501488517418,1,11.5973900933417,1,19.2302181223051,1,16.9896070995081
1,6.30344790837386,1,14.8387713151961,1,15.4631867911222,1,19.0234415833556,1,16.7965433824683
1,7.3295905911324,1,14.8387713151961,1,14.0574425373838,1,22.5386427454974,1,17.3757345335878
1,6.66180095927955,1,13.8895126564755,1,10.7917932457063,1,20.5147332676453,1,17.332836742278
1,6.5103963920232,1,11.5745938803963,1,69.276350190179,0,20.7306778283574,0,17.7180108921063
0,6.35899182476685,1,15.1755786431862,1,21.2354641286478,0,20.7306778283574,1,17.332836742278
0,8.78146490086851,1,16.4616446298969,1,8.00681434358853,1,19.8668995855092,1,17.1402496673638
1,5.90477812299779,1,14.9183654458441,1,13.2286497850593,1,20.9466223890694,1,17.7180108921063
1,28.4989183084061,1,48.6432155178151,1,10.0426467663224,1,21.7069608854968,1,17.9494913920649
1,10.0247451336102,1,21.2661293972357,1,8.78731592053214,1,22.3924438608283,1,18.5545304277525
1,9.30869190978088,1,19.3106232457658,1,8.78731592053214,1,21.7069608854968,1,18.1511710706274
0,8.8790599754833,1,19.066184976832,1,9.10114863197972,1,20.5644892599443,1,17.3444523563773
1,10.4543770679077,1,21.999444204037,1,10.35647947777,1,19.1935233092814,1,16.9410929992522
1,8.87851897772675,1,15.4516381708863,1,10.4548493892353,0,17.7083494285094,0,17.6476164431276
1,8.00807594069472,1,13.3565007917831,1,13.4812531598035,1,21.2948505785872,1,17.0658268900574
1,7.31172151106909,1,13.0946086193952,1,8.52895608069199,1,18.380818394149,1,17.6476164431276
1,6.61536708144346,1,12.0470399298436,1,7.9787008496796,1,19.2774436816685,1,17.6476164431276
0,5.57083543700502,1,12.5708242746194,1,9.90459415822295,1,20.8465379348275,1,17.0658268900574
1,6.65744706077044,1,14.313845102577,1,8.97143395600916,1,21.4013342119891,1,17.2324694496416
1,6.48225108548701,1,15.1240627498926,0,5.74171773184586,1,21.6153475541089,0,17.2324694496416
1,5.60627120906985,1,15.3941352989979,1,18.660582628499,1,42.5886550818582,1,39.8751327962637
1,5.78146718435328,1,14.5839176516822,1,7.89486188128806,0,19.47521413291,1,17.0320918979016
1,5.25587925850298,1,14.313845102577,1,16.1485811208165,1,22.8994276068283,1,17.2324694496416
1,6.66076079219729,1,11.9274123911054,1,15.3714489693331,1,23.2227566832139,1,17.483675088193
1,9.99114118829593,1,17.6318270129384,1,10.7310115446288,1,20.7183417467888,1,17.1035951949714
1,7.82639393083181,1,18.1504101603778,1,11.0210388836728,1,22.0843862575661,1,17.2936351415822
1,6.82727981200222,1,12.9645786859842,1,11.3110662227168,1,23.678104853473,1,17.483675088193
1,8.49247001005154,1,15.557494423181,1,15.6614763083772,1,24.3611271088616,1,17.8637549814146
1,9.09373549929819,1,27.8916793945378,1,11.9747102063711,1,21.0222544134375,1,16.4874790332747
1,7.97696096429666,1,26.2978691434214,1,12.8509085141544,1,19.1111403758523,1,17.2725970824783
1,5.26479423643579,1,22.0477084737775,1,11.3905780011823,1,47.5389616849325,1,39.059622947877
1,5.10525501714986,1,18.8600879715446,1,11.9747102063711,1,20.0666973946449,1,17.0763175701774
1,7.97696096429666,1,18.0631828459864,1,12.55884241156,1,20.0666973946449,1,17.2725970824783
1,10.8434675070728,1,8.88575382547103,1,7.58988589817357,1,20.4081285579781,1,17.0944972147464
1,9.63863778406469,1,13.5899764389557,1,7.58988589817356,0,18.0623666547623,1,16.8957239913191
1,10.3916563609447,1,11.2378651322134,1,9.63331671691261,1,19.2352476063702,0,17.0944972147464
1,8.43380806105661,1,19.3395818554369,1,9.04947934013002,1,19.4698237966918,1,16.8957239913191
1,10.3916563609447,1,9.14709952622018,1,6.4222111446084,0,17.3586380837975,1,16.8957239913191
1,10.8930881303763,1,18.7866150356987,1,11.7779894748767,1,20.5702365469351,1,16.8696965257198
1,9.64306162361182,1,17.4998605811988,1,10.5382011091002,1,49.9204521078058,1,39.4949365719792
1,9.64306162361182,1,18.7866150356987,1,9.29841274332373,0,19.3159538306585,1,16.8696965257198
1,9.64306162361182,1,16.9851587993988,1,10.5382011091002,1,19.8176669171691,1,17.0681635436694
1,10.3573624846201,1,17.2425096902988,0,13.6376720235415,1,20.3193800036797,1,16.8696965257198
1,5.79081331002103,1,13.3612062844087,1,80.1154243536531,1,28.4197404808131,1,16.7816345291023
1,31.1451850998428,1,66.4720012649335,1,80.1154243536531,1,24.9897718020943,1,17.7139475584968
1,5.008270970829,1,16.0334475412905,1,17.3113731015431,1,33.809691261657,1,16.9680971349812
1,5.47779637434422,1,11.6910554988576,1,14.4932425966408,1,27.9297449552819,1,16.5951719232234
1,6.26033871353625,1,15.6994173841803,1,14.4932425966408,1,30.6247203457038,1,16.7816345291023
1,7.561788466443,1,19.935042303665,1,6.96301150614103,1,22.2518850497317,0,17.4307215691501
1,7.73364729522579,1,18.2537736756451,1,14.4233809770064,1,16.8509420764958,0,16.664536005671
1,7.21807080887741,1,18.2537736756451,1,8.20640641795193,1,17.0669797954253,0,16.2814432239314
1,5.67134134983225,1,14.6510551870309,1,8.95244336503847,0,17.931130671143,1,16.8560823965408
0,5.67134134983225,0,15.3715988847538,1,6.46565354141667,0,21.8198096118728,1,17.0476287874106
1,7.51219345664748,1,15.9564026404305,1,7.68793218075424,1,21.8129696961927,1,17.1308328951776
1,6.84444292716771,1,13.9925377000698,1,9.82346889763042,1,20.1885996124337,1,17.3211754829018
0,10.1831955745666,1,15.9564026404305,1,8.54214686750472,1,22.7411811726265,1,17.3211754829018
0,7.51219345664748,0,10.5557740544386,1,4.27107343375236,1,19.260388136,1,17.1308328951776
1,6.34363003005788,1,13.2560883474345,1,8.11503952412948,0,21.1168110888674,1,16.9404903074534
1,6.91772711677216,1,14.521863678962,1,8.68181206630183,1,44.7560189014441,1,38.1485421921737
1,8.60041749652755,1,19.453817381251,1,7.63999461834561,1,20.6912248187581,1,16.2946034489184
1,7.29165831227336,1,13.4258739673422,1,11.4599919275184,1,21.8157479067341,1,17.2531095341489
1,7.29165831227336,1,15.3438559626768,0,9.37635703160598,1,21.1410340539485,1,16.8697071000567
1,7.47862391002396,1,15.3438559626768,1,8.68181206630183,1,22.2655571419245,0,17.0614083171028
0,5.21565288875237,1,8.97255433366755,1,16.4321905238773,1,20.5472583155236,1,16.8810578364179
1,10.4313057775047,1,18.3529520461382,1,13.3750387985048,1,21.9170755365585,1,16.6646340180023
1,8.09325448254678,1,14.2745182581075,1,8.02502327910286,1,24.4284071084559,1,16.8810578364179
1,5.75520318758882,1,10.6039278488798,1,11.8464629358185,1,17.5793210032813,1,17.0974816548335
1,6.47460358603742,1,12.0313796746906,0,6.11430345074504,1,45.4322711643244,1,43.0683398647072
1,6.25560095625711,1,14.6261455292794,0,9.58306036221853,1,20.6570053736178,1,17.6241159342437
1,6.43958921967644,1,12.498706179566,0,18.0045376502287,1,21.9897153977222,1,17.245102688346
1,7.17554227335375,1,17.5513746351352,1,10.1638518993227,1,20.4348870362671,1,17.8136225571925
1,6.43958921967644,1,10.6371967485668,1,11.6158307420831,0,20.4348870362671,1,17.6241159342437
1,6.62357748309577,1,16.7535848789927,1,15.6813715018121,1,20.6570053736178,1,17.8136225571925
1,7.23027533347869,1,17.7890961202835,1,8.4341597780711,0,21.0615783527989,1,17.4161898989319
0,6.92260404269236,1,13.2712304389417,1,9.44625895143963,1,22.3779269998488,0,17.2160038081395
1,7.38411097887185,1,18.0714627253674,1,8.09679338694825,1,21.5003612351488,1,17.0158177173472
1,7.38411097887185,1,16.0948964897803,1,8.4341597780711,1,43.6588967938227,1,39.8370320676717
1,7.23027533347869,1,16.3772630948642,1,9.10889256031679,1,19.9646211469239,1,16.8156316265549
1,6.62348457364885,1,18.2988029461559,1,61.4322762647204,1,20.9295700164478,1,17.1124296240157
1,8.38974712662188,1,15.3044533731486,1,61.4322762647204,1,24.1305630777869,0,17.3161490243016
1,7.80099294229754,1,17.966097438044,1,7.4089177404688,1,23.8843328422993,1,17.5198684245875
1,8.24255858054079,1,15.9698643893724,0,14.8178354809376,1,22.6531816648612,1,17.1124296240157
1,6.47629602756777,1,19.9623304867155,0,7.4089177404688,1,21.9144909583983,1,17.1124296240157
1,4.86137801595771,1,11.5047478314395,1,17.2249687679239,1,23.004466471528,1,17.9143979946741
0,6.07672251994713,1,13.5500363348065,1,17.7034401225884,1,22.5704199343293,1,17.1438862529677
1,6.07672251994713,1,13.2943752718857,1,13.1579622532752,1,20.8342337855348,1,16.9512583175411
1,6.61687563283132,0,12.527392083123,1,19.6173255412466,1,21.4853035913327,1,17.5291421238209
0,6.21176079816818,1,12.0160699572813,1,16.0287903812625,1,19.9661407111375,0,16.9512583175411
1,7.97898144233233,1,14.4072437785072,1,10.9190017067267,1,46.4837929735491,1,38.2471693959409
1,11.133462477673,1,23.0515900456116,0,10.6156961037621,1,18.6869519491655,1,17.6821084644551
1,11.8756933095179,1,29.4548095027259,1,16.0751969571254,0,19.6212995466237,1,16.9133211399136
1,11.5045778935955,1,26.5733607470245,1,10.3123905007974,1,20.0884733453529,1,17.2977148021843
1,9.8345585219445,1,20.4903022627658,0,16.9851137660193,1,21.0228209428111,1,17.4899116333197
1,6.36398177224637,1,13.7105496499518,1,9.67725398210337,1,20.2438671081541,1,17.1183767009758
1,33.3271677020271,1,50.5259144507482,1,6.94777208971524,1,21.2435642492975,1,17.3107180122227
1,6.36398177224637,1,11.4254580416265,1,9.67725398210337,1,21.2435642492975,1,17.3107180122227
1,7.53629420397597,1,11.4254580416265,1,8.93284982963388,0,20.49379139344,1,17.3107180122227
1,6.19650856771358,1,9.14036643330119,1,8.68471511214405,1,21.7434128198692,1,17.8877419459635
1,6.96503256829369,1,14.5430272311138,1,9.37083653533349,1,18.8161079810869,1,17.7860774700148
1,8.39900986176592,1,13.7198370104847,1,8.76626643627972,1,20.0070008912822,1,17.5927505409929
1,8.80871765990084,1,15.6406141919526,1,5.74341594101085,1,20.0070008912822,1,17.399423611971
1,8.39900986176592,1,16.7382011527914,1,60.1547248558505,1,21.1978938014776,1,17.399423611971
1,5.73590917388892,1,16.4638044125817,1,9.67312158486038,1,21.1978938014776,1,17.0127697539272
1,10.9566343190386,1,16.445833690559,1,15.2125586807859,1,25.0602215823913,1,17.6834128326537
1,36.3395038248114,1,61.749451026816,1,13.5826416792732,1,23.7550017083084,1,17.2673325307089
1,9.4957497431668,0,13.0325474528958,1,10.5944605098331,1,23.7550017083084,1,17.6834128326537
1,10.2261920311027,1,14.8943399461667,1,14.9409058472005,1,24.5381336327581,1,17.4753726816813
0,9.13052859919884,0,11.170754959625,1,19.5590040181534,1,25.0602215823913,1,17.8914529836261
0,5.14472118066279,0,8.12478426793477,1,8.62914228373886,1,21.8393286091498,1,17.2343476313822
0,8.68171699236846,1,16.9266338915308,0,15.9508387669112,1,22.0692162787198,1,17.6090073624992
1,6.10935640203707,1,12.6385533056763,1,12.5514796854383,1,21.1496656004398,1,17.2343476313822
0,5.94858386514135,1,15.1211262764342,0,6.01425068260587,1,21.8393286091498,1,17.6090073624992
1,6.27012893893278,1,13.9926840169988,1,8.89063144385215,1,20.9197779308698,1,17.2343476313822
1,9.0430770459798,1,22.166708284053,1,20.0097304235495,0,22.6808762528489,1,17.8935044292813
1,7.81689710754186,1,16.7864392830692,1,29.2096064803539,1,19.3778360218515,1,17.3036086788654
1,9.0430770459798,1,18.7233361234234,1,30.3595909874545,1,21.35966016045,1,17.5002405956707
1,9.96271199980825,1,21.0906544838562,1,19.5497366207093,1,21.1394574783835,1,17.5002405956707
1,9.50289452289402,1,18.508125363384,1,27.8296250718333,0,20.478849432184,1,17.696872512476
1,7.70959439060292,1,21.9357354069115,1,12.6966006802298,1,21.5923408066073,1,17.1936325879338
1,8.06003049926669,1,23.3067188698434,1,10.528888368971,1,22.2671014568137,0,17.4033110341281
1,6.48306801027973,1,17.2743916329428,1,7.43215649574425,1,22.4920216735492,1,17.4033110341281
1,8.23524855359857,1,22.7583254846707,1,5.57411737180819,1,21.8172610233427,1,17.1936325879338
1,6.65828606461161,1,18.096981710702,1,9.29019561968031,1,21.3674205898718,1,17.4033110341281
1,7.05872217560327,1,14.3184336628817,1,7.52786193495489,1,21.3725775736783,1,17.3371528276335
1,6.87296632887687,1,14.8691426499156,1,11.886097792034,1,19.6455005980275,1,17.133186323779
1,7.05872217560328,1,15.6952061304664,0,17.0367401685821,1,18.1343082443331,1,16.9292198199245
1,7.61598971578248,1,17.8980420786021,1,16.2443336491132,1,17.9184236223767,1,16.72525331607
1,10.4023274166785,0,17.6226875850851,1,10.3012847530962,0,16.839000512595,0,16.7252533160699
1,7.06569336083202,1,14.2199582649395,1,8.23703992803598,1,19.843674172979,1,16.9627481616392
1,8.11803066989211,1,18.6491255933633,1,14.1206398766331,1,20.560915408147,1,16.7583777018605
1,8.71936627506931,1,17.4835552437781,1,11.7671998971942,0,20.560915408147,1,17.7802300007544
0,7.21602726212632,1,13.0543879153543,1,14.9051198697794,1,20.3218349964243,1,17.3714890811968
1,5.56235434788904,1,15.6186426844418,1,13.72839988006,1,19.843674172979,1,17.3714890811968
0,6.14341466980803,0,17.521077032357,1,6.6282596113897,1,24.8113131890967,1,17.3830263186012
1,6.9736058414037,1,16.6867400308162,1,11.1354761471347,1,19.3838384289818,1,17.3830263186012
1,6.64152937276543,1,15.8524030292753,1,13.521649607235,1,22.4852525776189,1,17.1710381927646
0,5.31322349821235,1,17.7991893662039,1,2.91643422901147,1,23.7775084728844,1,16.959050066928
1,33.041608629508,1,55.3443544355402,1,8.21904191812323,1,22.743703756672,1,17.5950144444378
0,7.90302273912846,0,13.8682963184646,1,5.89121569956706,1,21.0941435027783,1,17.4967986068348
1,10.0104954695627,1,14.8358518755668,1,8.18224402717647,1,19.6393749853453,1,17.2933474602437
1,7.20053182898371,1,16.1259259517031,1,7.85495426608941,1,21.3366049223505,0,17.2933474602437
1,7.55177728405609,1,15.1583703946009,1,6.87308498282824,1,20.609220663634,1,17.7002497534259
1,7.02490910144752,1,14.8358518755668,1,8.18224402717647,1,20.1242978244896,0,17.0898963136526
1,6.97219640766266,1,16.0144201710216,1,11.2440315360128,1,22.8345532807232,1,17.9111863808507
1,10.0874331004481,1,19.1049223092889,1,17.9201752605203,1,20.8957704550014,1,17.5418835688744
1,5.19206115464241,1,11.5191443335418,1,21.7853111010247,1,21.9728720248469,1,17.9111863808507
1,5.78543957231583,1,12.0810538132268,1,14.7577913910167,1,20.2495095130942,0,17.3572321628862
1,6.67550719882596,1,12.6429632929118,1,69.9238211145793,1,19.6032485711869,1,16.9879293509099
1,10.0216483336844,1,16.5137517189673,1,9.99856098557146,1,21.2025523776225,1,17.0605843651546
1,7.67282450547711,1,13.8925212873852,1,9.68610595477235,1,20.992626116458,1,17.6772319928108
1,7.98600101590474,1,14.4167673737016,1,9.37365092397324,1,20.992626116458,1,16.6494859467172
1,6.10694195333892,1,14.4167673737017,0,11.560836139567,1,23.0918887281038,1,17.6772319928108
1,8.61235403676002,1,11.2712908558031,1,8.12383080077681,1,20.7826998552934,1,17.4716827835921
1,8.24908434838951,1,19.5899314248402,0,13.6169818811177,1,46.004325015353,1,38.3350224653154
1,6.59926747871161,1,14.4592350992868,1,10.6460040161466,1,19.418911061757,1,17.1448090422767
1,7.42417591355056,1,15.8585159153468,1,9.65567806115618,1,19.650088574397,0,17.3374473461226
1,6.10432241780824,1,8.86211183504674,1,7.42744466242783,1,21.0371536502368,1,16.9521707384309
1,6.7642491656794,1,10.4946061204501,1,11.6363299711369,1,20.1124435996769,0,17.1448090422767
1,6.07821650703274,1,19.0104108131175,1,11.1796104412973,1,19.8914699650475,1,17.2442787661755
0,6.9991584020377,1,21.0969193169962,1,9.75242612964235,1,20.5853584522003,1,17.6361941926794
0,5.52565137002976,1,19.474079369535,1,9.99029018158485,1,19.4288776402789,1,18.0281096191834
1,5.34146299102877,1,19.474079369535,1,9.75242612964235,1,46.0279363144703,1,38.9955849371468
1,6.07821650703274,1,14.3737252489425,1,9.27669802575736,1,21.9731354265059,1,18.4200250456874
1,7.57428215398244,1,14.3342392484152,1,21.4403575829659,1,20.9426790680496,1,16.6850234941545
0,5.94061345410387,0,6.7096439035135,1,27.6081316821753,0,19.3492143563502,1,17.7410376393541
1,9.0594355175084,1,17.689061200172,1,27.3144281536415,1,45.2999253754552,1,42.0293629789461
1,6.83170547221945,1,10.6744334828624,1,24.6710963968375,1,18.666300908479,1,16.4738206651145
1,7.42576681762984,1,14.3342392484152,1,58.4470021782222,1,18.8939387244361,1,17.5298348103142
1,5.18702953956697,1,16.571614619792,0,7.37462561213825,1,20.5938028355525,1,17.0684833830078
1,6.66903797944324,1,13.0399590450823,1,7.06734954496583,0,23.0166031691469,1,18.6749288778791
1,5.3722805945515,1,12.2249616047646,1,10.4473862838625,1,21.5629229689902,1,17.2692890698667
0,5.3722805945515,1,11.1382983510078,1,9.83283414951767,1,20.5938028355525,0,16.8676776961489
1,6.11328481448964,0,5.9766478956627,1,9.21828201517281,1,20.351522802193,1,16.2652606355721
1,8.05163517384491,1,8.13682630764237,1,25.7770610662141,1,21.7619872577825,1,17.4339894114744
1,5.9154870664983,1,12.0819542143781,1,26.9759941390612,1,21.7619872577825,1,17.244489526567
1,6.73708249240084,1,18.2462165686526,1,25.7770610662141,1,21.5304767550402,1,17.244489526567
1,9.36618785528897,0,12.821665696891,1,25.4773277980023,1,21.2989662522978,1,17.812989181289
1,6.24412523685931,1,16.5202231094557,1,25.7770610662141,1,22.688029268752,1,17.244489526567
0,5.02012844577178,0,14.0869204329244,1,15.3543077634357,1,28.4284616596631,1,17.2959079861633
1,5.73728965231061,1,16.7844158349737,1,9.82675696859884,1,28.4284616596631,1,16.692562358739
1,5.02012844577178,1,11.6891467422138,1,13.2047046765547,1,28.6634076237926,1,16.8936775678804
1,5.02012844577178,1,11.0897033195362,1,9.51967081333012,1,27.9585697314042,1,16.692562358739
1,35.6787700253066,1,59.6446205564245,1,5.83463695010556,1,27.4886778031453,1,16.692562358739
1,7.66395533218359,1,15.4068017725782,1,72.5710736256581,1,18.8770254350094,0,16.5080023600651
1,7.82362106827075,1,15.1660704948817,1,12.0343991439534,0,23.0207627256212,0,16.9156073566099
1,7.82362106827075,1,18.7770396603297,1,10.5756840962014,1,20.9488940803153,1,16.7118048583375
1,7.34462386000927,1,15.6475330502747,1,6.19953895294566,1,22.0999322165964,1,17.3232123531548
1,7.50428959609643,1,15.1660704948817,0,7.65825400069759,1,20.0280635712905,1,17.3232123531548
1,6.72292100626145,1,22.506996086428,1,9.73921470103438,1,18.8515945332014,1,16.9208678539931
1,5.1594510048053,1,25.1376839406858,1,20.8217693608321,1,22.9398921428113,1,17.504346055855
1,6.41022700597021,1,24.5530866397396,1,9.0675447216527,1,19.0787221781797,1,16.7263751200392
1,7.34830900684391,1,20.1686068826433,0,4.70168985567177,1,22.4856368528546,1,17.6988387898089
1,6.41022700597022,1,23.3838920378473,1,66.8311629484773,1,21.1228709829847,1,17.309853321901
1,8.36442852095375,1,17.4528849290343,1,9.41230299747482,0,22.2687844368717,1,17.3330481911997
1,8.72036164950498,1,14.4437668378215,1,8.23576512279047,1,19.6628628538335,1,17.3330481911997
1,8.89832821378059,1,16.8510613107917,1,8.23576512279047,1,18.2414510812673,0,17.3330481911997
1,9.25426134233182,1,17.4528849290343,1,10.000571934817,1,20.6104707022111,1,17.532278630179
1,8.72036164950498,1,15.6474140743066,1,8.23576512279046,1,22.5056863989661,1,17.3330481911997
1,3.93973099102847,1,8.60659716695677,1,11.1209366335673,1,24.4964371107541,1,17.1674740104278
1,7.09151578385125,1,14.2546765577721,1,53.9772290263386,1,17.9790364115627,1,16.9723890784911
0,3.78214175138733,0,11.0272026201634,1,4.88236242449294,1,21.5748436938752,0,16.9723890784911
1,4.72767718923417,1,12.9098957504352,1,6.78105892290687,1,20.226415963008,1,16.9723890784911
1,4.72767718923417,1,11.0272026201634,1,10.0359672059022,1,22.2490575593088,1,16.9723890784911
1,8.37551966659515,1,16.3421691280797,1,11.663726832849,1,20.4428880628562,1,17.1459166638247
1,8.71054045325895,0,16.3421691280797,1,6.99823609970939,1,21.1644017591923,1,17.1459166638247
0,6.36539494661231,0,14.6842679121876,1,11.663726832849,1,19.9618789319654,1,17.1459166638247
1,9.04556123992276,1,16.8158551897632,1,12.4413086217056,1,22.8479337173098,1,17.3476333304579
1,8.20800927326324,1,18.4737564056554,1,11.1453389736112,1,22.1264200209737,1,17.3476333304579
1,5.55528706874235,1,11.9925731636038,1,8.72461511059326,1,24.0916821972155,1,16.7053620014825
1,6.37224104943976,1,12.2532812758561,1,9.28749350482508,1,22.7894291054741,1,16.8930626981284
1,6.20885025330027,1,11.2104488268471,1,6.75454073078188,1,19.9678807400345,1,17.456164788066
1,7.02580423399768,0,10.6890326023426,1,14.6348382500274,1,26.4791461987413,1,19.7085731478164
1,6.53563184557924,1,8.08195147981998,1,17.4492302211865,1,20.836049467862,1,17.456164788066
1,6.77822331291393,0,14.885147528287,1,9.25838538403809,1,26.1612050232936,1,17.4187835645792
1,6.77822331291393,1,15.2572762164942,1,9.8029962889815,1,25.907212741514,1,17.2114170935723
0,5.59940186718977,1,13.7687614636655,1,12.7983562661703,1,23.3672899237185,0,17.2114170935723
1,5.59940186718977,1,13.7687614636655,1,7.62455266920784,0,20.0653902605844,1,17.4187835645792
1,6.63087063219841,1,16.3736622811157,0,12.7983562661703,1,21.5893439512617,1,17.2114170935723
1,7.94607251504212,1,13.8266278571638,1,13.5876999803365,0,19.7858637482823,1,17.6074208696785
1,7.76949312581897,1,12.962463616091,1,10.7271315634235,1,20.2744035939189,1,17.4050367217512
1,9.00554885038107,1,15.8430110863335,1,9.77360875778588,1,20.7629434395555,1,17.8098050176059
1,4.59106411980212,1,8.35358766370312,1,11.9190350704706,1,20.7629434395555,1,17.6074208696785
1,35.1392984554085,1,57.3228946578249,1,12.6341771746988,1,19.2973239026457,1,17.4050367217512
1,6.84324954314847,1,13.0180669872066,1,9.64237642865896,1,16.4143303130323,1,16.9766788273545
1,6.84324954314847,1,15.1434656789954,1,13.0455681093621,1,18.9220752219677,1,17.1612079450432
1,7.57125481369618,0,17.5345392072578,1,15.030763256439,1,17.5542143625484,1,17.3457370627318
1,8.29926008424389,1,17.8002140437314,0,11.3439722690105,1,17.7821911724516,0,16.7921497096659
1,8.29926008424389,1,17.2688643707842,1,11.9111708824611,1,22.5697041804194,1,17.1612079450432
1,7.64095155658146,1,12.3934768008499,1,6.11011321974169,1,22.0320696897057,1,17.1243270369846
0,8.45381874345182,1,14.8235702912126,1,14.0023427952414,1,20.9702831986356,1,16.9019331793614
1,6.66551093233701,0,12.3934768008499,1,9.4197578804351,1,22.0320696897058,1,16.9019331793614
1,6.66551093233701,1,14.0945422441038,1,12.2202264394834,0,22.5629629352408,1,16.9019331793614
1,7.31580468183331,1,14.0945422441038,1,8.91058177878996,1,21.2357298214031,1,17.3467208946078
1,7.31127087688499,1,22.6322000689075,1,13.0515906454425,1,20.324163973608,1,17.8835194258793
1,7.49873936090768,1,21.1997823430273,0,7.06961159961471,1,20.5814318720081,1,17.6848136544807
1,7.68620784493038,1,22.0592329785555,1,14.6830394761229,1,20.324163973608,1,17.2874021116833
1,9.3734242011346,1,22.3457165237315,1,10.8763255378688,1,20.5814318720081,1,18.082225197278
1,8.62355026504384,1,26.3564861561961,1,13.0515906454425,1,21.0959676688083,1,17.2874021116833
1,8.15844836794996,1,17.865195532248,1,11.869494416083,1,22.2975014515064,1,17.3146100768255
1,8.15844836794996,1,17.6135730599628,1,11.2904946884692,1,22.5480351756806,1,16.5275823460607
1,8.32494731423466,1,17.3619505876776,1,10.1324952332416,1,23.5501700723776,1,16.7243392787519
1,9.15744204565812,1,17.1103281153924,1,13.8959934627313,1,21.796434003158,0,16.9210962114431
1,7.82545047538058,1,16.1038382262517,1,15.3434927817658,1,22.7985688998549,1,16.9210962114431
1,6.19514273870612,1,12.1556203077461,1,6.47950873130872,1,20.8989245577766,1,17.1786694953849
1,6.7114046335983,1,18.059778742937,1,8.5411706003615,1,22.1578959166788,1,17.1786694953849
0,7.57184112508526,1,17.7124753055729,1,7.36307810375992,1,20.3953360142157,1,16.9834573420283
1,8.9485395114644,1,21.1855096792146,1,8.2466474762111,1,22.4096901884593,1,16.593033035315
1,6.88349193189569,1,17.0178684308445,1,8.5411706003615,1,19.8917474706548,1,17.7643059554549
1,6.53774134171013,1,13.2133667325465,1,12.0475991878262,1,20.4006987798456,1,17.2461894748867
1,6.04741074108187,1,12.964057926272,1,10.2222053714889,1,22.3670311923609,1,17.446726561804
1,5.55708014045361,1,15.4571459890167,0,13.5079142408961,1,23.1044058470541,0,16.8451153010521
1,7.6818460765094,0,10.9695874760763,0,8.39681155515162,1,23.3501973986185,1,17.6472636487213
0,5.06674953982535,1,14.2106019576444,1,12.7777567143612,1,22.6128227439253,1,16.8451153010521
0,5.03651846341462,1,15.7582125656348,1,14.546536569951,0,18.2954925661895,1,17.5350719409604
1,6.41011440798224,1,19.7565650076615,1,10.9099024274632,1,19.6507142377591,1,17.7299060736378
0,6.56273617960086,1,14.3470293508018,1,8.3642585277218,0,19.4248439591641,1,17.1454036756057
1,7.63108858093123,1,12.4654517310245,1,16.0011902269461,0,20.3283250735439,1,17.1454036756057
1,5.18914023503324,1,12.9358461359689,1,13.0918829129559,1,44.9481854403914,1,38.7719924027903
1,6.14754030301419,1,16.2723617895297,1,7.1921301822841,1,20.2073243900918,1,17.1511394296719
0,4.80276586172983,1,8.91105526569485,1,10.6443526697805,1,19.9695911619731,1,17.7425580306951
1,6.33965093748338,1,13.5603014912748,1,12.9458343281114,1,22.3469234431603,1,17.1511394296719
1,7.10809347536016,1,10.8482411930198,1,8.91824142603229,1,20.4450576182105,1,17.7425580306951
1,7.68442537876773,1,13.1728643058098,1,7.47981538957546,1,22.1091902150416,1,17.5454184970207
1,5.8192375836281,1,17.0079039219401,1,9.2619459012576,0,17.9529574333874,1,17.1123050200638
1,6.95469857555554,1,18.2227542020787,1,6.81025433916,1,21.1344941937345,1,17.3024417425089
1,6.24503545560089,1,17.7368140900233,1,5.7206136448944,1,20.4527363165173,1,17.4925784649541
1,28.2445921741949,1,48.3510411495155,1,14.4377391990192,0,18.6347153106046,1,17.4925784649541
1,5.96117020761903,1,16.0360236978293,1,12.258457810488,0,19.3164731878219,0,17.3024417425089
1,6.02540349706352,1,13.4095915177343,1,11.6813566013527,1,19.9498189004463,1,17.2913229989676
1,5.14363713163959,1,14.5042520497943,1,10.9025994945959,1,21.8599079441061,1,17.2913229989676
0,5.29059819254358,0,10.3992750545695,1,10.9025994945959,1,22.2843721760305,1,17.2913229989676
1,6.61324774067947,1,13.1359263847193,1,10.6430137923436,1,21.4354437121817,1,16.8983383853547
1,5.58452031435155,1,10.1256099215545,1,10.6430137923436,1,42.2341910764768,1,39.1019690544834
1,5.76014774481195,1,18.2511835847899,1,32.9520426851091,1,23.0676417793768,1,17.0253005515022
1,6.07150708236935,1,15.4962879493499,1,46.4466887371062,1,18.9397479872778,1,17.4122392003999
1,6.22718675114805,1,18.5955455392199,1,36.0903324646433,1,22.0963726518241,1,16.8318312270533
1,5.76014774481195,1,15.4962879493499,1,33.2658716630626,1,48.3206390957471,1,38.5003955653288
1,6.07150708236935,1,21.3504411746599,1,37.9733063323639,1,20.1538343967187,1,16.8318312270533
1,8.20624550412981,1,19.6774911990974,1,8.13846933317588,1,20.4685350088171,1,17.2459576792715
1,8.35278560241785,1,21.0252645688986,1,7.01592183894472,0,19.5588223417585,1,17.6292011832553
1,8.49932570070588,1,17.7906084813757,1,8.41910620673367,1,20.6959631755817,1,17.2459576792715
1,9.08548609385801,1,16.981944459495,1,12.0673855629849,0,20.4685350088171,0,17.4375794312634
1,8.79240589728195,1,20.4861552209781,1,9.54165370096482,1,20.4685350088171,1,17.2459576792715
1,11.3110938436468,1,30.862674655195,1,16.2583003352879,1,46.4583960294483,1,39.5607999451757
1,12.7056122627265,1,30.2963870468428,1,9.75498020117274,1,18.9102013989212,1,17.2954251016597
1,9.91657542456702,1,25.4829423758491,1,11.3808102347015,1,18.4432828458614,0,16.8978291223112
1,10.8462543706202,1,32.2783936760755,1,6.82848614082092,1,21.0113348876902,1,17.494223091334
1,15.494649100886,1,31.9952498718994,1,6.82848614082092,1,17.7429050162717,1,16.8978291223112
1,5.72673937752439,1,12.2002112828522,1,15.0947767549184,1,31.8187302332603,1,17.1375665265549
1,6.68119594044511,1,11.8791530911982,1,50.0643429038127,1,28.5829271586914,1,17.1375665265549
0,7.06297856561341,1,14.1265604327762,1,50.0643429038127,1,28.5829271586914,1,17.1375665265549
0,7.4447611907817,1,14.1265604327762,0,15.5979359800823,1,28.8525774149055,1,17.7645506677704
1,7.4447611907817,1,14.4476186244302,1,17.1074136555742,1,29.6615281835477,1,17.1375665265549
1,7.80850760736882,1,15.5577216843509,1,11.4633280949273,1,21.7703151077702,0,16.9523174079366
1,7.80850760736882,1,13.7724093599172,1,17.9592140153861,1,20.8725701548724,1,17.154130710412
1,8.477808259429,1,15.8127663021271,1,9.17066247594186,1,20.648133916648,1,17.154130710412
1,9.37020912884258,1,17.8531232443371,0,17.5771030788886,1,21.9947513459946,1,16.9523174079366
1,8.25470804207561,1,15.0476324487984,1,10.6991062219322,1,20.1992614401991,1,17.3559440128875
1,7.34854659760346,1,17.4378915957037,1,16.9333137243348,1,20.9247705876183,1,17.3201898879061
1,6.26787798030883,1,17.7334490803766,1,6.11480773378757,1,21.1598803695017,1,17.3201898879061
1,6.91627915068561,1,27.1912885899108,1,7.05554738513951,1,21.394990151385,1,17.5025076761999
1,6.05174425684991,1,15.960104172339,1,12.6999852932511,1,18.8087825506682,1,17.1378720996124
1,6.48401170376776,1,16.2556616570119,1,6.11480773378757,1,19.2790021144349,1,18.2317788293749
1,5.40798650562227,1,14.1256975734592,1,12.5932778633568,0,20.980568292581,1,16.9539933959837
1,7.86616218999603,1,11.8953242723867,1,9.07887473869908,0,20.2889012060124,1,16.9539933959837
1,5.08022974770577,1,11.3996857610372,1,21.3792856750011,1,20.5194569015353,1,16.7568539378908
1,6.55513515833003,1,12.6387820394108,1,13.4718786445212,1,20.980568292581,1,16.9539933959837
1,10.8159730112445,1,16.1082516188569,1,16.4005479150693,1,20.7500125970581,1,16.9539933959837
1,5.76138218638985,1,13.2978580960027,1,9.38976505679126,1,20.6648272206961,1,17.132747113938
1,5.94723322466049,1,16.4777806841772,1,9.06598005483294,1,19.0021399730539,0,16.9212317174696
1,7.24819049255497,1,13.2978580960027,1,6.15191503720806,1,20.9023539703593,0,16.7097163210013
1,4.27457388022473,0,14.4541935826116,1,9.38976505679126,0,21.3774074696856,1,17.132747113938
1,7.06233945428433,1,15.032361325916,1,10.6849050646245,0,21.6149342193488,1,16.7097163210013
1,8.65143639404002,1,14.7013538049829,0,8.518743792982,0,18.2130305505693,1,17.544422743433
1,5.46406509097264,1,14.7013538049829,0,4.52558264002169,0,19.6897627573723,1,16.9394426488319
1,6.67830177785545,1,13.7825191921715,1,11.7132727153502,1,20.4281288607737,1,17.1411026803656
1,9.86567308092283,1,13.1699627836305,1,8.78495453651268,1,19.9358847918394,1,17.1411026803656
1,5.615844676833,1,14.3950756007124,1,7.72011156238993,1,18.7052746195037,0,17.3427627118993
1,8.03722812947896,1,7.20328445268872,0,5.18381484461792,1,20.803839790633,1,16.9453607902376
1,8.5395548875714,0,14.88678786889,1,9.39566440586998,1,21.9223258008821,1,16.7505865282808
1,5.19070983362183,1,4.56208015336952,1,7.77572226692688,1,18.7905649721846,1,17.9192321000213
1,6.36280560250418,1,6.72306548917614,1,9.7196528336586,1,19.9090509824337,1,17.5296835761078
1,6.86513236059661,1,15.1268973506463,1,9.07167597808136,1,21.0275369926828,1,17.5296835761078
1,7.39126500207547,1,19.8221183631772,1,15.1975752942792,1,20.9108249531595,1,17.5126397148566
1,7.86304787454837,1,19.5832976600064,1,16.6875336564635,1,20.2573616733732,1,17.318054829136
1,5.34687255469289,1,18.866835550494,1,18.1774920186477,1,21.3464671396836,1,17.5126397148566
1,5.97591638465676,1,19.1056562536648,1,13.1116335872213,1,20.4751827666353,1,17.1234699434154
1,5.03235063971096,1,22.2103253948853,1,10.7277002077265,1,18.9504351138008,1,17.5126397148566
1,6.76196863305572,1,15.730378148851,1,33.3818432965937,0,17.3166763729334,1,16.4904682131058
1,8.18554097685692,1,14.2178417883845,1,35.8318868412979,0,19.9141778288735,0,16.0978380175556
1,35.411362052055,1,60.1989471465642,1,36.1381422843859,1,19.9141778288735,0,15.7052078220055
1,9.78705986363328,1,18.4529435976905,1,37.669419499826,1,19.2648024648885,1,16.2941531153307
1,6.05018246115512,1,12.1002908837315,1,35.2193759551218,1,19.2648024648885,0,15.5088927242304
1,7.6460909968322,1,14.1210140828117,1,11.6033387648484,1,20.087193365026,1,16.8430383068818
1,5.78623102462977,1,10.6628065523272,1,12.5979106589782,1,18.6351070976747,0,16.6448849150361
1,6.19953324067475,1,14.9855659654329,1,65.9732689772807,1,20.3292077429179,1,17.8338052661101
1,8.05939321287718,1,13.832830121938,1,12.9294346236882,1,19.1191358534585,1,17.4374984824188
1,5.99288213265226,1,22.1901649872756,1,13.5924825531081,1,19.8451789871341,1,17.2393450905731
1,7.29608803729623,1,15.897304017987,1,12.8324433016813,1,26.4331174356182,1,17.0052013979679
1,6.36069213507877,1,15.2349163505709,1,9.98078923464104,0,27.1475260149592,1,16.8074664979915
1,6.73485049596576,1,12.5853656809064,1,47.2899299450849,1,26.6712536287319,1,17.0052013979679
1,6.54777131552226,0,16.5596916854032,1,47.2899299450849,1,28.1000707874139,1,17.2029362979442
1,6.92192967640925,0,14.5725286831548,1,8.55496220112089,1,29.2907517529823,0,17.4006711979206
1,6.56366675156327,1,13.7894997587965,1,9.14737892933063,1,24.2293039655177,0,17.3262063605353
1,7.75706070639296,1,17.310223101468,1,7.51391840623587,1,21.8063735689659,1,17.5166042326291
1,5.96696977414843,1,12.0291380874608,1,10.1274552431875,0,24.0090375658311,1,17.3262063605353
1,8.3537576838078,0,15.5498614301322,1,8.16730261547378,1,23.3482383667716,1,17.5166042326291
1,8.55265667627941,1,16.4300422658001,1,6.86053419699797,1,43.8330135376183,1,37.8891765466651
1,7.47128289634819,0,19.1222022371658,1,15.8392065296792,1,20.2006200812563,1,16.8913069449735
1,7.47128289634819,1,17.483156331123,1,17.2165288366078,0,21.4791403395637,1,17.2887494613258
1,11.1158111384693,1,16.3904590604278,1,11.7072396088933,1,19.9449160295948,1,17.2887494613258
1,7.28905648424213,1,15.0245874720588,0,16.8721982598756,1,20.7120281845792,0,17.0900282031497
1,10.204679077939,1,12.5660186129947,1,13.4288924925541,1,20.9677322362407,1,17.0900282031497
1,8.31215808981046,1,15.0958039448922,1,16.1370023533509,0,19.6509843039683,1,16.6978422836341
1,6.40728852756223,1,12.4704467370848,1,11.5765451665343,1,20.0975975836039,0,17.4399686073512
1,7.27313832858415,1,13.7831253409885,1,12.2781539645061,1,19.6509843039683,1,16.8833738645634
1,10.5633675724675,1,20.0183487095309,1,8.41930557566134,1,20.5442108632396,0,17.2544370264219
1,7.09996836837977,1,13.4549556900126,1,14.0321759594356,1,22.7772772614178,1,17.0689054454926
1,6.5900157718102,1,16.023269544561,1,11.6703462329368,1,20.7281281001099,0,17.4667130172922
1,8.28459125598997,1,14.9782737046984,1,1.35701700382986,1,20.0803740969815,1,17.2726384282112
1,7.34316043144565,1,14.6299417580775,1,13.2987666375327,1,19.432620093853,1,17.2726384282112
0,8.47287742089883,0,13.9332778648357,1,6.78508501914931,1,20.9440461011527,1,17.0785638391302
1,8.84944975071656,1,14.6299417580775,1,10.313329229107,1,19.432620093853,1,17.2726384282112
1,9.92720982082252,1,15.5792377378538,1,10.7839960734311,1,22.0706152377806,1,17.4064807821124
1,7.24843891679105,1,10.4860254004785,1,16.9462795439632,1,20.0014950592387,1,17.4064807821124
1,9.76963506176184,1,19.1744464465893,0,4.92982677642564,1,20.2313973012989,1,17.6088817214393
1,7.72116319397307,1,13.1824319320302,1,11.0921102469577,1,20.4612995433591,1,17.6088817214393
1,9.13933602551914,1,16.1784391893098,1,7.39474016463847,1,19.7715928171785,1,17.6088817214393
1,7.7665902084784,1,14.0800160423669,1,6.38165281292363,1,23.3975422884269,1,17.4345848076074
1,5.54756443462743,1,9.38667736157794,1,5.70989988524746,1,22.1660926942992,1,17.0041012321109
1,10.3026196643081,1,23.4666934039448,1,8.06103513211406,1,21.180933018997,1,17.0041012321109
1,7.92509204946775,1,14.9600170450148,1,6.38165281292363,1,21.6735128566481,1,17.0041012321109
1,7.29108468551033,1,18.1866873880573,1,7.38928220443789,1,23.1512523696013,1,17.2193430198592
1,6.43753047858037,1,11.4853377831455,1,9.23638136549624,1,24.7977061640766,1,17.2987223500566
1,9.3953147525227,1,21.1081883582134,1,14.1844428112978,1,51.4035784026171,1,41.4752499718224
1,34.6234747361485,1,61.7724924012421,1,12.864959759084,1,21.697992893567,1,17.2987223500566
1,5.56759392742086,1,13.9686540605824,1,8.9065106024428,1,21.9563023327762,1,17.5071406916235
1,9.7432893729865,1,18.3144575460969,1,15.5039258635115,1,22.4729212111944,0,17.2987223500566
1,10.3190815271457,1,14.1394186183161,1,6.63013378495964,1,25.0605456030678,1,17.6425130767828
1,6.82108778913022,1,16.1189372248804,1,10.2465703949376,1,20.7819158659587,1,17.0544293075567
1,9.26968340574107,1,14.1394186183161,1,17.1780738973954,1,22.4118700515241,1,17.4464851537075
0,7.34578684983254,1,13.8566302459498,1,13.2602675699193,1,23.2268471443068,1,17.4464851537075
1,9.79438246644339,0,15.2705721077814,1,13.5616372874174,1,20.7819158659587,1,17.2504572306321
1,3.94882956823901,1,20.5508891367335,1,7.57851377776923,1,18.9204999816217,1,17.2236851895994
1,4.30781407444255,1,21.5295029051494,0,6.12110728204438,1,20.2105340712778,1,17.023409780418
1,5.38476759305319,1,22.8343212630373,1,9.61888287178402,1,16.9854488471377,1,17.023409780418
1,2.51289154342482,1,20.2246845472616,1,9.03592027349409,1,21.5005681609338,1,17.023409780418
0,5.74375209925674,1,22.8343212630373,1,7.8699950769142,1,24.0806363402458,1,17.023409780418
1,6.87489469766031,1,13.2411178479588,1,8.3680073429263,1,19.9835401718024,1,17.4085465547066
1,35.0795908931898,1,54.8954677446625,1,10.5374907281294,1,19.5537866197206,1,17.7911519734913
1,7.93257080499266,0,15.4479708226186,0,4.02904057252007,1,20.4132937238841,1,17.599849264099
1,7.75629145377061,1,12.6894046042938,1,10.5374907281294,1,21.4876776040886,1,17.599849264099
1,8.81396756110296,1,12.9652612261263,1,11.4672693217879,1,20.628170499925,1,17.0259411359218
1,32.6865688537242,1,51.0978425223154,1,11.5450798071772,1,19.6765274647347,1,17.3622649829717
1,5.58463990465639,1,10.7844692760666,1,8.97950651669337,1,19.9107718393149,1,17.3622649829717
1,6.5701645937134,1,10.0141500420618,1,8.97950651669337,1,18.5053055918338,1,17.3622649829717
1,6.07740224918489,1,12.5818808220777,1,7.69671987145146,1,18.739549966414,1,17.3622649829717
1,7.88419751245608,1,15.9199308360982,1,28.221306195322,1,22.0189712105365,1,17.5595634486873
1,10.6167565043979,1,21.9728825717799,1,8.51355837039662,1,21.108795288321,0,17.3364833447185
1,7.75191744765561,1,18.7925969363907,0,14.0801157664252,1,21.567682142415,1,16.5659729738421
1,7.24635761411285,1,17.6361294326128,0,10.1507811339344,1,20.1910215801332,1,17.1438557519994
1,6.7407977805701,1,16.1905450528905,1,10.478225686642,1,21.338238715368,1,17.1438557519994
1,7.24635761411285,1,17.3470125566684,1,11.4605593447647,1,20.8793518612741,1,17.1438557519994
1,10.8474245922697,1,20.1445994120941,1,9.47506756524358,1,19.537587743454,1,17.877953074129
1,7.48098247742741,1,15.1859287875786,1,13.1974155373036,1,19.8207411890113,0,17.1482407037564
1,7.66800703936309,1,15.4958457016108,1,7.44469594411995,1,21.5196618623551,1,17.6955249815359
1,8.97717897291289,1,17.3553471858041,1,10.4902533758054,1,21.8028153079124,1,17.6955249815359
1,9.16420353484857,1,21.3842670682229,1,9.81346283543085,1,19.537587743454,1,17.6955249815359
1,7.63064146460733,1,12.6079737966477,1,12.785289977179,1,20.4865739736091,1,17.2483852348006
1,6.80122391410653,1,17.4286696600718,1,7.19172561216319,1,18.7613887968841,1,17.2483852348006
1,7.63064146460733,1,15.5745558664471,1,4.26176332572633,1,20.2709258265185,1,17.4400339596317
0,6.46945689390622,1,17.7994924187967,1,12.785289977179,1,21.5648147090622,1,17.4400339596317
1,5.97180636360574,1,17.4286696600718,1,9.32260727502635,1,20.0552776794279,0,16.8650877851384
0,8.47842432498386,0,21.0209821241146,1,4.59956645646097,1,21.5302981561428,1,16.8327036418119
1,6.98223179704553,1,14.7839874279488,1,9.96572732233209,1,20.8045577688571,0,17.0405147978837
0,5.98477011175332,0,16.169986249319,0,8.04924129880669,1,23.4656058555714,1,17.2483259539554
1,6.81598818283017,1,16.169986249319,1,11.4989161411524,1,21.2883846937142,1,16.8327036418119
1,8.8109115534146,1,19.6349833027444,1,7.66594409410161,1,22.9817789307142,1,17.2483259539554
1,10.5264256405686,1,17.5353681337652,1,11.4587750694174,1,22.0463606954953,1,17.3942308074045
1,11.0804480427038,1,17.5353681337652,1,8.0211425485922,0,18.5783938445185,0,16.9989073799635
1,9.41838083629826,1,16.7003506035859,1,9.73995880900481,1,21.7986487775684,1,17.591892521125
1,9.41838083629826,1,15.8653330734066,1,8.02114254859219,1,21.3032249417146,1,17.3942308074045
1,11.0804480427038,1,22.8238124915674,1,5.72938753470871,1,22.5417845313491,1,17.7895542348455
1,8.60715381090001,1,20.1236460702674,1,12.1616245186965,1,28.2309894713001,1,16.6185721587208
1,5.57871080336112,1,21.097370880119,1,8.51313716308752,1,24.9246573710578,0,16.1812413124387
1,8.7665455481389,1,17.8516215139469,1,12.567012002653,1,26.9593232788992,1,17.0559030050029
1,5.73810254060001,1,18.5007713871813,0,10.9454620668268,1,26.9593232788992,1,16.6185721587208
1,8.60715381090001,1,23.3693954364395,1,9.72929961495717,1,27.2136565173794,1,17.493233851285
1,8.50587675220239,1,14.1130026559541,1,12.6477892185712,1,21.5509019121324,1,16.6193584078797
1,8.33575921715834,0,15.419762161135,1,15.8832701814615,1,21.1019247889629,1,16.8220335104148
1,7.31505400689405,1,12.544891249737,1,13.5301931175413,1,19.9794819810394,1,17.227383715485
1,7.31505400689405,0,14.1130026559541,1,15.0008662824914,1,20.4284591042088,1,17.227383715485
1,6.29434879662977,1,11.7608355466284,1,14.1184623835214,1,20.4284591042088,1,17.227383715485
1,13.7670965471668,1,23.6920908584699,1,10.8369611700045,1,21.1637025927289,1,17.0082599659259
1,36.5286961718158,1,54.192253802707,1,11.7793056195702,0,23.2340648028872,0,17.0082599659259
1,13.5835352598712,1,25.0537052756233,1,12.250477844353,0,20.9336623471558,1,17.2015356473569
1,12.849290110689,1,25.8706739259154,1,11.5437195071788,1,20.4735818560095,1,17.3948113287878
1,13.9506578344623,1,23.6920908584699,1,13.6639945187014,1,21.6237830838752,1,16.8149842844949
1,7.73504828261675,1,17.4726167255582,0,8.15097903441077,1,21.827118568764,1,17.1918952208655
0,8.35385214522609,0,17.1996070892214,1,12.8534669388785,1,22.0390323412763,0,16.9896376300318
1,7.42564635131208,1,14.7425203621898,0,10.345473389829,1,21.6152047962518,1,17.1918952208655
1,6.49744055739807,1,15.8345589075371,1,11.2859709707226,1,22.8866874313254,1,16.9896376300318
1,7.11624442000741,0,17.7456263618951,1,14.4209629070344,1,22.4628598863008,1,16.787380039198
1,9.15714036400111,1,21.2983638929863,1,10.7324838319939,1,22.1437257288049,1,16.8835138350349
1,7.55827458615964,1,14.7450211566828,1,15.5794120141848,1,20.853799958195,1,16.8835138350349
1,7.99432888920732,1,19.9330841562564,1,12.4635296113478,1,23.4336514994149,1,17.0753719467967
1,8.13968032355654,1,16.3833568407587,0,11.0786929878647,1,21.06878758663,1,16.8835138350349
1,7.70362602050887,1,12.014461683223,1,12.8097387672186,1,22.5737009856749,1,17.0753719467967
1,9.6323483033704,1,20.1586258358523,1,10.2575106694287,1,47.2581666915136,1,38.6323408454517
1,8.16300703675458,1,17.2468243262292,1,13.7743714703757,1,22.5604313351447,1,18.2484424094094
1,7.02018605160894,1,14.3350228166061,1,7.91293680213075,1,20.8980837630814,1,17.6660453112367
1,7.34670633307912,1,15.230961742644,1,9.378295469192,0,20.18564908934,1,17.6660453112367
1,8.81604759969494,1,16.7988548632103,1,9.9644389360165,1,20.4231273139204,1,17.2777805791216
1,4.16254366765768,0,12.5566326678849,1,13.3287136795629,1,20.740613012232,1,16.7695587165852
0,6.24381550148653,0,14.9610942425863,1,11.0106765178998,1,20.0171032559913,0,17.3684715278918
1,4.99505240118922,1,12.0223078735068,1,10.7209218726919,1,20.0171032559913,1,16.9691963203541
1,6.86819705163517,1,10.9536582847507,1,15.646750841226,1,21.2229528497257,0,17.1688339241229
1,6.03568831810364,1,18.9685302004219,1,8.98239400144458,1,19.7759333372444,0,16.9691963203541
0,5.29313872770197,1,9.34714263951467,1,5.93819687603099,0,20.8598975709212,1,16.7180790840477
1,7.85950901992111,1,23.0757583913019,1,9.43125386193158,1,20.6173406224221,1,16.7180790840477
1,5.13274058443828,1,7.88665160209051,1,6.63680827321111,1,33.2303019443744,1,17.5048122174147
1,7.05751830360263,1,16.6495978266355,1,11.876393752062,1,23.0429101074129,0,17.1114456507312
1,7.69911087665741,1,18.9863834865142,1,8.73264246475146,0,20.374783673923,1,16.521395800706
1,7.6143084904822,1,17.7739038841463,1,9.94425437562969,1,21.1788520381545,1,17.1564703432784
1,8.8165677258215,1,20.1437577353657,1,7.37799518191881,1,21.4065816299626,1,17.1564703432784
1,7.81468502970542,1,17.4776721527438,1,7.37799518191881,1,19.3570153036896,1,17.1564703432784
1,7.21355541203577,1,16.2927452271341,1,4.49095358899406,1,21.1788520381545,0,17.1564703432784
0,6.01129617669648,0,10.6643423304877,1,8.98190717798811,1,20.9511224463464,1,16.9637010135787
1,7.0739433747157,1,11.9982072267764,0,8.74118348072619,1,22.4901499308835,1,17.1427781892705
1,4.53457908635622,1,13.3933476019829,1,10.9889163757701,1,20.680597637594,1,16.9543960113664
1,7.7994760285327,1,12.556263376859,1,7.99193918237823,1,21.9731349899436,1,17.3311603671745
1,6.52979388435295,1,14.7884879771895,0,6.99294678458095,1,21.9731349899436,1,17.3311603671745
1,8.70639184580394,1,15.6255722023134,1,9.49042777907415,1,51.4429866235151,1,37.4880534029101
0,7.0694869959538,1,14.2170110131408,1,9.17928858012442,1,20.6611221976479,1,17.5918452849372
1,8.32628468412336,1,20.6001588149591,1,6.11952572008294,0,17.8753529125718,1,17.9545637444205
1,9.11178323922934,1,17.6987279959508,1,8.79681822261923,1,20.6611221976479,1,17.4104860551956
1,6.44108815186902,1,15.0874402588433,0,8.79681822261923,1,21.3575645189169,1,17.4104860551956
1,8.79758381718695,1,17.40858491405,1,7.26693679259849,1,16.9467631508798,1,17.4104860551956
1,6.43442052245578,0,10.6825804055656,1,14.1242426650773,1,23.7684269831005,1,16.8510855074502
1,4.52148469145541,1,12.3820818337238,1,16.1016366381882,1,23.3282709278579,1,16.8510855074502
1,5.04319446354643,0,10.6825804055656,1,14.4067275183789,1,24.4286610659644,1,16.8510855074502
0,5.04319446354643,0,12.6248677520321,1,13.5592729584742,1,26.6294413421774,0,17.0447761454669
1,8.86906612554716,1,16.2666565266568,1,15.5366669315851,1,24.6487390935857,1,16.8510855074502
1,7.9639763599835,1,15.1796548479493,1,11.7472072642133,1,21.5493172897688,1,17.6598634320272
1,9.41197206179868,1,18.4324380296527,1,12.9219279906346,1,19.8916774982482,1,16.9083798817282
1,6.69698012089522,1,13.2821979919557,1,16.7397703515039,1,21.0757059207629,1,17.0962507693029
1,6.15398173271452,1,13.2821979919557,1,58.4423561394611,1,18.7076490757334,1,17.2841216568777
1,6.69698012089522,1,14.6375243176654,1,11.7472072642133,1,19.8916774982482,1,17.4719925444525
1,6.56664251317775,1,13.1527914726598,0,11.5677546422799,0,18.1143332848209,1,17.6023923252423
1,6.85849329154121,1,13.8450436554314,1,13.8813055707358,0,17.6725202778741,1,17.206832947147
1,6.85849329154121,1,15.460298748565,1,15.2033346727107,1,19.8815853126084,1,17.4046126361947
1,8.17182179417676,1,17.0755538416987,1,11.8982619177736,1,24.9624348924972,1,17.6023923252423
0,5.83701556726911,1,11.3067856519356,0,11.2372473667862,1,20.7652113265021,1,17.206832947147
1,8.5662699129123,1,13.2601481649195,1,10.5289430333548,1,21.4010779919691,1,16.9987646394432
1,7.59650350767695,1,12.9949452016211,1,10.5289430333548,1,18.9934567178726,0,17.1897619949426
1,8.88952538132409,1,14.0557570548146,1,7.68328275406973,1,20.3310240923706,1,17.3807593504419
1,6.4651093682357,1,12.7297422383227,1,4.83762247478464,1,20.5985375672702,1,17.3807593504419
1,7.59650350767695,1,10.873321495234,1,7.11415069821271,1,21.6685914668687,1,16.0437778619464
1,8.21921619699674,1,18.7243555134432,1,9.4947412918959,1,21.501459626234,1,17.231921511399
1,6.64532373374204,1,18.1654195279673,1,10.1729370984599,1,45.0398996381113,1,42.864404759605
0,4.72167738976408,1,17.0475475570155,1,9.4947412918959,1,19.6908103945512,1,17.662719549184
1,6.99507761446531,1,14.2528676296359,1,13.9030140345619,1,22.1804530881151,1,17.8781185680765
1,5.24630821084898,1,16.4886115715395,1,14.2421119378439,1,22.4067842420755,1,17.231921511399
1,6.58989065630687,1,13.9489587095797,1,8.49884582967124,1,20.6859219855284,1,17.0300586987834
1,5.93090159067619,1,13.0949408294013,1,15.4800406183298,1,19.1616961550158,1,16.8320347604255
1,7.5783742547529,1,16.5110123501147,1,10.3200270788865,1,21.7746547216088,1,17.8221544522152
1,5.76615432426851,1,13.6642860828536,1,19.1224031167603,1,21.9924012688249,1,17.0300586987834
1,7.5783742547529,1,15.6569944699364,1,11.5341479116967,0,20.2504288910962,0,17.0300586987834
1,11.5760270658112,1,10.3923767811055,1,9.48384745514489,1,22.6533802557187,0,16.8871625556561
1,10.0919210317328,1,8.66031398425458,1,8.92597407543048,1,22.4268464531615,1,17.6913131535445
1,10.3887422385485,1,8.3716368514461,1,6.97341724643006,1,23.5595154659474,1,17.0882002051282
1,12.614901289666,0,13.5678252419988,1,13.6678978030029,1,24.0125830710618,1,17.4902755040724
0,29.5337100781593,1,57.4467494288887,1,7.81022731600167,1,25.5983196889621,0,16.8871625556561
1,6.13522474090506,1,18.7380963060366,1,12.3693350748299,1,20.0160818494369,0,16.1723612693956
1,8.18029965454009,1,14.7633486047561,1,11.2448500680272,1,18.2942683570122,1,16.9424737107954
1,6.13522474090507,1,17.0346330054878,1,11.994506739229,1,22.1683487149678,1,16.7499456004455
0,6.32114064214461,1,15.0472591548476,1,10.8700217324263,1,18.2942683570122,1,16.9424737107954
0,7.25072014834235,1,17.6024541056707,1,8.62105171882085,1,18.2942683570122,0,16.5574174900955
1,8.506140157325,1,15.9471464083131,1,11.5767938996983,1,21.4967708544886,1,17.5441098994548
0,5.90221970100102,0,17.7190515647923,1,12.7641573765904,1,23.0807434437667,1,17.5441098994548
1,6.59659848935408,1,13.5846061996741,1,10.0925895535831,1,21.9493344514252,1,17.3401086215541
1,6.42300379226582,1,18.6050041430319,1,12.4673165073674,1,22.1756162498935,1,17.5441098994548
1,6.59659848935409,1,16.2424639343929,1,13.0609982458134,1,21.7230526529569,1,17.1361073436535
1,5.77069791793913,1,13.3934658603139,0,5.60720733538857,1,19.9058199644955,0,16.8809509078398
1,7.44606182959887,1,13.3934658603139,1,10.7268314242216,1,19.9058199644955,1,17.3029746805358
1,8.37681955829873,1,12.500568136293,1,8.53270681472174,1,19.4143182369771,0,16.8809509078398
1,8.00451646681879,1,11.6076704122721,1,11.4582062940549,1,20.1515708282548,1,17.0919627941878
1,7.63221337533884,1,14.2863635843349,1,9.5078733078328,1,20.1515708282547,1,17.5139865668838
1,3.46450092704031,1,9.358075893777,1,51.3624427196758,1,23.823031328841,1,16.7967727354004
0,5.77416821173385,0,6.3393417344941,1,8.77549272597476,1,23.823031328841,1,16.7967727354004
0,5.93914444635482,0,4.82997465485265,1,5.93636272639469,1,24.3142278510852,0,16.5919340435053
1,3.79445339628224,1,8.45245564599213,1,12.647033634493,1,23.3318348065969,1,16.7967727354004
1,4.94928703862901,1,7.24496198227897,1,13.9375472706658,1,24.0686295899631,1,16.5919340435053
1,7.72888911241723,0,17.0032632942515,1,7.23950271578768,1,20.0788630604204,1,17.1654351490406
1,7.57734226707571,1,17.5895827181912,1,12.2166608328917,1,19.2058690143152,1,16.9586226773654
1,6.66806119502663,1,19.6417007019802,1,4.97715811710403,1,20.515360083473,1,17.1654351490406
1,7.4257954217342,1,17.2964230062214,1,9.95431623420805,1,23.7890877563677,1,17.3722476207157
1,7.12270173105117,1,18.7622215660706,0,9.0493783947346,1,19.8606145488941,1,17.1654351490406
1,4.04996182580373,1,34.0929217058265,1,17.73475967054,1,19.4912093526381,1,17.275849128399
1,4.79995475650812,1,32.8395054666417,1,8.86737983527002,1,23.7974067677558,1,17.6473727655688
1,5.39994910107164,1,30.3326729882721,1,13.70413247269,1,20.1711352602882,1,17.4616109469839
1,7.19993213476219,1,40.1093196539135,1,11.28575615398,1,24.7039746446227,1,17.6473727655688
1,6.44993920405779,1,32.5888222188047,1,18.54088511011,1,21.5309870755886,1,17.6473727655688
1,6.5992140746443,1,12.2416763415065,1,11.5450950559303,1,22.6187986136988,1,16.8734217790774
1,6.5992140746443,1,12.9761769219969,1,13.7293022286738,1,21.6353725870163,1,17.2952573235544
1,6.29227388512596,1,12.9761769219969,1,9.67291747929291,1,23.6022246403814,1,17.5061750957928
1,8.28738511699516,1,13.9555110293175,1,9.04885828708047,1,23.1105116270401,1,17.2952573235544
1,9.20820568555018,1,15.6693457171284,1,14.04133182478,1,23.3563681337108,1,17.2952573235544
1,7.36712448171377,1,13.9070724742644,1,13.0325976519581,1,21.2862045133707,1,17.3185067946748
1,7.68743424178829,1,16.6339494300026,1,9.77444823896858,1,19.2696167173672,1,17.3185067946748
1,7.20696960167652,1,14.1797601698383,1,12.3085644490715,1,19.0455514067001,1,17.121705581099
1,6.88665984160201,1,9.54406934508344,1,9.4124316375253,1,20.6140085813695,1,17.3185067946748
1,7.20696960167652,1,13.6343847786906,1,12.6705810505148,1,20.8380738920366,1,17.3185067946748
1,6.24047054482512,1,13.6450509128905,0,10.3556564762312,1,46.6759711988774,1,38.2970047945901
1,5.92044641432127,1,11.7722007875918,1,11.2561483437296,1,21.8133935753548,1,17.1278061644147
1,7.36055500158861,1,13.6450509128905,1,4.05221340374265,1,19.7024200035462,1,17.5127006849633
1,6.24047054482512,1,12.842400859191,1,10.3556564762312,1,21.3442883371751,1,16.742911643866
1,6.40048261007705,1,12.842400859191,1,8.55467274123448,1,21.1097357180853,1,16.9353589041404
1,12.2230899169074,1,19.1933563561489,0,12.7990422292303,1,25.4721603614165,1,17.0101800169174
1,10.0463752741705,1,15.8215505097984,1,14.0064990433086,1,22.9501642860287,1,17.212682159976
1,10.3812544499762,1,15.3028111488214,0,6.03728407039164,1,20.9325674257185,1,17.4151843030345
1,11.2184523894904,1,17.1183989122409,1,8.21070633573263,0,21.9413658558736,0,17.0101800169174
1,33.3204779926655,1,51.6145664172112,1,6.76175815883864,1,21.436966640796,1,17.212682159976
1,7.19506432318684,1,16.9105014442483,1,11.5319611755966,1,23.4330733187007,1,17.5096170838665
1,7.37055369692311,1,18.5738294551579,1,8.64897088169742,1,45.7174665727591,1,40.0507333297635
1,5.96663870703299,0,14.969952098187,1,15.4960728297079,1,24.122281357486,0,17.107097150904
1,7.01957494945058,1,19.6827147957644,1,7.56784952148525,1,25.2709614221282,1,16.7045772179416
1,7.19506432318685,1,19.4054934606128,1,11.5319611755966,1,45.7174665727591,1,40.0507333297635
0,7.59537159310937,1,23.4704969986034,1,11.2546322660147,1,18.7222132332781,1,17.5933612247422
1,9.68037555984528,1,29.4629643173957,1,9.93055788177769,1,22.9880339699744,1,16.972419063869
1,6.55286960974142,1,23.9698692751694,1,10.5925950738962,0,19.907163437916,1,17.8003419450333
1,7.29751388357567,1,18.9761465095091,1,10.5925950738962,1,21.8030837653365,1,17.1793997841601
1,5.51036762637347,1,20.7239494774902,1,9.26852068965918,1,20.8551236016262,1,17.8003419450333
1,7.05698043290678,1,12.082005217685,0,12.0838686174561,1,21.1896695663213,1,17.6511836618333
0,7.21039305101345,1,13.5922558698956,0,9.96919160940127,1,21.8882301014747,0,16.8488571317499
1,7.05698043290678,1,12.3337136597201,1,6.64612773960085,1,21.6553765897569,1,17.0494387642708
0,5.82967948805343,0,9.81662923936904,1,13.2922554792017,1,20.25825551945,1,17.6511836618333
0,5.06261639752008,1,11.3268798915797,0,7.55241788591005,1,23.2853511717816,1,16.0465306016666
1,7.07805554781827,1,16.769585245789,1,8.66791548141042,1,19.791512019686,1,16.5820506442413
1,7.26432016749769,1,14.9909928712357,1,12.2138809056238,1,19.791512019686,0,16.5820506442413
1,7.07805554781827,1,19.0563468702148,1,9.45590779790227,1,17.5924551286097,0,16.0293156227666
1,37.0666593162062,1,50.5628403623033,0,10.2439001143941,1,19.3028327105579,1,16.7662956513995
0,6.70552630845941,0,17.0236698707252,1,7.48592700667263,1,17.5924551286097,0,16.0293156227666
1,10.4335602340893,1,12.3732780784351,1,12.8796533334018,1,21.8902464844272,1,17.0154567811535
0,6.60792148158989,0,11.1948706423936,1,11.7432133333957,1,22.5603560706851,1,17.0154567811535
1,8.34684818727144,1,13.5516855144765,1,10.2279600000543,1,23.4538355190291,1,17.2133109297716
1,8.17295551670329,1,13.5516855144765,1,16.2889733334199,1,23.4538355190291,0,17.2133109297716
1,9.04241886954406,1,15.9085003865594,1,7.19745333337157,1,24.794054691545,1,17.0154567811535
1,7.12942222162999,1,13.5873416140184,1,16.4193915868686,1,19.2006139485193,1,16.7394924220962
1,7.99886395597511,1,13.8704112309772,1,13.6828263223905,1,21.1422490669089,1,17.4918291601679
1,8.86830569032023,1,14.1534808479359,1,16.7614622449284,0,20.0635628900258,1,16.7394924220962
1,8.17275230284413,1,13.3042719970597,1,11.9724730320917,0,19.2006139485193,1,16.7394924220962
1,7.47719891536804,1,11.3227846783487,0,14.7090382965698,1,20.0635628900258,1,16.9275766066141
1,6.92060693739714,1,11.5114526633026,1,7.2570926132631,1,19.7227777711386,1,17.1096016558099
0,7.1027281725918,0,8.95335207145758,1,9.21092523991085,0,18.5488029038089,1,17.1096016558099
0,6.73848570220247,0,8.95335207145758,1,9.21092523991085,1,19.7227777711386,1,16.9083122245651
0,5.82787952622917,0,20.1450421607796,1,8.65268734658292,1,17.1400330630133,1,17.1096016558099
1,7.28484940778646,1,16.307891273012,1,7.81533050659103,1,18.5488029038089,1,17.1096016558099
1,6.73756005414692,0,10.4772473265226,0,8.63962740998095,1,22.2955479490268,1,17.0261766737533
1,4.90004367574322,1,10.4772473265226,1,7.24613911804853,1,20.9840451284958,1,17.4267925954887
1,9.18758189201853,0,16.118842040804,0,10.0331157019134,1,21.6397965387613,1,16.8258687128856
1,6.8906864190139,1,14.5069578367236,0,9.19702272675391,0,20.5468775216522,1,17.4267925954887
1,5.81880186494507,1,17.4620788775377,1,8.08223209320798,1,20.3282937182303,1,17.4267925954887
1,8.86506284634292,1,28.6682522963153,1,12.5301864098908,1,20.254431225245,1,17.6528232748616
1,7.8421709794572,1,24.7140106002718,1,8.59212782392516,1,20.4722208083122,1,17.2470112455544
1,7.16024306820005,1,20.0183485862201,1,9.6661438019158,1,19.6010624760436,1,17.449917260208
1,6.81927911257148,1,16.3112469961794,1,17.5422609738472,1,20.6900103913793,1,17.0441052309008
1,6.98976109038576,1,18.2883678442011,1,10.3821544539096,1,21.561168723648,1,17.6528232748616
1,6.36295059002522,1,16.0737923675651,1,27.9216106229694,1,20.2242690028471,1,17.009452626531
1,5.65595608002242,1,11.2798542930282,1,14.0822036185411,0,19.1130454312621,1,17.009452626531
1,7.42344235502943,1,17.2017777968679,1,12.3826273197516,1,20.4465137171641,1,16.8116682936644
1,5.83270470752312,1,14.6638105809366,1,22.3372884983755,1,20.0020242885301,1,16.8116682936644
1,5.65595608002242,1,11.8438470076796,1,32.0491530628866,1,21.3354925744321,1,16.8116682936644
1,9.61064080072607,1,23.4059285052897,1,10.1394789903594,1,20.7085883340324,1,17.7204294003922
1,8.60953238398377,1,20.9846255564666,1,9.78984178379526,1,19.8366477725995,1,17.5213234520732
1,11.4126359508622,1,25.8272314541128,1,11.88766502318,1,20.272618053316,1,17.3222175037542
1,10.2113058507715,1,23.4059285052897,1,10.4891161969235,1,21.1445586147489,1,17.3222175037542
1,10.6117492174684,1,25.0201304711717,1,9.78984178379526,1,19.8366477725995,1,17.1231115554351
1,16.0776746280601,1,27.7880517324502,1,5.06841832654626,1,20.7779777687804,1,17.2046628073422
1,10.8913279738471,1,24.0329096064434,1,11.4706309495521,0,20.5569354520913,1,17.2046628073422
1,14.8675270754104,1,32.5445650920587,1,8.80304235663298,0,18.3465122851997,1,17.4024175522541
1,12.447231970111,1,30.0411370080542,1,8.80304235663298,1,43.9874210211416,1,39.3531942374838
1,13.1387448573394,1,29.0397657744524,1,13.6047018238873,0,19.4517238686455,0,17.0069080624302
1,40.5258851897985,1,62.0462918120036,1,20.0551140557663,1,22.8775310380603,0,17.3041388518299
1,40.5258851897985,1,62.0462918120036,1,20.3189971354475,1,24.4173648579297,1,18.5401487698177
1,6.72037292092136,1,13.7187780890862,1,17.9440494183172,1,21.7776497381535,1,17.3041388518299
1,40.5258851897985,1,62.0462918120036,1,20.3189971354475,1,24.1973885979484,1,17.0981371988319
0,7.73861124227308,1,18.3956342558202,1,18.9995817370418,0,22.4375785180976,0,17.3041388518299
0,5.31531907468098,1,15.3224295188123,1,11.0899362531527,1,19.2170390305114,1,17.1172009673944
1,5.81363023793232,1,19.6526813393462,1,9.6589767366169,1,20.177890982037,1,16.9181637468433
1,4.98311163251342,1,16.3217184004739,1,10.0167166157509,1,19.2170390305114,1,17.1172009673944
1,33.0546404956723,1,66.2861624835574,1,11.4476761322867,1,20.177890982037,1,17.5152754084966
0,2.15934837408915,1,9.65979252272947,1,11.4476761322867,1,19.2170390305114,1,17.1172009673944
1,8.68043127385298,1,13.9883078651876,0,8.82584103882628,0,23.0712240655499,1,17.2449739510648
1,7.11795364455945,1,10.9712218550491,0,11.5648951543241,1,20.8946934933282,1,17.4209430730145
1,7.11795364455944,1,11.5197829478016,0,11.2605558081577,1,21.5476526649948,1,17.2449739510648
1,4.34021563692649,1,12.3426245869302,1,13.9996099236555,0,20.2417343216617,1,17.2449739510648
1,8.33321402289886,1,13.9883078651876,0,13.6952705774891,0,23.0712240655499,0,17.2449739510648
1,6.6902952233399,1,12.6849619529966,1,16.6269840512423,1,22.2428972976322,1,17.0386802681401
1,6.86184125470758,0,14.3762902133961,1,10.8268733356927,1,22.0269468384319,0,17.2238833145329
1,6.86184125470758,1,12.1211858661967,1,17.4003321466489,1,21.379095460831,1,16.6682741753545
1,8.2342095056491,1,11.8392978227968,1,15.0802878604291,1,22.6747982160328,1,16.6682741753545
1,6.00411109786913,1,12.6849619529966,1,15.0802878604291,1,22.0269468384319,1,17.4090863609258
1,5.4260188284495,1,12.2678573566741,0,4.1947140084907,1,20.7557987346471,1,17.3242612664052
1,7.28636814106076,1,17.7202384040848,1,11.5971504940625,1,22.0806369517523,1,17.1155352270509
1,5.73607704721805,1,13.9035716708973,0,5.92194918845745,1,18.7685414089894,1,17.7417133451138
1,6.20116437537086,1,15.26666693275,1,9.86991531409575,1,22.5222496907873,0,17.1155352270509
1,6.04613526598659,1,14.9940478803795,1,13.3243856740293,1,21.1974114736822,1,16.9068091876967
1,7.41994250657664,1,14.8251813915774,1,80.892482036738,1,21.2835829936092,1,18.0716875801627
1,7.7818909215316,1,14.8251813915774,1,14.633815845842,1,20.348040884,0,18.2619158704802
1,7.05799409162169,1,16.0354002806858,1,6.50391815370758,1,23.3885527402299,1,18.2619158704802
1,7.23896829909917,1,14.8251813915774,1,10.5688669997748,1,20.5819264114023,1,17.8814592898452
1,6.51507146918925,1,14.8251813915774,1,8.94288746134792,1,22.2191251032184,1,18.0716875801627
0,5.25792532647519,1,11.7365514661009,1,10.4409882639408,1,19.6995664604993,1,16.9760713852861
1,7.36109545706526,1,12.0299652527534,1,83.1102665809685,1,19.0355361303701,1,16.9760713852861
1,6.83530292441774,1,16.1377582658887,1,15.0350231000747,1,19.6995664604993,1,16.7690461244899
1,6.4847745693194,1,13.2036203993635,1,15.0350231000747,1,21.0276271207576,1,17.5971471676746
1,4.5568686162785,1,11.7365514661009,1,13.7821045084018,1,18.8141926869937,1,16.9760713852861
1,8.00083487716487,1,23.78062335155,1,28.8897417350924,1,20.4406923313843,1,16.935766397627
1,8.00083487716487,1,17.90541052352,1,12.5188880852067,1,23.2378397030474,1,17.3438571541963
1,8.31459310764193,1,18.74472664181,1,14.1238737371563,1,18.0738753245924,1,17.3438571541963
1,6.58892284001813,1,15.66723420808,1,14.4448708675462,1,19.5800316016418,1,17.1398117759116
1,7.05956018573371,1,15.94700624751,0,4.49395982545882,1,21.731683425998,1,17.547902532481
1,6.11645738602512,1,17.2426838865796,0,14.7457027922871,1,27.426417161516,1,17.2627766260807
1,6.49873597265169,1,13.7941471092637,1,12.9762184572126,1,24.1163323316778,1,17.4483978801246
1,7.45443243921812,1,12.0698787206057,0,5.30845300522334,1,22.2248552860561,1,17.2627766260807
1,6.30759667933841,1,10.6329883967241,1,11.7965622338296,1,47.0504915098421,1,36.9386295547319
1,5.92531809271184,1,16.9553058218032,1,14.7457027922871,1,21.0426821325424,1,17.0771553720368
1,7.08975412913314,1,17.0108314599143,1,9.40901068908372,0,21.2119666777818,1,17.0860844244874
1,6.73526642267648,1,14.7593978843374,1,16.5777807379094,1,24.8915935504583,1,17.4788679744756
1,7.08975412913314,1,14.0089200258117,0,6.72072192077409,1,22.510658515197,1,17.0860844244874
1,5.31731559684985,1,11.2571678778844,1,8.0648663049289,1,23.3764530734739,1,17.6752597494697
0,7.4442418355898,0,18.2616278907903,1,12.545347585445,1,23.8093503526123,1,17.2824761994815
1,6.76630008178791,1,11.6761145908061,1,7.36793066368644,1,22.2789170803377,1,17.0490895932697
1,6.41931033400392,1,14.3706025732998,1,6.23440286927315,1,21.5602423358107,1,17.5990602253107
1,6.24581546011192,1,14.0712150196894,1,7.65131261228977,1,22.2789170803377,1,17.2324131372834
1,8.3277539468159,1,16.4663154485727,1,8.21807650949642,1,21.5602423358107,1,17.7823837693243
1,8.84823856849189,1,12.5742772516373,1,9.35160430390972,1,22.0393588321621,1,17.2324131372834
1,7.13585441840311,1,14.736623861778,1,8.21413235106503,1,25.7783524073285,1,17.657150804418
1,6.48714038036647,1,15.2536983832439,0,7.11891470425635,1,23.5258750125134,1,17.0813741477522
1,7.29803292791227,1,17.3219964691075,1,8.76174117446936,1,24.276700810785,1,17.4652252521961
1,6.3249618708573,1,18.6146827727723,1,5.74989264574552,1,22.0242234159699,1,17.2732996999741
1,6.3249618708573,1,16.5463846869087,1,8.21413235106503,1,24.276700810785,1,17.0813741477522
1,7.53877077010838,1,18.4719616179593,1,10.168982948868,1,20.7836362174714,1,17.1599605559005
1,9.29197327478475,1,22.8831763326958,1,7.83859102308577,1,19.39806046964,0,17.1599605559005
1,7.01281001870547,1,15.1635505819069,1,8.05044483452052,1,20.5527069261662,1,17.1599605559005
1,7.71409102057602,1,17.6448588589462,1,11.863813440346,1,22.1692119653028,1,17.5455776470443
0,6.48684926730256,1,13.5093450638807,1,8.68600626882477,1,21.0145655087766,1,17.3527691014724
0,5.85011958498849,1,13.0844975499821,1,6.57848843371553,1,19.1953728201501,1,16.8239965041579
1,7.35982786498552,1,14.5942472672877,1,7.51827249567489,1,23.1269552050001,1,17.6251391948321
1,10.19053088998,1,14.8458722201719,1,10.337624681553,1,19.4266423722001,1,17.0242821768265
1,5.66140604998886,1,14.5942472672877,1,9.08457926560716,1,21.2767987886001,0,17.224567849495
0,9.43567674998144,0,12.8328725970978,0,14.0967609293904,1,19.1953728201501,0,16.8239965041579
1,7.83054471701056,1,22.1362957945836,1,14.1307067351537,1,20.7855821460319,1,17.9104092672526
1,8.18647856778377,1,10.9244057168075,1,12.3643683932595,1,20.3479909429575,1,17.5210525440515
1,7.65257779162396,1,12.3618275216506,1,13.2475375642066,1,20.3479909429575,1,17.5210525440515
1,7.65257779162395,1,14.3742180484309,1,12.805952978733,1,23.8487205675524,1,17.1316958208503
1,8.72037934394358,1,10.6369213558389,1,12.3643683932595,1,22.098355755255,1,17.9104092672526
1,31.5546786791882,1,57.0872189490511,1,12.4831691024209,1,21.9231897587313,1,17.5381728885794
1,7.29404632785254,1,16.6384859248491,1,11.8374879419508,0,19.9958763733483,0,16.9535671256267
1,11.0996357162973,1,25.2445993342538,1,9.03953624658063,1,21.6822755855584,1,17.3433043009285
1,7.92831122592667,1,18.6465790537102,1,42.830183644513,1,22.405018105077,1,16.9535671256267
1,8.72114234851934,1,17.4990972657896,1,11.6222608884608,1,22.1641039319041,0,17.1484357132776
1,30.3461163933263,1,56.3069109278781,1,11.5639700293291,1,18.9971250342075,1,17.2604710533597
1,6.40470798251107,1,18.6746538755777,1,10.7178258808416,1,18.9971250342075,1,17.047378818133
1,5.79473579370049,1,15.8451608641265,1,11.2819219798333,1,20.1994747199168,1,17.686655523813
1,7.62465236013223,1,17.5428566709972,1,56.1275618496706,1,17.3138354742144,1,17.2604710533597
1,6.09972188810578,1,15.5622115629814,1,12.6921622273125,1,22.3637041541936,1,17.047378818133
1,7.02070564285934,1,14.9210676077258,1,11.9118348830138,1,21.6873812694353,1,17.3611295749848
1,7.53441581184905,1,14.6681681567474,1,11.9118348830138,1,20.6422062684987,0,16.7624699344681
1,8.56183614982846,1,18.2087604704451,1,11.2500662784019,1,22.9938500206061,1,17.3611295749848
1,7.87688925784219,1,17.9558610194667,0,12.5736034876257,1,23.7777312713086,1,17.9597892155016
1,5.99328530487992,1,9.35727968620094,0,10.5882976737901,1,22.732556270372,1,17.5606827884904
1,10.2455939222042,1,20.4374976240644,1,12.9424694877335,1,20.3164321757971,0,17.1531069736083
1,8.78193764760364,1,13.934657470953,1,14.5208194252619,1,20.3164321757971,1,17.1531069736083
1,8.61930917264802,1,11.3799702679449,1,11.6797895377107,1,21.4707749130583,1,16.9439227422228
1,10.2455939222042,1,18.8117875857865,1,62.8183275136331,1,22.8559861977718,1,17.7806596677647
1,10.4082223971599,1,21.3664747887946,1,7.57607970013666,1,22.3942491028673,1,17.3622912049937
1,8.22243564041639,1,14.5874255890639,1,10.9886034838024,1,19.007304643907,0,16.9858286276614
1,8.39738107957418,1,15.1484804194125,1,11.2566182029195,1,21.3304196559401,1,17.4104743433529
1,5.24836317473386,1,16.551117495284,1,12.8647065176223,1,21.5416119297613,1,16.7735057698156
1,6.82287212715402,1,15.4290078345868,1,53.334929104309,1,20.6968428344765,1,16.7735057698156
1,6.82287212715402,1,15.7095352497611,1,10.4525740455681,1,17.7401510009799,0,16.7735057698156
1,9.219260724043,1,15.8999408291923,1,7.90975659415541,1,18.6852650867515,1,15.7787483076621
1,10.5850771276049,1,11.9249556218942,0,9.28536643661722,1,20.1069700390043,1,16.1833315976022
1,10.0728959762692,1,14.9826365505851,1,14.1000008852336,1,19.700768624075,1,16.3856232425722
1,33.9746830386029,1,60.8478504809476,1,11.3487812003099,1,18.6852650867515,0,16.5879148875422
1,9.04853367359776,1,15.5941727363232,1,3.43902460615452,1,19.700768624075,0,16.5879148875422
1,6.81580977867527,1,18.8872255060487,1,9.32086045202585,1,21.374035618928,1,17.0921871988685
1,6.64541453420839,1,14.7173185761419,1,13.4220390509172,1,20.914378938951,1,16.8979577988814
1,7.83818124547656,1,35.0762759398048,1,10.81219812435,1,22.7530056588588,1,16.8979577988814
1,10.2237146680129,1,17.9060709343059,1,7.82952277970171,1,18.8459238790548,1,16.7037283988942
1,33.9086536489095,1,48.8124399442039,1,15.6590455594034,1,19.7652372390087,0,17.0921871988685
1,6.82648063452863,0,9.28269506532049,1,6.41391953627314,1,19.3108582239429,1,16.9890776037025
1,8.19177676143436,1,15.0161243703714,0,9.94157528122336,1,21.0219469273303,1,16.7892061024824
1,8.49517590074675,1,15.0161243703714,1,7.37600746671411,1,20.0441819539661,1,16.9890776037025
1,8.95027460971532,1,14.7431039272737,1,13.1485350493599,1,20.2886231973071,1,16.9890776037025
1,10.1638711669649,1,27.0290238666685,1,11.224359188478,1,20.7775056839892,1,16.9890776037025
1,5.76537458197834,1,9.64884239387459,0,2.17734070001245,1,16.7222181681367,1,16.8621273436921
1,6.88641963958524,1,12.7781966837799,1,17.7816157167683,0,18.3670265125436,0,17.0677630430054
1,6.7262703456414,1,14.3428738287325,1,15.6042750167559,1,20.5601043050861,1,16.8621273436921
1,6.40597175775371,1,12.2566376354623,1,11.6124837333997,1,19.7377001328827,1,17.0677630430054
1,6.7262703456414,1,13.0389762079386,1,17.4187256000996,1,20.2859695810183,1,17.0677630430054
1,5.99187962274369,1,15.6761304420994,1,10.8311526619621,1,23.1637312331602,1,18.6428780503528
1,5.99187962274369,1,15.9101025382501,1,9.69103132912402,1,22.0055446715022,1,18.4357349609044
1,6.91370725701195,1,18.2498234997575,1,9.12097066270496,1,22.0055446715022,1,18.0214487820077
1,5.37732786656485,1,10.5287443267832,1,13.1113953276384,1,22.4688192961654,0,16.9857333347659
1,30.5739498698973,1,46.5604471339966,0,10.5461223287526,1,22.2371819838338,0,17.1928764242143
1,8.3107961974892,1,20.0553340822855,0,8.91583205881769,0,21.0794204802123,1,17.5688198605699
1,8.63044220508494,1,22.0361078188075,0,8.57291544117086,1,21.0794204802123,1,17.0140150228677
1,7.99115018989346,1,15.3509964580457,1,10.6304151470519,1,19.5889564058539,1,17.1989499687685
1,8.95008821268067,1,23.2740914041338,1,10.6304151470519,1,22.1440376761826,1,17.7537548064707
1,8.63044220508493,1,20.550527516416,1,12.0020816176392,1,20.4406501626301,1,17.3838849146692
1,5.7919507165904,1,10.3730885559573,1,5.82160736427706,1,21.4745050937141,1,16.9249078061289
1,6.61937224753189,1,14.7816511922392,1,8.15025030998789,1,44.98343698578,1,38.273371061587
1,7.44679377847337,1,16.3376144756328,1,10.7699736239126,1,20.1182205614795,1,17.1172363039258
1,7.28130947228508,1,13.7443423366434,1,6.98592883713248,1,21.4745050937141,1,16.732579308332
1,7.28130947228508,1,15.300305620037,1,10.4788932556987,1,21.9265999377923,0,16.9249078061289
1,6.76323878925972,1,8.33772270914312,1,95.5619399362014,1,19.8432977434262,1,16.9581812545341
1,5.18035311517766,1,10.9432610557503,1,15.3667441103439,1,18.2091438116146,1,16.9581812545341
1,3.88526483638325,1,12.2460302290539,1,14.4063226034474,1,19.6098471817388,1,16.9581812545341
0,6.90713748690354,0,10.6827072210896,1,8.64379356206847,1,19.3763966200514,1,16.765474649369
1,6.33154269632825,0,12.7671378983754,1,10.5646365758615,0,17.9756932499272,1,16.5727680442038
1,6.39825870691807,1,15.7238758802469,1,12.4970927295057,1,46.416624133908,1,41.7024135245597
1,9.35130118703409,1,19.0932778545855,0,7.32588194488267,1,19.1264481355802,0,16.3456696226918
1,6.23420079135606,1,14.6007418888007,1,17.2373692820769,0,19.3596975030873,0,16.3456696226918
1,6.89043245360407,1,19.0932778545855,0,6.67948059680479,1,18.659949400566,1,17.3934689574797
1,7.54666411585207,1,15.2746222836684,0,14.2208296577134,0,17.7269519305377,1,16.9743492235645
1,6.63831918237672,1,15.2896687113756,1,24.0250508105312,1,21.6716353979031,1,17.2046626296211
1,7.74470571277284,1,17.0205746032295,1,25.7110192884632,0,16.6529408847045,1,17.3937248563202
1,7.58665049414482,1,14.7127000807577,1,21.0746059741501,1,21.8997578757758,1,17.0156004029219
1,6.79637440100473,1,15.5781530266846,1,25.2895271689802,1,25.3215950438658,1,17.3937248563202
1,5.21582221472456,1,15.5781530266846,1,25.7110192884632,1,20.0747780527945,1,17.2046626296211
1,7.04287654664375,1,10.5128426758057,1,14.3025891927699,1,22.5983120530023,0,16.810839959854
1,4.75394166898453,1,11.3428039396851,0,8.85398378600041,1,21.6759319692063,1,17.2110980541362
1,5.28215740998282,1,8.29961263879396,1,12.2593621652313,1,20.5229568644613,1,17.2110980541362
1,5.28215740998282,1,11.3428039396851,1,14.9836648686161,1,45.8884091688517,1,39.8256803810827
1,4.57786975531844,1,7.46965137491456,1,14.9836648686161,1,21.6759319692063,1,17.4112271012774
0,8.62492982744343,1,14.4835711349142,1,13.1259237845832,1,19.1714421014881,1,17.7592575672475
1,8.15447910958288,1,12.4956299987495,1,10.938269820486,1,20.4495382415873,1,17.3509987725982
1,7.68402839172233,1,10.5076888625848,1,9.84444283843738,1,21.9832536097063,1,17.3509987725982
1,7.99766220362936,0,9.08773090818145,1,5.46913491024299,1,17.3821075053492,1,17.1468693752735
1,9.2521974512575,1,14.7675627257949,0,15.3135777486804,1,19.6826805575277,1,17.1468693752735
0,7.0317176908194,1,14.4394486885191,0,12.2213629598166,1,18.968702682272,1,16.8308168440009
1,6.86021238128721,1,13.349678976178,1,13.3582339328228,1,23.1325642466731,1,17.0360707079521
1,8.06074954801247,1,14.4394486885191,1,10.8002742435588,1,20.1253308946056,1,17.0360707079521
1,6.17419114315849,0,11.9874668357517,1,11.0844919868104,1,19.6626796096722,1,16.4203091160984
1,34.1295565969039,1,54.2160431889678,1,8.52653229754644,1,21.0506334644726,1,17.0360707079521
1,6.32051782808971,0,13.8614613691117,1,13.895183055032,0,21.1384954191328,1,17.6210968157898
0,6.32051782808971,0,15.1215942208491,1,12.9889754644864,1,20.0488822531981,1,17.25012635651
1,6.88234163503101,1,18.145913065019,1,5.7393147401219,1,20.266804886385,1,17.8065820454297
1,6.03960592461905,1,15.1215942208491,1,16.0096674329716,0,20.266804886385,1,17.0646411268701
1,5.7586940211484,1,12.0972753766793,1,7.55172992121303,1,22.2281085850675,1,17.4356115861499
1,7.83933630011524,1,13.0737242366239,1,9.37260973827153,1,26.2090906033444,1,16.8867780905018
1,9.3325432144229,0,13.8908320014129,1,13.1216536335801,1,25.2894733891919,1,17.0808789880938
1,7.83933630011524,0,12.2566164718349,1,11.6220360754567,1,25.2894733891919,1,17.0808789880938
1,9.3325432144229,1,15.5250475309909,1,10.872227296395,1,26.8988035139587,1,17.0808789880938
1,7.83933630011524,1,12.5289857267646,1,10.1224185173333,1,45.7509564040836,1,38.6260786208029
1,8.21271060588587,1,15.2464793058103,1,9.22581460315998,1,23.7790049362534,1,17.1131916282367
1,9.93165003502477,1,17.9908455808561,0,10.9342987889304,1,20.4163173695105,0,17.3076597149212
1,8.78569041559884,0,18.2957751669723,1,7.51733041738961,1,20.4163173695105,1,16.9187235415522
1,10.6956231146421,1,15.2464793058103,1,8.88411776600591,1,19.9359334314043,1,17.5021278016057
1,9.16767695540748,1,14.0267609613454,1,8.54242092885183,1,20.1761254004574,1,17.1131916282367
1,6.40073225448945,1,20.1631333478387,1,16.9134550062479,1,19.5737071052497,1,16.7735324094038
1,9.02667369222871,1,24.3528753421948,1,10.9937457540611,1,19.11850461443,1,16.5714416574833
1,8.3701883327939,1,21.7342865957223,1,8.03389112796775,1,18.8909033690201,1,16.7735324094038
0,7.22133895378297,0,21.9961454703695,1,8.03389112796775,1,21.3945170685288,1,17.3798046651654
1,8.6984310125113,1,23.8291575929003,1,11.8394185043735,1,19.5737071052497,0,17.1777139132449
1,6.24286851524353,1,14.3376680462922,0,8.75156550081598,1,18.8731570292066,1,17.2945984772193
1,7.31307454642814,1,16.2677387448316,1,11.7599161417215,1,20.0100941996407,1,17.4867606825217
1,5.17266248405893,1,17.0949119013484,1,6.01670128181099,1,20.6922565019012,1,17.1024362719169
1,35.4951667009561,1,54.8691527156183,1,9.84551118841798,1,19.5553193314671,1,17.2945984772193
1,6.59960385897174,0,16.2677387448316,1,10.392484032219,1,19.1005444632934,1,16.9102740666144
1,15.0229501516386,1,23.9404608769219,1,10.7032028766951,1,20.3015715487082,1,17.1629515115685
1,17.925110976387,1,25.6922019166967,1,16.0548043150427,1,18.9630063916505,1,16.974347648804
1,17.925110976387,1,24.8163313968093,1,15.0513790453525,0,20.3015715487082,1,17.351555374333
1,12.1207893268902,1,19.561108277485,0,17.3927046746296,1,20.0784773558653,1,17.1629515115685
1,15.7058115221676,1,23.0645903570345,1,13.0445285059722,1,18.9630063916505,1,17.1629515115685
1,4.26011043170507,1,12.0891694804552,1,13.6537376020431,1,21.4799261926776,1,17.1993561758985
0,4.7926242356682,1,15.7684819310286,1,13.6537376020431,1,21.4799261926776,1,17.1993561758985
1,6.03515644491551,1,14.4544417701095,1,12.3216656408682,1,21.4799261926776,1,16.8294775484598
0,5.85765184359447,1,14.9800578344771,1,13.9867555923368,1,21.0545811195553,1,17.0144168621791
1,4.43761503302611,1,11.5635534160876,1,10.3235576991058,1,20.8419085829941,1,16.4595989210211
1,6.81691828288781,1,15.0754357386199,1,9.53526899601576,1,20.1154992579598,1,17.3146756049641
1,7.60958319950267,1,11.5421304873809,1,7.24680443697198,1,20.7860158998918,1,17.1222903204645
1,9.03638004940942,1,15.5465431054518,1,8.00962595665324,1,20.7860158998918,1,17.6994461739633
0,6.18278634959592,0,12.0132378542127,1,8.7724474763345,1,22.5740602783771,1,17.3146756049641
0,4.5974565163662,1,13.8976673215402,1,9.91667975585639,1,21.0095214472024,1,16.9299050359649
1,6.326400403542,1,16.8837312321074,1,7.99631321228132,1,21.0352840089488,1,17.2065843864027
1,8.2243205246046,1,24.6762225700031,1,10.5405946889163,1,20.3014950318925,1,17.2065843864027
1,6.5372804169934,1,20.7799769010553,1,9.81365712416344,0,22.2582656373761,1,16.6199962823208
1,6.326400403542,1,15.9096698148704,1,13.4483449479277,0,20.3014950318925,1,16.6199962823208
1,6.7481604304448,1,20.1306026228973,1,10.9040634712927,1,48.6746688114049,1,38.9103442374334
1,6.39128267796348,1,12.0277666278141,1,10.7859913113582,1,18.855197266371,1,17.2938706488547
1,5.21394113202285,1,13.8319316219862,1,15.8419247385573,1,21.0032577144386,1,16.9219594521051
1,5.04574948260275,1,13.8319316219862,1,10.1118668543983,0,19.5712174157269,1,16.9219594521051
1,5.38213278144294,1,5.71318914821169,1,12.8083646822378,1,20.0485641819641,1,17.2938706488547
1,6.72766597680367,1,9.02082497086057,1,7.0783067980788,1,18.3778505001338,1,16.9219594521051
1,6.57869858774427,1,14.5298594233905,0,17.5142617946428,1,23.9107012929597,1,17.569690983859
1,7.56550337590591,1,16.854636931133,1,15.1790268886904,1,25.0385645614956,1,17.3722787256134
1,6.90763351713148,1,16.5640397426652,1,13.4276007092261,1,21.4294021021809,1,17.569690983859
1,8.55230816406755,1,19.7606088158111,1,14.5952181622023,1,22.1061200633024,1,17.7671032421046
1,5.59189379958263,1,12.7862762925837,1,8.75713089732139,1,22.5572653707167,1,17.7671032421046
1,34.4160736138227,1,48.2019033797933,0,9.34965135720856,1,21.2333586485747,1,17.2226603902053
1,8.99314486391347,1,19.135428979918,1,6.67832239800611,1,20.2457605718968,1,16.8356343140209
1,9.68492523806066,1,15.7443402999325,1,8.54825266944782,1,21.7271576869136,1,17.0291473521131
1,10.3767056122079,1,20.3465320799128,1,13.089511900092,1,17.5298658610326,1,16.8356343140209
1,8.99314486391347,1,18.893208359919,1,5.60979081432513,1,20.2457605718968,1,16.8356343140209
1,3.04217199532111,1,6.76633716424435,1,13.1807739515283,1,19.3276317479962,1,17.1472482125786
1,4.73226754827728,0,6.17796001952745,0,11.3833956854108,1,19.3276317479962,1,16.9381354294983
1,4.73226754827728,1,12.0617314666965,1,8.98689133058751,0,19.3276317479962,0,16.9381354294983
1,3.54920066120796,1,8.8256571707535,1,11.3833956854108,1,20.100737017916,1,17.1472482125786
1,3.88721977179919,1,6.76633716424436,1,10.1851435079992,1,51.2826495713499,1,41.613443832965
1,7.40581746223889,1,12.3543825487861,1,12.1185895698286,1,26.7714141993295,1,17.6068000522158
1,7.03552658912695,1,20.2738585415977,0,6.24290977839654,1,27.8596830692209,1,17.0263560944505
0,6.10979940634708,1,12.987940628211,1,12.8530495437576,1,27.2067217472861,1,17.4133187329607
1,6.29494484290306,1,12.0376035090736,1,9.91520964804157,1,26.5537604253512,1,17.8002813714709
1,7.22067202568292,1,11.0872663899362,0,2.57060990875152,1,43.3131010216794,1,38.5027825317687
0,8.15924411586159,0,13.3304283165074,1,11.5719184097668,1,21.7280514591705,1,16.8834723186846
1,7.67928857963444,1,16.0509238913048,1,12.5781721845291,1,23.6382098292075,1,17.0797917642507
0,7.35931822214967,1,14.1465769889466,1,7.04377642333631,1,22.9219004404436,1,16.6871528731185
1,7.67928857963444,1,13.6024778739871,1,8.80472052917039,1,22.683130644189,1,17.2761112098168
1,8.31922929460397,1,20.4037168109807,1,7.04377642333631,1,23.1606702366982,1,17.0797917642507
1,5.8878850252397,1,11.4222464136845,1,7.52727883577543,1,19.4169042596438,1,16.8245956927883
1,6.8078670604334,1,15.3298570288923,1,11.8851771091191,1,20.71136454362,1,17.1943670266957
1,6.25587783931718,1,15.9310278927705,1,6.73493369516749,1,20.4956211629573,1,17.009481359742
1,6.8078670604334,1,17.4339550524658,1,78.83834149049,1,20.4956211629573,1,16.8245956927883
1,7.35985628154963,1,18.9368822121611,1,8.31962397638337,1,19.8483910209692,0,16.4548243588808
0,11.7303465697312,1,23.1401987339259,1,18.9312061103522,1,20.9844531165746,1,18.2848332496768
0,9.41732048555883,0,14.8554362242487,1,12.3203087384832,1,20.5075337275616,1,17.4537044656006
1,12.391211165209,0,13.712710360845,1,12.3203087384832,1,21.2229128110811,1,17.6614866616196
1,9.74775278329773,1,21.1404284729694,1,10.5173367279734,1,20.5075337275616,1,17.6614866616196
1,10.573833527645,1,16.2838435535034,1,9.61585072271858,1,22.1767515891073,1,17.8692688576387
1,11.4166848849933,1,33.8809958472736,1,7.49155120118659,1,20.224202556773,1,17.1656379576341
1,5.70834244249663,1,42.4998456680712,1,8.04648091979301,1,21.5876319426229,0,17.5513826308394
1,8.56251366374495,1,41.3110387962371,1,8.87887549770263,1,20.678679018723,1,17.3585102942368
1,4.19731061948282,1,46.6606697194908,1,8.04648091979301,1,18.6335349399482,1,17.5513826308394
1,6.71569699117251,1,45.1746611296981,1,9.71127007561225,1,20.451440787748,1,17.744254967442
1,6.75968736350639,1,12.7767849734991,1,11.8557894538428,1,20.3442918592496,1,17.3824257509254
1,6.40391434437447,1,14.2978308036775,0,3.52469416195326,1,21.2690323983064,1,17.8063873546065
0,6.75968736350639,1,17.0357132979988,1,8.01066854989377,1,21.7314026678348,1,17.8063873546065
1,6.04814132524256,1,13.6894124716061,1,9.29237551787677,1,21.2690323983064,1,16.9584641472442
1,6.40391434437447,1,15.5146674678203,1,63.7649216571544,1,21.2690323983064,1,17.5944065527659
1,8.24554277770251,1,16.7600168660726,1,9.63398537746301,0,19.847755806815,1,17.6589343871422
1,7.32937135795779,1,14.130994612571,1,8.61988165351953,0,19.4115413934784,1,18.2225173994978
1,6.59643422216201,1,14.7882501759464,1,9.63398537746301,1,43.403334126991,1,37.3843398195882
1,6.04673137031517,1,11.5019723590694,1,8.1128297915478,1,20.2839702201516,1,18.4103784036163
1,9.34494848139618,1,30.8910114786435,1,9.63398537746301,1,20.7201846334882,1,17.8467953912607
1,8.66155599072438,1,12.0517923029032,0,8.23043631988197,1,21.1092554920294,1,17.2039634739686
1,9.49439791290942,1,15.3852667696636,1,10.2880453998525,1,18.8475495464548,1,17.3972664343502
1,7.99528245297635,1,10.5132656259368,1,10.8759337084155,1,20.85795483141,0,17.0106605135869
1,8.16185083741336,0,14.8724245440082,1,15.5790401769194,1,23.1196607769846,1,16.8173575532052
1,33.1471085029645,1,51.0278014527177,1,8.23043631988197,1,20.1040528495518,1,17.3972664343502
1,9.2465158183386,1,16.0792121681689,1,12.0269041244181,1,20.846978744822,1,17.1299966424776
1,9.80130676743891,1,18.7590808628637,1,15.0336301555226,1,18.8849101570741,0,16.9210942443986
1,8.50679455287151,1,16.4141957550058,0,10.6602104739161,1,20.846978744822,1,16.9210942443986
1,13.3149827784076,0,21.4389495575585,1,5.46677460200823,1,20.846978744822,1,16.9210942443986
1,10.1711674001725,1,20.0990152102111,1,9.293516823414,1,21.337495891759,1,17.1299966424776
1,6.8606489065007,0,14.4478824809125,1,13.1447187638637,1,23.2270788889927,0,17.2942764400601
1,6.33290668292372,1,12.5633760703587,1,9.52992110380115,1,42.7980435084217,1,38.6692248491231
1,4.92559408671845,0,14.1337980791535,1,9.85853907289774,1,21.7216200721135,1,17.0999587272504
0,7.03656298102636,0,13.5056292756356,1,7.22959532012501,1,42.7980435084217,1,38.6692248491231
1,9.14753187533426,1,14.7619668826715,1,65.3949758502217,0,21.2914889815766,1,17.2942764400601
1,5.2839161971194,1,13.9849379407329,1,5.35279470568213,0,20.9685869209465,1,17.7645016059504
0,3.34648025817562,1,9.9892413862378,0,5.76454814458076,1,48.5203348519577,1,40.1719979498196
0,5.98843835673532,1,10.8771739539034,1,10.2938359724656,1,21.2124076990971,1,16.9570242602253
0,5.81230781683134,1,12.2090728054018,1,8.23506877797251,1,19.9933038083444,1,17.1588935966566
1,4.57939403750348,1,11.0991570958198,1,8.64682221687114,1,20.2371245864949,1,16.9570242602253
1,5.1315336189939,1,14.9964720220178,1,9.9464860811087,1,21.0459874220125,1,16.8283924977709
0,6.51843459710036,1,18.0426304014902,0,9.30477730168234,1,21.4985893020557,1,16.6393094359982
1,5.68629401023648,1,12.8875931439215,1,63.8500235529236,1,20.3670846019475,1,17.2065586213163
1,5.68629401023648,1,15.4651117727058,1,11.2299036399614,1,20.1407836619259,0,17.0174755595436
0,5.96367420585777,1,15.2307918973618,1,8.98392291196915,1,21.0459874220125,1,17.0174755595436
1,5.71771221132836,1,15.4289088826452,1,10.1559519767446,1,20.4724024436677,1,17.1326755772792
1,34.4795372743741,1,47.9742635569749,1,11.0520653864574,1,18.402159499926,0,16.1701657133871
1,6.06424022413614,1,15.1878321813539,0,11.6494743262659,1,20.2423754499186,0,17.1326755772792
1,8.31667230738671,1,33.509661479495,1,9.25983856703187,1,19.7823214624204,1,17.517679522836
1,8.14340830098282,1,14.7056787787712,1,11.0520653864574,1,19.5522944686714,0,16.7476716317223
1,8.52388770082862,1,16.0004947192317,0,2.1794773282108,1,18.8363220068912,1,16.8087048485906
1,5.52474202831485,1,15.3196226035198,0,3.11353904030115,0,20.7199542075803,1,16.9914081621622
1,5.99829134502755,1,16.3409307770877,1,4.98166246448184,1,20.9554082326665,1,17.1741114757338
1,5.84044157278998,1,14.2983144299518,1,7.47249369672276,1,22.1326783580972,1,17.1741114757338
1,6.94538997845295,1,16.3409307770877,0,5.91572417657219,1,18.3654139567189,0,16.8087048485906
1,9.01324381361953,1,14.584174731853,1,8.24089312379729,1,24.5214539800565,1,17.722738072256
0,5.00735767423307,1,12.6209204410267,1,8.24089312379729,1,28.1351419350121,1,18.1165766960839
0,4.6735338292842,1,14.8646396305425,1,10.0722027068634,1,27.1026596621677,1,17.525818760342
1,8.17868420124735,1,17.6692886174373,0,11.2930757622407,1,29.94198591249,1,17.722738072256
1,8.34559612372178,1,17.9497535161268,1,10.682639234552,1,28.3932625032233,1,17.9196573841699
0,8.36169814468512,1,15.4978092452265,1,9.90294147551168,0,19.5723264755214,0,16.7880678761008
1,5.37537737872615,1,6.140641399052,1,11.1946294940567,1,21.0588322837889,1,17.360388371877
1,8.56078619574905,1,12.8661057884899,1,10.33350414836,1,21.554334219878,1,16.9788413746928
1,9.35713840000478,0,14.9129862548406,1,12.0557548397533,1,49.3024426408704,1,37.9639262198188
1,7.5653459404294,1,14.3281632644547,1,12.0557548397533,1,21.3065832518334,1,17.360388371877
1,5.98373459367016,1,10.9495553573381,1,12.697466047033,1,22.4212564019864,1,17.1058553762956
1,7.03968775725901,1,15.0238085135569,1,10.9659934042557,1,20.9901123763277,1,16.7299025108825
1,7.74365653298491,1,16.8062942694026,1,12.1203084994406,1,47.4662768510137,1,37.4073101086024
1,6.51171117546458,1,12.7320411131838,1,11.5431509518482,1,21.705684389157,1,17.2938318090021
1,9.15159408443671,1,15.5330901580842,1,13.8517811422178,1,22.1827323977099,0,17.1058553762956
0,4.44819551747165,0,14.6172503705372,1,6.85830496392981,1,21.3864594289224,1,17.0960006550866
0,5.5218978837579,1,17.0947504333401,1,9.54198951503278,1,20.9671170871789,0,17.0960006550866
1,6.28882814539095,1,16.8470004270598,1,9.54198951503278,1,22.854157625025,0,16.9039107600857
0,5.98205604073773,1,16.8470004270598,1,10.7347382044119,1,21.1767882580507,1,17.4801804450886
1,6.59560025004416,1,17.3425004396204,1,5.96374344689549,1,41.7245630034859,1,38.2258891051937
1,7.84641069253591,1,13.5321184476363,1,10.6828604179274,1,20.0536868222432,1,17.1842539371012
1,6.63927058599193,0,9.1081566474475,0,7.12190694528495,1,49.2676997237826,1,40.2313709821547
1,12.8258636320299,1,6.50582617674821,1,6.72624544832468,1,18.8158049196356,1,17.3864216304789
1,9.80801336566989,1,9.88885578865728,1,18.5960903571329,1,21.2915687248508,1,16.9820862437236
1,8.9026582857619,1,12.2309532122866,1,7.12190694528496,1,20.0536868222432,1,17.1842539371012
1,6.06710529348927,1,15.1473697809574,0,14.5365613585295,1,23.593392177553,1,17.4071081715914
1,3.53914475453541,1,12.4158768696372,1,7.26828067926474,1,20.8176989801938,1,17.6005204846091
0,6.23563599608619,1,15.8923223931356,1,12.3001673033711,1,20.3550834473006,1,17.2136958585737
1,6.57269740128004,1,14.6507347061719,1,10.3433225051075,1,26.8317009078053,1,17.7939327976268
1,7.07828950907081,1,14.6507347061719,1,10.6228717620023,1,21.280314513087,1,17.2136958585737
1,6.16101068284775,1,11.9018572874836,0,15.9570597135065,1,25.0587329553076,0,18.030920574905
1,7.82614870523903,1,14.7479535953601,0,6.50102432772487,1,23.1494961587128,1,17.0718290549633
1,5.82798307836949,0,11.1256492035172,1,11.5245431264214,1,23.8654599574358,1,16.8800107509749
1,6.99357969404339,1,11.9018572874836,1,8.86503317417028,1,22.4335323599897,1,17.2636473589516
1,5.49495547389123,1,12.4193293434611,1,20.980578512203,1,24.1041145570102,0,17.45546566294
