"Homo_cov","Homo_len","Heter_cov","Heter_len","Asym_cov","Asym_len","Bimo_cov","Bimo_len","Bimo.fix_cov","Bimo.fix_len"
1,5.12450163084915,1,11.7616595267477,1,9.14312667566043,1,26.6542038098967,1,26.1396592998527
1,9.68358894293413,1,16.1946621162146,1,9.12906827246494,1,26.758245301564,1,26.1208184352574
1,7.1898439644547,1,12.9900829815573,1,12.296589942336,1,25.9161342462949,1,25.4909098307528
1,7.73474157153261,1,13.5082823077689,1,11.3900660653133,1,30.071198797717,1,28.944398715448
1,5.86316906277702,1,11.0235387575399,1,13.1807673443484,1,25.097643238785,1,24.7973498204478
0,6.01463046130055,1,12.784291886904,0,11.2254301294236,1,27.2272097106315,1,26.6869874993426
1,7.06143911571466,1,14.7242142342577,1,10.7619371587902,1,26.3076248409017,1,25.8454517873052
1,7.26297232506156,1,16.5287180893863,1,10.1658569121479,1,26.5598990997172,1,25.7438398757996
1,7.20271460636736,1,13.3135259148227,1,13.028731766886,1,27.5683066679304,1,27.0286139104878
1,8.92549851651052,1,18.9295505974901,1,10.8126907490932,1,25.9441392177531,1,25.2261449818119
1,6.39928666224985,1,11.816996776079,1,11.9277259707323,1,25.5659337217027,1,25.1669063121323
1,5.85047988247734,1,12.3120773354226,1,11.9022373854041,1,27.1491078536667,1,26.6369011116411
1,7.19939772299971,1,14.0980686752036,1,11.5204413637565,1,28.275478285726,1,28.8378974725766
1,6.17114081810016,1,13.1728841489366,1,10.9223515033165,1,26.6395944231978,1,26.2077135662469
0,9.15427670962159,0,14.0379351927161,1,10.7102822349356,1,26.9613494682634,1,25.7559709238072
0,6.01050629009296,1,10.9182539200536,1,10.9686967696427,1,27.9546072881617,1,26.4268053034398
1,6.73358368163176,0,13.7300343483261,1,13.3553541391572,1,25.7755124892746,1,25.6413713029997
1,5.52341744643164,1,10.3476320222544,1,9.02507692597592,1,24.6898304423501,1,24.7336658675061
1,9.945110301783,1,18.5962893739785,0,11.5995796708835,1,29.0373338323694,1,28.1680049971039
0,4.61668052447056,1,11.2054985900183,1,9.03155275354808,1,24.2373090052231,1,23.8091539285289
0,4.77542027123622,0,11.1689015679477,1,10.7796231231132,1,26.7763835596235,1,26.3138017725381
1,3.78909471854564,1,10.1174189296272,1,11.963865450458,1,26.2521188697955,1,25.702707176735
1,4.17201865786168,1,11.565766673327,1,13.3430827201733,1,28.003092684778,1,27.6307334657355
1,5.25768138830335,1,10.3007974114023,1,9.89323872452933,1,25.6550270453788,1,24.5647387661987
1,8.92200940676485,1,13.4255990139121,1,11.6276508937728,1,28.3548115984319,1,28.0255750272637
1,7.51001023036147,1,11.8474012095124,1,13.3472523084709,1,28.6499323162757,1,27.7433724384047
1,7.93536278762932,1,13.7990392757695,0,12.3050128350053,1,27.4444600988976,1,26.1247332174237
1,4.41286409260142,1,11.0970287516238,1,12.3635252644669,1,27.6904548610833,1,28.2088435841098
1,6.22090359106104,0,13.3696535207223,1,13.7705726355962,1,27.2740368045788,1,26.4346505125335
1,4.16309419079681,1,10.4228921285337,1,11.0617570452927,1,27.2084800607526,1,27.4611807844576
1,4.42389741368361,1,12.532971237647,1,9.52234702463834,1,27.1279263729122,1,26.219766216416
1,10.6432607765897,1,16.9893628835871,1,9.88665370285355,1,27.0590671474276,1,28.0558136031311
1,11.9180139148672,1,26.6244427715054,1,11.5686509125198,1,28.4844655565513,1,28.5619771634993
1,7.57599623000493,0,15.8043689925114,1,10.7091285993229,1,27.8609520723372,1,26.7416471439332
1,10.5944276950392,1,22.5811405080252,1,13.873552993348,1,26.6065288375719,1,27.1208944269757
1,7.23679928305066,1,13.8436088042224,1,15.3921595233044,1,26.7661601773462,1,26.1835901514912
1,5.21587782548135,1,10.8968895978144,1,12.4108150223525,1,25.6659447614319,1,24.5491155832696
0,6.37796220851149,0,13.6646072213002,1,12.2746771621444,1,26.8106488617751,1,25.5851383810185
1,5.75698003601326,1,12.1780408312782,1,14.266987306971,1,28.7632202683321,1,27.7210890056663
1,5.02476235986824,1,11.5328389872415,1,13.234234885797,1,28.7937025983688,1,27.9185387487747
1,7.82729006889475,1,15.188968209619,1,11.4190261767681,1,25.8103287340906,1,25.8946975920625
1,12.5519977962806,1,22.4675330218085,1,10.9739382810878,1,25.6362746367745,1,25.0086312715342
1,8.10065729983838,1,18.1284191125681,1,11.7088364240525,1,33.036260114435,1,27.3607965986631
0,5.56590523882919,1,12.4035112919061,1,14.7867482439088,1,25.5294559764973,1,24.6090243484707
1,7.67656874835269,1,18.5992516956924,1,11.6354141147071,1,27.0723887399404,1,26.4747793020285
0,7.7054281532156,0,12.6620965942015,1,11.3103632119333,1,27.6735068154743,1,25.6298080439144
1,6.15873279683603,1,11.8082394758458,1,11.0671272596579,1,26.3038167166321,1,26.151836618464
1,6.34991995367765,1,14.4931353527989,1,13.3886706005237,1,27.7179093273419,1,27.0873256348217
1,11.1138762413946,1,19.9197541043359,1,11.9080876538325,1,26.0188441563706,1,25.7685814219228
0,7.37712071757175,1,14.3175322891808,1,11.3686941873991,1,25.0312168884959,1,24.8492770622867
1,10.2134378116279,1,19.5194755027349,1,12.6417315109993,1,27.8577475072836,1,27.5102077400232
1,8.40901020987004,1,13.8049842554309,1,9.33647033266297,1,25.0922978985155,1,24.9113116373095
1,7.97289564641793,1,14.7727636294718,1,11.8662039461749,1,28.5747915131448,1,27.5384609835528
1,6.93730514984101,1,12.8908313183339,1,10.242010993692,1,26.0710229192275,1,25.7139955466223
1,3.96640261912035,1,10.775296807237,1,12.3319801012506,1,28.471493078613,1,27.2973519780491
1,5.243398650468,1,11.2325808858575,1,11.868754770736,1,28.4050164816024,1,26.195208779248
1,6.84582254605762,1,12.6533490317173,1,10.9228382313801,1,28.7627748442796,1,26.8404730951277
1,5.27004429011995,1,12.7433234145777,0,12.2370107148238,1,28.9090453801567,1,28.2053007750771
1,8.11897054733305,1,13.026103492624,1,11.4349476879424,1,25.6511148219939,1,24.644053020964
1,10.2303010667148,0,19.4817590966077,1,13.2350807372485,1,26.1701026432711,1,25.8309931232109
1,7.66122350508365,0,12.212156147918,1,10.0182861471542,1,29.4637101512822,1,26.4024079048398
0,9.63366801894729,1,15.4233765933367,1,9.09535719014108,1,24.9574208204014,1,24.5770419010456
0,6.64616841793707,1,12.9110272712529,1,16.8637034137891,1,28.2696958116998,1,27.4634296088405
1,7.4261068534594,1,12.2791575681248,1,16.7809520509688,1,28.8961277980758,1,27.8737850227734
1,7.65170789817512,1,13.0713468982069,1,9.74348517201182,1,27.0478967937912,1,25.5979897346113
1,5.75366642751718,1,11.7623008317092,1,14.3478885892036,1,27.011586266241,1,26.113235041315
1,8.66856235984856,1,12.3306388910575,1,10.1875405734466,1,25.0837345217285,1,24.0798723458093
1,5.41132262216501,1,13.3641026816014,1,11.3837590649873,1,27.0898834640221,1,26.5665335609193
1,6.74615474733366,1,14.4305032030561,1,10.2862373378772,1,25.5712337827081,1,25.0988068168833
1,7.6262974932175,1,16.3638764586467,1,11.9327160641735,1,30.6613392644781,1,27.6090019310326
1,6.76090939757826,1,11.5164694802102,1,12.0266911243615,1,26.9054067887784,1,25.3983375054993
1,3.3031810652678,1,10.5690598673049,1,11.5665223944727,1,27.2816930804019,1,27.2162698065837
1,5.13044139408424,1,10.8673621528673,1,11.1785427092774,1,27.6635921358231,1,27.3629830895754
1,6.95246246093927,1,14.5826129166117,1,10.7676766351372,1,29.3361204488143,1,28.7404605183597
1,5.21179645971371,1,12.0533679665541,1,12.7498327460173,1,27.0412012728272,1,26.8980544986396
1,6.67362639074683,1,13.2315359076001,1,17.1669749997194,1,27.3563432711737,1,27.0427389594917
1,5.42848331148998,1,11.8207795708505,1,13.0106506587639,1,26.9411150621764,1,26.5668457439363
1,6.68980560703144,1,12.119879738035,1,12.056850771609,1,27.2757270610684,1,26.4392326207514
0,4.4368877459073,0,11.4251975009819,1,11.7512043885212,1,25.5996925496189,1,25.8148414920536
1,5.49067804499137,1,12.6214179128267,0,12.2670525114426,1,30.0957324633338,1,29.6804355415874
1,10.1545135902732,1,17.3715816457809,1,12.5208731475051,1,26.6827406820398,1,25.5531112383821
1,5.82527186921592,1,13.3103362227847,1,12.9581256458262,1,27.1605067859642,1,26.7360893304345
1,5.37850832750905,1,12.4604896923531,0,16.2520116739803,1,28.341916615464,1,27.2999673115302
1,5.28652430721135,1,13.638234928775,1,12.386333018834,1,27.4672241528544,1,26.9992850664418
1,7.10647319120405,1,16.4260017181878,1,13.7169584437009,1,28.7546136086684,1,27.6722334220399
1,5.42189086126191,1,13.7332361178637,1,14.9345010772031,1,26.5241094832221,1,25.7331596142788
0,5.15016898714962,1,11.4333193312197,1,14.7192647409239,1,29.037342312687,1,26.6942818417973
1,6.53372975819179,1,13.2343580745122,1,14.9744234344878,1,27.7825004480954,1,26.3455995919068
1,5.85577572763905,1,11.5223701945136,1,15.9906332766512,1,27.7041918502677,1,26.2363527125385
1,7.10717036754034,1,14.7041086963267,1,14.1535276848396,1,26.7035045978435,1,26.2918113458517
1,8.33817743923052,1,17.0432219296292,1,12.6359370523431,1,26.1484419798711,1,26.561848670255
1,7.65079565445633,0,13.8700075273977,1,11.398516033186,1,25.7376127079459,1,25.5339531148686
1,4.86653400151442,1,11.3747741079194,1,12.1258392462768,1,27.1473519096523,1,25.756551210974
1,5.19734814030188,1,10.4557780733821,1,20.0588828967034,1,26.5430816593022,1,26.2640280277789
0,4.97710849433267,1,11.7570241009286,1,11.3166476736236,1,29.1686027691725,1,26.7031086785706
1,6.39931153362916,1,12.7900878697553,1,12.4661143850637,1,25.3564142162194,1,26.0429899330326
0,3.62796724820174,1,10.5700407024046,1,12.6937794017912,1,26.0928604166427,1,26.0699957487694
1,5.17419934019822,1,11.94261292334,1,13.212785015176,1,27.7645677756873,1,28.198155763388
1,6.53206827921156,1,15.5755965244244,1,12.0089504076883,1,25.1634620447576,1,26.0335925880712
1,6.43524399320148,1,13.686740316109,1,12.0937765060184,1,26.8525759730026,1,25.7031563342183
1,12.6846798269576,0,25.5697322916914,1,13.0258285805596,1,27.5853917923928,1,27.7189712509329
1,4.40861951940779,1,12.1094153894902,1,12.1535283849566,1,27.3353602395002,1,26.8147060627489
1,3.73731434019892,1,10.8729720051197,0,12.2961239538486,1,25.9707696116191,1,26.4614909775576
1,12.5695237313102,1,23.4609763164199,1,12.7977332744575,1,26.9667924954222,1,25.9973699428086
1,7.0335609057608,1,12.6939419016484,1,11.6017761277003,1,26.1001395622261,1,25.0883337180609
1,9.48042811518135,1,21.5408526864382,1,12.4408275943034,1,26.7178765377272,1,26.7929393445121
1,6.93494821603739,1,15.2004969676976,1,12.1625381062947,1,24.9154130944077,1,24.544036280893
1,8.58948452685008,1,12.0125714619246,1,11.2115362410164,1,24.5453771354529,1,23.9624613903255
1,7.70605296273625,1,14.5791976222056,1,12.7421568884778,1,26.6798227929534,1,26.1165230826094
1,4.88130095667045,1,10.5215593067796,1,12.0073068498343,1,27.3342282441089,1,26.2564890697154
1,5.0865346064105,1,11.5820437525959,1,11.6014024354491,1,26.210969027949,1,25.494532999259
1,4.18177233164703,1,10.5019591700357,1,9.46388299445088,1,26.6470767805778,1,27.0028316452509
1,6.49371228305844,1,13.8799532484568,1,8.53885108542614,1,25.5991141752418,1,25.4929139578402
1,5.4678027341175,1,12.2575410061706,1,11.7177595873503,1,27.3345417249537,1,26.0569060181591
1,10.1663560132548,1,19.9432469640054,1,9.92675442699869,1,27.10319152218,1,27.0921267112908
0,12.4232506555013,0,22.8346724752946,1,11.2522577264095,1,27.3294645565003,1,25.9227314492658
1,5.7496514836335,1,14.0677620974789,1,11.4362485330414,1,27.601387903286,1,26.6735298737946
1,6.00014809065457,1,12.4277106298973,1,11.1395532654228,1,26.469274757311,1,26.0073932072966
1,6.26583716206624,1,12.3971184312976,1,11.1554161363641,1,26.1901291766092,1,26.3099593934363
1,4.79547536535507,1,11.3261874999758,1,12.2725485191881,1,25.0298978236882,1,26.4371975078363
1,5.44016594111659,1,11.8271935607532,1,11.1089771839858,1,27.1113565240581,1,26.8644809873803
1,6.33913225723361,1,10.9127149852224,1,11.7782268015385,1,29.0863490282776,1,27.7734836204151
1,8.33976637866099,1,13.3355833588706,1,13.350119188464,1,30.0507538772573,1,29.2706682780079
1,7.78645418506864,1,16.7960875437165,1,11.3827985209168,1,28.2290091579629,1,28.2820587853632
1,6.89752527727039,1,12.4720455975851,1,11.3348046701463,1,28.7907479630961,1,27.4090689716426
1,5.79864624215539,1,12.2591046716236,1,10.4015555794448,1,25.8901142742745,1,25.5220404299842
0,8.11881308520749,0,14.6434416430533,1,11.951595995364,1,27.2957140777196,1,27.1678615271505
1,3.90615362611756,1,9.52286839972601,1,10.5688266374209,1,25.5776303925732,1,24.6871679283427
1,5.72007917514791,1,12.0576538408698,1,11.3088121168165,1,25.9343630041642,1,26.0851330450406
0,4.788708455741,0,11.5066325112883,1,9.8730806224591,1,28.2335138667626,1,27.459412173447
1,6.99978987944983,1,15.3112625726462,1,11.5511945942345,1,29.4069591250449,1,26.9318284383524
1,5.29839023369585,1,10.879720171381,1,10.1795683139251,1,26.0938507731527,1,25.4015255202375
1,5.78978173387647,1,11.1564419855569,1,13.2295939651044,1,26.5436761933698,1,26.5488922834898
1,4.0639189273311,1,11.3324830546203,1,14.5567554572837,1,26.6231673056858,1,26.264144806083
1,6.40331365632335,1,12.1404415863473,1,9.54204546279875,1,26.3087340853634,1,25.7129349585828
1,3.85267930102209,1,11.2495957546505,1,12.3671908466558,1,27.4167019312425,1,25.3698588015409
1,7.56668360869941,1,17.6875205667789,1,11.9033376629237,1,27.8610677941649,1,27.7273180516788
1,5.19777151217446,1,12.2872929942204,1,12.6032593417549,1,28.8931900406575,1,27.4881067986184
1,5.3378441882528,1,13.7148304270462,1,13.353339203806,1,26.5746275775746,1,26.562286136994
1,9.2795597350908,1,19.8163103963606,1,17.5340084989722,1,28.9598282666863,1,27.7083367076314
1,5.73287937711226,1,12.5413401772633,1,12.3069890007622,1,28.6084798124126,1,27.2827944019041
1,7.15847138885379,1,12.2587738079376,1,12.1373970231708,1,29.0618564613024,1,27.9964087890802
1,8.52825710786228,1,16.6451203192509,1,11.7446517786744,1,28.286898793348,1,27.3577762880409
1,7.39525970444019,1,12.5331537965208,1,11.002045313388,1,28.2085223286002,1,26.4504532800191
1,3.81775031189567,1,10.6766941019213,1,12.6056078815486,1,27.7702201233979,1,26.4751381355552
1,7.70224167394957,1,12.319147443446,1,12.6093725122564,1,28.4320016572166,1,27.1521876578496
1,7.54628379994273,1,11.8482602385213,1,10.598255365653,1,26.3814368926436,1,25.207314880341
1,5.26639681013678,1,11.3822907615835,1,11.6946218347671,1,27.0630556570705,1,26.432525453276
1,5.84688905675687,0,14.3202364576402,1,16.5045662137063,1,26.221766501099,1,25.3791767231927
1,9.3945598898533,1,16.4503586106586,1,10.0851613038158,1,26.5374841723215,1,26.1234403878916
1,5.53292618917029,1,10.7646370168034,1,11.23220042377,1,29.7444959622713,1,27.1084336034019
1,6.27543397583659,1,13.157472050414,1,11.5088865730586,1,26.4651625056489,1,25.595924892847
1,5.37903524385475,1,11.2494585426798,1,11.9150873225609,1,27.1685075792182,1,27.4186497802321
1,11.6444186131871,1,16.5022285329094,1,12.0728272110354,1,28.0398886827646,1,27.6549680136246
1,6.56014927594194,1,11.9682539587168,1,11.5720829513897,1,29.5839946201549,1,28.9922575523123
1,6.49172055749424,1,13.1363596356577,1,11.811555400258,1,25.7646819090678,1,25.9110880372466
1,11.4998196946534,0,21.1219267559755,1,11.155421293469,1,27.4099093723522,1,25.6413281977664
0,7.56992485872547,0,13.8337889436105,1,13.321699940605,1,28.8075812542424,1,27.3597535915456
1,7.61151027636127,1,14.8797905882556,1,17.156680519072,1,26.8838869188264,1,27.1280582371546
1,6.48934299051159,1,14.6122510010984,1,10.3487799451406,1,25.7468570248135,1,25.8636645515684
1,10.3400033837249,1,16.3389046934304,1,12.9536963779088,1,25.4480547502503,1,25.8383676747857
1,11.8248407280655,1,23.0428865969742,1,12.4102821980083,1,26.906139034426,1,26.8216260328579
1,4.52989301688986,1,12.557644967089,1,11.2681493066147,1,28.9334404941596,1,28.6905921255886
1,4.71678522464687,1,12.4946722854763,1,12.9035999798389,1,27.7651460573092,1,27.3281323434349
1,7.19524519911996,1,12.5702690358611,0,11.2084891067893,1,26.0837929976907,1,24.7361074561984
0,9.65791265647882,0,13.6468996682275,1,10.9235548587511,1,26.8534850718233,1,25.9805830883473
1,4.24001852276404,1,11.0193904332053,1,11.6574202449864,1,27.8574683640113,1,27.3719634672541
1,5.966529105504,1,10.4835031981047,1,12.0391781417756,1,26.6646538576548,1,25.6201435624617
1,7.72764835335143,0,16.0950598991303,1,11.4894477340164,1,26.6989618719518,1,25.8634087893916
0,10.1399466182374,0,21.1482875084528,1,12.6972113072411,1,26.4438212303957,1,25.2846270285534
1,5.87063448566976,1,13.9361541963957,1,14.9230092245165,1,25.9282652610241,1,25.2675933558202
0,9.75471692656679,0,20.3862642416318,1,13.6125195595338,1,25.4522589137291,1,24.5206852948553
0,6.544194841598,1,12.9982691492923,1,15.7002590599016,1,27.08455543288,1,25.3976790012389
1,6.1202210090437,1,13.0870671010928,1,10.5377322837308,1,24.6069072421862,1,24.2141142752683
1,6.57157339350737,1,16.7577327600837,1,11.6252839738449,1,27.900324136885,1,26.3556575994943
1,5.43755119853975,1,11.9898876319883,1,9.7620238208517,1,27.0678637213919,1,26.320925808495
1,5.70688273664781,1,12.8153641672878,1,9.1685874912553,1,24.9798380777607,1,24.2370848758125
1,6.57155458711047,1,14.7775706272043,1,10.0471789076217,1,27.318024876892,1,26.9374982388906
1,9.83226653804694,1,19.5480251533202,1,9.87969403834461,1,25.7441106319601,1,25.8393892440158
1,6.04302745235175,1,11.3473903293919,1,12.1522168392868,1,25.3294455034627,1,26.0100180673679
0,7.82858863299555,1,13.1610802944017,1,11.884016014206,1,28.0348457198622,1,27.1946571520363
1,5.72151840973939,1,11.4413203463202,1,14.4776031662278,1,27.5088159862235,1,25.8024619285185
1,5.97709916512265,1,11.4863088036433,1,13.6114836600543,1,29.1115828108904,1,26.6914348991066
1,10.2133847280891,1,16.7004244390293,1,12.6165348068143,1,28.9630778531827,1,28.6785980788793
1,5.22854573361996,1,10.478806150198,1,11.6987035980612,1,26.5079152985427,1,25.2028739521674
1,8.53151415848138,1,12.6635043906673,1,11.088606704263,1,26.3768813995497,1,25.9019741655634
0,7.41029571883687,0,12.4631471163885,1,9.92884773588469,1,24.9698918727319,1,25.3330874587733
1,8.16746615550312,1,17.1489438139528,1,10.4742780319564,1,26.078270076792,1,26.0564937979045
1,6.06314238017769,1,11.7115828317844,1,10.4719502891566,1,27.5105606270656,1,26.3919887313437
1,5.73496642889026,1,10.9283287342415,1,12.1134820537596,1,26.4749278074672,1,26.3041857591693
1,6.7070029795356,1,12.1613732430661,1,13.3599287211783,1,25.7656011623994,1,25.645721537919
1,5.97773914759311,1,12.6597159219821,1,10.3711639388567,1,26.3560853339394,1,25.7837021792616
1,9.42017595704081,0,17.6668379857635,1,12.3903277603535,1,27.2862995695262,1,26.421186183893
1,7.90038891983847,0,16.7643165884419,1,16.4981343698509,1,25.0555357789048,1,24.8948367236064
1,8.67136825755656,0,18.8143873382177,1,12.5838843437039,1,28.5176837868179,1,27.0646238438641
1,5.59995771540009,1,12.4560940065554,1,12.9822619168671,1,27.5168515634781,1,26.8037751744364
1,12.4618946204306,1,16.4557145184574,1,11.0522276329774,1,26.2297324433622,1,25.9377026380971
1,8.23086686362069,0,16.4757330068295,1,12.9472351638101,1,26.2124798901725,1,26.7251202390591
1,6.53483912010945,1,14.2514811677017,1,12.7689139168263,1,26.301644599057,1,24.6807247043169
1,6.83625367152622,1,14.086265823765,1,10.2736921078965,1,25.0322098382396,1,24.9321853577562
1,7.37567205944731,1,13.9581073154082,1,9.62781263426485,1,26.6002843419511,1,25.8570577539688
1,5.66420100465984,1,11.6042807057707,1,10.870480181563,1,26.2897406311996,1,25.4591442201357
1,7.00779176752198,1,12.3312984200946,0,9.01678546933428,1,27.1852312635703,1,26.3776858083341
1,8.57226037383786,1,13.1610830562531,1,11.1829127902174,1,28.865884994602,1,26.914586617898
1,6.35330177768331,1,11.3137373370433,1,8.82741584449179,1,26.7098261111537,1,25.9182220989945
1,5.33105951946385,1,11.075186337309,1,13.9319329320718,1,27.6917600122012,1,26.5308803224613
1,8.62000830551397,1,19.9322342383103,1,16.0235082732042,1,27.5370585439961,1,26.902248051674
0,3.81166037384495,1,10.8748087236465,1,13.9744111874624,1,28.0020671068586,1,27.6151435422096
1,3.41306894990455,1,10.2736368323395,1,13.1377344764651,1,24.0451478181675,1,23.9943728031996
1,6.4248292031198,1,14.7448263920799,0,12.1692956554072,1,27.1079181014757,1,26.6051084457882
1,8.62389447202482,1,14.47466861843,1,12.8137167613291,1,27.2198155920439,1,27.1909674840857
1,5.56722359201546,1,13.3146174607073,1,13.1253220033701,1,26.9664158635389,1,26.5371431859895
1,4.11451587396111,1,11.29491501486,1,13.7879656273609,1,31.1665127129607,1,28.6860637724662
1,9.86239416314179,1,13.7842793872941,1,11.7524798993829,1,27.4541774756713,1,25.684635737623
1,4.45881261166706,1,11.5788301135388,1,13.3296506098487,1,29.2861509554871,1,28.642768765798
1,4.69841810325064,1,10.8452558991542,1,14.6195778539788,1,27.9194972584167,1,26.800567004356
1,5.50154602670451,1,13.0006281173538,1,10.7051161424082,1,27.9024739376301,1,26.8816452741932
0,6.43211676882467,1,15.5506385071847,1,11.4727847656761,1,25.5592840178964,1,25.3219438042975
1,8.47791564027804,1,13.2181733178174,0,11.7925933714698,1,28.108179142825,1,27.7283195733479
1,10.046887460372,1,12.9026538365138,1,11.0356340829166,1,25.0394731001076,1,24.3985607476259
1,10.1815414809874,1,15.1218114905576,1,14.9785047919576,1,26.561897774334,1,26.1204777165537
1,5.17481135870547,1,11.8067393621916,1,13.0929414278195,1,27.5825848772917,1,27.2813513684351
1,5.22386814591873,1,13.2381018954232,1,14.1493688432043,1,27.1166521642192,1,26.5606373080474
1,8.21293833915081,1,13.0006453509935,1,12.2393789510944,1,26.8069119253876,1,26.0203264485212
1,7.022904823678,1,12.3742820517543,1,15.5000009995155,1,26.4254895792236,1,26.172271577676
1,6.04475702591466,1,12.5320369777585,1,12.8729341323331,1,28.0706536601307,1,27.4566501858164
1,8.25496369818671,1,18.9543025719288,1,14.59641331851,1,26.196102068894,1,25.7589158423126
1,5.64935250488137,1,11.4776647048039,1,13.8439497334192,1,26.0158453480081,1,25.7774252463722
1,4.22993304913103,1,11.4872585732398,1,17.0625695938958,1,29.0665596777932,1,28.6674544547023
1,5.70478369096606,1,11.9116159823993,1,11.9610828063919,1,26.512549272941,1,26.4943568462435
1,5.69377166809207,1,14.2819307744645,1,12.2137864073696,1,28.1393347022436,1,27.6260343247396
1,7.09700155918841,1,17.6921904582671,1,10.4458841732699,1,27.7183654781162,1,26.4052135097256
1,8.670693786638,1,17.9527554644066,1,15.2529032904703,1,27.726633380133,1,27.8813496661433
1,12.2610948441529,1,20.0857296008438,1,11.1790133296718,1,24.7219319319868,1,24.962181519456
1,9.73659639022768,1,15.4082476110598,1,11.5713062146566,1,25.7184173792334,1,25.1914865812177
1,5.97815118190643,1,12.3496148834858,0,11.7920475884913,1,26.9716662708815,1,26.9942253827247
1,5.05966686694711,1,11.2940717357657,1,13.1071628357324,1,27.1937243047062,1,26.7535688487091
1,5.72155751664289,1,11.2151890273772,1,13.2791275128552,1,25.4910886434112,1,25.004672997377
1,6.59590306543871,1,12.3631586476719,1,12.7933575142218,1,27.4164148001983,1,27.4428528768411
0,8.04910778263982,0,15.389195535316,1,12.2019375181947,1,27.6470906279841,1,27.6315489310752
1,9.3103837513986,1,17.5826230705959,1,11.4047294920532,1,27.3049535450666,1,26.9270219592109
1,4.35524628060802,0,10.7540063494057,0,11.4721107467112,1,25.423752180269,1,24.6996588628541
1,5.49737791103464,1,11.0287036289249,1,10.5159005176244,1,24.5521903939539,1,24.4906760121692
1,4.8849811559283,1,11.1386568126965,1,10.247781935557,1,25.2240698172513,1,24.7455366186642
1,7.35816345685315,1,12.0777785220363,1,11.6677661875668,1,27.6562400981612,1,26.7549934400746
1,6.11974186685643,1,11.8711825200464,1,10.2220076958351,1,27.6332222757644,1,26.6446435620179
1,4.82179226164766,1,11.5375554231268,1,10.7402413935689,1,29.3893727459257,1,28.4183751613339
1,9.52599183990058,0,17.1899895609572,1,10.7088330337282,1,27.6944260463863,1,27.4743623442238
1,6.51497338350871,0,12.2045294762867,1,11.0455062355952,1,26.7234940429071,1,27.2384440209907
1,6.20008564275603,1,12.9140633653354,1,12.621428001157,1,27.1082375117126,1,26.4929283494264
1,8.31795435927015,1,12.7917139604433,1,10.4593086329083,1,25.6746372533206,1,24.5077014331463
1,5.65014298342639,1,12.3071712678536,1,11.7523219003722,1,28.9374531144907,1,28.1850537907659
1,6.09163407855508,1,13.8399896258968,1,14.1144339830962,1,26.9128770400666,1,26.3365542850845
1,5.8914161875861,1,12.6415064702559,1,9.67225633291223,1,28.3712631916169,1,27.8315581117388
1,7.28555479531932,1,13.5663884435469,1,9.69459357261552,1,27.5232940804842,1,26.1954872047592
0,4.70402097688478,1,11.3268292547756,1,9.64355176627807,1,25.9516991645426,1,26.2603392162941
0,6.83042485685299,1,14.1234388494493,1,9.63141250703222,1,29.3089330171094,1,27.504877977859
1,7.32023625677082,1,15.9710720913131,0,10.5473857683693,1,27.429212449825,1,25.8447799385743
1,4.17911153344614,1,11.827871564302,1,10.5754870821261,1,27.6906333447204,1,26.4982262278893
0,7.57039479526395,0,17.5375649794967,1,14.0236748043538,1,26.4119824725295,1,26.0546050971368
1,7.95841023784802,1,12.6137336392347,1,10.5938955407883,1,28.8712094132539,1,27.2791957462161
1,6.95716509167239,1,11.9052613813825,0,11.1512612853503,1,28.9174701398565,1,24.8878566257569
1,9.00243787697089,1,22.5599975098603,1,11.1127214158087,1,28.262191353038,1,27.0948350224101
1,7.75383922889242,0,14.7112436366183,1,8.81827785811944,1,26.3059448350214,1,25.5585537948401
1,8.22297895572688,1,12.6763080513148,1,10.0107188664754,1,25.4541306626218,1,25.1685999405082
0,6.16538799891836,0,14.5584304892139,1,10.1808975602665,1,23.9942341169109,1,24.470347686434
1,7.21003927500026,1,18.3251519042253,1,11.4536838008458,1,26.7639347372184,1,26.624351204326
1,5.13144606874733,1,10.9025020878664,1,10.7922214309196,1,29.6279002340781,1,27.4833268377281
1,7.71055036572941,1,12.5354731027947,1,10.2598940650586,1,25.6102405528854,1,24.844839901284
1,4.60036490944097,1,11.6824723864274,1,12.2513629984385,1,26.1102473485317,1,25.6586950622747
1,9.50074556141891,1,13.2275088400484,1,18.3797372442491,1,27.2313628161681,1,26.6653394665389
0,4.41372051343606,1,10.9808206602848,1,17.603446614548,1,29.936566787861,1,28.0847105394083
1,8.0188216338374,1,16.2715823384707,1,12.5896243312054,1,26.8072331235498,1,26.4555176169875
1,7.7020051424794,1,14.4076333652179,1,11.4516061078835,1,28.1385445406484,1,28.6947170390655
1,4.37250904297844,1,10.5647268466549,0,12.2088004864524,1,26.1894821410463,1,26.436882872393
0,5.64580812305592,1,10.6538740815703,1,13.9841495626827,1,25.9435427930477,1,25.2279026549985
1,8.48353088502696,1,14.6181492925759,1,12.6233851595384,1,26.054585957846,1,25.6599135339992
1,6.3929614115188,1,10.9439256974619,1,13.9592052364933,1,26.7255260755973,1,26.6445796714501
1,5.45572573894979,1,10.4478195386784,1,12.5652580937048,1,24.8714537608378,1,24.3763065451482
1,7.18596110462441,0,14.9929284989797,1,12.3469886715417,1,25.3329182013111,1,25.0421820492498
1,9.42105826227268,1,19.2821679256833,1,10.8111596768834,1,26.3139691829985,1,26.0370080814799
1,4.51201255199306,1,11.439230599861,1,12.7414553098456,1,24.9396795671036,1,24.7479335417931
1,10.6301281676794,0,18.5014235049786,1,11.1922743435197,1,28.1190216985466,1,26.732502321368
1,5.02848085665442,1,13.020438451519,1,15.4366548423591,1,28.1080223634552,1,26.3502506450057
1,8.53993480626569,1,13.9331894633443,1,13.9273725093455,1,27.7009840564706,1,26.2158655808952
1,3.18747839408567,1,10.1435199522931,1,12.7607121471456,1,24.2757460078589,1,24.1224185670416
1,6.45473742263544,1,15.5227265111223,1,11.0423113139349,1,26.0988255898956,1,25.9159432652993
1,6.41826588728134,1,12.4028971604605,1,10.6611853763924,1,26.5763549799596,1,25.9323021110031
1,5.53245171685358,0,12.5123512902569,0,12.0814240786743,1,25.9177337575768,1,25.2969369862923
1,12.0321710365836,1,22.7979724646409,1,11.0973632799715,1,28.8015012104436,1,27.150815359082
0,4.86784702284336,1,11.3091479097032,1,10.1754733573458,1,27.5860201983653,1,27.4388473164211
1,5.97682276144795,1,14.4941641193171,1,11.6324001420481,1,26.3707415019072,1,25.8687808348879
1,8.20893330314897,1,14.4289748946554,1,11.9798931664517,1,26.9027255007244,1,26.3940365821454
1,7.73046682630662,1,12.405277888337,1,12.6914433547346,1,25.4795111265607,1,25.5061183575289
0,5.43171287329309,0,12.679121207605,1,11.0051730969833,1,25.3988514710679,1,25.7243152469018
1,6.24438879856847,1,14.8580005114453,1,11.75930902335,1,27.6227736318656,1,26.9664733703892
1,5.2835043529019,1,14.6339414979952,1,11.2061991657698,1,28.1059908480508,1,29.3278645590026
1,6.10766040565301,1,15.115706613966,1,10.5372674006697,1,29.2185966606088,1,28.0403394299621
1,5.34490969672126,1,13.5776100228235,1,10.0395956470509,1,25.9826942396369,1,26.0509795426982
1,6.6152207125929,1,12.9295260836257,1,11.1306874653765,1,28.8392089671226,1,27.5275408550269
1,6.01723425100797,1,12.7683146558062,1,11.1068669963029,1,26.7868034788601,1,26.1546022820363
1,3.55865758901126,1,11.0322736450166,1,9.46405077820297,1,27.3303965161822,1,25.6030328253314
1,11.0190821832568,1,21.2165367134563,1,9.13291840875809,1,27.8645923513035,1,25.8726468632556
1,4.62593555878484,1,11.6632802994152,1,8.68090115447913,1,25.1273697961343,1,24.8547387005935
1,8.7590569738092,1,18.5852224502655,1,11.2833739597474,1,27.5258539073125,1,27.0823269234063
1,7.70595190658025,1,13.018864761136,1,11.9607472460855,1,28.0321448455925,1,27.0895947521717
1,4.84345758578895,1,11.465247178684,0,13.7265642417455,1,27.0539681765719,1,27.0995396893553
1,7.52964749414913,1,13.9518967113145,1,10.7439731895672,1,28.8353585035218,1,28.5859971373465
1,6.76742774925582,1,15.1553380554842,1,10.8916541624797,1,28.1507205365325,1,27.6877839301049
1,7.078670103232,1,16.5680344173493,1,11.4462824261557,1,29.4176422524436,1,28.7238701729416
1,6.69090059790378,1,15.5916527623953,1,8.80444412852355,1,25.0489610232669,1,24.5676474764577
1,4.19957831178132,1,10.458495558317,0,9.16757961124849,1,27.3616100730083,1,26.7910764450529
1,8.72356919046323,1,21.0431173480678,1,8.85981203714898,1,23.5790119520468,1,23.4635119199285
0,8.39084917217756,0,12.8022776394345,0,10.2155345547736,1,27.1348308113342,1,26.5819880823157
1,6.07249782310706,1,13.0657720070113,1,9.67564958674276,1,28.4265791572724,1,27.4505915084329
1,6.82763570247222,0,17.2226516525609,1,12.0932560476608,1,26.4080024042652,1,25.9343941715702
1,5.95184338190051,1,11.8478684113917,1,11.9280792532796,1,27.3857568186253,1,26.6989152751077
1,7.25369068842262,1,15.2603999832579,1,12.1590272504968,1,26.7199288469426,1,26.6459615366993
1,5.14660824420113,1,11.279232192834,1,12.5471150444803,1,32.2935520048807,1,29.5646647218283
1,5.68547881052037,1,12.291086077756,1,11.8119009474485,1,26.825963561794,1,26.3177058231109
1,6.38018094507193,1,14.7840971403358,1,11.6230425225111,1,28.2336059362772,1,27.9528144936393
1,4.94438122573606,1,10.5716028389441,1,10.9863803560052,1,26.0262321452012,1,25.4610600764019
0,6.85254823326677,1,13.0336484029928,1,11.8589434343542,1,27.2351119523025,1,27.2674796659372
1,9.32827219438306,1,18.5272861367845,0,11.9965650809367,1,25.0680830183266,1,24.4904309410253
1,5.34387780016127,1,14.5503853144558,1,10.3843140158083,1,25.9987957056987,1,24.7224497497664
1,4.71720334900638,0,12.4206569969948,1,12.7218267033599,1,25.5056609210258,1,25.5827270782487
1,8.09006654812121,1,17.3431846538945,1,11.880081519079,1,25.0399475473373,1,24.6430781892087
1,7.45516140929642,1,13.5372111912345,1,11.9688756088925,1,27.7443531654739,1,26.2888552839331
1,6.13556392251244,1,11.2241067760282,1,12.1823123875935,1,27.4234376583896,1,27.0647935202259
1,6.23566269517247,1,12.4925514152644,1,12.2715064990748,1,26.3937329821652,1,26.1778006971501
1,4.07474475063735,1,9.98727853846991,1,10.7279663658478,1,26.0083214326829,1,25.3112415764443
1,6.4525414648716,1,11.9535952998385,1,10.7221768274942,1,25.1300296564235,1,25.7774103680658
1,6.59779902525201,1,12.3026215868901,1,12.9615222435969,1,26.9501893352718,1,26.3770813738047
1,7.1087794934347,1,13.2522735187634,0,12.1682372749006,1,25.3729800187488,1,25.4329859308864
1,6.78174745253322,1,12.1513205699585,1,11.9567562820023,1,27.990283276899,1,26.5753647512197
1,7.47132160786729,0,15.6801878190894,1,11.8179501659831,1,26.8897494769697,1,26.6225997257347
1,4.35792633153656,1,10.7980658295578,1,11.1620503852048,1,24.9586975397652,1,25.072792347268
1,6.06269806092175,0,13.205492427208,1,11.1264256363408,1,27.5004023775591,1,23.7570932504197
1,4.33540339041438,1,10.445199342748,1,12.8435132791671,1,27.0334894817857,1,25.3361416233624
1,5.23775177781917,1,10.3668878386231,1,10.0913119576287,1,25.4376434962062,1,24.8891954024642
1,3.4147096254416,1,9.53450446848858,1,10.176672756459,1,25.93605561734,1,25.5624629306315
1,5.70602281748938,1,11.8074086090923,1,10.6616746636973,1,25.9896826518053,1,25.6650749536515
1,3.86632449068253,1,10.2489508623282,1,10.9764934296747,1,27.0093696014128,1,26.7640990045522
1,7.50404098862103,0,17.00446005711,1,13.6767930737538,1,26.0603178349491,1,25.6661846784666
1,4.65744790771352,1,12.1504733566258,1,9.99841871078259,1,28.0130324788673,1,27.0111399699114
0,4.39734688570071,0,10.9100169300988,1,11.0973344941724,1,24.9885962939555,1,24.815820009653
0,7.81854037872884,0,15.657860751528,1,10.0455962768731,1,26.3056064202316,1,26.7265041665312
1,4.36977252187563,1,10.5707486575051,1,12.7800034937471,1,26.8519004364285,1,26.4267042185765
0,11.1500559536074,0,17.0906404500181,1,11.9743745921843,1,27.3261171008719,1,26.7727795487079
1,8.24293019800785,1,13.3155919244809,1,11.2358132530035,1,26.9950944405294,1,27.2547788605933
1,8.19638336078441,1,12.5640827173059,1,15.7269507789206,1,27.4866280693067,1,26.4417235143566
1,3.74812305935716,1,9.64702688589942,1,10.5821815581023,1,26.675813030542,1,25.4287880286735
1,5.90652522993692,1,12.7818091353662,1,12.3201400238877,1,28.6836350105604,1,28.7910714830347
1,7.9512522687209,1,12.8490160203145,1,11.171856222937,1,27.0646968364117,1,26.4304623695161
1,4.3797881887256,1,11.0435710730471,1,10.9171602125735,1,23.490589665834,1,24.2626078599801
1,10.1093004148582,1,17.2796567758713,1,11.9010599271734,1,25.407452434193,1,25.7186972456087
1,8.21465515253775,1,15.4148583686594,0,12.1681727011953,1,27.4325036398315,1,26.5425839732171
1,8.44236122151538,1,11.9791333692948,1,10.2322115201367,1,26.2657852164048,1,25.6581837330521
1,7.21869901815881,1,17.554478416403,1,11.3368806734189,1,26.5834920183088,1,27.1068567795648
1,5.09844690094301,1,11.600953278752,1,14.1673320726148,1,26.4357045515812,1,25.6967301977934
1,5.29559146454196,1,12.7845463732723,1,11.9151131942628,1,26.3898789304827,1,26.2007773178993
1,3.81742834351687,1,10.3674100404988,1,14.7952891236894,1,25.8870571389005,1,25.4058533614777
1,7.38745707953709,1,14.4222405953621,1,11.9308696448697,1,27.2620606266405,1,26.9608466165095
1,3.61355165608906,1,9.99906423587413,1,12.283336725611,1,26.9574165247248,1,26.1181145131701
1,7.58859287675098,0,14.55671734356,1,12.2563441382131,1,25.3654018387275,1,24.8998698223053
1,8.61541420121234,1,15.814204689355,1,11.1764775088192,1,26.0770193181686,1,27.1219579367911
1,7.73782023729529,1,14.5071870729526,1,13.2029845296801,1,26.1463100709158,1,25.580486887927
1,6.3132458799135,0,14.9713689918461,1,14.3769903506889,1,26.5223429419345,1,26.0120953007648
1,7.78433982389386,1,13.1123126791513,1,12.5128541445031,1,28.4109342445907,1,26.0171151849617
1,7.0059506266214,1,15.700581481629,1,11.7167798150793,1,28.0418501202501,1,25.8224690096454
1,4.49829330957027,1,10.7623680708745,1,10.2589167012071,1,24.7503901674248,1,24.6442602041649
1,5.65568466324088,1,12.7679448580977,1,11.7733476894254,1,27.2013511600621,1,27.0127782087586
1,6.36351956322987,1,12.4452888170917,1,14.8625692618329,1,24.4316327425205,1,24.4615629137599
1,8.03457021642592,1,16.2620489855626,1,9.40379187693715,1,27.9487781543265,1,26.6017661985646
1,4.54672682208281,1,11.5148750354967,1,10.5617696515649,1,26.4975752136738,1,26.2907423587186
1,6.75592219514111,1,12.2017317446301,1,12.0567891902162,1,26.0785222097151,1,26.3063874569772
1,8.62257546163645,1,13.7693229418156,1,12.5790716123123,1,27.7881671869681,1,27.8019984258182
1,5.13243971802688,1,11.6405455425291,1,12.397985926447,1,27.0656254393812,1,26.5667740193111
0,6.66506690701896,1,12.7781333126226,0,13.676289128405,1,28.8649626469353,1,28.0531062792026
1,4.77621157475704,1,13.1180274888018,1,14.4819315229196,1,29.5967270326375,1,28.5503019530772
1,6.35125320596978,1,12.3804545500482,0,10.3885031125538,1,29.1889174888258,1,27.9415014719089
1,6.38251782855513,1,13.4079160133396,1,9.95043344663193,1,26.8557880245683,1,26.3578341810163
1,7.21005835267262,1,13.1051826524689,1,11.2346807778058,1,28.9539940600263,1,28.3750491973583
1,5.11478712392081,1,12.2049498670459,1,10.6060483905071,1,28.0671102838307,1,27.4935525249706
1,8.35203523620135,1,15.3228064167277,1,9.56343346503808,1,25.900943186623,1,26.0391973088987
1,5.56706786481558,1,12.6706403322413,1,13.2322409147089,1,27.1677066288937,1,26.6474467315677
1,4.76373427195937,1,10.5283482628277,1,13.5420948390385,1,25.4490756784807,1,25.0400289380809
1,4.82401275086923,1,11.777508309017,1,14.6798146870726,1,27.3232938826819,1,26.8753866536256
1,4.63114269949568,1,11.8771576762406,0,11.7839046209897,1,27.473800290235,1,25.9279492996973
1,5.43610449221939,1,11.4557234479919,1,10.7865769560781,1,27.2258279711773,1,27.5164863402812
1,6.82093131934616,1,15.073658662879,1,9.06611507047257,1,25.5321909771585,1,25.0149640663094
1,9.85325907531671,1,18.5647351021221,0,12.1312629407674,1,26.5849375105528,1,26.608497156813
1,9.75395430033032,1,22.3972443242403,1,12.5987681636051,1,27.7927157950196,1,27.5541463966369
0,6.03892971492494,0,14.0652299751659,1,10.1669418596452,1,25.6737911485021,1,25.0683615288109
1,8.20686843733541,0,18.7710939210121,1,9.89350767051602,1,27.6050922978208,1,27.5359542375791
1,4.40572748746313,1,10.89918344117,1,13.1208767033447,1,26.554177654871,1,26.3641394798205
1,7.88769195321226,1,14.6818047262914,1,11.6579172690838,1,27.0687687753705,1,25.8603932511147
1,5.74460519338815,1,11.2523910328703,1,13.4554938702016,1,25.9232224581214,1,25.0023042182218
0,8.3024992438916,1,21.1053644747178,1,12.2015997203276,1,29.0022539639228,1,26.7015745762484
1,3.27967651046198,1,9.59707411330812,1,11.3299229772412,1,26.3136939922102,1,24.8474219216489
1,6.50446279540533,1,11.401376330897,1,13.9265394858038,1,26.5268172637184,1,25.9968879109946
1,5.35456994100207,1,11.3985825092167,1,10.7272204419816,1,29.2783227315282,1,27.4445981419174
1,8.24429442418014,1,21.4465739066978,0,10.1182135323603,1,25.9224136055113,1,25.570057363737
1,8.86759777085532,1,17.5516981081525,1,8.79610477931984,1,26.3282042707431,1,25.4790248479664
0,8.64051926031741,0,18.8484896223578,1,8.59702068094803,1,25.1861614227682,1,24.199818033924
1,5.41654816623709,1,10.2014617555406,1,11.909111597182,1,24.997551375235,1,24.6019557297817
1,5.85787255835732,1,11.8440485994508,1,13.0416680862859,1,26.4680821050751,1,26.7084327325642
1,5.72206553170304,1,10.9418335223639,1,11.1163567889535,1,25.1835420231467,1,24.5297827580259
1,7.87921950053843,1,14.7228960675655,1,11.9866852175581,1,28.3968802490508,1,28.0622534391775
1,7.95665758509209,1,12.8032599394934,1,12.0177337125737,1,27.4395688659242,1,26.7070150657545
1,6.33862800478256,1,15.3025685624692,1,11.611103525255,1,28.0789156216093,1,27.0195669319249
1,6.79593652962742,1,12.8637703862844,0,11.7103448066879,1,27.2314564878357,1,26.215262187062
0,6.92330753621274,1,14.1324108412079,1,9.65302298137414,1,28.2066972904905,1,27.2216737869762
1,7.60156741514011,0,15.7381364426602,0,10.0785129579599,1,27.4863954194845,1,26.633942382687
1,6.3744988434187,1,10.9257916834813,0,11.5629589054906,1,25.7271975741693,1,25.2689783656642
1,7.21505544995162,1,17.4061397157511,1,11.794826264928,1,28.2562491412286,1,27.2497103516714
0,5.72668276246591,1,11.8447892010967,1,12.7124160464479,1,25.9262229941105,1,25.3865241972132
1,10.5040554576712,1,23.008858791397,1,12.3714655808688,1,25.7125783516644,1,25.4914782477492
0,7.49459382954856,0,12.4762645739628,1,10.5528111026202,1,27.6311171166062,1,27.083683349362
1,5.41499494407824,1,12.4037799452729,1,9.32763457793263,1,27.5745835596922,1,25.6086505676882
1,4.02737443389263,1,10.5489937974849,1,12.7791115553608,1,27.4159443409198,1,26.8435749786183
1,6.68414610205084,1,15.1065228496299,1,15.2636942582948,1,25.8968489090793,1,25.2715956137269
1,6.57289447082807,1,12.9026015389286,1,12.8780194442189,1,27.5570312306988,1,27.0831385497141
1,11.1230123679192,0,20.7095002644456,1,11.1532960924529,1,26.0823421560556,1,25.0196484857683
1,5.37438345155121,1,11.9324305479713,1,13.2615228283816,1,26.1377729416893,1,26.1527025931391
1,6.98188875934062,1,12.6275316157042,1,10.8404125586417,1,26.8292133400162,1,25.7704616389406
1,5.91405009075682,1,11.9377014371429,1,11.5061567792575,1,28.3343018505311,1,26.4204581889656
0,4.8006485482332,0,12.3854755194718,1,11.8762994291019,1,27.0857791943688,1,26.6954587062095
1,4.97367619417153,1,11.9978102845969,1,9.70813258570431,1,26.5532698193787,1,25.7322651086646
1,5.22523031225072,1,12.5960324810191,1,10.0365175788667,1,26.4432972099401,1,25.8023905847068
1,4.86150550081403,1,11.2470156669152,1,12.0813503671912,1,27.1832285856789,1,26.2872763516729
1,4.28947825804126,1,10.8820613263492,1,12.4256332985501,1,28.2388678326172,1,25.2033091418529
1,6.7716380232943,1,15.9718095962599,1,13.2584536017722,1,27.1956092384837,1,26.2671634529669
1,6.07086454660209,1,13.7125944107074,1,11.2349077366047,1,27.1556304611981,1,26.2513574350882
1,6.22102299955837,1,12.1952927312361,1,11.8226452093694,1,26.5848306151105,1,25.7600226619712
1,6.35365512298595,1,11.3365040819605,1,12.576103721601,1,28.8252862281295,1,27.8093108758429
1,7.82386559756462,1,13.2385857698811,1,11.4650838728062,1,26.8571039389041,1,27.2841415372297
1,5.73760623455544,1,12.8456143591685,1,12.7887215174,1,27.4657041330767,1,27.4735221107636
1,6.24586281449048,1,13.543933821594,1,10.739539635343,1,27.5545611439102,1,25.2050875000461
1,5.1814340896097,1,10.827201020153,1,11.3167951799703,1,25.6517246381761,1,26.1191468584956
0,5.68528184140373,1,12.754153054984,0,13.7990901759586,1,27.2101731982642,1,26.9387070232396
1,6.69014832727288,1,12.3424599228955,1,11.8194858070764,1,25.5974150901885,1,25.4677749729509
0,5.39608733114007,1,11.1246494144631,1,10.834337645741,1,26.0372723562809,1,25.5800251887983
0,5.49752094609166,1,11.2168198277192,1,11.4277853574173,1,25.8686260533031,1,24.7519885029598
0,5.43541173895275,1,12.4280595922094,1,11.6245965453488,1,26.8889255747351,1,25.8349064906197
1,5.71171267789042,1,11.9602720815415,1,11.6312404097509,1,25.4009877866638,1,25.7356451014733
1,5.21611274586912,1,11.0614651880787,1,10.1124247095971,1,26.471336220096,1,26.1749954281538
1,5.27312813269077,1,10.6523305531128,1,12.9229440268656,1,28.2946618824264,1,26.4959640622181
0,8.12318617993652,1,12.8216662181956,1,12.0713416543837,1,28.6734605916343,1,27.4255343929733
0,7.61153020804756,1,15.3470942734386,1,13.5912704282226,1,27.2638062541599,1,25.454318627805
1,4.28487090295563,1,11.2452804457245,1,14.6684662165728,1,27.8829462705582,1,26.6477136967195
1,9.0497896522155,0,17.9385092119474,1,11.0741380202491,1,25.838191882971,1,25.0814189774594
1,9.74986011706811,0,18.8797166052036,1,13.4799065194363,1,26.0158318495386,1,25.2864710358972
1,7.85716961852284,1,12.4545354979847,1,11.084766168404,1,25.8224157990823,1,25.9628018771099
1,7.29729016664292,1,16.7057032193085,1,11.354132217242,1,25.9612108663947,1,26.0869151079873
1,6.94604841084466,1,16.1671067203429,1,15.392327094196,1,28.6821545703749,1,28.3408088025635
1,5.22188874829832,1,12.8833494442827,1,11.8430750833871,1,27.3927255445584,1,26.3607876784109
1,7.58935902603275,1,13.2353672621694,1,11.8056046140098,1,26.8497163182085,1,26.2957883551061
1,7.46705859499098,1,12.7571841556934,1,13.0060727691195,1,26.8505699867113,1,26.6739791496922
1,8.22104668706173,1,14.1659775240186,1,12.2894568301128,1,25.5003982268878,1,25.1414629083779
1,6.10447948003935,1,13.2626722092208,1,11.2752332024268,1,25.0068271424654,1,24.7544507442076
1,11.896595519738,1,15.1520722352921,1,10.8153172793023,1,26.7726451610414,1,26.8261074716088
0,8.35158515607216,1,14.128436470529,1,11.3762148017266,1,29.0491260173223,1,27.5375645583882
1,6.21716659415396,1,13.410885954518,1,13.9789996991442,1,27.9697447493255,1,27.1720172077221
1,12.369972391576,0,16.3484299686772,1,15.0759717636804,1,27.4685728508041,1,27.0721825677466
1,5.77817410334931,1,11.6987001700574,1,11.8013030786751,1,28.6786354425016,1,27.4608067246041
1,7.59634797884777,1,12.6796302179575,1,12.8575638889914,1,29.494094177032,1,27.5699645625621
1,6.80854176764994,1,13.5491927065344,1,11.7290098587905,1,26.7058044589167,1,25.0220478653489
1,6.31079735511127,1,12.4718573165575,1,11.6938122534986,1,27.5187308624088,1,27.3702469916414
1,4.76750612407249,1,11.0889777307408,1,12.1574154524354,1,26.9629973417368,1,26.6599661260703
1,6.91898461181464,1,16.1936246830672,1,11.4773332311665,1,30.3939495323503,1,27.2759029936828
1,5.01422710511988,1,11.8567420021697,1,13.8719529435502,1,30.0370814160952,1,28.2051612203001
0,4.89866098091228,1,11.9428612786389,1,11.9921751005814,1,27.1752664136159,1,26.7803617814029
1,4.15798133598461,1,11.1696759446556,1,11.8853691717097,1,27.9677819549678,1,26.5166772874209
1,7.15434726891635,1,14.2582756181607,1,12.0924601224166,1,27.5781066747249,1,26.8159984584385
1,5.55400021846384,1,11.8906913660665,1,12.0086591973036,1,27.7993510720603,1,27.7133593798807
1,4.66333281381458,1,12.5453241306746,1,12.1647032716025,1,26.1375846755354,1,25.468316098992
1,7.22077759686751,1,14.2240127985066,1,12.7944267837784,1,29.1239874701134,1,28.0836891003458
1,10.1417396550814,1,13.4324187531067,1,11.2997354745577,1,25.509723966668,1,24.5521262648807
1,7.31096147892803,1,15.760529207021,1,11.7987477426078,1,28.4844845624957,1,27.2680587120668
1,6.82343711094561,1,11.9349547536425,1,12.1627269944359,1,27.3039185693523,1,26.2660278764178
0,7.80839458903387,0,11.3038848562311,1,11.3750179407508,1,25.3158217591708,1,24.9980171625771
1,7.72254128910004,1,17.5393246480608,1,13.2550065948166,1,28.0697701124828,1,28.3208003612586
1,6.51813928718378,1,12.8777447475412,1,12.5903009743547,1,26.4255856938307,1,25.5363296749043
0,6.42789182469692,1,12.7660945100305,1,12.7394982895212,1,27.6390642564716,1,27.6214880371442
1,7.39600414637006,0,14.1036405830538,1,12.2021169649347,1,26.9644378826164,1,26.750163165439
1,10.573884888595,1,15.9302176828168,1,12.0372648457201,1,26.4684507985493,1,26.3760160324864
1,5.05769825519402,1,13.3305416446405,1,10.7790578451542,1,26.8376731457752,1,23.7431741931546
1,5.30936001002951,1,13.002993167181,1,11.675511787146,1,24.4923777308576,1,24.0642701650929
1,4.12167598059031,1,10.6505237176525,0,16.8704250389763,1,26.5566155605642,1,26.3121904833016
1,5.65855765754249,1,11.8037984019063,1,11.7860347134637,1,26.1901773535561,1,25.5778762508245
1,11.3808324596641,1,21.8664683895744,1,10.8785586722099,1,28.0511695648789,1,26.5387265975701
1,6.29486595335977,1,11.3750977291526,1,10.9021814968639,1,26.252612852017,1,26.0459496956791
1,4.69724513083196,1,12.1357244507945,1,10.6241685811785,1,25.7921395135912,1,23.807028312491
1,3.96404504399016,1,10.396550484838,1,9.3736704986699,1,25.7124179446404,1,23.8389715453129
1,7.1855213314528,1,13.1723644689317,1,10.7559760518531,1,28.7951294825904,1,26.7871211391479
1,6.02892887662878,1,10.8642903090165,1,10.4844620075393,1,26.5583279900017,1,26.122094342522
1,5.01398454392748,1,10.5630742620112,1,9.91751649546334,1,26.6104547904876,1,25.9409153262857
1,4.33706800511836,1,11.2502964801514,0,11.3699543929055,1,29.6402601841163,1,26.8058160294843
1,4.2674462246019,1,10.1553846675465,1,11.1286080491549,1,27.4426630364582,1,26.0762024948969
1,7.58129352216609,0,16.8763909036325,1,12.6784279139937,1,26.6407497706387,1,26.3456433653038
1,5.16486947113655,1,11.2402375646968,0,11.6336018032433,0,27.4413819194543,1,26.1740993852984
1,6.55144507789561,1,10.9026049883288,1,9.71316449568593,1,25.6870499126585,1,25.1015779845566
1,6.85377985626498,1,12.2848214724195,1,10.278332881048,1,26.9148003408714,1,26.4276422677793
1,11.3243881086723,1,23.8233334698018,1,12.7493578618583,1,25.8928203297171,1,25.3708174056795
1,6.9262038930964,1,13.0789850304088,1,11.1891545518675,1,25.9649444467545,1,26.3490898584648
1,9.13636251417213,1,15.5939677933569,1,11.4127857839278,1,26.4274011651302,1,26.1356725089157
1,7.46429177041414,1,14.9408022517222,1,14.0576060865734,1,25.7089862664691,1,25.6493000401427
1,5.67474883489612,1,13.7215388165642,0,13.4015033297586,1,27.5473979193088,1,27.5700752704305
1,4.76341480658807,1,11.7818395309823,1,13.0764385794816,1,29.0402242573617,1,27.7575199983816
1,4.21301066363687,1,11.6845198921641,1,10.8077502884037,1,29.5102422497955,1,27.1285714594658
1,9.90809087196897,1,17.9412809155482,1,13.9671724158633,1,28.1614882401349,1,26.552130182495
1,7.05198557936725,1,12.4077864478567,1,10.834079982955,1,26.212494895081,1,25.2309514719183
1,4.97315705705502,1,12.6847463675824,1,11.2538339467356,1,26.7215530906079,1,25.5619802222976
1,6.5751019426477,1,12.1434512557156,0,12.2157695820432,1,26.1608439504102,1,25.5818980263805
1,4.71258322236097,1,10.7345470019293,1,11.876340035434,1,26.3027410056282,1,25.5087884804871
1,6.75470351635985,1,12.7461668470067,1,12.9455614633962,1,27.026034838296,1,25.8171221190204
1,4.13710276574661,1,10.635399965956,1,11.9612477250619,1,27.2303352340747,1,26.8291351003326
1,4.27671936408274,1,11.5035042646861,1,12.0055883268665,1,28.555225291972,1,27.0787057012805
1,7.26269051602769,1,13.5042824483709,1,10.5410429115666,1,25.962371272329,1,26.0178177742223
1,3.62292569179932,1,9.93284089172553,0,12.2062574247801,1,27.0271250134035,1,27.19789409813
1,6.73018311005418,1,11.1386005907184,1,12.3293339484541,1,26.8327803599703,1,26.4900106873226
1,4.33966919821455,1,11.1940296702,1,11.8215446355896,1,28.2952982465448,1,27.8503757804507
1,5.73130713368932,1,10.8755750464033,1,15.0636550203062,1,27.7948122182619,1,26.500858622206
1,4.86241336199662,1,10.3081252635039,1,10.4625559013918,1,27.6493540812251,1,27.3998217524965
1,4.81998125371874,1,11.2518373568707,1,10.5135896164655,1,25.5044320768218,1,25.9089988100674
1,5.57390598562483,1,12.7140183109554,1,11.1677944596766,1,28.1486285285298,1,27.5714057806785
0,6.18869971902914,1,12.5919188791282,1,10.4140516640567,1,27.6332110119057,1,27.0896491377092
1,9.65321974088136,0,18.0213406016514,0,11.655074944341,1,27.9917757766026,1,27.8209160687555
1,6.03620843540269,1,12.6435281710103,1,10.0323821299755,1,26.3016602408643,1,26.6450953016146
1,5.9424295470125,1,12.072174971655,1,11.7689445599806,1,25.2569574024378,1,25.1429859888847
1,7.33613379562961,1,13.2148411808868,1,10.5245486745403,1,26.6160426077799,1,26.5491390967126
0,5.19956379582583,0,12.6788609965912,0,11.8311536546668,1,26.3757970860973,1,26.1589093737822
1,5.59294388430878,1,13.4414408934723,1,11.0196531200083,1,26.5072911829485,1,25.974615221156
1,6.38231816691908,1,13.1148040094621,1,12.0690148748467,1,26.9807501644168,1,26.4175561980669
1,13.491373202875,1,25.551441331985,0,11.5599515849346,1,26.3243449366729,1,25.5465081052582
1,5.71017525345541,1,12.4734199210329,1,12.8082907078578,1,26.5452648259059,1,25.9491848117904
0,4.46587767363135,1,11.2737687676522,1,14.6402344432312,1,27.779392456676,1,26.1355385390662
1,9.43654160709022,1,18.6129508586058,1,18.4188842756332,1,27.5111929520216,1,26.4646213713575
1,6.75464243120026,1,12.0541494532135,1,10.6852795694067,1,26.4544286849884,1,25.6429863959487
1,5.4352996838025,1,12.6711696571977,1,14.3651448959693,1,26.8584867920208,1,27.0029232061049
1,8.11471802871709,1,12.8405864182288,1,11.2771632061014,1,27.3493187476172,1,26.6864639180226
1,5.47136513848067,1,12.0092648781563,1,11.7293775637065,1,28.4018861121183,1,27.661914058842
1,9.28119312904794,1,13.9851750466542,1,14.8656259762255,1,27.4574814340971,1,26.7800953998201
1,6.2612050592608,1,12.5390388327329,1,14.1986534466608,1,26.0494419106804,1,26.0430135747116
0,10.110674249332,1,14.8424925025063,1,11.7301225513814,1,24.8822959856507,1,24.3546588865111
1,6.82216883445342,1,12.6458959048939,1,10.1014753941896,1,25.3023567739222,1,24.4879999237735
0,9.98607987994643,0,15.6893558894684,1,12.8592398259801,1,27.5573326994857,1,27.2192542698668
1,5.42740921754377,1,11.2234167961966,1,10.5595740774626,1,26.6203578443404,1,26.3451935515573
1,3.50888411056472,1,9.96392711921636,1,10.334074407065,1,24.9299654973994,1,24.0456007302727
1,7.22716246830618,1,12.057188142651,1,12.2833859632164,1,26.6482233661478,1,26.2248788319773
0,8.94762661624196,0,14.8731576556159,1,12.1468668701613,1,27.2846552795574,1,26.6981643111787
1,7.39893189442103,1,15.1821334430781,1,13.0759737506892,1,24.8977903104695,1,25.514956731181
1,8.71980677114954,1,16.759854934843,1,12.1510742766127,1,27.9583112274353,1,25.8035615703003
1,7.39182211076334,1,15.233045587543,1,12.6912617290111,1,27.8293923764538,1,26.9256549179735
0,7.70788864625067,1,11.2231338996064,1,12.3781777063301,0,26.8242351289443,1,26.4478027792796
1,6.52156400861587,1,12.6025924904317,1,14.6382691822437,1,26.7584769981166,1,25.7514443132066
1,5.4715752501994,1,11.2886317481802,1,12.5758231016505,1,27.5754475433548,1,27.2536195370821
1,11.0268097315234,1,14.1397104011067,1,13.0537627343738,1,25.9404886021254,1,25.5500927693083
1,7.62997288066192,1,14.775454677447,1,12.7967243619915,1,26.9012809797073,1,26.6651963488036
1,7.51809272308774,1,12.1606945050718,1,11.6152684124958,1,26.375528624714,1,25.5867220503625
1,5.39978738767824,1,11.8353107684086,1,13.5525860860065,1,27.3113056439062,1,26.8079325476889
1,5.6928295881321,1,11.2940166667933,1,12.8500025070719,1,25.596380886944,1,24.7327821874854
1,8.50312021629946,1,13.8041993682969,1,12.552045258778,1,27.3129634654604,1,26.5897582506075
1,3.75311763103546,1,10.9198892377887,1,13.1407364819345,1,27.3993753407351,1,27.0550556614647
1,4.8388186701549,1,10.5295454426958,1,15.7415433177684,1,28.912111596963,1,26.9195786781086
0,6.3480278600269,1,13.780475787815,1,9.94171422314543,1,26.4401294282103,1,26.3343337134791
1,4.55284096246582,1,11.1296181027568,0,11.7459402260418,1,28.3562071363017,1,27.5232178277592
1,4.67443636849927,1,10.6801564257982,1,8.60986347352992,1,28.8552574578247,1,26.3997031009228
1,7.86406525760534,0,12.1554576439419,1,10.6073182418704,1,26.1356064412815,1,25.5716946470656
1,7.46740600802795,1,13.6048507522387,1,13.1617751143841,1,27.3686542185261,1,26.2097430179282
1,4.23744994622297,1,11.1273063707984,0,11.114684794957,1,28.7083041737823,1,28.0498665850886
1,5.13050315596111,0,13.5048071794718,1,11.953486520297,1,27.1889093448347,1,26.7633606635379
0,9.95035401325455,1,19.7785329431264,1,12.3429972947649,1,27.4954891949139,1,26.9873234948954
1,5.95467735181313,1,13.8416656808177,1,9.37187999971745,1,25.996163599262,1,25.7737196285444
1,4.74133494967941,1,10.4507314796251,1,13.6198058500223,1,27.2882903566922,1,26.7109314870398
1,4.32091194295587,1,10.7165344131265,1,13.0644421075523,1,26.3832910088928,1,25.6412337594213
1,8.87594536022083,1,13.3275291931868,1,18.4416334322456,1,25.506334295589,1,25.0691033663667
1,8.24644057507014,0,15.0868628467724,1,11.6869284262638,1,28.0202749876497,1,26.4554882851627
1,9.13514557440708,0,19.5021261993272,1,11.4456272973905,1,27.0790873872562,1,27.2358526776585
1,6.13233020055854,1,11.1416703123201,1,10.9650549641081,1,26.948567484086,1,25.4625554591209
1,7.18826476477777,1,13.8982934333111,0,11.7527485152468,1,25.8609290348715,1,24.8350224379324
1,7.79969086808733,1,19.2869891085187,1,13.4462656527993,1,27.8961626405268,1,27.5770918419283
1,6.87324883595703,1,18.1709378163746,1,15.0069740820022,1,27.9366036475638,1,27.8110105058727
1,10.1987822320807,1,16.5525084562702,1,11.0979797736073,1,26.8629183841036,1,26.7035593191944
1,4.56957051966591,1,10.7203006594187,1,11.6724839992839,1,27.1922405246233,1,27.0445484930022
1,5.9050961286473,1,13.6048162863457,1,14.2632716024655,1,29.541126310318,1,28.4038900065682
1,6.31277239685156,1,13.3006785443822,1,10.4234402046148,1,27.2305144738398,1,26.6131698156256
1,4.17182480736481,1,11.649505654376,1,12.0780441236068,1,28.3676932443653,1,28.0565388289856
0,5.31425209140908,1,10.6079240703917,1,12.4872969974781,1,26.105343554406,1,25.3933408830329
1,5.32186644676808,1,10.8006147630099,1,11.5068916303685,1,27.4464665627881,1,26.228239320503
1,7.80730267079911,1,12.8079279457909,1,12.0545107213809,1,27.5570261962829,1,27.1467657279324
1,7.68164941233711,1,13.4176343202292,1,11.093709852785,1,27.4910932523629,1,27.7016010196463
1,6.78322513700436,1,12.288606772037,1,11.0781269243765,1,27.7354455030443,1,25.8392207430926
1,6.77691937843068,1,12.664056005045,1,13.8106365075097,1,27.0731960433806,1,26.4786263539814
1,4.82737987006123,1,11.1489526673698,1,11.4271736714066,1,27.0597168167116,1,26.5829051023778
1,7.49212582686304,1,13.1088639121148,1,11.0054308236183,1,27.2303479850558,1,26.9654192664057
1,5.55166452908869,1,12.2853813780763,1,10.3187087571401,1,27.4365815218935,1,25.8533180259093
1,8.36000715091865,1,13.9692715320258,0,10.7228923666634,1,26.0494731028831,1,25.7338367866706
1,5.57334605543119,1,11.8112161742977,1,10.6416687508742,1,28.4581289734624,1,26.9992899414286
1,8.33283308305704,1,12.842608549975,1,9.62872338096842,1,24.9792020260349,1,25.0609531411751
1,9.28173557092395,1,14.3072518762474,1,9.84037610616618,1,27.3314441017176,1,27.2575715814489
1,5.0520786276538,1,12.4731805745594,1,10.3876136134167,1,26.0312066611768,1,26.8603877739826
1,7.44912645407859,1,12.1517087159775,1,9.87021496712496,1,25.9995868016565,1,25.3951464528181
1,9.74008200966517,0,23.6828589397752,1,12.2574513006331,1,27.2229084379841,1,26.7807640969333
1,8.38759233502842,1,15.3631428907662,1,12.6413690996547,1,26.3382822277716,1,25.4957404225799
1,8.49384294292012,1,13.3051599907209,1,10.4192468777019,1,26.7128230431481,1,25.245474090123
1,5.91840079332703,1,12.9747950884795,1,10.732904894691,1,25.1130261077222,1,24.5410505043434
1,5.18682876588838,1,11.6010884378314,1,9.81846454156562,1,25.8989711492089,1,25.6995853515438
1,7.28341196880673,1,14.5003608418032,1,12.2001707310348,1,27.2751970474483,1,26.2167841470077
1,5.45846933884216,1,11.0651626749365,1,11.4312393650526,1,26.0641508197958,1,25.0017522351033
1,4.79927963460118,1,11.0953091500819,1,12.3649175538873,1,26.440466967868,1,25.1003838926841
1,11.2947980604615,0,16.5192687693581,1,9.81592711413757,1,26.9245981024139,1,25.5169252048241
1,5.97943600065335,1,11.9627567476991,1,11.82037753044,1,28.5380316175386,1,26.5593252226121
1,6.22601480653797,1,12.2323065192524,1,12.3529132523162,1,25.4930298359346,1,25.1758647595432
1,6.41694098544282,1,14.3414643134805,1,12.3041184619959,1,28.2663843526291,1,27.3315708318461
1,5.41703393609958,1,11.7096465531783,0,13.2525253958539,1,28.2137675840932,1,26.5068623928653
0,5.41873543357002,1,12.3588598950914,1,12.2967341033483,1,28.5408413210131,1,26.7485542126502
0,7.34088005676437,0,13.7725263903457,1,13.0915607751896,1,26.9180676386076,1,26.8483127520427
1,5.15749433549771,1,12.9887992104436,1,11.7273780503653,1,28.4808498933564,1,26.2567590383199
1,11.2889245078545,1,17.264901579366,1,11.2679656167095,1,28.0679225711691,1,25.3131480778406
1,6.82603438810236,1,12.7513137341634,1,12.3426576191692,1,27.3259849102495,1,27.9219756537163
1,7.84337399866043,1,19.8279528444674,1,13.184825059672,1,32.5480223626958,1,27.2672640132801
1,6.80955105728415,1,14.5013438595085,1,10.8498900633674,1,26.1792676195924,1,25.0716627695728
1,4.87996939800702,1,10.9275195517988,1,13.0225359605381,1,26.8591353497474,1,26.4536198028606
1,6.95166324825737,1,14.1109188075206,1,13.2110130586503,1,27.2213168357477,1,26.0510876493433
1,4.44071207696999,1,11.5015925084775,1,13.9989376655696,1,28.4386065309496,1,27.3085951546735
1,7.17784393952634,1,14.9051480035534,1,12.8199412929749,1,26.7251614700298,1,26.1406162513796
1,4.64320853304076,1,12.3954098923189,1,13.0793965940672,1,27.2377689701496,1,26.728620528819
0,6.88385158428143,1,13.7886718244901,1,13.6608674318213,1,26.6437057137626,1,26.3895415616029
1,6.66406254288793,1,13.167977724772,1,10.582338447245,1,25.8335156462058,1,25.2275152471505
1,6.07306449612397,1,13.0467390747199,1,11.3972283225893,1,25.2475011548402,1,25.2125199978971
1,4.99354888935996,1,12.0119344732928,1,11.9994952982517,1,27.4120379746627,1,27.2844300509339
1,6.6360577207564,1,11.884310972228,1,14.1427899722769,1,28.1932579400077,1,27.8476228386427
1,4.72624382054163,1,11.6676533291463,0,11.549275980041,1,25.3897318768088,1,25.3400933203078
1,5.92800263255651,1,11.4704670558195,1,8.50903529448759,1,30.888330310335,1,27.3125858943396
1,5.37861505775098,1,12.0216991540551,1,12.5208377178647,1,27.1534555331508,1,26.914842024485
1,4.93126974656052,1,11.0085444521006,1,8.77404195211279,1,25.3565289293371,1,24.9987533740784
1,7.005213456665,1,16.6808690683526,1,10.6823874715675,0,28.8259860700524,1,27.0370937900587
1,6.49809410101275,1,12.7809270425897,1,10.3453359085887,1,27.1340180666664,1,25.8493987396127
1,5.01786945114819,1,10.5209714746276,1,10.1745805325947,1,25.6325512493012,1,25.4570932084114
0,9.81876048106572,1,14.9192250868271,1,10.4114935493065,1,26.129320010155,1,25.0386079690537
1,8.10527227311304,1,20.4553332138865,0,11.7378888185582,1,25.586640707702,1,24.7593374991005
1,7.92929877456227,0,16.7374431871126,1,12.5071986295925,1,27.8457002326084,1,25.6680996824109
1,5.84846913328026,1,11.5743924616215,1,13.4206800199608,1,25.2594137995727,1,24.0537747767181
1,7.192137607919,1,13.6864557982691,1,9.78490770157148,1,27.5180523140929,1,27.0624132421568
1,9.3076926739468,1,14.6580043174705,1,11.2616918161888,1,28.2953729337355,1,27.1326263771181
1,5.31729313634911,0,13.3107224922603,1,10.2186610841768,1,27.512715784839,1,27.2723291883196
1,7.97229420064951,1,13.8261814015831,1,11.8227868469197,1,28.7044904678954,1,26.3810292127166
1,4.11062202665675,1,10.9504650090273,1,13.4068502146022,1,29.2767529248561,1,27.9386381611452
1,6.57854318675054,1,14.2279972472274,1,12.6645007962956,1,26.2658861079985,1,25.9365906689899
1,7.66619858948836,1,16.3455111219227,1,13.6462278668513,1,27.2790254341452,1,27.1674607472501
1,8.1995305922124,1,13.1680988791206,1,11.8631512099035,1,26.0484023270609,1,26.4179873533464
1,5.53413996134613,1,11.4516240441595,1,12.2824714134089,1,27.4130788814151,1,27.4393073813522
1,7.22122752429206,1,12.580809642118,1,10.8738959447243,1,26.899639708951,1,26.7393054839371
1,5.08612275599535,1,12.9056677210466,1,10.9261159010138,1,27.7561101339429,1,27.6164114992611
1,7.25150975848339,1,13.6392081825082,1,9.09455177337186,1,26.9436887989806,1,27.0840094711566
1,5.38225174780339,1,11.4471182948059,1,10.7667502076417,1,26.1133130571023,1,26.3060287553306
1,9.95304546914736,1,15.5006285528078,1,9.08063524202821,1,26.2809187138682,1,26.0220724555145
1,9.56210687640199,1,15.204109002844,1,12.5614039072613,1,26.3204513501269,1,25.9670248457947
1,8.00842385149651,1,13.2499813449346,1,13.3965428884113,1,28.7714122702826,1,27.5708964015884
0,7.28659520424966,1,13.6814609068324,1,10.0343501799444,1,26.5553875333702,1,25.9221346920459
0,5.35708445403662,1,11.95506586942,1,12.039004807007,1,27.1134482039332,1,27.3397851078015
1,5.42262062757999,1,11.4417107592021,1,11.1493683296537,1,28.3713083800199,1,27.7142130170083
1,4.68710316047433,1,10.8957248380833,1,10.6064255944424,1,26.5418645799781,1,25.6330855130763
1,9.95225990640247,1,19.8696486723907,1,14.9794061675512,1,26.2859505526439,1,26.4191248723017
1,6.16413316318204,1,12.5840368717922,1,11.6690892870816,1,24.1399753702821,1,24.0394687772973
1,6.34002271249432,1,12.336125528841,1,11.4986625401653,1,27.3289022402864,1,26.4730453061615
1,5.94433166123183,1,14.2522831519797,1,12.6964367015336,1,26.0418609364003,1,25.5541445065848
1,5.22334123261453,1,10.7629117960471,1,11.3998428665611,1,27.0928415564128,1,26.2190550034463
1,8.04581023084243,1,17.5813894525054,1,10.7295830448503,1,26.9362836329989,1,26.7810574341959
1,8.36805694146521,1,13.9242304172013,1,17.142840962126,1,26.0357301252743,1,26.4771670838037
1,8.451795923475,1,13.5166712557718,1,10.6145477228062,1,26.8297325999116,1,26.6972427932371
1,8.70564990976028,1,14.5628334496125,1,9.8393278562688,1,25.6992318197764,1,22.8907303033687
0,3.95102835210407,1,10.2755892897912,1,9.85908503781159,1,25.3948108523084,1,25.7394022651255
1,6.03002776032788,1,13.6474547149283,1,12.7695865265541,1,25.2060835317343,1,25.1239066938076
1,4.29907391568736,1,12.0260679334655,1,11.5151703319904,1,25.4682923869019,1,25.4104371600957
1,4.49064680905004,1,11.9853180190246,1,12.503728631572,1,26.7334794524119,1,26.4137130695066
1,4.05807639232154,1,10.9406804795245,1,12.3456965939884,1,26.4859065326654,1,25.441047703911
1,7.2489643401438,1,12.9691403701916,1,12.4156105389637,1,27.4925023742105,1,25.9160998355815
1,9.10289162352108,1,21.1425912327232,1,11.6642756866735,1,27.1897778480311,1,26.0467977325779
1,4.62916561241631,1,11.0816059263275,1,10.8130999367246,1,27.8127798790417,1,26.5076714548496
1,6.31571771772798,1,15.1954880346097,1,12.4938263505305,1,26.1720999904467,1,25.7984582917815
0,6.78015645724741,0,13.9777391219366,0,11.2546472469142,1,28.2042642962576,1,28.3005729339497
1,5.12548177378646,1,11.2877596582028,1,12.3426096263312,1,27.6764010606546,1,28.1496489959583
1,9.29151125710789,1,15.586706046452,1,12.8362592246984,1,26.6358382169395,1,26.1507187872158
1,7.92294489154816,1,13.9426487441789,1,12.2771689931085,1,26.9426950910553,1,26.8308611093276
1,8.09072304335594,1,13.8319117925981,1,11.1763710777347,1,27.9565415957938,1,26.8985844599121
1,5.61500839195249,1,11.9202156451006,1,15.7892160683588,1,27.0383728804395,1,26.7929078936308
1,6.72293100044769,1,13.2481663524405,1,9.9675943531065,1,25.2104665895181,1,24.5486660556352
1,6.462293660521,1,15.1724326821751,1,11.5000461665521,1,25.2501055793278,1,25.1282181464997
1,5.68096970679398,1,11.9356708330385,1,11.9356226328849,1,25.7680183513417,1,25.899425506443
1,7.48143968959086,1,13.303402975746,1,11.8680233988532,1,24.8777227154312,1,25.5173935803777
1,4.17622055875488,1,11.7559791751362,1,13.3740249268278,1,27.093316504663,1,26.5787597473152
1,5.84715997960833,1,13.7654384192524,1,13.7020550243484,1,27.6034300292848,1,27.3411609193197
1,5.1480804799903,1,11.1460212048021,1,11.5969627947264,1,26.733552534146,1,26.601500431172
1,5.34752434547168,1,12.166761049292,1,12.8266599395104,1,27.283251209815,1,27.265957153873
1,4.14301736506129,1,10.3211872856548,1,13.508879203738,1,27.5058068217032,1,27.1708287818167
1,12.5573033717023,1,15.4730141114074,1,14.4162400574532,1,26.0814265990846,1,25.6542252191288
0,6.11677584504745,1,10.9065511038672,1,12.8964759616965,1,26.7163006155279,1,25.8751274039264
1,6.00001122946856,1,11.9912543819878,1,9.85606307740209,1,26.7218631861638,1,26.0924570411561
1,5.89943847943882,1,12.512908522207,0,10.3617111021399,1,25.9754555365658,1,25.2738220864266
1,10.434631114965,1,25.5361554457115,1,10.6090071684581,1,24.1814656930189,1,24.439870056505
1,5.67173782676765,1,13.5949157386221,0,12.005891803583,1,25.9720330112538,1,26.2305574632574
1,8.73008340879815,0,16.2421339059985,1,10.1115535391658,1,29.6923876702496,1,28.9722626054292
0,6.9887962480589,1,13.014336321781,1,10.6821509921354,1,25.2056033389586,1,24.8367641978501
1,4.45177416502368,1,11.5710982720349,1,10.2717990104889,1,28.2569850503272,1,27.0285526709944
1,4.81996189986287,1,10.4545668701677,1,10.6139240256358,1,25.9319162097056,1,25.6311507025799
1,4.11796232836762,1,11.4228520272031,1,10.6841654336013,1,28.2331997090651,1,27.5655650427409
1,5.06853411062279,1,11.6800884012832,1,9.93446783278585,1,27.8996990465204,1,27.1831453325259
1,6.82192848552466,1,15.3515475183512,1,12.2256190031109,1,26.1617145006208,1,25.7755989983955
1,5.1213041693323,1,11.7758390982824,1,11.2466320129599,1,27.744273227492,1,28.0090051941541
1,5.89382376107084,1,11.5910737432283,1,10.3459216265052,1,26.556957374033,1,25.970308046766
1,7.43106286702557,1,16.1366391383457,1,11.7398168500567,1,25.9847784575649,1,26.0957683141833
0,4.62851583148456,1,10.7301857105,1,10.8591434893649,1,27.044913726337,1,26.3012616637689
1,6.67705028932866,1,15.228700289336,1,11.3890374986955,1,26.1380262438155,1,25.3670786766017
0,3.92818841500367,1,9.96320136660111,1,9.12275071721116,1,24.6568309156907,1,24.0360033956761
1,8.70625239356794,0,20.2180791370136,1,10.4305733962564,1,26.332042555959,1,25.597444047902
1,9.73678496176119,0,17.9852784844935,1,11.4940692772294,1,29.0487163480822,1,28.276428109117
1,7.73231623492298,1,14.3722105131721,1,9.22741246299009,1,26.6664972425867,1,26.4916427838608
0,4.56973085372043,0,13.1768792222392,1,11.6804674805032,1,27.1362409272247,1,26.6475469328191
1,8.31637156213462,1,17.06707536762,1,12.4635040865278,1,27.2360525957214,1,28.0164602638427
1,5.12432698628583,1,11.7600547624219,1,11.7574178842978,1,26.6765324680064,1,26.2076412977001
1,6.67773347217783,1,16.165490650238,1,10.368840283686,1,26.3913256002315,1,24.7580590118359
1,8.12489339425777,1,14.6141124729214,1,10.9126918894865,1,26.0630760958429,1,24.8330263458507
1,7.99185806599817,1,14.4448363449614,1,10.6581462605432,1,26.1241559689241,1,25.1845664983849
1,4.28705573404022,1,9.62645871763742,1,10.77379440508,1,27.329324431261,1,26.4142642459634
1,6.18689842625942,1,12.6352124643167,1,12.9963806554407,1,26.4872688002474,1,26.2311517423266
1,8.7255916882233,0,19.3325312377368,1,11.8368554715219,1,26.8385242911023,1,25.9802177316358
1,4.86759723826746,1,10.7405387970193,1,12.2091917070536,1,27.9073887926597,1,26.4242356410476
1,7.14363889384143,1,12.5285785172758,1,13.0160850965136,1,27.8173482724162,1,27.5317979980442
1,7.03835633542064,0,12.8132425650069,1,11.6988613030536,1,27.048767836028,1,24.9016802068597
1,4.67885184111691,1,11.1885197163569,1,16.2149422562626,1,27.4051499130107,1,26.568416587858
1,6.57523264087908,1,15.0543095831465,1,13.0591234614283,1,27.4462790272221,1,25.8121542451932
1,7.46262908783217,1,12.6022634270047,1,9.23741528680111,1,23.7689478135932,1,23.4133685684099
1,6.43917220216938,1,14.0780366754258,1,11.3379070043015,1,26.5261288771589,1,25.9992769676284
0,12.028921763958,1,24.903899297852,1,11.4011045343247,1,26.9138962500562,1,25.8485474133975
1,6.20854412292952,1,13.8407573335786,1,11.0000536232779,1,28.165023211305,1,27.6110379885407
0,4.68592488701077,1,10.9526338264533,1,10.8216012163581,1,28.0006027317205,1,26.0931771380785
1,5.52065105205025,1,12.6152415633919,1,11.0910862142608,1,26.9569998645816,1,25.7758365447628
1,7.60610697201979,1,13.2826038474563,1,12.1675183690518,1,26.9215072555103,1,26.5134074913546
1,3.9343914418635,1,10.4325000833803,1,10.9792223362541,1,26.6951194984077,1,25.7252226661919
0,3.98238198726553,1,11.3369536765961,1,10.1683594160645,1,27.3429202837789,1,25.8019210820158
0,5.21470662048184,1,11.1131040762035,1,16.7642435907411,1,26.0856677262185,1,25.4391920486365
1,5.81914682150359,1,12.4929376187739,1,13.6566423292564,1,26.0124190583281,1,25.5165512149614
1,7.83138392442523,1,17.5438512607744,1,12.3294626054451,1,26.9745868486044,1,27.2072590419092
1,7.00463504853311,1,13.2054331730753,1,11.07537571532,1,25.1829982872715,1,24.7320607900126
1,5.37396424896064,1,12.7281966472631,1,12.0026744711275,1,29.1179809060612,1,27.9761940843162
1,5.09220586535703,1,12.6390979087166,1,10.4775323248746,1,26.3362511454865,1,26.0263680336665
1,5.6750441834454,1,10.3199217008562,1,9.90892212129057,1,26.9260738251114,1,24.7897374902555
1,9.38915449293401,1,24.7096171719444,1,9.58561155002554,1,27.432661636269,1,27.289076099891
0,6.81797356305054,0,12.3598794468344,1,11.8644923995371,1,29.1442378044161,1,27.4669147848668
1,5.3932687121679,1,10.9513419711193,1,12.3451931620915,1,25.2552631084872,1,23.6225457683339
1,5.6510062949749,1,12.7480827719647,1,12.377943906038,1,27.5198737641165,1,26.1331364061265
1,6.22430387345943,1,13.6788217560364,1,8.87598580952774,1,26.793126765077,1,25.975580045184
1,3.47844058050367,1,10.7116053419408,1,12.6326158994298,1,25.3422432936244,1,24.9101490756935
1,7.401414325492,0,13.002855963808,1,12.6553403778603,1,24.652890754751,1,24.4968870576675
1,5.60502712673334,1,11.9694033643121,1,13.3300024025092,1,27.2079184798956,1,26.2738312474672
1,5.41131132494977,1,12.442839022941,1,12.9588701140852,1,26.9938091898776,1,26.4607919820876
1,5.95094636793659,1,12.9299819989785,1,13.8061756661773,1,28.7842574434833,1,27.8355535406206
0,8.14887473068974,0,14.8473387434482,1,10.6235825790041,1,25.864688515663,1,24.3267828677258
1,5.22325038000282,1,10.7858731534651,1,10.8458395780008,1,26.4917558172899,1,26.6407116144135
1,5.95041432506413,1,10.3256460078771,1,10.1292451901855,1,28.2939099812272,1,25.9321616451672
1,4.22902069916961,1,10.6107311617745,1,10.9114233967117,1,27.2088978957494,1,26.1590510947404
1,4.18532799037926,1,10.538684206525,0,11.0341136104265,1,26.7361293380479,1,26.1010423594609
1,6.37761311031118,1,13.5386871252148,1,10.3368587590716,1,27.1421953507648,1,26.4452887594101
1,4.04081097773431,1,9.72706672420422,1,11.598480971657,1,24.93856338883,1,25.3854648651338
1,6.62391933806128,1,12.8256278228634,0,11.2510219366603,1,25.4857013133819,1,25.797194892541
1,6.06510996206579,1,13.9286183575154,1,11.3733877548564,1,27.9211279081615,1,26.6895949560207
1,4.70014330649437,1,11.6244516388853,0,9.33457220251039,1,27.0206032795177,1,26.1005892703077
1,10.838527480291,0,26.6211802445897,1,12.0897853900487,1,26.4504647885242,1,25.7743977368155
1,8.95463326034668,1,13.6225498787596,1,11.7890237925189,1,27.2455602340282,1,26.1521974536471
1,4.89463374488962,1,11.5666901825966,1,12.6814722710562,1,26.4942080336061,1,25.990875724147
1,4.85000141137944,1,11.9662812050761,1,13.2207291637878,1,26.688156670133,1,26.050583251794
1,6.15132983343437,1,11.8932045479533,1,12.2944734962429,1,28.4782232507286,1,27.5302459178883
1,5.03710598260404,1,11.9187857284433,1,14.3906553057729,1,30.940068691914,1,27.5796928200179
1,5.71551306807291,1,11.5384541441483,1,11.6145430249057,1,25.5748849596536,1,25.9203381886585
0,6.7393314011872,0,14.7174525180074,1,11.4504962442951,1,26.7068958902951,1,25.6756810222023
1,5.90603474055825,1,12.564872590116,1,12.8321832722056,1,25.3353164047196,1,25.6154594397902
1,11.0709351811351,1,16.1007454352843,1,15.7820962936482,1,27.9081388234719,1,27.0350917009207
1,7.02555155260734,1,15.1728793878304,1,10.9094524060513,1,26.403493920541,1,25.9595134284564
1,6.17578010179801,1,12.1681443501168,1,10.3302660160767,1,26.3862391167609,1,25.9377750576263
1,3.9829404466574,1,11.5143059744424,1,11.4334936423513,1,28.1742083489758,1,27.4835252220996
1,6.59911852903422,1,14.6814232749659,1,12.4071132506902,1,28.8664068743361,1,27.8978971984475
1,8.45052482823659,1,16.8490268571787,1,10.5704314272081,1,26.0639930890692,1,25.1441294630875
1,8.31343714296528,0,14.9577739867272,1,12.7142290347443,1,25.2685188708399,1,25.6887800660005
1,7.77513170200823,0,16.9958784276063,0,11.549080614018,1,26.3970104079609,1,26.0716323656173
1,6.16779015089772,1,11.8975948846214,1,11.4589042481485,1,25.6800408745304,1,25.5470094145641
1,7.36647331758183,1,11.9826990067214,1,12.3087499203686,1,34.5762286802808,1,28.1657660654461
1,5.03813766231595,1,10.9036756226674,1,11.2435567341981,1,26.2065931685588,1,25.0584218133709
1,9.65082440588086,1,17.3395448630529,0,16.3498394927171,1,28.5661903022479,1,27.9733391767152
1,8.13052271154688,1,13.1004209118272,1,12.5544466529524,1,26.6684773724963,1,25.998127948421
1,6.68511215531727,1,12.3424801419529,1,11.5777061673585,1,27.8518910297968,1,26.7364502770092
1,6.35109352023225,1,12.2909442277092,1,14.6403816797394,1,27.3487467795966,1,27.8496300888849
1,3.6517784375626,1,11.1158887412592,0,11.8984518289945,1,27.524360666522,1,26.6843435011853
1,5.40472962531103,1,11.2943003490527,1,10.2774987678551,1,28.2309960114034,1,26.4666399472976
1,4.85841761700607,1,11.8895586432673,0,10.3755867905905,1,27.888669078457,1,27.2723215059892
1,9.19781411878728,1,15.1609547004556,1,11.2052047450018,1,28.4207217404503,1,26.8001803535023
0,6.67510303800061,1,12.5795406436159,1,9.78058226430656,1,23.799057217262,1,23.9993895530732
0,4.28894914499573,1,10.2368980337003,1,11.144803278949,1,26.0847127586435,1,26.675416950136
1,7.95574029956732,1,13.058400659529,0,13.6778031272635,1,26.3881691865051,1,25.881255032164
1,7.20450045138707,1,14.0852049159525,1,11.5307953902998,1,26.4847014004594,1,25.7511562681473
1,5.00997504885004,1,11.5947916939742,1,11.8028108476631,1,27.7301042163922,1,27.6432676740509
1,5.01203359813479,1,10.9994236194951,1,9.95419086908764,1,25.6388130970636,1,24.6930519467556
1,8.42735420810008,1,13.0879494142182,1,10.2730036778608,1,26.1496297985519,1,25.9243113825823
1,9.68084418894392,1,18.8962817233726,1,13.0509254900874,1,24.6657130606302,1,23.6721302499376
1,6.5291574906424,1,13.2871225301257,1,11.8727273460059,1,26.9736604194606,1,25.8826658393489
1,11.5803117445338,1,16.2708136685516,1,14.6306624087242,1,25.5371922052502,1,25.3491012992795
0,5.83040103772161,0,11.9881422527588,1,12.6010228861649,1,27.5299399602019,1,26.7678763673681
1,8.78203736085352,1,14.7574807000549,1,16.6144241582516,1,27.2195580072393,1,27.2390223571468
1,5.06175676460691,1,11.0132727512589,1,9.96033097685418,1,24.9313636888063,1,24.5244481839002
1,7.47638834520334,1,13.3995178761383,1,12.2458347564046,1,28.6939198862936,1,28.524825844217
1,5.61313168028843,0,12.07448809698,1,10.6973542185272,1,24.9665298705799,1,24.8999968512348
1,8.13093861432333,1,15.6139079832859,1,10.9825061728667,1,28.3372412950017,1,27.7300526009119
1,4.93203190025031,1,11.5252211866084,1,12.3728559784688,1,24.8554600984347,1,24.2613522849303
1,6.36876130128766,1,12.0634891208337,1,12.2747594450732,1,26.5519205529132,1,25.4358237235158
0,8.81395868636422,1,18.3600679243565,1,11.4654686743872,1,26.232015310426,1,25.5594408648432
1,7.02647694723078,1,16.3818176695785,1,11.4747508976752,1,26.5156947854635,1,25.2678788859964
1,5.65314254397418,1,11.2700493782938,1,11.1292338991811,1,26.0399603538268,1,25.7381868994079
1,6.67763565071887,1,12.8754274110792,1,15.7367659580674,1,25.7944860980713,1,25.4709928061334
1,6.74571013472835,1,14.6636423692097,1,13.3414106877385,1,27.4147475883587,1,26.2522230547795
1,7.36346772091421,1,16.9309300043082,1,10.7978712863955,1,26.4706017525164,1,24.8407382955193
1,5.84500031546629,1,12.2540702944596,1,11.4049328833422,1,27.9118096753087,1,26.4899872867445
1,7.41200210078445,1,14.2685002181061,1,11.7706523648502,1,27.5415541327083,1,26.483893245373
0,7.11378308644166,0,15.4644761824301,1,11.1972965728011,1,25.1920744288823,1,24.0556169028117
1,9.27032389089613,1,17.9955467573407,1,10.9643335963059,1,26.0290871652079,1,25.6289484838357
0,7.68542277286863,1,18.2372405174467,1,11.7549665852469,1,28.185471381528,1,27.6571108139537
1,9.07731458752658,1,15.4498497003878,1,12.6613858866822,1,27.439789173574,1,26.814198090936
1,7.59640652692175,1,17.552315414969,1,11.3639873103244,1,26.5219535454531,1,26.2452124308044
1,6.67201064559818,0,16.5646152052303,1,12.6719755615616,1,29.0235005685059,1,28.8817591166059
1,6.4150834292358,1,12.1928190768378,1,11.7220822502376,1,26.9246975085521,1,27.1011720471817
1,4.31924794840689,1,10.928751492359,1,11.9711937727883,1,26.5486355629914,1,26.5276090504013
1,9.07478385499896,1,16.3685383514577,1,10.6302702850929,1,29.0376204650881,1,25.5059943292609
1,9.49324369684109,1,13.0839761876728,1,11.3032444815381,1,28.0649678605158,1,25.310866960962
1,6.18000292511027,1,12.0175477748161,1,12.7474918700317,1,29.2940393880459,1,28.3508412103419
1,7.01110497213838,1,15.5408803207208,1,11.2986279350433,1,28.3650372764222,1,27.9848042843848
1,5.95443415396547,1,12.0288422439738,1,14.7871981010282,1,27.2865535009294,1,27.5087495228213
1,8.1192095989515,1,12.9207367520314,1,11.2940582576193,1,26.0857178945368,1,26.0254727943627
1,6.89367848644658,0,13.7242809177477,1,9.15773524841801,1,24.7302507249123,1,24.083822247563
1,4.87158117964553,1,11.6002616733034,1,10.869755499076,1,27.2072969474311,1,26.1758210681461
0,11.9248490978536,1,19.4504932637795,1,10.219676092215,1,27.4795848167253,1,27.1173442675584
1,10.2376725403292,1,17.3728356034183,1,11.0447624917383,1,29.0424946830057,1,27.8501299126309
1,8.8232381362694,1,15.8302365544582,1,11.5485366572316,1,26.4193942779694,1,25.883860562028
1,5.14140442223603,1,10.2473224855516,1,12.4411058973496,1,26.45522488594,1,26.3861165551334
1,6.47060583371018,1,10.8223919272708,1,11.1807032097131,1,25.5268785814221,1,25.0152773709767
0,7.44575591924383,1,14.9492923334283,1,17.1232684450185,1,27.0036234576959,1,26.5999325650624
1,6.63013293044356,1,11.6076756303167,1,11.5137689386052,1,26.2187364239141,1,25.6731244041145
1,11.317288519459,1,25.4440819367251,1,10.9450624651076,1,26.9645251857605,1,25.7341832266224
1,7.66889362258137,0,16.5938331781767,1,11.116534266488,1,25.5899749205969,1,25.2459392424959
1,3.88712266563188,1,10.6765283062017,1,10.9558101292868,0,27.9063615177102,1,26.4447233237307
1,5.46429913019555,1,12.768591832649,1,12.9630722314614,1,25.7296332884893,1,25.7385032830515
1,8.10071220401509,1,12.9797503901244,1,13.4666593707674,1,26.022187756409,1,25.6232027749767
1,4.2035258459764,1,10.7653557236038,1,12.6651012326616,1,25.5693097176064,1,24.9269372350283
1,7.04500644601046,1,15.5636826936887,1,13.4015074352621,1,27.5217395151015,1,26.7089679381171
1,6.1599090927359,0,14.7310632827932,1,11.7029236593754,1,25.9861423165051,1,25.794845754348
0,5.76676497569655,0,14.0700533092065,1,12.7542143715877,1,29.4440285475721,1,27.3282078288712
1,9.54804178361222,1,16.407751050395,0,11.303863540106,1,26.1477613575614,1,26.0893574674542
0,8.54999386393602,0,15.8746013065091,1,11.487591557501,1,24.6676938266358,1,24.093971973306
1,9.56895686766368,1,17.1680907819185,1,11.5249449477314,1,25.6530243380674,1,25.3567128536674
1,7.08192258277897,1,12.5482126775352,1,14.8217063788065,1,26.9355433854636,1,26.5941173057259
1,6.34942274307737,1,12.1848943268298,1,11.0832036632858,1,26.6945538204007,1,25.811835271064
0,8.52294343667984,1,15.7820600469756,1,12.618783323396,1,25.6096450343627,1,24.759564898406
1,5.00075695205091,1,11.2509020660883,1,12.9150489676221,1,27.8432642226382,1,26.3806607095653
1,8.41616552733542,0,16.3406368230641,1,12.5677220044525,1,27.1352335018701,1,26.2522460252531
0,9.41008335146146,1,17.4608621845365,1,11.1338063643412,1,24.9956912222941,1,24.7722251018957
1,5.27643924313036,1,12.9511821942118,1,12.1123923620645,1,26.9620034425398,1,26.106888306085
1,4.41630804997364,1,11.0913192181438,1,16.1553229961817,1,26.8081294706594,1,26.3558564706878
1,5.36150236581536,1,12.8148131609449,1,12.2691661108141,1,27.20863881949,1,26.5914668237649
1,7.74137884766047,0,16.7257571838393,1,10.5436150511419,1,25.7706058768019,1,24.6902261857553
1,8.57579959565745,1,20.3494546393406,1,11.1504961229245,1,28.2540487241792,1,25.9562558795593
1,7.36108030434502,1,18.2311869952342,1,11.661736951335,1,27.5301809762813,1,25.2100265067081
1,5.82918112219916,1,11.5612256429981,1,9.64554847688856,1,26.4734970643307,1,27.0032727278224
1,7.55561346703282,1,16.2020232207872,1,9.733906910404,1,28.0948117812579,1,27.5059361067282
1,5.9359399299776,1,12.994415934047,1,11.652217464787,1,26.3710911723988,1,25.6557444771627
1,4.65772365877064,1,10.744145852054,1,10.2809996246,1,25.3806963242006,1,25.1952468966689
1,9.80337962789233,1,16.2351241907319,1,10.6850979194296,1,26.9998690104249,1,26.7254691747383
1,6.20930280909624,1,13.2901122126999,1,10.1332158811583,1,26.406472307069,1,26.2175722350726
1,5.11043653978098,1,11.5774951979887,1,10.4272301607196,1,25.1481176515121,1,25.6176663346694
1,4.8714314043905,1,12.0609338386818,1,12.1746565973672,1,28.4383669009248,1,27.5676662124932
1,6.82507417153328,1,11.3798029009419,1,11.9823569398299,1,26.5797241949237,1,26.6611136430941
1,6.42146755794277,1,11.7800853346075,1,13.3058511995047,1,27.5512520035295,1,27.3785471885222
1,7.09235977448479,1,16.4780762842434,1,11.3350224416724,1,28.1263320941645,1,27.5054379200188
1,6.05052703005217,1,12.5561157101806,1,11.929692087281,1,26.3580283292355,1,24.9313257162813
0,5.54221763960352,1,11.7375019637372,1,12.2053903179421,1,26.6988533566911,1,26.7234897099931
1,7.34440008392006,1,12.8100710461649,1,11.9803416687597,1,25.8991236737531,1,25.5053710809202
1,6.5992733480224,1,12.5499419428152,1,10.6649228945825,1,26.8980221719868,1,26.7558101078207
1,5.06389617029503,1,11.6060936752612,1,13.5672463071238,1,27.4211224419526,1,27.0222514095669
1,5.75822878360902,1,11.2814784689066,1,14.4879458507559,1,27.558987419942,1,24.4893509753006
1,5.06999632370423,1,11.0913135179795,1,13.8454878042826,1,26.0576933535671,1,25.5951269175753
1,7.67092795333692,1,13.7474525796542,1,13.7880862900305,1,27.0593058372933,1,27.2382372960177
1,5.87681056437172,1,13.0411888533984,1,9.75035779194804,1,28.528706709733,1,28.1476328656764
1,5.03834814346688,1,13.6940661417836,1,13.1341974899859,1,30.8450996554047,1,28.979582885701
1,7.44397795450496,1,14.4342974659631,1,11.7917060049377,1,26.9557659957796,1,26.189192805704
1,9.4927683349268,1,14.7385288682111,1,10.8188045427437,1,26.8959165171076,1,25.8074588567995
1,7.22157091936465,0,14.5464737277565,1,10.1673247550965,1,25.6449882968264,1,25.5504672330157
1,5.7821001489479,1,12.127017848019,1,11.30568032788,1,25.4918781231685,1,24.8721599847959
0,6.79018531516664,1,12.1220168268988,1,11.8737819889987,1,27.4106882507347,1,26.8566398304942
1,6.58366527243499,1,15.841696889613,1,12.3190791317529,1,27.878014573847,1,27.7556482401036
1,9.99555452968474,0,19.517956886553,1,12.1511053468257,1,26.1038793191501,1,26.0341201999146
0,8.08475962527399,0,12.7739078973168,1,12.0543438453663,1,24.4414527640693,1,24.9272741444715
1,6.79886273419084,1,12.7027821784686,1,14.4539494393654,1,24.9662696691171,1,24.6577211208765
0,7.30500168140061,0,13.7581322703434,1,12.4833829866962,1,30.0458674841963,1,27.1771539178217
1,6.45248103327532,1,13.2292322884954,1,12.2625325047615,1,28.9271065244814,1,27.9769162866967
1,8.97750659120302,1,13.3654645697114,1,14.5049342051718,1,24.5682345213867,1,24.0736598766637
1,9.68063130497085,1,15.7704054297018,1,11.5593176029599,1,26.2535379440913,1,26.2759163943392
1,6.62871936727493,1,13.6740833079899,1,11.5805219096525,1,28.0340868521163,1,27.2413739970587
1,4.49840872531007,1,10.3588854495412,1,13.9856558425822,1,27.9841735444935,1,25.816263474478
1,7.78608648491466,1,12.2938181113118,1,12.2100977693112,1,26.4947483074598,1,26.3709548885242
1,5.36626459791397,1,10.8212678116572,1,10.8872640098959,1,25.773664637964,1,25.3110380121533
0,5.76450473623887,1,11.2208119928921,1,11.0534232162999,1,27.2499018866038,1,26.3021770715667
1,10.285592179053,1,14.6913560218022,1,14.194947440162,1,29.6213526947888,1,28.091625523904
1,7.74090583383863,1,14.116955560259,1,14.4742916849232,1,27.0567990370224,1,26.7588167918518
1,8.42742828849031,1,18.5510460018862,1,13.0670825478464,1,25.030350510112,1,25.7062187698711
1,5.73323528371505,1,12.1350348264087,1,11.0902978637235,1,26.3088221184453,1,25.9293874255015
1,9.77483795078215,1,14.275312473912,1,15.1088235779019,1,27.2528548637904,1,26.5325991919859
1,5.08186511096353,1,14.5509438792511,1,13.00613227801,1,26.9183874974395,1,26.2859441201735
1,5.40189784956682,1,12.6394349523351,1,11.8932281764039,1,27.7065262095475,1,26.9482491671155
1,6.1090040866605,1,11.9834841282385,1,12.7475032683287,1,26.9585824105135,1,26.1879217638458
1,5.92389550030444,1,14.4952327923865,1,11.4420052691438,1,26.9588166687531,1,26.4221591705181
1,5.28223413109363,1,11.4087707638985,1,9.679688425724,1,24.4177900996335,1,24.1730897671652
0,7.05174247186505,1,11.9644971650331,1,13.4070383294963,1,25.9484994465067,1,25.5226877654319
1,7.36835933938611,1,12.8155634021558,1,16.4582459571127,1,25.9191453693979,1,23.5697505241343
1,8.59405982006298,1,13.1498715680832,1,14.0545908368375,1,28.0264168235293,1,27.1215667656964
0,6.57502062370965,0,14.9692101341052,1,15.808607996894,1,27.3951763603992,1,27.1078047090606
1,6.89836634862866,1,14.4085621261595,1,16.0236559676547,1,25.9515514126421,1,25.0481488221058
1,5.33797031916254,1,12.1195808496607,1,14.2615143152813,1,25.7551614240563,1,25.3967469801237
1,7.11328473896465,1,14.0694508316508,1,10.9478289967909,1,25.447975517005,1,25.2871524890819
1,5.46501144057416,1,13.2748311503609,1,13.8303629407414,1,25.0808087509519,1,25.0852399165241
1,5.73872895813179,1,11.7325931819174,1,12.2820825623167,1,27.1522899104244,1,27.3209850450966
1,5.34091526170075,1,11.6098073432751,1,11.5294353512299,1,26.9580673627982,1,26.8278528172533
1,5.27115553702977,1,12.4804107897831,1,12.9716099981958,1,26.9366439803493,1,26.4230704716591
0,4.2932182410089,1,9.95843355483065,1,10.5337309757509,1,26.3366936829172,1,26.3215607683607
0,9.03280516552276,1,17.6075312333343,1,10.6942616789485,1,28.7060349286347,1,28.7015570833182
1,6.19547455692174,1,13.3943321996954,1,10.6228272747186,1,26.3413190620322,1,25.8967432026076
0,3.88704124968574,1,9.89586567157891,1,11.6464273691662,1,24.0469942635544,1,23.9499761818348
1,5.58086782944747,1,11.3013060367556,1,11.8095676704232,1,26.0852960926965,1,24.6326011402508
1,10.5497858074261,1,16.8300381122958,1,11.245118568945,1,27.413933657693,1,26.738691744526
1,6.67927678235681,1,12.7605336901968,1,11.199473738185,1,26.7527645533988,1,26.4803497124729
1,9.44671342639785,1,14.9254264951476,0,10.1368059544397,1,27.3138219858627,1,26.9485402607266
0,3.98650936856326,1,11.6665300869527,1,10.625200334366,1,26.3253642715529,1,25.9675230973254
1,5.39665893861101,1,11.0141373426297,1,12.0562813558118,1,26.9022743879636,1,26.5575766558109
1,11.9316660020594,1,22.1378497557211,1,10.1431402997512,1,28.2279392287934,1,27.7274517015059
1,5.5782265212068,1,11.3252931101885,1,10.5459920648357,1,25.8101861986319,1,25.2388642817688
1,7.39863118835242,0,14.1779779076069,1,10.4498966249368,1,28.0418400660022,1,26.8346260168551
1,6.19776255600558,1,12.7560771420206,1,10.8966551613872,1,28.8702446209694,1,27.655016683573
1,6.56789691391053,1,12.7459777542288,1,11.8858846447835,1,27.0032352236802,1,25.0522214663655
1,5.83405407806928,1,11.7804356004965,1,11.6346738310558,1,25.523477772136,1,24.8565890353434
1,8.95247120524233,0,18.4467354581676,1,12.4819870795849,1,27.3294226086435,1,27.7641634574146
1,6.45598179418735,1,11.9461141253744,1,10.8274369629411,1,28.4851609544043,1,26.6607668545895
1,3.6769861643797,1,10.1816341808519,1,11.3958304902194,1,26.2986754943905,1,25.3615615777491
1,4.19028947090704,1,10.3504293802287,1,10.9576672911318,1,24.0641386510495,1,23.542542566106
0,7.71978316477718,1,13.6825630681474,1,11.9198398739644,1,28.2965589357509,1,25.5522867071152
1,4.67443333929711,1,12.7659076481502,1,14.479594963086,1,30.5060465013616,1,27.4549301868942
1,5.79277526382796,1,11.5267033862228,1,12.4153679006011,1,26.3860509067869,1,25.6986378239447
1,7.1155816831084,1,12.6118089594638,1,11.4902321098384,1,25.9839213449065,1,25.9048504458506
1,10.5379556442265,1,14.9337504079686,1,12.4197916905973,1,27.5468093546803,1,25.9308169075068
0,6.08264129053379,1,11.2482069804083,1,9.87112293315294,1,25.2085244329413,1,24.4501440375562
0,7.53196651777878,1,15.7449133960025,1,12.8167688434071,1,26.3471797254062,1,25.9868553749984
0,9.02679982128373,0,18.6011300155884,1,10.0674329123874,1,27.4441410530064,1,26.5536364668204
1,5.90585854855603,1,12.0582417148262,1,10.1014055182311,1,27.4260554833696,1,26.5960779030795
1,7.193981940592,0,17.5089857719199,1,10.6098404828024,1,26.9259003275377,1,26.7946046389233
1,10.2899502304241,1,21.9763599021696,1,12.9807769977676,1,25.2138134821503,1,24.9067170292072
1,5.67650977539248,1,11.7357144289186,1,11.9462411349679,1,25.0680632391697,1,24.403430221398
1,5.97124027949285,1,11.4220079440365,1,12.763528184571,1,26.8033323115894,1,25.6128522138396
0,9.80581060552878,0,15.5256392493552,1,13.4762926214669,1,25.2961660384346,1,25.2224940020591
1,6.39299753352609,1,12.2679419487593,1,11.2413562046195,1,26.2246774929722,1,25.7778988316292
1,7.34959089024725,1,17.045987330272,1,12.4503677297852,1,28.0596102296459,1,26.9286893421764
1,7.44331815000606,1,17.2998423595031,0,14.6986378471416,1,26.3955357731443,1,26.2371380355529
1,7.24714408542838,1,14.8752826656865,1,13.749323905401,1,27.0282842905228,1,26.018152696072
0,5.13648611659558,1,12.3326116614349,1,9.52354447648244,1,26.2904779582399,1,24.3204952887311
1,3.5732388139643,1,10.3146326777799,1,10.4789540883852,1,25.6958340316682,1,25.4872695554584
1,8.17315829659907,1,13.5940022386419,1,12.3675626997435,1,28.3885640132585,1,27.8964694753679
0,3.40217325518819,1,9.73698739788472,1,12.5642169284793,1,24.8197231425773,1,24.3416578006313
1,5.58395184726869,1,11.2587554201873,1,12.1322916783536,1,26.1643269745262,1,25.5487855031491
1,5.42260845502642,1,11.623820483168,1,10.4950109031945,1,25.371129558962,1,24.7174520921306
1,6.4010384796474,1,12.5510406230798,1,12.5471835209228,1,25.4521157907753,1,25.2175935888109
1,4.8588455024405,1,10.102064005023,1,14.1117697030203,1,24.3942028233496,1,23.9031207579771
1,7.23262391132771,1,14.0989538292,1,15.9216258320515,1,26.3596864708818,1,25.986625546877
1,4.73159787290516,1,11.5382229467069,1,10.8115224583918,1,27.5558594333169,1,26.7681142255361
1,9.22963373760608,1,14.4679980848216,1,13.2215966371288,1,30.5474160226021,1,28.7090254583127
1,5.47586932612369,1,11.6796008178446,1,12.5105969223006,1,28.1422679616712,1,26.5167949113993
1,5.94383009922374,1,12.103367622102,1,11.1581583149354,1,25.0762676963104,1,25.0302617800969
1,4.7620715437875,1,11.1207616489285,1,12.6365663348789,1,26.64875166483,1,25.1749415722205
1,4.27679779040582,1,11.5634847946785,1,11.6497250848941,0,29.4608466548351,1,28.4067787715205
1,5.24707824268946,1,10.9441646460034,1,11.8034797809622,1,26.4153246241446,1,25.7654028009318
1,7.19627619044225,1,13.1144072947895,1,10.7784957771151,1,26.9575655054273,1,25.6798297434917
1,10.688017996848,1,25.7726371038306,1,9.74884672861909,1,26.9805952077433,1,25.9462080001118
1,5.76255052816803,1,10.7485417843251,1,10.7707168905198,1,26.7541479517553,1,26.6201244307474
1,6.93859789089443,1,12.5074444332154,1,9.0705288526768,1,26.7626255245238,1,25.9957107522694
1,6.43417485440381,1,16.0683063278209,1,11.8479132896047,1,29.0618825460542,1,27.6310998101816
1,5.01199803045295,1,10.9353980838699,1,13.3535979012659,1,25.7714096526629,1,24.9795810398048
1,5.43356284667851,1,12.0325653854631,1,13.7308092351569,1,27.8168429792081,1,26.9376837455407
1,4.66887873264301,1,10.9546445237131,1,13.2811805884861,1,26.8503703995443,1,26.661664950339
0,6.034115659463,1,13.3818837523911,1,14.0207717050799,1,28.4955116674676,1,28.3395918552565
1,4.1612613393552,1,11.5067578042006,1,15.4555882267167,1,27.8645010017446,1,26.8746043267459
1,6.94997710533554,1,13.0115812194571,1,11.479879765603,1,30.3397124529664,1,27.1235638056323
1,6.05017809960537,1,11.2329530588188,1,11.0770877660097,1,24.9824307796661,1,25.6814298069972
1,3.8701617129201,1,10.3708655530692,1,11.6648621513562,1,26.5429699564808,1,26.7265276260631
1,9.51801917903467,1,20.1989977208734,1,11.5970184855844,1,27.9970948417369,1,27.5813417323101
1,5.17675791569501,1,11.5141141872282,1,11.6230264250384,1,27.6782171756623,1,25.6918849624994
1,5.46810552094654,1,10.6206471292468,1,12.5512140120608,1,24.7565664798951,1,24.9134289884568
1,4.63773590258843,1,11.9534457786188,1,11.8694760905795,1,27.9827166108056,1,26.2342650300133
1,6.19305386366096,1,13.1323382878194,1,11.5569256889367,1,27.1231022629024,1,25.9169949531521
1,4.93942997142954,1,11.1726850760171,1,13.1416525093322,1,27.665135946829,1,27.662781957581
1,6.77454345114023,1,15.8447849556389,1,11.3578227533459,1,25.961446537313,1,25.9322479122016
1,5.99842224030461,1,15.4585845681073,0,11.0292392943759,1,27.522498754686,1,26.7268312172263
1,9.14584981166006,1,20.4172610784327,1,9.74578871368557,1,26.6179276381941,1,25.2828051279843
1,9.68868296607751,1,15.0032933461375,1,10.7937405717939,1,27.1272947293766,1,26.3117590554402
1,7.18291274007303,1,12.9122198147686,1,10.456362897948,1,25.556847967802,1,25.1338143510437
1,4.1567980048058,1,10.7526353230566,1,11.9048817891609,1,26.8861998386387,1,26.1274599701119
1,4.46662409298422,1,10.1993079520664,1,11.2288834817404,1,25.5840311168187,1,25.1364338890001
1,9.03276173862633,1,14.5428766896947,1,11.8521812197808,1,27.0263859836039,1,26.026152844606
1,8.12639422006202,1,19.0734451718883,1,9.99855093439052,1,26.5848420587411,1,26.9496084474501
1,5.00842881120467,1,10.9877888612352,1,9.67287972137138,1,24.8062828666917,1,24.6743070065221
1,6.59066539727421,1,12.9181719836149,1,9.24108310646527,1,26.3042365977411,1,25.2671439250366
1,5.67313891956729,1,14.0955045486794,1,10.4131436457343,1,25.5245858248948,1,24.4519005209048
1,4.6059194587782,1,10.829935564674,1,11.9290773765712,1,25.6081207018953,1,24.5243017855235
1,7.41570121336664,1,13.9599514192571,1,12.2294409332563,1,26.192601629014,1,26.2365248636908
1,7.02399349060519,1,14.2112531948108,1,13.1341324617929,1,28.6115619856444,1,28.629746597406
1,8.21637678361117,1,16.5540737108712,1,11.3266912745915,1,27.8343616952775,1,26.7294385748746
1,8.97079751944094,1,18.990241388492,1,12.3695859710044,1,29.0330154073006,1,27.5221400018106
1,10.7920629945478,1,14.9513359753814,1,12.3696447456682,1,25.852837202917,1,26.031092066705
1,6.86714780281,1,12.0458649935688,1,12.5104312209039,1,25.811568861296,1,26.4879754064762
1,7.71347344874794,1,15.6010271610259,1,12.6870969945313,1,25.831190528951,1,25.8807087856597
1,5.71242694659849,1,11.1290954075343,1,11.4038891841156,1,26.6234177955312,1,25.706872273387
1,4.76733911597517,1,11.8243308669759,1,12.5430513628378,1,28.8250685679789,1,26.3070014833509
1,4.46931821390824,1,10.4743372923288,1,11.9109238641409,1,27.5159691627756,1,27.6846387236725
1,4.89299626305046,1,11.3919900902932,1,11.8095182857363,1,27.9907493598935,1,27.0256850559982
1,8.63120086852229,1,18.548575853252,1,13.8451382733336,1,27.272227985501,1,25.886515528839
1,6.97901505150596,1,12.9439318105452,1,11.6305379208609,1,26.2825946925868,1,26.3356262943048
1,8.07453875333604,1,18.4530622256025,1,14.2684877746267,1,28.6805908763284,1,27.8305637002887
1,4.76956626114424,1,11.8644830818533,1,11.4922346711854,1,25.70307717867,1,25.096191168234
1,6.21783139518374,1,12.4942308082195,1,12.8278340414712,1,26.7396459047573,1,26.6334918781012
1,9.61504364106132,0,20.9375943509055,1,13.5723464758576,1,27.3237268522177,1,26.5929056139757
1,7.63188358675967,1,12.3508176257572,0,12.3991116839722,1,26.5263135498318,1,26.5521990753987
1,6.57064938977953,1,11.7411682335447,1,11.3968329594541,1,26.2807639014651,1,26.1284739089417
1,10.8151409333731,1,17.2661016683148,1,11.3487747317363,1,27.8068561569129,1,26.641765195033
1,11.0455679914098,1,15.4175542224771,1,12.7634133257715,1,27.41968854124,1,26.5063238539251
1,5.33955439072051,1,13.508665669329,1,15.9907764275715,1,26.8106952430641,1,26.4108081513966
1,4.50495807638488,1,10.9134780743991,1,12.7478675412776,1,25.984823337724,1,25.1900784249501
1,6.29026565416196,1,14.5070130431376,1,11.2894461835436,1,24.7395472481088,1,25.2084484340111
1,4.48014042657729,1,11.2431751507708,1,11.4691583049735,1,28.3367653778652,1,25.9217082885983
1,5.74262854849707,1,13.3201797117911,1,12.1888982984426,1,26.6531401792739,1,25.9033403123115
1,8.7351385619208,1,13.7110870508564,0,11.2883168251015,1,26.0425381844415,1,25.2260794775182
1,6.53914565385205,1,13.1023911307942,1,12.0137620950194,1,27.1260884004728,1,26.4334161115197
1,6.88082682847068,1,12.0026169508017,1,11.51974227145,1,27.4618862867625,1,26.9342706632121
1,6.60538002937476,1,13.0222742422529,1,11.8336480954253,1,25.4997160630692,1,25.4929628213478
0,5.33647701771209,0,10.8668596217297,1,11.0003954169055,1,26.0608201540641,1,26.3070685842471
0,6.24139966278296,1,11.7192489250636,1,11.2451158202261,1,27.5576688309705,1,27.3316151590098
1,6.93996808890874,0,15.6827110163847,1,10.9175505784674,1,25.2271815796141,1,24.8140465342782
1,4.55173727501828,1,10.6911671302358,1,11.8196972849842,1,25.8197984072146,1,25.8692212150247
1,14.0320227922443,0,19.9312517705953,1,13.1388900370099,1,25.896539078698,1,25.0069934521511
1,7.66052354683385,1,16.0792139280634,1,11.4062771419722,1,26.4374555465314,1,24.9038620902256
1,6.53357224303282,1,13.9991031079869,1,11.1077989177266,1,27.3077909531683,1,27.2534786116028
1,6.53380786773887,1,15.4265360693273,1,10.511304269531,1,26.4331421792926,1,25.7484886565113
1,3.84408014194765,1,11.34845869188,1,11.8621245466397,1,29.2764626747879,1,27.7620538826013
1,8.71481513957333,1,17.6678052665646,1,13.1217425566763,1,27.95792340769,1,28.0868232189969
1,8.12659573109417,1,16.8083199695096,1,11.0494438252002,1,26.3181305975788,1,26.0703149164451
1,6.64389700058269,1,11.3275494266708,1,10.9247499985058,1,25.9294973969355,1,25.1372065086709
1,5.84039100325743,1,11.8457064324833,1,10.2444423944814,1,26.867048915042,1,25.6439377569537
1,6.40740785121232,1,13.6267680010712,1,12.5015123738575,1,25.2670069285181,1,25.6226469990241
0,7.11296524336015,1,16.410457303385,1,13.7116132095105,1,28.196686157083,1,28.3557884939391
1,4.77962164299806,1,12.374993940479,1,12.1301390972855,1,28.2762850994053,1,27.6716646562074
0,9.46697514224733,1,19.2655850516085,1,11.6561137897466,1,27.731812413381,1,26.6915131190149
1,7.12010917815828,1,13.4591572167812,1,10.7354274919267,1,26.4443044084857,1,25.4458012433339
1,6.56371571370528,1,12.8867140813502,0,10.2441654453075,1,27.097413590799,1,26.4894119539038
1,5.36587277943598,1,10.7785600306905,1,12.5666090386576,1,24.4258337101448,1,24.5167536718956
1,5.74417431617329,1,12.712428416581,1,11.2548433714628,1,28.8926343379316,1,26.794195816929
1,5.23076114516895,1,12.8353216503604,1,10.8967048966356,1,26.3864454750145,1,25.882409050563
1,7.10765079631905,0,17.1278915442743,1,14.1135818402356,1,29.5493775150833,1,29.0522284859392
0,6.46907023683307,0,12.9982458683081,1,10.3700269535416,1,27.278846784556,1,26.5745374255981
0,7.22861358586943,1,12.8150133594361,1,10.4473587914188,1,28.7552152719798,1,28.4373179931163
1,9.63627281245758,1,15.7331994104883,1,9.81481105507519,1,26.6213923439212,1,26.61120302535
1,5.59665889909477,1,10.6856016810964,1,9.18636282713226,1,27.1471085878107,1,26.2308898278895
1,5.53002811913701,1,12.5199305279005,1,11.8027681334826,1,27.5744133967788,1,27.3060323982011
1,9.56170346063403,1,16.7317538614383,1,11.1569089007879,1,26.664970822966,1,26.5978681679455
1,5.55179854230287,1,10.9782194637943,1,11.8950325675301,1,24.4540996945242,1,23.9839113473473
1,6.35888990725961,1,12.2994948208828,1,10.2863588717752,1,25.3473881880757,1,24.1055963320797
1,9.66656585625604,1,14.9464137028599,1,11.6304338395706,1,27.1515887331484,1,26.2212457819584
1,7.2471581424732,1,13.0728971236732,1,11.5401800366575,1,25.6903824131037,1,25.5732701447697
1,5.877006566354,1,13.8220192165904,1,12.8366881302888,1,26.2104733431548,1,25.5501438727856
1,4.94335618434857,1,11.7044910804359,1,15.6210319661345,1,28.1497209748191,1,26.181283591515
1,4.73895066252801,1,11.9874360862516,1,11.7858397828461,1,26.1923061807495,1,25.5123262343054
1,6.37195770292433,1,14.2191655323988,1,13.3250746196104,1,26.796152708009,1,25.3044384995039
1,4.40748857565967,1,11.0480835294124,1,9.95142719267313,1,26.5534626007719,1,26.1913998122783
1,6.81281603536415,1,13.9317330996312,1,11.8674153432639,1,26.2120219908637,1,26.1726327168549
1,9.09708732426326,1,15.1078487994963,1,12.9025556833108,1,27.3840073679178,1,26.9620998655513
1,5.6211801460979,1,11.2450014852907,1,12.7294080851736,1,26.113113935883,1,25.0601369207285
1,5.41218086487241,1,11.6642441578061,1,11.6216617920377,1,27.0498158801786,1,26.7952565803831
0,5.57897429347154,1,12.3475838206736,1,12.1391455737097,1,27.8341975305202,1,27.8591403369588
1,5.58690191070203,1,10.8559613583755,1,12.1176846076137,1,28.0314321146906,1,25.9430005107195
1,6.99655351615907,1,11.4310533857481,1,11.2774789100239,1,29.9109176262268,1,26.9013407066343
1,7.85283324330631,1,18.434564942722,1,13.0637297212588,1,26.17304556889,1,26.8577382467198
1,5.17182256340636,1,10.426797334056,1,12.9180938398238,1,26.7164400081639,1,24.8394777807999
1,8.25954576375593,1,14.415384002075,1,12.1976004641612,1,26.1214989593185,1,25.2218112555208
1,6.65736505014573,1,12.0567699060834,1,11.5211186571526,1,25.6379664769428,1,24.956401456034
1,4.08554031258078,1,10.5425317244572,1,11.6761581942554,1,26.543190353381,1,25.6835131556554
1,6.24851445587163,1,11.9321313276399,1,11.0019191016175,1,26.4502581997064,1,26.1827442642371
1,6.43166031207578,1,13.1995440393091,1,12.7322160031945,1,25.365545625236,1,25.0334321769826
0,11.0218150096718,0,22.7216451080768,1,13.8313081322632,1,27.1576614129904,1,25.1913755933275
0,5.33968406274952,1,11.3374868503973,1,10.8469832689404,1,26.3327637619001,1,24.965310516053
1,7.5770187552371,1,17.1063325262854,1,12.0561024737017,1,27.8947401888141,1,26.0110438085642
1,4.1250573840029,1,10.3627409732477,1,12.5496943949514,1,27.4302304721508,1,26.3129960268608
0,10.6289154677299,1,15.9199629499679,1,12.6960572623457,1,26.3808408807942,1,26.2613609622165
1,5.46060044276978,1,10.9408656479447,1,11.5353688603162,0,27.2196594747154,1,25.527954177496
1,3.7852723813385,1,10.292400289959,1,10.6118026278751,1,26.8246995799596,1,26.2651539785119
1,4.71665162745741,1,10.6877102349192,1,11.6982230131462,1,25.2763497152013,1,25.3744785110429
1,4.94619795262471,1,12.4181328524333,1,12.3039673467433,1,28.0431543673431,1,27.2419211164266
1,7.68287122988157,1,14.1560351936835,1,13.532825996207,1,26.6782041106029,1,26.2449959795879
1,4.51876470851778,1,10.1899454295291,1,11.39475902507,1,25.3125960533826,1,24.3600350165495
1,6.3931314852272,1,12.6319814249146,0,10.3829843689575,1,24.9409438362748,1,26.0571357847817
1,4.59883807678303,1,11.0545070311073,1,10.9940691269078,1,26.0181063439926,1,26.1276024669244
1,10.3615647870077,1,16.2450578534526,1,14.1224192787586,1,27.2772098902385,1,27.0434186022104
1,5.14216893056961,1,12.3641541742455,1,12.2242637840759,1,25.2244615572974,1,25.4245935503244
1,6.02814667840729,1,12.2033995581721,1,11.6456947729789,1,26.6540621484792,1,26.1761361406494
1,5.59572902035774,1,12.586674637335,1,9.75705690394401,1,26.4630789222026,1,25.7511770265622
1,5.44373943807955,1,11.6223597922619,1,9.8954776497714,0,28.3344053393153,1,27.3633620993705
1,3.55564246276184,1,9.89901297459557,1,9.75772672876116,1,25.5311073335261,1,24.9869022710761
1,5.63580684931299,1,11.6926011654731,0,9.02924008731882,1,25.6322246431864,1,24.90005970125
1,7.74878642151208,1,14.3996002057294,1,9.77689757543914,1,25.0218328075451,1,24.7266949668162
1,6.2451292229797,1,13.4399910380809,1,11.7603643986348,1,26.7365884461213,1,26.8210621828922
1,4.02101367043161,1,10.7713278723927,1,10.5767084986633,1,28.1002426615903,1,26.4994254633465
1,6.64811998083138,1,13.1037731401946,1,10.0914272839653,1,27.3482011404258,1,26.7943881541504
1,3.84161937678562,1,10.5161434601623,1,10.5204830864223,1,26.9592055730689,1,25.5427061132541
1,4.52435782517486,1,11.3619354601146,1,10.5550495441041,1,26.3866182726497,1,26.3820327773191
1,3.44393753759541,1,10.1454110622863,1,11.8019612867599,1,23.7310339167381,1,22.745029969937
1,7.69495300266899,1,16.709790269797,1,13.1182509972847,1,28.0114197290956,1,27.1927615064418
1,10.9536456343606,1,19.7358999141113,1,14.6984354487164,1,26.1103346421431,1,25.2424696872243
1,6.437221118768,1,13.1825097795473,1,13.3254242230313,1,26.7805137222102,1,26.6882410931636
1,6.7287690372735,1,11.8518110512292,1,12.553808997316,1,26.6459751093393,1,25.9553011260731
1,9.75594285008541,1,17.8103841671687,1,12.6319704041063,1,25.7715264847444,1,25.476122719141
1,5.37595444507161,1,12.01058301865,1,13.3837745025271,1,26.6881621318042,1,26.3278386114754
1,12.208246099179,1,17.505792036198,1,15.6982745804138,1,30.5132164216129,1,28.3497246356139
1,5.43708891396688,1,11.6785597485591,1,15.4609432485673,1,28.2808799659863,1,27.8014941252936
1,4.79428197525543,1,11.6313954444312,1,13.4043022266977,1,27.4929595382879,1,26.7372856829719
1,4.89941289674107,1,11.2787822159506,1,9.03673781140961,1,26.8942881507697,1,25.3767836240837
0,4.82754070256584,1,11.300770615732,1,9.71366605012084,1,25.4748620908936,1,25.3034081284505
1,6.89772108074057,1,17.5324735996331,1,8.77745210505671,1,27.9150063201011,1,26.6592117694375
1,7.127831589737,1,15.1783977984209,1,9.67955546366519,1,26.0158582480803,1,25.6695854850177
1,7.53326709572585,1,12.7284007762612,1,8.82907576782497,1,26.8418788278998,1,26.2384096232473
1,5.84096821762432,1,12.7842745370269,1,10.9912909324223,1,28.0923696112045,1,26.9376944786806
1,6.21718056098172,1,13.8428583042649,1,11.9062889235781,1,26.0634198442751,1,25.750897645801
1,7.37442776555958,1,14.3203364033235,1,13.6214141747683,1,27.3704907865662,1,26.893982755301
1,10.0657078711089,1,19.7034604698212,1,11.9962883603744,1,27.7668376872152,1,26.842406929349
1,4.79056757709469,1,11.5274071078063,1,11.0577149934545,1,27.9128660862956,1,26.8317318319293
1,4.55081690120949,1,11.6409985130059,0,12.9596007863493,1,27.0647741820986,1,26.4899477817698
1,6.01195478245536,1,13.2202220728487,1,13.7298107310642,0,28.7039265599475,1,26.9029154231534
1,7.34943884662516,1,14.3635401296577,1,11.5351745743699,1,27.6811827711739,1,27.4724546122161
1,10.2071515225159,0,15.8915003731179,1,11.2920892578755,0,26.3975432224769,1,26.3239338347524
1,7.97069159254762,1,16.2782191155547,1,11.7770282154931,1,26.5176150065188,1,25.3758123070011
1,5.93367866688186,1,11.024730798639,1,13.0202771876025,1,27.8779447849151,1,25.9482784140961
1,9.39937283391968,1,20.9856352283632,1,12.7122007755123,1,25.5876046001421,1,24.9657922727115
1,6.30794856322161,1,11.7593794801963,1,11.4737341536478,1,26.9442920676605,1,26.5815454182848
1,7.64165917602159,1,13.5122239360591,1,13.2274247147966,1,27.415732156121,1,27.2992604433967
0,11.0384012303205,0,16.2942197438352,1,14.1900405195957,1,27.0906159818769,1,25.7345888525216
1,5.11077223249279,1,10.445715925684,0,10.283776440548,1,25.1205993255956,1,24.9311269400941
1,5.20804014945422,1,11.1184952612322,1,11.8466682144654,1,27.0706447998963,1,27.2634463655769
1,8.48702655490594,1,16.2563314986006,1,11.2878043427886,1,26.8381267913634,1,25.6124830077938
1,4.59256554012175,1,10.931734717425,1,11.9216504608435,1,27.9748270990541,1,26.9603308331331
1,5.65553216489457,1,14.0163972090158,1,11.7063551089042,1,26.4897401618792,1,26.4809072239634
1,6.76974341001732,1,13.1406130392532,1,11.8712317128424,1,27.254580096051,1,26.9298078416037
1,9.26895117407636,1,20.2449521830613,1,14.0542977614674,1,28.5696597826087,1,27.4166937054278
1,10.4360346391495,1,19.0390364993666,1,11.4900357282745,1,24.7851209316635,1,24.0483771771131
1,10.9190607271422,1,16.5711596816648,1,11.7631002015569,1,24.0348892032486,1,24.0546207966009
1,7.6119832260412,1,15.0722528928321,1,12.9315172213581,1,25.9656705460159,1,25.9692113080801
1,9.42263559393637,1,18.481682126951,1,14.1526478096428,1,27.3037006119843,1,26.3823964222971
1,8.24857437723892,1,14.256604994441,1,12.5151815138094,1,28.9046408870237,1,27.8920169481796
1,10.1332897007165,1,16.8935454435627,1,11.9518073796088,1,28.3468185970974,1,27.3967617066792
1,5.48704768551094,1,11.5460809545796,1,13.631400824836,1,26.1186758852729,1,26.0555451870347
1,6.57817167652135,1,12.2793780477852,1,11.3010555085378,1,27.8847525973474,1,27.1236667619624
1,6.78360999950828,1,16.1227725238645,1,12.3214052404866,1,27.4304388415596,1,26.5876701735096
0,4.15336704116518,1,10.5404318827627,1,12.2733257819042,1,28.1305794201044,1,27.2720503852099
0,6.54840017991048,1,14.6172974934083,1,11.5542076427687,1,27.2831069275721,1,26.8227711635391
1,8.26399973568074,1,13.3123645843125,1,13.5674458148234,1,26.5047135078139,1,26.1909979992
0,8.86514053740227,1,13.0817189296385,1,11.773725080439,1,26.4779415632387,1,25.5115528124657
1,10.8829211287528,1,18.9343535283788,1,12.150957006031,1,26.8035104059635,1,25.9026881551557
1,7.97785975642385,0,15.5399700997594,1,11.2804831759584,1,26.6217130706452,1,26.0434843091612
1,4.65612510494314,1,11.5828675824956,0,11.2671051410849,1,27.1881463995144,1,25.16619329872
1,5.04335583438982,1,10.6400449462685,1,11.3377321874511,1,25.2784615229998,1,25.2154895296139
1,8.43358314928381,1,14.033336090073,1,11.907569778126,1,27.3152431088547,1,26.4921705462513
1,5.6712627888939,1,13.8575103175743,1,13.7344406175061,1,26.1163403877288,1,26.1955187595426
1,8.03617197241475,1,13.418091312154,1,11.9986543132768,1,27.7424494980631,1,26.9966461331946
1,3.81368502025141,1,10.4493421355669,1,12.5359103640387,1,26.9154911589137,1,26.3609468618403
1,5.83980407489506,1,11.43511255986,1,11.8036136849711,1,26.6904145106741,1,25.5658592865381
1,7.65889485697826,1,12.8998708600152,1,11.3911190906012,1,26.8369154330753,1,26.2934893002494
1,10.0835412875689,1,14.4143580966184,0,11.600577427481,1,26.6644713990446,1,26.5060639750742
1,6.60148030464721,1,12.7420293749166,1,11.7189081184817,1,27.608156247568,1,26.462494799498
1,7.13850001022823,1,15.758269378045,1,12.352232312442,1,29.3477036405007,1,29.2491083745667
1,9.58848494593697,1,14.2924373052819,1,12.5511477772195,1,26.959639569702,1,26.6313794865996
1,6.29039894438566,1,13.3478551574458,0,10.9473489960422,1,27.10728220486,1,25.2106149603368
1,5.45883173801474,1,11.669363521736,1,12.2139206322478,1,25.9598100363403,1,26.0192922078076
1,3.91672360880375,1,10.5636044674387,1,11.7625491528895,1,25.6540592742789,1,25.4929299642116
1,7.7052657276633,1,15.7852604488519,1,10.2981694338662,1,27.5698935194415,1,26.833317355473
1,4.7524018386215,1,11.5271120054723,1,13.3691853108628,1,25.6340639134207,1,25.7539816354553
1,8.99249384703315,1,17.6074472097417,1,11.3651871757261,1,27.8090989582448,1,26.0347205206008
1,7.8943169014403,1,13.8664232301985,1,10.9711254646774,1,28.3891218711748,1,27.7004816966451
1,6.47354222489855,1,12.4224166902375,1,11.6020053124115,1,27.1253882942518,1,26.6763371532795
1,9.16838654884135,1,14.1084112911058,1,11.2163497606585,1,27.9234962581753,1,27.3616885465148
1,5.72337212779811,1,13.3823699598529,1,10.1685617799335,1,27.2930203125751,1,26.0449008526934
1,5.29331689493595,1,12.7304368038846,1,11.1453971929574,1,29.5211598745517,1,28.9905688753982
0,6.42354693673731,1,12.0644314981549,1,11.5858498552682,1,28.1253047897555,1,27.8341471261015
1,8.03147444209971,1,12.94786726332,1,11.0557824966434,1,26.9592361266018,1,26.0752265623698
1,3.82657207332015,1,10.0395011458653,1,14.3641636604171,1,25.5717311025453,1,24.644585547644
1,5.19049625231131,1,10.7189199167049,1,16.5732269706662,1,27.5373030258045,1,26.2566158363075
1,6.29135688789397,1,14.4213236771428,1,15.0298114793717,1,26.7053017875522,1,25.7207139680221
0,4.06649694937856,1,10.0507549129626,1,10.7850751240858,1,25.1664169271791,1,24.3767507866548
1,5.72613815797486,1,12.3716367970984,1,11.4974888758807,1,25.1749230608105,1,25.8743857716072
1,6.8550833642753,1,16.8004222246612,1,11.5413262538384,1,26.274454431528,1,25.3810606982663
1,4.96341337001437,1,10.8575207207308,1,12.8851258974803,1,27.0045730240666,1,26.9448558798785
1,7.77052549278813,1,13.0572688582544,1,14.5529750016687,1,28.9632657355905,1,27.9328367713528
1,5.67629174507668,1,11.0469766574856,0,12.0767326447281,1,25.5457106378135,1,24.8265785224165
1,5.85707978257944,1,11.8177294978077,1,12.0940922629704,1,28.5071602910786,1,27.4012792835672
1,3.78568232761792,1,9.85575721645658,1,11.3869043832948,1,27.9215864849995,1,26.7236015309299
0,6.97522856036479,0,12.2654656918343,0,11.5781938178398,1,27.8957533515122,1,27.0396210080578
0,6.19992823231771,1,13.1684846813622,1,12.749167374738,1,27.2307231930575,1,26.4946031842494
1,7.06091558094435,1,16.5625574826723,1,12.0947807393477,1,26.6806749009732,1,26.246847812372
1,3.76007454550849,1,11.5010112117416,1,12.4755231521627,1,28.0607159302798,1,27.5541286849328
1,8.2782481108002,1,16.0400130921108,1,12.4165747215475,1,25.1875640405456,1,24.7933232752095
1,5.9966994803693,1,12.8207902194516,1,12.6422487561477,1,27.3002524816362,1,26.788251985599
1,4.84137503596544,1,11.188026865266,1,12.5425217839052,1,26.404441828937,1,25.7092750604437
1,9.05669629724306,1,14.553523181212,1,13.8862503323745,1,26.9660263421009,1,26.2292604252508
1,7.67610322306469,1,14.8536914888538,1,11.6094743852669,1,26.4236773058186,1,25.5990541777062
1,7.49209122192158,1,15.3630254768655,1,11.3965924159004,1,28.3823327385199,1,27.3764415398645
1,6.35569111343385,1,13.4316298784323,1,11.2149957391868,1,26.2234740219945,1,25.8891867503269
1,6.12046732103279,0,14.8183031705053,1,10.3571913445446,1,27.0924794914198,1,26.2247792367981
1,11.4258262482508,1,25.4303423309105,1,11.0832951151253,1,25.1898147394977,1,24.4673454408586
1,8.44338350697358,1,14.8879200168998,1,12.5202242608259,1,29.0898124976824,1,26.974737609447
1,5.70836685732111,0,13.7557334434816,1,11.9317757806604,1,25.9552969213978,1,25.5184113606759
0,8.09914110557926,1,12.7113103714341,1,10.9197981328314,1,26.6032926318963,1,25.9092416710585
1,7.77497030069925,1,13.6787238541318,1,11.0194670558494,1,26.4567975803295,1,25.3944527049659
1,3.54852693425965,1,10.158941317039,1,10.0771035862021,1,25.2231349904459,1,24.7770356122627
1,6.1943662744025,1,11.3653725728167,1,10.2686371594263,1,24.6934751858729,1,24.8969461802936
0,6.12799212413873,1,13.5471360135574,1,10.5440982485045,1,26.5862294368994,1,25.9527896274069
1,8.26335040250784,1,14.8080588257681,1,12.4142095124706,1,28.3616553899001,1,26.9064024622107
1,6.55604519225338,1,12.1587500144843,1,10.5014049327103,1,24.6519578804091,1,25.0614916673522
1,4.6410125483703,1,10.7737305307904,1,11.9547147696361,1,27.7842575186586,1,26.9403866174513
1,5.93499286816846,1,11.7524094832322,1,12.6850106756574,1,27.5151803125079,1,27.3104607110718
1,10.416446678022,0,17.8033521066392,1,11.3625432416195,1,25.5618158964001,1,25.4897538546136
1,6.48696676382017,1,16.2636139291072,1,12.1198746493071,1,26.4507619672472,1,26.6888003279777
1,5.49286839805992,1,10.5703300333286,1,12.4163371626745,1,25.3528245474443,1,24.7229296793609
1,7.67749707164999,1,15.1376241342039,1,11.0714890063477,1,27.3058088278437,1,26.6243590023436
1,4.69895481921067,1,10.6241954533436,1,9.88780257333752,1,28.0185708672289,1,26.5388055835644
0,6.99720775555785,1,12.2762570628015,1,11.675469940595,1,26.7954495559546,1,25.4656824269978
0,6.32596181438386,1,11.5493790305934,1,10.7312766086587,1,26.8351373704254,1,26.6848877943302
0,4.82323993983789,1,10.9694436286444,0,15.2026821498166,1,28.1381819484414,1,27.8103180186755
1,4.46471598156755,1,10.9501172719952,1,11.7589457833892,1,25.3256557225894,1,24.8829828683543
1,8.51660484774269,1,16.0306774443362,1,11.0273904135522,1,24.7561697805924,1,24.3641212737698
1,9.0379998128326,0,18.2592480040105,1,13.0557309894069,1,24.9260849987622,1,24.4185661148844
1,7.62200904985048,0,15.9315469143634,1,12.0692616942368,1,27.6542047648167,1,27.739043577776
1,4.67217714250925,1,10.7697790452259,1,14.0300003421515,1,28.4500470977205,1,26.5454961158251
1,5.04510453213755,1,10.9810422544656,1,12.2226359285419,1,24.5621902199868,1,24.0873408729449
1,5.14989051538831,1,11.1314015678081,1,11.7629574195555,1,27.1567691422762,1,26.6567270911139
1,6.77613203888717,1,16.7382103389004,1,12.2313973414352,1,28.0498539993765,1,27.5103423959047
0,7.35446517494886,0,16.2050466172312,1,11.447299464696,1,26.724531325679,1,26.2024813829813
1,5.28495977089977,1,11.6368927711879,1,11.7536776214719,1,27.2703272065779,1,26.8441982551925
1,9.22351260348553,1,17.86934293922,1,10.8287534680808,1,25.3634578098749,1,24.8015739225828
1,4.86841362296772,1,11.7248505320632,1,11.9675903420762,1,27.0028708534116,1,27.4176690025812
1,7.02637983517001,1,13.3511642908265,1,12.976962491737,1,26.487197725287,1,25.7260859095415
1,6.69045402731592,0,14.2203484435168,1,14.5766815019405,1,26.8949789196065,1,26.1896947677377
1,9.26692133374055,1,13.7528159815486,1,12.6863134408147,1,26.9025445315581,1,25.9277842368317
1,5.73181578210856,1,12.689046268237,1,11.0599888627721,1,26.3630416062128,1,25.3445504194488
1,6.8068979256492,1,14.0263853911075,1,9.86400493786497,1,27.7984561808645,1,25.9001532974872
1,5.1314107933765,1,11.7905679490094,1,10.690780800369,1,27.6845508314524,1,27.0036910842481
1,5.07218383321791,1,11.5787358248636,1,10.5696832671474,1,27.7937519856889,1,27.5358208021896
0,5.75478198402018,1,11.6770589004127,0,12.6231241725326,1,26.0305725985072,1,25.5481918803293
1,5.02468050148882,1,12.3428517054493,1,11.1273726496403,1,28.1113438467104,1,27.804524271621
1,10.1041004578247,1,17.0742505710175,1,12.6365862407835,1,26.3089451356246,1,26.5846360616011
1,6.67104668003526,1,12.6696919919285,1,10.7121048879612,1,25.0318597662494,1,24.8596240574576
1,4.02145430971782,1,11.057259645262,1,10.1528474553751,1,27.8411348338649,1,25.9705887043186
0,4.85221418058472,1,13.758355931629,1,9.75948371146637,1,25.4087850021165,1,26.2743301749391
1,6.91150087690307,1,13.2096614773288,1,12.9238232054441,1,24.1528435081682,1,23.4789014123585
1,4.72679990018304,1,11.6330284719062,1,11.4415234429,1,28.372099712998,1,28.2843889510884
1,7.0556942834813,1,14.1401906481217,1,11.174301905996,0,27.7043205000276,1,27.7300425712384
1,6.48801804631336,1,14.5160946327296,1,10.2696329189897,1,27.2298716023639,1,26.2033331224732
1,6.86509818005417,1,12.1385201515229,1,13.014662731926,0,26.5499714287331,1,25.5969239749047
1,8.12000275245294,1,13.965428887235,1,13.7605536871653,1,26.8240818185567,1,25.1491417489907
1,4.84412972574652,1,11.8035295945653,1,13.2493260066809,1,26.9864008537965,1,27.0282441014692
1,6.0167172053236,1,13.6521049961069,1,13.1022056097524,1,24.4793337042991,1,24.7191799101071
1,5.04524673843606,1,10.7796067952887,1,13.2320613455783,1,27.8845209651829,1,26.1960334931278
1,6.15831776682846,1,11.5721049368832,1,13.2326545454919,1,27.6698900177883,1,26.5463064036627
1,7.21154133549256,1,12.6379230160116,1,12.5714470508037,1,26.9549828545739,1,25.9997057544613
1,9.19149633159131,1,15.7175381155288,1,13.7408160728468,1,29.4610597891226,1,28.6059816105841
1,4.85998757280204,1,12.7499497090869,1,11.8259721681455,1,25.8062910050075,1,25.5916352661017
1,7.11037919558914,1,12.2384811442654,1,11.753210784342,1,28.0917583992442,1,27.0894291094928
1,6.22390254593571,1,13.9900606479201,1,10.8646909209287,1,25.7379927975778,1,25.1761652171787
1,7.89083697441792,1,13.42115318813,1,12.0101779852035,1,29.2552966683186,1,27.2598409348695
1,4.8364201946871,1,11.6613852551434,1,8.6941246915145,1,25.9102892560233,1,25.4224202428794
1,4.14388095299018,1,10.6578751167119,1,9.95878739444194,1,26.9705790774557,1,26.8362347365557
1,7.08455098855518,0,16.8985266405595,1,10.544777817809,1,25.5616481025775,1,25.9680645391248
1,5.25753153962176,1,10.8599528723386,1,10.924284999078,1,26.4732590877646,1,25.8001934979349
1,8.14783269736007,1,15.8509445852165,1,11.6825373762442,1,26.2310904903214,1,27.3376813854085
1,5.89594922869724,1,15.4866349759543,1,12.1059370410866,1,28.8739747080482,1,28.6424331356295
1,6.58874375105343,1,12.528758855335,1,10.8218088188509,1,28.4219376560756,1,26.5729320873995
0,4.82858502228981,0,11.7398697535212,1,13.5874804343706,1,27.3670227172655,1,25.0145303119213
1,6.43449344287031,1,13.0370491873107,1,11.4967962430913,1,29.404527230175,1,26.2260840662142
1,6.41894819133717,1,12.9979831260691,1,10.5897781472904,1,26.5867922484233,1,26.3613472786636
1,4.82300441090061,1,12.3976718257767,1,14.1709905226707,1,24.3717923195198,1,23.6563007187466
1,8.32250508494425,1,14.8263118009248,1,11.7165664002351,1,25.9789225319147,1,26.2351122785972
1,5.39516285228324,1,11.6925929666365,1,11.5928373734013,1,28.2179273802924,1,27.0383127285992
1,7.67451542881791,1,14.4937406642325,1,12.3060159964491,1,26.7283052366211,1,25.5760860860133
1,4.09244666928493,1,10.4065296775283,1,10.4995574184728,1,25.4012740836611,1,25.1820681223132
1,5.87349534183227,1,12.4261166076543,1,9.38230689027927,1,26.6924233478994,1,24.8668792947504
1,5.20662069817985,1,12.2938438225024,1,9.13302812159779,1,27.7476168129787,1,27.7878505184747
1,7.69831008178715,1,13.3083287626564,1,10.2876499150968,1,26.4331302004261,1,26.1432448873379
1,10.9444075050267,1,14.187295370011,1,9.53582065118006,1,26.333395789017,1,26.275715964266
1,6.66540832850811,1,12.758833008713,1,10.1436415056261,1,27.7886853004415,1,27.8746513517591
1,3.93572729528797,1,10.6921742250446,1,13.096993313296,1,28.7930576269274,1,26.6752046278631
1,9.78120067111378,1,14.4947026630907,1,13.9206680709321,1,27.1674219836123,1,25.4708382935067
0,10.4091151038699,0,18.234117919152,1,11.1498600620788,1,26.7077774195854,1,26.9351703493428
0,7.20891344732212,1,12.4762286510404,1,10.789075941987,1,28.4236542103556,1,26.1442061633297
1,9.81248630859841,1,13.4828830083091,1,11.2204117741778,1,27.4655714265105,1,25.0564479556608
1,9.24264130919437,1,14.3239754489902,1,11.4556872036877,1,26.6488281348355,1,25.9436673192516
1,5.36931066106405,1,11.4674518345232,1,10.1825285697336,1,23.9184641134102,1,23.4781992665166
1,6.12476862931218,1,11.3643029968561,1,10.8854472596335,1,26.3297948064609,1,26.022045451103
1,5.86961244030949,1,11.039865295855,1,11.6153094452644,1,26.9414110653427,1,25.9427245057331
1,8.63984666885002,1,16.3006927489704,1,10.3148548189897,1,28.4096447505375,1,26.5527859242547
1,7.63515462847415,1,11.6825537015846,1,11.7735377528523,1,25.5776093215697,1,25.3055614533802
1,6.30805679635276,1,11.5047859753064,1,10.7113751719057,1,26.3606349342119,1,25.5873461115613
1,9.30098483905708,1,14.3171553627887,1,9.69232417028666,1,25.7204081149486,1,25.1332526224599
1,5.98261375985937,1,13.4751633262041,1,9.97850653675513,1,27.9589784718178,1,27.6522175853549
1,8.85906876426901,1,14.0389790205844,1,12.6204487158474,1,24.6784605525438,1,24.0199996969793
1,6.3340700192382,1,13.8273895949033,1,9.71106963234081,1,25.8265236633817,1,25.1295641434016
1,5.07897909355903,1,12.2023318861212,1,12.3009288988898,1,27.5432840330975,1,27.0430696327361
0,9.07621313148064,0,17.6704603046913,1,11.3616020720557,1,28.6266193899666,1,27.9968050735723
1,6.03029436345069,1,15.7216240281169,1,10.9333405938744,1,25.9433376622938,1,25.737462596773
1,5.39966881525701,1,11.5168146747086,1,12.6024726075118,1,25.9376757698225,1,25.030005287829
1,6.49820414637371,1,11.6271560849386,1,13.9974473655679,1,27.9815313457064,1,27.2257664137714
0,8.0423971923165,0,14.7409559424642,1,12.2272460647725,1,25.1258638003864,1,25.3402591754548
1,7.60455378624303,1,16.6886079108332,1,11.6573439391156,1,27.3529044072223,1,26.5440280635256
1,8.28795534530426,1,13.6955681311371,1,12.9559425184575,1,25.8207851397714,1,25.3505615193397
1,7.1022180137926,1,11.844602074856,1,9.50960977621932,1,24.5097063608781,1,24.9353257763019
1,8.23397810036469,0,16.1468374825106,1,10.7269405675799,1,23.6909279987835,1,23.278359957172
1,4.81863192974197,1,11.6856063313223,1,14.1559661328007,1,28.5846450040583,1,28.3117099245176
1,5.87147153290522,1,12.2866073785759,1,13.0847686438523,1,26.9333324523965,1,26.1555896042616
1,5.58536441725231,1,11.2359483707125,1,15.0519541126195,1,26.8545123849106,1,26.1459185902869
1,6.48259277897168,1,12.3958330096991,1,12.8320246295045,1,27.5217329532033,1,25.6982321886828
1,8.25859224729767,1,12.7101276542999,1,12.4148089361893,1,26.7050258868739,1,26.9054699078632
1,7.59821177256105,1,11.78291940314,1,10.7985928373311,1,27.5157568994871,1,26.8506277378092
1,7.26731790614189,1,14.610448572168,1,11.8297132011187,1,26.4540953838916,1,26.5980858483997
1,8.63126723861278,1,13.6607652261528,1,11.0494723755777,1,26.1427356304048,1,25.5957062962421
1,6.23067768594263,1,12.0616562323946,1,13.4439530182861,1,25.7263917703241,1,25.8064294496769
1,10.3873103968211,1,15.4019655684646,1,13.2697465183331,1,24.5397993751514,1,24.579157629511
1,8.59169675203837,1,16.6581750985162,1,13.4026290787754,1,29.0231666278337,1,27.3265288471013
1,7.0417763727526,1,13.2032642085738,1,14.6125348373538,1,27.615861438414,1,27.7283301931742
1,6.01302410022914,0,12.9058664447806,1,13.1138433451831,1,25.9131574461371,1,25.9036181367117
1,6.49183321320222,1,15.3479595669527,0,10.2106515282525,1,25.6528512690363,1,25.5261029446027
1,5.59937525698612,1,12.1250455685326,1,13.2768212913714,1,28.0937664128509,1,28.8164629527842
1,8.58016395785483,1,16.0887251338513,1,10.9818574447671,1,26.7350391317287,1,26.587034911261
1,6.16433538041331,1,12.0321487805706,1,10.9085010411095,1,26.6634334771184,1,26.0558032809407
1,10.5204549796033,1,22.797513126627,1,11.5993512357284,1,28.7544085491155,1,27.0099773472956
1,7.45720582412226,1,12.1782084824423,1,13.2889843323867,1,27.0061985704259,1,27.4550782505993
1,4.87062217867934,1,10.807286698883,1,12.5091714199541,1,27.1240584109676,1,26.591930061204
1,6.89900607043418,1,12.8213741203669,1,11.6873761982758,1,26.8585493370918,1,24.1629008678188
1,6.44078790487419,1,12.9900610035722,1,16.6314669376839,1,24.7508416533218,1,25.3260039515247
1,9.72801455502201,1,22.5979059991963,1,16.207434216589,1,26.5645201756484,1,26.2148923176627
1,5.57154455681967,1,11.9708080873733,1,11.9669403455851,1,24.9459654904735,1,23.9177831468364
1,9.91637505358044,1,14.7523978436952,1,12.3282837863451,1,26.0286558674527,1,25.3746100586068
1,6.77193076519845,1,12.2702766654612,1,16.6129778071062,1,26.934211323603,1,26.4893939941831
1,4.12410440691226,1,10.8528093840315,1,12.3766098688613,1,26.0563846431619,1,24.9240625948062
1,9.64371082030363,1,13.9844447893401,1,15.3313126544732,1,26.3319188702465,1,25.5662823971298
1,8.10869976866963,0,14.1485370107824,1,10.6887096418885,1,26.7977583770338,1,25.4869830946388
1,4.9539668665015,1,10.5809891585639,1,12.0005381576711,1,25.1566745440468,1,24.9127094367648
1,5.35068383640601,1,11.5091831850547,1,12.1763890390911,1,26.8521334437628,1,26.7272011124646
1,11.7794418096971,1,19.769633960783,1,9.88125699800066,1,27.1122551917647,1,26.987883893346
1,6.54377958225837,1,12.9125648498311,1,10.8975018055561,1,25.1365587594275,1,24.7667102135036
1,6.81316194903832,1,12.5324176473278,1,9.96746027674967,1,26.9483440900752,1,26.7135963216702
1,7.7399943168743,1,14.1848322807312,1,12.8180927928424,1,28.8604742795974,1,26.6535516182494
1,5.08733791355909,1,11.4901054769003,1,12.6501658758424,1,26.5817766852558,1,27.1982996529631
1,4.13588893876219,1,10.8891677118613,1,12.1134087388373,1,25.6488181797649,1,25.6670619267236
1,5.6406670618473,1,12.0011867595347,1,12.0411506457377,1,30.3283028694085,1,27.3829623990475
1,6.65230989097749,1,14.7964311560768,1,12.9809355851927,1,25.9377855118829,1,25.0165736902269
1,6.93125273727824,1,17.3114073716389,1,14.1636695934332,1,28.7164167346409,1,28.1481593395433
0,9.16449157184359,1,15.2693350224715,1,12.415639966727,1,26.9624546348946,1,26.6462751287301
1,9.96312305684051,1,20.6933546398154,1,14.2514887543423,1,27.6540346650878,1,27.7312284154682
1,6.88915870554794,1,11.8897678001666,1,11.7294039214983,1,28.0403209760832,1,26.1942283559853
1,5.29332550396253,1,12.0491759837282,1,13.6080071190906,1,26.622020880162,1,27.3805469217689
1,5.14083357027844,1,11.6159588516676,1,11.3008635015094,1,26.2027663526363,1,26.6794356238888
1,4.84284596436613,1,10.6763470333035,1,8.6677697467652,1,25.7315295232999,1,25.540877449495
1,7.27677057727896,1,13.1905567382782,1,11.6900467054171,1,26.1470924641767,1,26.5856303562569
1,4.94259427287897,1,12.2349149708039,1,16.3103775814444,1,27.2014646068844,1,27.1527268507796
1,9.43619050199108,1,14.6113249060719,1,10.3786010346207,1,26.798842879262,1,24.67419613846
0,5.51239360134655,1,12.6171097282817,1,10.051894860345,1,25.1108369035679,1,24.0961401560499
1,4.08792640180854,1,10.8457587920264,1,13.3334644413573,1,26.7830024163115,1,26.8489914557711
1,3.8827634497165,1,11.098224528464,1,9.89084216112175,1,27.9886410585561,1,25.3108607733606
1,3.87655462150466,1,11.2291677802076,1,12.0682489961022,1,27.8896504635823,1,27.8340412806808
1,7.40129434605579,1,12.8597766318562,1,11.140233246877,1,25.9779415520579,1,24.7771807172137
1,3.61970126620944,1,10.7628875658525,1,13.0024478837613,1,27.80932566984,1,25.841645648276
0,5.48645808607934,1,11.5929195379811,1,10.5686690723796,1,27.2191647615464,1,27.3789706122995
1,7.7197988364661,1,12.6456557770549,1,11.9194729507197,1,27.9769092051551,1,27.295906776061
0,4.85796492597832,1,13.1257679096584,1,13.3855869730162,1,27.9275054295114,1,26.7718239272141
1,5.56807635332087,1,11.0775215763176,1,12.8587810986664,1,28.2200961744728,1,26.696590767837
1,5.81641486046242,1,10.8037373575219,1,11.0538304132409,1,28.1681930350325,1,26.6038086677488
1,6.07122284365301,1,11.7162987598001,1,11.2163106640684,1,28.6042648648544,1,26.8394615317326
1,7.58932718671316,0,14.138914309805,1,11.5038902509605,1,27.171127629902,1,26.5068905312505
1,7.58915187209761,1,16.0660531285041,1,11.319992990373,1,26.3632331099239,1,25.4175059741032
1,6.4010124797074,1,12.9874504633642,0,13.8693466901127,1,26.0149748660229,1,25.5250123610754
1,6.97981903485948,1,11.9805092926559,1,14.6315936971348,1,28.0024150096124,1,27.9871433710622
1,6.94964638785584,1,14.4597026487555,1,12.7163056739272,1,27.7292792947244,1,26.907142123628
1,5.02473342009883,1,10.4998157151869,1,12.2625461652596,1,26.1062755398324,1,25.6054978423897
1,5.81942368539253,1,11.3345439712869,1,14.2331964022447,1,26.3844731742408,1,26.0272710573347
1,6.32625786519238,1,13.3905168956135,1,12.6829852826462,1,26.5584637006525,1,26.0700869951705
1,11.8188199982055,0,24.8295011061016,1,11.7212055569433,1,26.3443929623528,1,25.8386662827043
1,5.49043393208817,1,11.148201641882,1,12.7688731548525,1,25.440051688893,1,25.0700231067643
1,7.22369178210642,1,12.5122119226377,1,11.3039381460337,1,27.6839818442178,1,26.56511771104
1,5.69281346283323,1,11.1196616494141,1,12.0227410797552,1,27.5123699498499,1,26.2918566004552
1,6.719285721976,1,12.6477125634858,1,12.5693163582317,1,27.8058515412051,1,27.4524274969306
1,6.2186634752552,1,12.3992316374704,1,11.414477158125,1,27.8754061084609,1,26.6733224663082
1,6.37057214552685,1,11.6112666159657,1,12.118613729125,1,28.2132888945333,1,28.5578062225475
1,7.83525207255421,1,19.0970059670626,1,11.6711484335191,1,29.4517190525428,1,27.0065429927955
1,9.22447771103139,1,16.2173714810694,1,11.8084192972064,1,28.9144940137731,1,27.5061391764025
1,5.73276805705561,1,14.2498447266391,1,12.4581028602705,1,26.2062854790614,1,26.3335394757061
1,5.64735628376705,1,11.883859258019,1,12.5887251079355,1,30.5938925125573,1,29.3603961131575
1,3.85848913510643,1,10.5321793876219,1,11.894862590633,1,28.0350918062295,1,27.8246474193912
1,6.68066723270971,1,13.7836203127208,1,12.2962913413834,1,28.4740445441026,1,27.6207823012752
1,7.00171887140658,1,15.4730096343247,1,13.2224605617682,1,28.6706537091146,1,27.6309182651509
1,6.55139173696069,1,15.4710942177269,1,12.5362251068881,1,27.6554243689955,1,27.2944087005013
1,6.4458732738472,1,13.8685017357232,1,10.7401877904329,1,28.2046170522732,1,27.6028702012176
1,4.86752164850293,1,10.7605301799749,1,10.285111833837,1,25.0760087170385,1,24.2377296631275
1,3.71206702413429,1,10.3567847873285,1,11.4039024999938,1,26.2721883166594,1,25.7386123215761
1,8.93506373129621,1,18.8374031442519,1,11.2542939096505,1,24.7940381243622,1,23.3973732378722
1,7.66233911041007,1,13.8356774526265,1,11.3520319378771,1,25.4218796386639,1,25.7341488571173
1,5.70260928568502,0,12.8786911713926,1,10.4198141814873,1,26.2831703218314,1,25.8552689494763
0,4.02896160833049,0,11.5970084624457,1,11.331104718988,1,26.3760969054472,1,25.9443083708444
1,7.96515971409689,1,12.8290666372467,1,10.1834820933758,1,27.8188003855979,1,27.1145180748332
1,7.946059328743,1,15.7495818659921,1,10.0993526989886,1,24.9616926740696,1,25.7503776558156
1,5.90097839490835,1,12.3857090590638,1,10.1938845388485,1,27.3765039317126,1,26.0806501768277
1,8.81897663768219,1,14.8727285023004,1,11.2732671589011,1,28.3417996237401,1,27.7731657940511
1,7.22626617745584,1,12.0912595252432,1,9.53111757343997,1,27.6670194825203,1,25.845555448706
1,6.28262200751601,1,12.5744146349315,1,11.0592084922885,1,25.7417184743819,1,25.3814746789716
1,5.07405667307865,1,10.8234446339396,1,9.83563436884257,1,26.7911117891915,1,25.8975245202113
1,6.81542389005283,1,11.4653294324386,1,12.5525156641943,1,26.4972185686394,1,24.6562944633058
1,8.20133704788839,1,15.304988323018,1,18.1966317597374,1,28.2974850255703,1,27.8871426887769
1,7.2745801247051,1,13.1252506629701,1,12.3338468824259,1,27.3479584280969,1,25.5948154112245
0,5.7590017564459,0,12.7752710910125,1,12.0182099283771,1,27.4446213764782,1,26.5174720138426
1,6.41846354389328,1,11.1396848451658,1,14.3265906684417,1,26.5099317077913,1,25.3332783220448
1,6.33123673068212,1,15.737454489003,1,13.6152196734786,1,25.8863842900702,1,25.2787195841923
1,7.96869848496676,1,12.6085784770582,1,12.5119756367773,1,28.3997149309961,1,27.3353030000804
1,5.71100600632678,1,11.5820285623314,1,12.9459049518672,1,27.0653043432631,1,25.4867894211636
1,7.60247795896612,1,17.019308621271,1,13.1045570640213,1,26.7006297974924,1,25.4990377902492
1,6.93311465711147,1,13.9383925344801,1,18.4551156127799,1,25.5581256784027,1,26.8859327327269
1,6.83618513637868,1,13.3918189026101,1,12.5977669154564,1,27.4145837051047,1,26.0964232630691
1,6.28798391836112,1,10.8510138178223,1,11.0579213378281,1,27.4155455034397,1,27.6160222299978
1,7.92382088759899,1,14.0917254632034,1,12.7772609412823,1,27.2813894696783,1,27.1745233728592
1,5.57932133927679,1,11.5403309835747,1,10.6370658535535,1,25.4105274201463,1,25.7542817596476
1,4.27636273338505,1,11.0237681219804,1,9.92355087265275,1,27.0248572711875,1,26.3407540676414
1,5.16073584327006,1,13.2898469518132,1,10.1258859027457,1,25.6892030224178,1,25.4337480560861
1,5.8978581937852,1,12.9977787582023,1,10.781029028205,1,27.1914024107951,1,25.7250696379745
0,9.87309960754084,1,14.8782266839067,0,12.07028854754,1,26.4008195693069,1,26.2892320078811
0,9.25700902968165,0,13.7566037089837,1,11.7043744121747,1,25.6873660844771,1,26.4798946480904
0,8.22135814464659,0,14.6259404676897,1,10.5303116078719,1,24.5684529210869,1,23.839648923853
1,7.56722686868049,1,15.6769712319054,1,11.5602351931492,1,29.0903685339257,1,28.5585382147884
1,7.25147833271423,0,12.5108551968891,1,12.3656472458255,1,28.631885692231,1,27.2656607556753
1,10.0167970378369,1,14.8624018590605,1,9.70027262577763,1,25.5761252320126,1,24.9302573854771
1,7.3504338008434,1,12.2492387139524,1,10.4262258367057,1,28.9418164350194,1,27.6408527203782
1,6.22538924708891,1,12.5262203362181,1,10.6219029035389,1,26.517036557133,1,26.4059059770615
0,5.70704624459697,1,12.1782775350909,1,12.3269612202341,1,27.5840913839902,1,26.1953461958007
0,4.98642918468832,1,12.0945943204143,1,12.3028961247721,1,26.8021620980065,1,26.9319321237656
1,7.16331110074522,1,12.4003310715097,1,11.7765586475923,1,25.2303012531128,1,24.7070191187055
1,9.88179812412884,0,16.520213952021,1,11.5300064191195,1,26.2538028923615,1,25.1276991748777
1,5.4954095490075,1,13.5567258120695,1,12.166414125367,1,29.190691640401,1,28.3370200066045
0,6.0772185641955,0,11.969772080936,1,11.390426870068,1,26.8251559673854,1,25.8017609931726
1,8.89099510568908,1,12.8833311401681,1,10.2444625835496,1,26.6832187227753,1,25.8093521215402
1,6.50186126355903,1,12.8444390847412,1,13.0227927505421,1,25.8413682444355,1,25.7466842721462
1,3.62103967224335,1,9.8485130040641,0,9.9693904748591,1,25.5200416766683,1,25.8022676969372
1,6.81181780603976,1,13.0330453859583,1,12.7364022464564,1,25.3055194690843,1,25.4631659772479
1,6.45072976830957,1,12.042095563809,1,13.0588542204393,1,29.6680430164457,1,28.5458903873689
1,5.83479523031873,1,11.2227995927238,1,11.7430962096454,1,26.0831080005762,1,24.8398721127173
1,5.97801209574894,1,13.2616808593305,1,11.8215418021669,1,27.545105030092,1,26.8999354921075
1,9.66315000770562,1,15.9088521005149,1,13.3902517878379,1,28.4026334308151,1,27.8219614251184
1,7.83644399520855,1,13.0091176310372,1,11.4638901258139,1,28.5969732356906,1,27.7875807882656
1,5.79031108540738,1,11.5580777649896,1,11.6990903070652,1,26.0542027588111,1,25.9718573618005
1,9.19873444308001,1,16.0093357397969,1,11.9430285133451,1,26.2473105562554,1,25.9371065473626
1,5.34636129678748,1,12.1147054568789,1,14.329642488608,1,26.0225757274452,1,25.6973046714361
1,7.31934767419848,1,15.0094052791446,1,11.2953264947959,1,28.1656184725523,1,25.3103891235618
1,5.01558214061862,1,11.2504254922886,1,11.5300728919828,1,24.4214793628588,1,24.3872077005068
1,5.55442942742674,1,11.0767504981819,1,10.6881728553106,1,27.9814743334865,1,26.0837527468637
1,4.54509724368752,1,11.2386337001469,1,10.4204297028408,1,28.2739149931832,1,27.0449787615772
0,4.56160463811084,1,10.2405263039349,1,12.0950592463783,1,25.9481574137537,1,25.7293086727414
1,4.38273402402899,1,10.0620046642454,1,12.1814295889365,1,26.1759308356758,1,26.3576341753069
0,8.94496661586561,0,15.0909283992894,1,10.2721442142374,1,27.5205940763375,1,25.7180700725272
1,8.31881405316965,1,12.9524657449695,1,12.2501385651413,1,28.4480396807462,1,26.8299018708219
1,6.19807315962585,1,14.4060246016735,1,11.8267884357003,1,26.3928149778255,1,25.7441690715988
1,5.49075985928975,1,11.7669154047075,1,9.33195014589437,1,27.5000563637097,1,26.9379150769744
1,8.09523654860227,1,18.0107552469729,1,11.9642348597715,1,29.0020694762904,1,28.99955991729
1,7.42444686014092,1,12.8156417455119,1,9.19749499824242,1,25.118363264683,1,25.3457049765515
1,5.34530128999966,1,11.3673129551197,1,16.0748482193115,1,27.4893037429121,1,28.5045556667876
1,6.71392052203742,1,13.2886515382331,1,12.5197112475306,1,26.2600762627302,1,26.7766059097879
1,5.79567035195266,1,11.6766790022922,1,13.3921394181118,1,28.2292028908021,1,28.195530830404
1,5.49853665603444,1,12.2006008500933,1,13.8931035839573,1,26.0797600738418,1,25.3986303090078
1,5.03564665901715,1,11.5615808539662,1,12.5381739893826,1,25.8805847912469,1,24.5864932122025
1,5.86871585428558,1,12.0453578649606,1,11.0773776109727,1,26.9541397138301,1,26.3894764153795
1,11.4078965377183,1,17.4831267409869,1,11.1124341995535,1,25.7086996657922,1,25.4520408707789
1,5.40744887809127,1,11.4783046577503,1,10.4576413955049,1,27.4290768162497,1,26.82159554198
1,7.8115541429271,1,14.3588365113632,0,12.1862848098052,1,26.0951494046344,1,25.6899847530519
1,5.26124544701623,1,12.6056578047556,1,11.3561097428966,1,28.0850868714925,1,26.4313329118387
1,5.31165729013954,1,11.0556306619018,1,12.5440135729573,1,28.0038984084701,1,26.6892268142582
1,8.78696718475107,1,18.2340239464999,1,10.2194283082119,0,26.5956131838123,1,25.3006493384518
1,9.08507542006582,1,14.1282834208563,1,11.7311769461693,1,27.0468363542266,1,26.2672319849981
1,6.95267960018603,1,13.1492144916418,1,11.8869387277405,1,25.7642064509471,1,25.3637983464863
1,6.46836678142057,1,12.0847717574158,1,12.7694215103703,1,29.1109673758424,1,28.4176565121074
0,7.45581217144555,1,15.2702690837488,1,13.252638624443,1,26.1296622041924,1,25.8118941266984
1,10.9514201829817,0,24.1355977820029,1,14.7695425994946,1,25.1951289163773,1,25.1542634619202
1,8.80311291898293,1,19.0180768559486,1,11.1051304900319,1,27.2119365954209,1,26.5037736298724
0,5.75060852312665,1,12.2852693349835,1,11.1826417915752,0,29.08482507694,1,28.1684573599504
0,5.52443116248114,0,12.9360847979149,1,10.7219233235393,1,25.994342821041,1,24.70338314
1,4.63826809731402,1,10.4571389845366,1,12.8045034037443,1,27.0994716321249,1,26.9762600706637
1,5.52232654697495,1,10.8071647757184,1,13.2190413337738,1,27.3019401389958,1,26.3018095224087
1,6.30565553543052,1,14.7491058805024,1,12.510488939755,1,27.0734790039661,1,26.2953107006193
1,8.04106697038312,1,13.1712504025866,1,12.7992538124887,1,27.2593934588667,1,27.2847642582661
1,6.20216975253224,0,13.2540491443305,1,11.517529120631,1,27.8031358194238,1,27.9868584704276
1,5.5909650861422,1,13.0561552527494,1,13.1708210506429,1,26.939715781801,1,26.5283156566009
1,8.19562498718534,1,15.7611907070634,1,9.1782932773955,1,24.1090043189123,1,23.2650686233445
1,6.16165598066105,1,11.6633891765405,1,10.0088750165106,1,26.3377649246622,1,26.4809627654727
1,6.12025527986873,1,11.5649388850389,1,12.5037422769917,1,25.5356831768076,1,26.2491387748811
1,6.06508522867059,1,13.7728700152961,1,12.410300283264,1,26.0925384009316,1,26.0800360813668
1,4.97996153413448,1,12.0508593879733,1,11.1409581640227,1,27.6263383784072,1,27.1677176399433
1,6.14738670137863,1,13.8660158784173,1,13.1086384210519,1,28.2659737071835,1,27.6012367704816
1,6.82406038418378,1,13.3630101953956,1,10.135710588976,1,26.1152037308043,1,24.8718927934621
1,4.96243379432908,1,12.3913564359569,1,10.892285162621,1,25.3009455520534,1,24.8615528603563
1,4.69360570476609,1,10.8146096263193,1,11.5955935522128,1,27.7507479323621,1,27.3758480290706
1,4.81074534716217,1,10.7730879911378,1,9.55581375857174,1,27.6864829745523,1,27.2175062309041
1,8.70022052584487,1,12.9850164918198,1,9.46742218970832,1,25.8071442335813,1,26.2269051191085
1,8.60771073017641,1,17.0726135196652,1,10.3232287772349,1,28.9581502514564,1,28.1887224024865
1,5.96676041642896,1,13.8892278056718,1,8.9584607379097,1,26.3006592277829,1,26.1005794958259
1,6.71745931044862,1,15.2037938265432,1,10.3625936356005,1,27.9356854164279,1,26.1914889339318
1,4.80117112306696,1,10.5354291785713,1,9.58686028938117,1,27.1428514352411,1,26.951036135509
1,5.92107193528978,1,12.6625957222132,1,11.9941632521602,1,27.0812948959594,1,25.2406363838944
1,4.21695215889415,1,9.83225722888516,1,9.2972344727337,1,25.5225325787737,1,24.9408378011165
1,4.92121418622388,1,10.7139007988099,1,11.1554772663475,1,25.7239030692655,1,24.2738675482866
1,4.73562086763174,1,10.1167392066321,1,8.44711404496471,1,26.4045976231883,1,25.8671156710281
1,5.05804263600213,1,11.4491809184812,1,11.8732988156817,1,26.2583749113262,1,25.8972008735963
0,8.28939927920105,1,14.4191809449481,1,11.6251522708429,1,27.5554147887218,1,27.429766702597
1,4.61613698775451,1,11.0219142948534,1,12.9796010736806,1,26.3943602626769,1,26.0237789248887
1,5.15352209292253,1,11.1846628640597,1,13.4568165215269,1,26.0286707453843,1,25.78804753066
1,4.65221740004112,1,10.609944571797,1,9.49326945368079,1,24.0900785632251,1,24.3721296335892
0,5.18324776406165,1,11.0353248961119,1,10.233946771571,1,27.1171390669098,1,26.046266835499
1,6.47064962620656,1,12.6414255463402,1,9.9676931075407,1,24.9312089278145,1,25.0113850770623
1,7.15031041886795,1,11.7472253895496,1,14.7864221477516,1,25.0736151347898,1,24.9571215673367
1,7.15841816322941,1,14.7314747240216,1,10.9139416336462,1,27.9622531525728,1,27.117749587642
1,4.98580291224423,1,11.8420130358994,1,11.2341689709144,1,25.9151773268397,1,25.0837005077841
1,4.87918892368117,1,12.8952188529386,1,9.3359875248688,1,25.9667752242549,1,25.5537044052339
1,4.15503263120365,1,11.0181723253208,1,10.0941212202031,1,25.2409072455815,1,25.5212976432209
1,4.69292188594276,1,11.4656280490528,1,9.38365169383687,1,28.0065347905578,1,27.5259591340229
1,8.58409728018203,1,16.4188174962436,1,9.55473480641896,1,24.0572773116094,1,24.0311784248122
1,5.29291487003062,1,10.6675544308083,1,13.7723629898641,1,27.031868721748,1,26.3889390625738
1,4.82400693091999,1,12.1169639012058,1,12.2389134248601,1,27.3750133872853,1,26.0008042264963
1,7.9871254169999,1,13.6879119982916,1,11.2940253614369,1,26.8184348579736,1,26.3037840148607
1,7.13042865896638,1,11.6511574050885,1,11.2450346026263,1,24.9408163538048,1,24.266384868591
1,6.81283150841983,0,14.6310572272878,1,11.1617250944601,1,27.0554532135665,1,25.5024313656878
1,6.68287115213679,1,12.7381836356136,1,14.5691972594474,1,27.7442475702482,1,27.6939205143346
1,6.23814328235223,1,12.1697456775205,1,10.6935339446714,1,26.6069771547086,1,26.3332504743042
1,5.31748513900407,1,10.9753834680271,1,9.45377322883008,1,26.3362417170929,1,24.6200784264055
1,4.36685435372435,1,11.2920560640582,1,9.24214800040415,1,24.8246377153117,1,24.8144688834471
1,4.49809810835124,1,10.2638930361453,1,11.3074845230006,1,27.1825869761684,1,27.5316736343269
1,5.46579872890101,1,11.2735159234582,1,10.2838005842541,1,26.106352930505,1,25.4677220317709
1,8.5264783399576,1,15.6326696253237,1,11.6542956575551,1,26.9188438043225,1,27.3387513676283
1,6.91623138736628,1,11.8611793247061,1,11.4421583392212,1,25.5332258095919,1,25.5590540229192
1,4.61759123840929,1,11.9910635854239,1,12.1159377898981,1,27.9072736007894,1,26.0353402126135
1,8.46485326526842,1,18.0994090140819,0,11.9700779356432,1,29.7012241312056,1,27.273333554508
1,6.2823936374621,1,11.7707873949421,1,12.1984321279276,1,28.6640720980694,1,27.6121297095501
1,7.82062497917982,1,12.3376144401245,1,11.1823512075134,1,24.9917428368939,1,25.1398807020937
1,7.52765591763786,1,13.8596859796422,1,10.9029343145656,1,25.3088844841971,1,25.0497467721568
1,9.81517160664657,1,15.5555323601398,1,15.5128696181674,1,25.3268759134554,1,25.6083521661346
1,9.52092741485384,1,17.8258705257573,1,15.2562441322141,1,28.2915884792269,1,25.5910722980847
1,9.87727250599896,1,17.6966330353049,1,14.7573726291862,1,24.7782569283414,1,25.2079843892461
0,6.02656045807086,0,14.5655583282653,1,14.47858113586,1,27.3918623914108,1,26.5755465910882
1,5.24283493661501,1,12.2353193223006,1,14.3345354706442,1,26.284515303558,1,25.7366582799751
1,5.52579290871986,1,13.9652495876048,1,10.8786135260521,1,24.975079180005,1,24.1147177299621
1,6.82240182941402,1,15.1689157033261,1,12.195552659753,1,27.1921084919411,1,26.509991842932
1,5.26807354967723,1,13.7702182969511,1,15.0983313028556,1,28.34531667592,1,27.5891943051005
1,6.02996716517179,1,11.0316210444803,1,10.2456287916258,1,26.1177421001914,1,25.4695387249676
1,5.34939489227168,1,11.3371862513353,1,10.5154887276622,1,25.5563294145406,1,24.6740856871293
1,5.59133789744777,1,13.5247303472712,1,11.9365090566298,1,26.4137822586651,1,24.4417994208224
1,6.49852832986373,1,11.722561894569,1,9.16459651777618,1,26.4096352436558,1,25.9644095535009
1,6.80446692939687,1,12.3739389375146,1,9.99804339105073,1,26.6902031104106,1,26.5991017466177
1,7.75262665498585,1,13.3588112118837,1,11.6024575173084,1,27.6478170139402,1,27.273508861705
1,5.44843186706212,1,11.3041675529404,1,10.8862807163209,1,27.8185923483535,1,25.7259003190501
1,4.68336044398984,1,12.054655400196,1,10.5365351992987,1,25.6307426143813,1,25.4506557994642
1,7.12798136551481,1,12.4714738788872,1,10.7334809235034,1,25.5815596905462,1,25.0775361823724
1,5.30473233554054,1,11.4410483459834,1,11.4083214661507,1,28.0818337340901,1,27.404472554418
1,7.99685707424667,1,17.2984687666538,1,13.5209061262136,1,28.1419670529005,1,27.9810076608302
1,6.52611264881367,1,14.2480454561201,1,12.7858119833629,1,26.7452277913162,1,26.2088076019465
1,9.89087239069655,1,15.5706359058645,1,11.9847057447111,1,27.1266745785287,1,26.6434784316642
1,10.2738268924659,0,17.5166784982166,1,10.3852507642667,1,25.3138497402587,1,25.8615908316004
1,5.13156343441367,1,11.3164243697302,1,11.1179470676314,0,26.3725252911313,1,26.8711950379733
1,5.61193152121448,1,12.1684673989328,1,9.93143813185529,1,26.800301545392,1,27.6054397635728
1,14.1364444936675,1,23.3017327386456,0,10.3997753913043,1,26.4744731888411,1,26.8615723409305
1,9.14267458758713,0,16.1936184203739,1,9.95042693933025,1,27.0155982893595,1,26.8235469006968
1,5.60147010534648,1,13.0175720441362,1,9.99731649615063,1,26.2984248441887,1,26.0917515704557
1,10.1413008489202,1,18.3235583929976,1,10.4638277354094,1,28.3160564301282,1,28.083805359142
1,9.41985874401738,1,19.9894239607555,1,12.7481178287972,1,26.8173426407369,1,25.2090792688617
1,4.6492721913903,1,11.7225457171317,0,14.5350711959064,1,27.8873603152162,1,26.3706439077753
1,7.95984552864628,1,14.140553717858,1,13.1214598544079,1,28.1203120958096,1,28.1339084519316
1,5.63841270295284,1,10.5916847797647,1,11.9610441503343,1,27.3974394463073,1,25.5770391878263
1,8.71522472672408,1,17.9256670303315,1,14.1484026211059,1,27.5590261912464,1,26.8227099548141
1,6.98762745776556,1,12.7231594152307,1,11.9364353073187,1,26.0332787994813,1,26.0692330302295
1,7.21504772475264,1,12.5502978429071,1,10.8454668252843,1,25.6260919948994,1,24.8654209238814
1,6.72509125053366,1,16.4065369410998,1,11.7761600834769,1,25.7779223658683,1,26.1472073101084
1,5.70783464731806,1,11.4194495134352,1,11.4954219919333,1,25.9028141222551,1,25.4198424349271
1,5.74676009975057,1,12.1091184880853,1,12.556329439331,1,29.3240569060815,1,27.5032367203154
1,8.69509756300075,1,14.698030953732,1,10.5242129442012,1,25.4485167320625,1,24.8577583660518
1,5.40545176609534,1,12.8433941923569,1,12.0137967927295,1,28.9772149651544,1,27.8131737007752
1,8.69195275986048,1,17.8018023266093,1,8.85205011251891,1,24.7139847489673,1,24.1930817008988
1,7.79539213893132,1,14.5876214697959,1,13.539379512652,1,24.7042471251101,1,24.4315701171989
1,5.80728589119872,1,10.8192202432683,1,9.68032028515805,1,25.2681991915473,1,24.3081586096536
1,6.35400650010076,1,12.9617845879551,1,11.5646050498676,1,28.1821860308908,1,26.5742227317979
1,5.28830192066792,1,10.6422668462,1,12.8402329783563,1,25.943126754191,1,25.0642420032941
1,7.14053233793203,1,17.9767155292221,1,12.6975070477639,1,25.3207589005017,1,24.5429258960686
1,9.7968812750277,1,23.1195778551524,1,11.2204914509094,1,27.1822306346509,1,26.5634250041156
1,7.70553134109743,1,13.1347151891745,1,15.1709693418627,1,28.671961282586,1,27.3993419756593
1,5.64342985642091,1,10.5730305843281,1,14.1572729774443,1,26.6376450244318,1,26.1983880645954
1,5.11664578952442,1,10.6911521380389,1,9.77571192481633,1,25.9874674046332,1,25.340310842911
0,5.16511046966183,0,10.9035539976456,1,10.4613649533979,1,26.4296572070116,1,25.7973412785486
1,10.7587007173506,1,13.6467901907608,1,12.2043585048298,1,26.1790730647721,1,25.9294380771166
0,5.49729668694305,1,10.5402409011577,1,9.03620476914181,1,26.1716998923005,1,26.2851935038522
1,8.61840196502834,1,14.1067289859308,1,15.3672442140667,1,26.1827268608247,1,25.3800201587694
1,6.02285276105122,1,11.1362408733377,1,14.0533550148276,1,25.1883140891951,1,24.4000734976145
1,6.52993177708841,1,13.4292300705137,1,12.4368294766236,1,25.8562684352647,1,25.0248011577942
1,7.84009138078101,1,12.9002537814652,1,10.7579346534385,1,26.4412065015665,1,26.1492304482165
1,5.15161350357382,1,13.2125049166475,1,12.5013743316048,1,25.7181749283611,1,25.9666532747788
1,7.74664495864247,1,12.7635477762898,1,12.1746236410494,1,25.3186887354588,1,25.3665405051731
1,5.90262426459722,1,11.9168906298379,1,18.7854143369325,1,25.5859818853111,1,25.3206570020537
1,7.13500983161594,1,13.7493826082339,1,12.5450997876281,1,26.0884804715933,1,25.8720850764614
1,6.06824313971199,1,13.3249049332663,1,10.3659952315634,1,23.9826599745403,1,23.636279924474
1,4.71859118228517,1,10.6373888494559,1,15.1955213633803,1,27.167250218415,1,25.7445823708289
1,5.73215817300961,1,11.907939430426,1,11.7471754394465,1,27.004342893207,1,25.3659416777192
1,7.96338624213136,1,18.0712802977079,1,12.9147887000058,1,27.8655893958022,1,27.765659051885
1,4.58377844214895,1,11.213809793326,1,11.7701046074827,1,27.8400783715526,1,27.6795817618981
1,4.92447187694212,1,10.4009078624612,0,10.5700008221754,1,27.4718920750332,1,25.7426507618708
1,5.44954581827798,1,13.6638898160003,1,12.0448441644369,1,28.9259778490901,1,27.0808860902634
1,6.96808001322232,1,15.4844814472126,1,13.9996101027213,1,24.4008722199012,1,23.5335130994105
1,7.14602840294318,1,12.0563719760977,1,12.20586730933,1,26.9758296401887,1,25.6278928300847
1,5.29421532531615,1,11.5757986672386,1,13.7553268966378,1,25.3880513091473,1,25.2359111796257
1,5.7698950353659,1,11.7975064636825,1,11.2772871521976,1,27.5154673881989,1,26.7785046106493
1,6.5152702109783,1,12.5700903225332,1,16.8637865835425,1,27.5273809803226,1,26.3373199279225
0,6.30278180276966,0,12.3642681285842,1,11.3426756857491,1,29.2518313172472,1,28.046311483215
1,8.11039703962894,1,14.1103616055736,1,9.76440455485135,1,26.0343057232241,1,25.0591808661283
1,8.95742791932183,1,11.8707504816474,1,10.7626665401168,1,26.808413471873,1,27.3683873348618
1,9.6970449252663,1,13.2514773188459,1,10.6107644389077,1,26.6617533544146,1,26.0653093544737
1,8.71315108263308,1,14.704355769236,1,9.76616089710616,1,31.7042517913901,1,27.9329035646423
1,5.69051920347874,1,13.7418735946057,1,12.0418550762815,1,24.1425423423381,1,24.0483558855433
1,7.3528136705318,1,12.4549324393177,1,9.6060700729743,1,26.4757248525452,1,24.4091350446433
1,7.18743979520454,1,15.0271108034767,1,10.7548811338218,1,27.1833900549992,1,26.0028707750824
1,3.98352086703171,1,10.9014146947566,1,11.2563994099348,1,27.8214705947493,1,26.659636366958
1,6.85497721677944,1,11.7920910265872,1,10.6352500890596,1,24.6997279580182,1,24.5106049021077
1,4.40000357796059,1,10.8988215388024,1,11.9669316561302,1,26.4711008250774,1,26.6898831606376
1,8.33850736441828,1,14.9087063842728,1,12.1172457538307,1,27.9895228815081,1,26.5432897322439
0,9.7060934914089,1,15.8703118727951,1,12.5736292239979,1,26.4064106528433,1,25.8814194579729
1,4.71579268334911,1,10.7184532366546,1,12.946306288405,1,25.7965011273112,1,24.8771828780152
0,10.0880180279773,1,15.0378313650463,1,13.1856384623688,1,25.2947228320869,1,24.7087095147362
1,9.79587132990189,1,14.0919374938609,1,12.1841828453794,1,26.3086348083733,1,25.8379299159259
1,6.66472500321793,1,14.6033860591432,1,12.5616603923928,1,26.1353127685496,1,25.4027095979991
1,8.2279427744119,1,16.5734566054077,1,12.2629602420195,1,28.4489955255374,1,26.2969326923688
1,3.70619895050304,1,10.4257745722557,1,12.6548646168529,1,26.8646082708092,1,25.8936246917444
1,6.15267106734662,1,13.3082548692708,1,11.9333252178859,1,27.8947870388068,1,27.2499158620964
1,4.53061265622975,1,10.4350834403478,1,10.9473910018246,1,27.6252041919019,1,26.4955655304466
0,5.44860331445671,1,11.7065296228962,1,9.28197143148512,1,24.8323374097721,1,24.4700099532834
1,4.79119043359283,1,11.5634547947115,1,10.490533032696,1,25.108604997166,1,24.3559914216441
1,5.31178596942258,1,13.2897192305027,1,11.4753151410744,1,28.4829677187554,1,26.8340193142074
1,6.25509500292264,1,11.4595866527567,1,11.4441734956611,1,28.801357367316,1,28.1181344342931
1,6.98687907659066,1,13.8669449968199,1,12.9160956152675,1,28.5097472490785,1,27.4792788307009
1,4.31547826347113,1,10.2152124552461,1,11.3908161247341,1,26.4613697921526,1,25.6943777529527
1,5.8261033222275,1,13.6318518048486,1,11.5298081427196,1,25.1911297768325,1,24.5857689770627
1,13.1441270408099,1,16.3538284244128,1,15.3281989654464,1,27.0407588248852,1,26.8159659578017
1,6.42431711153271,1,11.3432448579103,1,13.537153882996,1,27.3608726464095,1,27.5847242409625
1,8.88931072134284,1,13.3739978395303,1,10.762346781716,1,27.051427896154,1,27.0426383730344
1,7.43716285466036,1,11.9761566879017,1,10.5674572174404,1,26.9092995924834,1,26.3943752926599
1,7.39418052236489,1,12.3832971689623,1,10.3962616327935,1,25.0478431603992,1,25.491832577013
1,8.35129088150522,1,13.7992704511375,1,10.6700607038597,1,26.7865355657015,1,26.2901867048158
1,7.60030349436396,1,14.1098617929106,1,11.9274200519026,1,27.304967584283,1,26.1771847743999
1,5.7407861663511,1,12.7095348584701,1,9.39540462278448,1,25.108102844588,1,24.5473986079544
1,7.4655259063436,1,12.7226075859996,1,12.0552824540201,1,27.6943227930384,1,26.590890856211
1,11.4007247525509,1,19.2448280049041,1,10.7748752979686,1,27.9120362265474,1,26.0395690165887
1,5.33167194206782,1,11.6597966076272,1,11.2733841836982,1,25.1392363537177,1,25.5023874970744
1,5.86044747973671,0,14.3084680914678,1,10.6111747341687,1,27.3272519667377,1,26.8880615660117
0,4.95619867315485,0,13.2669909886655,1,12.2128868987857,1,25.4941185869824,1,25.9995327830707
1,7.48160553501594,1,14.34118718921,1,10.4852693794791,1,27.6922228881942,1,26.8052541912998
1,8.15822173993309,1,11.5943610572225,1,12.9429913168303,1,27.2778851986146,1,26.3041216788387
1,7.56953343742902,1,14.4079038606791,1,10.4650769649497,1,26.7219990338166,1,24.7579479168561
1,4.53114831428532,1,11.6341264129927,1,10.3824397562502,1,27.7944996442997,1,27.2624686283847
1,10.6710513440629,1,18.7255667944811,1,16.2827809836835,1,29.688171505106,1,27.6919333060101
1,5.11363811464342,1,12.1688820735617,1,11.5561094629173,1,25.910011926611,1,25.7793443701713
0,4.6587525918357,1,10.3463237920229,1,9.91086193754327,1,27.7363108413404,1,25.922927636802
1,5.39045202508609,1,11.6543151481908,1,10.4020787293152,1,26.8487982446591,1,25.8679556270621
1,5.26082649087889,1,9.93076447300263,1,11.3950908407164,1,26.0558367183726,1,25.3850075001082
1,6.27650807911422,1,12.1808421338306,1,15.1531160248304,1,25.8881184734439,1,25.7204058108399
1,3.28784099210161,1,10.4336403309443,1,17.1149523915383,1,27.5942285504145,1,26.6079268208367
1,10.9516049773241,1,14.5526773147218,1,14.71534874279,1,27.4030737654279,1,25.7770080726381
1,4.88305293795004,1,10.6688580489059,1,11.7173050070233,1,24.1321619209775,1,23.9820248246526
1,8.55271683683189,1,13.851999862212,1,12.7846929570021,1,29.6860738089026,1,28.4928362510301
1,7.76547409399342,1,14.4908958144076,1,10.6920162858179,1,25.4157234151933,1,25.4017187672164
1,7.67693964505283,0,16.3777501955,1,13.1583235406643,1,25.4137015165606,1,24.4500127902245
1,5.14197392291595,1,11.223937133237,1,9.41532780695438,1,26.0056427646529,1,25.9078937906581
1,5.00477824087529,1,11.5884917503372,1,11.7427411762544,1,26.2704754701065,1,26.0226609560533
1,7.26519103030968,1,13.5747223831397,1,9.3149345979687,1,25.164607951478,1,24.932351806375
1,5.92160264921058,1,11.6456657859821,1,12.3483745184633,1,28.1289440785287,1,26.6922626801396
1,4.54695201679963,1,10.8631544262036,1,12.9634249350923,1,26.9481693702676,1,26.0164803653781
0,5.54806172964855,1,11.4380938980358,1,13.0167682640461,1,30.2100395585919,1,27.9168418708245
1,7.79153741030872,1,12.0375592601223,1,12.6945118227982,1,26.6366182278679,1,25.8237835168878
1,4.67232266285937,0,11.2276703258145,1,13.1683289654416,1,28.1014418187936,1,26.6880201932
1,4.65806925641894,1,10.1711875167351,1,13.3944440863145,1,27.0686056671202,1,26.634234238705
1,7.27575220586068,1,13.1286119785037,0,11.2148946829207,1,26.6345946703472,1,26.2433271388754
1,7.85387072656917,1,16.8783242821486,1,11.6153560086758,1,28.366002024802,1,25.9267415589197
1,6.47506949628394,1,12.3881014874967,1,11.4168377093318,1,30.0524100926661,1,27.3142940972071
1,5.25397043778669,1,10.9670076281627,1,11.9964649428683,1,26.0968753546647,1,24.7706067236938
1,6.2409172287143,1,15.0391434082779,1,10.7096676650277,1,26.4875870342883,1,25.6375587571688
1,10.0007700113926,1,17.3691371056431,1,11.8088051125351,1,25.7919113864905,1,25.6692795415836
1,4.31335766850697,1,10.2236481164703,1,11.4395389588202,1,27.4105423863906,1,27.6167356380752
1,7.02054514868512,1,14.7485330194585,1,10.8680217770947,1,26.8877155180311,1,26.0734974761609
1,7.00344024165306,1,14.0194059659558,1,14.0568828699367,1,28.3800637124515,1,28.4295966169353
1,8.65328648811522,1,13.777618129016,1,11.228590697467,1,24.6523661830222,1,25.3450172712749
1,4.41071338705502,1,10.1990598935156,1,12.4649322031306,0,24.8961549155314,1,25.9735465314593
1,6.09319437008586,1,15.0717645550299,0,12.3202784663572,1,26.8865470886928,1,26.6479878232079
1,4.39634868127211,1,11.3581890791792,1,12.1940123063272,1,28.3626285621283,1,27.022126611375
1,5.71230236561751,1,13.4365032265581,1,10.7118895537652,1,25.0906675845525,1,24.2399663210635
1,7.79227673559667,1,12.1044972708452,1,10.2619291969776,1,26.9222380349425,1,25.4911343472254
1,5.31356242384444,1,12.3452660711635,1,11.6961666252291,1,26.8035840160757,1,26.109434515206
1,7.16429731907637,1,15.7751010113438,1,10.8265000909582,1,26.1499802791643,1,26.3807483773845
1,5.1924332136064,1,14.0021097789931,1,11.3283423219282,1,25.8738961390646,1,25.1980663212235
1,5.46941035015011,1,13.2980239828624,1,12.0979506456666,1,25.8030327359888,1,26.3883355762469
1,5.7622901195845,1,12.6166268738161,0,10.5997670761895,1,27.0342182605123,1,26.7981861149497
1,5.99024125792548,1,11.5480270644478,1,10.119168784276,1,27.0147891660506,1,26.2458631234885
1,6.29764449253031,1,11.5518528765909,1,13.6192829404237,1,26.8109573153427,1,26.1593895453964
1,8.8074251906887,1,14.958045467501,1,13.3573360011059,1,27.505270970506,1,26.6330672507879
1,6.66684999866758,1,13.0813785514072,1,16.7766266822233,1,26.8191430463115,1,25.8347910651618
1,6.71603052277728,1,11.7731073287657,1,10.1863468633421,1,26.0164023656658,1,25.2566498814822
1,6.86928742935233,1,16.6264448942005,1,11.752722421456,1,29.5163275611789,1,27.6801200427593
1,9.90924648870539,1,13.9087652348251,1,10.7752055851808,1,28.9536574635155,1,27.8302094509832
1,4.92206628846401,1,10.4773513551636,1,11.0122426975306,1,25.3460483068965,1,24.5278202692932
0,4.43627374068672,1,10.6039017879897,1,9.42122863055389,1,24.7498456493242,1,23.9699432514165
1,6.70408988078851,1,11.8018636629448,1,11.5855642073395,1,25.5716222653735,1,25.7350613342115
1,4.5671189206567,1,11.5468976909097,1,10.6232592287525,1,27.6672734363832,1,26.9003043047889
1,6.98362813571025,1,12.7160833105947,1,10.8760035757772,1,26.2366084303113,1,25.6488609485373
1,7.3894395068897,1,12.7098313221165,1,11.6836009586488,1,26.1681712008915,1,26.2377991012148
1,7.88722799114048,1,16.5259497262636,1,11.2191290631265,1,30.2872515794925,1,27.0246726562323
1,9.74810000930594,1,15.0558228566592,1,17.6468579849883,1,26.2199529340422,1,25.375823205361
0,8.30102475898792,0,17.063389402607,1,9.59656840372383,1,26.4353223283887,1,26.1842172168237
1,5.70013971859523,1,12.3505198266241,1,11.9069869051119,1,27.0264694614108,1,25.8168442302739
1,7.89304995290291,1,17.4074858165297,1,12.9113118360463,1,26.2728407598694,1,25.9932263087135
1,9.17589638846143,1,17.5936158039325,1,15.5538110913976,1,26.3774738979086,1,24.5971074604693
1,4.81805944763972,1,10.948678313433,1,13.3957176864819,1,26.8198273221477,1,25.9876826110091
1,5.91959129762382,0,14.7292744010589,1,11.67128732298,1,28.0671485985128,1,28.6189324329302
1,5.41867276844977,0,13.143461714565,0,11.6915840256721,1,27.0352031324069,1,25.86580130756
1,8.10101052074957,1,17.0250733998506,1,11.6208369725768,1,26.350133847812,1,25.5989013086434
1,9.48581202103716,1,16.626538919948,1,11.8633397785998,1,26.4601087173105,1,27.3823415536475
1,4.07284113281986,1,13.4057054350314,1,10.0589847868413,1,26.8276277026962,1,26.8832098200818
1,4.81113513843255,1,11.3804637005519,1,10.1499332057187,1,27.9190641493188,1,26.518482345685
1,8.25217760402764,1,14.9909662367001,1,9.74748489632813,1,27.4792410480114,1,25.618636331788
1,4.39736028363392,1,11.1857179183846,1,9.66487868425591,1,25.6811010797261,1,26.0585905413471
1,5.74769200105005,1,11.3745948176251,1,10.2239596895434,1,26.1005071164771,1,26.2570596961823
1,4.00534053202219,1,10.3543467076632,0,10.6438514130437,1,25.3147743515206,1,25.3901190735711
1,6.26028727713659,1,11.9304028548899,1,11.1658958679272,1,29.7719554959526,1,28.6765639997549
1,5.56463508333618,1,10.9738184317924,1,11.4634895568055,1,25.177614252914,1,24.1087712525568
1,4.72119011927771,1,11.1364103748022,1,14.4599154451685,1,26.78192990624,1,26.3096461476896
1,6.46053947571902,1,10.9065539108911,1,13.4709771852254,1,25.669458251971,1,24.9109021249414
1,12.355076581741,0,18.4691816757209,1,12.6023893325539,1,27.3357275143397,1,26.6228695878749
1,5.50598929530656,1,11.8478425475412,1,12.3135013505697,1,27.8197358265966,1,27.4943873714713
1,8.37485208626153,1,13.7495392093918,1,11.5442613205856,1,27.8680678061494,1,27.4107419066414
1,7.17749486252112,1,14.9775906745612,1,15.4882202595877,1,29.1091715346492,1,27.3841630211889
1,7.30408467509118,1,13.1317494199314,1,14.221807427303,1,27.7619492820632,1,27.5087923585969
0,3.86507079742238,1,10.7607432087168,1,12.2244442979581,1,26.2543944402304,1,25.4134468452647
1,5.96405979975577,1,12.6676209208524,1,9.5854155947615,1,26.229696553285,1,25.7696370078998
1,4.2355561770557,1,11.2757789986814,1,14.5488168289018,1,26.9203460538267,1,27.463887351378
1,7.03866246051695,1,12.6649040311379,1,11.032782835125,1,27.2688743846365,1,26.2151559454555
1,6.41645528090626,1,12.3100431556252,1,10.9249647155255,1,27.2338435916755,1,26.3089471453624
1,4.55732908636682,1,10.9753989088091,1,9.13333895691113,1,26.0520251050647,1,25.6633756138845
1,7.5241147893603,1,12.62514653873,1,8.86121674476557,1,23.6424393574986,1,23.4483883028364
1,7.70303376655856,1,12.9094340474566,1,16.9338286734657,1,26.5444113781668,1,25.3176733481401
1,6.57128120466397,1,10.6894708976372,1,14.1198748044644,1,26.8597525182664,1,25.4508082096663
1,4.71463103077648,1,11.7477546806339,1,14.0709899524539,1,28.9698490371302,1,26.4398140257036
1,7.36641079737893,1,11.5744706744284,1,12.8262555337193,1,26.1154787519051,1,25.8862590460907
1,4.91136762279825,1,10.7838385176681,1,10.7586376053674,1,24.9703515843091,1,24.2965202840432
1,9.38003449976807,0,13.9383547783758,1,14.6639262147889,1,29.0176128807258,1,27.3580129019958
1,8.0619708836389,1,11.2590847083535,1,9.64226327838321,1,25.8474763388193,1,25.4216518496605
1,7.462250417721,1,11.0613180577475,1,9.70950981435897,1,26.1712629121334,1,24.5073655666939
1,5.65807216788152,1,11.8818542839841,1,10.6279633633196,1,26.5865121149698,1,26.9588331742036
1,4.40283430486404,1,11.6379942772348,1,14.8274841446559,1,28.9179420299089,1,28.9454656599885
1,8.57178860585326,1,14.9394977101379,1,11.3541017592191,1,29.0017715297865,1,28.5305188884578
1,6.41031387438318,1,13.3850169398478,1,10.2371172302405,1,29.571771660882,1,27.3380865927489
1,6.04856753011298,1,11.4904933475843,1,11.6112838808493,1,28.7454901213391,1,27.593017366241
1,7.76032745701791,1,17.3161971449834,1,11.3068896545741,1,25.9806041154849,1,26.163484254274
1,5.77201339488896,1,13.6075296002116,1,15.7063339158264,1,28.2232957590311,1,27.8702334340933
1,7.42963642375861,1,18.4263765084839,1,11.755533929032,1,26.5889983910352,1,25.8304504204779
1,6.27929536773785,1,13.8943756963135,1,12.4927666272248,1,27.8963614208813,1,28.0591145829118
0,3.58493449558645,1,10.0439224201791,1,12.350746905889,1,26.214912052757,1,25.5007711223963
1,5.73137547780581,1,11.2515772940551,1,8.61525318103088,1,26.6641332277124,1,26.0186756657329
1,6.0105610753289,1,10.9032237644032,1,9.11400079579396,1,25.9466473231334,1,25.731557460994
1,5.13316991660303,1,12.2969242621067,1,8.43520780129201,1,27.0039395293082,1,26.7713482804813
1,7.3690667241344,1,14.7231220764718,1,13.5990094529442,1,27.4674932548113,1,26.964365260079
1,7.83316564013414,1,12.6337442355193,0,9.27866493102182,1,26.7847408809389,1,26.2521646731457
1,6.20730041925736,1,15.1967813517818,1,13.5578643596751,1,26.8814127236056,1,26.8497691469381
1,8.36484346412634,1,15.6572923571628,1,19.694814035825,1,25.8214963967061,1,25.4557516317644
0,7.65363856949464,1,14.5060646431013,0,11.712963085698,1,27.2199793750928,1,26.2776745200922
1,4.03226866847906,1,9.76622480682165,1,10.3078787400113,1,26.6953811529805,1,25.7477933360527
1,4.23620696111512,1,10.0683842529477,1,13.9002730107527,1,26.7848258831234,1,26.6350252314987
1,9.48515959984789,1,15.5642895436286,0,11.782613614469,1,27.3151425717706,1,26.9251159481317
0,5.45602112799268,1,11.3313624785604,1,10.7099125988789,1,27.2706880796947,1,25.2205332828337
1,6.60922384503758,1,12.5147269278347,1,11.1661960392377,1,27.4596813073406,1,26.5023933575003
1,4.0629425838347,1,10.5569523331576,1,11.1498722237222,1,24.8774460117537,1,25.2019592432854
1,6.80773825678098,1,13.504679803012,1,11.1880508645963,1,29.4069364568361,1,26.4686527285782
1,11.1573136435341,1,16.8728024702061,1,11.6378774591175,1,26.7020491757775,1,26.5657656782691
1,7.03874032467143,1,12.5006939239413,1,14.4606967195243,1,32.0265131490814,1,29.1704574573337
1,8.20720707541831,1,12.6034655934234,1,8.67659027263062,1,25.9117494098281,1,25.0635276838915
1,8.65283061273714,1,18.6999876274035,1,14.7047290685859,1,27.3379382472899,1,27.0840494183982
1,5.44298519842446,1,11.6250471022745,1,10.4067216578891,1,27.6098806970442,1,26.8228997356251
1,9.77519198691469,1,20.8013766781849,1,9.97265079107299,0,27.4056639134574,1,26.8223970102531
1,5.27737815501793,1,11.5497145364104,1,9.58983770237796,1,25.824277670504,1,26.0725030148028
1,5.96281377814166,1,11.8400824532778,1,13.9894334596739,1,30.3961325867134,1,27.2068761261875
1,9.7589415462952,1,16.2514354168707,1,9.71110120415343,1,26.2676187545268,1,25.3892995225562
0,6.41185024999137,0,14.3698223027052,1,10.2599895919616,1,26.4138375492333,1,26.5325345508106
1,4.91817643305392,1,11.4328058276269,1,8.63940893407605,1,26.5237708421732,1,25.9359737471007
1,9.51840361185929,1,13.9766560801877,1,11.3023344435335,1,27.6214440768713,1,27.3024856812263
0,10.8566942257858,0,16.5291131037888,1,10.1320024708105,1,28.3565009081513,1,27.1086166033835
0,7.73549811590696,0,12.9043082499042,1,9.75265371228234,1,24.4661955761815,1,24.4116156044625
1,11.7115854354983,1,16.0895034393294,1,16.1608743273506,1,27.3416953470794,1,26.2408585312847
1,7.16264707505508,1,12.2340153977498,1,12.578955103838,1,27.9949551763629,1,28.0927747298883
1,3.9737429350569,1,10.8631276545215,1,12.2184449497093,1,26.5370228850623,1,24.8987857072761
1,4.60658538883892,1,11.521574815337,1,12.9275693574817,1,27.5793449881518,1,26.8702451051786
0,9.59034027706495,1,14.8285260991883,1,12.7569501552286,1,25.7153028527005,1,26.1028159551231
1,7.48788629625821,1,14.8141748838531,1,12.7809668969655,1,26.2485306618693,1,25.1397971801216
1,6.18891207923444,1,12.2163115598395,1,15.9994258120637,1,27.6066245436398,1,27.0366260294346
1,8.59144625517005,1,17.146538402347,1,12.0263806147507,1,27.9572950883082,1,27.4273929023168
1,4.82307532762127,1,12.1124785699195,1,14.6106257571146,1,26.1491500618915,1,26.0008128537978
1,10.0871469806481,1,15.1056211465823,1,11.1327984082127,1,27.007111986567,1,26.8636654918609
0,4.33035017302654,1,11.9665756414826,1,13.0229053431599,1,25.5659135693869,1,25.2069080917965
1,9.2052819344836,1,17.7849903408876,1,12.0424027318766,1,26.5616650448665,1,26.112085528096
0,6.07796808090285,1,11.8120497092762,1,12.8618685847884,1,25.8334789462343,1,25.5023385562057
1,6.65223446209555,1,11.3425710720468,1,11.4404914925762,1,26.6927996271574,1,24.9011435306207
1,7.24595135677988,1,12.8940814862355,1,13.2715690975757,1,27.4958284247138,1,26.0592987430369
1,5.46432351324582,1,12.2413331245349,1,12.6012284648576,1,27.7756883989941,1,27.0770267766567
1,9.27223679155186,1,16.7083538082754,1,9.21009687999231,1,28.4023636517123,1,26.1474802370306
1,5.74846265132511,1,13.0574219578284,1,11.7269802161277,1,24.8387447639955,1,24.776957128009
1,9.18928129777485,1,15.0896150625011,1,10.1959023684225,1,27.6982789749875,1,27.6800032595571
1,4.86682392220952,1,12.1855599794211,1,11.1056090979264,1,24.5569614161503,1,24.9274520882487
1,6.81622031350067,1,14.0435372801569,1,10.6121604667698,1,27.403072930253,1,27.136513038789
1,7.90032034365683,1,12.945519305156,1,12.0134183909671,1,25.8594500981044,1,25.1675836800822
1,4.39147096015482,1,10.2136052393943,1,10.0626984882045,1,26.1756093587137,1,24.444809006624
1,7.22921524097119,1,17.9597078029018,1,8.85770052702029,1,27.1797062550975,1,26.5082071588974
1,13.2468954657181,1,15.174820446724,1,10.1821102808988,1,26.2741827050689,1,25.2813041589753
1,6.41454857793291,1,15.241458563583,1,10.189945849151,1,26.9638557232984,1,26.2248540363259
1,4.72432130910326,1,11.2922612170869,1,11.5974673630403,1,27.7009034999607,1,26.5558109125643
1,9.89328980724231,1,16.6122721780569,1,12.3224390311679,1,27.3694022164261,1,27.0893995703762
1,7.04172258833071,0,13.1773502513224,1,10.8893932772117,1,26.7069460186678,1,25.9530176660576
1,5.1592953839257,1,11.3125172639296,1,13.8089889761301,1,27.7105944293595,1,26.6758178248515
0,9.6300342190865,0,15.1993949936962,1,11.5900381061361,1,26.1834474826415,1,25.5975421735173
1,6.52040080224487,1,11.242927730849,1,11.4144075983312,1,26.418563252049,1,26.3667929569793
1,6.77786808129569,0,16.2371445212885,1,10.4378884976608,1,26.7630169248874,1,26.5532255686705
1,9.6401083501069,1,15.0038411877571,1,12.2106290663707,1,26.0187179236351,1,25.8117415898955
1,5.04660951459474,1,10.6342299433926,1,11.3152085565532,1,24.9828507532335,1,24.5723070321477
0,4.47432818966648,1,11.2857540399744,1,10.2617788666069,1,27.2225393922997,1,26.719640310868
1,4.66931834311171,1,11.0652393076315,1,8.99685400818199,1,26.3437550160011,1,25.6528552723186
1,4.57046785560921,1,10.5252249497986,1,10.9225384481904,1,25.8946054578128,1,25.2085501283533
1,8.43533351765967,1,18.2100861463183,1,11.0078566750982,1,28.4554974462223,1,27.6857849109185
1,8.03620487639428,1,14.3279121631052,1,17.3313101831445,1,27.0608850074652,1,26.3576424318561
1,6.48609234856488,1,12.7279293613052,1,11.0677715124208,1,26.5003622628263,1,25.7871936545417
1,10.0805889132762,1,21.4035383454999,1,13.5685915638059,1,25.537975684461,1,25.6696535529142
1,8.18626113639725,1,14.925486591967,0,12.5346018995855,1,26.7731148575785,1,26.7647291517043
1,6.91268858512285,1,14.2458591377424,1,9.56643039711813,1,28.6350467468473,1,25.9969093782036
1,6.1605491293788,1,11.875334634499,1,8.48582355276292,1,26.0735764520221,1,25.8835364460929
1,5.27354897916386,1,12.0121386356275,1,11.7206604578359,1,28.1626779954088,1,26.9867103638504
0,9.05857275536939,1,14.5511258681287,1,12.8559876683653,1,27.8017941614674,1,27.6516458700353
1,10.6840184367411,1,24.2253776678431,1,13.1195120783483,1,26.289893704368,1,25.4424906133868
0,7.59840618167594,1,13.5467211023369,1,8.92767198236391,1,26.5613960053886,1,25.811283199596
1,6.9759747387531,1,15.308265054712,1,10.7231215878679,1,25.4688732815492,1,25.2980871298247
0,6.624369765938,1,12.329566666151,1,9.81008086761807,1,26.7290833388142,1,26.2428051164828
1,6.68193342693376,1,13.7235872953201,1,10.2805997216985,1,26.9171098668027,1,27.0168753721205
1,4.33938116996906,1,10.8433975380326,1,13.6369510667011,1,27.6126530506387,1,26.4832428428439
1,7.01416283200579,1,12.2780950461223,1,10.0700575897631,1,26.7810741981298,1,26.3828513147894
1,8.16711988234394,0,15.891241508158,1,12.4917324822568,1,27.0944088388958,1,27.4022909811425
1,6.95470807949512,1,12.6672084140602,1,11.6171784783573,1,27.8974428460926,1,25.6970078895804
1,7.45205731903385,1,13.7211211884697,1,10.415156196048,1,28.8670647066011,1,26.6304418815617
1,8.57152063441079,1,14.5386977077556,1,10.5569497990549,1,27.7696120029943,1,27.5121566218561
1,7.1070915509544,0,14.5547880296247,1,9.51060977730963,1,25.4468299343579,1,25.2560508708371
1,7.88910511189933,1,16.8475085982178,1,13.4492187487492,1,28.0862292184107,1,27.2667630392286
1,6.53547436701062,1,11.6125050271354,1,16.5826629886841,1,26.1694228536214,1,26.2596900854744
1,5.6567818676619,1,15.2028085879941,1,11.9559840457205,1,28.4486874966732,1,26.6906329073055
1,6.74493950747468,1,13.1693098945935,1,12.1577636789278,1,28.2767672322934,1,26.572112115831
1,5.84238966684962,1,14.2428426216032,1,12.579812606835,1,26.5489386515783,1,24.5243445387244
1,5.60446179126009,1,13.5938315808658,1,10.5152790169724,1,26.9352819929405,1,26.1170506067873
1,8.71534583617763,0,19.7976863924544,0,9.7728422683914,1,24.6140962974459,1,24.2727516257473
1,7.84156008965029,0,15.9187302786769,1,11.9474392819624,1,25.1830522503544,1,25.1687014652763
1,6.23515995386222,1,12.1691195769449,1,14.8272943751195,1,26.9744323234389,1,26.1650827928658
1,5.59994312037677,1,12.6873209547153,1,12.3837880548082,1,28.004318616243,1,27.0666938206783
1,6.81503822226791,1,14.3577026724684,1,12.8251441271358,1,28.1616931861955,1,27.8559782619472
1,7.26842222159611,1,14.180010719941,1,12.925888159166,1,28.4809641857632,1,27.5319658433787
1,4.92910368921035,1,10.696922400237,1,13.7953711644515,1,27.4974863287821,1,26.5021474730514
1,4.17888131429623,1,11.1615668910809,1,11.1596162488079,1,28.0080592825906,1,27.1261435637637
1,5.53193506277228,1,11.1829764312845,1,13.1652776163732,1,26.8983968673744,1,26.3250219642977
1,5.60878625327628,1,11.0637581798604,1,14.7396719305701,1,27.2646569358826,1,26.5069259562856
1,7.15367944552082,1,13.7343275427963,1,10.2307878518279,1,26.4597662804771,1,26.2316791573464
1,11.2263843996828,1,14.2257673778837,1,12.7137971183703,1,25.6782506204462,1,25.5680987142778
1,4.99981140233748,1,11.4594369114383,1,14.6577158157648,1,26.9536934100889,1,25.9991241204769
1,6.41916598505822,1,10.5519951712275,1,13.2761600887755,1,24.889599475977,1,24.9682901037601
1,3.94117746301603,1,11.1925144225585,1,11.8939747546916,1,25.9834878905225,1,25.4010680293341
1,9.82445225956411,1,16.7659110784801,1,12.5537443627587,1,26.665722375031,1,25.5653100585276
1,6.21345184823715,1,14.5696934086044,1,12.2511436977091,1,26.0232288511603,1,25.2713636348222
1,6.16884848677441,1,11.422353034531,1,12.607544757971,1,26.8480477625303,1,25.5117996934621
1,7.23478142056884,1,15.0776827905962,1,13.1521800085017,1,28.952786036325,1,25.8041847769233
1,4.68399561522607,1,10.4517374030535,1,10.5911792510905,1,26.3639008662886,1,26.2361901653929
1,7.09743478433735,1,12.4120256103182,1,13.9603912296284,1,27.1078079745789,1,26.1663742264431
0,7.26537435698555,0,15.6297333907128,1,13.603837229946,1,27.6628756730695,1,26.8552289937142
1,5.12292284137896,1,11.8658940937764,1,11.7482045034771,1,29.0634160639341,1,26.0256019691619
0,5.81199354340735,1,12.523055339883,1,13.2557468394653,1,26.2259996729839,1,25.797431971432
1,7.37821761809128,1,17.1565909072771,0,14.8736678952719,1,30.2406469645886,1,28.5652122302083
1,10.264248027141,1,15.6441472464778,1,11.8171601386103,1,26.1915273143178,1,25.6033712108943
1,8.60335016763991,1,13.8861590434293,1,11.5217132286492,1,30.0643738040185,1,28.3471482638376
1,4.47606148251533,1,10.6725896925072,1,12.4924871821845,1,26.7488719235874,1,25.644336460102
1,7.76093376969098,1,16.939347950026,1,10.2745265691904,1,27.4222388595573,1,26.3057351553267
1,10.5834766682177,1,17.0191545450098,1,11.9086860541077,1,27.4512438750489,1,26.8427132310071
1,4.20611388756082,1,11.3442707148226,1,12.2770246995807,1,27.4179954779074,1,26.3946015451415
1,3.95688249264929,1,10.3208452958212,1,12.8219092480213,1,26.5996420043628,1,25.1867726873223
1,8.29540859417245,1,14.6540725144854,1,16.0783371464532,1,26.3932468370017,1,25.6858167612519
0,4.48500153411471,1,11.2055734646373,1,17.5608188920097,1,26.2972598377128,1,26.231828508521
1,9.41770427341359,1,17.4722334035457,1,11.5513255384041,1,25.882675724723,1,24.5770397492968
1,5.29270479009623,1,11.7752069098069,1,14.9904583696883,1,27.4567358959076,1,27.2204886203076
1,8.50290560061613,0,15.3390957187259,1,9.00623021375582,1,24.7159522812074,1,24.6904839044555
1,9.26498293483984,1,13.0559882212833,0,11.1211606929686,1,25.2446145560683,1,24.5554618542473
1,8.61214733723762,1,20.770608913816,0,10.1065941282696,1,26.9401853570181,1,26.0305068324971
1,9.17946502394837,1,18.5137641420881,1,9.31982280859349,1,24.9971339718491,1,24.3264352673701
1,10.2447327748455,1,14.627704829878,1,9.18000013382595,1,25.3603056721395,1,25.0609609510283
1,6.86755112898765,1,11.1733473604407,1,11.3986453278359,1,27.3865544512042,1,25.9624268213794
0,5.41539636187935,1,13.4964607960895,1,12.5239043871093,1,28.6262248416681,1,28.3699871570716
0,7.36342732624603,1,16.8135198270811,1,12.9981287092244,1,29.5292840461431,1,28.8727207029906
1,5.9135295637919,1,12.056633798311,0,12.2916534678721,1,27.3371109394201,1,27.1466464227978
1,11.986850201997,1,16.1168102196266,1,12.6887944256458,1,27.5271751375462,1,27.3584954931413
1,4.20507363336618,1,10.3829511465876,1,10.0293145157945,1,26.0483334299485,1,26.2092004351874
1,4.71067056242331,1,10.9154081753931,1,10.9361402835843,1,29.0035446114488,1,28.1634320359311
1,4.22161045601367,1,9.94931173558881,1,9.53890421725398,1,27.7886628019818,1,25.8554280877749
1,7.85079725339764,1,14.6592193685242,0,10.9945222072607,1,25.9203985741128,1,25.6122130569895
1,5.66896251237946,1,11.0302186731191,1,10.9958607605232,1,26.8420695774228,1,26.1633298150459
1,6.06231701218105,1,12.733612949483,1,14.7585112254625,1,26.4321899909848,1,26.2043409059701
1,4.01763436325073,1,10.663882030034,1,11.7819153069451,1,26.2736614776255,1,26.5357229298289
1,5.70603326350027,1,12.9786742561274,1,12.3771830462557,1,25.9951892998053,1,25.5914081438143
1,7.99695494622607,1,14.5399578687661,1,12.0296647534858,1,25.9777887354596,1,25.0804893573619
0,6.34640498332315,0,15.0863329461568,1,11.9921346346377,1,27.5478311258187,1,26.3700851999246
1,6.00412937710033,1,12.5525782600729,1,10.8885507876979,1,26.4945186117673,1,24.9529913991923
0,5.14518409044254,1,10.6557904100412,1,10.0814407432172,1,26.0339675559052,1,25.9290242250797
1,4.34889252112516,1,10.927946964625,1,10.9437709251247,1,27.3940739554887,1,26.6265256413141
1,9.92502739285285,1,16.8186669662797,1,12.3359221590446,1,28.3822978804329,1,27.9096740712293
1,7.07778057183896,1,14.5809926724893,1,15.2330351055356,1,26.1898530452868,1,24.9565526929969
1,5.74651272528545,1,10.5749250218056,1,14.0637987964794,1,25.7360532001055,1,25.2834801626203
0,4.05139887146347,1,10.3691459443042,1,11.5940005401828,1,26.2300327071953,1,26.3998361523179
1,5.73568760927979,1,12.3565733235364,1,11.1048417338439,1,26.3753241880033,1,26.4800658887829
1,5.66295813145485,1,10.7185094492633,1,10.7008928388989,1,26.0814931812557,1,25.609966422358
1,3.56658299470006,1,10.3056236988691,1,10.5014063853616,1,28.3201269040455,1,26.7126866043085
1,5.05337000836837,1,10.842537122754,1,9.80204240261742,1,25.6468982671171,1,23.3929265014748
1,4.37103777008177,1,10.6010970518657,1,10.5863927639321,1,26.158736406151,1,24.8139081492318
1,9.2969895484166,1,16.6535396672589,1,10.613503836,1,28.0739853344889,1,26.7685446363341
1,6.70650644616667,1,12.4636190786438,1,9.56869402886191,1,28.4511796183935,1,27.3183847064094
1,5.94108139795375,1,12.5726737324408,1,9.30431739500093,1,30.7498090902236,1,27.3831474256519
1,4.9568948247621,1,11.652173225946,1,11.3932483332066,1,28.0257081833993,1,27.3672938005694
1,5.65263799274712,1,10.8736130688827,1,12.066227221681,1,25.3035585808413,1,24.4844356175625
1,7.56006185882491,0,16.4321799735315,1,12.8579942953782,1,28.2856739058114,1,24.987571275711
0,4.6410825764439,0,10.3527197669898,1,13.5847669600723,1,25.6971376132828,1,25.3625092742583
1,10.4159974244968,1,17.8291538858327,1,10.0636952747769,1,25.0308903574293,1,25.0018850560991
1,8.02505299600863,1,13.1111488635515,1,9.51834578895464,1,27.1112660235556,1,26.2147723550072
1,4.69669543675304,0,11.9791697681018,1,11.573350371562,1,26.0484032357893,1,26.3413840687188
1,6.24797113796205,1,12.5835118427339,1,9.17389713202009,1,28.0814440649539,1,27.4189703486274
1,5.77695564785884,1,11.4536152699672,1,9.30789396433999,1,27.1645799809656,1,26.3166520445516
1,8.06996672348843,1,13.1976834585041,1,8.69971854113171,1,27.0210026917342,1,25.9825418967901
1,5.58909703145304,0,12.4363524941529,1,11.5706676122119,1,26.2702738002042,1,25.414823122989
1,7.96488608884543,1,14.1005517142538,1,13.2271134088553,1,28.973736031412,1,28.0707917671665
1,6.43358391144826,1,12.4605717539555,1,13.2270914144008,1,27.3916907121502,1,26.9581922860028
1,4.63269129547336,1,11.60491196136,1,12.2580621872341,1,26.3826916973998,1,25.0156584889275
1,5.75952139702933,1,14.2160824170252,1,12.6706928278114,1,28.5546661827834,1,27.6416527865761
1,9.06828082994599,1,15.1829625576616,1,12.0494603913814,1,26.2468029708293,1,25.4753328417667
1,7.85553957550005,1,12.2953820687156,1,10.6464087062748,1,26.43338023178,1,26.0771777886736
1,7.5592773008597,1,13.9664365480539,1,12.8192982074322,1,27.7723411902429,1,27.4790956118079
1,5.45233981379805,1,11.5156024951404,1,13.5820667140102,1,29.8300906836065,1,26.6032987945963
1,8.4579641263283,1,12.6869776356498,1,10.0332054991904,1,26.4837417040247,1,25.7770210893805
1,4.55035417857854,1,12.5178337320604,1,10.1089337661276,1,28.9034253758331,1,27.1216867758597
1,7.11872492993504,1,12.6052413461538,1,10.2282027248067,1,25.755545452063,1,25.0633436175862
1,5.75236742179038,1,14.2640958734752,1,10.8475643719624,1,27.5535298530178,1,26.4140975142179
1,5.43916980143097,1,12.4073668052764,1,12.8569215901078,1,25.7147045109745,1,25.4831917934756
0,10.3702461866973,1,14.6720312369253,1,12.2657837564215,1,26.3699254178729,1,25.2393560790395
1,4.52108311091845,1,10.7159408084916,1,10.1554390468001,1,27.4897335343013,1,26.7471132880177
1,7.17044590796699,1,16.4164515495938,1,8.61451286733811,1,25.1379247868843,1,24.7017731058626
1,9.14682191902225,0,14.4072690716452,1,10.9480193012091,1,26.2008522749099,1,25.8771401509746
1,5.18864726588546,1,11.7637150679289,1,9.88180496642464,1,27.5507558281921,1,26.882943030325
1,5.09795366056039,1,12.2995666937375,1,10.9382248234121,1,30.4557791169118,1,28.3574875140139
0,6.61228726190279,1,11.8156906858287,1,11.1812072786712,1,27.8357456042027,1,26.0710703570783
1,6.25437778238778,1,12.4892870172242,1,11.6993870552268,1,27.5828639058901,1,25.7212139062461
1,6.55329054685867,1,13.717789814865,1,11.0943773756079,1,25.6091805660961,1,25.113918824311
1,4.2757491721785,1,9.7900879390757,1,10.0929914273264,1,25.6186082347659,1,25.2448447580215
1,6.43300643085982,1,16.2681526725801,1,11.844581349055,1,27.7334294893724,1,25.5548787245314
1,9.7353986766553,1,16.9065167533803,1,10.9515738310265,1,26.3880231732029,1,26.1344854439495
1,7.93774725150846,0,14.1810683107644,1,14.5618541620718,1,26.5112680143917,1,26.1583671711194
1,5.20261721514825,1,12.044556286421,1,10.323848569872,1,27.5329428635372,1,25.6369534459955
1,7.46942010578291,1,13.2773027686081,1,15.4923086753948,1,27.6198790295908,1,26.2422277666952
1,6.30555867723487,1,12.7496900558335,1,10.5711623678949,1,27.3465539039556,1,27.1455400781463
1,6.90797288344739,1,14.9879667785577,1,10.3291047035852,1,28.1682911554245,1,25.9868050014251
1,8.21882651541009,1,13.0518668253185,1,10.6544043250479,1,26.2653624074781,1,26.2505944091767
1,8.34664795011592,1,15.8847380949693,1,10.5175817750518,1,27.6329710885184,1,26.9012682697605
1,5.03345378761881,1,13.2483816969131,1,13.1580447435934,1,28.2668714067784,1,27.5163394962653
1,5.04580115118759,1,10.6739362610449,1,10.5199477922299,1,27.1085914493485,1,26.4561036267075
1,7.50462344442042,0,14.0193030132463,1,10.8345198538697,1,25.832321236592,1,25.5604552769983
1,8.44884476039563,1,13.2407895994524,1,13.1055204236839,1,27.9348729571569,1,27.7540862554956
1,7.00843379504131,1,14.7024904648347,1,12.1375643823901,1,24.6292170963778,1,24.5702800007114
1,9.22330764233433,1,15.8125966331161,1,12.9169231867605,1,28.8361114411807,1,28.196473515169
0,5.00057077454883,1,11.9263271692178,1,12.4029728555092,1,29.4541399297961,1,28.0707394571686
1,6.62681320275865,1,10.2302983634256,1,16.5935983185212,1,24.5231068015324,1,24.2694901456678
1,4.91692639335811,1,11.7726424961901,1,15.6466672390808,1,29.4664176437489,1,28.5570362045153
1,9.64094888047033,1,12.2679867578592,1,13.259419425346,1,25.4149909159925,1,25.5487092474138
1,6.43178258810751,1,14.7609103619927,1,13.9049005728351,1,27.1244382754679,1,27.0153125448726
0,6.29812910444494,1,15.8845518280931,1,13.029710061991,1,25.9128587249084,1,25.8912679125047
1,5.94703110903977,1,12.5802792598904,1,11.187242831786,1,27.4267890237399,1,26.4561819459131
1,9.20940072357863,1,19.8722301950915,1,10.5867756402053,1,26.5525675372793,1,26.3144989149213
1,7.59374436167126,1,12.2403823548212,1,10.3491131903501,1,26.4406946865499,1,26.917188835059
1,10.7796992351191,1,15.8940443768549,1,12.6328766864763,1,27.2727639353377,1,27.0710426262885
1,5.08392033904746,1,11.6317568116859,1,9.83941606789386,1,26.4374532217574,1,26.3429788358129
1,6.55377189841853,1,13.287399469403,1,18.0378484160571,1,25.9879005168178,1,26.2047989636393
1,6.69702261098807,1,11.9023093437569,1,13.281688981642,1,24.3603713833759,1,23.5049918760923
1,5.91978826478522,1,13.6315460776451,1,11.3500753804892,1,29.0402785366764,1,28.2257246371182
1,12.7425230920477,1,17.4803110717166,1,11.6598128707123,1,24.9919748434933,1,24.5392680860122
1,3.85292457836869,1,10.6429220351501,1,14.7259995938138,1,26.3682245608066,1,26.4274619805751
1,6.82387538288669,1,12.9805961907163,1,13.9200822792192,1,25.7812613780819,1,25.5502518741449
1,6.83062202135974,1,13.8905523893666,1,12.584919068998,1,29.1320086642805,1,27.5381435666574
1,5.70047215691887,1,11.3848737991396,1,11.5880473818654,1,26.5786011299959,1,25.6886091539988
1,5.87695639178027,1,12.0140419892511,1,9.64959758036465,1,26.1958051274365,1,24.8449848739178
1,7.06992176129946,1,12.2332628046167,1,14.3840493134909,1,24.8018002231125,1,24.5672920934286
1,7.0117761966229,1,12.3526070633463,1,12.6340537603614,1,27.813910800828,1,26.5759828881034
1,7.47650257123049,1,12.226436443835,1,12.2605324196228,1,26.5270891711975,1,25.6790032404229
1,5.24699768368849,1,13.1637190150164,1,12.2919066219176,1,26.5685108988857,1,26.5533834607928
1,7.31038248780838,1,17.3252172988842,1,14.6634283688134,1,26.7871172113133,1,26.0507093845063
1,8.80997902468126,0,20.1587000324955,1,11.3596326098666,1,26.5922739974534,1,26.2062789402683
1,9.95301663260248,1,22.8701101147858,1,12.4212422034712,1,27.9333039619804,1,27.25313359011
1,7.57511137465441,1,14.2804486322743,1,11.2810138163728,1,25.6505705780112,1,24.8403538349106
1,10.1297065014124,1,18.1026645752636,1,11.2211548974681,1,25.7394573130391,1,25.3754539227083
1,7.26999848090643,1,13.519399459141,1,14.3694833002216,1,28.6674227578918,1,27.859895427204
1,5.64233749528524,1,12.6136160776429,1,11.3321768758761,1,24.9018593396956,1,24.4309755997949
1,8.04126462034045,1,13.9490902498945,1,12.027814663041,1,26.010230804692,1,25.9144389826524
1,7.96384818253511,1,16.2445871603426,1,12.2492950525395,1,27.0253431524129,1,26.6629856439873
0,10.2581414495256,0,19.0055340490274,1,10.9713619364537,1,27.3438899810954,1,26.1112797970421
1,4.76343552965224,1,11.3234284182807,1,13.3867881986355,1,28.4656585767472,1,26.9851302512114
0,6.06487371546056,1,13.3434647933044,1,12.8857172773775,1,27.1623879126616,1,27.4072699362402
1,4.92831798751188,1,10.8872066426956,1,10.96579650119,1,26.5783981261872,1,25.9911161115458
1,5.67539694915081,1,12.5163204104647,1,13.3789431548871,1,27.3284463338072,1,26.3545218439589
1,6.00179528180906,1,12.0455116318134,1,10.5331244500182,1,27.5199396399222,1,24.5541294098617
0,4.78975744683896,1,10.3631529537902,1,10.5401695401365,1,25.5395384028727,1,25.5165241119781
1,5.99270903401655,1,13.4802389519679,1,11.9664237373013,1,26.7260388058604,1,24.4795943690824
1,4.30227702256322,1,10.9774881614472,1,15.06003784601,1,28.8886784339559,1,27.4843226277423
1,5.56974077650537,1,11.4344164050871,1,11.6738328141972,1,27.3671190189751,1,26.4711477339471
1,5.64972615555583,1,14.6075114806618,1,12.4824046767837,1,27.3045558144214,1,27.1920080150222
0,6.09726780397346,0,11.7059121397806,1,13.0622235097527,1,26.6799979625257,1,26.7314634279664
0,4.41209162008954,1,11.9706413007186,1,11.5839693356565,1,27.4465797087345,1,26.745657359093
1,5.87732334124247,1,11.0175609356432,1,12.07524430661,1,27.589735738809,1,26.0782456426779
1,7.21390052373966,1,13.8184897514514,1,11.3609676164206,1,25.8836920411326,1,23.7385875337018
1,9.31750581786598,1,15.3173709151089,1,12.9285744094051,1,27.4307181839078,1,26.6780418269225
1,4.9531940112219,1,12.8155588748753,1,13.7222097770557,1,27.5152785002235,1,26.5116061958465
1,14.1753317644469,1,16.4361426208369,1,13.0945484223536,1,26.8874416237743,1,26.0131514740849
1,6.96439324652618,1,12.1967214323785,1,10.5562138850944,1,27.3967180783342,1,26.6933606659545
1,7.39780436885439,1,11.8656484018143,1,11.0882915521847,1,26.0462864068998,1,25.2400636894855
1,6.71329110577026,1,13.1502185358455,0,13.9170469984538,1,27.324497234933,1,26.4718028803662
1,6.10314505050276,1,14.0279192488426,0,14.6008210661345,1,26.1776084527099,1,25.9423791988063
1,5.69918325524029,1,12.5288745506576,1,14.3316547917621,1,25.6989818291307,1,26.1659297134423
1,4.2810610232749,1,10.6947880490094,1,13.4319082599045,1,27.4320871366322,1,27.1030893915933
1,3.89556635828107,1,10.7582312021169,1,11.3650620700734,1,26.155516253268,1,25.890893307308
1,3.77888716794976,1,10.186547788722,1,14.1782765093452,1,26.3641658758883,1,26.0959432539382
1,11.8761325749314,0,26.2563376971067,1,12.0304100846434,1,26.2330274496197,1,26.0914357588685
1,9.22722623681175,0,16.0954525706914,1,12.1623229109557,1,27.9510194303818,1,27.2056235527776
1,5.33627164500986,1,12.1557811434082,1,17.9454899016121,1,28.3130917084677,1,26.5257604855872
1,4.91652017097192,1,11.4991862929951,1,10.939357870855,1,27.0660542275362,1,26.8801897147887
1,6.22050583396742,1,12.8217639634106,1,15.5857975207779,1,26.4302808697541,1,26.2087520101317
1,5.23436890309035,1,11.7915657520259,1,9.76401830139564,1,27.215911979861,1,26.4537017303946
0,6.85854358705759,1,12.1846308320234,1,9.26346284096003,1,25.808871008522,1,25.6438754024904
1,8.32363963520778,1,13.0416517867454,1,12.5139825494043,1,28.6479795261304,1,28.0735882041229
1,9.6247385876062,1,20.1723462472983,1,12.5390152436022,1,26.8877949563757,1,27.1789888108625
1,8.1014021136373,1,17.4600428981595,1,9.77827731588466,1,26.5655775250576,1,25.8560223058523
1,5.64450064174986,1,11.1786650695469,1,13.5546620973441,1,26.2499886281353,1,26.1377555249945
1,8.08644350153177,1,17.5764731240999,1,9.27638979328994,1,25.3412301179969,1,25.3321529854599
1,12.2929420284898,1,20.6301152750371,1,11.4077410380268,1,25.6789239235023,1,25.7623890807659
1,6.72604609150593,1,13.0057888777208,1,12.4473970119848,1,25.9458478983069,1,24.8935671461766
1,7.15103959726626,1,12.086771621047,1,9.92334865358556,1,27.2329758879159,1,25.7906091566343
1,6.97347678082981,1,16.4666906423043,0,10.4953231630321,1,26.642190582387,1,26.4717379846672
1,6.7034262120673,0,15.3926013132601,1,11.8229979643891,1,28.5353095262602,1,24.4859303898147
1,5.29407909218068,1,10.5163595272448,1,10.6402749570699,1,25.49998199819,1,25.4319074310958
1,6.13756254692094,0,14.2842122172552,1,12.0295137165258,1,27.5270376071793,1,27.0771358381303
1,5.02007357053788,1,10.7306483860841,1,11.299886174019,1,25.8410600648977,1,25.7935326372276
1,7.28653229083579,0,16.8842929213962,0,11.5866511251948,1,26.5101587467447,1,25.6104311432276
1,6.49006835963074,1,11.3010315328945,1,11.3926232173959,1,26.2019112697149,1,25.210277830763
1,5.90292708069398,1,12.6332068939913,1,12.0611115704966,1,27.9618172751306,1,27.2790634776821
1,5.92434052083727,1,11.5721564361911,1,11.2385145367762,1,25.2352161131315,1,25.2083516035461
1,5.80178872021405,1,11.9702029155787,1,9.54326680878675,1,27.269462102271,1,25.9240089563903
1,5.07920872422167,1,12.3703762746369,0,11.6875847568491,1,27.7564383748872,1,27.3160367498508
1,3.95647228541686,1,10.9002106622161,1,14.6994209424304,1,26.910524871901,1,26.5856374516371
1,6.18787319816896,1,11.7902537787747,1,12.3738989346891,1,23.5603307891686,1,23.4387311447384
1,8.54448663530165,1,13.8556062541938,1,11.1720763152083,1,26.653626325065,1,25.3243369206917
1,6.46556595116622,1,11.0419700619099,1,11.6625415799256,1,26.7914202435655,1,25.6707221038552
1,5.46711581929355,1,12.5712680511421,1,13.670572075102,1,27.5640624634428,1,26.5678379956136
1,7.34197096144977,0,14.5721420696593,1,13.4902761218862,1,26.5315006930895,1,25.5107837121892
1,6.04375336793197,1,11.7799937276276,1,12.8991734199679,1,25.259448954738,1,24.9846410726385
1,4.92286651931442,1,12.6471705682648,1,10.4020002393319,1,28.0269456744514,1,27.7206813158101
1,6.21857670792703,1,11.7102815220584,1,10.2740800544368,1,27.4563057534455,1,27.0493223988034
1,5.48391408667442,1,11.2199028859935,1,11.6676346276679,1,26.5797961457422,1,25.7293817980101
1,7.10156669230777,0,14.1478962526899,1,11.655162462622,1,27.0164196224843,1,26.9747039220874
1,6.90077304297572,1,15.0871830013007,1,11.4288065031526,1,27.7604249116022,1,27.3314701696997
1,7.02329366032733,1,12.1348047945075,1,9.95120027363873,1,24.4179252429407,1,24.5950226191583
1,4.81820739947214,1,11.21800552642,0,12.155372776814,1,26.133485513277,1,25.1296473792997
1,5.90648247578296,1,14.2234011281017,1,11.5089764971137,1,27.5451014450874,1,25.8890426280406
1,4.27785710947547,1,11.1247468394382,0,12.6995129457557,1,27.5381453829605,1,28.2510088627598
1,8.90511609417044,1,17.138737141359,1,10.1714881521411,1,25.7598510299824,1,25.1940847136244
1,4.58792423894517,1,10.2495104367083,1,11.5172610210721,1,26.9373483552343,1,24.7442098245887
1,4.67757625429279,1,10.4871773395727,1,10.2312520947927,1,26.3388485698563,1,25.4912870010985
1,6.66650454028627,1,11.3556969562306,1,10.6592976543119,1,27.8442855899735,1,27.3741654364987
1,10.1061670969864,1,16.1229790211384,1,12.1134025263693,1,27.306002928222,1,26.7452242697046
1,6.55103303020299,0,13.6209465258243,0,12.9528385776833,1,26.5166561530967,1,25.5617541671149
1,6.24769582166053,1,11.7026802269618,1,10.3826635673207,1,27.762059039358,1,28.0493226786288
0,6.54757197463354,1,12.6249791548732,1,12.1954926491225,1,26.9536877652655,1,26.7907098247489
1,8.01771287902428,1,14.4950042696261,1,9.64056043706951,1,25.7029610536101,1,24.7629904713405
0,9.33864361759187,0,21.7441344321303,1,11.1760876631408,1,24.7125895077231,1,23.9215047227235
1,7.68761121165034,0,15.5184295932103,1,13.4659363754896,1,27.443756538157,1,27.7338418778927
1,6.36790488565464,1,12.7505200587252,1,12.065390604663,1,27.5411237864078,1,27.1741876570809
1,5.03797377344201,1,10.991962194866,1,13.5374545768817,1,27.214755268672,1,27.1591902680857
0,5.70657284572211,1,11.3888488898744,1,12.4515693534678,1,28.5377796998074,1,26.6616224978714
1,5.75866948368812,1,12.0059396626648,1,13.8196811835135,1,25.6558057579366,1,24.5886881341113
1,6.11205263617259,1,13.9736913755854,1,13.6279263873015,1,26.9198236139077,1,27.4419855817144
1,10.896539643375,0,17.8726780522045,1,10.6953129489602,1,26.9887016447883,1,27.0523098091831
1,5.75640959638095,1,14.2497334431092,1,10.0644613398663,1,25.7917859491917,1,24.5498119552712
1,8.7433111394715,1,16.8953988462804,1,10.8174552751111,1,26.4605979465791,1,25.343551928261
1,6.35238159480007,1,11.8916379537644,1,11.4525397608205,1,27.3733474606029,1,27.2915083497068
1,5.75634335417401,1,11.9074128601999,1,10.7225414443456,1,29.4972260750885,1,28.1543970172086
1,5.83225734186472,1,12.5344458260264,1,10.5027094976362,1,27.2976060394208,1,26.8399620071684
1,5.96953584371613,1,14.5839801986279,1,11.7416660138489,1,27.3738345623747,1,26.6236601968092
1,5.82434025064907,0,14.066754762712,1,10.8839207272054,1,25.7392537342967,1,25.9604776324929
1,4.65326085220095,1,10.8223711023629,1,12.5892274964763,1,25.9166023026091,1,25.8551563394962
1,7.04172897146493,1,14.3357363023181,1,12.1250579451157,1,27.921720865529,1,25.933952870323
1,6.09295921663719,1,12.5517954842442,1,11.5166771644853,1,27.0520612912319,1,26.5154213556484
1,6.82977025619264,1,16.2412691805053,0,17.9438901137027,1,28.2079896212791,1,27.410066222191
1,5.53669887113781,1,12.7688574031453,0,14.3391222744088,1,26.8675241288662,1,25.8440629820759
1,3.37081528268409,1,9.73135106558847,1,11.1553252711961,1,25.0422888164039,1,24.3223803726463
1,10.987618882288,1,18.7362638771093,1,15.5537565419929,1,27.9446922028541,1,26.3958516043238
1,6.35246258193227,1,14.5073755538953,0,10.6595819635535,1,26.4929861354439,1,25.8108746887407
0,3.69704562599642,1,10.3957815977179,1,11.815962238765,1,26.3104580390345,1,25.4015198893067
1,7.18151483578705,1,14.6980419331509,1,13.3486563728519,1,27.7395350853348,1,24.8877599710913
1,8.60257378370887,1,17.0530187879622,1,12.7844008764255,1,26.1830197325239,1,25.6841096834482
1,6.27571456672171,1,13.8441622789407,0,10.7873411069311,1,27.8046152681389,1,26.3700848871891
1,5.68497368118563,1,13.1306545492299,1,12.1620213455663,1,25.1815178230071,1,24.6583597861516
1,6.72702178466154,1,13.3718916281669,1,12.7037103635813,1,27.9562359853478,1,27.0733820405281
1,6.04795520732133,1,12.0678096293863,1,11.2244106128326,1,26.0314610011169,1,25.3477863278098
1,6.40162136786197,1,12.1883843815312,1,12.0356469656478,1,25.2708726851526,1,24.2373198159653
0,4.94006689556729,1,10.8110906901448,1,9.43403021401669,1,25.2950866784296,1,24.7689186171752
1,6.90654121179998,1,13.333382743626,1,10.6456052486099,1,26.9720882608425,1,26.1990074951939
1,4.6303063512964,1,11.5723843246632,1,16.5357440337785,1,26.2911231537418,1,26.0907972284521
1,10.059576822603,1,16.4538032183504,1,13.3493011692229,1,27.8764933245149,1,27.2111005268483
1,7.39556167008582,1,13.713848067238,1,13.5404444199955,1,26.2334267828684,1,26.1021055397069
1,6.62379474382007,1,14.6765411931967,1,11.2047425533408,1,27.6711812831253,1,26.9729787103468
1,6.91977884465836,1,11.7720648374489,1,12.0395213054922,1,27.9278311643585,1,26.141812934019
1,6.04273174556918,1,13.9122644157627,1,16.3492600368736,1,27.782719770257,1,27.6590096354782
1,5.44240950949463,1,11.012801965976,1,12.5228022465382,1,26.9857633656625,1,26.4863535036802
1,4.59878150208375,1,10.8162684980647,1,12.0330819393351,1,26.1709023750266,1,25.0552495404829
1,7.41708665271433,1,12.3449302854943,1,11.3370583756013,1,27.7325585846631,1,26.821832163483
1,5.9780840538648,1,11.7958481072996,1,11.8622136176683,1,28.2849205665783,1,27.4966858901374
1,6.65445586456342,1,12.3435773707783,1,13.4974199525785,1,25.4896257904223,1,24.9523607215976
1,5.29156046103907,1,10.8238824299847,1,10.9433180926173,1,26.9172607252467,1,27.0035546439297
1,7.58833542486971,1,18.8474410957076,1,12.0617177167342,1,27.881603968726,1,27.4126595258045
1,5.98167530882264,1,14.4459564711178,1,11.8449317293089,1,26.9160111633869,1,26.8502170279009
1,10.965128784464,1,14.4051116965361,0,12.1241745194446,1,27.7239084871672,1,26.6270854944075
1,3.25053897143128,1,9.97621059054669,1,9.7682770422678,1,26.141383075262,1,25.6544590895934
1,9.21892058476399,0,13.6907132449161,0,11.4617008173128,1,26.4785126704557,1,25.9630660384997
1,6.96319495134093,1,11.811863730143,1,10.9619274840013,1,26.4776857512154,1,26.0776590446265
1,6.40247933410922,1,12.2458997885779,1,13.3701937721684,1,26.727447710582,1,25.8237169393524
1,4.33461624541468,1,10.1893145223953,1,9.95362335639582,1,24.9664544836931,1,24.9930462633196
1,5.49684057104141,1,12.3949512261852,1,8.99625211277812,1,26.6703750917616,1,25.7808019122137
1,4.79634679592943,1,11.6699189742961,1,10.7373254210057,1,27.0009250586488,1,26.8230585489153
1,9.83662702813377,1,16.2904475998941,1,9.77551328628929,1,26.4218653583132,1,26.1725186797112
1,4.277108167856,1,10.0203514325474,0,11.2493802817082,1,28.0307488437434,1,24.8882112391551
1,5.58692299457874,1,11.3753886850873,0,11.8263195188315,1,27.4737101875266,1,25.9640095368601
1,6.66250135828451,1,13.1698794915799,1,11.7099914842346,1,26.6262489742277,1,26.3773561858283
1,6.29659612187103,1,13.0612957344842,1,13.5448792050918,1,27.5836652052148,1,26.9354659069576
1,6.01622577501349,1,13.5397622571059,1,11.823686468004,1,28.0499369669154,1,26.4688565086147
1,7.05461793916294,1,12.2309629049411,1,11.2156039984129,1,26.4531795758535,1,25.8598201551643
0,5.34641623149998,1,11.7858509448816,1,11.6917443034606,1,26.2265862247863,1,25.6496674478492
1,5.36346142411277,1,13.5787068663792,1,11.0662014387759,1,26.9849048502625,1,26.9634320546423
1,6.65921499326169,1,12.1922660099925,1,10.6199877398858,1,25.9278741126373,1,25.3407570392269
1,7.93359583589127,1,13.7201676657605,1,11.3694913655467,1,27.3388988709264,1,25.9896225631335
1,6.80390786179076,1,14.7273612281671,1,9.3777953103907,1,25.6274591486119,1,25.486801460435
1,7.76556913913183,0,14.6421929483433,1,12.2011587955672,1,28.7765468581886,1,28.1193240274604
1,5.13438492146312,1,12.427992571227,1,9.10151567985737,1,25.4475760634423,1,25.2746822981033
1,5.57785391740541,1,12.7474513634822,1,10.1137331189972,1,26.7154585804615,1,26.7097351126415
1,8.31630559648105,1,13.5615901654526,1,11.0575327493305,1,28.1620992480642,1,28.3506007389587
1,6.61477088767897,1,12.2031296517712,1,10.2376144688714,1,25.8641801637068,1,25.4120841637058
1,9.41476919700256,0,23.3461610932935,1,10.8172150951112,1,26.5278598621383,1,26.7087401161118
1,6.33143083423676,1,11.5036922728241,1,10.8017782574454,1,26.9436154769269,1,26.9391627080488
1,7.81189340644349,1,15.5026059585388,1,10.218321512378,1,25.2548009663627,1,24.1581839350772
1,6.74532391717006,1,14.7918455643762,1,10.5857131194388,1,26.8441426447779,1,26.2919564393981
0,4.37992727827197,1,10.8724187396038,1,11.0130868637999,1,26.2943533493309,1,25.774873366232
0,4.20304042502714,1,10.8943360555564,1,11.4917118259708,1,27.350014316229,1,26.7550899864056
1,7.69942901869718,1,14.6385518963659,1,11.6901971986662,1,26.5479688091259,1,25.8911582667255
0,7.83694639124833,0,16.0821370503652,1,11.0226220500133,1,28.9282896506349,1,27.587095996364
0,6.97097227898885,1,13.1886422258755,1,12.6878088969649,1,26.4367467974178,1,25.1102275067222
1,5.19769895449308,1,11.1788327280921,0,11.0127592651336,0,25.1492243896016,1,24.7878849410749
0,7.33711222310134,1,11.827211599494,1,11.7699183756578,1,26.487734183572,1,26.1977938645932
1,5.55430693714462,1,11.6059297157381,1,12.387309569522,1,27.1942109346492,1,27.4159505715376
1,5.19093274049368,1,11.9410043784319,1,11.922289993593,1,28.5888801752888,1,26.4334936475497
1,6.73815699943645,1,13.0957126870847,1,11.9596264321285,1,28.6375531996817,1,27.2204427979794
1,5.41200049919086,1,13.5928521906582,1,9.78125519515908,1,26.8336260580481,1,26.3676162456846
1,7.54882954734118,1,13.1470605111376,0,10.1905159113343,1,27.0733110181029,1,26.0482800037484
1,8.0693893657269,1,15.7853122199346,1,11.9777379638995,1,28.6901922659604,1,27.6286576611421
1,6.66588173986291,1,16.5923325766166,1,12.9554414161959,1,26.4053903693825,1,25.7325235675453
0,5.7891701485357,1,12.5018132558024,1,11.2796583441357,1,25.4449584861675,1,25.3500380286917
1,7.09927939545403,1,12.1226048735196,1,10.6874276649299,1,26.343078808231,1,25.5017697641453
1,6.4771243466237,1,11.4590756918844,1,12.6699263003778,1,28.0587674696124,1,25.4124111827255
1,5.60400846857043,1,14.3343800661375,1,11.2353637287687,1,26.4914339889148,1,25.4725702005347
1,8.89437161508595,1,13.6672018475613,1,13.2582275583814,1,25.4848912664069,1,26.3726780427262
1,8.57747243302234,1,17.2972875867812,1,10.6028458221604,1,27.3976385682448,1,25.1115599677404
1,5.53291413328335,1,13.3495636746424,1,12.2892135943485,1,25.7360165118661,1,24.3663776890503
1,5.48279345342987,1,10.4263383342282,1,13.6474420212336,1,26.3566271159422,1,26.8739448472953
1,6.29561744098431,1,11.7062432642337,1,11.9359296746097,1,25.8709948505217,1,24.3692217786558
1,11.2708428454836,1,14.7376916185496,1,12.7036379409277,1,27.8001071953443,1,27.0573842270835
1,10.4976325838618,1,16.2880266027681,1,13.7887783135858,1,25.8581159704151,1,25.9412377701214
1,8.08231008937463,1,14.782915409815,1,12.8882229189412,1,25.3373448950251,1,25.0383251541403
1,8.44369850000964,1,16.0063827124677,1,11.0141269417948,1,26.4642129165814,1,26.2828638471851
1,6.14262378694291,1,12.8950472812152,1,10.8287556206751,1,25.9132242899621,1,25.1838159477322
1,6.24769363194591,1,12.7568908414723,1,13.1398943587699,1,27.6494465170847,1,27.3511486521224
1,8.50846986545216,1,13.5989452221893,1,10.8556125232734,1,27.851120381918,1,26.3201209960851
1,6.56501186326648,1,12.573794871108,1,12.62891330869,1,26.3703745003089,1,25.9936507568537
1,5.99278174886479,1,12.4645154071245,1,12.7305280527021,1,29.2706983442611,1,28.4909148792689
1,9.1808164866178,1,14.2026438170823,1,11.8279462885822,1,24.3292722514474,1,23.9939379396496
0,6.10634188050479,1,11.7381476490637,0,11.2673211592376,1,26.4372582302289,1,26.2150922017979
0,4.27254887118022,1,10.2889307972226,1,11.2332529011883,1,27.7626472292168,1,26.2073165791457
1,6.937061410253,0,12.7049252147647,1,10.4203684138405,1,26.8331622926508,1,25.941377737298
1,7.30149159259703,1,12.6808877326167,1,10.9270442152323,1,27.4871092445825,1,27.1592149010058
1,13.2155027807362,1,25.2452087976451,1,11.5837813323695,1,24.8887701620587,1,25.231332706115
0,6.39156763100895,1,11.2779927187137,0,10.1358370043876,1,25.043408971774,1,24.637973515698
1,9.8931413036964,1,18.3749284034383,1,13.2448642874296,1,26.6347170407067,1,25.8532948146708
1,6.39399973490979,1,14.7955430899167,1,11.4562671225546,1,27.2812231715068,1,27.0972781487194
1,7.40944983795693,1,15.2886131840424,1,10.5896033135163,1,26.5656138250752,1,25.9456506009006
1,7.66216292649183,1,15.163969153694,1,15.949859230946,1,26.3476517244261,1,25.920815681568
1,4.93672586076593,1,10.6099461692088,1,12.2213873649701,1,26.1675875885512,1,25.507963052402
0,6.40853244738273,1,11.8073029852214,1,11.5386044051796,1,26.5412095642842,1,24.8066338477263
1,6.68079926381086,1,12.8941562706205,1,11.5369793091453,1,30.0990286189747,1,26.7750149353595
1,5.81843026707769,1,14.3583806498733,0,10.955694977075,1,29.2266593686506,1,27.339444847513
0,4.2723929150969,1,11.473585691307,1,10.9591558820354,1,28.0511781054805,1,27.1453247147537
1,7.28457040001155,1,13.4877244795749,1,12.043873599171,1,28.2859348070965,1,27.5248295695578
1,5.32612895244552,1,12.9979846786881,1,11.0357946043694,1,26.366058644302,1,26.4165006958992
1,8.15251197119729,1,16.1164320961695,1,10.7349853615905,1,25.8758052797792,1,26.4920857817769
1,9.72254553184391,1,13.0988503657606,1,11.6671885755404,1,28.8249779298221,1,26.9087831900947
1,6.08535921551358,1,11.0999190818663,1,10.7344207010876,1,27.3484437165276,1,26.3046236405182
1,7.52796571782166,1,13.027450839881,1,11.4662653718229,1,26.7049225180392,1,26.2710086305255
1,8.68558874800157,1,14.9083457535854,1,15.9407599160293,1,29.1987104609689,1,27.4832349106264
1,11.039403569684,1,27.5722139821996,1,11.7974303652231,1,27.2441186203502,1,26.7921286158426
1,6.9707834195723,1,13.1127400357454,1,11.9087829522274,1,26.8415805435178,1,25.8043180862627
1,7.86196852144317,1,15.7430497960873,1,12.0247593718473,1,27.1722781408602,1,25.9424384959785
1,6.09962542461381,1,12.6879496470819,1,10.5959060796096,1,26.0830311901379,1,25.6459161569536
1,6.96583575864775,1,13.6413843195734,1,11.0716575342944,1,25.7419274338537,1,25.0925038228603
1,9.23003236148802,1,15.346338722521,1,12.1568013890746,1,27.5536443288127,1,27.7450424168198
0,6.79287124742641,1,11.0135319766333,0,13.1886897557745,1,26.8046857262769,1,26.3415001762735
0,4.34071568207318,1,10.9378741280802,1,11.2956050411334,1,28.543388310668,1,27.4465639224237
1,6.22784617973449,1,11.5592831453283,1,11.5122538019504,1,27.5502132291673,1,27.0921472484062
1,6.00384301847721,1,11.6572279958483,1,13.619588193135,1,27.0129212004085,1,27.1137550502629
1,8.35959394580649,1,12.0555716597009,1,10.0100663868167,1,25.670218253419,1,25.4831087120531
1,4.32798268521481,1,10.2508996158995,1,12.7693322198503,1,25.9446683166115,1,25.3213481981681
1,5.58847741112215,1,14.0635303305061,1,12.5570182247184,1,29.2827715557592,1,27.878824184459
1,6.54453796933059,1,15.0106022833313,1,11.6530804325719,1,28.0394015801292,1,27.3304925011138
1,6.14697739655892,1,13.5584021139224,1,11.5844367384116,1,27.2116635124349,1,26.4699737940798
1,6.63069977682109,1,15.838656184447,1,13.2725290715116,1,26.9583140977469,1,26.435872763808
1,3.65080588733664,1,10.5201310073239,1,13.3863556970194,1,25.6245726998913,1,25.1476365339887
1,6.40903900657579,1,11.1143450718635,1,14.5591928229824,1,26.942301695898,1,26.612014917615
0,5.24012328558731,1,11.9625229390136,1,12.8511045311424,1,27.5273230758036,1,27.3440879238548
1,8.77777737285415,1,20.6394600519713,1,11.8986615891658,1,26.9153320661709,1,26.2972670596351
1,5.18051432090686,1,11.0017956125398,1,13.3231680042141,1,26.4390757179593,1,25.3768163449605
1,3.75921281070374,1,10.3595822502497,1,12.5595559860177,1,26.326905859092,1,25.9432518081258
1,8.81868730882165,1,16.9642164095362,1,11.5213671575157,1,26.229281205812,1,25.4540812969937
0,3.8569991004563,1,9.99440393547152,1,12.0641337178484,1,25.7878012971646,1,25.9757084646023
1,8.25111912882141,1,16.3789859866193,1,13.2792930098552,1,26.5814805219263,1,26.3810401921761
1,9.93488153145309,1,15.6660033936305,1,12.9288083434508,1,25.9176944428243,1,25.0340061901569
1,7.02059178142324,1,13.3431121129083,1,12.381539535847,1,27.7697973562735,1,27.2605873490965
1,8.80914466266541,1,12.7653147889393,1,10.9470364827272,1,27.2366094017229,1,27.2228679726575
1,5.35284016641527,1,13.0912859748462,1,17.5789153395068,1,27.6410967484411,1,26.5399849881805
1,5.36132804501736,1,12.98238943394,1,10.1786373745719,1,26.8321324536444,1,26.031120443119
1,6.49118711191252,1,13.8184127111814,1,10.742016446682,1,26.1492461808504,1,24.9009287476857
1,4.21284210891473,1,10.7561336691373,1,9.84279855054272,1,25.7903106666298,1,25.4174085208113
1,7.86608344716553,1,13.7106837322267,1,13.5352417125508,1,25.2525644998694,1,24.757591567711
1,5.09776501542306,1,11.5958272769459,1,12.3270612728323,1,30.4505121143381,1,29.160376408371
1,4.49179396415427,1,11.12181443502,1,11.7417166011872,1,26.833676350528,1,26.2642327015968
1,6.01089940264104,1,11.0713357594309,1,10.8518743331092,1,25.5549115364058,1,25.6914071123568
1,5.29479437130266,1,14.2204533364708,1,14.0545459442986,1,27.3931302974653,1,25.9478593769352
1,6.94022038167165,1,16.7518757346155,1,12.5722105350435,1,26.7571007316315,1,26.2195685158026
1,6.41150595952764,0,12.4585956900507,1,13.2928988569514,1,26.7791154412082,1,26.0017244790409
1,7.00478964308684,1,13.6203927402818,1,12.6434287244958,1,27.6463669019231,1,26.9360731219153
1,4.59619049843313,1,11.4707703980528,1,13.2884746383701,1,26.9080117947448,1,26.2029332572875
1,7.71049644273562,1,13.1892254701245,1,14.2178235968824,1,28.497023191438,1,27.8851654627485
0,9.41805747572342,1,15.6809481441947,1,11.4645432786787,1,25.6246668746123,1,25.3748931651998
1,4.9837192929262,1,11.3399570386772,1,13.6932560662488,1,27.9288167445131,1,26.7892010938419
1,9.77701594145578,1,14.7885644844278,1,11.8724989425401,1,27.5032474972134,1,26.6690674568929
1,11.0335746805681,1,17.0733158223077,0,11.3037381543828,1,27.6229340869979,1,26.9293939648666
1,8.57864733909872,1,13.668130036786,1,12.535371702236,1,27.0532653989514,1,26.9408348901717
1,4.59295958294528,1,10.2254195401819,1,11.1772286643674,1,25.5469980660012,1,25.2854590320408
1,7.72656018539455,1,15.2606661323392,1,12.5772498652567,1,27.7996959734085,1,26.891142350311
1,7.68271356671447,1,12.1505779698467,1,11.4279101799224,1,27.6664687115946,1,26.356942062659
1,6.02719785095055,0,15.7616045950436,1,9.94702752352801,1,26.8330273562159,1,26.0739866700483
1,7.48740972987038,1,11.0528668183686,1,11.3925974971523,1,25.4212137800508,1,24.8376264278876
1,6.25252609972092,1,12.1583816918139,1,10.9641870640333,1,27.2542989236686,1,26.8550330466616
1,7.22344315296531,1,14.2332872142938,1,9.93148570633873,1,27.379873945292,1,26.4805262784023
1,4.31991513523195,1,10.8728786442696,1,11.7154195423566,1,28.4783588424802,1,27.0850456658926
1,10.5638562189281,1,12.5245613300475,1,10.1340195388044,1,26.5141439851613,1,26.2746502244744
1,4.7614690708612,1,10.1773044511501,1,8.89823838804891,1,26.988223008477,1,26.7570487255699
1,9.80947081317804,1,16.3600900986614,1,12.4739543413064,1,24.9063076152917,1,24.9111530330532
1,4.64538558433655,1,11.5942742011021,1,9.71931793904627,1,26.7071052089569,1,26.3004145894746
1,6.36586385996502,1,12.4212250978939,1,9.74028933387588,1,27.4553426948698,1,26.4656266209352
1,6.05845671808017,1,10.92687979294,1,10.6472734761793,1,25.4846873676988,1,25.0359577473536
1,5.55891755425368,1,12.5572504450123,1,9.97981862832805,1,28.5861677468255,1,28.1464113980246
1,6.19847752383465,1,12.3106676710436,1,14.0705870370006,1,25.8149364688464,1,25.7933860249379
1,9.17855694676288,1,19.069241250624,1,10.4852898845898,1,26.6573701285178,1,26.3968858485788
0,5.72313696725862,1,10.9942192015336,1,10.5947027404766,1,26.9841100865087,1,26.7938098881749
1,5.46896248680339,1,13.172306436307,1,10.7132263772489,1,27.8608942866974,1,26.977707675323
1,7.25437304855244,1,16.4429205845206,1,13.6684849226964,1,27.1499992817452,1,27.3934326234812
1,8.47258309162935,1,13.9038373854727,1,12.1390817840242,1,26.7210632407693,1,26.136270875386
1,5.95026787322076,1,11.7721878899741,1,10.4187441127621,1,26.0874712864265,1,26.2603409539136
1,5.22004586692112,1,11.4073235125829,1,12.5622462420911,1,25.265847323371,1,25.1165465225701
0,5.05911270530183,1,11.8282535663145,1,12.397041399738,1,26.4444074614939,1,25.8562598918885
1,6.56834671927192,1,12.7770675843756,1,12.6066310070733,1,26.3628309841221,1,26.141350595941
1,6.51850734039592,1,12.2970116234045,1,10.2672476680165,1,26.3557787784909,1,25.9737065904454
0,9.77555980278625,1,21.8461632046724,1,10.6951432804686,1,25.0137723366255,1,24.5647570825945
1,5.56477094983938,1,12.9266757124963,1,9.74299823308881,1,26.7593941086932,1,26.3383681468282
1,11.5553912799836,1,25.9942349363627,0,12.4268507119228,1,28.3135817350186,1,26.9368160968352
1,4.96690635564502,1,12.7173920986707,0,10.8851462716657,1,27.5673509522494,1,26.605982169238
0,7.12981397633458,1,13.7911300004858,0,11.8422415731408,1,26.7763545271814,1,26.4371162354711
1,8.14953880357765,1,17.4548451093976,1,11.3709557963786,1,25.4963323593235,1,25.6420129941571
1,9.84821907406649,1,19.9985846213872,1,10.3975839278512,1,27.572738031627,1,26.7053559724817
1,6.87389708431246,1,12.1661307422463,1,11.8247136876155,1,26.4316165587361,1,26.5742108459168
1,5.38686951278151,1,12.6418169875368,1,12.7833217981994,1,26.0468748105774,1,26.0331460931593
0,6.88493081079203,1,15.0270258107937,1,12.3259860297487,1,27.0749933804886,1,26.3938564336246
0,9.73042670533237,1,20.5882950500513,1,12.991157851748,1,26.1120035877983,1,26.1380614320602
1,5.41316229527165,0,12.0482560413473,1,11.5318379872753,1,27.7849178169903,1,27.6927540792649
1,8.88569334098302,1,13.591270187131,1,11.2914126335932,1,27.6744995964722,1,25.2886852508718
1,4.17688008737561,1,10.3845798352675,1,11.2440764818428,1,28.2691942809498,1,27.0966973174113
1,5.52100419547735,1,10.6578058331494,1,11.9966545444213,1,26.5522234321186,1,24.2993360111457
1,5.17375847295759,1,12.9411040464946,1,11.2737544899928,1,26.0635435220352,1,26.6346167952256
1,5.17620778808562,1,11.7720533184304,1,11.0633132412368,1,26.3760478388878,1,26.5550637635116
1,5.76180918393895,1,11.2567194929005,1,11.6061352104298,1,25.549285937683,1,24.474875487235
1,11.1538149535658,1,17.587830406061,1,15.109850337925,1,26.3510194997024,1,26.1219613705245
1,4.36897390317824,1,10.3264797250549,1,12.0207819554072,1,27.4281869356616,1,27.1104954073656
1,5.98983158684152,1,12.9763822339965,0,12.4707050427742,1,27.129570898457,1,25.7862380851899
1,6.27162469807133,1,13.0092226114141,1,11.5093548846761,1,26.5808457191006,1,26.5568438370605
1,4.57487221374678,1,10.9660518103041,1,11.6401767045366,1,28.4653483080229,1,26.8612629003295
1,6.25090745610953,1,12.2770879294733,1,15.2894054866583,1,29.6355482314824,1,26.3477779038502
0,5.46281406760548,1,15.7065221489099,1,12.4330334706926,1,27.2047493877549,1,27.4738980594574
1,6.65231642581967,1,12.7693961150356,1,12.9308428897897,1,26.6096963314573,1,26.0256397896613
1,8.03213034081822,1,12.9216812810677,1,13.0591365412603,1,27.857247374516,1,26.1299608429892
1,6.81940609603002,1,11.2941323764832,1,10.6140852880953,1,24.6132566442364,1,24.3619138040028
1,4.36937017020833,1,10.8452834858135,1,14.0692178239874,1,29.9120419742272,1,27.6470001919575
1,5.33894899412628,1,11.9377249393267,1,12.5082945454578,1,27.6791828227384,1,25.7757258244901
0,5.18386549308944,0,11.6090376239279,1,11.8512705545777,1,27.8368645533746,1,27.0815735941995
0,5.05780864195124,0,11.3223352168727,1,10.9074767930929,1,24.6395017602082,1,24.6249521170968
1,8.66692296247487,1,16.6526912965385,1,10.7540170679325,1,25.5981714925858,1,25.6671718484119
1,5.83298125398316,1,12.9176674136187,1,13.3475431198946,1,28.4500672653609,1,26.8718662419219
1,8.10729932245933,1,19.5208086445281,1,10.4619756613392,1,24.7324631372135,1,22.7112176485256
1,5.1245514605164,1,11.4677099961812,1,12.4194507485428,1,26.8270693042359,1,26.3198520887176
1,9.66374001740069,1,14.3956654973398,1,14.3659135203631,1,26.8415671934891,1,26.3909062462157
1,5.23516337491724,1,11.8290070388489,1,13.1555568677397,1,27.1576494195814,1,26.982234781259
1,10.1152977669605,0,21.3466198341308,1,11.4601643375129,1,25.2812356900208,1,24.9840050731532
1,8.94963673847586,1,15.2385888679544,1,13.6418592049662,1,28.6024129801066,1,27.9560537405589
1,7.28173959746505,1,12.4943853839792,1,9.82292269418891,1,25.9741347399339,1,26.3556541879471
0,5.82183097611126,1,12.5021109143647,1,10.3437953099323,1,25.8564278927331,1,25.7457583155518
1,5.19726708087334,1,12.0281112542192,1,10.2492905856491,1,26.714696962996,1,26.7349668252973
0,5.31340791501837,1,11.4367009951088,1,9.66064046977313,1,26.2444110606759,1,26.3668771069409
0,5.3645407439358,1,13.0201634571264,1,10.1525739408594,1,28.2566882513735,1,27.2893228265569
1,7.06547724864581,0,15.3449510727938,1,10.4335764518964,1,26.7708165470167,1,25.1803663967434
0,6.579004218714,0,14.1761062495046,1,9.05029818453231,1,29.2796236873858,1,27.6632964805852
1,6.74657487387892,1,10.8403835932701,1,12.0352125776955,1,28.6536285181916,1,26.6045188159013
1,10.069642011776,1,15.7247554375495,1,10.9442649620371,1,25.6592598886773,1,25.9640326771523
0,5.50859964481409,1,10.6469915536848,1,11.1704904970359,1,26.6802129098162,1,26.6151537742293
1,5.27566518313457,1,10.5247952312335,1,13.0202761639915,1,25.7498207390822,1,25.1364663280025
1,5.03597748936656,1,10.411391475748,1,11.4539961437916,1,26.7849748147423,1,25.8723431291556
1,5.68811191697093,1,11.8697914887235,1,13.972559059583,1,28.522425607948,1,27.0043685244519
1,7.58363948818279,1,16.0605408976811,1,13.0204118491928,1,27.8758064480858,1,28.1953348886719
1,7.85675305751967,1,18.2321989492118,0,9.96819846737586,1,26.4896747291524,1,26.6653090572369
1,7.20164614091314,1,14.3233660679634,1,10.3661015199299,1,26.631865815922,1,26.2123290100936
1,5.91365871694718,1,13.3954968985016,1,10.0753484084203,1,27.5308184251068,1,27.3634212610157
1,8.82919782781488,1,17.5491284065304,1,12.2494580769659,1,26.1213915016041,1,24.7943038716856
1,4.51419674579024,1,11.1842881315897,1,13.6533796062682,1,27.3485062844062,1,26.2553849306052
1,3.6294363172692,1,10.4169684131263,1,12.4115117223682,1,27.0602148855161,1,26.967677151151
1,6.68538559878828,1,12.9052947878621,1,12.1204166717967,1,26.180357475933,1,26.4313830633596
1,9.59861005740781,1,17.4859411463177,1,12.5349226145958,1,26.0581692252405,1,25.5097792388636
1,8.45569568780214,1,14.2237297429178,0,10.3624399412498,1,31.1418162121273,1,29.6598772705366
1,7.54009863074611,1,12.1077505682006,1,10.8005557890858,1,26.8034580420666,1,26.3531506457415
1,9.16195772128746,0,21.1004697126055,1,12.0976722549924,1,27.3398172343944,1,25.9887265909265
1,6.04863275460584,1,14.1385517184598,1,11.8957010295688,1,28.0500762193164,1,26.4619118814472
0,6.24223228733388,0,11.7066907848525,1,10.86605782703,1,26.1429719140032,1,25.7472878669896
1,7.66063123761244,1,17.2240872570062,1,11.1299544009699,1,25.6045063879018,1,24.0164889481502
1,4.46357151854203,1,11.2724077326652,1,12.2649308385721,1,27.4895264380569,1,26.8059937698621
1,8.33924446132246,1,17.7722412104409,1,11.6088681897303,1,26.6790576837978,1,25.7906897802027
1,5.04061113088787,1,11.649666814226,1,12.5063310126021,1,26.6618103005848,1,26.5356143957636
1,5.43081205854172,1,11.2843156317683,1,10.9307586615285,1,25.7055910764191,1,25.3339379178031
1,9.43487963429565,1,13.690991483976,1,13.2179785839399,1,26.662110185017,1,26.5377404026347
1,9.13044989876746,1,13.7930149117034,1,13.0005892093434,1,27.3629633034194,1,26.6637788945936
1,9.24778190571719,1,15.0970192036146,0,11.229158486418,1,26.2139587125477,1,26.1704594174888
1,7.29713694747226,1,16.4176982511102,1,11.9639873884312,1,26.4778008347915,1,26.0389456674376
1,10.6464654220215,0,20.9796219835788,1,12.4330056969528,1,27.3418856424493,1,26.8496192785407
1,5.66492874490178,1,12.1559239772032,1,10.6053675485125,1,27.7014224810632,1,26.5643903282049
0,8.22862393363951,0,13.4400568387849,1,11.4056588230508,1,27.1167512459865,1,26.3132908889904
0,8.68615079158778,0,12.1989887552136,1,10.2333355053429,1,26.6808414909375,1,26.0280094906718
1,5.7921058087493,1,14.6045857594291,1,11.015184182531,1,26.2961601083458,1,25.947551452869
1,8.56076622933745,1,18.567369775584,1,11.6063744138246,1,27.62305319768,1,27.4576459642109
1,4.30237704089664,1,11.1564756072286,1,10.9904014243463,1,27.068232333928,1,25.773633347596
1,5.48900562361499,1,13.0634631075463,1,10.6306346460822,1,25.690430920251,1,25.1611623725603
1,4.60346900904705,1,11.6675633311845,1,11.8982956464389,1,29.141433139648,1,28.0023634871239
1,5.54821367956038,1,13.8039856350476,1,11.1678744068364,1,28.1654157229559,1,27.6348654227446
1,8.82010514721906,1,18.4004215238758,1,15.8087872119338,1,26.9134741910447,1,26.649062700879
1,6.8226086365138,1,15.6285903967599,1,14.3501943806901,1,24.7326133974363,1,25.6327963222826
1,3.92418553904291,1,10.6477109357926,1,10.2750017409491,1,25.7874154690384,1,25.324696583691
1,5.00585813581287,1,13.0304949962115,1,11.1964143482217,1,27.9243731247641,1,26.6227197899001
1,8.21222064215697,1,15.4949312008089,1,10.343606741079,1,25.3651319112084,1,25.058289854218
1,6.90174278153544,1,12.067194618832,1,12.4172986679548,1,29.1395305528451,1,27.0443690551166
1,5.27596942158643,1,12.0387348501243,1,10.9561070554702,1,25.5906587651692,1,24.7238237542687
1,8.44049555294304,1,15.7477379204684,1,11.3693151619372,1,27.0427238191978,1,26.1825993384819
1,9.05688582144528,1,14.0629309163976,1,10.2950276827712,1,27.6008729213913,1,24.5947055683065
1,11.5161011432444,1,20.1273753094397,1,12.4313269060525,1,28.3057737165918,1,27.7042976659729
1,7.02510618550309,1,12.7961369768416,1,12.6522989993297,1,28.9628214240847,1,28.7535529488639
1,11.5110540878434,1,19.2636250179755,1,11.9370141872192,1,26.148388420824,1,25.6312678143231
1,5.08733705087772,1,11.0314383232529,1,12.61008457545,1,27.7066112468058,1,27.0363975422185
1,6.16378848135296,1,13.2615343461763,1,12.8302850053065,1,27.8368974177291,1,27.4647325292817
1,5.58665933581704,1,12.7699807205223,1,13.4189975899967,1,28.5330044640006,1,28.6016355314226
1,8.00318305282294,1,16.6445277313108,1,12.2495146653141,1,26.6146100636455,1,25.7774518603324
1,9.52156729937162,1,15.0887041890935,1,13.248941874728,1,30.4585198128216,1,29.0355942372442
1,5.112271076373,1,11.1079804925565,1,12.4867935890822,1,27.7825735922817,1,26.7726064942994
1,7.04830535356036,1,11.1707983718561,1,13.0273358610558,1,27.3082210833583,1,26.255537432093
1,4.39279923731409,1,10.9540344561451,0,13.1587536826247,1,27.3124789603754,1,25.9803036161465
1,9.30082301645275,1,15.8152887719145,1,11.723877759595,1,26.1227512929639,1,24.4497764779059
1,5.62149582980127,1,13.223173798384,1,12.0781658181517,1,26.9080698271278,1,26.017232845992
1,5.73470139160182,1,13.0390447122751,1,10.6334234502797,1,29.0911843254331,1,28.0492497322152
1,8.11060190615345,1,16.7896452473059,0,10.8941046023717,1,26.5503562169997,1,26.287964242375
0,7.52429462123617,0,12.8397530435972,1,10.2956200497587,1,26.9263766909403,1,26.5780588027262
1,10.4659749699699,1,18.4493479658722,0,13.5587105372082,1,28.4394723033904,1,27.2500583204529
1,7.60854804049355,1,14.4042464961925,1,11.820802020167,1,26.3895153653378,1,23.7704301871111
1,6.37920290035895,1,14.1225744645138,1,14.7499661843986,1,27.5309798505319,1,27.0759878113619
1,5.92838711585546,1,12.6706748689482,1,12.8862315364657,1,25.6081108056519,1,25.2571622978351
1,4.86921160874836,1,10.7090126028865,1,16.3703934286402,0,27.7127043902989,1,26.6227324162038
1,9.36551777236213,1,14.8974562313126,1,12.8496955202073,1,27.9462140908887,1,27.8174425539408
1,8.17677841542714,1,13.9977535562823,1,10.5004750968663,1,26.642908015978,1,26.0468257319045
1,3.89231894266432,1,10.194325121882,1,10.867332414448,1,27.1349005319971,1,25.8935762278868
1,6.62394130799027,1,13.475151450605,1,12.1875489897606,1,27.2880908089605,1,26.6473686329782
1,5.7276022201661,1,11.4063790313753,1,11.9011359900688,1,26.928928075089,1,26.7546877834624
1,4.62611920639873,1,10.2374683247016,1,12.2196585863012,1,25.3630109993835,1,25.9003542496978
1,6.5164702029235,1,15.9203644767132,1,10.3902457833243,1,26.5170634564407,1,26.3238812585089
1,7.84872831331902,0,18.2269724678111,1,13.0545481473964,1,26.7536934147983,1,25.9710111974671
0,6.79129045180191,1,11.1486394539143,1,11.0932826463449,1,25.6542094730242,1,25.3293152766848
1,3.99457949991723,1,10.8796045894835,1,11.3882271119164,1,26.6809191303623,1,24.2112129735083
1,7.59383968794677,1,12.4891838488518,1,10.5036352597491,1,28.3927496708674,1,25.2999687527915
1,5.89456380666711,1,11.7006610700298,1,11.3435349371618,1,25.9154378732997,1,25.5976635070084
1,6.07934186673573,1,12.3824357510427,1,12.6614047011388,1,28.3854381129479,1,27.5580600257837
1,8.65512638980707,1,18.3864438643659,1,11.889663874914,1,25.712866037017,1,25.6085372530537
1,7.36004166932802,1,12.4147448144259,1,13.3702962057584,1,26.2662412563217,1,26.2217275458716
1,4.48229724071659,1,11.333572606411,1,12.6512393615585,1,26.6274422169598,1,26.2807834404486
1,9.1667951383611,1,20.076654560336,1,12.2305304765166,1,26.1123331039436,1,25.315248730487
1,5.82113823325132,1,11.5263065013635,1,11.6363334177826,1,26.1696905355361,1,26.54495865965
1,4.53448574010397,1,10.9950503134925,1,12.8653806945005,1,26.8978703726213,1,26.4250106724138
1,7.44826320580289,1,17.2295576000211,1,13.3583410663931,1,28.4715164457612,1,27.4848908504021
1,4.25410734893717,1,10.5833002381242,1,13.5477503752275,1,28.3971798279604,1,28.2790892959791
1,5.25561827590003,1,11.1809158418627,1,11.3425037450679,1,26.1669448808074,1,24.5622527970999
1,4.58895955627604,1,9.93427809115697,1,9.40822549758044,1,26.759675659413,1,25.4891962516937
1,6.9877389301247,1,13.9148209601625,1,13.6983779368061,1,26.3529893725803,1,25.8199583968301
1,4.76275003518522,1,11.7507909413764,1,11.4639795396485,1,25.4837643605451,1,25.2420726771139
1,11.8594349925262,1,16.5212167546836,1,10.2192106763881,1,27.5554008970253,1,27.8111977926555
0,10.791130024119,1,15.7770475742948,1,12.3743351395955,1,28.6814963945416,1,28.4928195992228
1,9.44287453739698,1,14.8193240682272,1,13.4738489228076,1,27.8437035581715,1,27.8846773623643
1,5.83689198559751,1,13.0275244600463,1,10.9124022890685,1,27.9354938845057,1,26.6448866740746
1,8.14905668242378,1,13.6868223281955,1,11.1514732639498,1,25.3353835803908,1,25.3738933146744
1,5.10570951286414,1,11.6608190485002,1,10.5397390009218,1,26.7740510755033,1,26.1876143151977
1,6.74605827682143,1,14.3021834473617,1,12.1538008469072,1,26.7214484495547,1,26.5045513548746
1,7.66915468706362,1,12.4995423485533,1,10.9178807761705,1,25.4898740370796,1,25.3589008351449
1,5.93229247990019,1,11.5815924075169,1,11.6107206662306,1,28.8233203132051,1,26.4471963265237
1,6.78356055868877,1,14.5573627171566,1,11.9776958439564,1,27.3533030678717,1,26.9602406758151
1,7.12045651271246,1,13.0991962775524,1,11.1362386497689,1,27.9889358883445,1,27.4821365407565
1,6.26491621000068,1,11.4116432823923,1,16.311614048557,1,27.8161964780719,1,26.0596453305877
1,4.63482818963648,1,11.8250476582892,1,12.3659077605692,1,27.3853269628247,1,27.0442775269884
1,9.91068668435421,1,16.7078661932109,1,18.2739055445941,1,27.8160387810033,1,26.8173877312172
1,5.1888017035704,1,11.9169973664297,1,9.87540345229585,1,26.6495042934466,1,25.7424271515682
1,7.60682902826164,1,12.6251375379709,1,9.3141714440907,1,26.2526712007696,1,26.136497996104
1,7.07814446482004,1,13.7845062636408,1,11.8203177728522,1,30.346225785216,1,27.9882372591005
1,7.1857300128385,1,13.6776452364349,1,12.2219421716236,1,24.4625244899926,1,24.4325183743744
1,6.05197709956224,1,10.4785555244253,1,11.1556062885919,1,24.4351770427284,1,24.3351002614416
1,6.74091905058573,1,12.0610775578978,0,13.2862260607223,1,28.183172794505,1,26.9205960378843
1,8.43025761659047,1,14.4156999710422,1,12.0219577142114,1,26.6577362126352,1,26.3124328761927
1,9.61820834074343,1,14.7031797453898,1,10.6617782358371,1,26.7060687471953,1,26.5743509831285
1,7.16495793986746,1,15.8248010005543,1,11.439712862262,1,26.5865411321263,1,26.1356902185117
1,5.90366132318401,1,11.5580922002108,1,11.6509049975976,1,27.3778834958731,1,25.9029620228467
1,6.94394924261292,1,11.4891657900353,1,13.0186697518359,1,26.905481521832,1,26.2255678147216
1,7.81269548543826,1,13.1010292897007,1,13.2557532235286,1,25.9449889478468,1,24.9165247859424
1,6.01741617537159,1,12.0225276377733,1,12.7258016763253,1,27.4566516170559,1,27.1408400154645
1,7.62229036527556,1,15.9413645947142,1,12.2960695248218,1,27.1888559356018,1,26.4466540136745
1,5.31045734395587,1,12.1455729479972,1,11.2108799946395,1,29.7388122741172,1,27.5967204091751
1,8.32270185984875,1,14.4830661365602,1,13.7929782042766,1,26.58097546099,1,26.0662019802432
1,5.70527428861114,1,12.3356815710765,1,10.7820497010718,1,25.1231320853326,1,24.585716507843
1,8.02708274478961,1,13.7466827359816,1,11.4621922923611,1,26.1840646764726,1,25.9945014265525
0,4.79645651832384,1,11.3964159884541,1,12.693533165227,1,27.4907434288639,1,27.2679658895621
1,7.10405335834979,1,16.7807079721281,1,10.5828179454972,1,25.213973470485,1,25.1664881484888
1,6.16964615836703,1,12.6065320278842,1,11.3136556946839,1,27.0376899307129,1,25.7626823758978
1,4.15447036350632,1,10.8808223665123,1,13.2768868065457,1,27.3082235620986,1,27.400518645584
1,8.55381475865768,1,16.6175421099012,1,10.3225271539382,1,28.2190491882882,1,27.1410412720656
1,4.35958829791825,1,11.2719956437393,1,11.0627157053099,1,27.6147755556069,1,27.2272556389811
0,6.21335134567894,0,13.4058846571349,1,11.425843314551,1,27.4753203065985,1,25.9853311564591
1,5.03906666132317,1,10.9126221892372,0,12.0898958378026,1,25.8507568018223,1,25.146761866154
1,7.93669916726065,1,17.6043164688671,1,10.6416595811467,1,25.8250893170674,1,25.9891266050603
1,9.57999724172079,1,15.9112615457892,1,11.748275488805,1,28.1770986440462,1,27.7210083702127
1,6.04236403073521,1,12.4629372275951,1,12.8878645785615,1,26.2022463154688,1,24.9860314479092
1,6.0206087931177,1,13.0575717188739,0,10.2908378471767,1,26.6524738059476,1,26.0939871743245
1,3.66179525174136,1,10.875835401384,1,11.8847398388169,1,26.3679910983594,1,25.2561151297117
1,9.530688604092,1,13.2784078300663,1,12.5770586522589,1,29.6356314985678,1,27.8471656745852
1,7.71717354034824,1,12.7394582351241,1,11.8041062299773,1,27.6255785593728,1,27.0956942388834
1,7.22062064219173,1,12.215529506477,1,12.1556342818692,1,26.1763381378531,1,25.2368393001477
1,6.03491822354125,1,14.3987448418868,0,12.3977844037933,1,26.9652271990608,1,26.0858234685578
1,6.02482112227212,1,13.6563807762332,1,16.9014353648767,1,27.2608351052485,1,26.993215731888
1,5.12804707536239,1,11.2218671537801,1,12.4373850132558,1,26.1103179047455,1,25.4590738822265
1,13.4958919626588,1,25.0695190101668,1,9.48400770357952,1,25.5650642380597,1,25.1586448319462
1,7.18357519015273,1,13.1950645195337,1,12.1663673474978,1,26.9168771682205,1,26.3855801866713
1,7.20922375260633,1,13.4618205710312,1,9.74194551172526,1,27.1133028994912,1,26.9023726907825
1,4.8778119884802,1,11.945007064901,1,13.535856428032,1,27.5435985757088,1,26.9867599096005
1,7.7058649795401,1,12.0781440782458,1,11.6136800408975,1,27.4886716432541,1,25.1132706848386
1,6.35808862092465,1,12.4781667330672,1,10.8660937785699,1,26.5364159619122,1,25.9736075501431
0,7.41195911405737,1,14.2290673157603,1,10.7449881341448,1,25.8983162985895,1,25.370249103874
1,6.12446469875597,1,11.2777650385555,0,11.1886595558257,1,27.2942853816872,1,26.752396869546
1,6.22589365075763,1,14.6129481757162,1,11.2678335244069,1,28.2474712146546,1,27.6172985468353
1,6.13101163071289,1,14.3058542398465,1,11.9954302987471,1,26.6519682187723,1,26.4344637844789
1,7.818902938579,1,17.8843444623985,1,10.7778709768181,1,28.2176802441004,1,27.6669500935569
1,5.44340636808024,0,11.1631837728926,1,12.2333372985445,1,25.3930881940251,1,25.3629733915303
1,8.95664267413263,1,16.0059042026458,1,10.0547281043887,1,24.745568072872,1,23.9630704436286
1,5.94284874802324,1,11.657257550355,1,9.41034395578576,1,24.8532740795368,1,25.1076195171285
1,5.19475643311836,1,11.3101826277542,0,11.9824331054201,1,27.9569894504705,1,27.6772856830489
1,6.53108091736094,0,13.7140105094253,0,11.2975712339566,1,25.5093297058671,1,24.7260829332995
0,8.48496271239769,1,22.4228220892171,1,16.2442165781655,1,27.5142227236712,1,27.2100852633825
1,5.77733926027424,1,10.7158160657212,1,12.1471852721951,1,25.0913763092571,1,26.2102395700978
1,9.46705212755981,1,15.4992333347662,1,13.2289796941957,1,26.9870975493284,1,26.4947508025039
1,3.76453126298154,1,10.502555265302,1,13.0095669287771,1,26.8024762714898,1,26.6740970628147
1,7.28027294575645,1,12.9341456337241,1,12.8543658007331,1,26.9134282053861,1,26.8017970017505
1,6.73305964393036,1,13.2797597793198,1,12.9491932160544,1,25.5952657225844,1,25.4712641724298
1,5.55443184189011,1,12.0113724281354,1,11.2442947140098,1,24.9143139011201,1,25.279878102881
1,7.38276783742654,1,13.7312115471466,1,13.2955887241055,1,29.1362737119152,1,27.2754297482344
1,5.6534586239708,1,12.2609989509116,1,12.6248743548409,1,26.8819805298215,1,26.487879236367
1,5.01448289569546,1,11.052292875177,1,10.6672764339736,1,24.2193184239149,1,24.1600744918481
1,3.75121791711924,1,10.2482210723324,1,11.1130901946573,1,28.3936814254466,1,27.5539034937694
0,5.97813803170479,1,11.2563687161927,1,10.3461377817346,1,25.025597873635,1,25.3844664253418
1,6.93911082643052,1,14.569457178316,1,12.2072309671179,1,26.4363046466354,1,26.1598578375686
1,5.73264471804433,1,11.223854187054,1,13.16105662805,1,27.2743705086529,1,27.2310941898099
0,6.25415734757771,1,15.463787823931,0,12.6722303590591,1,25.5934085124553,1,25.2122951871328
1,5.22584804857374,1,13.3419782011207,1,13.3310120787293,1,26.6887657291891,1,27.1182153801095
1,4.87771662280352,1,10.4327403514311,1,11.2792826164559,1,24.886089559823,1,25.0778003268596
1,9.89346017968105,1,13.2331311480704,0,12.4044394618067,1,26.9383168669731,1,26.8260585159175
1,5.03731690582485,1,10.4854262993533,1,13.6633906128179,1,25.8141888666493,1,25.455354016861
1,4.31457492599551,1,12.4428796961343,1,11.5569098715803,1,27.4727526438732,1,26.9834816588636
1,10.4975287142166,1,15.0144348049599,0,13.2922499975739,1,26.4329509464032,1,25.0887104330193
1,10.8045651350784,1,16.9755631990445,1,11.3889765052301,1,25.827053408172,1,25.7312060682717
1,9.27407786603057,1,16.5203666567743,1,11.6599842671698,1,26.8168028334802,1,25.9758692815193
1,6.66524888356933,1,12.0756953985149,0,12.9279362019928,1,27.4974162954556,1,26.8085128422194
1,4.66762207668184,1,11.1361970342388,1,14.0267381394083,1,25.6630837835998,1,25.8475307679863
1,5.68038199606012,1,11.322870328976,1,13.6411479971716,1,25.0305148396191,1,24.4932648304963
1,6.16147707367007,1,12.1779181756356,1,15.6388688419252,1,29.1527444040805,1,27.7348384058114
0,6.01721654178498,0,12.7486502262327,1,14.374087530061,1,25.8497324492193,1,24.2592833413503
1,7.68870778570614,1,14.1588961238992,1,13.9753434835934,1,25.7869231361754,1,25.5412988037183
1,6.5774604539877,1,13.357130740726,1,9.72805124695232,1,27.4834449609844,1,26.9017649290102
0,4.14659104510853,1,11.1532970377442,1,8.90448576331793,1,25.6806840644404,1,24.484349653891
1,5.46186094616752,1,11.8061833202069,1,9.65038341415021,1,27.3847693363406,1,25.6227657948592
1,8.15469190926448,1,14.8567392016184,1,12.3843400434169,1,29.2508564402723,1,27.7931460452185
1,5.58386530849024,1,11.1073302078566,1,13.0168584901963,0,24.9840766257183,1,24.9094834514183
1,5.73197035816875,1,12.0922971983982,1,12.6994062445635,1,26.4217328934193,1,26.1194163737935
1,7.74158265518104,1,12.6523528538301,1,12.218736074786,1,24.8532018978983,1,24.4503817509721
1,4.86610229967146,1,11.3092047823972,1,13.2826611673033,1,26.5827661713687,1,26.6014051913771
1,6.8958939971017,1,16.7350973034464,1,14.1893362422532,1,30.2288528369158,1,28.9371008428144
1,7.50330589373926,1,13.6609625503411,1,12.2714924317471,1,26.4940774877923,1,26.2655774315511
1,4.14628263429649,1,11.3066413993895,1,12.7729619218585,1,27.4821946595226,1,27.1059760004464
1,7.9148246033969,1,14.7533827594597,1,14.0531688820649,1,25.3104149896772,1,24.7879922210131
0,8.57778122126994,0,15.8770849972337,1,12.6078913212738,1,27.8334154971848,1,26.868184844435
1,6.01654486352725,1,12.4747580967868,1,14.390155315812,1,26.6634942252579,1,27.8526824098103
0,7.85823602602345,1,12.3544117632171,1,14.2709335575284,1,26.2984896746177,1,26.5932530288176
1,4.95654725367831,1,11.1764206439229,0,11.5184616560108,1,26.4780271060915,1,25.6868971828339
1,6.91384515071925,1,12.8321013903492,1,14.8002532915548,1,27.7324777597785,1,27.2822314253247
0,4.7278923109699,1,11.1931799007467,1,11.7759418237054,1,26.27095928038,1,25.9422298129413
1,5.19801847628231,1,12.7282451641846,1,12.9638917350264,1,29.5994415873964,1,28.1643584529197
0,5.91555969745979,1,12.6518600951605,1,11.7751713260384,1,26.7984316305425,1,26.472705389178
1,8.08795495041749,1,15.5060648717738,1,13.6387422012012,1,26.8411682664156,1,26.75683931307
1,4.60727374226918,1,10.5694965202134,1,12.8983481995517,1,26.838765373008,1,25.1765083620714
1,6.18594510114375,1,15.0057606294238,1,15.1781788509837,1,25.591662249427,1,25.9687167517119
0,4.20377693614095,0,10.8158983298485,1,13.0188759420501,1,27.4519071565133,1,26.4078956216936
1,5.59926262393691,1,10.7810232899445,1,12.2334999338208,1,26.371371289354,1,26.2659539027338
1,8.01854078962863,1,18.1329079933603,1,12.8592237713268,1,24.642019116392,1,24.770148013837
1,8.99089698102236,1,13.6796189871827,1,10.7733144656714,1,25.5851351243808,1,25.4136765739495
1,4.6803248898158,1,11.0601765273139,1,9.88244327439817,1,27.6613192733967,1,26.9358326277414
1,6.41341957004806,1,12.7598148630883,1,11.929484874953,1,26.9144970340142,1,25.6040925380532
1,4.95136400901003,1,10.8160540578107,1,13.1597694789442,1,27.7061905971409,1,26.4677178389965
1,5.97577502970015,1,13.1474128747208,1,9.68795053870634,1,25.8148825158047,1,25.1502711324297
1,6.53435197443326,1,11.6622826358539,1,14.5528778566504,1,27.2419670116835,1,26.0121139672294
1,5.32031962629736,1,11.8916100966006,1,10.3493745933429,1,25.9098309603991,1,25.5792060765479
1,6.51348010421861,1,13.1883223223384,1,10.2732387772517,1,25.6111149521163,1,24.2442700000092
1,5.96445579260131,1,14.7621870314842,1,14.7202013384653,1,30.1828086020482,1,26.2753500674017
1,7.90357827204261,1,13.5609332096753,1,11.7702139570854,1,26.7770157351696,1,26.001947489436
1,5.23069049445343,1,13.3430085712706,1,12.8875881391365,1,27.9373212173725,1,27.1790828512921
1,12.6163405521128,0,12.9698956140899,1,11.7499209946326,1,25.6468061714677,1,25.6549771589936
1,3.32146862905743,1,11.0026307046262,1,10.4700528815731,1,24.0341661258345,1,24.9274269383724
1,4.73222798168342,1,11.3282756162811,1,11.7305411243216,1,25.9551274195393,1,24.8975518536267
1,8.53005905080247,1,19.7415513029516,1,10.9419058058571,1,27.6987235513051,1,26.892316750432
1,8.26403835442567,1,13.3297420941026,1,12.1773287120404,1,26.0302655595911,1,26.6226270437628
1,8.76306704225956,0,19.0667956717342,1,14.7640636380184,1,26.0353868677716,1,26.6342309470461
1,6.27949440609139,1,11.7958506618098,1,13.4038520923059,1,25.7728814899064,1,24.9549156282698
1,4.79397442411333,1,9.72671492744988,1,19.0092568244575,1,25.0206117844062,1,24.8329346469514
1,6.98588548893032,1,12.6761679572609,1,13.147679469057,1,29.1979403437104,1,28.1160463324792
1,9.61648558426129,1,16.1046731341452,0,12.4323563147861,1,27.7938410567184,1,26.7891019862894
1,8.34309730553519,0,15.1472144859524,1,12.3144425724616,1,27.2465767009926,1,26.2736294652438
1,8.26221553941087,1,16.9908654595563,1,12.7451875360145,1,25.8753171848428,1,25.4098427654434
1,7.68832710710856,1,15.2137411037035,1,12.1386356338564,1,26.6806295875287,1,27.5601394085915
1,4.79447496085515,1,11.0533032955686,1,12.031951384618,1,27.1335987450919,1,27.029466576267
0,8.63856221618428,1,19.4912002082245,1,11.5406939694323,1,27.1341913132314,1,26.3799738651668
0,9.70639512393912,0,21.5189779391353,1,15.6148988448583,1,27.691823174158,1,26.5979747789895
1,6.26564526335484,1,14.1001248470922,1,12.0519397838633,1,25.7949275665798,1,25.6806621555128
0,7.95130624500787,0,14.3500157821869,1,11.0219886442432,1,26.5245109393976,1,25.2637564250918
1,6.11860500642934,1,13.4560169593365,1,10.2876829455098,1,27.4077558275248,1,26.7579525521524
1,7.8016914616529,1,18.1182399409122,1,11.0163742870788,1,28.6473248230054,1,27.6359938093734
1,6.25718267376829,1,12.1881677841293,1,9.90423925406798,1,24.2777913205802,1,24.3222959522927
1,6.7844756510786,1,14.5334446285177,1,13.4324118552717,1,26.0573356506367,1,25.4059361267445
1,4.68509274660566,1,11.4935733938209,1,12.3536052075148,1,26.3208818346382,1,25.4595861458755
1,8.18055590864407,1,11.8657544326719,1,10.369347210647,1,26.738596236094,1,26.2673220458173
1,6.66556496877554,1,11.2746109121464,0,9.91536748984739,1,25.8205351701278,1,24.4565315733704
1,5.11049198681938,1,12.5861686263186,1,11.9716264126886,1,28.4542280739635,1,27.3045758961607
1,4.90009252209723,1,10.5433047152849,0,11.07685162702,1,27.6805409859734,1,27.8349786880032
1,6.98810274336413,1,17.1967144433759,1,12.2055336668812,1,26.9947351470861,1,27.2237956332856
1,3.85950004199322,1,10.3198925009058,1,13.2139429409699,1,26.3208077617765,1,24.955659324295
1,4.22679121736321,1,10.0176634768424,0,10.9413630795249,1,24.7394780427531,1,23.4091682640185
1,4.41493878783624,1,12.1528267000973,1,12.6013810591687,1,25.7851122209468,1,25.4199941686926
1,8.99297252363426,1,16.3997544007631,1,12.8427998905429,1,27.0368493312318,1,26.9589383900611
1,6.07469074267935,1,13.2357393779399,1,12.1596429197412,1,26.829946198136,1,26.2081158757623
1,4.26617398620476,1,11.3985039297616,1,10.9146264366556,1,27.4334680350878,1,26.4388926396115
0,4.57319313562545,1,10.7471586316865,1,11.1099327804596,1,26.2318933005855,1,25.5729095818817
1,7.23544011523927,1,12.5850249942216,1,10.5186827452621,1,26.4940095312158,1,26.0092068439553
1,6.7548161522057,1,13.5519809835391,1,13.6261609492705,1,27.3575351664539,1,26.8011305829439
1,5.40647939812034,1,11.7682126379163,1,12.5366743651145,1,26.5894702987269,1,26.5166823708541
1,7.76320961008784,1,15.1532492404802,1,11.0696506928962,1,29.4581213152575,1,28.4663102295069
1,5.38598672877109,1,13.168618217936,1,8.98373791337602,1,26.6399998400462,1,25.3380003836152
1,7.85118161175695,1,13.4956025435764,1,10.7202211896488,1,25.7166979189587,1,25.7596706677707
1,7.90615905282965,1,16.4760461121293,1,11.7167563611838,1,28.6693282118917,1,25.7239148492685
1,8.60584874489107,1,19.7164681330866,1,10.241199954921,1,27.637544408421,1,27.8393900000558
1,6.19488618186781,1,12.8075210313135,1,11.5981998897102,1,27.9877647883351,1,27.0004710573383
0,3.84665302318073,1,10.3175199299795,1,12.7644328864192,1,27.1500218335621,1,26.7163040795688
1,9.41453717894525,1,19.4203822195829,1,11.923591634851,1,26.1767679048779,1,25.2701059524394
1,5.65813446686888,1,11.7696867277576,1,13.3978090246231,1,27.4222585839722,1,26.2084610720806
1,4.4303866606891,1,10.1756919520632,1,11.6090147393892,1,25.915338325284,1,24.83438665502
1,4.86922750449977,1,12.8943393350726,1,11.7110302953647,1,26.0499947730049,1,24.6591079425963
1,9.59625603150421,1,14.5368463874774,1,11.5308118396349,1,27.5819570846958,1,26.8137806319511
1,6.78093835109684,1,12.4421519459834,1,12.1620900313565,1,26.6816315126812,1,26.2032838530681
1,10.8756829157894,1,14.9966050140013,1,11.3579053039343,1,25.9862123746341,1,25.019935397203
1,5.81584365416336,1,12.3183056247425,1,12.1706122969684,1,28.150009436218,1,26.5487149800097
1,4.92057243814303,1,10.6335450451138,1,10.7919536217197,1,25.9896436982395,1,25.7687033218064
1,6.71255098090761,1,11.4180582245385,1,9.61016608279148,1,25.1800394987397,1,23.9317973661578
0,5.10795684712433,1,11.3524550529405,1,11.6284639506904,1,27.9539724194059,1,26.9070106677876
1,5.31235732941902,1,12.7005907948709,1,10.4099932162413,1,25.3948351495944,1,24.3333864173178
1,5.18420606918045,1,10.9838493979855,1,12.9216299630555,1,28.4183668369095,1,26.1755222153262
1,11.386157124015,1,23.657500383588,1,15.4171613605959,1,24.8287670693568,1,23.8238681945503
1,5.14636553141525,1,12.9519817859408,0,10.9269413339874,1,25.8372929084719,1,24.7357404757033
1,4.03354437990021,1,11.0273084599901,1,10.6317174709508,1,27.3637318499119,1,26.7880435972786
0,7.30907802998644,1,16.0372166759636,1,10.5632237943101,1,25.6776231647531,1,24.7084944222135
1,7.32089848895644,1,13.1950904825238,1,11.6676926285249,1,26.6550513312994,1,26.0408731246122
1,5.52042714237251,1,11.6333891390942,0,12.073621183186,1,25.8255727647526,1,25.4533482617146
1,5.09251502150755,1,11.3094953524621,1,14.9967118261631,1,27.1855378676542,1,26.8725896484011
1,9.17906231522747,1,16.8581440537305,1,14.3079264812758,1,25.6368182810926,1,25.3782323745564
1,4.47258656392841,1,10.485684724587,1,13.6943657594691,1,28.9152689854087,1,27.1333768165445
1,5.63179751405523,1,11.2635183824084,1,13.9985729045905,1,28.8175108232668,1,26.2189982572166
1,4.09309691854143,1,10.5989089820656,0,13.654891984612,1,24.8006945115234,1,25.3807893890231
1,4.83499506798066,1,10.6342335652321,1,11.1019973951895,1,25.4332791419987,1,25.3675893901785
0,6.06807688112313,1,11.7709151140063,1,14.0698814725988,1,26.7093912750874,1,26.1962951715007
1,8.51064762580461,1,14.4333049293755,1,11.7072821751274,1,26.8364138401127,1,26.5586813771764
0,6.58855989480234,1,12.0283340407704,1,11.6734111470637,1,25.1908470652506,1,25.1074519795214
1,8.10023577195443,0,14.5351290264843,1,11.406681033196,1,26.542993056439,1,25.0290335368588
1,4.06928624025044,1,11.0478536121059,1,11.3369632998732,1,28.2319771284599,1,27.2949930970759
1,7.24802130541562,1,16.4873428564408,1,10.7737263120372,1,24.522874145643,1,24.9226950312589
1,5.40534938588365,1,11.2339976572699,1,10.7574076443803,1,24.8205102792507,1,26.4009079501787
1,9.31745590628021,1,15.6450952402557,1,11.5311512035838,1,29.1605738029567,1,27.0355184892358
1,6.29581154255475,1,13.9781945710352,1,12.2243780908593,1,25.492415422242,1,24.8707401992063
1,7.5218440271027,1,15.7084954989585,1,14.2642579301589,1,29.698432368115,1,27.5639524900233
1,8.56360718288973,1,17.5778962949236,1,10.8872970467714,1,25.2260772747403,1,25.182987399377
1,6.32715744067837,1,12.6389417739689,1,15.4725850818835,1,26.7159200504413,1,25.9118306370103
1,4.97925868154132,1,10.7315617725771,1,9.98582093306489,1,24.4950289039475,1,23.7645442239927
1,6.13171129049158,1,12.1430238062052,1,15.4439028688173,1,25.912419536956,1,25.999411486726
1,4.67919227308387,1,11.2535441626239,1,15.5588740761906,1,25.4620575528575,1,25.2980320929317
1,6.78399583150794,1,11.3888963524875,1,12.7776769624931,1,26.839583183102,1,26.8733589022767
1,6.49615127675716,1,12.4466540628889,1,11.7016870571687,1,27.5374942199793,1,27.5053044688424
1,8.45250820083421,0,20.5914738041658,1,12.616337617404,1,30.7176112207712,1,29.0010491737887
1,8.75370968722267,1,19.2751679928221,1,12.5921905572067,1,27.5647110220329,1,27.0823790713835
1,9.1597914830766,0,21.8402224120296,1,12.1015364831307,1,27.6303191096621,1,26.8326550396007
1,4.55983849647401,1,11.4286123558307,1,13.6619468366543,1,25.3658264240252,1,24.9082214355754
1,5.46161664294625,1,11.3658243511781,1,11.7935258764808,1,27.0715056222884,1,26.3578455252219
1,5.22074456722947,1,11.6560838177951,1,11.0781527573442,1,26.3033624118408,1,26.1422584782734
0,9.0962509079724,0,16.3382491030731,1,11.043489462257,1,26.6631064290378,1,26.4111695308442
1,6.38621288214401,0,13.9530928182468,1,11.9494860493815,1,29.263236457599,1,28.4757911740272
1,6.22992502025249,1,11.912487264792,0,10.9364092554827,1,27.0819272308229,1,26.4026201595901
1,8.7541964493929,1,16.4392368953874,1,11.0071718150151,1,28.2594384390717,1,27.9500707151953
1,4.64005985277277,1,10.6289650985915,1,10.0489385092132,1,25.5658706594656,1,24.6581076527819
1,5.77615466429605,1,11.5252312710383,0,14.1980552993377,1,27.1225507102026,1,27.3978950153556
1,6.42617994626757,1,11.2022217280542,1,12.199786335576,1,27.4084126876405,1,27.3085541054685
0,6.86709457309163,0,13.2654694927391,1,13.3679248131314,1,26.7509369777419,1,25.7855685247719
1,5.01506135009645,1,10.3303643976919,1,16.13028652017,1,25.4329792905544,1,25.0323462854603
1,6.67868497089278,1,11.3280026876108,1,11.6056440955448,1,26.0451884952413,1,25.8109879664295
1,5.14472078132426,1,10.9211083214305,1,15.1413407880514,1,26.2414934070722,1,25.7846565961153
1,4.77161297682858,1,11.1439743421995,1,13.3104985859828,1,27.4755073271883,1,26.1684985117333
1,9.94494068729052,1,15.5811874135537,1,14.6679523459803,1,26.2022308562921,1,25.4609081056356
1,4.60817751948305,1,11.0930089757236,1,13.2852740449102,1,26.6719777993975,1,25.6878523371379
1,7.90514753965813,1,15.8007884874824,1,14.1656750136535,1,27.8266096462519,1,26.8484139443606
1,4.62464109333791,1,11.3481755943213,1,10.6782479963759,1,27.1199773829548,1,26.7685514147076
1,7.39789776366955,1,13.897095090116,1,13.6095106063427,1,29.751851009152,1,28.1967993615448
1,4.83149565531032,1,11.436813139698,1,15.7483328840179,1,27.4663469926116,1,27.2611475683906
1,6.82643943350919,1,13.5557180890051,1,12.2885667117075,1,26.6654291830903,1,26.224634184202
0,5.06366495814758,1,11.6090901030504,1,9.86952834287066,1,23.858028831909,1,24.0950575932571
1,7.51770285979261,1,14.700772912346,1,11.3430952738238,1,27.603211730126,1,26.4729227774857
1,10.8172649133319,1,18.295803791306,1,14.2090543599869,1,26.8785032885976,1,26.6510436402469
0,5.39510124474861,1,11.4435439087751,1,16.7118060994591,1,28.0681711503977,1,27.0091381684024
1,4.65589604162193,1,11.8460936918193,1,11.1675294350898,1,26.9733363810754,1,25.7648649720314
1,10.6430892219432,1,19.6602533768714,1,13.5194619885956,1,27.909851002319,1,27.5556135618798
1,4.3241205715193,1,10.87210125149,1,11.1001862725418,1,27.6709593128071,1,25.792099770617
1,5.53140806383508,1,11.2814194208633,1,13.8891401027328,1,26.9557696750077,1,26.6039961409803
1,4.67128981206241,1,11.1900208746013,1,11.512631387937,1,28.2944678922283,1,27.0755055991574
1,8.7258030533705,0,15.456081962868,1,11.1468207106097,1,27.5307845921188,1,26.372359586809
1,4.52984895303185,1,11.0167927836915,1,12.4950563974852,1,26.477039352983,1,26.1555868446125
0,5.45921891232856,0,12.8841929218592,1,12.3255996437089,1,26.555749705105,1,25.5478148279102
1,5.71650287583177,1,12.763801898999,1,10.4992141855991,1,25.6403881939527,1,25.5336022769536
1,8.20965273509681,1,14.0215300045339,1,9.7962432940191,1,27.262943281369,1,27.0227183090552
1,9.11170938606058,0,16.4937811377879,1,11.4429221870561,1,26.9554712195827,1,26.4375073267825
1,7.42418205221509,1,12.794364404605,0,12.7495273555039,1,27.7793232020064,1,27.4564223770354
1,6.9045062722677,1,11.8941254035728,1,9.70188422350911,1,25.7120982258429,1,24.6971298792465
1,5.19080299729028,1,12.1693687743978,1,12.3106335218035,1,28.0404533021435,1,28.0471146487351
1,5.40616531792461,1,11.6834052750214,1,11.0713137129866,1,25.0335278608633,1,24.7339246844895
1,10.5879271854586,1,20.0177680648029,1,12.4514014048852,1,27.3335341302324,1,26.7995468974994
1,6.53046409976931,1,15.8706898042797,1,12.657461049722,1,26.8550928763861,1,26.4640895940185
1,5.51215434719105,1,12.366845555675,1,11.7757445289725,1,26.0912412915863,1,25.1760440949841
1,6.86251250482064,1,12.5921823862423,1,11.3115249371839,1,28.3790439467681,1,26.9481099877694
1,3.93864757234963,1,10.2252297688042,1,9.49930486847293,1,26.5154246851876,1,25.2672797099678
1,6.11384369745359,1,14.3942530854368,1,11.6644876358163,1,26.1928469602506,1,25.8365490308076
1,6.19245806991596,1,14.0875518374391,1,11.5050365737399,1,26.7136965212119,1,26.5760147827192
1,5.317660636319,1,11.8800887271067,1,15.3181189049597,1,25.8271752163679,1,25.8724382014059
1,6.21391609143699,1,15.5400166178254,1,12.8402438447009,1,27.5821583081772,1,26.6063834355792
1,5.8727464148753,1,12.483128656717,1,10.5862467350782,1,27.843972791757,1,27.0568631740591
1,7.23427144756495,1,11.9254544515857,1,10.9466778100284,1,28.8087252980765,1,27.3225651886094
1,5.72122262757728,1,11.5420104961214,1,12.3176969204291,1,28.1427125159699,1,26.4148432207273
0,6.39900712207446,0,14.7132981954337,1,11.8253411226747,1,28.7845063182476,1,28.3962609349562
1,5.62034334215775,1,11.2556487174804,1,9.7926208605272,1,26.1524262561444,1,25.5424862658859
1,6.28382484032616,1,12.2420832691167,1,10.4845561067652,1,26.6391618292319,1,27.7569442463166
0,7.08125681713402,1,12.7903040902841,1,11.6575404106784,1,28.613061442454,1,28.3841285122799
1,5.23750498326179,1,11.5629711577517,1,11.0126582698832,1,26.8781775886627,1,25.4369692563304
1,5.76175217137585,1,12.9004392366083,1,13.5890854253934,1,28.2707492947464,1,27.4541124196373
1,6.25353921441252,1,13.6797715529153,1,12.6104628621145,1,26.2717944607722,1,25.4390146756993
1,11.5034176682699,1,18.4162443006067,1,12.3156925510509,1,27.4010710633588,1,26.8447178901223
1,6.84990146455592,1,14.0845820564671,1,12.3809135282733,1,28.2676684883048,1,27.9103401546262
1,6.19593911116053,1,11.7194778313877,1,13.1388502940738,1,28.2777500235284,1,27.2934445131963
1,7.41002029462603,1,16.6455025009883,1,11.5919887870055,1,29.3936466354211,1,26.7164798055657
1,9.38771788359207,1,14.9214535996003,1,12.4985762506482,1,26.0225007410237,1,27.060074897294
1,4.81563992012283,1,10.9583415306207,1,10.6846757072476,1,26.1874366953584,1,25.4705245289122
1,4.81521702415208,1,11.8297719067452,1,13.7325344432108,1,27.5671261572963,1,28.4678042764383
1,10.7770194623397,1,20.8774834010865,1,11.5253116074293,1,28.0260283768094,1,27.9260411735815
1,6.68806302170532,1,11.6154994529333,1,12.9189992064144,1,26.3490125362498,1,26.200612658512
1,8.28392017349352,1,15.4453963659055,1,10.374122782976,1,26.9230850093523,1,25.9876145216241
1,7.61936572787817,1,13.2735104350852,1,11.0589970216763,1,26.8943013887936,1,26.018841389127
1,9.17253947760014,1,18.8695042883825,1,11.7439016286626,1,28.6602579782079,1,28.2700220739082
1,5.58262583916288,1,11.5836614304012,1,12.3315697507368,1,27.9421957690149,1,26.1746488079939
1,6.95012757910985,1,17.5045845265418,1,11.1532101293109,1,26.1440326431362,1,25.1974850651919
1,6.99734036668717,1,11.9334813980514,0,16.9699342628789,1,26.753052268819,1,26.4810441078721
1,7.28229179512203,1,16.4306369359124,1,13.4301980902562,1,27.9602572674167,1,26.623595850102
1,5.20151484431666,1,11.8051454201555,1,12.966384341004,1,27.8645022055002,1,27.6265099326337
1,7.65870713503001,1,11.8263792556278,1,12.048424113027,1,24.0987974797347,1,23.5544416670747
1,7.77071114851435,1,15.8488844778244,1,10.9943075910956,1,27.1486402883525,1,26.6404731524844
1,4.37264984363847,1,11.0470459562652,1,11.6868583044295,1,26.081566443776,1,25.5473744089165
1,6.14066252757446,1,11.0946166964326,1,13.5188518775254,1,27.7531660787195,1,27.1552521811296
1,4.10823072095285,1,10.6117929971009,1,11.1791325390125,1,25.2046101383599,1,24.9445090960026
1,5.84444979614401,1,11.6323544950897,1,14.4880927493526,1,30.6160493914382,1,27.7477164736367
1,5.80059793498944,1,13.6335350917509,1,12.0855128166525,1,27.2305906047099,1,26.1984316384786
1,5.7401018439145,1,12.1660167583308,1,12.9242301093346,1,25.1010510932183,1,25.8171834759207
1,5.39867616800751,1,12.5321364559646,1,11.9100238684426,1,25.0634246268694,1,24.808346089569
0,6.90419117983838,1,15.6903439651973,1,12.8046458675757,1,26.385075258781,1,25.2957851969582
1,7.13308393908891,1,12.0711742445811,1,12.9026586142441,1,28.528533209451,1,26.8354278453945
1,9.66774916151929,1,13.7466237512433,1,12.0185066187499,1,27.9126281307301,1,27.6741269517554
1,5.5239954922736,0,12.8177814103219,1,10.741502513455,1,28.3478463886053,1,27.3465587626963
1,10.813222698394,1,24.8410226145691,1,10.7306787612003,1,27.1275278415606,1,27.1487083940078
0,6.39826580295755,1,12.9014560257458,1,11.3744673200855,1,28.2343605935714,1,26.8385361937723
1,6.79438740456468,1,13.5197492118576,1,11.255760289863,1,29.1693495187953,1,27.7418516553273
1,8.72753003130608,1,19.273269100676,1,12.8243095813096,1,27.8309039470367,1,27.012079819132
1,6.66644488574447,1,15.4129137254249,1,11.6185866724789,1,26.9238944820078,1,26.202866704678
1,4.20343804270091,1,10.9546989986531,1,12.3528784659445,1,27.6580917777451,1,26.7228020450402
1,6.16002724453155,1,12.2051504723558,1,13.466576543362,1,25.9911467471117,1,25.768482458929
1,4.0576160966092,1,10.686919826447,1,12.3851173672923,1,27.0201672796466,1,25.8353235597144
0,4.2582747713215,1,10.5966998561034,1,10.4282392934617,1,26.6997251074777,1,26.3902805312471
1,7.49285997590248,1,13.8584356146616,1,9.98636141872354,1,25.9233152775183,1,26.1162292917191
1,10.976891019404,1,17.4973545127359,1,10.5318458119983,1,26.7640086062786,1,25.2403413209896
1,8.52909338303059,1,13.4976004777322,1,10.8841920437353,1,25.0512904807805,1,25.6773728887067
1,7.92594936036226,1,17.7967746532677,1,10.1151320824057,1,25.4241812022262,1,25.5672122049448
0,10.6118674244472,1,22.7495131728616,1,12.9877327496917,1,27.5185981094062,1,27.0699407517896
1,9.11990139671218,1,14.1140129751718,1,10.726336268377,1,28.4932935828368,1,26.9430497581508
1,8.32214168240849,1,16.0325687887374,1,13.1156401081164,1,28.2353566744313,1,26.985718059935
1,9.01178324806347,1,13.0136836439272,1,10.4302662320945,1,25.6341874344618,1,25.4559795231564
1,7.06775805633093,1,15.6544537188874,1,13.2080329916174,1,29.6466459116362,1,27.1635310156243
1,6.2654773374374,1,10.9013350097297,1,9.35974915118639,1,26.6379696643944,1,25.8930140625003
0,5.37838197963402,1,12.0459173337068,1,14.0204164116307,1,26.2607344511771,1,26.6746048605245
1,4.82686958821884,1,11.3141025040251,1,10.5381136066723,0,26.0720127751191,1,23.560618931971
1,7.12021339976745,1,16.8920080558217,1,9.79045373896044,1,27.7103985448956,1,26.4825659771574
1,5.76529347623001,1,11.3902291181622,1,11.9665671687386,1,26.830283291077,1,25.9367753396852
0,8.47308748306917,0,12.450291100263,1,13.0511084498043,1,26.1187856351753,1,25.2857813965572
1,9.5103075897648,0,17.0584731486558,1,14.3820954471143,1,27.8665305481629,1,26.7052978227703
1,6.20607688587103,0,13.571144538084,1,14.3696993090168,1,25.8971443649966,1,25.3287402189991
1,8.82887376329957,0,17.9039601986648,1,11.8405146060803,1,27.7556272074104,1,26.1996024760746
1,5.88905141441839,1,13.235297375967,1,15.6121767874838,1,28.1235378232525,1,26.9208921273587
1,6.16407259755437,1,12.3626221303207,1,10.4525620274738,1,28.2949820298714,1,27.5554483992084
1,5.42361769329005,1,11.6826589171931,1,10.5257420067533,1,29.1789418161223,1,27.0414725292804
1,5.58861505994612,1,14.9407661427075,1,12.0339190780245,1,26.4724170031974,1,26.2661885838208
1,4.70332279962471,1,12.1549664822821,1,12.1746294024779,1,27.2236372161711,1,27.0279473588273
1,5.98763525975364,1,13.3322088108722,1,13.0073814660238,1,26.641154155965,1,26.4502783079994
0,5.3207822217925,1,12.6376113130896,1,13.2944695777611,1,27.9829689309844,1,27.4751826294199
1,5.42809223742889,1,13.5165630127975,1,11.2452339270278,1,25.8790073473671,1,25.8548622468767
1,4.73346197079849,1,11.5573192840589,1,11.5664700416262,1,26.6025202549775,1,25.7552059135978
1,4.50703142356935,1,11.3853269470386,1,11.0040283081744,1,26.5231883920767,1,26.0473119473577
1,8.47889524030417,1,17.3325289155386,1,11.633518726399,1,25.9545763518756,1,26.0611100763659
1,10.4970939469545,1,13.9714632025184,1,10.6101370936136,1,26.4156865562223,1,27.3030081824188
1,5.1097220697085,1,11.9554015484916,1,10.9835516910526,1,25.9410922412101,1,25.0925773120725
1,5.6158194906802,1,13.9270941322114,1,11.5624038225926,1,27.7295333406367,1,27.009105001018
0,9.28293109158699,0,14.6357322561464,1,10.4149738157779,1,25.3327241698401,1,26.4196946003315
1,4.80384097603592,1,11.1469522427399,1,10.585135889452,1,27.219594907956,1,26.2341717277806
1,9.45040845462951,1,15.2287761361894,1,12.8943745343037,1,26.8656179745457,1,26.4600428869396
1,10.8801273912813,1,20.5728989482821,1,11.6405194500349,1,25.2070435639893,1,25.5788905655998
1,6.38978341749555,1,13.3120210976624,1,13.1480296540326,1,27.4458640140156,1,26.5028210847233
1,6.08543958184351,1,12.1701117666518,1,11.8942890474198,1,25.2184720931804,1,25.1446968163486
1,9.2706265547166,0,17.2406571234945,1,11.7920901105632,1,28.0361664173344,1,26.8206972783608
1,8.58749188886138,1,15.535778119491,1,12.0476362466957,1,28.1728493667431,1,26.0948182651028
1,5.50606188205631,1,11.5422201595091,1,11.2396965216501,1,26.0509791011763,1,25.99006394504
1,5.99194423134258,1,11.6814552082748,0,12.697428140954,1,29.2741599613104,1,27.8546530909952
1,5.52162570771964,1,11.2575776972056,1,10.9699180503979,1,26.3443728176243,1,26.1387923039242
1,6.15303414291896,1,13.5821152653407,1,10.5864874329721,1,24.6912028675702,1,24.5191594432341
1,8.18758211189016,1,15.1863662302924,1,11.1373829413096,1,27.3914664652943,1,24.8763674563704
1,8.65556233651694,1,17.3445259515311,1,12.1612720562513,1,26.3617169636298,1,26.3900214615934
1,5.82334935875294,1,13.1179978543312,1,12.9750672712358,1,28.8460346742783,1,28.4190421704899
1,7.47340468614875,0,16.8835340185125,1,11.6668251410824,1,27.8891053496879,1,26.3489462910862
1,6.30911845999588,1,12.1387348746805,1,13.7355249240737,1,27.9285618041032,1,26.8542418394807
1,7.99699395186359,1,17.6023319092225,1,11.1969507277578,1,27.8062137048977,1,26.6482740201114
1,4.08253858537098,1,10.2732601892716,0,10.2611983193372,1,26.647945514292,1,26.643337410236
1,6.90253630177397,1,12.6538669469133,1,13.2661711486486,1,26.7169644859868,1,25.8217887304429
0,4.29819599848379,1,10.5693333930389,1,10.8732439224318,1,26.2257453172947,1,26.1164209539281
1,4.96135830255176,1,11.5458651816722,1,10.6791203041781,1,27.3159303198969,1,26.0930164626557
1,11.9360781185481,0,16.7446750855581,1,10.2826485768798,1,25.7257340915317,1,25.7180652129527
1,6.03494904309953,1,13.4900264756341,1,9.56506256407256,1,24.8266069840942,1,24.3681520890634
1,5.81766778762843,1,13.5223100097362,1,10.3891995600303,1,27.6865311555975,1,26.9484225581428
1,6.35714852958782,1,15.4284403474948,1,11.0396129718175,1,29.1510005331005,1,28.492296230632
1,8.96578587000269,1,13.845498308909,1,10.915670251149,1,25.8631114017981,1,25.5213201637225
1,7.29401359664275,1,15.0027262856452,1,13.7167970082167,1,26.0857454662691,1,25.8456778984021
1,6.41474761413509,1,15.7009966436076,1,10.8966378105362,1,25.3979597543215,1,25.4581332414885
1,5.91852495723522,1,13.1553209456194,1,10.4905168001325,1,26.8027994438138,1,26.4070177630984
1,8.78199328644794,1,19.1114143672556,1,9.75886377878366,1,25.1520850300433,1,25.1342052168362
1,7.52419412611482,1,16.1880030460398,1,12.5757151801031,1,27.0605565340654,1,26.8692611018278
1,4.4887581741112,1,11.8263036194982,1,10.6465210825382,1,28.0733743332683,1,27.8833672978102
1,6.20372764453237,1,12.4290570758545,1,11.7818408227331,1,30.8049446946274,1,30.0515381516484
1,4.58182446171786,1,11.7579825026841,1,11.410701403573,1,26.0514353675219,1,25.9090125064181
1,6.83561165620359,1,16.0293914137177,1,12.5788265869315,1,28.4082866853226,1,27.6903377234909
1,6.19203292710483,1,11.7313531185414,1,13.0792532447635,1,28.4925124974069,1,26.7608835763969
1,6.61293437471325,1,16.4393786511809,1,11.175959199097,1,26.6753753199347,1,26.0832402181796
0,10.2219505331551,0,16.2047697583226,1,10.699291268992,1,26.5023133048061,1,25.5228533967589
1,7.44912070751533,1,11.971609861377,1,11.7304328255716,1,27.7278166374556,1,26.9957490745001
1,5.9469204311483,1,14.4076255038593,1,11.2968047022427,1,30.1537816394855,1,27.255780865885
1,4.84002440335889,1,12.1593254274832,1,14.6170669855283,1,29.7532704173658,1,28.2146675193221
1,6.2119178051192,1,13.8279203682891,1,11.1430554819573,1,26.0614595383067,1,25.3727098838905
1,6.91841475090556,1,12.7720065771246,1,11.9983167536801,1,27.1744110496552,1,26.6835914066837
1,5.70517279797094,1,12.6234980644208,1,11.2665365987502,1,27.8200324061912,1,26.7205102103641
1,7.47225987547856,1,13.3722337399841,1,15.2627527784146,1,25.0437482479348,1,25.190706770894
0,9.75364453619224,1,16.9444208066581,1,11.8957095629623,1,26.8993771824862,1,25.9861126980184
1,7.25350016388438,1,15.104210873009,1,13.2515925123161,1,27.3167318504255,1,26.527445393247
1,8.18425783404632,1,17.7295624331646,0,13.1804709313413,1,27.543182363502,1,26.7095555765316
0,5.5976891987541,1,12.5355599860236,1,13.9452565945831,1,28.5646917847008,1,27.9009117628655
1,5.35802965715227,1,12.4955927097737,0,13.0230963813843,1,26.4571704010218,1,26.3293421117583
1,11.3663239634368,1,26.2584525627343,1,11.9582022216996,1,28.6116610587868,1,27.4062464165081
1,4.83895728113619,1,12.0570381043707,1,13.1583318844894,1,29.2967963218981,1,27.2544414443632
1,7.28545186542816,1,12.7915344702844,1,10.6172581645031,1,26.0716548301207,1,25.5828000657038
1,6.7984084956327,1,14.1380990132374,1,12.8030076974823,1,26.8201076654625,1,26.2976761224666
1,6.27988295809129,1,14.3718510073164,1,10.9681444183571,1,28.4381244988124,1,27.4037758744219
1,6.32981339091106,1,13.0366270286512,1,10.5895336980448,1,27.8846557340972,1,27.0998950309577
0,4.64847265002516,1,10.7962996978072,1,10.5365532417287,1,26.460470349556,1,26.413062407182
1,8.62498394589272,1,17.8326104372677,1,10.6726714446388,1,29.3498423125637,1,25.6860874163201
1,7.76493905278546,1,15.2785250631384,1,9.08598366478117,1,27.3392944330034,1,26.3793017839071
1,6.07875218436474,0,13.5198186937361,1,12.4370449665273,1,25.9851322205353,1,25.777105143919
0,7.0955004214753,1,14.2947720965664,1,12.1387190373444,1,27.7789349109613,1,27.1144329599229
1,3.50260046700428,1,10.8569302301246,1,12.3044630800771,1,26.9071676792428,1,26.2595641673202
1,7.21635418966315,1,13.9689060828171,1,12.8182416952936,1,28.7393959763543,1,27.6221856636744
1,7.24774562161184,1,13.0665439373678,1,12.1010322733418,1,27.6162207804411,1,26.7771493055414
0,9.02558821695627,1,16.6704607215508,1,11.2019800944932,1,23.9334867383119,1,23.0725857477944
1,6.15693772785377,1,13.4043599821921,1,12.5792621243038,1,26.310918265479,1,25.7206312173536
1,7.20071604583125,1,13.0598930642448,1,9.93819014021913,1,27.9929936069805,1,27.2194504262247
1,8.83495439241518,1,15.4697426774835,1,11.0435476586039,1,27.5172080729581,1,27.0135051753828
1,7.3710752506737,1,11.7844669035028,1,9.15952496745773,1,25.7041031347771,1,25.1830373119635
1,3.60916115127538,1,9.79658455961293,1,9.51719943727115,1,24.6009619823074,1,24.4649593490596
1,9.50944718383572,1,18.664658437146,1,10.0354530401293,1,24.3140621314809,1,23.645081347211
1,4.68480245079085,1,9.99082229519652,1,12.9966840716542,1,24.0922252764222,1,24.0532353503226
0,8.22837648377568,1,11.9781310311255,1,12.6115853135578,1,26.2066921066703,1,25.7810533893248
1,7.21069924964786,1,16.245716526047,1,14.2291755489599,1,29.9854369914673,1,27.3764287080211
0,5.88347731516198,1,16.1727094929763,1,15.5135955517709,1,28.5215476210727,1,28.1434564353199
1,7.80550955829099,1,15.3165240442567,1,15.9535705389021,1,26.8077699541404,1,26.0973340322711
1,6.65811251091457,1,15.5120836539245,1,13.4383309986407,1,26.227007737728,1,26.9257926173313
1,5.47519775449372,1,11.0953118588523,1,11.8460359342287,1,28.2143934792214,1,28.4077376713373
1,6.81985153696109,1,11.9501863281439,1,10.039393089275,1,25.8462987467174,1,25.4350879707362
1,7.5860986517238,1,14.8350506045691,1,10.5824848044999,1,27.2368835425232,1,27.3041164630494
1,9.66201278697692,1,13.8469798335693,1,11.01088914006,1,26.0120314703725,1,25.2215206761893
1,4.49227836646758,1,11.2805319548716,1,12.4193077862705,1,27.5079581377864,1,25.7461931534505
1,9.42130153436082,1,14.6041862670903,1,12.9111055254997,1,25.2032645125971,1,24.5125633327349
1,6.60444475719026,1,12.0413952872572,1,12.2484129213774,1,27.001393129329,1,25.4892188072063
1,4.15886535630031,1,11.3761476880664,1,12.2593535230138,1,29.1063047475245,1,28.6703205603717
1,6.35794829564647,1,11.705257368424,1,14.729496760475,1,29.3318717169825,1,27.2938603614016
1,3.60224427626662,1,10.698131612752,1,10.0897503074724,1,27.7112442329968,1,26.5444764603532
1,7.10933281787676,1,13.1942963890963,1,11.836595967246,1,26.6412738385054,1,25.7166731553973
1,8.46762402471388,1,12.4041592843593,1,11.8319785549527,1,25.8749338382702,1,26.2457413181749
1,5.79458890323469,1,11.5517040613323,1,10.8243465479563,1,26.7919576414588,1,25.9786035172765
1,4.03576361991363,1,10.3318388670356,1,9.90739414214125,1,25.4025112745013,1,24.4630142410467
1,12.119230400147,1,18.4897651132898,0,11.0060399425092,1,25.1858568628608,1,24.8362179566351
0,5.08209464045841,1,11.3836055428692,1,11.1900378465048,1,29.6340020454574,1,28.5353277293626
1,9.77705742688965,1,13.1389238807128,1,12.0809114403792,1,26.6237610916771,1,26.3108924367898
1,5.46985205260159,1,10.7564759786739,1,9.86088404576401,1,25.9826872536371,1,25.7527866329274
1,3.63347849948905,1,9.95715515446818,1,9.63974553876928,1,24.9804576257274,1,24.5981766329056
1,5.70389975198403,1,12.8726275024198,1,14.1490198684285,1,26.4303418457329,1,25.8650297152752
1,6.0347919547124,1,11.790390274161,1,14.3249556307095,1,26.591681253579,1,26.8388115945261
1,6.95965801704041,1,13.8887320940701,1,13.7089677784086,1,26.7142825811599,1,25.7006718677077
1,7.33541860268524,1,16.6837787603083,1,13.6144319572213,1,27.283297248656,1,26.1710746934398
1,10.7117064554243,1,14.5571361526995,1,12.0551768716782,1,24.8706254170283,1,22.5710166327218
1,8.14010729371004,1,15.0073475319514,1,10.5720297542483,1,27.0215254947311,1,26.6125143916552
1,4.79469701864795,1,11.4185525397051,1,11.7410790487763,1,28.4852092019878,1,27.9979615022844
1,8.72886054196342,1,13.6572214576076,1,13.3613926805134,1,27.6407154734353,1,26.8369311245934
1,7.58368107116617,1,12.8302353229412,1,11.2019747262852,1,26.643619121968,1,25.4529754212197
1,6.16451589934808,1,13.0453189555007,1,10.7161610821782,1,28.0159731161304,1,27.0570748508823
1,3.67238147564784,1,10.9145496584476,1,15.2096269757003,1,26.5919517420815,1,26.195290531876
1,4.51287811167902,1,10.7496178532994,1,10.6955000795349,1,25.8449545261114,1,25.5103997982331
1,4.76281091916534,1,10.6578325679491,1,12.3285470736401,1,26.8612428222251,1,26.4298831953171
1,7.48290325595472,1,13.285288221654,0,13.7143299835173,1,26.4851437661005,1,26.5375215278831
1,6.17321967651179,1,14.8450450629363,1,12.9384921083608,1,27.3082282115858,1,25.7144670740532
1,7.41564291941655,1,12.2036627134076,1,11.3926064705829,1,27.2578936444143,1,26.6580190642675
1,5.82537934172171,1,12.2767121334446,1,11.5362029477091,1,27.4263240093403,1,27.3763555284042
1,10.6408318990475,1,15.9953604118255,1,11.9235295566608,1,25.4035847287382,1,24.806555237986
1,8.9566863122013,1,16.1277068170733,1,15.2514024237184,1,25.2682243954824,1,25.1520907516741
1,8.34873793423458,1,12.6099646815652,1,18.5576091073194,1,27.512072233982,1,26.5524679921732
1,5.28051625056387,1,11.0122107206434,1,11.2979863960307,1,28.1133793825613,1,25.9816781978411
1,7.14548307377529,1,14.8295389533631,1,11.8566230118199,1,28.7651664370083,1,26.9129535755375
1,4.08588061640569,1,10.8775258834692,1,17.2327525968146,0,27.7134908632282,1,26.7069574108442
1,10.395032885431,1,23.9736717765109,1,12.7703733351094,1,24.5802535991629,1,24.254675502053
1,10.2076567081911,1,13.825907739168,1,11.7560908778673,1,25.3673054577047,1,25.6900307042771
1,6.69251961855011,1,13.3253494538509,1,12.8754267822713,1,25.286305458531,1,24.8076122647257
1,4.71693540238616,1,11.9146190614082,1,15.0359723771404,1,26.6112591452555,1,25.0589797595676
1,4.56642628658183,1,10.2307953971833,1,15.7096692724436,1,27.9075713080317,1,26.8715280788924
1,6.21186218689112,1,11.393859862866,1,13.8215402214804,1,24.2060093416342,1,24.6769392822882
1,4.21933215358418,1,10.736112624277,1,14.2633568716602,1,27.3168880973941,1,27.1308555029035
1,9.7166876842953,1,15.7747453180786,1,11.1635963402353,1,25.1618097423707,1,24.5010424875687
1,5.03043064215801,1,12.0736554513383,1,10.8497055245019,1,25.0860704754203,1,24.6917453778458
1,10.8156951188948,1,16.5247448702076,1,12.1512194486135,1,26.1422286670995,1,25.5148067233069
1,4.9676325323431,1,11.8024096976746,1,11.7391191949477,1,26.7769413849325,1,26.5558995301675
0,5.78065549257273,0,12.0723457054389,0,12.9487372037461,1,27.6435326802509,1,27.3219447974455
1,8.3209846661531,1,12.6183905275913,1,11.2563304849141,1,27.9804958731374,1,27.7418277308368
1,5.32734750370092,1,11.841450461713,1,10.672784192593,1,26.2691073601631,1,24.6469317385013
1,6.90788895447053,1,13.5887779262561,1,13.4048960056018,1,28.3029853798633,1,27.8501616120259
1,4.72685616981638,1,10.5228492937245,1,12.1012563275123,1,26.562273559445,1,26.000158345295
1,6.48118854077873,1,11.3606940640389,1,12.794614983955,1,25.4726667327587,1,25.5300798309017
1,5.34639673476931,1,13.5799549035833,1,10.8109805603928,1,27.4337215398718,1,26.5478967409365
1,9.01927611287201,1,18.6642466082996,1,10.4434763543642,1,24.4945222143506,1,24.5451449945091
1,6.48614295766624,1,15.1639182999072,1,10.1660624626359,1,27.179619239919,1,26.6768898511778
1,6.06581641119499,1,13.4753339726721,1,13.5754481447996,1,27.0906506213421,1,26.6160467136586
1,11.3160427240506,1,15.9882909700664,1,11.6471266511656,1,24.3598002243955,1,24.4528453242555
0,7.64708517164479,1,12.9583695219548,1,12.553352525825,1,25.6795083990394,1,25.5108664999262
1,4.83567696046393,1,11.9295506560422,1,9.52009686571127,1,26.0406567005663,1,25.4460458851826
1,7.74758426555701,1,16.2124540385004,1,9.83666563379276,1,27.4180636254696,1,26.7077924232863
1,4.429631380121,1,11.4993405784126,1,12.4217348657356,1,28.4224407300856,1,27.5765814002258
1,4.41878851118693,1,11.4307855680063,1,10.5690741693704,1,27.8824664126557,1,26.7532148029155
1,4.59075590485312,1,11.4282668763,1,12.1986594687822,1,27.1562679013905,1,26.4978931391393
1,6.82101183803043,1,12.3844690538528,1,12.5207792055087,1,26.1422377762583,1,25.4748567138132
0,4.73438152024666,1,10.5972541225683,1,11.8466241004566,1,25.5366036376622,1,24.493495590474
1,5.21620690656281,1,10.8335944774657,1,11.9239504241427,1,27.5735753585875,1,25.92070107691
1,7.67738331238265,1,15.8667262584339,1,11.9252609111321,1,27.4479445237304,1,26.841678659196
1,4.26613166613483,1,10.5179738202945,1,12.4097615823208,1,28.110276436454,1,27.4096416487839
1,4.36243944242166,1,10.8244349439368,1,9.23513421201029,1,26.0592870360564,1,25.6118284505431
0,4.94661569398252,0,10.8377071348112,1,11.2256480187299,1,27.0630026977584,1,26.6350672217192
1,4.80402946991156,1,11.3604794282412,1,11.4193193151793,1,26.859844414575,1,25.7530133491915
1,9.14455600169847,1,11.490923889791,1,11.8444087187818,1,25.5001954129961,1,25.0115449437492
1,4.82524039528266,1,12.3877747033008,1,13.2982635812701,1,28.9307398902477,1,28.6344882967934
1,4.86865646023564,1,10.704384275932,1,11.9252747872433,1,27.3698034062892,1,26.5466026430492
1,5.91821070146831,1,13.0842003070725,1,12.3610174183494,1,32.7068015307462,1,31.1708951713725
1,4.62925349563501,1,11.0138166467543,1,12.9761154882623,1,26.1719009879587,1,26.0865491552775
1,6.76993423753724,1,11.9297746319374,1,16.9215433248944,1,26.3278777049764,1,26.2815409574128
1,4.02943741779063,1,9.7827837229652,1,11.109815264548,1,25.2944849591609,1,25.3054012078575
1,4.86118518466256,1,10.3611220369857,1,11.0659081740886,1,25.2131536988011,1,24.7964458270731
1,8.33816409383167,1,13.0517785098619,1,11.9940983575975,1,26.532761573896,1,25.7641681268504
0,5.04385985010916,1,10.9289990364631,1,11.2351060612624,1,27.2783944725625,1,26.2121374343169
1,5.43698027904833,0,13.0694720600561,1,11.6654408019071,1,27.2921588022022,1,26.7782987519182
1,7.17648471355569,0,16.5524943430787,1,10.6153486079156,1,27.2864309967953,1,25.5744557747348
1,10.0382459049221,1,20.8425446474006,1,10.5747633680615,1,25.8280331754424,1,25.9457378792182
1,8.5170235944113,1,12.8925984783151,1,11.8938902562373,1,27.3699605560313,1,26.080106036912
1,8.90095584488555,1,12.8794794768573,0,11.1126651438289,1,25.7603820049763,1,25.9599180254971
1,7.85743922432878,1,19.5492821319705,1,10.8377854506077,1,27.4080932408234,1,26.520088214383
1,7.8387777013422,1,18.2022370052707,1,12.7565782735387,1,25.8924421274825,1,26.1760186740577
1,6.54587373364802,1,14.1471469375637,1,11.4042903861745,1,25.6326076133526,1,25.4910048598656
1,6.84629878773283,0,14.5715769865907,1,15.2022646102837,1,26.3149760656961,1,25.4433617328851
1,6.30581985418595,1,13.0374649688282,1,14.8672683893267,1,27.1312825122823,1,27.1628720482728
1,8.72633199074601,1,20.0751758680813,1,15.4262913914213,1,26.9842608368732,1,27.8282816339714
1,5.91653349404673,1,12.3592537181368,1,10.0006680217205,1,26.948040495586,1,26.2825555387167
1,4.55602738111116,0,10.9720247185976,1,9.74757289209241,1,27.456549316701,1,26.6289256472844
1,6.06958858066541,1,11.1455478069522,1,11.0087996719878,1,27.7889676606768,1,26.58411736404
1,5.6348689962121,1,12.1381158175852,1,12.8521762455776,1,26.9789787119761,1,26.4054552687483
1,7.06786847413241,1,15.6774194726338,1,10.5359090184666,1,26.6282831030645,1,26.1079905910126
1,7.6100280879032,1,14.2338926697111,1,11.175136118034,1,30.7689547226668,1,29.134240671241
1,7.32899149376136,1,17.2018561831929,1,11.4849880015446,1,27.373207541995,1,25.9939468529776
1,5.99126896766514,0,15.3017297922675,1,10.5239552885994,1,27.0676042986231,1,25.5372255673139
1,7.21037034647624,1,15.5343862127402,1,11.6875485496618,1,25.6974197962718,1,24.7178233320618
1,3.79014188975337,1,11.3613696198242,1,12.4668663815005,1,27.5319151294492,1,26.5009857266032
1,5.71070241762853,1,12.4398172105993,1,13.083216523971,1,29.8853108072204,1,27.4113861229632
1,5.76725518650219,0,13.0492959650787,1,11.7194846707945,1,26.8645220150283,1,25.4165991733065
0,8.12189228773059,0,12.4099880886779,1,10.6866467391744,1,28.5486363290078,1,26.7000523273205
1,3.84160699614619,1,10.7980391661404,1,12.2805742055185,1,25.6765422700995,1,24.9201941813281
0,11.3728524071886,1,14.4598698870719,1,12.756289221786,1,26.5825190892833,1,26.9192171045603
1,8.38372966198522,1,14.8087806560178,1,10.3760017234424,1,26.230582041942,1,25.8832853618608
1,4.74989324741441,1,10.7662765765175,1,9.87714012703165,1,24.7452305125925,1,24.8960740008402
1,7.77837482062084,1,13.5069985316932,0,11.2923375868929,1,27.3285549892136,1,27.3477838078735
0,10.2944593077136,0,14.0112525589062,1,10.9567926478769,1,27.4581381198903,1,26.2315521241157
1,8.56617753875484,1,20.447419538097,1,11.605645788876,1,29.1823330530072,1,26.9630466731345
1,6.20254997090031,1,13.1303175476151,1,10.8661038188049,1,27.4970135581687,1,25.9043511598259
1,6.21283006569436,1,10.9486370474403,1,10.2703830031975,1,26.0194453937414,1,25.8441588042947
1,4.80791063263718,1,11.2664314601263,1,9.49770731233006,1,25.5204850322125,1,25.4165236365602
1,7.89444729656685,1,12.1213058692888,0,9.33979635753511,1,26.4423033310733,1,25.7107195071934
1,3.88601347592065,1,10.4189300562991,0,11.4073471607162,1,28.231679112611,1,27.2680317638491
1,9.67536206495357,1,14.4456467295214,1,13.236194139903,1,27.2871232133206,1,26.0809556770103
1,5.52860308879314,1,12.2490630604527,1,14.0419273804935,1,28.4531225883743,1,28.3797227746235
1,6.92688598245429,1,11.6687180114171,1,13.4179559751256,1,27.4788650687071,1,26.8063063846834
1,5.45877464473388,1,10.7877905453477,1,12.3097291185116,1,25.977239638387,1,25.2362880637444
1,5.1340469742514,1,11.6942487437748,1,12.6929027655915,1,25.92575290949,1,24.9761454197994
1,7.08553174683542,1,12.2371977761011,1,12.4917637134096,1,27.3348127807023,1,25.2883086752415
1,5.46285312294001,1,12.6179312627245,1,11.0609690495391,1,27.1406449228056,1,26.2040903271424
1,8.86386634850949,0,17.3330992696366,1,11.7269091448912,1,26.6159417863382,1,26.1491663006548
1,5.88398122029768,1,13.954136043446,1,11.4808585932433,1,28.0982694746916,1,27.1638713692204
1,5.36961827149872,1,11.7570874689365,1,12.6030698735605,1,26.9531487909563,1,26.8156361352044
1,9.33652537983279,1,17.262462838311,1,9.97869597526294,1,24.5903338628224,1,24.2977390291988
1,5.5307975340102,1,13.4704634993706,1,9.99939542138972,1,27.0268415367874,1,26.1306306355845
1,6.16133525128681,1,13.2999176694014,1,10.5570516780264,1,26.8516535534638,1,26.6407304566127
1,7.50134007736107,1,12.4588851248625,1,14.3237188053305,1,27.6348881637809,1,27.7301785171815
1,9.33952262179047,1,12.438421899046,1,12.0519798105913,1,27.8252628291738,1,26.79260675583
1,5.3212772062869,1,11.2317319765994,1,10.5976617128979,1,26.9989884248622,1,26.3734704107129
1,8.24908330908873,1,16.3067462939442,1,14.6361986060978,1,29.4334170152394,1,27.3815024306154
1,6.03783477272504,0,13.6680510550236,1,11.1574096919145,1,26.4358432800775,1,25.8173036232266
1,6.63537299389764,1,11.4574306044974,1,9.70127238175401,1,25.5846744831645,1,24.5360763904457
1,6.34862237924111,1,11.706838449801,1,12.1854941668104,1,25.4777178629088,1,25.0359907190116
1,4.32208823595368,1,10.8379700285361,1,11.4962777226213,1,28.0904595858098,1,27.1550686037997
1,7.47107472658952,1,14.7633271653147,1,11.7985252828893,1,26.4611694159524,1,26.5102832561059
1,6.93833435744692,1,12.6938095133119,1,14.4663299878763,1,28.9634662409446,1,27.7462431217487
1,5.09599325609146,1,12.0077574187535,0,11.7177690568237,1,26.0280211211551,1,25.7797072601724
1,5.58714401116859,1,11.6262459876085,1,13.1253603051883,1,25.9610064772243,1,25.7173643992474
0,7.7417461706474,1,13.4448882181959,1,19.0670375307864,1,26.7735819048727,1,26.0814998016376
1,5.81577978208051,1,12.5100820734198,0,11.0540056224407,1,26.8102430406993,1,26.5224636486045
0,8.11358790228487,0,14.4629550647166,1,10.9814436558999,1,27.3462062885311,1,27.42004680704
1,5.75309991723176,1,13.0541569404286,1,11.6766850693282,1,28.8306803498118,1,28.3710868687437
1,6.25463333586964,1,11.7001458421956,1,16.772400770654,1,24.9878497678978,1,25.375225322518
1,6.43366640541966,1,14.8016887279277,1,12.1575029781352,1,28.9706073186394,1,28.3564565297165
1,6.02007024559691,1,11.3587642157364,1,11.9035354867372,1,26.2136245769225,1,25.0696861140221
1,6.75108132351017,1,13.9228313609162,1,15.4632771059363,1,25.8199360002482,1,25.4470065847745
1,3.80726681294717,1,10.4474746789085,1,11.4320307431172,1,25.9924808168488,1,25.7148606168807
0,4.55572703453421,1,11.3628336537085,1,14.833961517886,1,26.6668535256317,1,26.057307256354
1,6.54651377045629,1,12.2751964248545,1,11.7564430640833,1,27.2090273335439,1,25.156297839747
1,8.0341689182221,0,15.4343021906882,1,9.18804448361045,1,25.5047017493922,1,24.8222795904481
1,10.9482229104034,1,16.7470682261746,1,12.0774838950206,1,27.8679053291486,1,25.2635467389948
1,4.79297828766409,1,12.1959628720422,1,12.4167475783309,1,26.4649045304631,1,25.5487935527094
1,11.9305895309305,1,19.1792872018393,1,11.5825542793261,1,25.6302708486067,1,26.1786015668928
1,5.02646835166686,1,12.4554175107573,1,10.2836678719424,1,28.8901090081871,1,27.3976841625878
1,7.71920458347227,1,17.0764396350575,1,9.33413232528289,1,27.571682622881,1,26.5277918407387
0,5.27531840759556,1,11.2322095105038,1,10.4242205740016,1,26.4514495766371,1,26.3966537119473
1,9.70266356039408,0,21.1518318920027,1,11.2697921065572,1,28.8282777727148,1,27.2514135044282
1,6.19208530965439,1,11.2791711717158,1,11.6155464716438,1,26.2859543110883,1,26.5343185985642
1,9.49197206583062,0,15.9530872282768,1,12.7784051360019,1,28.5353303935774,1,26.8211132435225
1,8.45435811413448,1,13.4329358702303,1,10.8572745548754,1,24.8757723080354,1,25.0531263191748
1,3.80369038272256,1,10.3898118760713,1,10.8118968837582,1,26.7807949301835,1,26.0839986454456
1,3.84953919580018,1,9.98016107931472,1,10.6488620345288,1,25.3801352596641,1,24.9951720312102
1,4.9910010762082,1,10.8020077708097,0,11.182758576229,1,28.7643301692085,1,27.4186313343924
1,4.5555798783252,1,11.5509971404143,1,10.411548177249,1,27.2414296750688,1,26.786195466944
1,4.16227576426484,1,9.9544248211358,1,14.5267456354999,1,26.3046692093362,1,25.066163538072
1,6.48089937940001,1,11.5994192692748,1,14.5723118220291,1,27.5016524566086,1,25.7469685069008
1,5.99994812824762,1,13.5472090762063,1,11.2492723015982,1,27.2069690441476,1,26.0566379900465
1,8.43157373935298,1,15.7792713455128,1,11.9479230483655,1,25.6600540163986,1,25.3398395960054
1,5.11256438773364,1,11.3664687914838,1,12.5325150315114,1,28.232893861211,1,27.7910766560804
1,4.77305229421318,1,10.1431486675142,1,12.612065530311,1,27.083948481178,1,25.8647791361457
1,6.29513604870436,1,12.0505211091985,1,12.211365917378,1,26.3146293935181,1,25.5946713393299
1,4.73681661140979,1,10.3880634633274,1,11.99139183429,1,26.9647479383379,1,26.4282126363273
1,4.16203879134733,1,11.1282005024604,1,10.6490698032589,1,26.7103830868766,1,25.6503489522436
1,6.80588573687637,1,14.9938753911884,1,12.8531875210775,1,26.9806683867909,1,26.9020117049832
1,4.36562506325987,1,10.9337603386614,1,14.9082159620538,1,26.3769534234526,1,26.599280385482
1,5.94805911946451,1,11.0130559183625,1,12.8611961416958,1,27.5673497613755,1,25.8719992338481
1,5.14968926145814,1,13.26081315004,1,13.0433995773896,1,29.7426637761725,1,29.3676189481247
1,3.83835888189301,1,10.2988204551736,1,14.8432506448019,1,25.8193233487229,1,25.3003555899355
1,8.07541226200343,1,12.3565003998084,1,11.5581807989913,1,25.2763311841618,1,26.0261134228361
1,5.2504507967556,1,13.111072189722,1,12.9674352158587,1,30.0663529825422,1,28.6114065140605
0,11.9221147739471,0,14.4929105390106,1,10.2437147390739,1,26.1725704091794,1,25.4836599135841
1,5.64281962453157,1,11.7255203867017,1,10.7423735488726,1,26.156397405032,1,24.8776066534103
1,7.6129815066762,1,14.0414017672717,1,12.6733376059879,1,33.9360020059765,1,29.3916683056884
1,9.13681408313762,1,15.0381797282493,1,10.2918068568764,1,26.7197760647952,1,25.4508896242374
1,5.48769770703388,1,11.3771841438456,1,12.8483018575082,1,26.07787823577,1,26.2927108708716
1,8.64409900624481,1,13.0973658693982,1,11.2229694948251,1,26.8500085682439,1,26.1602897559992
1,4.31296635996917,1,11.2555899239758,1,10.8702451718502,1,25.1167811216695,1,24.586167219385
1,4.77721144804157,1,10.6270617818247,1,11.1828040503634,1,26.0881724947607,1,25.699516065899
1,4.85264897298747,1,12.0556379067481,1,19.4326459646884,1,30.6092318153974,1,29.8469446855121
1,7.04601910880547,1,15.2211658532291,1,11.0303518403908,1,28.5863560243059,1,25.7070575814112
1,6.31335541614007,1,13.1000909889343,1,11.1365141754023,1,25.1545173985959,1,25.5715391109228
1,10.1068932812002,1,16.7985213905736,1,17.2892031857616,1,27.4219769388603,1,26.4638687292008
0,7.06492507192495,1,15.601419671631,1,12.1367320538894,1,27.7271297752732,1,26.8000856346621
0,7.30153156100985,1,14.5160787233344,1,12.4733033611823,0,28.7379244522419,1,27.7841938798751
0,4.42044123710043,1,12.194441606788,1,12.6500007665633,1,27.6580935798534,1,27.0620694496587
1,6.73367657187994,1,11.9174904528691,1,10.6303047502027,1,26.1260847006017,1,25.5480078311436
0,9.90772046296053,1,17.7159634354187,1,10.5146870625476,1,26.9470555885875,1,26.0114696331582
1,6.7020809595741,1,13.9559674705611,1,12.3020709818013,1,27.7697228053347,1,27.2967730742006
1,7.082897980228,1,17.8059333371558,1,15.9011269375643,1,28.7119359364137,1,28.6632831523639
1,5.07328964681842,1,10.9614905294856,1,11.6475245411608,1,25.9256172354758,1,26.0829568761426
1,5.7834251164825,1,12.6386758219775,1,13.7490449173473,1,26.4758593471789,1,25.9745201298326
1,7.18134884996701,1,16.1452327497197,1,10.8107319137914,1,28.1320877897774,1,26.3966879052579
1,12.246310829771,1,16.4954698937621,1,14.2316754477276,1,29.7260141401536,1,27.5004170361657
1,4.16595475471783,1,10.7930953367427,1,12.7737936285106,1,31.1263510668073,1,25.1591414191528
1,5.32654647024006,1,13.6194875582809,1,12.7274741956143,1,25.3256675619574,1,25.4356380937066
1,6.94943896383158,1,14.578749681589,1,11.5477924854818,1,29.8075738266682,1,25.7504528758569
1,11.5798123684844,1,24.2235386738852,1,17.0093547993729,1,26.2162508638745,1,25.732282062669
1,10.7732939353081,1,15.3960767598913,1,14.8761516073403,1,26.4153407620829,1,26.7095161084355
1,4.38496720431374,1,11.1022281499119,1,12.7073466583828,1,26.8932086068364,1,26.7439698669296
1,9.19057099970314,1,14.1717635452453,1,12.3452078446863,1,27.3955384652799,1,26.9351463201441
1,6.70299767521429,1,12.6036865705445,1,11.2505557837314,1,26.9981416387566,1,26.6981841717003
1,6.48616237781686,0,13.5744809904435,1,11.7501062646996,1,27.2593539690912,1,27.127353712318
1,7.99725656786816,1,16.8093379356506,1,12.0176754351149,1,28.389134382071,1,27.8365530843476
1,8.11840195213238,1,15.6795865415971,1,12.1581492460451,1,27.375548143184,1,26.907521352272
1,4.91393976958078,1,12.2902221843019,1,11.318579354519,1,26.0738129046758,1,25.0554887263758
1,6.77879132352499,1,16.4560126634995,1,11.9764008572608,1,25.7244633364579,1,25.5873942018328
1,6.56307066829011,1,12.5856574231533,1,13.1966301963122,1,27.7633710607375,1,25.0626198925137
1,6.28733237362122,1,11.3261135082784,1,12.4342073711624,1,25.7845586354488,1,25.0027376199576
1,5.23646554104183,1,10.3107202554129,1,11.6845126244055,1,24.0961867015835,1,24.4775288850596
1,9.25660628831824,1,17.6577354679617,1,13.9258372749122,1,26.4938924894595,1,25.1919308352603
0,10.1460688354744,1,22.0423097228178,1,16.4615539838294,1,25.8908829327375,1,24.1764314991952
1,8.08718195495722,1,17.3850278244422,1,15.3712662045965,1,28.9593163702427,1,27.8546277310946
1,8.09661133696071,1,13.4180063022676,0,10.7821334573061,1,27.5689774104521,1,27.6087939565516
1,6.90078103535209,1,12.604769505553,1,9.83876442069903,1,28.1986703282579,1,26.8730553756419
1,7.58090370818708,1,13.2176686272558,1,11.4912901596754,1,26.8422923696448,1,26.3594054359831
1,5.97154883767857,1,12.5557934957482,1,9.53982358078258,1,25.7972652297008,1,26.255138484402
1,7.44757255239509,1,13.2151805226059,1,12.3141497018278,1,29.1065718081662,1,27.5290844309265
1,3.64084619951861,1,9.74144884195243,0,9.30714329578115,1,26.6888415612281,1,25.5950542905264
1,5.0088456916137,1,13.1924851046153,1,14.8806163226396,1,26.6371225399731,1,26.7571817432555
1,7.80413858801891,1,12.4833654963827,1,17.1288787076441,1,25.4885694824812,1,25.7746182643435
1,10.3813007733339,1,18.9053252055516,1,12.4834287466813,1,26.1864447106377,1,25.4650548357104
1,7.03317346126152,1,14.2245058972985,1,10.5697461011691,1,26.5729195684052,1,26.8136513261775
1,4.42156375070644,1,11.4927637352836,1,12.3536385943551,1,27.2882985278863,1,27.0492118940806
1,4.78716099898611,1,11.7186391949449,1,11.8025304973358,1,25.4663767626364,1,24.9705707223604
1,9.57468455201731,1,18.3704227843171,1,13.5757344074748,1,27.0106372616774,1,25.5345425413201
1,9.43356474080943,1,15.7726756816774,1,12.1100924971532,1,26.0248935824534,1,26.5064832306817
1,7.25728730732076,0,14.1310710549462,1,11.8572910811012,1,27.5250328889334,1,26.9173799124344
1,6.89167844902947,1,16.5805096483045,1,11.795004336365,1,26.9293798370273,1,26.4101121891539
1,8.20396207937035,1,13.1655020185917,1,10.2196839408058,1,24.5139979212898,1,23.9131189336638
1,7.89463592448592,1,17.1618100737973,1,9.92987136123079,1,25.6189015123949,1,25.5206888546688
1,12.1923448952519,1,17.6162893383739,1,12.7378242394356,1,26.1879409073091,1,26.5060533761299
1,8.66921236074716,1,16.8717398041081,1,8.84668931738484,1,25.3572142223096,1,24.236547853088
1,5.32793104384268,1,12.2336020838762,1,11.1742802267809,1,27.8099359439329,1,28.0361557302784
1,8.37094095660021,1,12.2598867615254,1,11.8015832376876,1,26.7832613081034,1,25.281947944895
1,5.89596399036955,1,10.7435283210952,1,11.2151336072102,1,25.5283304831817,1,24.8164606967082
1,10.7378322977066,1,16.8934908743651,1,11.5555908627523,1,28.7486745216905,1,27.4113380865381
1,3.89684705641329,1,10.5585100979854,1,10.4593877382472,1,26.4279861086689,1,25.9257126895316
1,8.10798877850444,1,13.5963390422868,1,10.3120303396431,1,27.3595423829011,1,27.180712309304
1,9.05469083480366,1,14.9585110416522,1,10.3956523808953,1,24.6852539770362,1,24.8203265922457
0,10.8594294197555,0,22.4390572607034,0,9.63284418329717,1,26.6280688873309,1,25.7367616179327
1,6.67562540443561,1,14.5632396347078,1,9.51863748012734,1,28.4733863036426,1,27.3996484820795
1,6.25513286903087,1,11.6837399526765,1,11.9274450874899,1,28.1765342275747,1,26.6589936670901
1,8.42895063711189,1,14.3621834375753,1,10.1143580059291,1,26.3609603767444,1,26.8205845244523
1,8.48996241981779,1,13.0612918961819,1,10.2225382836796,1,32.7001034368512,1,30.5327468090045
1,7.24704960817211,1,14.7321546586378,1,14.3009092920667,1,26.4307777663502,1,25.9806101018438
1,8.17922562728071,1,16.9289107853776,1,9.82501687927802,1,27.5026363555516,1,26.3990034122875
1,8.51450165063061,0,12.5853904221319,1,9.62390652620504,1,25.5985422829832,1,25.5503474775027
1,7.69611766299802,1,17.1492421916173,1,12.8727292701943,1,27.2481913555394,1,27.2076846999588
1,5.80167783367936,1,10.9654484447785,1,13.5235646181331,1,27.4427033513179,1,26.0214965679556
1,7.13515077162845,1,13.7438031577237,1,11.8743649097243,1,25.1186976892495,1,24.807167513361
1,7.67056036523137,0,12.9895408796076,1,10.82983790974,1,25.5550235726312,1,24.9337838283295
1,6.20788499808373,1,13.5427373748912,1,12.4547762608897,1,26.3019499206551,1,26.6150611679872
0,3.57760709264101,1,10.3798489509639,1,12.3561346626955,1,27.0407632660612,1,26.1965155809615
1,7.08168064381683,1,11.467354395864,1,11.1674775470476,1,26.5388431716293,1,25.8812629932751
1,8.33856270037955,1,14.3630777513413,1,12.3900423713959,1,27.4120183339998,1,26.7376694753821
1,5.05370719448912,1,13.035545499426,1,11.9833024029271,1,26.6537605907332,1,25.9950850614295
1,10.2910556178701,1,14.1287752290338,1,13.6066511554986,1,25.4959634258515,1,25.5350368466859
0,11.2900894162883,1,25.2105059199667,1,12.2493801706085,1,25.7610681664673,1,26.2485934068051
1,6.41559652488408,1,13.3402242922398,1,11.5913791098645,1,26.9795817533528,1,26.5188406193015
1,5.83047422444314,1,11.4188866285806,1,12.8135613724668,1,25.4419783497556,1,25.3701444204032
1,4.83995189492454,1,10.7455018330414,1,12.1559364849889,1,26.2907019519162,1,26.0614478124455
1,6.15351151197156,1,13.8547386414406,1,12.0664240629126,1,28.8346524961343,1,28.6880501793274
1,5.17606909147673,1,12.3362916405351,1,11.6411102446473,1,27.1777104473282,1,26.757802335419
0,4.83475731088533,1,11.4749171053988,1,10.2338908637606,1,27.4208129720757,1,26.9438857504487
1,8.14603825439752,1,16.4867133346488,1,11.8534269024241,1,26.7873760834802,1,25.9074993066651
0,4.34191620805494,1,10.776588424614,1,9.75076181664722,1,25.8013294377507,1,25.8827281013104
1,5.27190719529111,1,10.8378179968598,1,12.011740639096,1,25.5490999510704,1,24.8239335659473
0,8.35598758962656,1,13.5720027347042,1,12.0425718157714,1,27.038027568716,1,26.8313730798168
1,4.24178881173388,1,11.708353927638,1,15.1314904228655,1,27.6291878266656,1,26.3164361712437
1,7.69268889026173,1,20.2639661741781,1,12.848215054841,1,27.6148955875717,1,25.9653206686656
1,7.71190333511217,1,15.708463245318,1,16.2536335765371,1,28.5058098157386,1,26.8193719100167
1,6.16935010236995,1,11.707113314246,1,11.0782618622789,1,26.9175883608434,1,26.7394402909715
1,7.52375903297797,1,13.3674130175988,1,12.3394137813648,1,26.2046285142506,1,25.5740049895985
1,5.6539289829186,1,11.5761614776774,1,11.490637110911,1,25.8674237570851,1,25.7189491611935
1,5.12500800377919,1,11.3498077571765,1,12.7036165876301,1,27.8251861360232,1,25.5710541627743
1,6.0953031419917,1,11.7434530271697,1,12.8444609332022,1,26.4296182683061,1,26.5116406212203
1,4.08157019056247,1,11.0695636351531,1,12.1364659069377,1,28.2589678485492,1,27.5174456454917
0,3.45130942234009,0,10.2665874073734,0,11.2077411866958,1,26.0363572941753,1,25.2623144840758
1,10.45957881303,1,15.2697225818713,1,10.6778003201789,1,25.951637176432,1,25.8178659016255
0,6.02064750033721,0,11.6134157895738,1,12.2592570302554,1,25.9369882742486,1,26.1899196490545
1,4.66937809945546,1,11.0989837801546,0,13.7044604161814,1,26.3577556607796,1,26.2574807837199
1,9.46868416624514,1,17.9361985986277,1,10.4114020919468,1,26.0755374470336,1,25.4280610370403
1,5.12678755653892,1,13.2014801616768,1,12.8666720026535,1,28.3991408763358,1,28.1430326222819
0,6.60962369221476,1,14.1544611006172,1,12.4971173329009,1,27.3187381642164,1,26.6314342655378
1,9.08083515861749,1,15.3536006502893,1,10.8790690690016,1,27.4576328355249,1,26.4737086716894
1,6.77982816590233,1,12.9569771034411,1,11.7418598947573,1,25.7363909736892,1,24.7882674772268
1,5.40741133128562,1,11.3613522376252,1,10.7632596197599,1,29.0921835099116,1,27.8676062610439
1,9.54881453058066,1,15.6647709425855,1,11.0764802294497,1,26.8861033199976,1,26.8753352774793
1,5.40294431542488,1,11.4384335085375,1,11.2295031809744,1,28.2565220630575,1,27.3683182543948
1,5.02406420999289,1,11.2558830042595,1,13.3379126491343,1,29.1271681706121,1,26.5408996882789
1,6.09172320789113,1,12.8128148502819,1,12.5463705346436,1,27.8791150681298,1,27.2246899502214
1,5.67529593151915,1,12.0730874089891,1,11.4563330702682,1,25.6041231150393,1,25.9575776317664
1,5.61875965659048,1,11.9343189151028,1,11.2197785325488,1,26.562716939405,1,26.611399072941
1,5.16138970870784,1,11.1503275476013,1,11.9209664697535,1,27.4065212284405,1,27.2077306487701
0,7.66225100795109,1,14.6926371408405,1,11.8512484435459,1,25.9409455838675,1,25.296191205024
1,5.47620830429404,1,12.2225645832104,1,12.0353695154574,1,28.1247430141395,1,27.8306734246143
1,9.82689648709648,1,15.6424019237598,1,13.4090274928088,1,28.8209025547228,1,26.7770210971674
1,6.46034152147047,1,13.6049839273626,1,12.7162598525467,1,28.1388578984188,1,28.3938828684992
1,5.02957231084533,1,12.7619975773878,1,12.6347922936967,1,27.8390384094307,1,27.2750178165667
1,8.60719054662395,1,16.874758561318,1,12.5235229846137,1,26.7331552662512,1,26.3512625426831
1,6.21711330663827,1,11.560193390655,1,12.9784460603876,1,27.8767678500913,1,27.0704365153552
1,7.37636355544654,0,16.6154237115631,1,13.4347785358958,1,26.7553388376524,1,26.0933822151424
1,7.06249725097282,0,14.9896656526005,1,14.9186768100614,1,25.8651298742477,1,25.6716495003197
1,5.31805455362835,1,10.9389428234418,1,10.8900600758143,1,26.8068340041596,1,27.1916836196545
1,6.30700816549723,1,12.7753743213734,1,13.2666168841848,1,26.1342794631109,1,24.9569132590874
1,4.70433402798286,1,10.7601164329803,1,11.880760942737,1,28.5677548621724,1,27.1406870942016
1,7.68708530969998,1,17.6445136283793,0,11.4394631054833,1,26.1484445536421,1,25.7376313982709
1,4.45811473427835,1,10.8893553056242,1,10.9906677763237,1,26.480089680122,1,26.2394821296923
1,4.02331733017598,1,9.52810115372956,1,11.0394603788238,1,23.8142494894366,1,23.3275437078202
1,4.3239452909968,1,10.4829580497474,1,12.8504544948831,1,26.5630844753839,1,25.7437755183704
1,5.60238722218967,1,11.2275547052279,1,11.185307192875,1,28.0110797740547,1,26.2560331262465
0,5.59110613879542,1,11.9704907160929,1,13.3292616900165,1,26.1008384516454,1,26.3169810933471
1,3.9812540567515,1,11.9888635981174,1,10.0073764434955,1,26.277241343654,1,25.362026984226
1,9.16834247932377,1,21.1779036334332,1,13.5226304693232,1,27.346601929698,1,27.4374962780888
1,6.58649148747204,1,15.3067849358422,1,10.8969100912704,1,26.8480060803492,1,25.7471699159361
0,5.96477168242088,1,11.6041494039779,1,13.7685407333982,1,25.3342990587758,1,25.3946042047341
1,6.06622988699793,1,12.7652919186536,0,12.0149548801135,1,24.0015862794615,1,23.9626778484909
0,7.16090625018355,1,14.2480237446755,1,11.6177230870465,1,28.4776365068798,1,28.1357450596589
0,5.97957629831009,1,12.1605885236333,1,13.5389485838075,1,26.7361792167799,1,26.0280888160772
1,8.31618228241355,1,14.5540656087675,1,12.0521657424513,1,26.8055259196442,1,25.968946965202
0,11.3882470181216,0,18.4143860032958,1,12.3353521627859,1,26.8258641320326,1,26.4797163710579
1,4.58380256275001,1,10.7294865319865,1,13.6496797600354,1,26.1128463810629,1,25.6439123260928
0,10.0315305176989,0,15.2696753408686,1,15.2962172378191,1,26.6742362043038,1,26.1216620562262
1,7.29327171958385,1,13.5220724547845,1,11.825690344586,1,26.6391991506912,1,26.7450384119063
1,7.70987064802287,1,13.7472611685964,1,10.9558803654154,1,26.0879044983216,1,25.7611359267881
1,7.03858983794788,1,12.5698816350381,1,13.6118284476905,1,26.5228148325054,1,26.4293018473055
1,7.63417758751816,1,15.7427824492874,1,12.1527915926337,1,26.9196075488678,1,26.6268013520235
1,7.18489440330879,1,13.4440727348362,1,12.6625765174959,1,27.9128531052233,1,27.5863107886868
1,11.3960357741581,1,15.8927232182369,1,10.430998082221,1,27.4498595814885,1,27.2903131253643
1,7.78714783542859,1,13.4208848416837,1,11.1737203649692,1,27.6556252850207,1,27.1545185172586
1,5.22898651275318,1,12.6379007935791,1,11.2768504568987,1,28.2737849144712,1,27.9462574685193
1,7.67283865569382,1,15.3841306676383,1,12.1199452213829,1,27.3659936955756,1,27.3450768668762
0,7.0976232511893,0,14.3772020409287,1,13.95098845994,0,25.2051951067707,1,24.9872114116207
1,5.47903095365108,1,12.5139561380643,1,13.0276159664478,1,27.2087660595139,1,26.9962777082412
1,3.86479547260842,1,10.7280538328168,1,11.2865407540486,1,26.74705868996,1,25.8311382379656
0,4.86186578742127,0,11.5294342459451,1,13.6799956534694,1,28.2575140221978,1,25.8168743064968
1,5.86986778909305,1,10.3907642294883,1,13.0603771077137,1,26.6085301427126,1,26.0880883474003
1,4.18656185018139,1,10.6040357569085,1,11.369395677094,1,28.2626882449253,1,26.4769259851583
1,6.75638106432512,1,11.6824762971722,1,20.3606401195553,1,26.3717229343077,1,25.2636774640102
1,9.5217149540561,1,14.0067267706874,1,14.3579425002971,1,27.1586358017028,1,26.0218469187573
1,9.60835641889618,1,13.5177204583923,1,13.4445421452308,1,27.1683150489,1,26.6526337685197
1,4.38097052978183,1,10.2173241969282,1,14.0570210799932,1,26.6616163246439,1,26.1092533181251
1,3.78168849869013,1,10.3904520152857,1,12.1238869356972,1,25.2803340410681,1,25.0319666504905
1,8.20086205472577,1,15.2880625294873,1,12.8040741072833,1,25.1629945639947,1,25.0460321977668
1,4.61433939902308,1,11.0284967511168,1,9.89153713836661,1,27.4469290337107,1,26.5322233945238
1,13.4783330726468,1,18.5732301616254,1,10.4837937603523,1,26.2221446717567,1,25.4076396990046
1,4.68381066699549,1,10.5918281574713,1,9.73693639603499,1,25.5831773207502,1,25.4996556255504
1,7.50467133782913,1,13.1601633630758,1,11.7695151286749,1,24.0683142595174,1,23.9985196716593
1,6.78541684675071,1,13.615905336788,1,11.6265730850862,1,26.4745300306128,1,26.1376755467763
1,8.85017736171269,1,16.5832347497725,1,9.1469254905279,1,27.1601807150257,1,25.6527380502822
1,8.966075301814,1,16.3104379335745,1,9.19260714546881,1,26.4398777962119,1,25.6329058147063
1,6.13658755557117,1,14.1220586674239,1,10.6512968342966,1,27.5185274602621,1,26.6285041625025
1,8.52346788534993,1,12.6408888554457,1,12.4589582779052,1,30.4606546381967,1,28.7978062320268
1,6.27883391831122,1,11.5090515515014,1,10.5392893525322,1,25.5050670160752,1,24.4895567357131
1,4.35401135130226,1,10.8500595076876,1,11.4983894263404,1,26.8781934986761,1,25.6222770430075
1,8.54588282397139,0,14.8890093035705,1,11.6543455543233,1,29.0552601056097,1,28.4152012370556
1,6.55326427205041,1,12.306252235716,1,11.8398406405933,1,26.3794707134155,1,26.0001576711088
1,4.72140006327506,1,11.7577123754669,1,13.4501195783458,1,26.0785511849366,1,25.368964557043
1,6.81685948719325,1,12.4378938828294,1,10.8366738251355,1,27.1279686395498,1,26.8169431170836
1,5.45093304934478,1,12.7729378826556,1,10.6733703559976,1,27.8066612997803,1,27.7404276479168
1,5.39429100639433,1,12.0055150845204,1,12.5341929735196,1,27.8616211752893,1,26.6811510603611
1,8.56166723673665,1,17.0289524582385,0,11.8616568913475,1,25.4128257538998,1,25.9533850403225
1,4.62669478908878,1,11.320267895555,1,9.61237232485313,1,25.0953484031623,1,24.9975105184996
1,6.18241230769877,1,12.940629847411,1,12.0914541141303,1,27.3907214754263,1,27.1569211662014
1,6.02290909336459,1,12.2266459876056,1,11.1897896848463,1,25.5596351899867,1,24.3953414932539
1,6.60171665948697,1,13.3955963641744,1,11.6686490298834,1,25.6985032252632,1,25.2373318916268
1,6.47848015934905,1,14.5560427759233,1,12.2597764899088,1,27.1535478581171,1,26.3567581366553
1,7.24599647891326,1,12.1990207997398,1,11.5568575713667,1,26.1828523679395,1,25.1160784812041
1,5.56252416575519,1,11.3135008809019,1,11.5387500603715,1,27.6220408309584,1,27.1558253183059
1,9.2075291231693,1,18.2156187624304,1,11.350351974084,1,27.7489993150484,1,26.6351500390361
1,5.84864581044841,1,17.4052769265575,1,11.3348458535036,1,26.8013391351759,1,25.8423939585896
1,5.0160616843588,1,11.7883122764081,1,16.9547052034399,1,25.3309732067776,1,24.5831028132876
1,8.38187934163351,1,16.1214314698417,1,11.4924711592274,1,26.3833606739248,1,25.7644063527671
1,9.58736741311165,1,14.5762572659368,1,11.5746604120563,1,28.0294146607133,1,26.9118434421141
1,4.47008079792944,1,11.4098578023973,0,11.7959580744699,1,29.1027660394417,1,28.4797798098972
1,6.89755903718667,1,12.3477732662339,1,10.3240999255699,1,27.4302978005475,1,27.2757183488936
1,4.21131528982118,1,10.8990294309701,1,9.56389053888137,1,27.2311491171811,1,25.4476706305051
1,7.54745512846043,1,14.7186763989827,1,11.3961597123012,1,29.0483816732787,1,28.2844270371102
0,6.94962127738871,0,16.4071453386045,1,12.5308247945193,1,26.6451447420501,1,26.0077035224496
1,5.28535540409429,1,12.6420656161126,1,14.231088739225,1,27.1958226690595,1,25.6988580007906
1,5.8396363145194,1,12.4925193819503,1,11.9761527178409,1,28.2548780024959,1,28.2774987327649
1,6.28130337132534,1,14.0255444988545,1,14.2159950697383,1,25.6908237139774,1,25.5396019312487
1,4.66163115287169,1,11.0298966822423,1,11.0481051294714,1,25.9789914006972,1,25.6902283163215
1,4.49571171038925,1,10.2057674005109,1,13.1189343812923,1,25.6461408181316,1,26.1063809782811
1,8.56941835475303,1,15.9796763550238,1,11.8020172942216,1,25.8409666896692,1,25.2346781824234
1,5.62969020304942,1,12.9020606143117,1,12.7760268909198,1,25.0522186610093,1,24.5253206271414
1,5.45344196752438,1,12.8001409290162,1,13.26445652926,1,26.5400886679839,1,25.1614003254738
1,7.39736076669872,1,16.1670565165594,1,11.8500305879104,1,26.0767071798308,1,25.4284828214387
1,5.41984838193279,1,11.2615919200856,1,12.9061354118309,1,25.0075247228413,1,25.1297933777815
1,5.29164594482676,1,11.5294881368941,1,9.69991014712553,1,27.0572282040166,1,25.8408631223227
1,10.870030319105,1,19.2767608181507,1,9.26947885441584,1,26.1009255272245,1,25.3968800533182
1,5.66466424945857,1,12.9908150090027,1,10.1991920998298,1,27.5098909887892,1,26.8775389267071
1,8.69224467844684,1,13.8806237397661,1,8.97401601764378,1,24.1169399340459,1,23.4674279946437
1,8.57262166519452,1,17.7983199870358,1,11.1615888959532,1,26.1359951884692,1,25.5207677412367
1,4.9773409312404,1,10.7399545220099,1,10.626634273239,1,27.0204825529629,1,26.23117203691
1,8.70086683680299,1,12.8250133764064,1,10.7353793121906,1,24.7527259941135,1,24.1274150216588
1,6.96102235188711,1,11.5662455364375,1,11.6851644467502,1,26.6376693678463,1,26.3755452900274
1,9.53274926264271,1,18.2515160433969,1,12.3101667550379,1,29.7011329218089,1,27.2333880813858
1,5.17449415875282,1,11.3946709116131,1,11.5129576337352,1,25.6019992964373,1,25.6883354543892
1,8.32857398296968,1,14.6914323133303,1,13.1644362049823,1,26.1247810796486,1,26.7306915719264
1,4.04830673816355,1,10.2067279205816,1,12.5321864373984,1,26.7431744630268,1,25.9246143862008
1,5.67675376842818,1,12.3695380845887,1,12.801610095346,1,28.452520206939,1,27.0214689992345
1,6.84626919747155,1,16.0656753234809,1,12.5456286879113,1,26.9979964860629,1,26.616496419182
1,4.9658694279698,1,11.0073368849083,1,11.9909947832568,1,27.7809306569769,1,26.4203290362435
1,7.44459370595581,1,13.2555080415165,1,10.956443511326,1,26.8671555524371,1,26.4105042360104
1,8.87421958482053,1,15.6174634384602,1,12.328465668565,1,25.6660291605142,1,25.3309650837198
1,4.18905036227729,1,11.1120626004265,1,14.4953467597354,1,28.3828461113171,1,27.9062627566161
1,7.36577793629252,1,15.040208913866,1,11.3693810285354,1,27.8239658227747,1,27.0037047767589
1,5.31074488147857,1,10.984938015722,1,12.6878353598188,1,26.8402338156665,1,26.1379969025789
1,12.8026288124062,1,25.5573372919432,1,11.6658251927013,1,27.5612890522259,1,27.2481310048269
1,9.03621426300666,1,13.7952112006937,1,11.645044254327,1,25.8233810564974,1,26.3338913080038
1,4.20759100706279,1,10.2215519291052,1,11.129988548663,1,26.7975858127282,1,26.7859177407975
1,4.00482357818027,1,10.2192330661942,1,10.4597213392809,1,25.4652128499525,1,24.6232577956959
1,6.13383900972123,1,13.8981797408832,1,12.8164511809526,1,27.1425937101951,1,27.1053873291061
1,8.85479391186776,1,13.5776818923105,0,12.0062673784592,1,26.3593466785246,1,25.5417654191356
1,6.33965262168301,1,12.8784818527815,1,13.1831959381839,1,28.0603815943645,1,29.1979785115605
1,7.21595915903483,1,16.6045976497159,1,11.6107119309151,1,28.4826211265317,1,27.3918374195273
1,5.78336021517595,1,11.4765753922767,1,13.2967421589642,1,27.4859844673908,1,27.2887262450632
1,5.93366661100139,1,11.283360928991,1,10.7615274023025,1,25.5218246407575,1,25.5334421986974
0,8.41512759785635,1,18.6184968910301,1,7.97279761066541,1,25.5673777771233,1,24.7657009438537
1,4.9502457852943,1,11.1855371116494,1,9.2566828059968,1,27.5864902599873,1,25.9620728730394
1,7.03049732570564,1,14.6833286636928,1,8.99402299985412,1,26.8612531996339,1,26.0303105462507
1,4.0828387740336,1,10.792742051525,0,10.5325081913563,1,25.3452485502405,1,24.9916852536813
1,5.70102470626424,1,14.3843652224246,1,13.7893731105334,1,26.7334995122627,1,26.7664456623947
1,5.00796546257433,1,14.102640105088,1,15.503132420911,1,29.5193101528109,1,29.2350731018655
1,4.16259555525873,1,10.5752358728515,1,10.761651645847,1,26.1328462352234,1,25.6479188829342
1,4.76518522497302,1,12.4263023387252,1,11.1179629211558,1,27.1187456938894,1,26.6726518008554
1,6.81487867842409,1,12.3186737784953,1,11.0768920979187,1,28.479216093294,1,27.7934673886321
1,3.99068904587863,1,10.123777764405,1,11.9033996611382,1,25.7807146755272,1,24.2518572660587
1,4.57429846080809,1,10.3721619896822,1,12.2689638025397,1,28.4529535119106,1,26.7678690443516
1,4.39546661162412,1,10.6532322567787,1,12.8375204704838,1,28.1705743580748,1,27.0183302249322
1,8.49395025686469,1,13.276326339852,1,11.9616789455578,1,25.5245497712378,1,24.8594492862835
1,6.76234283835975,1,12.5633275354608,1,14.4629571298527,1,26.2744632847623,1,25.9960936076693
0,7.75348704839648,0,13.3624725112259,1,11.60534462548,1,26.1239487073167,1,26.5849733714724
1,6.00320080404909,1,11.5529402875435,1,11.7305760506256,1,26.7018042026068,1,26.3846478724668
1,6.49695551366885,1,12.4698307330691,1,11.6154577846859,1,27.6141735791711,1,27.4870976687336
1,10.3169666139288,1,22.1360693468431,1,11.8889806066776,1,27.9791056770969,1,26.869106880958
1,6.1774168480416,1,14.0972916460505,0,13.0375429227523,1,26.5807554335595,1,26.2221064711437
1,6.1296636605497,1,11.9354740882196,1,12.6198458310678,1,31.3267794199609,1,30.1499583838795
1,8.56548760824336,1,14.6029005905315,1,14.7987353285654,1,29.5119045089426,1,27.7157032544914
1,6.35146256860954,1,16.0624846564162,1,11.5705782815534,1,28.1547224360734,1,27.1202792579703
1,7.40101867186966,1,13.6028775460036,1,10.8318183715137,1,25.6231072413391,1,25.8176825966658
1,6.17557008345848,1,13.3444706859928,1,12.0334846645096,1,25.8226081289049,1,25.6783463766198
1,6.68784151261438,1,12.4500153471703,1,12.3226331856604,1,27.4387406348603,1,26.7433927716564
0,5.57505620378562,1,13.7793011644915,1,10.303378180303,1,26.4199208320122,1,25.7710572913314
1,5.2903837511272,1,12.5210379807762,1,12.932258582208,1,28.2400037580969,1,27.6981117626068
1,4.04710277338573,1,10.6781984834131,1,12.1641322568578,1,27.3288340029359,1,26.3444925523237
0,7.20380708035764,0,17.3753273606849,1,12.5011611186674,1,27.2195654211649,1,26.6035488007601
1,11.9338385962119,1,18.1837935723461,1,11.9659538871141,1,28.48553162013,1,27.9650793557353
1,8.18648168974973,1,12.842603168476,1,12.6996583167328,1,24.5189020947581,1,23.7547023810898
1,5.1246760302071,1,12.4810874412607,1,12.4133575759718,1,28.9391601562424,1,28.1055263914868
1,5.77320425790017,1,13.8187656298415,0,10.6115377008667,1,27.9377800333136,1,27.2933026966597
1,5.45820283409422,1,11.5586838429471,1,12.99955190309,1,28.5309508704326,1,26.968604975656
1,6.7591689855019,1,14.9166208357398,1,12.6013031047557,1,25.3043600111077,1,24.7208584839342
1,4.99418359684927,1,11.8301297489886,1,12.8625668313654,1,27.7854205337394,1,25.7467380942939
1,9.1300678630253,1,17.0960152951873,1,11.4306398005011,1,26.5524803424505,1,25.084066376323
1,3.64247685130545,1,10.3894100139864,1,12.4096301000022,1,26.5833299613412,1,26.4095194730032
1,5.85723785723839,1,12.2743077604658,1,12.1286989431338,1,26.9586410485166,1,26.5771919466164
1,4.59209134039025,1,12.3294588221365,1,10.6561942153962,1,27.1405656629636,1,26.4348162717413
1,7.71556135199828,1,14.8373946855581,1,12.1928717205941,1,26.6960406314091,1,26.2250444953175
1,5.40486441371183,1,11.6488121501799,1,13.5182590383556,1,25.8439247736385,1,25.7449037344436
0,5.17654649175816,1,10.6477455836939,1,10.145731212157,1,26.5901542418092,1,25.2454341141535
1,5.38343142529125,1,11.0028203190604,1,10.4309040892991,1,23.4316928746898,1,23.6009427117364
1,5.63955712080833,1,13.7424393489787,1,12.8607600625015,1,24.956415497439,1,24.3822073265598
1,7.37950390289587,1,13.1933104965306,1,11.1593659736937,1,25.3475362672662,1,24.8161395423613
0,10.0996263725576,0,20.1690020011212,1,10.8040481747487,1,25.7130975817801,1,25.0681841891626
1,7.70537683732179,1,14.7636315003097,1,13.4109367334388,1,28.619743353576,1,27.4080689597937
1,10.1304480413361,1,14.8975559330013,1,15.2694991876149,1,26.6807609065543,1,26.2846188240027
1,3.792601287207,1,10.4137278341402,1,12.3535316992682,1,26.4734583398626,1,26.5258923936094
0,10.0661831168246,1,23.6041869655176,1,13.1216198785003,1,28.6773584286713,1,28.6410603394221
1,5.46270143867033,1,11.6458763243582,1,14.5090982872372,1,29.2344218965746,1,27.1810648573826
0,7.96633938171632,0,18.9619808990786,1,12.0790841596637,1,26.9492947262426,1,25.825564547048
1,8.50691375304353,1,14.4288587788775,1,10.6274885790365,1,27.0431530730594,1,25.2862035211411
1,5.15317695472901,1,11.8400487673912,0,12.0902986976323,1,27.586645691314,1,26.9173854900443
1,6.78721478469491,1,11.1599686898607,1,12.0037035673815,1,25.2089720223654,1,24.7958049030352
1,6.91569635469171,1,12.7763069887155,1,12.5175003837559,1,29.5068024636525,1,28.379555235687
1,5.93768130827599,1,11.3565411653229,0,13.9044241365033,1,27.0535165320607,1,26.0634075213736
1,6.02080940063994,1,10.937147298173,1,12.452399805931,1,25.4933197889334,1,24.9947303318755
1,4.82309673658215,1,11.5986222677893,1,13.253556981733,1,27.3523068370863,1,27.1202636081925
1,5.32972091511124,1,11.6352213834475,1,13.1497462355615,1,28.0990093328311,1,25.8463842549736
1,8.85823173437223,1,14.2398930195644,1,13.5142206076379,1,26.7228021059703,1,26.1475997861381
1,3.79905225300555,1,10.1898289955606,1,14.3407858757261,1,27.516757706372,1,27.5573094262566
1,5.0824441435025,1,10.605609104328,1,13.6121622515181,1,27.3192788798333,1,26.6696411406068
1,10.9441629591985,0,18.5935540755716,1,10.6035027392272,1,27.7559465524471,1,26.3420640232898
1,10.0823690202179,1,19.1260449542577,1,11.078508867101,1,27.1580300712394,1,26.0978061634898
0,4.78215868414745,0,12.4801291806865,1,10.4048046733653,1,26.345617734612,1,26.013764595427
1,4.88244082711909,1,11.7065495794384,1,14.3408696718279,1,27.0907202147284,1,26.6252774234994
1,5.11054422867442,1,11.8147159419942,1,9.95234300207254,1,26.4603646199909,1,25.7821743412322
1,8.45522110186559,1,12.1283645865359,0,10.7193788412265,1,26.3045688580342,1,25.3455313149461
1,9.14024916408203,1,14.4350441244227,0,10.909293880299,1,26.4843652764872,1,26.5070551097898
1,7.63122701430562,1,19.0260002255362,1,13.4330715782487,1,27.018765962527,1,26.1043087215928
1,9.87338908572059,1,18.1196308021205,1,13.2033818308014,1,27.8401418797307,1,26.8550687192894
1,5.10536616615333,1,11.9836982573385,1,11.0459381143392,1,26.7949608871619,1,26.3417815627833
1,5.38895828674021,1,10.9662086627225,1,10.7910649758331,1,26.6322063504056,1,26.0987049030367
1,10.2054949081364,1,20.3033110252868,1,11.0768125261314,1,28.4955593848899,1,26.9534123954771
1,4.25764025274948,1,11.2933399089569,1,13.4804568385616,1,26.6249283326849,1,25.5755747382274
1,7.9362538644188,1,15.7912048657463,1,13.7744120419611,1,26.5598692255862,1,26.1009627196277
1,4.56910693986124,1,10.4225636825534,1,11.3676575562681,1,26.4199011544358,1,25.8653902237049
0,8.75872238744277,1,13.9304511476503,1,18.6501976576814,1,28.4002005782169,1,28.1930940289032
1,4.95943249861093,1,11.2528558393293,1,15.3059582775886,1,26.8047325430307,1,26.4866500073165
1,8.47026528735408,1,15.2721322224841,1,16.2103696326876,1,26.3812111535366,1,25.9613567486476
1,6.3125430092187,1,13.10938436741,1,13.9068712417374,1,26.5189723973412,1,26.2092232081269
1,4.59247968381576,1,10.96420600632,1,13.6828870292755,1,26.8904568307703,1,26.96982786646
1,5.98978257855422,1,12.1014782652817,1,11.0776452405155,1,27.4801034261647,1,27.0242120827742
1,3.47286713439732,1,10.4699824803768,1,10.0504263722724,1,25.6695130452871,1,25.9492630984496
1,7.25155683490079,1,13.5454728542693,1,9.79284812354171,1,25.965546803665,1,24.5287396436247
1,6.20529600673971,1,14.8642733441619,1,11.907562843767,1,27.4873035794835,1,27.3752092323652
1,5.85875936910888,1,10.9808618395133,1,11.6002833600025,1,26.1916383114335,1,25.4102106832375
1,7.01844559655909,1,11.8429937833433,1,11.0440691234,1,25.7097700195474,1,25.3750341158674
1,6.97850112082784,1,13.6649228761754,1,13.4506448135523,1,27.6167660738589,1,27.2019019904498
0,5.29094203526192,1,13.9562420179181,1,12.4329186508518,1,29.7363439162288,1,28.3312306748606
1,4.48549724292313,1,10.5361923840008,1,13.8696559370631,1,26.9009008967066,1,26.1216058556257
1,4.36893982453085,1,12.7380871945059,1,11.3753068861705,1,25.7028590826846,1,25.5532865171025
1,4.86576143627593,1,11.4221251263242,1,11.7076632235502,1,27.3138636372236,1,25.9081982979029
0,6.29019649538861,1,12.3461890289321,1,13.4440034865375,1,27.2465281058037,1,26.5255047221902
1,10.447434334216,1,19.6184247362221,1,11.1278754121454,1,25.7943699511463,1,26.0453496532054
1,10.1289224923119,1,13.6517993098053,1,11.5172760751883,1,24.4444085083383,1,24.9560983774837
0,9.64593866258554,1,15.6814730049413,1,12.5103338217999,1,28.1389587013988,1,27.6873238482962
1,5.24564035751135,1,12.048249782649,0,13.2592426847211,1,29.3895342205999,1,28.944802877765
1,9.28052007954875,1,17.3245069119205,1,11.2030394090823,1,28.5026375116391,1,25.6072354677801
0,4.96194683237754,1,11.5726932034807,1,11.2869269083321,1,27.0660044729227,1,25.691120679864
0,5.61507249209054,1,11.6067383809731,0,13.0503502256709,1,28.1414602987478,1,27.9542291004581
0,9.08859521907988,1,13.6743888916582,1,11.4894863399372,1,27.2644574810299,1,26.2725381472687
1,5.31458301192743,1,12.6965440418889,1,12.4157462418651,0,27.4099717860417,1,26.0493659278962
1,7.40733143474835,1,12.0338103393087,1,12.8438606331257,1,23.6269524939059,1,24.2868502540424
1,4.16633475761665,1,10.5882571767427,1,12.938626242718,1,27.4662639719222,1,26.5484611434915
1,5.07808553951787,1,12.5280270282648,1,12.9582914641977,1,26.0191808290164,1,25.8758926925301
1,7.85178215605923,0,14.1406963745755,1,14.3082713655662,1,27.9484526829884,1,26.4613086074914
1,8.86147503646748,1,18.3926539363919,1,10.9718640479836,1,28.2454142179092,1,26.8168884613301
1,6.35207632830048,1,14.3595372971134,1,12.2230702274355,1,26.9940086702781,1,25.9981802346712
1,8.51021095746523,1,17.4008593783029,1,12.8673891512022,1,27.2226086632374,1,27.8667651343636
1,5.2750597391036,1,11.5763280467285,1,10.9670235209772,1,24.2244445845355,1,24.5137295360074
1,4.95644553187822,1,13.0053353239948,1,11.1736555469612,1,28.2514547373591,1,26.9586404182982
1,7.86141922372425,1,14.2355994788843,1,11.9978594682412,1,26.3388310576734,1,25.9196589613957
1,7.80854093125266,1,11.831424011884,1,11.2962519515381,1,25.0985668026154,1,24.5319419111653
1,5.18418990850573,1,12.8638533999124,1,11.6154014281021,1,28.397642679883,1,27.4623546390118
1,5.35366667519114,1,11.9915528189801,1,10.980455035794,1,27.952699813384,1,27.4010517213135
1,8.10269833576665,1,15.976365340936,1,11.3303109334186,1,27.8342409680026,1,25.8528197008057
1,8.56221388130968,1,15.7550833225135,1,11.0371353902647,1,27.2148598239915,1,26.4498362104826
1,5.56596798807715,1,11.3524313656277,1,12.5333119195137,1,27.3815801532446,1,26.3522336258622
1,10.3316941191522,1,14.8302629822924,1,11.3180328515191,1,26.6698929458383,1,26.3950103963572
1,4.02886699220369,1,11.5395431087138,1,12.2395768460001,1,26.7126352012299,1,26.2961837031761
1,4.43375796972782,1,10.8582309026638,1,11.9084743569989,1,27.182266776871,1,27.2541767993674
1,6.76700899308457,1,12.5299919488491,1,12.0060944208425,1,27.8005200733571,1,26.8764143682656
1,5.89800822291524,1,14.0317937995229,1,11.4453405942181,1,26.2954240979006,1,25.5963797341213
1,6.39010269243286,1,13.4735534193896,1,10.8443333498059,1,28.071327035647,1,27.1314315728901
1,6.7051990961916,1,12.9470357689841,1,10.909387490143,1,28.3940045547509,1,27.4974137250725
1,4.97600906215369,1,12.6552027005904,1,10.8223843520836,1,25.5113295600144,1,25.0919582292995
1,4.65563624837249,1,12.1023913899495,1,11.6766832332894,1,26.4765573472318,1,25.3742005577055
1,6.40644453761121,1,11.9260511799174,1,11.0521390320134,1,26.0421966918091,1,25.1359139999916
1,9.59762209399657,1,18.4444689903245,1,13.4316699000523,1,27.2099349617126,1,26.4302923058114
1,8.81786933389065,1,16.5998843888875,1,12.5241475193363,1,26.0347344668748,1,24.8863542314187
1,12.2357722276724,1,14.6841987985109,1,11.8260670895959,1,26.166904324185,1,26.2649232887891
1,7.86273334927846,1,11.6867026723777,1,11.4479943042939,1,27.2987340369432,1,25.9735132648214
1,5.75557856896864,1,11.1318789801475,1,10.8501970086797,1,27.28313235791,1,26.6930795105722
1,6.55825815409998,1,14.7730991051548,1,10.0318425979481,1,26.2407850709715,1,25.0583311889206
0,11.3197629294362,1,20.4996839343015,1,11.2700207660011,1,27.1385792059533,1,27.6461709152707
1,4.68542055180615,1,12.8269656310933,1,10.5080691833983,1,26.0830077442798,1,25.0359885472651
0,5.85713795877684,0,11.8089225250284,1,9.40733894665472,1,23.6177191258546,1,23.8852523795508
1,8.46726939805315,1,14.0883916771272,1,10.6558762466049,1,27.6884219844954,1,27.8340009643337
1,5.08192918429367,1,12.9611212623995,1,10.0790229572333,1,26.4690486321634,1,26.2455623774057
1,7.04429981243989,1,12.9785018091098,1,11.0989790475344,1,26.0941588958543,1,26.4010275619877
0,6.7264463893565,1,14.4844124321849,1,11.8085953068783,1,28.8912804898853,1,28.1060816772424
1,4.6205201479226,1,12.8554053318956,1,13.2116104697822,1,27.7818044649579,1,26.5569768565427
1,5.51273428301675,1,12.9152775176424,1,11.0397018284842,1,25.4869142329166,1,24.7880704235357
1,10.0691315981906,1,22.5020410530351,1,11.3437140051911,1,27.23623424826,1,26.374891263023
1,6.66274752183506,1,15.2303124553334,1,13.4935333479487,1,27.7592823649241,1,28.1756999083631
1,5.53204044598349,1,11.7167173009728,1,11.9954661886044,1,25.0204490062291,1,25.4417279865363
1,7.26688542406188,1,15.7840281903935,1,12.9705126674781,1,29.4557599775061,1,27.831813674179
1,6.92765480467643,1,14.3908694830092,1,10.8751824063302,1,25.4920284045845,1,25.2875069730238
1,4.58332716026143,1,11.6416714949552,1,12.1187329770543,1,27.4467815370167,1,26.37914240293
1,7.72791729053259,1,13.5374644597427,1,10.594413492815,1,26.7243885342454,1,26.4476138142677
0,8.3353508734473,0,15.9438172912898,1,12.321799173869,1,28.1803521100497,1,27.2736549912981
1,6.50765249763614,1,14.3645128904356,1,13.1121988459019,1,28.567905332677,1,26.6776711676327
1,4.77878376845069,1,11.5245037465976,1,13.3163821374976,1,28.2384388190991,1,27.642873133086
1,10.3158936373192,1,20.2793545067162,1,13.1097559594842,1,26.2756005144289,1,25.5740981713317
0,5.09907872136875,1,10.5121038425579,1,13.308165927424,1,27.3206594804996,1,26.8854678680102
1,5.23352798964483,1,10.0134258579976,1,11.5894969442406,1,24.5179789862228,1,24.9344853076593
1,6.61742317783223,1,16.1488608564456,1,9.75797577036362,1,26.4527256058073,1,26.5023671502518
1,6.54802404866116,1,12.0663440824841,1,8.2403073797816,1,26.2990206879855,1,25.5180516603418
1,8.16539109105022,1,19.3045625139455,1,10.5567532985305,1,25.9764118821672,1,25.0866441003949
1,6.45674560936681,1,14.2345623192454,1,9.68735678228343,1,28.779668833343,1,27.5355200277007
1,4.93063659974427,1,11.2581550212633,1,9.40505251035001,1,28.1483399977491,1,26.3834194815703
1,7.93925521126748,1,13.1426997562696,1,19.1342201838984,1,27.7448910526596,1,27.7539821586623
0,8.59389519858536,0,14.597461002711,1,13.0602156459058,1,27.3134124058123,1,25.9407444748641
1,6.55672394425289,1,13.2431337188747,1,14.1171319493813,1,30.1066209120858,1,28.120573247323
1,5.49459585709236,1,11.4619643937238,1,10.4066146325398,1,25.6100304438231,1,25.5457270443185
1,5.55003555658134,1,12.6551649440193,1,12.9356512685248,1,27.869177814943,1,26.5846765737399
1,6.19284311477524,1,11.8717539508753,0,11.9714643277029,1,27.2260268368136,1,26.2596245235938
1,6.39299517022735,1,14.0151275308622,1,11.6780935221308,1,26.3016459444468,1,25.6021474918676
1,4.66454140004858,1,11.2213355322031,1,11.8204433749964,1,29.579800879746,1,26.8022056333553
1,9.81000524892892,1,20.3327732380914,1,12.1809261771291,1,26.5263397145018,1,25.8639476421025
1,8.51278591345997,1,18.0151842006642,1,10.9107893285065,1,25.1607940353984,1,24.2505447283335
1,4.96948618489245,1,10.8610318880759,1,13.813361380534,1,26.0775002375894,1,25.5809242280236
1,4.66366351257663,1,11.8275026147812,1,13.3709484610203,1,27.9361852322336,1,26.4339382006022
1,6.56223443763124,1,13.2705283127977,1,20.6104379258027,1,27.74702912901,1,28.0633828171108
0,9.38022345669695,1,21.0405524993198,1,12.6232860157684,1,27.9644053868874,1,27.6141628170203
1,6.11925912778051,1,13.3436877844127,1,13.4080392621958,1,27.3042692889087,1,26.228531093428
1,5.81204801169343,1,13.627949735226,1,10.2408021372674,1,25.4046142962016,1,25.8936458488309
1,9.43080730972387,1,19.8152013604661,1,10.1019251009295,1,27.8348634450056,1,27.6497798026215
1,5.08136098338028,1,11.3356295804668,1,11.6837212678355,1,26.9168586047464,1,25.988696413164
0,4.88565271928706,1,11.3626081412639,1,10.6330054252799,1,28.601807872682,1,27.889383832292
1,10.386651696655,1,17.163599662839,1,11.3368144107694,1,27.0775470758155,1,25.9442515880604
1,4.89804631655595,1,11.4672028322964,1,12.9548958855693,1,27.0674803962234,1,26.4738049017657
1,9.64510555576284,0,15.0512086415996,1,13.9935487473879,1,25.077807269592,1,24.5192889757051
1,9.50784137953281,1,16.8886711418462,1,10.9464416776388,1,26.2667241981567,1,26.0011370717857
1,5.25923419143841,1,13.254775585991,1,13.3786954664921,1,28.2419592366785,1,27.6919897822769
1,4.65498443799887,1,10.5515602689981,1,11.3751343010987,1,25.3196141872332,1,25.2797699071308
1,8.19739339860591,1,16.8232515929415,1,13.5682154788056,1,25.6944417582105,1,25.6639221097566
1,6.22766738130859,1,14.2139377228204,1,16.1055716546679,1,26.3763144952012,1,25.9865823478276
1,10.1667770300928,1,19.7881142844698,1,16.5253474433028,1,27.9172745114773,1,26.5752127061924
1,7.08656051365795,1,11.8168066443793,1,14.8460872749969,1,26.9541075085269,1,25.2062325091974
1,4.87440034960301,1,10.9470574069427,1,14.4121673302393,1,27.2153215135167,1,27.1519370108983
1,9.86068671549043,1,14.9335827284639,1,8.98177268196198,1,25.0326215529015,1,23.7572356021335
1,7.47100184228196,1,16.0708513804718,1,9.7784469240142,1,27.7162761494969,1,26.326675291025
1,4.35103611094459,1,10.7654023811462,1,9.72827608232754,1,26.0602844932061,1,25.8390302415041
1,4.17096428682162,1,10.9624372134452,1,10.2610395214102,1,27.6083144024325,1,26.3556903590088
1,10.3923823157895,0,21.6141437223719,1,11.0833290005403,1,26.8428672440377,1,27.2397511985048
1,9.06184217245717,1,14.3321565493331,1,11.450368391345,0,26.6880110153813,1,25.5032078615603
1,6.74911651163739,1,15.6486622127839,1,12.8079342598776,1,25.3295137657021,1,25.3595828297398
1,6.90126808967963,1,11.9747628058422,1,13.1444714752711,1,26.1004567774309,1,25.3661895794829
0,7.06721810752406,0,12.6183399386454,1,11.5746991727642,1,25.3474742258801,1,24.4474736057214
1,4.94403159321461,0,13.1252369750175,1,13.2438133041262,1,26.2645056963189,1,25.9466749752784
1,6.04471050766228,1,12.0500246460938,1,11.5929228110548,1,26.7801964214967,1,26.7526587198761
1,4.40615642286807,1,11.3502012032797,1,11.2094956873966,1,27.664505394232,1,27.1109219086198
1,6.25979239903622,1,11.7969079745369,1,12.1652829844007,1,26.8022994103921,1,26.5485595686473
1,5.20863391433399,1,11.6018674634638,1,14.1354586712708,1,27.6037476743625,1,27.1573104040872
1,6.98725592727054,1,12.7126684590892,1,11.0932012394378,1,27.6555900628639,1,27.3596107763423
1,5.97980275060016,1,12.3854396925185,1,12.5735306062093,1,25.4349103885037,1,26.5018871911054
1,5.65381844763109,1,11.9919591177491,1,10.0432137621402,1,25.9680256972011,1,24.8728514113435
1,7.88284998397319,1,15.4064090112235,0,9.99502451346499,1,26.62742863768,1,24.499089525589
0,9.63066575553374,1,22.7975721153602,1,10.7226980220878,1,27.1432956549537,1,25.3968749701687
1,4.51543074223428,1,11.4366774448102,1,12.2649442457734,1,26.7998157069971,1,27.5270925504614
1,8.69870383193277,1,15.9563479706859,1,14.2436452961916,1,29.0296415455196,1,27.859232671424
1,6.33029567690441,1,14.7105737305283,1,15.4380439718663,1,28.2195576403074,1,26.930084221995
0,5.88036405145617,1,11.109435015526,1,13.9641389446679,1,25.3566823384036,1,23.9576324397856
1,6.5043673283585,1,13.7095604478889,1,10.7745058905708,1,24.9865248555743,1,24.5383168100806
1,7.26913537794419,1,12.8502279989485,1,11.3352348698923,1,27.7727570460506,1,27.2496656835813
1,5.32712034351807,1,13.1561304807334,1,10.6369892512353,1,25.4677088599288,1,24.7632980846969
1,5.87857104077116,1,11.860892423972,1,10.7402037954811,1,26.711078433119,1,26.2971202276502
1,6.87113490180138,1,11.8260523298294,1,11.8536014713242,1,25.1965978311504,1,25.0477095213302
1,4.93698590797134,1,11.4078200495878,1,12.8511218804178,1,27.699587239715,1,26.5133560672597
1,12.2197294849849,1,27.2753475190458,1,12.073642245075,1,29.4275727596264,1,28.3802166681724
1,6.35438199520918,1,11.1969248172996,1,14.5862541070887,1,25.9484594095578,1,25.1876349979066
1,8.92285155589968,1,16.3185765572584,1,12.6641083874829,1,28.0363510016031,1,26.3628419357795
1,12.102092691952,1,19.4934724118664,1,12.6884128188866,1,28.2324202358141,1,26.5310914773055
1,7.13877173857964,1,12.6978047016695,1,13.0866216884199,1,26.3752997505797,1,26.1160251076951
1,6.92133337165546,1,14.6438092334858,1,14.9723136242267,1,26.4486447889345,1,26.5075120547355
1,7.43075878856628,1,12.9684740234366,1,12.0204695549564,1,26.9504581363407,1,26.805825675364
1,8.57507207649504,1,16.1369919615507,1,12.5335876734396,1,26.2304327884885,1,25.8154588108382
1,7.4513284786803,1,11.777760884197,1,11.1884075200079,1,27.4316155401043,1,26.4452657714644
1,11.6338678461,1,14.1714908002341,1,12.5296393885855,1,25.9387472937985,1,25.4302671210703
1,7.57741016998976,1,15.6885460535078,0,10.9770506916928,1,23.8558234242566,1,23.075404465852
1,8.09143987787122,1,11.8715678564539,1,14.0835501265426,1,28.5351057737296,1,28.3394699002213
1,5.57515404024425,1,13.6375551068401,1,11.3564354673795,1,27.7009103903211,1,27.4328841317897
1,3.76188155427838,1,11.0188464623778,1,12.072417610371,1,24.8673413824059,1,24.5075931819113
1,4.63364743404206,1,11.6488000157088,1,11.8973339476732,1,28.381857874339,1,27.8948100961968
1,9.01350935133416,1,20.5483662435673,1,11.5235053418217,1,28.8325046009226,1,28.0105667809913
1,7.44700108189809,1,13.3379669710802,1,14.9383030071299,1,29.1048011697281,1,28.2990679346921
0,4.30807647095614,1,9.41163004462141,1,11.5458427693507,1,24.6515806859479,1,24.8591040306713
1,5.45388897887246,1,11.5304073407446,1,13.722825705364,1,29.0157674488023,1,27.7210806704148
1,5.65674473620467,1,11.3140096074541,1,13.534155894146,1,28.2210464876581,1,27.6255049616253
1,4.99028715155505,1,12.0314220131925,1,14.0720632588107,1,27.1808190872084,1,26.1382095167167
1,7.28606804951737,1,13.7084628417968,1,13.5959580192052,1,28.9844207442235,1,28.1567917326814
1,4.82532426800534,1,12.2016700919038,1,11.9569127731241,1,27.4834596406227,1,26.8533043377011
1,5.46093315940631,1,12.6914639753664,1,13.5448663670812,1,27.3696668728704,1,27.8181677187981
1,3.61401841562055,1,11.3002706652545,1,14.9867911954876,1,29.01073785314,1,28.2644606961412
1,6.8771779515547,1,14.4801565165984,1,12.5267228128925,1,26.0536904280577,1,26.2832541364134
1,6.593118538239,1,12.4513421982271,1,13.98218930711,1,26.668449666488,1,26.048618458255
1,4.82142480724123,1,10.6146156974985,1,11.834042998884,1,27.6967916579125,1,26.7408425159523
1,8.50857768257165,1,12.7368376935405,1,13.5471656677761,1,27.2599702364556,1,26.9230671823337
1,6.68706359177937,1,13.1668600774805,1,13.7269529239985,1,31.6643229697707,1,28.7851988476346
1,6.21242711374221,1,14.8963150589576,1,11.6638908436166,1,30.2702432704292,1,28.6396614268665
1,4.84339980510421,1,10.8535205027035,1,18.7055903125343,1,27.1976549187966,1,26.4618380386503
1,8.04751859775684,1,12.6622992863487,1,13.4963427150669,0,28.7961662609856,1,28.1415958511672
1,4.87085972178337,1,10.3665097655505,1,12.4033660062185,1,26.3619732233077,1,25.3384131386416
1,11.8002670648302,1,14.3935721281373,1,11.828505102294,1,25.2246154908355,1,24.6054986125652
1,5.79241048829895,1,15.5116687044159,1,13.1500069824428,1,28.7410806704555,1,28.7436169087189
1,8.6902792695417,1,19.6983577997891,1,11.8563104970636,1,25.8133664015418,1,25.7451288505698
1,13.912199397755,1,24.4844754507887,0,11.5405816664035,1,28.4416627377531,1,27.1103229813905
1,5.07514569823735,1,12.2557621505029,1,10.4321952058881,1,26.8908982715187,1,26.6177127827706
0,6.70853376677375,1,13.515823599376,1,9.5749480314378,1,25.2200058148425,1,25.1301539658745
0,5.94073887714881,1,10.9799288395388,1,10.4374333508979,1,26.7771284939194,1,26.0591283945046
1,6.73008830054776,1,12.7877464226977,1,9.69568593891083,1,26.6922756192194,1,26.7503206129989
1,7.59136559954942,1,11.281617981972,1,10.8994522023039,1,27.4992726483416,1,25.2652808626474
1,6.69136432623828,1,12.3888646237069,1,10.542014230399,1,27.7530494575233,1,26.9635462866073
1,5.71465667534609,1,13.0403350822755,1,9.17152288593918,1,26.3747654731281,1,26.2450403039026
1,6.13849353989378,1,12.8024744737685,1,11.5222133872688,1,27.5685547406238,1,27.148644080292
1,6.17290197248022,1,14.0376081446386,1,13.858868625792,1,27.6199736004482,1,26.3312169346016
1,10.5947193152892,1,18.3768093921598,1,12.5706399819403,1,26.6114394419064,1,25.6844030233652
1,5.45739692900834,1,12.2145651952644,1,12.9240359508496,1,28.7194732161146,1,28.4443443873152
1,6.46513156604059,1,12.9851417160226,1,10.9628613066125,1,27.8978199903648,1,27.6246683101
1,10.0449666041172,1,14.6096579270355,1,13.480438860723,1,25.7660402124723,1,25.8781177604041
1,3.9947168168932,1,10.7422838478154,1,9.39170656936041,1,26.122473912503,1,25.9124675035971
1,5.20909629485542,1,12.272997584164,1,11.331728996273,1,26.8629391196107,1,26.7914765078192
1,5.80270913505972,1,12.7411853679544,1,11.0747805923164,1,26.30905135228,1,26.3763764111989
1,6.18279152106543,1,11.199717139777,1,9.45318094389466,1,26.8350167569324,1,26.6044697480362
1,9.45769356601321,1,19.6378275521267,1,9.75830013733619,1,25.4836403524209,1,24.8888540570532
1,4.62010606785657,1,10.6576607641333,1,11.6439775800447,1,27.0756814461018,1,26.3216461540274
1,4.08348266914475,1,10.0174403481621,1,10.9353897875767,1,24.4837086780331,1,24.4529973359096
0,7.43441128750728,1,14.8598862824393,1,11.0443933440474,1,26.5527547179588,1,24.7074659928888
0,9.6225621119291,1,15.2918937760372,1,13.4436610911651,1,26.5255808824885,1,26.3240346746352
1,4.64086456760394,1,12.0569214060359,1,13.4782968328943,1,29.0547835559685,1,26.9528305818528
1,11.4041777597864,1,21.7014283104497,1,12.2546036254188,1,27.1321653790138,1,26.4939051328925
1,8.65439481907264,1,17.1347288437289,1,11.5311552275307,1,28.2637400134917,1,27.8892524584676
1,4.78133248208848,1,12.5127153587892,1,11.9544092471117,1,27.7085814401623,1,27.2038019066782
1,5.41850773582622,1,11.732825912813,1,16.5825080899968,1,26.2147188780043,1,25.8220916511336
1,7.20303854497568,1,11.8396151067205,1,12.2179172515609,1,26.4720598400963,1,25.5818765425069
1,4.46754880330627,1,11.7268772225235,1,13.3536212542276,1,28.083258724838,1,28.0836853573878
1,10.6042392983689,1,19.2135062976465,1,12.5795379438521,1,28.3907525587309,1,27.4209511154651
0,6.43480753119179,0,14.458369267668,1,12.0096841800448,1,26.6657273411722,1,26.1085016042317
1,7.09864272053898,0,17.0119666194524,1,11.8082514782038,1,27.6954410411377,1,26.5489667509349
1,7.49443253939247,1,11.69652810962,0,12.9312933276439,1,28.9546745818831,1,28.4423249456811
1,4.32587568277066,1,10.2798676850067,1,10.3644820434561,1,27.9107674198757,1,27.1676013202439
1,5.14969186487084,1,12.4037486302167,1,11.6185925015698,1,27.8148664015613,1,27.3665890195698
1,7.95735538142841,1,15.9855047096994,1,13.8628130740371,1,25.0309003529872,1,24.5548135387894
1,10.6136334900518,1,24.9112920073879,1,10.28779927381,1,28.1828688318001,1,27.2395640586327
1,6.25187367499023,1,13.3252021390652,1,11.5881233245002,1,26.2537312305913,1,25.4411399454861
1,8.03517626083024,1,14.538006369373,1,12.0903765684875,1,29.8824048342874,1,26.6604143038361
1,7.08494674193835,1,11.3425541764568,1,13.8539961339864,1,28.2939359590207,1,26.6951987855774
1,10.7928213444913,1,19.1417743033983,1,10.0362827785104,1,23.087293618615,1,22.9010488610652
1,4.11123370102307,1,10.3892096830614,0,8.74002137936976,1,26.1930154518297,1,25.638632272938
1,6.19265612901953,1,11.5103234759658,1,10.5771843928004,1,26.9002822461292,1,26.4480968860508
1,4.4030186006399,1,11.5241655268745,1,9.62255809479243,1,28.2055904525498,1,27.3631145179975
1,7.89067507486678,0,15.4203278375029,1,10.5371285148803,1,26.3711065050714,1,26.0607164559352
1,12.280143204163,0,20.3621861706005,1,9.60169087278302,1,25.7618171953283,1,24.8261359775996
1,7.39468142642999,1,14.7794162365844,1,10.1283984781488,1,24.2407236126919,1,24.1204126759541
0,5.46587806770394,0,11.4936229973058,1,8.89381416804192,1,24.0570360812413,1,24.4504109808567
1,7.00510122439878,1,12.722811641903,1,14.521428375676,1,26.8369455313891,1,27.1485371153309
1,6.58458072010608,1,14.0212461683268,1,10.4628180973118,1,25.6544029262351,1,25.5833999290111
1,7.83910462099462,1,13.6817202994818,1,12.6842369476365,1,27.433692657287,1,26.5107159921488
1,5.4020221429064,1,14.0474855724414,1,11.2888395886042,1,25.011128993303,1,24.8203403085948
1,3.83683872708197,1,11.3096952234329,1,11.3702195442636,1,26.3627015023463,1,25.770040980309
1,5.509279088452,1,12.8930962181509,1,12.4575747364912,1,26.7973047453678,1,27.531022827727
1,5.5157925058988,1,10.1493865161502,1,11.1883797123073,1,26.2751914116433,1,24.8865980695287
1,5.51166319060008,1,12.6945268709767,1,11.7250917529051,1,27.499780284431,1,26.4291512536725
1,7.20918726965947,0,13.3893356844963,1,11.1818498921743,1,26.0506019510336,1,25.24743785582
1,5.05416216909704,1,11.927671723805,0,11.2187513427434,1,25.4493129633218,1,26.2253845620957
1,4.31782729157063,1,11.4260562170961,1,16.8772931113416,1,27.5944363806596,1,27.0205111393332
1,4.28570696927638,1,10.6948200186295,1,12.3361135212619,1,27.1844240476234,1,26.7133940375062
1,7.92076965731192,1,13.8763715826718,1,11.8546303602079,1,27.2448503788734,1,26.5539199532012
1,4.55597191054988,1,10.7103512773255,1,13.1907532155339,1,26.2027140809311,1,24.2469038984032
1,8.34631865510182,0,18.5424429229606,1,17.4922612635762,1,28.4645817555094,1,27.3405239739003
1,4.47967227890869,1,10.2515055845687,1,12.3515370914133,1,25.7604988872521,1,25.4337438165669
1,4.04846710029251,1,10.1744668862716,1,9.93794869658131,1,26.8771662802866,1,26.6669205688048
1,5.41668369215444,1,11.710003278087,1,10.7748726487576,1,27.1639588662445,1,26.361772781573
1,6.20791337581086,0,12.5605617098584,1,11.4745260252507,1,26.1247094798447,1,25.7519525272399
1,9.77009137229927,1,13.5681750319518,1,10.6362366169962,1,27.4721508603673,1,26.0204774138751
1,6.8208827002081,1,13.5797846916433,1,12.6609119021777,1,26.4954457528211,1,25.7335736896615
1,4.82627774377508,1,13.7669751611916,1,11.9119141451063,1,26.9831667419022,1,26.9133403363325
1,5.15530664333322,1,11.5362689714588,1,13.5008615182529,1,26.4047455499232,1,25.3858008777347
0,5.80952647258978,1,14.1608266116883,1,13.5581326165844,1,28.8522463076791,1,28.7903317415633
1,7.13907721964946,1,13.0301764173953,1,12.7293349487084,1,25.774609908946,1,25.9308825047835
1,5.684002278487,1,12.0582145364923,1,10.8080093583129,1,28.2117858640068,1,27.4099257621568
1,6.88093094417576,1,11.9733626514275,1,10.6581086377421,1,25.3483431798039,1,25.0009242137422
1,5.34894221478645,1,11.9566467170791,1,11.0463916056799,1,27.6489429372488,1,26.3459619845654
1,6.50585102931435,1,12.1662741221296,1,12.1216316358478,1,26.6592826774997,1,25.6562252478067
1,6.81802853423236,1,15.1602316256915,1,12.6587502189071,1,25.128552894327,1,24.9382834774023
1,4.45819932012005,1,10.4096057140525,1,11.7172987086808,1,25.776886113242,1,25.5366219833236
1,3.79447686260773,1,10.1987416719243,1,13.9123697564018,1,26.9313944303993,1,25.6709884765081
1,4.52484487624266,1,10.8331578785277,1,12.7113257634765,1,28.4100852956958,1,28.1691159163902
1,5.71374711110124,1,11.0489253991499,1,12.3161327549813,1,27.3826679935644,1,27.811436864274
1,10.6260368740249,1,19.0770919164048,0,11.9302573594813,1,25.6925106093278,1,24.566844398237
1,9.76868960580767,1,17.9607273876953,1,10.8743736412143,1,27.9654952977173,1,27.2420888241067
0,6.55821889263099,0,13.7808823675649,1,10.6940585790836,1,27.1763995082589,1,26.8533975587056
0,7.98399327343225,0,13.8844585746696,1,10.4944187967411,1,27.6555381613591,1,25.5163219335047
1,6.31570464778172,1,11.8426380974861,1,10.4353286864328,1,27.7692640149218,1,27.2317802098741
1,5.24000138365687,1,11.5859485315837,1,12.5167774907754,1,28.8193815534144,1,28.0799398651655
1,6.23248082321837,1,12.3199451956064,1,11.6165100779397,1,30.1708138476195,1,26.8148784734882
1,5.42971026419374,1,11.6330780733292,1,12.916136819433,1,26.8406436697086,1,25.7745830198806
1,5.0815317945919,1,12.3489685922226,1,11.9727052984879,1,26.4290703267308,1,26.3545247736426
1,6.69712515185183,1,12.0045175133524,1,10.8327587490781,1,26.2775666888676,1,25.7037973660536
1,4.59741238094337,1,11.2531102402998,0,10.217318638173,1,26.6422952608536,1,27.4729582238948
1,8.18928396467107,0,17.8005952665632,1,11.6479670002596,1,27.9439570698381,1,27.4165671817944
1,7.67097468640003,1,12.505683180905,1,12.2091788903865,1,26.3737014920331,1,26.5181030024703
1,9.33415734941979,1,21.570359085347,1,10.5281776595517,1,26.6051743174504,1,26.3187424892206
0,4.87720223007461,0,12.0477780401581,1,10.6530838679449,1,28.0542468945164,1,27.8766209857488
1,6.69509544951701,1,12.4805522921439,1,10.9059887042219,1,26.1721577485497,1,25.7775387479776
1,5.66705691204548,1,11.0069977733047,1,10.9759491208144,1,26.4578798316288,1,25.5293499343719
1,10.9016223829209,1,17.7830436340782,1,13.1654374661993,1,27.5079961069729,1,26.2492449495715
0,5.0983548587042,1,11.787786717662,1,13.3174244193264,1,25.5164363479253,1,25.3995891266467
0,6.78880826068874,0,15.4570376672036,1,12.6929198259107,1,27.668490659385,1,26.6719380212822
0,7.18613149536204,1,12.4735163048183,1,12.1494941518938,1,25.9751883397993,1,25.9252373823516
1,6.72726362853731,1,11.860857026498,1,12.2438112808259,0,26.7815258699343,1,25.3544206907409
1,8.08762983693123,1,18.8588286914351,1,11.846555561109,1,27.7336870481197,1,26.768562794881
0,5.03257991801593,1,11.4385774124739,1,13.0831763877187,1,28.9098167699775,1,26.614201067435
0,6.65927064395194,1,14.4439371925406,1,12.5230555222679,1,26.7823513397449,1,26.473213110609
0,5.22292956842823,1,11.1013562696755,1,11.8336786475829,1,24.9819812878557,1,24.8790194602327
1,7.71115233881183,1,14.7881178598399,1,9.73080360948323,1,26.7225428158554,1,26.0055427344491
1,10.8136382070475,1,17.7992652760815,1,10.7870000096354,1,26.6094425131715,1,25.1540741849178
1,6.26354965989208,1,14.0436298757596,1,12.0137602841027,1,26.3668221605603,1,25.9409220127058
1,6.44229752810551,1,13.0657389888014,1,9.2944281884795,1,25.502929326492,1,25.3193651219155
1,5.27177239165969,1,12.5851370991563,1,9.89826555753952,1,24.6341063291024,1,24.0271617443337
1,8.37949986433705,1,20.1239221754738,1,11.6265698335211,1,26.0580717775549,1,25.8185690657558
1,4.75250994415723,1,11.8248008877291,1,12.9810600811562,1,26.7819242854236,1,26.7811740835055
1,7.18343919583025,1,12.8080926327667,1,12.8348917192345,1,25.7384143993057,1,24.8702111906354
1,4.1322164790661,1,11.7920409676458,1,11.8276852651225,1,25.5201413556207,1,25.0362324539708
0,5.33490637250482,1,14.0018666702138,1,11.2331089350234,1,28.4244006756897,1,26.4578356101575
1,7.91214996952075,1,13.1911781412914,1,10.0954104435459,1,27.5137593669493,1,27.8866158884588
1,7.92080678669707,1,13.022853557512,1,10.2766725379702,1,25.0644094674144,1,24.1386188456316
1,5.47005878804437,1,15.1138413126781,1,10.7098272650726,1,27.1926047536295,1,27.0278002029897
1,5.74390618530529,1,11.5930493385182,1,9.13097317485034,1,26.6902809943797,1,25.7856416541151
1,5.68806398165599,1,11.8990272558824,1,12.0824747984237,1,27.6668190130778,1,26.4178279860415
1,4.92451041054211,1,10.6739570999903,1,10.5736070456972,1,26.2163514312553,1,25.6358420929238
1,4.33284336015609,1,12.900400299139,1,13.2084193025495,1,28.3893477746637,1,27.5741467931474
1,11.8572112547139,1,26.0142450520802,1,13.5353922499427,1,27.53099211211,1,25.5368970288125
1,8.00490066469271,1,15.9358424288359,1,10.0944165631751,1,28.6272943125962,1,26.4426672455556
1,3.89143628881872,1,10.1384818735663,1,12.5068892818007,1,25.9251642485848,1,24.3548996702869
1,5.86107142357267,1,13.1417744030647,1,12.3040535529045,1,28.5339926994736,1,28.0658911581247
1,7.91978265885373,1,15.1176718730187,1,11.0931123150147,1,25.9875564743704,1,25.6780220633399
1,7.84008137514906,1,14.02130391357,1,11.003850190875,1,29.7056686854403,1,28.7480548344718
1,8.05455400599213,1,16.1356751163982,1,11.788359079586,1,27.1934860514675,1,26.0859395589185
1,7.38141697560241,1,14.1300926149138,1,10.875445241423,1,27.873634373413,1,27.1747685714705
1,4.28125380336742,1,10.5197054693264,1,8.99284060658101,1,25.9972669059857,1,25.4049981263927
1,6.15514070655461,1,12.3474413689296,1,10.8083596112338,1,26.513060120854,1,25.4775195683
1,6.80591290105957,1,12.5219807198082,1,9.93882565988775,1,26.2993925292302,1,26.1167947738339
0,7.01102550454019,1,14.7670861416938,1,9.62191391919272,1,28.3346380031247,1,27.6083279847758
1,7.5354967138408,1,12.4566475419851,1,9.0995281841906,1,25.5513408837674,1,25.7472586977947
1,6.77461208944857,1,11.9933417197112,1,9.92348028214192,1,26.8394480339343,1,26.8197411612352
1,6.33504577286004,0,14.2140190632649,1,9.6589624826943,1,24.6406686305793,1,24.3318630218741
1,8.30331594238972,1,15.8055322568666,1,9.86641455838708,1,26.2994986763019,1,25.7165757544184
1,4.63718133824556,1,12.7038356278733,1,8.63577740555825,1,25.4025156609719,1,25.2694344664197
1,7.92040242804867,1,12.1743652816582,0,10.465250388408,1,26.3913959776494,1,26.3975269282888
1,10.0259776977938,1,16.613422166248,1,12.088068999582,1,27.9574554446144,1,26.0335821817323
0,5.65452880957912,1,11.1575042008106,0,16.2810183858489,1,26.0482733452354,1,25.405288604021
1,8.8623764549094,1,18.1734819178377,1,14.1997356812508,1,26.6687972165545,1,26.1163723116005
1,6.02934806432875,1,13.45549460911,1,11.3113398394532,1,26.1450411873132,1,26.3015695628257
1,7.88783766958227,1,16.9444013232855,1,11.1396100950961,1,25.1748269430006,1,24.7255649735328
1,10.1644117057847,1,14.1923480513462,0,9.80843728883749,1,27.2038097207445,1,26.1180813723716
1,6.83675198668833,1,11.4304913564652,1,11.1414774044725,1,28.5176044872324,1,27.6467268508637
1,10.0874468222864,1,16.5556715446549,1,10.6514744455497,1,26.3413103024348,1,25.9278344202316
1,6.64882760232593,1,11.4127014007414,1,11.5850772992208,1,27.3372939547848,1,26.2451051407905
1,6.00359846811012,1,12.8271981834,1,14.8105156738918,1,28.5774313777394,1,27.7398123016625
0,7.03205113699563,1,12.7549701401178,1,11.1927268380778,1,26.5516099746731,1,25.8614155561481
1,5.23097530180689,1,12.0515489402312,1,10.4845686995421,1,26.8643050119111,1,26.4614435647412
0,5.17084514556422,1,10.6591984979022,1,10.3918266473543,1,26.1870210799121,1,25.4628877681897
0,5.05130692838683,1,10.5169533613187,1,11.8333830601967,1,26.3077458006093,1,26.6682271260403
1,6.73304130302272,1,13.5380841918813,0,11.7675174530518,1,28.7475493448141,1,28.0144288052087
0,5.79681568212534,1,10.4338133891717,1,8.96763480783309,1,25.5442808916002,1,23.856517296455
1,7.43704153521727,0,15.9184242304467,1,10.4434078029108,1,27.3740070706716,1,27.8731746821435
1,5.53141541650414,1,11.7119759970723,0,10.4787703876012,1,28.1877901566924,1,27.4731197080503
0,5.30204874549323,1,10.5906442696447,1,9.99907578514977,1,26.0258410229075,1,25.6702085167454
1,4.92180273312714,1,10.9673962753335,1,11.6275347236301,1,28.0158254888223,1,27.052119901753
1,7.02924522497738,1,13.033968490908,1,12.3867221648762,1,27.1584868589713,1,26.6732433911528
1,7.55405023574452,1,13.9381977780794,1,11.9992584486695,1,27.1415709485339,1,26.6075508699977
1,8.30596014092829,1,14.0951599766638,1,11.447524675428,1,25.7885980705714,1,25.5897309987067
1,6.56404127747624,1,13.203269087965,1,13.1048782665068,1,29.0484147353282,1,27.9051862593204
1,7.52678556123301,1,13.7381420897415,1,11.0630442492619,1,26.3163071306151,1,25.1698637230243
1,8.05981388473469,1,12.8891276468189,1,10.9074103112303,1,28.538579064658,1,26.4750907346595
1,7.38681408820492,1,15.8792232890569,1,10.7469946533465,1,27.1874450204583,1,27.0973561183227
0,3.88565549483591,1,10.2639222559867,1,10.0520719330507,1,26.9547140384091,1,25.856332726194
0,5.80724376735008,1,13.3379830186924,1,10.7371014121281,1,25.7833390718997,1,23.7053043592013
1,6.91641253817772,1,12.2469159981213,1,15.5338503722269,1,24.819083870776,1,25.0184112688498
1,4.98989967538598,1,12.1212640803593,1,11.3512747854168,1,28.5813321058528,1,27.9361991374376
1,6.01713309443706,1,14.4511908944974,1,10.396138894175,1,27.7736626656271,1,27.7788491791943
1,5.48402850186105,1,12.286841971119,1,10.6009662053172,1,27.8996920837533,1,27.0992551841853
1,5.90661018497184,1,12.8500570435571,1,9.59583573657091,1,24.0497973119452,1,24.6190675545279
0,6.23904222144092,1,11.9231995275901,1,10.3966689340943,1,26.1701120374684,1,25.061535444789
1,4.60310075329234,1,11.3514084982376,1,13.6867213341363,1,24.4913332617434,1,24.3035371921884
1,9.59624831142066,1,13.3258776945394,1,12.3576020765807,1,25.5342362176381,1,24.674335050534
1,4.88618179212693,1,10.9100083770621,1,11.9092032633754,1,28.4964017914149,1,27.8160626610947
1,3.68485222833195,1,11.0659142474551,1,11.6860389236632,1,26.893086074001,1,26.8088044632135
1,6.79565106624666,1,11.032197723374,1,13.6284253568358,1,26.5352511580714,1,26.1514353909145
1,8.68313416043598,1,13.6838954792522,1,11.2312386699898,1,25.3315316991663,1,24.135871514643
1,5.10903594407387,1,12.1235447607023,1,12.0033410663872,1,27.4006208216391,1,27.0270734310451
1,6.07785271627979,1,12.5937655347192,1,10.3221569232251,1,25.6523367394839,1,25.3775949802525
1,5.73760042013221,1,13.7272545502037,1,12.2810751827621,1,27.7863964577843,1,26.1470695251808
1,10.0698813797235,1,14.8964443722711,1,12.079771293054,1,27.988898922168,1,27.3301275984127
1,6.63518933042922,1,14.6434393009346,1,11.9765696188476,1,27.2536240370301,1,27.1162653258831
1,5.78031821605367,1,13.0465819114753,1,13.2402803817068,1,27.7699495271699,1,27.0437022783157
1,4.25373976785261,1,11.5462008376452,1,13.2671938356739,1,28.8013823947292,1,25.9609075208043
1,8.40549623093421,1,16.6406625022531,1,11.1894916015374,1,25.8328724922687,1,24.1073934810442
1,7.072041991844,1,13.3773744984063,1,10.53590879906,1,25.2010827132612,1,24.6548736467989
1,10.3399893482855,1,16.6316206614853,1,10.2250812679327,1,26.5686143933053,1,25.3704032749785
1,4.90702772332184,1,11.0566453702695,1,11.197766423679,1,26.6428765431017,1,26.4405868486961
1,4.75216794061421,1,10.8327043916777,1,13.1281256012317,1,25.5566740977669,1,24.7377715885231
1,4.92823606088653,1,11.2064642861299,1,10.9458078321954,1,27.8949414100804,1,28.513142661003
1,3.78050892223625,1,10.5905137033088,1,11.9689503428244,1,27.5512098812798,1,27.4242425510427
1,5.13240635266103,1,12.3451836640498,1,9.91005845273791,1,28.3451049608122,1,27.4763857041819
1,4.41386307929345,1,10.4764454744272,1,8.58422695351942,1,28.4735015724109,1,25.3795638298084
1,6.86419556970687,1,13.6341748363043,1,10.9003180525353,1,31.5642789543233,1,28.8569003345731
1,4.22160220754409,1,11.5153402956404,1,10.5128757024232,1,27.2248496821128,1,26.7541061755152
1,10.442164131899,0,17.3940316870109,1,8.72325179563282,1,28.2539634240434,1,28.2191350629979
1,4.74029951528479,1,12.4523783643459,1,10.9912486258063,1,28.0354640284332,1,26.4295364536729
1,7.57916149653334,1,13.1689547499389,1,11.1230208788818,1,28.1548594909145,1,27.1447195443185
1,4.61580954202974,1,11.6229533739781,0,12.3183654821238,1,25.0507989427698,1,25.0236877901592
1,6.2012811910201,1,13.1406024928177,1,10.8544649799117,1,29.2893355836979,1,27.8533393250964
1,7.10084230435738,1,11.8011881075641,0,11.2367410305006,1,26.1783269126398,1,25.0211586326297
1,6.98881892753659,1,13.3162876784328,1,12.7017990816983,1,27.629719473937,1,26.9229512777679
1,7.09286970796844,1,13.3633818393417,1,12.0275604996424,1,28.5300663725372,1,28.3944471726961
1,5.14418111690846,1,14.317071334876,1,10.4766144298417,1,27.4193176965389,1,26.5858845596834
1,7.58633516301602,1,12.3325828241544,1,12.2059766585283,1,26.6088442365172,1,25.7639330946022
1,9.24462514479399,1,14.3070301352827,1,11.4312710780793,1,24.8101224776676,1,23.2346471672203
1,5.49248577739345,1,10.963268261734,0,11.0240946349833,1,24.6472531234308,1,24.1000334304982
0,5.85235332130277,0,13.2745951706801,1,12.6390584563836,1,27.9310946827136,1,26.9536778999257
0,4.55148928374973,1,11.0734194930373,1,12.6234609340378,1,27.1896363375068,1,26.1231947642175
1,4.32059858454916,1,10.5440444050609,1,10.9259839036065,1,25.2941242918055,1,24.5840398126987
1,6.78756710986449,1,12.8973467155328,1,12.7638683208109,1,27.7601193030733,1,27.3238009609479
1,8.36800578081167,1,14.7409012268107,1,13.1603619459658,1,26.2837659736754,1,25.9594847163371
1,9.18036652121638,1,13.5276982722071,1,11.3030531850623,1,25.460768657241,1,25.7828508923282
1,10.7482673859292,1,16.0466116062879,0,10.3644900627291,1,26.0650060205248,1,25.4888600576186
1,8.50020330056482,1,13.7534724460288,1,9.92673703833528,1,25.3849939191059,1,24.9709638409428
1,7.81204519953527,1,14.0785469318125,1,10.1765838244152,1,26.066227015427,1,25.8149994729124
1,8.99293802152561,1,19.7555412217995,1,15.7741976264255,1,27.3208023735992,1,26.9148515140577
1,5.36328501776505,1,12.6386571254024,1,16.2513190387998,1,27.8879320638218,1,27.5781145542058
1,5.65433208145188,1,12.9851726629568,1,13.2086843769987,1,26.1820773440066,1,25.46208385987
1,7.03216011883524,1,12.9423495519394,1,10.8900573568721,1,24.5109558160096,1,24.0454687604418
1,7.05334505124103,1,12.7077524404287,1,12.5766103950522,1,26.5831082895493,1,26.4032229224146
1,9.06303820200196,1,17.8353100736963,1,13.1601752591089,1,30.651539229859,1,29.6067135547445
1,6.92330717495918,1,13.5330599602738,1,14.4993334330653,1,26.3891420449514,1,25.5060365924644
1,5.00840580666288,1,10.6788327084751,1,11.7215959458203,1,26.6929972652507,1,25.905661846273
1,6.47316843574612,1,12.5030917410578,1,12.076411286672,1,26.959416953444,1,26.4508078980464
1,8.47398859919052,1,17.2499680731585,1,11.2721350505563,1,27.9892440341229,1,26.5908170431407
1,7.51098788510837,0,12.5282250636233,1,11.4849392090976,1,28.3226066827055,1,27.2479560537509
1,6.08518658730316,1,10.8011981035406,1,13.4311474398675,1,26.1089266902843,1,25.2243200805766
1,6.16045218842036,1,11.2865436997794,1,12.7853973923581,1,27.1023331325593,1,27.3394258554996
1,4.53085504759721,1,10.8262509681923,1,17.1470762796046,1,27.9464928413756,1,27.2094243652291
1,8.59308838053473,1,19.1636516726783,1,12.7712837094549,1,28.4737412525002,1,26.5750868789043
1,7.46739796983697,1,16.53587911978,1,10.1864658472318,1,28.1712346860816,1,27.3860202071438
1,6.31416747479741,1,15.1554265071992,1,11.5057143799818,1,32.4626989905527,1,28.6030339284736
1,7.46294901774113,1,15.6939936634807,1,10.0158796912047,1,26.9205790099942,1,25.9396346888937
1,6.68501491410531,1,14.754414638103,1,12.3503572720988,1,28.4036890166956,1,27.8181150671259
1,7.88991613901419,1,14.6845235805951,1,12.2246361865847,1,25.6918105194315,1,25.7941059265106
0,8.13107235233072,0,13.9822907566059,1,11.0709266103734,1,25.6073761533216,1,25.8242539552566
1,6.44874180182946,1,13.0224364136596,1,11.4625668266161,1,25.9876929149806,1,25.6834652243553
1,5.27911370891046,1,11.5827544551177,1,10.8133975800578,1,24.6942143507592,1,24.1962877647186
1,3.52904834900067,1,10.011816354583,1,12.0036822794495,1,27.2832103209315,1,25.866791480464
1,5.3875987057895,1,11.7073623352927,1,10.2679750159103,1,25.240077187028,1,25.1880762231591
0,6.70772002658045,1,11.8704221603601,1,9.18279169888646,1,25.9016054087853,1,25.1433907430501
1,7.18449930080618,1,15.1773970113335,1,9.12019356853954,1,27.1841927350218,1,26.9449613181249
1,10.8839980123772,1,21.6694955755222,1,8.93226645841442,1,26.2962524690677,1,23.7735704992758
1,4.54622247224162,1,10.6155285275054,0,9.07632326272562,1,26.8062746668296,1,26.0343322792321
0,5.80478416289361,1,12.0132164849484,1,10.4187372585964,1,27.7765847172166,1,27.4312288305875
0,8.06525048263914,1,14.5762386311773,1,11.4321761348998,1,27.398090767447,1,25.2855660799998
0,6.70579956048642,1,14.2711121516981,1,9.50187654520883,1,26.0032152251696,1,25.5107041751296
1,6.16203120602654,1,13.1629409546521,1,9.62202038700164,1,24.9746021796469,1,24.2740914286086
0,7.13898398039011,0,11.7206184682258,1,10.4466323105599,1,25.6987241460269,1,24.9337933894358
0,5.47985727644589,1,13.2409925323988,1,12.7013150209382,1,31.1052325031547,1,29.3227660595661
1,7.68124450141004,0,15.7274312338775,1,13.4722038865203,1,26.1819588802839,1,25.2955173205849
1,9.16819617491876,1,14.409644529026,1,11.1241367067386,1,25.1272202179359,1,24.5687745500133
1,7.68573563981518,1,15.0629454157704,1,12.6900669560098,1,28.2091961043088,1,26.9201662491795
1,3.15923347109845,1,9.64066162082843,1,10.883590999621,1,25.9679405612797,1,25.7602367225197
1,8.47624652531896,1,13.411145743463,1,14.7816842998773,1,26.2870733527546,1,27.2432577493243
1,8.93043369946003,1,16.0761327082723,1,9.70695800420725,1,27.4373134212261,1,27.2142486735719
0,5.86735981623424,1,11.3954987862028,1,11.3231381366048,1,26.6330494178234,1,26.268466918004
1,4.76687526432285,1,10.9046390276255,1,16.1042085988482,1,27.7965099952642,1,26.4244447150448
0,9.11727049954506,0,13.4624473672548,1,9.07281234453412,1,25.7888867815774,1,24.2652138847054
1,4.09747694813481,1,10.9290742724143,1,13.0859484088685,1,27.3361172588917,1,27.0676949246573
1,7.59984040375312,1,14.9772270248967,1,12.631354159034,0,27.5485446872112,1,27.5413851657218
1,9.62175178257441,1,15.0190803505773,1,11.0985538084196,1,27.2578849562405,1,26.2283752429115
1,5.4907696882046,1,11.8366469502194,1,10.7141341968439,1,31.5622964429936,1,28.3533786760776
1,7.10371963492931,1,13.4539019879255,1,10.0476755869077,1,28.5212641461401,1,27.6754811636236
0,7.24938774508876,1,12.8274271143547,1,10.21484170076,1,29.5592330977135,1,28.2462040499072
1,6.7413914925789,1,15.3703365777998,1,11.8704332236706,1,27.8825072561349,1,27.7589218995142
1,5.4579189280744,1,11.6527910866162,1,10.7963744146398,1,28.6645554241889,1,28.2986643236664
1,6.38275427512406,1,12.8747147870764,1,12.3881635436501,1,28.7506447463846,1,27.6959191064947
1,5.36705903477493,1,11.7491121558228,1,11.1784753576399,1,25.9047333475485,1,25.4082045370241
1,5.13818451494799,1,13.4298531937528,1,11.138186565183,1,27.0623538881582,1,26.4531484530804
0,4.49355883271436,1,10.230484991035,1,11.6021098090166,1,26.9370816551931,1,26.7371466466757
0,5.62678716044711,1,11.0404702918664,1,11.4937189305367,1,25.8537148483817,1,26.200558795359
1,8.35489360348356,1,17.3631541971736,1,10.632662319406,1,28.044419146013,1,25.6193144421927
1,5.94030751846817,1,12.3804105175603,1,12.6653738153692,1,26.8445987682013,1,26.4622334506951
1,6.18475985614496,1,13.8620215380414,1,10.3040722094329,1,29.3206429652159,1,28.62057914728
1,7.94804863175316,0,15.7758889550083,1,11.8398425125147,1,25.5760996234882,1,23.5927143100027
1,5.12540809430263,1,11.5062708179476,1,11.7375725925746,1,27.5848378120474,1,27.4926602460867
1,7.53322627267399,1,13.8832815891818,1,11.2172524933301,1,26.3173094169939,1,24.8204760975974
0,8.38123611780296,0,12.4413873123392,1,13.7428174418165,1,26.039741697254,1,25.6313391123181
1,5.72079619752037,1,12.4341730966503,1,12.9073941337783,1,27.3410924598211,1,26.9237840191412
1,11.9252355322823,1,20.9873422335146,1,10.407393736522,1,25.2073599134572,1,24.8367263755458
1,8.18542907939017,1,15.7734485981886,1,12.2727170685793,1,25.4626469919097,1,24.2115632796484
1,4.11574319217819,1,11.4394363642799,1,13.3187196743733,1,28.8857407375901,1,28.8762173705399
1,4.01368789847681,1,10.3498730859985,1,12.1228162419397,1,25.1565443808863,1,25.4850834548716
1,6.6865121792436,1,13.1633511965616,1,14.8238917848795,1,26.5674733018028,1,26.3156075998904
1,9.46651246700256,0,19.9032962285596,1,11.913350895183,1,26.4804724204836,1,26.0991164772375
1,9.87090293053269,1,19.9086107373602,1,11.4859985297991,1,29.0500220736286,1,28.4024767638829
0,9.29798950310686,1,14.9499061930999,1,10.941982173833,1,26.6650239466304,1,26.3740100873998
1,4.46996643673093,1,11.1071425038112,1,10.7095002620319,1,25.3518280030356,1,24.6326440481353
1,5.93237854450245,1,11.5221284097219,1,11.3656440388402,1,26.4891873028605,1,26.1744637448171
1,10.5440544960729,1,22.6288601821358,1,10.6333551582803,1,28.2299967831795,1,27.1183207540062
1,8.05063509234558,1,16.1670099748636,1,11.718456053341,1,26.9101371492602,1,26.2492320046823
1,6.30845924573079,1,12.4956866354913,1,10.3843472418596,1,25.9945820475651,1,25.5064850705181
1,5.93745699856854,1,13.4981343485718,0,11.4383859240098,1,27.4627830143571,1,26.5558448881813
1,6.67661289052779,1,13.5617107384732,1,12.5196842401051,1,26.9050727310706,1,26.9639754501357
1,5.71265918913917,0,14.4364099643729,1,11.3882456280689,1,24.9637619545356,1,25.4754397743656
1,6.39864335698146,1,11.0303980498272,1,11.3984685458769,1,26.3810793273612,1,25.6808689556612
1,5.37031132834877,1,10.5430824120396,1,13.0941563334494,1,26.3820677471358,1,24.9607603128751
1,9.36205036585892,1,19.9306786013838,1,12.8101390459203,1,26.8448082235455,1,26.0164510183687
1,5.95886484781881,1,13.3064641487807,1,15.1414728083756,1,28.5428126154789,1,29.2441098544857
1,7.30617115423199,1,16.5264106469699,1,9.91974787565365,1,26.4339015789982,1,26.5805200839402
1,4.54436915895985,1,11.4117587686674,1,11.5322475802722,1,27.871000186097,1,26.9494274188192
1,9.70509251813515,1,14.1986172501747,1,11.657823458157,1,27.3901637526984,1,27.1159116183751
1,9.89324894116211,1,16.239669103181,1,12.1220302308263,1,26.044112301549,1,25.5562732190294
1,9.87032767834537,1,16.9873612159753,1,9.46822684334297,0,25.6416184393483,1,24.8276367312442
1,5.33213317144416,1,10.4509406088023,1,9.26129065646871,1,25.4389645472022,1,23.7687635008865
1,5.72674934320437,0,12.0123781753081,1,10.8496416551048,1,26.1684637903356,1,25.611103381947
1,7.51470825269846,1,11.2518582560149,1,9.77702175712558,1,26.767088360242,1,25.891896316594
1,4.95253287114946,1,11.2249101616644,1,10.3121053161037,1,27.8829805994534,1,26.2908248300576
1,3.82470311509503,1,10.6635790034038,1,12.1001081756848,1,28.6934604155557,1,27.2976411934358
1,8.2689942540641,1,19.8193604416475,1,12.1312248129129,1,26.273237040812,1,25.9035268680586
1,4.97703001249621,1,13.0246311170689,1,12.6431841348359,1,27.8780981204691,1,27.2762395959387
1,5.46507771152218,1,12.2570342972798,1,11.5430369237444,1,26.8005722694967,1,26.6480387203065
1,7.53568285321727,1,13.1384087007615,1,11.2748795198355,1,26.4496711521855,1,25.8216945866488
1,5.10527019911848,1,13.4212017870163,1,13.4297736408648,1,26.0754542266691,1,25.9772398284912
0,6.39077706406592,0,13.6611028923689,1,12.0305985628682,1,26.2351798221506,1,25.7302745306208
1,6.73402117112902,1,13.0900699176961,1,12.0499162151649,1,26.8792213387086,1,26.8251741721377
1,6.36952088688776,1,12.4837569193906,1,12.4577469647219,1,26.7854932465096,1,26.2278076384399
1,7.1175050627387,1,12.0460798428728,1,11.1598614646141,1,28.3117375173787,1,26.3443785483497
1,8.44250132951958,1,15.9537120657979,0,11.2528519452325,1,28.3338939700323,1,26.4236004160569
1,6.91473251831255,1,13.4222252437031,1,13.3870681124037,1,27.5498132609862,1,26.5957770777029
0,10.2239139971904,0,23.4523452438408,1,12.4756472079766,1,25.1310414684317,1,25.225838031303
1,4.91801139789903,1,10.8608294964491,1,12.3922674820604,1,26.8878271009223,1,26.2045560983903
0,5.92395945656943,1,10.7398314232845,1,12.8919381245619,1,27.1974868237882,1,27.4738496031652
0,8.10581548707099,1,13.751501166114,1,13.8641338921796,1,28.8319591414324,1,27.0415576079409
1,9.31889268250644,1,18.7393705867476,1,13.4500324547836,1,28.2225047050055,1,28.0566559432971
1,7.84661905182576,1,12.2244236324388,1,12.6417794932897,1,27.0819160939778,1,25.3419432547556
1,6.26805491024107,1,12.5729813589341,1,12.8083243267844,1,24.3503564377976,1,23.8444894455181
1,6.22965167901623,1,11.7935345010318,1,13.7948247782125,1,27.4680302800625,1,26.3833764028242
1,6.98055311514057,1,12.7237350078717,1,13.270915336641,1,25.6610913087221,1,23.9965538044643
1,7.3119578735143,1,14.028656729704,1,13.8954968072002,1,26.5229581498212,1,26.2667600512495
1,7.10772345533401,1,12.7736876693908,1,11.3530764803207,1,26.771733410098,1,26.1555565998396
1,3.70834136567089,1,9.91354128233748,1,12.6021374945125,1,27.1477992435843,1,26.6075544433847
1,7.99895234889888,1,15.4673595420137,1,10.6655811045636,1,26.9684008444865,1,26.583584143626
1,4.13062629683577,1,9.98028519302381,1,9.81231047394047,1,25.6598104187423,1,25.3984328790618
1,6.13990074364297,1,14.956542439997,1,14.9944851075431,1,27.7559263404458,1,26.8179330974435
1,7.7774404720798,1,13.6389572804175,1,12.6356976445008,1,27.7724652974,1,26.8871007386934
1,6.60572508992109,1,12.4170260745952,1,11.0498237591112,1,25.4332192572518,1,25.5914027352343
1,6.17227552077028,1,13.8448911621017,1,13.6170478921552,1,30.3981384414656,1,28.8643599418163
1,5.95771559219631,1,13.673289048817,1,13.8405482486218,1,27.8133191429388,1,27.0434701631365
1,6.67061009508018,0,12.2130900980524,1,12.6904638460973,1,27.4527401679747,1,26.1036002437201
1,9.81303499476945,1,19.9907399421883,1,11.7710473730794,1,27.7938824832814,1,27.2442955421719
1,8.85103107807643,1,16.7585360896979,1,10.7139669043794,1,27.1287833690984,1,26.8787034827647
1,9.35748177196091,1,16.5873189553256,1,12.8684063373407,1,28.1863248714977,1,25.4218195542942
0,3.59380493015827,1,12.0023150838852,1,11.9440005404078,1,28.6827462063044,1,27.8686999277517
1,6.61023590611336,0,12.501192427207,1,10.1692975146282,1,27.0924035489477,1,25.8976891442773
1,8.56681319341944,1,14.2129545305496,1,11.44142019039,1,28.1105044881128,1,27.9101847429291
1,4.44894065361903,1,10.6626160751127,1,12.9393471379598,1,26.3297568498937,1,26.3157816627956
1,5.04763641945742,1,11.4290439833638,1,10.9537026656652,1,26.8742946633712,1,26.3006245429542
1,5.64660491447424,1,13.7397627747563,1,10.3755740316035,1,25.9040644243886,1,26.0659731440102
1,7.31590285767771,1,17.3385426560072,1,11.2362085817755,1,26.1065675285961,1,25.3177745275784
1,6.91184036301625,1,11.415972457215,1,11.4789013070901,1,26.0819197528674,1,25.166058727201
1,5.71278904643848,1,10.3064688977798,1,11.6368651414463,1,24.8818423431445,1,24.4989384797706
1,8.82770745811701,1,18.1649988094859,1,12.4110733088684,1,27.7034896657433,1,26.8526147009287
1,5.42944466891201,1,12.135865649646,1,12.576775693585,1,27.6840702992319,1,27.1116334457843
1,6.95723445939079,1,11.7706766310625,1,9.80054542370307,1,26.0471928988664,1,25.4898673609618
1,4.19469635351018,1,11.3735926770498,1,10.5706527452174,1,28.3567124728282,1,27.3266792125687
1,11.6165607749467,1,26.3015341214255,1,10.6549256183585,1,26.1439876323676,1,26.19574693663
1,5.37978959717221,1,11.6321209371056,1,11.4138826110662,1,26.980030275001,1,26.76049494084
1,5.71380000552459,1,11.6435893438211,1,9.88698743424385,1,27.0004352665922,1,26.3880188739358
1,6.7497572745463,1,12.3418966586305,1,12.3788357638083,1,26.3250244358515,1,25.9755669596176
1,5.98013492815179,1,11.7577328723198,1,11.6801109999737,1,26.4954253237698,1,25.882640718138
1,11.0394599368626,1,18.9252954777809,1,12.5880516915071,1,26.9063626668216,1,26.0304384675649
1,5.99933890744928,1,12.1691248067966,1,12.6109887019707,1,27.4913104942223,1,25.9957528441376
1,6.55689513264517,1,12.2738833820139,1,13.0253572135751,1,26.3842309577668,1,25.0035036433399
1,5.64976875982055,1,12.1995308237045,1,13.1918342597084,1,29.3155278386905,1,27.4839807010591
1,6.70164852283885,1,13.3322328085508,1,15.7025118554801,1,25.4471316038146,1,25.004231050215
1,4.87997492996571,1,12.5198835327515,0,12.0720259481362,1,26.4693160527941,1,26.0345575812159
1,6.151137932155,1,12.5492932852047,1,12.8961452695452,1,27.3103651609008,1,25.8704985837924
1,5.02252376414215,1,11.5468990072954,1,11.9155880312433,1,27.5503760858308,1,26.6903313504079
1,4.83065527006227,1,10.8812016204976,0,13.6218151166261,1,25.7682938807471,1,25.3244218791184
1,4.060212424405,1,10.4383178695209,1,11.2635286154971,1,27.4440220900043,1,27.6587745658886
1,10.4899780817496,1,17.6784201438931,1,13.0599771473651,1,28.1060905180752,1,27.5735080253518
1,7.66683884463786,1,15.3261666981451,1,12.3504417937209,1,27.3104681411752,1,26.476077752227
1,6.48514364887309,1,13.118315956545,1,11.3920733456888,1,25.8619477783701,1,26.0836206412574
1,6.78335839689051,1,13.7956615988626,1,11.2313795744806,1,27.7017607547087,1,26.3171539668226
1,6.2802432531781,1,14.5531302327342,1,13.8384894545925,1,26.6226729812086,1,27.4667334559434
1,6.86186695002421,1,13.5084309937367,1,12.2776074788189,1,25.3475669144321,1,25.1293588661717
0,5.97621460295619,0,10.5982056590011,1,9.97020265560295,1,26.8913643649923,1,25.7023516333531
1,5.86756617711742,1,12.2495336395085,1,10.5599490736487,1,27.9585491504022,1,25.3392035641917
1,5.91970967666815,1,12.3950487706332,1,13.5177525756285,1,27.3172852293055,1,26.803079316392
1,6.19694732890647,1,15.4032103614253,1,13.3964125375605,1,26.9460211697942,1,26.3557462379841
1,4.50839849249668,1,11.6643194522451,1,13.1720214068599,1,27.2605954277987,1,26.4132008731662
1,5.18574147553448,1,11.0902523038682,1,13.9895815479519,1,26.6968991037201,1,26.4038586420958
1,4.82313495793641,1,10.5835850444246,1,13.439869569608,1,25.8481109714444,1,25.267334377732
0,6.93820215375217,1,14.0763163699571,1,12.1889863854622,1,27.1313187532059,1,26.2868270517693
1,8.50057020989539,1,18.7068193888992,1,12.8090739697882,1,26.897890692891,1,26.2673057857196
1,6.10003455433898,1,12.9674122496559,1,12.1801534847473,1,27.3815778422292,1,26.6654762029459
1,8.00995315512924,1,17.6347850621672,1,12.2299982263521,1,27.6238861980277,1,26.9942678562815
1,7.59994206893702,0,12.7157564347955,1,14.6047346316952,1,26.9811592107809,1,26.1783151148385
1,4.80509346931257,1,11.360149975828,1,15.5564140934752,1,25.5622086889446,1,24.7266647888132
1,7.36731663830668,1,13.3684345664688,1,14.3954137894354,1,28.3448960793982,1,27.3049987065917
1,9.37419795317814,1,13.6475856700635,1,11.4154479343018,1,26.4068217781662,1,25.8107635071045
1,5.56631775859084,1,14.9909195249797,1,12.1295130534801,1,25.657879433486,1,24.0801117026818
1,11.7801135274494,1,23.3766507106977,1,13.575822289519,1,27.5725883425175,1,26.8306180564139
1,7.14416077856395,1,11.1756755310202,1,15.8457649636819,1,25.5353517701118,1,25.4667358512736
1,7.91450915317145,1,13.7485606860075,1,13.1841602547508,1,28.3589144103073,1,26.4099548436046
1,3.76105360865912,1,10.5851069839186,1,12.3791107045958,1,26.1690290390075,1,25.3280033267154
1,6.59384232270302,1,11.9046277970195,1,14.0907017900037,1,27.6944434535558,1,27.0562897886371
1,6.80237528042946,1,12.3017359536746,1,13.0520035502275,1,26.5976597734591,1,26.36381116585
1,4.91117537759637,1,11.9973152631946,1,10.6776458857037,1,27.3638700798788,1,26.6683973464311
1,6.10239786570681,1,12.7843729335262,1,13.0939710184602,1,28.4069024913468,1,27.5481084669709
1,11.5504838535846,1,22.4877106149675,1,10.6662287067882,1,26.290346362122,1,25.738832213233
1,7.56864192017968,1,15.4653409129132,1,10.2157393664729,1,27.4665535671157,1,26.248270096452
1,5.59080920323043,1,11.1007865999229,1,11.8041409945412,1,26.3236460457288,1,25.9119280938913
1,7.0981489858934,1,12.4128417838919,1,10.5085792995505,1,28.3953079003008,1,27.1480821228383
1,4.60515828880472,1,10.7360026696059,1,10.965361334219,1,27.4327097189098,1,26.7571948090324
1,5.80244895582802,1,10.6803394312025,1,10.7048402694121,1,25.8876398949412,1,25.0095400359112
1,5.5234741599553,1,11.933119954426,1,10.570508628167,1,28.6520290361155,1,27.6191414215069
1,5.14456329684266,1,10.6487372432901,1,11.7556230684007,1,27.5960649628502,1,26.5494085448563
1,8.24383750687702,1,13.5517579482185,1,10.1555608577179,1,26.3094333412275,1,26.6195378693004
1,5.23692114200147,1,12.2761278751297,1,9.86843248349246,1,24.6824697069602,1,24.6944897418823
1,5.91348669832045,1,12.5038102946221,1,12.5059744912473,1,28.1631860993607,1,25.8085586114044
1,8.05434544852909,0,16.8170963020313,1,12.7496022624163,1,29.2236690350881,1,27.9741934691297
0,4.95247853392405,0,11.1414734681862,1,11.3849417436677,1,26.1701131011131,1,25.3002492939559
1,6.71022283600969,1,12.3575464300142,1,12.6848505035009,1,26.3915515364744,1,26.0571268641794
1,9.3549243569899,1,18.2005894821072,1,12.2513320842183,1,29.5700425758761,1,26.4981926261933
1,6.41515418641892,1,14.0656838639461,1,13.3709025965408,1,27.5062098013282,1,27.1672919854983
1,8.90723618775235,1,14.2430420357105,1,12.8321105809994,1,26.5717953198296,1,26.4303226848231
1,3.79293439014643,1,10.7770038158128,1,11.9261388706167,1,26.2181061898681,1,26.1501527099109
1,5.92300056275555,1,12.129908046958,1,10.8504220531382,1,27.1846194936458,1,27.0963666412746
1,5.08151239377479,1,12.1725454033179,1,14.6884328807719,1,29.4629781061791,1,28.2277836554363
1,5.98931398486335,1,13.3573363390803,1,13.1274119264104,1,27.7557452279674,1,27.4365525918527
1,7.26922062557089,1,17.8181042872349,1,10.5119615645354,1,28.4672882869783,1,27.8518597732815
0,9.58543859287111,1,20.9268358482386,1,9.13973449749482,1,28.3561979504197,1,28.4746535861106
1,10.3790358621956,1,22.7265056210856,0,10.2656900269416,1,25.1019733839658,1,24.7683040052823
0,5.59391159070826,1,11.5793785067613,0,12.2297212016855,1,27.1665115794319,1,27.4249300985387
1,6.74702176297768,1,11.9427144636982,1,9.39021471333776,1,26.0943290622793,1,25.0501723707909
1,6.21453172945445,1,14.5668033062877,1,9.79713181145676,1,26.7051247104695,1,26.4095308743429
1,4.79544829742877,1,12.2881746250026,1,10.1781023451921,1,27.012828810267,1,26.1434707980623
0,4.95360950818911,0,11.8803157787055,1,11.337401571522,1,25.4910916575132,1,25.3881439901896
0,7.506322805026,0,13.2244534352094,1,15.8811910477722,1,27.899992299935,1,27.6564647995988
1,7.70692684378605,0,17.9611640162823,1,12.5801691694737,1,24.9392398862363,1,24.8960240971971
0,8.51699142436155,1,14.0846759548373,1,11.2959626246902,1,26.6209184383777,1,26.2942054354942
0,4.98663969688148,1,11.4755170729653,1,12.1813222880708,1,26.7587846185182,1,26.6757342174015
1,9.20003141593648,1,15.7974412489694,1,11.4887134075841,1,27.137744571621,1,26.74060810006
1,10.7227282309514,1,17.7521405342723,1,14.8598405535024,1,25.8400020563767,1,24.9716259048368
0,7.49204920144087,1,16.1555974670094,1,9.01091858531629,1,25.8076166643483,1,25.1038173413634
1,6.11298157004753,1,12.0584474241536,1,9.89573168500658,1,24.1592368210106,1,23.776369145522
1,8.79717454940495,0,17.639926212693,1,10.8185708159586,1,26.2818285854607,1,25.5105831940076
1,4.83379518983295,1,12.2340856758783,1,9.65062895189623,1,25.1416922177448,1,24.3763839355187
0,8.5718106581492,0,15.895902534632,1,12.3105299982139,1,26.3676586211988,1,26.0285668428475
1,6.60046645900328,1,13.470661287364,1,12.8933176612832,1,29.056406574523,1,28.5876920398795
0,7.78337890864506,0,12.9090247192434,1,13.1764713185998,1,27.0481061278792,1,26.9227589329968
0,6.18801418914131,1,12.3275406625511,1,11.4525736207474,1,26.47796655967,1,25.9553388875839
1,4.79919799929958,1,10.6117516941658,1,11.3665814817598,1,26.9876212201689,1,26.2445589683804
1,5.91864392008218,1,11.3095530719146,1,13.5669018645502,0,24.4990720553231,1,23.9653877249883
1,10.9001416800674,1,17.4889320794637,1,11.9238537156533,1,26.7155947993745,1,26.4056740922138
1,6.987466940379,1,17.5066911801251,1,12.7859149708832,1,26.3233015992659,1,25.5547348350035
1,7.34799584474371,1,16.8835068877344,1,12.0891809982089,1,24.7497026784995,1,25.2456126812178
1,4.65524521774499,1,10.5348571843902,1,11.711608108322,1,26.3934793652983,1,25.8085481878068
1,6.23302974228901,1,14.6136776502393,1,14.179413175565,1,28.1852764677644,1,27.8643247687794
0,6.90218639135659,1,11.6120695779015,1,13.4632606714741,1,27.4201861363087,1,26.7674691175451
1,12.9122549999204,1,15.5319144628251,1,13.1359137268738,1,27.970617740992,1,27.4582990475169
1,8.3091622326572,1,13.0766650036239,1,12.381671877056,1,26.313785747115,1,26.5675480252268
1,9.84305037154143,1,17.9053052640387,1,10.3505014801855,1,25.539156499779,1,24.9985497801099
1,4.34682335271234,1,10.7609055589837,1,11.5345076941071,1,27.6232383486298,1,27.2165251164708
1,6.47937198802453,1,12.1414733856974,1,12.2060974254729,1,29.0055655238343,1,27.349414174212
0,9.09284100398811,0,12.9962634334324,1,10.8609307016163,1,24.474952784921,1,24.6437956497712
1,3.6385475573731,1,9.81199931754364,1,9.6465607707114,1,25.264772713071,1,23.8287138123831
1,6.29463380988115,1,13.2094205182515,1,13.1391216702121,1,28.3670683142608,1,27.2984657442941
1,7.80110881972737,1,12.1348410521638,1,10.3552292439693,1,26.4123538443265,1,26.2174984310105
1,5.29878253505663,1,11.5896447867954,1,9.72286036527763,1,26.5112190891934,1,26.5019525924245
1,6.50944659292889,1,13.0022249693336,1,12.3067469637853,1,26.075322361951,1,26.2486207486072
0,4.94468099914089,1,12.8376704038662,1,11.1355481559317,1,24.9406690167127,1,24.9389080344725
1,4.40475026064852,1,11.537556757564,1,11.1101894411688,1,25.3478770470235,1,25.9513026577393
1,6.06929685004328,1,12.0613115413677,1,11.1475667769859,1,26.6844985068281,1,26.3059276857196
1,7.00098695911616,1,17.7690635446832,1,12.3369535637131,1,28.6978279440934,1,26.1696753766568
1,5.5066401422908,1,12.8805489045761,1,11.7004994103804,1,27.6574237341284,1,27.1997645739094
1,5.41100705839256,1,11.14552274379,1,11.5246140263736,1,28.6136704559776,1,26.1991961815009
1,4.7706619873484,1,10.6885450593827,1,21.5868286969082,1,25.9892235056553,1,25.6150670097265
1,6.90818689209745,1,12.81838365916,1,13.4670097905657,1,25.354114654209,1,25.451717061697
1,6.05430655188648,1,12.7718248355044,1,11.6351434272859,1,26.5767114183624,1,25.8997193337348
1,7.00588733676439,1,17.4979034857837,1,12.5005854295775,1,27.4591322709547,1,26.2926415020887
1,5.71057278504812,1,12.2276330787439,1,17.6597509344895,1,27.4832103535367,1,25.9583644825123
1,11.180744390059,1,20.3912076430895,1,12.399951755246,1,26.9084759032889,1,26.4433359688581
1,7.40123435397083,1,14.3768125395653,1,11.9450166145068,1,25.4569114775988,1,25.5900690904284
1,9.19500151768745,1,12.6970667658952,1,10.6621561893125,1,28.0090460761352,1,26.2567508297774
1,4.34330770333618,1,10.3024475090072,1,10.5448996929703,1,25.0558095302409,1,24.0549123273279
1,7.76260890424141,1,13.3576690098981,1,10.3628014242407,1,26.0680115170373,1,24.8073053188305
1,5.08324620947899,1,10.6560030694753,1,12.2435391705058,1,24.5017642163959,1,23.7061955811118
1,4.55676560068528,1,11.9919097285344,1,11.853031585381,1,26.0596093276454,1,26.4706090941834
1,5.6279619341733,1,12.4179144281786,1,11.5160101620602,1,25.8335724421347,1,25.4792619657392
1,6.83104759673956,1,17.6500496471345,1,10.5043314284568,1,25.1614312164721,1,23.8156870877675
1,7.30524459386754,1,16.7091992840005,1,10.5159921579729,1,28.3092713125476,1,27.2474250148111
1,9.48006554764815,1,14.4343541629903,1,10.6006244310097,1,24.6377896193513,1,24.6473844018712
1,3.65955115969112,1,10.3986478309115,1,11.2822296785816,1,29.3629399150546,1,28.3267978024856
1,7.00408475369128,1,12.2665715125098,1,11.1154373894878,1,27.5739793754048,1,26.1366294047976
1,4.28443354363652,1,10.2902158786323,1,12.1973442641904,1,26.0985229460294,1,26.3893531989122
1,4.34919118019157,1,9.55473241529004,1,11.3267312049618,1,25.2228713841429,1,23.8332563200117
1,6.35313804383953,1,11.0746335418277,0,14.477921948049,1,24.9677996272018,1,25.0361946668001
1,9.05895691070063,1,15.945406967757,1,12.6022768276638,1,28.6591871149634,1,26.8154176077695
1,6.10099953243502,1,12.9329532743289,1,12.9449935146441,1,30.2920901098363,1,28.6279881963724
1,8.11509372115414,1,17.468426548136,1,12.0069359824677,1,24.984030957611,1,25.9032497299338
1,5.8261202861525,1,11.4229296393015,1,12.4644621054698,1,27.054427391279,1,25.6002643261836
1,7.56453485986336,1,17.5647780364831,1,10.6829898801124,1,25.9208190707748,1,24.1892140780508
1,5.68836849395239,1,10.9134198632099,1,11.2256375446785,1,26.0429381089872,1,25.7112110924065
1,4.43675334890425,1,11.5162042721436,1,12.9111263518657,1,29.0602873219643,1,28.8375180120333
1,5.33459854441301,1,12.8480108475094,1,11.356963066543,1,25.2487077068006,1,24.4272679570172
0,6.02813761767225,1,11.7682656926072,1,12.9110005516629,1,29.2205505670675,1,26.835051444836
1,6.07243292915064,1,13.1001426674648,1,10.8274063097175,1,27.2396372749009,1,26.6590491805271
1,3.77220291389772,1,9.85737555012565,1,12.678425588715,1,25.8861330053073,1,24.8403577311646
1,10.5768360403783,1,16.7797666420095,1,11.4697385682041,1,27.3921064200566,1,27.0617430951872
0,9.28161917719655,1,19.3953830761394,1,13.9131809564748,1,24.9568500327573,1,24.056569153857
0,4.97727342817022,1,13.697367034105,1,13.1259250735865,1,28.2357283411031,1,26.6814492350761
1,3.33887062394787,1,10.1745855958618,1,11.3562974747213,1,25.8328893382806,1,25.5947308735033
1,7.66252503538868,1,17.4752729738443,1,12.3926269031527,1,29.6455484597441,1,28.9222261438544
1,5.82712942277444,1,11.6459820886677,1,11.3468288197333,1,25.424269910589,1,25.2668987686019
1,6.45685618987149,1,13.0748267943307,1,11.9526210046323,1,26.4062173188743,1,26.1344233426487
1,5.3018746621396,1,10.7808496613212,1,11.2486694277707,1,26.0245696733486,1,26.1332089383731
1,10.6323837457197,1,18.0887324956346,1,10.7073224005968,1,28.1747108455133,1,27.0817357198869
1,11.4149743088938,1,22.8179142618574,1,12.1774688225848,1,26.3043056018926,1,25.8920621850722
1,5.20955503023873,1,11.1251203907636,1,11.3730213959234,1,27.1879737288267,1,26.0206311411177
1,6.27156716139817,1,12.1412451989991,1,10.7016920053864,1,28.0032222761843,1,27.8981786214163
1,5.04015109884145,1,11.0729773869435,0,9.87867234517577,1,28.0031493215801,1,27.2421941979294
0,4.68573835169849,1,11.2937752661316,0,12.5025102124784,1,27.2666702172438,1,26.5375443874075
1,3.83885201970961,1,10.6369329711015,1,12.9135406428948,1,27.826170005407,1,25.8143912133898
1,7.04467686876349,1,12.9018972908579,1,13.1093961326233,1,27.8637560931316,1,26.5606197447743
1,4.42224399271366,1,10.7069086136599,1,11.3964240731373,1,28.0327480535709,1,26.676357225652
1,5.74597611186289,1,11.5348980240186,1,13.6622922882679,1,29.4950555112451,1,27.9355692701361
0,5.24376087286725,1,11.5362656985929,1,12.3090065529087,1,28.6499925325814,1,26.798452942606
0,7.48268616176942,1,16.1368783980628,1,13.5061963959417,1,28.9395603688859,1,27.8416831679722
1,5.06164121261225,1,13.171160953237,1,14.5683900780251,1,26.7149971545058,1,26.7082810780347
1,6.98334762867437,1,13.8863909393143,1,13.2782297960595,1,29.0088267144257,1,28.3654184714334
1,5.0097707090754,1,11.4424770501964,1,12.4036375275241,1,25.7261950872834,1,25.1178858877344
1,5.85350659852742,1,15.2343007243553,1,15.6899054935214,1,27.0558303334424,1,25.8811095125704
1,7.87861589276958,1,14.8426545695652,1,15.1128245262179,1,27.0583071117485,1,27.352576254586
1,6.8859276467091,1,13.6376029591406,1,10.3463260411865,1,26.2072756931228,1,25.3804606894547
1,8.1410034584822,1,15.2488255015427,1,13.049310425002,1,27.8035013305201,1,26.2110259599411
1,6.40399202773535,1,12.2271539185193,0,11.2043689051703,1,27.1929045965438,1,26.7968562661311
1,5.41307706523401,1,11.5813982268624,1,12.0202264511445,1,32.4067330368047,1,29.9856815338262
0,6.38984051296576,1,13.3764145990827,1,11.1699730240269,1,26.4158656310897,1,25.8680137014626
1,6.74855621928835,1,12.5247537838314,1,12.1174663588352,1,29.2479816831891,1,27.5539954629089
1,6.84773686201408,1,15.3624564655347,1,10.8876254980811,1,25.7374390216006,1,24.2808312093492
1,9.34456039469731,1,14.7986657837719,1,12.5486245771066,1,28.856669736408,1,28.2739248663652
1,5.55828081264594,1,11.616328829744,1,12.3762823030028,1,26.6051425545762,1,25.9938946996642
1,5.18524923932705,1,11.0453973911273,0,11.4606887893278,1,26.1181467119197,1,25.9297886576771
1,8.18693650535083,1,15.725547974586,1,10.164560836381,1,27.2621405097247,1,26.0234170594858
1,7.48801941385147,1,13.2755605886529,1,11.0893125628499,1,25.496684260625,1,25.2413063258727
0,3.59643071562952,1,10.671095743646,0,11.3422377168655,1,26.8827238729566,1,26.3704307982001
1,6.85205385011289,1,15.6058204911129,1,10.3542409464794,1,27.4423509273478,1,25.5651677785506
1,6.52003283462633,1,11.4939244274881,1,11.5097247734274,1,27.5507949848436,1,26.4282678727586
1,6.15083491607126,1,11.1880310364467,1,11.3195539675788,1,26.3434320287362,1,25.7907175301476
1,5.96520438542864,1,11.4635279376529,1,12.1139510655027,1,26.4503553867192,1,26.2542511500516
1,5.32492177711786,1,11.064338349152,1,11.5568476899565,1,28.9493415699156,1,27.4072340147777
1,6.04200833308946,1,11.9106964671764,1,10.6399971912515,1,25.1943225296808,1,24.8702669843454
1,9.31226482471948,1,14.0778096096281,1,8.57746824234897,1,26.0724934746844,1,25.956140575339
1,7.69635252354139,1,12.59213071416,1,11.9700705536649,1,27.7026631874011,1,27.2673817511811
1,6.47295390331894,1,12.1382780427752,1,14.5024022313391,1,27.1532973714677,1,26.6966700997267
1,8.04222833821276,0,15.9408984101388,1,9.3293427707358,1,25.238323310102,1,24.8731888216675
1,7.31220193180274,1,13.9663565147356,1,11.9160208461824,1,27.5412373980088,1,27.0900933309507
0,9.42302533724693,1,16.9847277666441,1,10.7462941212142,1,25.2436167400916,1,24.5529291715709
1,6.25578966794191,0,14.8782309639365,1,11.1744106973258,1,27.5297696249104,1,26.8481783265636
1,4.41064280836106,1,10.4113910791073,1,9.76718914653726,1,26.1131205141943,1,25.6428202394499
0,6.60928882093477,0,14.8642622235953,1,13.2874627581126,1,27.6136780854269,1,27.2906040100311
0,8.59335062429916,0,14.3373049819753,1,10.8735984090791,1,27.3309959041425,1,26.7734906581792
0,10.4644328769383,1,15.4782664552535,0,11.2520693575521,1,27.7488244437018,1,27.2538365779896
1,4.16224158497249,1,10.8735199611399,1,13.2839292457441,1,26.3750825421495,1,26.0419933822266
0,8.42981285098742,1,18.4737128540132,0,9.97713259761289,1,27.2558146018438,1,26.6088591291713
1,3.95122613105794,1,10.7707721071395,1,9.77569457313503,1,26.7751497303907,1,26.6224429928033
1,4.79830100060628,1,12.4979814339888,1,10.4122285866706,1,29.1850159693435,1,28.7739808480367
1,5.31892174170549,1,12.2808160240941,0,11.5445908878241,1,27.9671174763636,1,27.465253779779
1,5.03058167044915,1,11.8715840871686,1,12.8017713177951,1,28.1373652161793,1,28.2221626639126
1,6.59808266112932,1,12.8319781660134,1,9.91179496633308,1,26.162373996153,1,26.3615179248377
1,6.17814990581227,1,12.221688750182,1,12.977269358988,1,27.7101171257264,1,26.8050512606891
1,9.93298566056328,1,13.2404924626315,1,11.3429660277812,1,27.3763057756411,1,27.1584474866578
1,10.1487492124027,1,14.7738642044097,1,10.5724524165462,1,26.5739658905282,1,25.0139148546157
1,3.97281157782084,1,10.9913998633319,1,12.7877014348521,1,27.5407805545249,1,26.3005095193222
1,6.85893282339002,1,14.6321683829946,1,11.2372178870567,1,27.5315395375384,1,26.8003197290819
1,5.01394214645786,1,11.10380222174,1,10.5366134967537,1,25.6883889168963,1,25.2014623220906
1,3.9298194507839,1,11.782384720254,1,10.1740478206693,1,27.4401052390597,1,26.803769248688
1,4.95162676838966,1,10.9925789080265,1,11.8269418756755,1,25.9151030572457,1,24.5528270739829
0,4.36315754189354,1,11.8309389288209,1,13.5624751161054,1,27.1740228367798,1,25.8345798499766
1,4.79375276427547,1,10.9542581910617,1,11.6252867859807,1,26.2939535081691,1,26.0042599150942
1,11.4846515505598,1,22.4627648834754,1,11.1181331577583,1,26.2747591252404,1,26.7439720609946
1,6.99062176343111,1,13.8693581811108,1,11.6594601076222,1,26.3614851605973,1,25.2847639430788
1,7.18257281733931,1,13.8017149733916,1,13.5381899597264,1,25.3584777688737,1,24.5023740503694
1,7.49569664835755,1,17.4356972990873,1,11.6342282602093,1,26.4010554062968,1,25.1371667444561
0,5.70835621108031,1,11.9871353550116,1,11.4374994565369,1,25.2320666234287,1,25.264604941328
1,5.36068761567391,1,12.8658200725902,1,12.804614605357,1,26.7299907892467,1,25.8166473043278
0,5.91993222040798,0,13.7533477763199,1,11.6911347557335,1,29.1448613045227,1,29.3118958620912
1,5.72818759247916,1,12.2674953525988,1,9.43998792454189,1,26.2274528147561,1,25.0258937954595
1,5.63273183217039,1,13.773021363049,1,10.4081128482509,1,27.7110938324095,1,27.3847591316438
1,8.58906347848234,1,13.4734829629493,1,9.85901497374037,1,28.5608654117329,1,28.0804783968621
1,8.21391217828648,1,17.2476713167675,1,10.7848196607745,1,27.2500258117806,1,25.813941096439
0,10.0822094451848,0,20.3897756603516,1,9.41814484119597,1,28.0657439065073,1,26.8849890809747
0,8.12038409825697,1,13.1566749161889,1,9.71500334448843,1,26.2552577339523,1,25.8152049838534
1,6.0122369783334,1,11.2863637691524,1,10.5428316986599,1,26.398162825105,1,25.7067812837378
1,3.60076708254745,1,10.4216667320944,1,9.60753283314493,1,27.1827410842924,1,26.6044467432898
1,5.48500092818409,1,11.8460424737681,1,9.80294586466287,1,27.1705793687013,1,26.8189315105658
0,5.80944491022716,1,10.8539363354816,1,13.8355958142542,1,24.7981833928773,1,25.6576993100942
1,9.35272477646333,0,18.1272879194604,1,12.7753533464196,1,25.8596969881177,1,25.6062899722791
1,8.1996701276502,1,13.4656024140676,1,12.7688070528333,1,25.4935128496653,1,25.3524827009555
1,6.99514298767238,1,12.6974619868641,1,12.6934312965947,1,26.8675022291291,1,26.2558598106596
1,6.22587806949325,1,13.5516702234154,1,13.8195653057474,1,26.2356434046656,1,25.2327831393265
1,9.80969264779403,1,15.4302616820808,1,9.47382491764016,1,23.7720524942003,1,23.6235585072811
1,6.10421457973007,1,10.827426167293,1,10.5218965547566,1,28.4324432125365,1,26.4242221428526
1,6.23870989293013,1,14.0989240912788,1,11.0680707442396,1,25.5222504139292,1,25.6641051160319
1,4.91541160303104,1,11.7030957149521,0,11.9163172016771,1,29.4116363496932,1,26.2950392976653
1,7.05758181158126,1,13.8656085379825,1,10.2372897001969,1,25.5684308501311,1,25.2100138008584
1,8.12036828065649,1,13.1506498385339,0,11.1186301261532,1,28.4201963606471,1,27.5529681920744
1,6.97166280192045,1,15.9607348991716,1,11.1190690841169,1,26.6965429080365,1,26.3335629326615
1,4.4591054262315,1,10.3644440882574,1,10.1544420664317,1,27.3022447607362,1,26.421631065886
1,8.78190804949356,1,13.530196377072,1,9.94766690179734,1,23.8613242783962,1,22.8321870510268
1,5.40270255028968,1,12.8881518078207,1,10.2254211230787,1,26.9045025971753,1,26.2956647886797
1,4.57922532990768,1,12.5494004752907,1,12.317947140545,1,27.4291132716439,1,27.1494470788991
0,6.07972059068764,0,12.6993017497821,1,9.9283120618116,1,26.441258054988,1,25.2891524652718
0,7.13060328235409,1,13.8910644571841,1,10.0762470131041,1,28.6132277644041,1,26.8350380884041
1,6.62468560668724,1,11.766404024513,0,10.6093768853276,1,27.9752536018986,1,25.9874719711194
1,5.25894255790742,1,12.5313824013285,1,9.24973705845514,1,27.2402673501493,1,27.0069951448698
1,5.03132770720906,1,11.9779107072867,1,12.4127926695626,1,25.1565940325419,1,25.6896794072377
0,6.72633957225165,1,16.4819683546588,1,12.8064688971501,1,26.1484440276412,1,26.2462593449693
1,8.79603860100635,1,16.2431811808779,1,11.6453069592561,1,26.882266336578,1,26.6276100774461
1,4.2214239461127,1,10.1145232689498,1,10.934470046675,1,23.7933019888577,1,23.8813077505162
1,6.18316215673637,1,11.565926987017,1,13.2814748283189,1,26.1886751994009,1,26.2635419858167
1,7.18562553090809,1,11.31862725209,1,13.4666684583322,1,25.6870535788599,1,25.2538350247817
1,8.26338495818967,1,13.7540603861612,1,11.4115956144972,1,27.4810431521197,1,26.0766909863206
1,5.37152308910111,1,11.0703156443636,1,10.7397771242285,1,27.3763119925827,1,26.781478204072
0,4.90922340240339,1,10.3449126807464,1,11.4886458719805,1,26.1990843135325,1,25.2371078957424
1,8.88232270280474,1,17.5362348201977,1,9.7784914491726,1,26.985704824233,1,25.0160371010036
1,10.377136754172,1,14.3710165330138,1,10.6951871857359,1,25.8314179023045,1,25.1683635721905
1,4.66426185770862,1,10.4140988176374,1,13.6983050994094,1,26.4826739990004,1,25.6704123879066
1,7.42963393292136,1,16.3104955074993,1,11.0276342605005,1,26.6896048894382,1,26.0498407495056
1,7.35654143511651,0,14.5324125944531,1,10.4610186901878,1,26.3668637112615,1,26.3289288679736
1,6.0596152334647,1,15.2854817886222,1,13.0186649640461,1,26.029630436719,1,26.051578422423
1,8.00033864308139,1,16.194263989786,1,10.8108161579959,1,25.1812504603301,1,24.6558332819044
1,7.29144164065532,0,15.3744224963591,1,10.1901321321083,1,25.9091744404074,1,25.2997792155164
1,3.7753621802408,1,9.99748095349914,1,9.68494569726727,1,27.0367413798004,1,26.6468733106184
1,5.159322210938,1,11.179600888512,1,9.41670241126866,1,27.3426541542234,1,26.1179468008831
1,6.91662623266631,1,13.8250568369858,1,10.6831155739958,1,26.1903164688369,1,26.4537105228858
1,4.91718451222691,1,12.8431122326935,1,13.2535615631341,1,30.5851373375252,1,29.2792753995491
1,6.28412572314245,1,12.9886383299036,1,13.3265258885846,1,27.2457860073625,1,27.3317917363385
1,6.76915656273544,1,15.104265515915,1,19.1607625382409,1,26.2810170130568,1,25.7059459001618
1,7.34853869637789,1,12.7025475445704,1,12.6762036410146,1,25.986935416296,1,25.4765428870759
1,4.08791959813842,1,10.6605676917652,1,12.2893640207274,1,25.9865608640615,1,26.0199895617914
1,6.14056157480639,1,11.8134882428681,1,9.38140292194509,1,27.9134526821496,1,26.9707606799712
1,8.87926769704211,1,12.9278028800397,1,12.348517160953,1,27.3285657839026,1,27.1817812815134
1,10.5531072265423,1,15.0694860000287,1,10.325790813373,1,25.9250727298639,1,26.2890054048324
1,6.02866100579546,1,14.0120797050967,1,10.8376592756001,1,26.181917648789,1,25.0876722953902
1,5.54073649076968,1,11.14638771626,1,10.2465736931615,1,27.5463824537807,1,26.1682991727347
1,7.10952696126233,1,15.7152969140438,1,13.07641255479,1,30.1370490006855,1,29.9828250020787
1,8.26224993365204,1,12.9718837010835,1,13.8775005319522,1,26.3852139070611,1,25.889304079557
1,3.34815674359977,1,9.42379647769465,1,12.1269942142909,1,24.4869870796164,1,24.4979350506242
1,4.95426058517057,1,11.3151829235161,1,11.2647700462167,1,25.354402383803,1,25.9623876026995
1,4.74135136561963,1,10.0341110423195,1,10.8369999366221,1,25.8151625316789,1,24.3880312238022
1,5.26171268155366,1,12.7349621129358,1,10.6702911747991,1,25.1994215123463,1,24.710793378147
1,9.01884173094102,1,13.3368746689696,1,12.5775754093162,1,27.1596238141367,1,26.4528360137006
1,10.9735997741327,0,25.9055309905773,1,12.2756850758897,1,25.752488797724,1,25.614482960422
1,6.09747458851726,1,11.7429694308786,1,10.7679547853582,1,26.1282624944355,1,25.878213342874
1,7.03827591809353,1,12.0684955657272,1,12.0316080349791,1,28.1018796024957,1,27.1084565895937
1,4.97083343044761,1,10.5162952148005,1,10.7906024883002,1,25.3235062423018,1,25.0740902242592
1,8.85318160024545,0,16.7751319930369,1,10.9849809004464,1,27.9144579140412,1,28.2422357542957
1,12.6054397791966,1,19.5665469864883,1,10.8816417228024,1,27.2897129802235,1,27.057425690197
1,5.56422234131643,1,11.1028417844095,1,12.3040209184351,1,28.4050468501477,1,27.1392188308385
1,7.17334254964918,1,13.3777840332063,1,10.6733462429796,1,26.2515650255832,1,25.6274287355707
1,5.42394364296096,1,11.4921888757977,1,11.5034358545163,1,30.2908998234463,1,28.3711329782518
1,5.10889546537265,1,11.0873021822292,1,10.6976023458138,1,26.2868929317702,1,26.3402614208674
0,4.53129840272282,1,10.7225889794667,1,10.0415156254457,1,26.8107746728829,1,27.2949186896059
1,6.40248159105828,1,13.8522208259622,1,10.1163202920848,1,27.0401752789923,1,27.0582550310727
1,8.79650908968029,1,14.4706252105465,1,12.1966521610431,1,25.1188603157766,1,24.6455230574113
1,7.60565143873714,0,14.5851403490855,1,9.69975994914465,1,26.0803962333177,1,26.1421332877497
1,5.33554398914816,1,11.0825524148095,1,8.97792877539226,1,27.570845884506,1,26.2906445830675
0,5.75678621541307,1,11.9638234687818,1,10.6126696484552,1,26.2514450002074,1,25.50252677717
1,5.83507743137337,1,11.7301411846784,1,13.6446234843196,1,28.7421305169802,1,27.4011770157945
1,8.6910754184368,1,14.1459488058029,0,10.0258809901536,1,27.9480846241578,1,26.873990276306
1,7.70383610546272,1,15.2253760764317,1,10.282435716454,1,26.6477122074565,1,25.9623895919971
1,5.04611653905097,1,13.8868850367463,1,9.19185955083885,1,26.7906570627435,1,26.0940365605619
0,5.32684465885966,1,10.7679633614209,1,9.4391526593232,1,26.8558557910494,1,26.6458063844593
1,7.1782637592346,1,12.1761769270467,1,9.87435171145495,1,26.4400641595231,1,25.4133519530897
1,7.52275707669686,1,17.9836243486913,1,11.3708546110297,1,25.2539409327439,1,24.8309907082234
1,6.59834917457264,1,13.7483070666732,1,12.2956515523628,1,28.0341220449708,1,27.2593170916296
1,7.63589892873153,1,12.0366061219204,1,9.25222390753888,1,24.7745560283989,1,24.3205572776726
1,9.98582038601115,1,15.8850754841489,1,12.2347902055829,1,26.3266076570578,1,25.2734468818252
1,6.77422623700507,1,12.7884078625198,0,12.49494090391,1,29.619240302754,1,29.4182123094744
1,7.00396878454035,1,12.258910423042,1,10.1508376631887,1,27.8704615308696,1,26.5469618675323
1,7.34523939757182,1,11.7956997514904,1,11.9767334834752,1,27.6438947728049,1,27.2580637813199
0,7.61176476064197,1,15.7421361794515,1,11.7662235122729,1,27.5567300309602,1,27.7762243048426
1,8.67430056792098,0,16.1052130685066,1,10.8449754033448,1,24.2265370022833,1,24.4299259936061
1,5.40741060534602,1,12.2282737368598,1,12.3549637356543,1,26.5189703927844,1,26.2117624675166
1,6.41088613702583,1,12.75077149036,1,13.5369361170264,1,24.7784900859535,1,25.2820814891168
1,4.78973003344457,1,10.9789926571607,1,9.37201961875309,1,26.4358532964786,1,24.8141736907029
1,4.35476539323652,1,10.5649753355933,0,11.7991224720094,1,25.0675839384413,1,23.9856941074311
1,5.23908069132128,1,13.0260194016905,1,11.3166037590019,1,27.1109684849817,1,26.3309735925177
1,8.74547641810807,1,18.0108029869635,1,10.8919856530884,1,27.8007907031878,1,26.5182685479995
1,6.13115627827855,1,12.1795515663448,1,12.7636828744538,1,26.2812053001303,1,25.8079666746668
1,7.47573677493229,1,13.7885397229336,1,11.7948696500317,1,27.506779990192,1,28.1179483170648
1,6.25470533328567,1,12.8752036964372,1,12.5780321707396,1,25.3119083456831,1,25.4828317119981
1,6.2221081450132,1,12.6323304468379,1,12.0906068533988,1,26.9086719708559,1,26.8399819035156
1,5.3093081365721,1,10.8029706691023,1,11.210652492902,1,27.3633543839396,1,26.5246103002477
1,6.03595633087828,1,12.116443158465,1,11.2188316926662,1,28.3058555804296,1,28.229589240702
1,6.27265911835141,1,12.4453452683999,1,11.4612665362685,1,28.7924566385243,1,27.0288870666126
1,5.58807057877583,1,13.5977221308606,1,11.0889576684133,1,28.1330899241753,1,26.9716191150632
0,10.1633804119081,1,14.0464049972827,1,9.36923004828308,1,25.9989252935046,1,25.001092873266
1,7.78790204322324,1,13.4518854036937,1,9.95884439877445,1,26.8697832456087,1,25.7996221263059
1,5.34245981319396,1,11.2722256210839,1,11.0979959464738,1,27.4750712457039,1,27.2083109914683
1,4.08365452392098,1,10.7549415692507,1,13.070450765443,1,26.9322876259989,1,26.4681987431199
1,5.18246291418597,1,12.6173106224231,1,10.3340186379344,1,24.1481899607408,1,23.9522615840823
1,7.30104285622193,1,13.7394971446841,1,14.2860466619189,1,28.0747182052521,1,26.9865320318465
1,8.44807151730248,0,15.8901519226593,0,11.4636575644738,1,26.0013283188082,1,25.7936533629662
1,9.24798501384031,1,12.7811460956165,1,12.3345937369791,1,26.9749415318674,1,26.7725664122501
1,7.41212746298358,1,14.5437722346909,1,10.9711942585785,1,25.7796300368977,1,25.6519488588468
1,9.09461355871877,1,15.0524526160608,1,10.9057984365967,1,25.7569769009017,1,25.7730540801895
1,8.23465883177453,1,17.4551954424582,1,12.4743747487033,1,27.1688501116059,1,25.9280262518226
0,6.1176902431116,1,11.3475441769012,1,12.461241903088,1,27.8594104535917,1,26.9888470318585
1,5.73374604504104,1,14.1624181828253,1,13.500530240484,1,28.7635391419967,1,27.3468491996457
1,7.98350501111195,1,16.3188161852089,1,13.7560112008952,1,26.8197766953492,1,25.8744306861439
1,14.49358181958,1,25.783304712776,1,8.46427067439237,1,27.7087597128992,1,23.9502949637177
1,5.81667204647249,1,12.3129915787417,1,11.2770714256351,1,25.3359368374806,1,24.4771046400505
1,7.02087892627287,1,12.5397749647756,1,10.2831434445719,1,27.0993157438366,1,25.8323185506353
1,6.56618369570364,1,15.3142727879098,1,9.54550165846519,1,26.2019770246811,1,25.4930506009612
1,4.09406140416165,1,10.35289431041,1,10.9065338408637,1,26.865146647731,1,26.0408225278753
0,5.09268919521431,1,11.1670706263709,1,10.9488683161206,1,27.5438868486749,1,27.3529479274832
0,5.16388553626835,1,10.859048129069,1,11.1755152041099,1,27.0156717752154,1,26.0164394339393
1,9.94280296648916,0,19.9381321948282,1,12.0450994091705,1,26.2543168958594,1,25.7228971382144
0,3.49895975924293,1,10.2099276561526,1,12.3453533333298,1,27.5902317696612,1,26.8543145642861
1,7.4693595501485,1,12.2924479060528,1,10.8526407142512,1,26.1436193331953,1,25.4891987726165
1,6.65859773388901,1,11.4396847001784,1,11.8063351629652,1,26.8286593373219,1,25.9300251141335
0,5.91175214612207,1,12.0534268952672,1,12.6804395864001,1,28.7820864905813,1,28.6549417223246
1,6.36841209653711,1,12.5103195020835,1,13.1042226145871,1,27.7125412415024,1,26.032030803806
1,5.7321344845473,1,11.494763988289,1,13.490389405253,1,28.4113207141875,1,26.5858233519543
1,7.43655470739283,1,12.5563022624671,1,11.2435704689512,1,27.5316409313504,1,26.4937575257285
1,8.43682169599236,1,17.5413497611898,1,10.9751973003779,1,27.4263681241699,1,26.877368737298
1,6.13741319750907,1,12.6931061639278,1,11.8837304186555,1,24.9536656455624,1,24.8571229156381
1,7.29160186989454,1,13.0198742734034,1,11.318558827841,1,28.5381759162157,1,27.8319905046658
1,5.92112031692239,0,11.6910884638761,1,10.8028256837215,1,27.0610172242547,1,27.7900578874512
1,4.02006622200345,1,10.8084838355636,1,11.3208972496085,1,26.9770254365981,1,26.5355091821143
1,6.34962480210143,1,13.8007392865909,1,10.8013911645148,1,30.674715950824,1,27.9724957613787
1,7.26818623986143,1,13.2371463855528,1,10.8299121881688,1,25.0642067349543,1,25.3238840104073
1,10.2390798578024,1,16.3814742468604,1,9.76578474112136,1,26.9930526189517,1,26.349693505883
1,4.8706305787689,1,12.2478297985703,1,11.5220495372901,1,27.8166702009816,1,26.438509052059
1,7.79497843281817,1,15.6402424047665,1,14.5249322220116,1,29.813910372278,1,28.1196271774503
0,4.06912633056682,1,9.69165993724853,1,10.3525709010279,1,25.0486437033257,1,23.9435423194444
1,9.85780400653421,1,16.4650926180483,1,13.7656057253112,1,28.2413820912178,1,25.3798693032185
1,6.66973664310462,1,13.8831386164821,1,12.7500438939711,1,29.989338240255,1,28.3169376124293
1,6.28063355760236,1,11.8040717334836,1,11.0281443377248,1,25.0301713123388,1,26.4289458627378
1,6.05108556537031,1,15.8532560802288,1,9.92187594406618,1,27.5947795115517,1,27.067303806742
1,4.36433422306775,1,10.798433273899,1,12.5637723270483,1,27.4622027205813,1,26.5759763914448
0,7.75012459255988,1,12.7585313005867,1,10.7884723032435,1,25.9553830746109,1,25.1164726409431
1,10.2004509710404,1,14.9733436402027,0,9.96440276693154,1,26.3006162817067,1,25.2477396690399
1,8.49231679158628,1,18.2506845559498,1,11.2223575957533,1,27.9090116626758,1,26.2610020543103
1,7.20851084640859,1,12.4167112053017,1,12.0776203575462,1,27.1973796801588,1,26.4833499895806
1,5.00328296473985,1,11.0201119964867,1,12.0376208808015,1,26.785672639258,1,25.3903142158822
1,4.40709693227179,1,11.0322492615313,1,12.689058076561,1,26.2414869149377,1,25.3939196320144
1,8.35968651603481,1,14.9986259927679,1,13.5374916059541,1,26.8819458772129,1,26.2806401589618
1,4.82514903425892,1,11.7065314754156,1,12.9088348163095,1,28.0320413863899,1,26.1236009179536
1,7.35278817850716,1,13.5466063263727,1,12.3262751740753,1,26.7518183491708,1,25.6697571669973
1,6.22018975015706,1,11.3130079515425,1,11.8824740739084,1,27.7338984426867,1,25.7890865348893
1,11.7194999730484,1,20.9532239692682,1,11.2203575965924,1,28.4938593960902,1,28.2849590561548
1,6.09418367314151,1,11.2630788825523,1,10.526754398409,1,25.7800194165099,1,26.0494239761643
1,5.64854039015924,1,11.5002449678136,1,12.4584504404259,1,26.91173996042,1,26.4198647533194
1,7.72252494474569,1,15.0759912323756,1,11.5399989924399,1,25.8876926459973,1,24.6056304171921
1,6.84885733811918,1,16.6928670096978,1,11.5447426484669,1,27.9237865863479,1,26.9146067488415
1,7.44796134011227,1,11.245651985979,1,12.4111244372473,1,25.1116959559272,1,24.4641186753478
1,4.5931383538165,1,11.6867989858329,1,11.1806967539921,1,26.8499949048111,1,26.5706242860712
1,9.70364128253133,1,13.6625405410388,1,10.348523108968,1,27.1102685205267,1,26.9383590474445
1,3.91342029108675,1,10.042624416049,1,11.4849434826548,1,24.8387903855113,1,24.6587683100644
1,7.93923287600691,1,14.1498341081685,1,9.92333017906879,1,28.0288902554844,1,26.5831728949277
1,6.28862396551008,1,14.537926252232,1,12.571540636099,1,28.6285382790166,1,28.2277974275886
1,6.46546131818281,0,14.3847425766745,1,9.98482542916354,1,25.1311382351474,1,24.0994507498138
1,6.49136721325448,1,13.7687363591892,1,10.6670360306243,1,28.2964611170727,1,26.9678359980082
1,7.11679832559739,1,16.2779542000698,0,12.3380823970256,1,28.8071674782794,1,27.0243138596667
1,9.70814835051129,1,14.6937095754232,1,10.9891977915646,1,26.4761028699604,1,26.3826573908188
1,6.28488507207768,1,12.8788707227629,1,10.5821803929622,1,25.0244164610787,1,25.5800928306285
1,7.05072370647181,1,13.7339822072814,1,10.81138405732,1,26.0790583748149,1,25.8941520414444
1,5.7017367445483,1,13.0543840345036,1,10.853345392333,1,26.8106634602313,1,25.5533844327618
1,6.97573795199733,1,12.4296343017254,1,13.8651864189242,1,28.0052572086319,1,27.2336536762059
1,7.91286076132776,1,14.9265748825894,1,12.4223277113748,1,27.0182537014846,1,25.8137366060872
1,10.4377126832549,1,14.0367861285037,1,10.8523381579484,1,28.9307113696617,1,28.0140243423185
1,8.78677313035701,1,12.6306397582172,1,11.3428866979542,1,25.7436618381125,1,25.6964939176765
1,6.55691575334674,1,14.2477886234564,1,9.25350629008811,1,26.714308954092,1,25.0600990296768
1,4.66553891367562,1,12.1263245566186,1,10.4677517191282,1,26.5950618301498,1,25.9089744395152
1,5.77415710818627,1,11.6086383400807,1,10.6720809751739,1,27.20524511759,1,26.3046396375813
1,6.74029628050259,1,12.7202031690634,1,9.93397318532487,1,27.8664432035912,1,26.9839489185889
1,7.6824183100839,1,14.2639871251418,1,11.6472243777404,1,27.6157914590913,1,26.7842451121248
1,7.19308949880575,0,17.3395139118576,1,10.2396847640498,1,27.4337359416746,1,26.024559744036
1,4.3031350985815,1,11.5224656712946,1,12.0119888060907,1,29.4944058220611,1,27.826867711127
1,6.09736609347491,1,13.4349294653207,1,11.2463699769773,1,27.2257874285239,1,26.5679025770806
1,8.79264124142592,1,18.0006405579164,1,10.4385541479211,1,25.2242352166997,1,25.0236212122618
1,7.25792602537808,1,12.8950484500171,1,12.1232951028146,1,28.2495829970075,1,28.0502014153532
1,4.71761913608563,1,12.4361978146293,1,12.4094194829243,1,27.6805483710935,1,26.4567144764635
1,4.93240906120526,1,10.962516414438,1,14.1628637760615,1,26.4261596730802,1,25.6195929983699
1,3.6284256607116,1,10.4452163205058,1,12.0279881637112,1,25.9109496109802,1,25.2695331031031
1,4.59475450731726,1,11.2774380655222,1,12.8924306414175,1,27.4815302090933,1,26.1442601942977
1,5.94242843554201,1,13.1777574962346,1,11.1750809235479,1,25.2558986747358,1,24.8920436399118
1,8.49462870540087,1,15.9622734474745,1,11.9985316438126,1,28.2809086136979,1,27.5870912191395
1,6.77858590900332,1,15.1976764134837,1,14.6306197631642,1,25.2382254740152,1,25.3133727793067
1,7.3088392976407,1,11.9216458097407,1,11.2764889667908,0,26.7465434778612,1,26.2868038891217
1,5.26267345318967,1,10.7338698427496,1,15.2428843737956,1,27.1083073098524,1,26.396667640688
1,8.57710171091568,0,16.6921751194416,1,11.6184631166436,1,26.6926481984593,1,26.1784149325972
1,7.88820723549856,0,15.0422148933516,1,11.8976346256699,1,27.8964801680961,1,26.9663302813458
0,3.56707078426777,1,10.5883794552513,1,12.962810400044,1,25.0405375548437,1,24.9158098789875
0,5.80340654291409,1,12.4011679995307,1,12.1603058113031,1,26.6358040071947,1,26.3049113208433
1,5.72215549607598,1,11.7325127338583,1,12.3948952895566,1,28.6179697870234,1,26.4793665701174
1,7.65796623391079,1,15.710051765286,1,11.7303602120411,1,25.654285244188,1,26.0668367297969
1,4.78691655428961,1,11.3809196401408,1,10.8641534571515,1,28.8467716829117,1,27.5580676138933
1,8.54761260217731,1,18.6627937848361,1,13.7249151121901,1,26.3421644661973,1,25.792558872641
1,5.77860998585702,1,10.6139094022894,1,15.4925003945732,1,28.8032611809888,1,25.6025966028188
1,9.73044807536902,1,13.046217774323,1,11.7826265960287,1,27.099065238185,1,26.7632868823385
1,4.92222623073826,1,10.8554458918382,0,10.9387607232734,1,24.686022472648,1,23.9021770425188
1,7.73601239665984,1,12.3976599528883,1,11.9996393727002,1,25.5085960235847,1,24.984508207369
1,5.20645911754515,1,11.6189560557198,1,11.3712664580264,1,27.9278593248358,1,27.2320314451284
1,6.88367331346073,1,16.2555910470146,1,11.068852036825,1,25.562323100476,1,26.3674081680746
1,5.82953915708354,1,14.3803130143194,1,11.3012528421305,1,25.7485502141835,1,26.0532114162007
0,6.52104530653267,0,12.5230926071343,1,15.2571150669343,1,27.3709598284447,1,26.9524340492492
1,4.65190006532636,1,12.4735740849769,1,14.9263648935124,1,28.3158240177402,1,26.1437863960901
1,4.86676334924698,1,11.0186595785852,1,12.0583952237294,1,26.846017176049,1,27.2692359146071
1,3.44135811897069,1,10.1038347970851,1,12.586430398514,1,27.2234469087213,1,26.6721038504474
1,5.46871508589556,1,11.9888479150778,1,12.129228827687,1,26.7979779138125,1,26.6126900162696
0,8.95102899864622,0,17.5865749636423,1,11.5263408161898,1,25.7610516685779,1,25.9556671186418
0,6.67456661664325,0,11.7349590271153,1,12.5229985322227,1,28.3759581112469,1,28.5066048100237
1,7.60112746053864,1,13.3867684646772,1,10.3004606751267,1,28.1784570276832,1,27.0330000936335
1,6.95589062493209,1,12.0693373869989,1,11.8236836848737,1,26.2291602331232,1,25.6368207890051
1,8.08405919188066,1,18.9685916872635,1,12.4065372616314,1,27.0944238940103,1,26.3130917896613
1,5.09687237107499,1,10.984737818502,1,11.4742124221895,1,27.0548405634277,1,26.4552259550056
1,7.57074070738217,1,12.4385761442722,1,10.5561962238368,1,27.054647394185,1,25.6159476889897
1,3.75937483348094,1,10.5953696647849,1,11.2974787371207,1,27.9112684575105,1,26.0326993574667
1,6.90312912548416,1,15.656165724229,1,10.7829290170843,1,25.4886853204447,1,25.0434758537611
1,7.33596904533833,1,14.6920111823628,1,11.0314334392194,1,27.4851401340796,1,27.6696820474155
1,4.97523378789449,1,11.7086373195463,1,10.6277672869829,1,27.6752140678804,1,26.8075282743689
1,9.69793840935329,1,15.1587481070607,1,11.9828095159846,1,26.763276081642,1,26.6536825765696
1,8.54542908405907,1,16.2037423632794,1,11.2135860198069,1,27.2612180773022,1,24.7394708276163
1,5.39666687460007,1,13.3123753734872,1,10.2662306658418,1,26.5590299912412,1,25.8798745458404
1,7.42062119212548,1,15.6345778204506,1,13.868733991386,1,24.9448702068622,1,24.8618873147259
1,7.696154495115,1,12.1939771761127,1,11.0461415159176,1,27.0895292454384,1,26.1047028509861
1,6.03348521596839,1,11.2914351005962,1,12.0815591805332,1,25.6884628597039,1,25.959931504912
1,7.02606856594483,1,13.5210716920282,1,11.3439655351462,1,27.4577666872841,1,26.6861570890945
1,5.3523160631168,1,13.1284079609061,1,11.1241656295025,1,24.5057034772061,1,24.8028570523769
1,5.60257260315258,1,12.3067215440335,1,13.0874581783274,1,26.8766816427816,1,26.5435574603228
0,5.29563609926696,0,11.1012950250634,1,11.2775660246694,1,26.3546119453644,1,25.1705681487399
1,6.44985263711156,0,15.1768427917538,1,12.0787761302328,1,26.1973095153585,1,26.1308303421996
1,4.57593909161605,1,12.4145722403317,1,11.390350853177,1,27.911969783637,1,27.5364637570426
1,6.82794057924236,1,14.0598537833042,1,14.161590038335,1,27.4711449105516,1,26.9844842982853
1,4.92156156199963,1,11.4730701764806,1,12.3025694192199,1,28.6484652311583,1,27.7895259329679
1,4.73881904492737,1,11.9888341355863,1,12.3857914476751,1,27.365271639956,1,27.0813629541212
0,7.05319607831898,1,12.8969989199795,1,10.492981553157,1,26.0795979515791,1,25.9552212919509
1,6.45210628639902,1,13.3261602990684,1,9.88642243499876,1,30.0817413236575,1,29.0775593047016
1,9.24223112812274,1,15.2120731379388,1,10.0504290441771,1,26.1351046355952,1,25.6000941274754
1,7.07836544417498,0,15.5071566629256,0,10.8120539504183,1,25.5991254704159,1,25.9408010340999
1,6.74210693200372,1,14.3682374362433,1,9.01678525318044,1,24.7079472283693,1,24.8667076814524
1,5.84059101970799,1,13.3110346794311,1,10.4156147669086,1,26.9377116354831,1,26.7465194581019
1,8.74053947162966,1,14.3464128461398,1,16.641102966221,1,26.8329205166755,1,26.2690879578154
1,6.57757970575327,1,12.4699638224001,1,15.2188863761453,1,27.9210715494974,1,27.613061763549
1,5.34543183856849,1,11.0138575993677,1,14.2019495396925,1,27.0600340853964,1,26.5496228309313
1,4.97440569838896,1,11.5482477871787,1,13.5358207304498,1,28.1019366059858,1,27.512595592335
1,7.07769591721496,1,16.3042704396437,1,15.016208123004,1,27.4656807609052,1,26.6681930448799
1,8.00638339550282,1,12.9136208979487,1,12.3719684362818,1,23.950788002439,1,24.0423483192682
1,3.87772502964785,1,10.7897323594896,1,11.9799702538447,1,28.8748562084287,1,26.14485013525
1,4.39247088866012,1,11.632307736622,0,13.0980088567851,1,27.3170512644847,1,27.7705593666789
1,5.87762903845737,1,11.0727100352294,1,12.1794185375983,1,25.5231410696973,1,24.987157565469
1,4.19430558649798,1,11.172540058477,1,11.2327279881781,1,26.1196391895485,1,25.7240209212006
1,8.40860050792523,0,19.7231304955771,1,11.1353714532999,1,26.8194067581999,1,25.973916025597
0,5.78707234419426,1,11.3600564467705,1,11.7098551511723,1,26.5208020616017,1,25.9391826361789
1,6.97528472193586,1,11.6501031222879,1,11.2379081518012,1,25.1572559821746,1,24.8784883783467
1,5.67086459610535,1,12.3802922803865,1,12.1792151525358,1,27.2086026538403,1,26.6521160016462
1,8.91664047728558,1,15.7001270044988,1,13.2474105894439,1,28.7417559627029,1,28.6232215849436
1,4.16064206350444,1,10.6428047434734,1,9.87320460363412,1,27.1711520856429,1,27.248980784243
1,9.26277852272471,1,13.5503169267388,1,11.0396738250721,1,26.0907073446948,1,25.7598761807678
1,6.79858246322406,1,14.0578408601465,1,9.53629834992792,1,26.0306653003893,1,25.8391798837539
0,9.04428595616817,1,20.1997679314124,1,9.44518778205229,1,27.3773504784931,1,26.8860106168526
1,7.30011171446751,1,14.350836132037,1,10.3095333066932,1,27.387652660041,1,26.2522322165195
0,9.53133184784333,0,16.0407645765499,1,13.4178707675307,1,28.5353220274306,1,28.290943301946
1,4.81514432803772,1,11.2617351030153,1,10.6591270622464,1,25.2106743255062,1,25.1462920220262
0,8.0151117003791,0,16.249982355087,0,11.6452818228548,1,25.186353639628,1,24.9852643585912
1,5.8407532242098,1,12.7886077205967,1,13.8754177307482,1,27.3951333335209,1,26.6448587576253
1,8.77364220500837,1,14.4091762032555,1,10.0091618021513,1,26.8368153640915,1,26.214288954214
1,5.39229816023166,1,11.5413444525605,1,11.2206581374477,1,26.9741429802975,1,26.3850930469052
1,4.8313315141857,1,10.6624367798983,1,9.51357593379466,1,25.5608675708113,1,25.4038353743902
1,4.61375864691465,1,10.8219722207287,1,13.5775119502865,1,27.3637075515421,1,27.3201714601275
1,5.35615776181555,1,11.6880525157422,1,10.7269536170577,1,29.6049712967168,1,28.4134937269299
1,7.91420040638935,1,12.1321346592668,1,10.9119578338091,1,26.577075202561,1,25.3185817178788
1,7.27060777053645,1,14.2954492338965,1,11.121493617588,1,26.3443873599627,1,25.2258807601687
1,4.25147283883825,1,10.8151766380734,1,11.3738345428773,1,25.496627551521,1,25.758511142942
1,6.35072929058117,1,12.9622519595108,1,13.0843679689837,1,26.6167353791915,1,25.4587975309147
1,5.18126349055085,1,12.4064544884847,1,13.6040267812855,1,28.1356593709008,1,26.3833807713699
1,6.7104620481039,1,14.933911164566,1,14.2375846210703,1,27.2319425634809,1,26.004026461442
1,5.19852525948054,1,11.2633540820054,1,11.2162151797353,1,24.9857524739325,1,25.4575534131688
1,6.40725126864001,1,14.3294999890807,1,11.7758880952595,1,28.8712495460467,1,26.3561019296201
1,5.72313815637858,1,11.0131826383853,1,10.3969509556336,1,26.0043560102311,1,27.2337828415324
1,7.79645401363005,0,15.8207501998448,1,11.8573942620118,1,27.9193848559412,1,28.0134270330118
1,5.67017067289007,1,12.5817607375954,1,12.3636594743808,1,27.7883552953496,1,27.9299751698489
1,7.60502441237122,1,17.2791792910671,1,9.88182537614775,1,27.707257169077,1,27.0293663954551
1,9.11024179142147,1,16.614356670426,1,9.33047764292147,0,24.7884990600518,1,24.4401055742846
0,4.87212048199577,1,11.1421212408561,1,12.0914152649754,1,27.1890786405662,1,26.3967027522255
0,6.37607038388878,1,11.1996103003738,1,9.73059629037211,1,25.9474554139364,1,26.2523675846674
1,7.28103274524125,1,13.9110732256277,1,9.65113000258141,1,26.5764044475406,1,25.6981074297392
1,5.94691369469092,1,11.2599492368286,0,12.6378717752947,1,26.065709588368,1,26.0115080546205
0,5.95130038046369,0,13.1980646042712,1,12.2606726669276,1,26.9740673642005,1,27.0263971418148
1,5.90486562517231,1,12.137817280496,0,12.4002583842045,1,26.8779225153887,1,26.165962878389
1,5.22626271803996,1,13.0170582064805,1,11.5963721770299,1,26.0926141383567,1,25.8707843582569
1,7.74380842602763,0,19.9723833668473,1,11.8366465741483,1,28.4011195573992,1,27.5101587927556
1,7.19371894000915,1,16.5401391762145,1,10.1888076884728,1,25.7003968858121,1,25.9910650805944
1,5.48008230920733,1,12.1301518665372,1,10.3788461132404,1,26.4119664141317,1,26.5626552636044
1,8.34525359901586,1,17.014792770435,1,11.7062450928612,1,24.8580186361077,1,25.3673997680582
1,4.41831619972478,1,10.6372526587056,1,8.98935834935859,1,24.7334057268879,1,24.0408149234101
1,6.4838884225126,1,14.013335713793,1,11.0184201315523,1,26.0931945865435,1,25.7555698300409
1,6.10561213122751,1,14.1303216008301,1,12.6038175557255,1,29.4972206302263,1,27.8771653457336
1,5.18153088840404,1,12.4179767712734,1,16.3243236253971,1,25.9856154890798,1,25.967767643178
1,4.99571086244216,1,12.2096385672295,1,10.5434550599044,1,27.1399163857953,1,26.6437470731123
1,5.10577210704829,1,10.8623261689433,1,11.0222942473067,1,26.7858025822997,1,25.546334873709
1,5.26528485142047,1,10.9493384550908,1,12.3575054356514,1,26.6029486317326,1,25.9260477363782
1,5.59579511805781,1,12.4984978815223,1,11.5278683432096,1,27.8067578738817,1,26.9690225107181
0,9.70226511745294,0,21.7207329296775,1,12.0318907339289,1,26.4218135872225,1,26.2686277256759
1,5.2972186721269,1,12.0892014220968,1,11.2905851746768,1,26.3399562267605,1,25.9519952738302
1,5.13002516913971,1,12.1329091463771,1,12.9350368376431,1,26.3441710807025,1,26.2758310173104
1,7.50399321485621,1,16.794301950158,1,13.1233112767261,1,27.2927096614272,1,26.8391173954368
0,5.12655040443222,1,11.4016831394356,1,11.4318467586281,1,27.0996336525068,1,26.3304830782983
1,7.56109792935227,1,13.6369316671734,1,11.6400328340101,1,25.5469014775907,1,25.626674552136
1,7.62433909881348,1,12.0839002289175,1,11.2986934544739,1,26.328356901754,1,26.1906799371468
0,5.34268849104018,1,10.9721718231476,1,11.6180222508666,1,26.015744242747,1,25.3248472596768
1,9.67425453884331,1,21.6437273796446,1,12.4700726529508,1,28.844091572638,1,28.6316693587977
1,6.7945812003487,1,13.7873766048808,1,10.2992095890755,1,25.9733126320788,1,25.9659391392026
1,6.45819354987779,1,14.3710334715878,1,10.5263945795789,1,27.8786352893574,1,28.1630678455371
1,4.95200021886956,1,11.8842789747681,1,10.3573673658077,1,26.872760730729,1,27.1157563904817
1,7.11235008683351,1,15.6535334396816,1,9.74812644759934,1,26.6045259134181,1,26.5344791546584
0,11.080505993839,1,15.5981302852864,1,10.2779423352585,1,26.1059127843604,1,26.1308911197014
1,11.0886905801169,1,15.7028757514369,1,11.2009187656992,1,27.2569752374856,1,26.3359557900311
1,9.93125179945013,1,20.8849889406396,1,12.3309548190652,1,26.837031435417,1,26.985681669693
1,6.52915879663039,1,12.4738033004392,1,11.3334727801507,1,26.8333907058549,1,25.954367153748
1,9.83414102882725,1,15.11093851978,1,14.0071273073388,1,27.8233843680328,1,27.6999800313786
1,10.8747204373322,1,16.2613008783463,1,10.3996396304918,1,26.1602317731568,1,25.7623337535715
1,10.3153461613521,1,15.3500454195461,1,9.14874415959822,1,27.7925137534925,1,26.7956908259577
1,6.98226275800247,1,12.4826243417748,1,11.5371489062953,1,25.9217286939038,1,25.2287036527082
1,9.71138088986222,1,17.0556965721555,1,11.7711696117667,1,26.700658793372,1,26.0861677895071
1,4.84894672388494,1,11.8468234480538,1,10.6036254539846,1,26.5647120579256,1,25.9733219500399
1,6.11065481907553,1,12.3401150278822,1,9.08881147233615,1,27.2966849989784,1,26.2443720687289
1,7.8155554356797,1,21.0617047581288,1,11.6700873887856,1,26.6503916967206,1,26.7070791925878
1,5.79653754747179,1,12.6622889041095,1,11.8261450934957,1,25.4054322037145,1,26.0567555948772
1,6.82608425537736,1,15.4727695962851,1,13.8686014422266,1,25.2463958677366,1,24.8749479079984
1,6.23745388486885,0,14.2421237500954,1,12.059378711032,1,25.4847993768087,1,25.6642728493465
1,6.30005337614823,1,12.2937330292705,1,11.6561162212595,1,26.7550388808138,1,26.3975081061299
1,6.5695182332805,1,12.3439270266043,1,11.2681086281048,1,28.5418371540957,1,28.4183287399884
1,8.16297979705784,1,13.8352680929969,1,11.2538817258471,1,24.426468038417,1,24.5941762399139
1,5.57530011524219,1,11.6635761801026,1,11.4182136736537,1,26.4906469875471,1,26.2364771745277
1,6.71381566855858,1,13.5191121209242,1,13.4705769664282,1,28.0067253317494,1,27.3161813928641
1,8.09147466639338,1,14.091041536293,1,11.110891143987,1,27.8140561840385,1,27.4524205884772
1,4.61480488009495,1,10.967661819717,1,12.0136160620569,1,26.7144094469317,1,26.1488139584403
1,3.99693288984608,1,10.3515092027416,1,10.5041232771847,1,28.0023420054122,1,27.2091964302235
1,6.11879374525444,1,12.0980817659595,1,11.187695536908,1,27.4612409205427,1,26.3451964484953
1,8.05002216784756,1,14.050689573853,1,10.9972099225819,1,26.1940272162878,1,25.207467908426
1,6.22096038425767,1,11.4623744819593,0,11.1884113500329,1,26.7167620328966,1,26.2607289600927
1,5.876606750989,1,12.1155198088811,1,12.6399606094181,1,28.6157064540967,1,28.3429236649646
1,4.78876989711146,1,12.2267298158123,1,11.7863143651231,1,25.441834750082,1,25.6266641012034
1,5.57424402948396,1,14.3544239355048,1,11.6482582138714,1,27.5216171770148,1,26.5747929231706
1,7.61439735024853,1,16.3723646050058,1,11.2680096886812,1,27.0219046851314,1,26.1109832169293
1,4.92261201460629,1,11.6445648746235,1,11.1856589849152,1,28.1139056179415,1,26.9980466104945
1,9.8946598403672,1,13.6026068301995,1,11.5265862298986,1,25.8235237816148,1,25.0684847439348
1,7.48556432550123,1,12.2366582782477,1,11.5962859685343,1,28.1159809963679,1,25.925389380807
1,10.6490723780215,1,23.6866477276195,1,12.0554489284783,1,28.3833743150411,1,26.4114475771323
1,7.5033771632307,1,16.01895537998,1,12.8918668805923,1,27.7063256701503,1,27.9561112032747
1,5.88159890713189,1,14.0203621004852,1,12.8188558206946,1,27.7633717273036,1,27.0026374614422
1,4.90023620670069,1,10.7880434876341,1,13.8487899854869,1,26.6472451850656,1,26.1744355810048
1,5.57902676254596,1,11.6448714984361,1,12.0645223482045,1,26.0817751624244,1,25.861062824909
1,7.92637186360799,1,12.2206913020084,1,11.246940742653,1,26.6286761404545,1,26.7650059340306
1,5.05682346527917,1,11.5613497038374,1,11.5338608787944,1,27.1213431684231,1,26.0403339899886
1,5.52869409934849,1,11.1216401309466,1,12.7394171399829,1,28.1977394119017,1,26.3183497438658
0,5.65829723801875,1,11.3510806207793,1,10.268854751412,1,25.544674929488,1,24.7731950076831
1,5.54395020104457,1,11.9475887121202,1,10.337644065524,1,26.6621037035631,1,26.6005140220697
1,7.84437443590963,1,14.1838692505858,1,9.62337919631528,1,25.8064037264233,1,25.3303561966489
0,7.03944437229463,0,11.2141200984789,1,11.0488163491369,1,25.7566132029498,1,26.2072266883906
0,13.7043372828481,0,17.4297182619036,1,10.987827682055,1,26.1818012106036,1,25.7382144954115
1,9.002264694165,1,21.2080007716233,1,13.4382946420622,1,28.378927490126,1,27.3289444377959
1,6.8445308407122,1,12.1475384079925,1,12.6562090943872,1,25.4259396664983,1,24.9520292157377
1,4.98301531833284,1,10.6244918336949,1,13.9632657914174,1,27.7160082283208,1,26.5695299607588
0,5.94547871255423,1,12.6344382246515,1,12.2442805703865,1,29.2348698992989,1,27.8681818543557
0,5.36256224974333,1,12.227474694054,1,13.7427450413559,1,29.961593607916,1,29.3618110404551
1,8.79760514226243,1,15.1570782323656,1,10.3595636073391,1,26.1813394772794,1,25.8576927928841
0,6.61937469227655,0,15.5163222707326,1,14.4260306013496,1,27.8450794989319,1,25.7873281641246
1,7.3952396694022,1,14.5872309137701,1,10.7963964555805,1,25.1284070778282,1,23.8611736477055
1,6.02799215661626,1,12.8480233181601,1,10.1253235992193,1,25.3371495903804,1,25.1509526682687
1,5.22800470748187,1,12.2622483938727,1,13.9802060235045,1,27.2862890556227,1,25.9688701740273
1,5.58516151537565,1,10.5613347363439,0,10.4328254600959,1,25.1517496620697,1,24.9546352334316
1,5.80420858717281,1,12.1074767860105,1,9.12373937164197,1,27.2068682439162,1,27.2726368432093
1,7.56737350508489,1,11.9427826699407,1,9.41066911484447,1,25.2419483651835,1,24.0945218893249
1,5.40441202971744,1,11.7309924754362,1,9.22479491556133,1,29.2644024524174,1,27.7625398371788
1,5.95750451099806,1,12.3129948370506,1,9.94091682090139,1,26.0179054792379,1,26.4972698153933
1,5.34694652565086,1,11.4248951514208,1,15.6086828145252,1,28.4472980125903,1,27.5685176746727
1,6.68567628413239,1,12.9941543109823,1,10.6311283438357,1,27.3867374413263,1,26.3533526685956
0,9.26067481068217,1,15.961207751369,1,11.3982142473926,1,27.7258011352747,1,27.3720698750214
1,3.19150577403305,1,10.3214533710592,1,10.1722850593448,1,24.4906610611182,1,24.1197037301414
1,5.18984757030011,1,11.5250017974511,1,10.4409759033442,1,25.2046160648332,1,24.7390511232464
1,12.0785221409375,1,21.6592543742027,1,16.1045513671083,1,26.3218164477816,1,26.3529141332209
1,5.59053008917945,1,11.1850487163399,1,11.6222430626358,1,26.2360410225225,1,25.7532243088129
1,5.38858180168302,1,11.1078101865455,1,18.4607934585073,1,25.528501870789,1,25.0260897932408
1,8.4818140357932,1,14.2987888295125,1,11.7193945421862,1,29.7069838992725,1,27.2918487423669
1,6.43530033046892,1,14.7750510441463,1,15.1269443623905,1,23.5795886988124,1,23.6231363785851
1,7.08659342254935,1,12.5368549067685,1,12.698656346071,1,26.3025123824828,1,25.8340365306413
1,4.02910478405221,1,10.4856619704532,1,13.188933696998,1,26.5238384705644,1,26.4730517426716
1,4.65829569105819,1,12.1774242314485,1,12.0082554027763,1,27.1540293505498,1,26.9054832709028
1,9.18961563404439,1,18.5932701236969,1,10.9151205006043,1,26.4368211609953,1,25.8298151611128
1,6.55551742638905,1,11.9945235119764,1,12.2970525014393,1,27.1898868410638,1,26.9068747531716
0,3.69530071360096,1,10.9903577651255,1,12.130499008521,1,27.7973402381351,1,27.1560615175482
1,6.23202025490708,1,14.2478644979344,1,13.288753789352,1,28.3477999513104,1,27.7161470883356
1,6.38851657313371,1,14.4342474137651,1,10.8707020495509,1,25.8365754279088,1,25.4573310539346
1,7.49595656706145,1,14.6688512082535,1,11.5946754025866,1,27.591110842161,1,26.2905738016633
1,5.94627579263332,1,11.1545408449785,1,11.4503152139055,1,26.0726565605453,1,25.9504576281235
1,6.58843373785567,1,12.3548535693215,1,12.8716211394373,1,25.2534455163217,1,25.1809806963837
1,6.17882948584083,1,11.5009283288505,1,11.8328884921946,1,26.8614615605772,1,25.5011929495417
1,9.51205012502094,1,13.5127155652297,1,11.8946182475936,1,27.8542795159957,1,27.2807433218717
1,9.51203779858568,1,15.8563670605896,1,10.2153397426055,1,26.3472782719159,1,25.884446228241
1,4.64674821472103,1,11.8516440364395,1,9.92152536052879,1,24.7415735401825,1,25.1863723964166
1,5.70291836428595,1,12.9343098036379,1,13.311437622376,1,27.5399647451272,1,25.9479465006601
1,5.32395871209422,1,12.8080059909351,1,11.439434995696,1,26.5213502675668,1,25.561136342634
1,5.44666192159566,1,11.1891728592552,1,13.3675612646104,1,26.3039634772335,1,25.9046668791894
1,6.44333570083107,1,10.9563492603858,1,10.1931469665747,1,24.7978172432492,1,24.1442776275047
1,5.58046488220354,1,13.9581912947641,1,11.9696832562891,1,26.0146627885948,1,25.682359385014
0,6.55655166541271,1,11.8486844764732,1,12.1230927389265,1,27.8074373053278,1,26.6807033760088
1,6.70435060940682,1,16.950385995881,1,9.53825771003195,1,25.4254531248987,1,25.306421388523
0,5.68246209832318,1,13.2724932980467,1,10.4147285164273,1,26.3274016013866,1,26.222264619523
0,6.08004966399507,1,12.4406289360443,1,10.9885553076462,1,28.845068338806,1,27.7472366021139
1,7.90545570668592,1,15.0977906681533,1,12.6751881900295,1,27.5703716540092,1,26.4547899680525
1,5.76347180137794,1,11.8386661041401,1,13.151313710018,1,27.5693676476809,1,27.2533380846038
1,5.95807744401522,1,12.4126560541838,1,13.7859046498182,1,28.2487683412285,1,27.1489614397884
1,7.23684976829171,0,14.9958845951814,1,12.7782153140609,1,24.1378609527752,1,24.2548244908501
1,5.95278582530618,1,12.4617261214701,1,12.4709398410419,1,28.3811234493354,1,27.7868398471231
1,5.71109116711781,1,12.4896169521056,1,11.7602471096258,1,29.7273776553681,1,27.1356640365575
1,9.26433909760775,0,16.4686552614824,1,11.2556428242682,1,27.0354284442048,1,26.6192999563508
1,11.4420131734237,1,20.2437406729933,1,10.9727856960122,1,26.5238113162653,1,26.1993168941355
1,7.09212756383092,1,12.6057125341428,1,10.444764266268,1,25.7667797833926,1,25.5166155826563
1,5.81971715748801,1,11.4731075082153,1,11.6376951375236,1,25.9115471573874,1,25.6538036632846
1,6.63305946715133,1,14.4860135020455,1,11.961198774837,1,27.8129178783554,1,25.9480083619708
1,5.66444513591848,1,12.5197030832866,1,11.0954538119244,1,26.6970579755335,1,26.1654692969692
1,9.08036125954753,1,15.1582955633958,1,9.11109717319338,1,26.500646567027,1,26.4716642810816
0,5.19966791277451,1,11.4216363010311,1,13.0240075629451,1,26.8408966713763,1,26.0299303453279
1,11.1594702702382,1,16.1051582696443,1,9.47544887908957,1,26.4423688414851,1,24.9847327599512
1,8.58961186939846,1,11.8316864614125,1,10.4211691998106,1,27.1048737567142,1,27.3153127157569
1,4.35166149192067,1,9.91330442746921,1,10.7374860185995,1,26.0204032882438,1,25.0811624411504
1,7.19371008088919,1,15.052390575002,1,10.8668921041021,1,26.8507968240342,1,26.1237495390152
1,7.42955454292254,1,13.4016091202554,1,12.2867023106638,1,29.3954823236614,1,26.39676682877
1,11.7648829784235,1,17.1982359477625,0,10.3752012539288,1,26.4780955921471,1,26.5718402258905
0,7.53065309167363,0,15.2526616750505,1,12.3112635112631,1,28.4972972854943,1,27.6072230212241
1,7.47894304853196,1,13.3083334563558,1,11.5588251392677,1,27.9637144573578,1,26.9813030859113
0,8.34632427905228,1,19.113395965183,1,12.4537671075304,1,24.6207093579775,1,24.0123522452923
1,6.01478161663339,1,14.7028715832361,1,13.5016446690038,1,29.1957310153413,1,28.0840014278826
0,5.53284570154448,1,13.3726902682647,1,10.8786209943152,1,24.1120236078345,1,24.0583862921725
1,5.36267610967996,1,11.8116445964764,1,13.5992438703926,1,29.0619453220818,1,28.1812042937724
1,4.15424910184438,1,11.5639391071076,1,10.2510077238446,1,24.2131170549091,1,24.3724507867408
1,5.38301750163648,1,12.9030119578798,1,12.2428227652728,1,26.8631792903901,1,26.8375339566768
1,9.01880592177149,1,17.5250328192628,1,10.6297594282582,1,27.1756010802733,1,25.7978110873625
1,7.80055670717069,1,17.3137818505122,1,14.083979419534,1,29.2478005641277,1,28.9691150222791
1,8.99294800202573,1,14.7640631756463,0,15.4568480789673,1,26.9059689176472,1,26.4041851454827
1,4.85052588349462,1,11.2048601220184,1,12.1871966488381,1,25.8553945873619,1,26.1919275539138
1,10.0021744859858,0,19.8086157520861,1,12.1707816050543,1,26.2838558177719,1,25.4390309732836
0,5.96074575989651,0,12.3928847507943,1,9.833325350778,1,24.5514085575956,1,23.7171830219679
1,11.1014983373772,1,18.5257034581427,1,10.4931935947437,1,28.7787299768101,1,27.0359565139592
1,5.98081681527941,1,11.745929906914,1,12.0848739078215,1,28.910752715576,1,28.6252711852859
1,7.59096701593036,0,15.2507066570571,0,9.2588614933881,1,28.0851140716592,1,26.7829610831532
1,6.65086587526194,1,15.5384438918279,1,10.1129711544284,1,26.0584950530976,1,24.781552271656
1,7.5129069217883,1,15.8317676622754,0,11.5436477693615,1,27.8776987352587,1,27.1945061468703
1,4.17380339789853,1,11.3777058541172,1,8.7547775299694,1,26.1006836689044,1,26.3631678500653
1,6.71651528536002,1,11.8868941913598,1,10.0747726452627,1,27.0050747576686,1,26.7608023342921
1,7.70892526780953,0,15.40662088537,1,11.8890041908517,1,27.0845674273533,1,26.6523926840891
1,8.01831607978564,1,13.1213215518911,1,13.57105417405,1,30.1206555616126,1,26.4816489967372
1,8.06026034018596,1,14.8938202827143,1,12.7304292401511,1,26.3810135801794,1,25.7414162682557
0,4.03189352025239,1,10.4052454146739,1,11.9843379893339,1,26.793439927913,1,24.9503450317726
1,8.92215417992842,1,14.9237607651745,1,12.1204742414718,1,28.164182301277,1,27.1603095884864
1,6.58534556513561,1,13.0095811398545,1,12.9865091371262,1,26.7066707590975,1,27.1355042052193
1,6.53511207434365,1,14.1260193086537,1,9.67835870288545,1,27.1826395887029,1,26.974499835542
1,4.98192964896487,1,12.5906663406071,1,10.5295993730653,1,25.227007604864,1,25.0582373496941
1,5.6117350214135,1,11.8651635400078,1,10.0525466383185,1,25.7554355458824,1,24.7821227788341
1,5.26803014269001,1,13.8474376094254,1,12.4546506396055,1,27.9219331504173,1,27.7846365961635
1,5.53362527342605,1,13.2019184681928,1,11.9202440715155,1,25.6687113249221,1,25.5593470158084
1,6.40109616977812,1,11.542329139528,1,12.5674299797135,1,25.5934394692875,1,25.9552099866397
1,6.13853861263434,1,12.0209701690219,1,13.847747872841,1,27.2677727608491,1,26.6191976748472
0,4.83531028758491,1,11.3871818034617,1,13.114821893167,1,26.5896004499069,1,26.4878608390365
1,5.03946542239044,1,12.3832175726929,1,11.720549667007,1,26.8246988309249,1,25.5757815536297
1,7.192644764087,1,13.4455406199099,1,11.3877681310707,1,26.5385777383838,1,26.6627882596964
1,7.26378168084896,1,12.2497854692777,1,9.39707737336787,1,26.9034241584003,1,26.7494527931566
1,8.37022123029526,1,15.9261007714043,1,10.2021088072963,1,26.5186889714146,1,26.3535979858907
1,5.60462746857944,0,11.4114232504367,1,10.5559385115387,1,26.9673938186107,1,25.4689016149736
1,6.99961166733424,1,14.4496472088247,1,10.1341232511487,0,26.8025494107038,1,25.9529309455225
1,8.37986696645374,1,19.3602463838738,1,9.10719043412361,1,26.7269562113815,1,26.5639043258333
1,8.5882018430242,1,14.7383035249095,1,10.7188243965386,1,29.3675101520417,1,28.2644417342971
1,4.1575649048299,1,10.3219932734018,1,10.0769314335777,1,26.7735745529875,1,26.6764968059235
1,9.73008526998155,0,19.971362847136,1,8.51317510353857,1,26.2275906170777,1,25.330698933143
1,8.55204021292804,1,16.6124491553451,1,8.93878886369868,1,25.6070121504731,1,23.871059383122
0,8.10359670287486,1,13.6031076093648,1,13.2550800914816,1,28.5293250892286,1,26.7441736878526
0,4.32740720836099,1,10.7257603807377,1,13.5907461270792,1,25.2799961850434,1,23.5588485137845
1,4.9261493547406,1,11.339267379936,1,12.5238252424974,1,25.1115328522661,1,25.2890467992424
1,11.2918188209237,1,15.4819878044737,1,13.3363107443753,1,27.6165455858018,1,25.9333973804736
1,7.38672698675035,1,15.1361737370069,1,12.4516877866202,1,26.3758818612961,1,25.9315076983038
1,4.73313829488093,1,11.0343119292603,1,12.077589546668,1,26.662935976502,1,26.5880039606839
1,7.73150963986271,1,13.2827679923919,0,10.9609111636562,1,27.4630894328063,1,27.4111901964927
1,5.93553908891396,1,12.368348755138,1,12.7967928166458,1,27.2765860616643,1,27.0753260225063
1,8.04900917670949,1,13.1687361269235,1,13.7716057617689,1,26.8713051054493,1,26.4860058152516
1,7.50577245782475,1,13.9364121355174,0,15.280102986035,1,27.5159682360483,1,26.0509271338813
1,6.58406863669148,1,15.3022287315217,1,16.2769545319978,1,26.1860962145272,1,25.096387351752
1,7.97420331965102,0,13.3719128003433,1,9.91292530707501,1,25.5201083027905,1,25.1890714234865
1,8.09854099378537,1,16.9843441604926,1,10.0963452615771,1,27.319587197948,1,26.4016537446069
1,7.64731867318509,1,13.8600914283599,1,10.5272366775679,1,26.2954384716152,1,25.5554354669137
1,6.48703409337296,1,13.3852202602523,1,10.8851183234313,1,25.9027414335276,1,25.6448687313848
1,5.97714939635059,1,12.2283773196686,1,13.1194215176393,1,25.2853838718566,1,25.0073517825295
1,5.92198429022015,1,11.671351204666,1,10.0437710344327,1,27.3597204167168,1,25.6033573107305
1,4.32951165312302,1,10.9949849489514,1,11.9394668131013,1,27.727787224194,1,25.8228330366835
1,6.84217269545715,1,11.7721110658474,1,10.4303871015668,1,26.8747801079293,1,26.2959964496378
1,5.06676597790088,1,11.3884541130896,1,11.5426954106756,1,26.2060221806407,1,25.4986852361441
1,5.02347072044298,1,11.195286819795,1,11.9885918321264,1,24.1768285444795,1,24.2310505285847
1,4.6555793564895,1,11.4730183843285,1,11.5683923055348,1,24.7686581090839,1,24.6027626310259
1,6.9353587704499,1,14.8718884919956,1,15.82749242605,1,26.0220122535784,1,25.1445807958099
1,5.09782580516804,1,12.1765460892958,1,12.2423254581672,1,28.8566761440721,1,25.9282401490891
1,6.75830316101386,1,12.1739227520102,1,14.5436204398375,1,26.2194678280395,1,25.8920835678986
1,5.03985134326947,1,13.0060589799115,1,12.801073828506,1,26.4175988540756,1,26.3597909316585
1,7.81262149468839,1,14.3643463416753,1,14.3599058245129,1,27.1013675360492,1,26.6584722994766
1,4.72767005960637,1,9.76520586969949,1,12.7723843655432,1,25.8976850165382,1,24.1832042221095
1,7.21954430639253,1,12.2912228006453,1,12.8094060406129,1,27.0436980024089,1,26.3484238439943
1,7.04650537205118,1,15.6714211986081,1,12.5698677298103,1,24.4472794362938,1,24.2523944245652
1,12.2071412095194,1,24.2142074771784,1,12.1894624186922,1,28.2727470916718,1,28.0844064980755
1,6.13768625573733,1,11.7549553949412,1,10.5890390982599,1,25.5950594851977,1,26.1904503188913
1,5.73633278421992,1,12.897626507688,1,11.0884472376206,1,26.8917986296158,1,26.3745949583102
1,3.96683692638971,1,11.1038217853005,1,11.1721578423461,1,27.6259783754018,1,27.7833810767634
1,5.5926331231198,1,13.0660038709323,1,12.5359313027987,1,26.4749347701294,1,25.9907910607794
1,4.98588230014992,1,11.3377633019765,1,14.0828033649942,1,27.3016952869349,1,25.5083450115763
1,4.82754029221703,1,11.5078432572799,1,12.5452540277847,1,26.9354129615868,1,25.8628336674947
1,6.88419063316743,1,12.4283581356281,1,14.4708787067828,1,26.7080340020109,1,26.7191291516518
1,8.32042272699034,1,13.6060868240138,1,11.5058050407762,1,26.6074852759714,1,26.0871632626272
1,9.76553331088015,1,13.7440850177377,0,13.2994667479231,1,26.8125904448278,1,26.308550111802
1,7.01874134033159,1,13.4286318870264,1,12.9956209266512,1,27.9329289865905,1,27.0304238306819
1,3.87452660453669,1,10.0034119805711,1,14.8053152315234,1,27.6510193154544,1,25.9771915948109
1,8.78497476720684,1,13.1134756037994,1,14.2641161547311,1,24.6571214180356,1,24.219709317721
1,7.74322601224452,1,17.2335881723863,1,13.31668966897,1,25.9653894785707,1,25.5249762295104
0,10.1713387781862,0,13.0827980370204,1,12.7035333430698,1,24.7789977492312,1,23.8484957658932
1,6.41181929298467,1,10.4725743209,1,10.6063886980457,1,25.1874442166745,1,24.9923986276859
1,4.98174792664969,1,11.2801434539319,1,10.8940611976127,1,26.5895803213795,1,26.4557036182812
1,3.84309795073751,1,10.9615823317873,1,10.3566304495494,1,26.5710527288333,1,26.4675001681805
1,7.9285872046257,1,16.0320655518203,1,12.6088413644425,1,28.6680156812798,1,28.3558002419327
1,5.94222927514564,1,13.076040018074,1,11.1104472985866,1,24.5026253082984,1,25.2998031973266
1,6.24319426244722,1,12.7959444053895,1,9.21630018192818,1,26.9557842796633,1,25.6301400258157
1,3.76890873726079,1,10.4209763051918,1,9.79016171605719,1,25.9817604878594,1,25.254660331908
1,4.71984602588971,1,11.8994660391743,1,13.4186457597219,1,26.6809634666555,1,26.600275448484
1,8.60644814532491,1,14.4618598225027,1,11.9245370484609,1,28.5703903768544,1,26.2362664242611
1,5.35887502751509,1,11.037150315913,1,9.52658016219494,1,25.6304174231676,1,25.2581456690044
0,5.01349424638838,1,11.0073881678923,1,9.98410593828492,1,26.7697583750536,1,26.1105609719122
1,8.71593057690967,1,17.6639829151483,1,11.2519799157535,1,25.6558668930394,1,25.4358591073277
1,5.56841132861005,1,12.5666235175739,1,8.77143951390663,1,27.7634406155501,1,27.0313994096685
1,4.85679316435417,1,12.0243408803199,1,15.7852954017447,1,27.1753928495021,1,26.4743609473532
0,5.36934608397376,1,13.238172638429,1,10.121519020284,1,27.1456389865259,1,26.6407720470691
0,6.32537329813692,0,11.9913980413483,1,12.3900005578444,1,26.3601116331381,1,27.3001819324246
1,4.48356399628488,1,10.8263196444195,1,12.8556269553251,1,27.7857055548114,1,27.2765577572112
1,6.37862127842533,1,13.1232897727892,1,11.3582823106128,1,25.2573875931225,1,25.4235389854297
1,8.95887420303275,1,14.6907235235017,1,12.7915784683765,1,26.2795009535096,1,24.5242130574453
0,7.65703495854909,0,12.867039964376,0,14.4946449381736,1,28.4238155883306,1,28.1344830765829
1,9.45513059536733,1,15.0322196205563,1,10.9182486092515,1,25.5983370005515,1,26.1536247271557
1,8.07219237813942,1,13.4594561758778,1,13.4317239513726,1,27.1954280694488,1,26.8853866515015
1,4.5370413259296,1,10.9749681399332,0,11.2939619831325,1,25.9912720780267,1,25.4997489582205
1,4.63561834326304,1,11.099991947234,1,11.4477359859668,1,29.6501690936754,1,27.3987441275956
1,7.771312513507,1,13.7823290674605,1,11.6478089164262,1,28.8829418237091,1,26.8578938254103
1,9.14719563009055,1,13.1394713707156,1,11.0330845750036,1,27.6894559344048,1,25.4369422404767
1,4.259571082853,1,11.3984802557566,1,10.3548869741986,1,28.7779773058508,1,27.7233894368185
1,9.48355909449921,1,17.3908212918804,1,9.71903400010465,1,25.6434505776904,1,25.4053898345451
1,5.59500000453247,1,11.9813630908107,1,12.9754505489314,1,25.417648285408,1,25.3051250984626
1,5.6613793643352,1,12.6945325141515,1,10.6186696017311,1,26.5041799220948,1,25.651956460004
1,9.91654497975729,1,14.5464854931197,1,15.3571344450611,1,27.4310009144684,1,27.0473755220697
0,4.84347370043207,1,11.9781785331431,1,12.165108490522,1,26.8752551785211,1,26.383362326981
1,6.46125208828264,1,13.2111716679446,1,10.8132451403271,1,25.6646601720651,1,25.5969140786306
1,6.56444619993352,1,12.1634847307749,1,13.2429401181605,1,26.833555668577,1,25.8855345696334
1,6.89808382047256,1,13.0117232632153,1,12.8342087249421,1,27.4898501412064,1,26.6547855603688
0,5.21171304516053,1,11.8457883486548,1,11.5990751004883,1,27.2967410938635,1,26.6137974824743
1,6.54724094072329,1,11.5454631540927,1,11.7635265754933,1,26.7238018448175,1,25.6057549086794
1,5.97153826458147,1,14.1151828665082,1,14.4170598908374,1,29.2923487292322,1,29.0168809270611
1,6.05035354826178,1,13.552536220117,0,11.5849685901664,1,26.8007215508828,1,25.7207719495833
1,9.9398219417816,1,17.8561316835656,0,12.267878539107,1,26.215280009624,1,25.6711600475169
1,6.38427845812711,1,14.578856312471,1,11.6314253359866,1,25.5767637337453,1,24.8353594056072
1,7.74768939563236,1,12.920321806394,1,11.1343429182822,1,26.8386427896473,1,26.3598294175535
1,5.15897129930273,1,11.4096670639392,1,11.7913842913515,1,26.703014567737,1,26.5428521709718
1,5.85620495666332,1,11.8244342175872,1,15.2182953154964,1,27.6319746815677,1,27.1567751235752
1,3.56560269037323,1,10.1477051021991,1,12.3450935470852,1,25.3402408940633,1,24.9224721175117
1,7.59705143571779,1,13.1365229185278,1,10.3167443377695,1,26.565465522414,1,25.6939552263479
1,5.76544994683161,1,11.2254467917261,1,10.6318789730914,1,25.2078281223889,1,25.8997718560157
1,7.78707588286736,1,13.2948799503586,1,13.9593438476636,1,27.4208272335345,1,27.536146676578
1,4.17858471280731,1,11.1346332579535,1,12.6975554012642,1,25.9331108137518,1,25.4318623259114
1,5.9046037479406,1,12.7504368848536,1,10.5327272895251,1,27.9067143591611,1,27.0133403607307
1,7.08023505153453,1,15.7897581975809,1,12.5596759327441,1,26.6400572090282,1,26.1549217153427
1,10.1776457340011,1,14.1450027458515,1,11.5159743813282,1,28.0727414348583,1,27.8748880144198
1,5.13058274590683,1,11.5033021264478,1,13.298025657316,1,26.6593289809967,1,26.0648693471252
1,7.5743800217706,1,13.9552176568437,0,12.3054896522681,1,27.6705435529049,1,26.8363225031201
0,3.61823447707967,1,9.81167393177564,1,14.915788678645,1,26.6491284600928,1,26.0804754595673
1,6.18554819039698,1,12.0745587985015,1,11.6167240318518,1,24.9969559963904,1,24.1897416235401
1,6.98585508652817,1,16.6441665422121,1,12.5523302586464,1,27.0161427122104,1,26.0911333962533
1,8.00416917940965,1,14.3744397049778,1,12.0167352305163,1,25.9606782125271,1,25.5022769997364
1,7.50864222623712,1,14.7368923929059,1,14.8098388878668,1,28.2290305058937,1,27.8478525122028
1,8.41249034647334,1,20.770968059071,1,12.5254398770828,1,26.6425674147153,1,26.2255174735742
1,7.34619725178702,1,15.1200394714621,1,12.4539905945213,1,26.5841900946206,1,27.2383180806753
1,7.97907515356156,1,17.1077535719685,1,12.238462538979,1,27.0586134926474,1,27.3726718793496
1,6.00272654746295,1,13.2130834116074,1,12.6918977337625,1,26.3425863941063,1,27.2034395158683
1,6.56924138700032,1,12.6442887502216,1,12.0662599800978,1,28.9388212088364,1,28.0787488584009
1,10.6811201731199,1,22.1067849434091,1,11.0955434413267,1,25.9716386687697,1,26.3605711767618
1,6.71691287207588,1,13.684995032491,1,12.5265195673826,1,26.9271129626771,1,26.5123525750859
1,5.55738866741285,1,11.4430816063741,1,13.2144864828098,1,26.5639986613979,1,27.6477938184095
1,5.01498118018743,1,11.1388235866402,1,11.5914601242221,1,24.1087727224741,1,23.8965469744827
1,4.38575342765369,1,10.7043466155325,1,10.9432352530303,1,27.9375463652291,1,26.7282603787027
1,5.08753403608425,1,11.8594766308335,0,10.9547662339843,1,26.2334786345613,1,26.0226161232835
1,4.61474755837096,1,11.5163360816037,1,11.6840530856819,1,25.8110991933432,1,25.3152089375349
1,6.90509673621087,1,14.0685282097146,1,10.5020525483207,1,26.2911431089865,1,26.305403769068
1,5.71791953012196,1,11.2328975162226,1,12.1036301765031,1,24.841747905688,1,25.2355734221666
1,8.34028584880574,1,20.6700029852454,1,11.2099262840439,1,26.5468579898306,1,25.2029251002838
1,8.72103252860183,0,15.2570989846573,0,12.1105025173588,1,27.6046353871512,1,27.907265914079
1,5.44802845787901,1,11.1807823841734,1,13.4937430297387,1,28.7665667016042,1,27.3833985932328
1,5.88099731192796,1,11.3436890403819,1,11.8282676564149,1,26.5451964540876,1,26.5683570058661
1,5.78504442558619,1,11.3267895920685,1,12.8614511797572,1,28.1105688712554,1,27.7542671215947
1,5.0045133447652,1,11.0036945710025,1,11.2223996084177,1,26.7500870505715,1,26.3759562968715
1,6.6223213990604,1,12.8547550987905,1,12.231478526191,1,25.3738726422881,1,25.2322680380697
1,5.80186239026409,1,13.2131429788042,1,10.3978875295989,1,27.135812472251,1,27.6860154947483
1,7.1444865928273,1,15.052324471205,1,11.5897843715869,1,28.7205524678134,1,27.7304169904075
1,9.29122949199019,1,16.6557561930348,1,11.3613373612789,1,26.8306155237585,1,26.3505646325089
1,5.29977522224097,1,12.5373220877872,1,10.3027833084917,1,27.8554938230318,1,25.4078918374311
1,5.70174806635834,1,11.0334400433492,1,10.7535008041049,1,31.8755386735746,1,28.4789375816657
1,6.23928532271198,1,12.8092073950281,1,13.8813311633268,1,31.5835071036736,1,28.5037413990216
1,4.77737679836993,1,11.8176539503992,1,15.5108305707453,1,28.1916587812727,1,26.8856559403809
1,7.40074829353695,1,12.6470412220348,1,11.3070754255324,1,29.5793043687606,1,27.3645562403309
0,6.45070709059966,1,12.8266973465435,1,12.1136472348793,1,28.5796206601906,1,27.3626100632123
1,10.3355748876734,0,22.8973292085147,1,10.7473004902415,1,26.1223360431131,1,25.1659061972435
1,4.56470523241437,1,11.856920668386,1,9.05387076847589,1,26.4204760722866,1,26.6108557744273
1,6.94546225979973,1,14.3620636080266,1,11.9242282635434,1,27.5057473472421,1,27.3270511344188
1,5.79291828656399,1,12.254529393927,1,9.20070834059807,1,26.0864431618734,1,26.2815545488482
1,5.69211164483396,1,12.4386989075037,0,9.89991628192583,1,27.4606515848292,1,27.2010328344006
1,6.41328105137342,1,12.8038167020693,1,9.71260589756118,1,27.5704048134302,1,27.0395762301655
1,5.94492749422749,1,12.2736718751244,1,13.2389390019057,1,28.7601684191403,1,28.672854160874
1,6.13154999125624,1,11.2753394067375,1,13.8260568988044,1,27.5120587693077,1,27.1881293394787
1,7.2214678631834,1,14.4217884421945,1,10.9900996301202,1,26.9152128010687,1,26.9465986579906
1,4.46010037021942,1,10.0547736607893,1,9.42587593717542,1,25.8910861388962,1,25.2919803471048
1,4.51675494155727,1,11.5693167336163,1,10.0133649906585,1,28.189225501477,1,25.889781365745
1,7.1050243381141,1,12.6564513737278,1,13.7910942541098,1,27.366115841206,1,27.6007946995527
1,5.99594061491257,1,15.1020359276658,1,13.5342165825391,1,26.3691804206119,1,24.9572919815072
1,7.97763107208843,1,13.7221581121891,1,12.046404971049,1,25.9859954199956,1,24.9297814835955
1,4.15381911459094,1,11.0473355162334,1,12.1486355013525,1,27.8657664876982,1,26.6881336087277
1,7.11801574820156,1,12.0908707193084,1,11.764090615168,1,26.780994793986,1,25.9532208440844
1,6.54728996167118,1,11.9906342233903,1,13.7106841282546,1,26.0480446762115,1,25.7081151169136
1,5.17054453052276,1,11.3621821728073,1,11.3983189022227,1,26.6751194629873,1,26.5638957890207
1,4.22469791729478,1,11.8432606289093,1,12.1162210539861,1,28.1883741187408,1,27.7248709495096
1,5.26393649184519,1,11.7133575474457,1,13.215917412825,1,26.471116927387,1,25.5657373829725
1,7.03815509720843,1,12.4270921921241,1,12.4246094029111,1,27.7619517937086,1,27.1510296364703
0,7.2300670394711,1,13.127032269172,0,11.220602161596,1,27.0810578193681,1,26.7905769327977
1,8.00567369596845,1,13.8493017823901,1,13.0911350223431,1,26.7210404493941,1,26.5718857583142
1,4.99722528762792,1,12.5552539769826,1,12.2039449846351,1,27.6476263591552,1,28.2532765317451
1,7.45836339120299,1,15.5532605732627,1,10.7062424746068,1,27.1528342085338,1,27.5852269303248
1,13.1487486817461,0,24.4075257325618,1,12.4999455866896,1,28.5491933977421,1,28.0896588358617
1,8.65717844793534,0,14.0482108598951,1,12.9411911567599,1,25.7373916217615,1,24.9587113978202
0,9.21422805877494,0,19.5218798934232,1,11.6545580965478,1,26.4233469008754,1,26.6158823858375
1,7.17164787213997,1,15.10111677482,1,10.8796639814631,1,29.2263185524953,1,26.2812407936564
0,6.67006094798127,1,13.7747323593129,1,12.6477484935285,1,25.1493689319944,1,24.8091597765907
1,5.92907880665588,1,13.5607629126869,1,12.3212929843048,1,28.7290346382896,1,27.7119187975396
1,5.04501763099466,1,12.8343369252794,1,11.3928007702133,1,27.7994341330734,1,26.3696842088278
1,10.9066884443615,0,23.7249456149823,1,11.8749446014912,1,27.2432632107196,1,26.7674460479888
0,5.76078464516725,0,13.2232638221827,1,10.8982151362406,1,27.2266166607751,1,26.8857200751714
1,7.11906388878974,1,12.563314973057,1,11.5524529408891,1,28.7561312316132,1,29.2679936142585
1,6.26914108614743,1,12.5963244829304,1,11.6309658690781,1,27.1941862082269,1,25.6293287075111
1,3.76601554516015,1,10.7270611654714,1,11.5695294888319,1,27.4105167441386,1,26.5141086791802
1,8.14899153941517,1,18.1699717022494,0,12.3548029848266,1,27.2987936267411,1,25.8077389645832
1,7.59767714717989,0,14.3538025853427,1,12.4861093928933,1,25.3846013268343,1,24.5847423674538
1,4.83053365964881,1,10.541958064795,1,11.8042622619461,1,27.4293495197239,1,25.938724724875
1,4.59621929999842,1,11.661277372865,1,12.2173078085933,1,27.0041943196321,1,25.6716982759326
1,7.66200417271906,1,13.3495148068487,1,15.8701663944182,1,26.6623171756105,1,27.0404140860427
1,7.55978854591708,1,19.0856867406959,1,12.3637535662068,1,28.9007848538905,1,27.4009402207582
1,8.37375864370942,1,13.4962102612288,1,11.4125062151236,1,27.1695735839959,1,26.9918957998476
0,9.0236447340403,0,16.3495825174982,1,10.2279911918983,1,25.8422405632637,1,25.0778620272263
1,6.18782805074624,0,14.582591575189,1,13.211353570232,1,26.6440600993297,1,26.9079208581403
1,4.65359734673771,1,10.5639228011211,0,9.29449402319579,1,27.3311018851006,1,26.2507484935225
1,3.61314647880218,1,10.799061541651,1,10.9081332514688,1,29.0632113349662,1,28.5283208704134
1,9.11785577325275,1,13.842203804893,1,11.1613577160429,1,25.3974601800469,1,25.2059196874404
1,11.0617061444655,1,16.818085522843,1,11.3458546079586,1,26.4776980213669,1,26.1577934279268
1,8.13574141157696,0,17.7312176616815,1,11.0704458411944,1,29.6194110191736,1,28.9096684571351
1,4.38183149234985,1,11.4902387368265,1,13.2735515505458,1,26.888659405224,1,26.4077139455623
1,7.10280904420829,1,16.4522912065293,1,13.8122116352591,1,28.8100611199979,1,27.9677418346125
1,5.61853635868954,1,12.6399578711057,1,13.1695361426149,1,26.8364998063816,1,26.8857137316554
1,9.26470004042375,1,18.8149916339207,0,12.1679412910873,1,23.9140044132446,1,23.8917113582685
1,5.95886627882283,1,11.6709877673349,1,13.3153865270943,1,27.2223587214361,1,26.2474510936902
1,3.97996068759249,1,11.3439141729098,1,11.86421574082,1,26.9373653756355,1,25.4175001517798
1,8.20406573141616,1,18.9107430596131,1,11.8819945961483,1,26.4063422234504,1,25.9833401022868
1,6.83876780454292,1,13.8460509369222,1,12.3593274499607,1,30.5100861914129,1,29.58334043006
0,4.78482673297719,0,11.4285798691767,1,11.969464357783,1,25.6081888144284,1,26.2096612170655
1,5.70089555358298,1,12.9604285701074,1,13.4509993777754,1,26.6907510163666,1,26.4062378739794
1,7.16170828375607,1,15.45767827432,1,11.6031839585379,1,27.3623316644677,1,26.6380790577106
1,7.03746716841608,1,11.8005468201006,1,14.225066796747,1,26.1410253447898,1,25.40510315767
1,6.65031030845704,1,17.3768879407233,1,11.0705428769128,1,27.0800825837574,1,26.4514905179594
1,7.25778546232881,1,12.6370339958703,1,10.9417522186512,1,26.3298565522554,1,25.2291066479277
0,9.47768622287563,1,20.1310552454946,1,11.8740200156215,1,26.8338317884045,1,26.9733983987064
1,3.93891813184193,1,10.4815380277845,1,14.0334473408789,1,25.9814461816598,1,25.1709774000468
1,11.7428777520232,1,18.9112707992942,1,10.229329626944,1,26.1754816040604,1,25.8010358468047
1,6.01803521053106,1,11.9395253802753,1,11.9903921213364,1,28.4260941776676,1,27.5035186461127
1,6.55132241470501,1,11.5404580155003,1,9.94265607759797,1,26.7943957154805,1,25.8170807100219
1,6.93634322114827,1,12.8074008246408,1,10.5866353464698,1,26.275334553262,1,25.6343366242395
1,4.92340419774841,1,11.205289776139,1,12.1286195323602,1,28.1685818329192,1,27.1067372597203
1,5.61442994785614,1,11.8797986353098,1,12.8297225255495,1,26.4662318822065,1,25.3172903853914
1,5.64130846307725,1,12.0808345021934,1,12.6105754029785,1,28.3637706303192,1,27.8977752440796
1,7.24435249009086,1,15.7714503226253,1,12.2555340172146,1,28.6913432705866,1,27.0745627068056
1,7.35209042695282,1,12.0985194373363,1,13.7014365350691,1,27.011102229375,1,26.036589766078
1,6.53020116212053,1,13.9674965579376,1,14.5359685739519,1,26.6000697876078,1,25.9209439687143
1,6.29688450584492,1,13.5413665851413,1,13.6489425486105,1,28.4729914534928,1,26.7315496020593
1,6.42589074370346,1,12.5671039013617,1,10.4192240747312,1,26.8214031856456,1,26.1339456916718
1,9.84258905262373,1,15.8282090418521,1,11.4931269412466,1,25.331824424672,1,25.7175686751933
1,7.98331244625444,1,14.5632811148592,1,12.4752226111205,1,26.8301447917462,1,27.1043076657148
1,9.97679275001025,1,16.6036580189682,1,10.2840191453239,1,26.8039456686795,1,26.5422453634652
1,7.15908825732722,1,13.8379553125212,1,11.788078284513,1,28.8183965636074,1,28.5471188902667
1,5.25116393981825,1,10.7787193466122,1,8.20108146804239,1,25.1127315494919,1,24.2745699682487
1,4.20303656755193,1,11.0255252973201,1,11.5676890499615,1,27.2216783136491,1,25.020310284878
1,6.58004940512751,1,15.7544499377496,1,11.1590945184076,1,27.5675928155102,1,25.9892427960705
1,5.40243567670458,1,10.8197574202905,1,11.7839195995742,1,25.4618080708084,1,25.1327818896016
1,4.7390125996677,1,13.641304000516,0,14.5016397687368,1,27.444038239698,1,26.1370906992075
1,6.0201791634874,1,13.6513207241098,1,12.2071891123655,1,27.4317661564369,1,26.5433510400406
1,5.87093823086901,1,14.1733096371663,1,12.3820002306497,1,29.2619530464584,1,28.6706594781472
1,4.07488187246523,1,10.6987453169492,1,10.9319575403859,1,28.7626535253194,1,27.50337240831
0,5.04387785237025,1,10.7037301467942,1,9.93283999885171,1,26.2247585930548,1,24.9129415005576
1,8.23466434771557,1,15.4051340343738,1,13.5909650349889,1,25.5624519677732,1,25.5444056118389
0,5.97351355346393,0,12.8132011894238,1,11.0313528231406,1,25.9474335177887,1,25.2982961958771
1,5.99582431608184,1,12.1232573688809,1,13.4393888230942,1,26.3599031238603,1,26.2720669029445
1,6.35630396879442,1,12.5019007762456,1,12.7885125030682,1,27.8529500960382,1,27.3257443623563
0,8.5795346841422,1,14.6024481840447,1,14.1870370542308,1,25.5904143910761,1,25.0532135310952
1,5.34465421667798,1,11.402272516773,1,9.56776023380747,1,26.7987720233613,1,25.8037852027549
0,7.88032985077366,1,16.5919417472964,1,10.7609741456627,1,27.6392330747651,1,27.3054923439052
1,6.2503059085167,1,11.1692904055814,1,11.207250014687,1,26.0740933021494,1,25.3840760402354
1,9.59093282000753,1,15.1692420202948,1,9.48192288833066,1,26.6078577027909,1,26.3069256075646
1,4.94926076381887,1,11.4623772125644,1,10.9827081290048,1,24.9710337430131,1,25.760072993739
1,4.69772365627395,1,14.6165114243169,1,10.6923774159318,1,29.5635022071899,1,29.0521563223783
1,6.99436901450458,1,12.896290108689,1,12.3451194946655,1,26.4936674194119,1,25.8364205973084
1,4.6115524755404,1,11.6205504279119,1,13.3649124209446,1,27.6677689828421,1,27.2674578882926
1,8.32318119960389,1,12.9531040330613,1,11.2001080935779,1,28.8626524564485,1,27.8789053603052
0,7.7150149446434,1,13.1480676523079,1,13.8618285902955,1,25.9197571195164,1,25.4862307065988
0,6.94247654236021,0,15.9385072719381,1,12.4271832585372,1,25.921462492126,1,25.7428168987171
0,8.72520319232874,0,19.2885449927422,1,14.0866164983106,1,28.9276661353316,1,27.6178162084884
0,3.73553412498465,1,10.8963004339737,1,12.9804009525511,1,26.6332781304807,1,26.3106946539018
1,6.23602464256793,1,11.6298443807999,1,13.306073150986,1,29.5263923361023,1,27.6099709556373
1,8.62717788084303,1,15.056443152609,1,10.5193705009999,1,25.5175850929111,1,24.9116812163563
1,9.24807390752028,1,21.0714083662573,1,10.3537001686356,1,25.5620120311436,1,24.7658836749331
1,8.66676579689507,1,13.9066843308766,1,10.3795409894249,1,26.773623837499,1,27.3498348473745
1,12.3357425326637,1,21.4947719687851,1,11.4241242760232,1,25.8903073771512,1,25.6451752269429
1,12.5776914434695,1,15.5156246064424,1,9.92125242682009,1,26.1022209717007,1,26.4901189796349
1,3.87214837979764,1,10.9897402940942,1,14.9098742704627,1,27.7913607111711,1,27.1339355951565
1,5.05044996845495,1,11.2848937507751,0,14.1188548184418,1,27.5466097172976,1,26.661204055767
0,6.11725515852027,0,13.9088895233193,1,10.2338707058906,1,27.7454851312789,1,27.1344951865512
1,9.50646055010934,1,13.8020959976724,1,12.7547443012335,1,26.4373675261608,1,25.4343829097528
1,6.05806348356447,1,14.3148600928502,1,12.8551424681946,1,26.2876003007692,1,25.8668345166738
1,6.31045200376925,1,14.6699685511944,1,12.9640413733065,1,29.1239337249258,1,28.3288408190735
1,5.03968266843862,1,12.0836570005232,1,13.8386616476026,0,27.0488421794127,1,26.3591447323961
1,6.09065086031298,1,10.4217165525632,1,11.6553412970496,1,26.8778189280496,1,25.3571248014083
1,6.39725023169919,1,14.8316885898197,1,17.182408071853,1,25.0913368708447,1,24.9524070510989
1,6.71256994942473,1,11.8168146033278,1,14.6361059122154,1,26.8165415021548,1,26.2353157554239
1,7.02916091936951,1,12.2614745688938,1,12.9888817093171,1,26.8387963134435,1,25.759577109916
1,5.25658385641506,1,11.1225420283004,1,10.5934921553645,1,26.0619332180285,1,25.3899396710398
1,8.16918263760878,1,13.2078023774433,1,12.1024607241932,1,26.9834799546597,1,26.5365130908028
1,6.03855713928795,0,14.7632868413428,1,13.2809094606808,1,27.8694612480882,1,26.5415785669716
1,7.84833598295341,1,13.2045379555197,1,11.5446970542588,1,27.2606600054525,1,27.0388720654113
1,7.15587823021922,1,13.0292243705101,1,10.4922076220518,1,26.1095948537971,1,25.8335506424579
1,3.85692729878632,1,10.6540149535992,1,12.272058397223,1,25.9713488841546,1,24.4213364888334
1,5.93586090075926,1,12.0516750199073,0,11.4516076074756,1,26.1827757924637,1,25.6872919412241
0,9.10189538952174,0,15.2325900797431,1,15.5487934294625,1,27.1038972911044,1,26.5495770209675
1,8.64229648257921,1,15.2860349940822,1,11.2481247603957,1,25.907696686965,1,25.222045424083
1,6.65785313900509,0,15.0121387677201,1,14.6126814180985,1,26.8456497743571,1,25.4088313950226
1,10.5527120114405,1,21.2679907470399,1,11.41995102172,1,27.397313957753,1,27.7036552942769
1,8.56445717827102,0,20.1792180666431,1,12.1491434416863,1,25.6269047222246,1,25.4911912719804
1,6.10374843993803,0,11.6403048632837,1,12.4859559993539,1,26.3247801865698,1,26.5165029494326
1,7.60534543752735,1,14.7593673297074,1,12.1503146824228,1,26.8557334364897,1,26.3071139905237
1,7.79222220719093,1,12.1841331893065,1,15.0525617022207,1,29.1170507727268,1,27.1425448417556
1,6.20723701951299,1,12.00636667656,1,12.7500772293672,1,27.1480363478974,1,25.1383979819433
1,10.8294064575182,1,21.5200412369016,1,12.4543288754126,1,24.6063250680901,1,23.9246691067865
1,9.58834999570572,1,16.8218308189998,1,14.3665458326553,1,25.0843041281873,1,25.2194625861353
1,8.01270817967231,1,14.8202515755103,1,13.8140688482772,1,29.0909150330394,1,27.4489499676612
1,5.40799144892199,1,13.4701688566411,1,9.98802828341967,1,25.9292206695383,1,24.7743690698174
0,7.37218052771476,1,14.329884522783,0,12.1153028049079,1,27.5129708006935,1,26.9253877945023
1,4.65635627412487,1,11.6033497492329,1,14.7174096841436,1,27.8537205550087,1,27.5660135107236
1,5.84200015143201,1,11.675148552889,1,11.8561814332469,1,27.1369982279405,1,26.3723230453212
0,5.79367563628179,1,12.5627267821496,1,12.5707726656481,1,28.0458077243858,1,27.5331944760605
1,6.28780192008715,1,13.517630016887,1,11.5087973427835,1,26.9865514350869,1,26.6150879894963
1,8.06547249723102,0,19.6623804126471,1,12.0207504546109,1,28.1691765803278,1,26.5256970472539
1,5.65393440875621,1,12.7125970712042,1,12.8014879216048,1,28.1546507970032,1,28.2147738905754
1,7.33953640010399,1,16.9116293727651,1,14.3160575208608,1,27.2806189827067,1,26.8336899130836
1,8.08521789470126,1,15.7269162046404,1,10.9916131970517,1,27.7934441825208,1,26.6610239094001
1,5.63824720869315,1,13.1857366148577,1,11.3457498134039,1,26.2149118372605,1,25.7366560754454
1,5.78967244769918,1,11.6359041995974,0,11.6400306496695,1,26.4712971059085,1,26.7756311877879
1,5.60258060201615,1,12.5282096557482,1,12.8752418687348,1,26.6638609429286,1,26.269651306822
1,5.90786282786586,1,13.4320390247291,1,11.9172310721084,1,25.2943215782709,1,24.8843952993241
1,4.67253379709866,1,11.7052827649646,1,11.7509329048452,1,26.2245672256204,1,25.4029810911286
1,6.36192029605427,1,13.1505688451302,1,9.50772555503822,1,25.9387492210341,1,24.9442595983054
0,6.49185447548207,1,14.5849480505153,1,10.806188862,1,24.9819687425302,1,24.4084159996678
1,5.93781725161451,1,11.5377198920852,1,10.4781079133996,1,26.9075493070437,1,25.8597708961125
1,5.27200714181539,1,10.9448868663518,1,12.1877654552704,1,26.0022143741694,1,25.5995967707196
1,8.37756160317548,1,17.1658936112849,1,10.0291171147077,1,26.8977628055842,1,26.7709587680027
0,7.86950049909137,1,12.8071453667228,1,11.1746427570529,1,26.9715923256558,1,27.2554906901323
1,6.21514711803229,1,11.1425364344092,1,12.4683098126393,1,27.426776772094,1,24.7370828235404
1,8.6704997995612,1,14.2246349628973,1,11.9658366919974,1,27.1519811580806,1,27.2532142217613
0,8.19600509804152,0,16.5027127007959,1,11.9706258521712,1,28.1035435539621,1,27.2385197082806
0,4.77362468686866,1,10.9023761351319,1,10.7757686320786,1,26.368686355394,1,26.1873477669473
1,6.59419944357201,1,13.7948923482185,1,11.8716570585339,1,25.4704295256611,1,24.865401687669
1,3.89461792173406,1,10.8442496033247,1,11.3653288124123,1,26.2613440197744,1,25.2055060215414
1,3.4291764833289,1,10.7163327078022,1,10.2233964121074,1,26.4303679620617,1,26.6670220658692
1,5.72631237266882,1,13.1943183898354,1,12.1638628890821,1,27.8732636746249,1,27.8850851882509
1,10.3841797938631,1,15.7769142348759,1,12.1104892320167,1,26.9965730127729,1,25.9958350411103
0,9.57621305797113,0,18.0517735452416,1,12.154801881777,1,24.9945720585568,1,24.3925891912986
0,5.70708038197843,1,11.1372012688979,1,14.8750888914555,1,26.9525055563419,1,27.211636784404
1,5.79095583049767,1,11.1854354703297,1,12.1508376239808,1,26.5240604496079,1,25.9743900410815
0,4.86457888453807,1,10.7156662506531,1,11.7959801092513,1,25.2268341271398,1,25.243958673185
1,5.81167310978383,1,11.7183777368009,1,11.9841746980236,1,25.6799814044303,1,25.7198944839668
1,4.91114843990331,1,11.367734145987,1,10.8289038380367,1,25.5670656390899,1,25.86269914836
1,11.3156242419594,1,16.3176870422247,1,12.6223797263527,1,30.1293603046805,1,27.4908090552745
1,13.0694641971157,1,19.7753138377347,1,11.9177821719257,1,26.2138186786949,1,26.7136755232274
1,6.69897385408398,1,13.1521217026265,1,12.0026068452053,1,28.353569579813,1,26.9432768837188
1,5.59573814161445,1,11.5524998685793,1,11.6648130043274,1,27.2185840378468,1,26.8430364317501
1,4.92528950709114,1,12.1313233401459,1,16.7633147193409,1,26.8255827247683,1,26.3340107884087
1,6.1926885892045,1,12.4611873079498,1,17.1289805602438,1,26.9704526000884,1,26.6240426316745
1,9.21496268299153,1,21.4729761456229,1,10.754239118725,1,27.3199991350675,1,26.6534935797802
1,4.75192163264787,1,10.8374112074018,1,9.09520269445869,1,26.2346864605308,1,25.5593903885943
0,5.1607050177269,1,11.8796610868573,1,9.10905820488355,1,26.5292083239277,1,25.4296078892115
1,4.26155757073115,1,10.4414323087661,1,12.3593444962734,1,28.2233635469357,1,26.9588863319572
1,5.59614595417067,1,11.2403597888163,1,13.8637395208787,1,23.6530642211665,1,23.2687909876153
0,5.88309644474509,0,12.7237776599344,1,12.4825968180461,1,25.9801591913003,1,26.1184665924559
1,6.14823820705459,1,11.5987070725594,1,14.9910297738705,1,26.9855611800552,1,26.660501626134
1,4.01479076791426,1,10.6897635362621,1,16.0025830185968,1,27.5219008622284,1,26.3607510363984
