"cov_n100","len_n100","cov_n200","len_n200","cov_n300","len_n300","cov_n400","len_n400","cov_n500","len_n500","cov_n600","len_n600","cov_n700","len_n700","cov_n800","len_n800","cov_n900","len_n900","cov_n1000","len_n1000","cov_n1100","len_n1100","cov_n1200","len_n1200","cov_n1300","len_n1300","cov_n1400","len_n1400","cov_n1500","len_n1500","cov_n1600","len_n1600","cov_n1700","len_n1700","cov_n1800","len_n1800","cov_n1900","len_n1900","cov_n2000","len_n2000"
1,64.4046397367803,1,22.8683294407198,1,38.5692463812823,0,20.4514051798068,1,28.01368664373,1,30.0142567976538,1,31.3874239765972,1,32.5958044184739,1,28.8927889111114,1,23.3289366014547,1,29.7903655342383,1,22.0382448568639,1,44.0456164503026,1,37.0758434410385,1,21.265000791396,1,19.8675139995086,0,27.103994216909,1,20.8818261538072,1,29.8066917672801,0,29.5171151926523
1,51.6408947367917,1,24.658922300675,1,34.3550283322506,1,30.887435494809,1,21.2563536286609,1,18.8534681650537,1,29.7506694360326,1,21.9646801043092,1,30.4759173138918,1,26.9563422864903,1,23.4408034982091,1,20.0375530029934,1,38.6342597215911,1,22.5460287154178,1,20.1551316004832,1,19.2460033512017,1,18.3669627554504,1,24.1503338754509,1,21.0244588602644,1,21.5757909373601
1,43.0245467340023,1,25.0461373986748,1,34.7486028266029,1,21.3368170337444,1,18.9092459296814,1,29.7049258568397,0,18.8384390921084,1,19.814588488646,0,19.6910178080659,1,17.4792408496884,0,28.4553463603468,1,18.8902417860212,1,18.1031790970265,0,28.9584537806668,1,18.8196657276486,1,17.9266176344164,1,28.4967270649846,1,18.8307265576916,1,17.8667708037453,1,18.8508815754983
1,37.2438708145456,1,23.0709001952048,1,24.9833647175916,1,27.1194154971999,1,25.2444151660254,1,26.3632650741595,1,18.0086069605812,1,35.9597268079933,1,19.7171927484065,1,17.9500562426432,1,18.3381345229707,1,27.0183445437548,1,19.3113580690831,1,20.8919552539019,1,21.3832286546473,0,21.9905160842631,1,18.6814388517804,1,18.8997294193015,1,17.4441760500429,0,20.7732942657102
1,30.5975630169182,1,43.5213971043507,1,18.3156378668137,1,20.8449718327595,1,20.605975830997,1,47.4676947335118,1,20.3614516229926,1,21.0334523508767,1,25.050862287669,1,19.8036748927475,1,18.4581775424382,1,20.6741300243387,1,21.3284396756752,1,23.2346229771203,0,29.9842502287363,1,26.1658478341344,1,26.9335693964324,0,30.7248499639675,1,21.6890058374674,1,20.2809759389066
1,35.9686275359895,1,28.1506391185522,1,23.6949833406307,1,40.1759494952875,1,30.9816435514283,1,41.7923757119881,1,36.45353505313,0,32.0180077439943,0,30.7230065990625,1,27.5313106160678,1,33.4200740268562,1,31.1767271235658,1,34.5175937451623,1,37.8650202650033,1,39.7150763793066,1,37.3556958962233,0,29.3546728669534,1,36.5622288872428,1,29.1607391812428,1,28.7524627249906
1,44.5592518554967,1,36.7754272255644,1,19.8214504541084,1,24.9990175073834,1,22.6396465800596,1,34.2052287630765,1,21.3792689624395,1,17.5923907595899,1,20.6982743478579,1,20.6034221441754,1,21.8072313588468,1,26.6927510951601,1,21.0946863504848,1,24.1166489285832,1,20.64235811624,1,29.2724739321379,1,19.3342930289855,0,20.9914449263341,1,39.19661761151,1,28.4572874681641
1,63.4522807369991,1,45.4108879325474,1,34.746505015392,1,33.8388569289473,1,30.434538479495,1,36.9032782654367,1,26.5467903952239,1,26.7262612850783,1,30.5355712637018,1,21.6316877367481,0,30.1793365158295,1,34.2847904205664,1,19.5975163200691,1,30.5479150638442,1,31.9519779665062,0,29.8663970636469,1,31.3706521873596,1,18.5690002448566,1,21.6956514833685,1,28.2703254021169
1,31.3459878294513,1,51.4948649288781,1,18.1259998009311,1,20.7111561095589,1,19.4118355298232,1,34.7039947390285,1,20.5146732305064,1,36.5995135622334,1,22.7357730114431,1,17.7499017572183,0,47.5597321012672,1,30.0888856744555,1,21.759770757337,1,20.5366601060208,1,19.3701504566452,1,21.4402892600271,1,27.4043335746438,1,21.7264452133928,1,27.6498377346378,1,18.3601437205352
1,49.1763705197957,1,36.4064934621372,1,27.0283043071124,1,39.4759870933941,1,28.855737511786,1,24.2366240667608,1,24.7864132687839,1,32.423967420949,0,32.189212319191,1,33.5639872804627,0,37.3085745452062,1,27.9425034593238,1,22.2866027586837,1,31.5084971341954,1,30.0475728189542,1,40.2379710982501,1,32.814828331551,1,28.1554427220581,1,36.4078952950145,1,25.8702779780452
1,41.1342923562866,1,35.9725190081103,1,36.1729899365139,1,25.9979264368073,1,33.8465066297365,1,28.2936974369852,0,26.5289636122579,1,32.729722530931,0,24.0340744902736,1,18.7397599471567,1,37.8845513699094,1,18.9176418013239,1,20.328322105615,1,20.5057637735098,1,27.658529981147,0,30.695720988959,1,28.7545969796062,1,29.9327511114899,1,27.907497998035,1,33.9699112062707
1,47.1788534763171,1,28.6971563399611,1,21.5733794444528,1,34.4778977926108,0,33.2009897041733,1,24.8022757527015,1,19.2339970262848,1,31.0611788307849,1,22.8156565944467,1,36.7258705731864,1,32.4435751474941,1,27.4735029774972,1,29.0515490798092,1,31.2304874724817,1,30.4681430411674,1,36.7412743560604,1,30.5097754056029,1,25.824812109009,1,45.8950281049321,1,22.8750003753792
1,34.5522927052634,1,46.8164057967798,1,18.8698390561922,1,25.1700006751363,1,27.2555356221013,1,21.9975178801843,1,18.7046779718064,0,32.3277013827234,0,17.4675161657987,1,19.18909580594,1,21.1894106127413,1,18.3244702971059,0,29.8082660006483,1,19.118459323412,1,31.4318318955981,1,22.4281262643126,1,21.3248891454577,1,19.7633341124909,1,33.8975038387674,1,22.0439030431394
1,45.3755746778914,1,34.3373240235643,1,20.8495652217858,1,26.772066180546,1,27.1608452474638,1,19.4513367783288,1,27.8217455673621,1,18.1856812489513,1,23.4009408929563,1,34.5916055454599,1,27.8336047425029,1,20.6958209206757,1,19.5450098777027,1,17.9201379161458,1,24.2730846786345,1,17.8313488525834,1,18.5293564937006,1,30.0786556751667,1,18.707055327875,1,21.1430743735812
1,52.7048838386915,1,23.7886847614585,1,21.0689238003824,1,28.0138119814697,1,29.4376271516794,1,32.1103839428158,1,29.3885429762664,1,20.4067259165855,1,24.9511141158088,1,27.9492893049058,1,36.4800402314167,1,31.630733287645,1,19.9001807047539,1,20.9256266172665,1,20.8994852183825,0,30.1268151946089,1,25.9264602338973,1,27.8116108157645,1,31.4676883618199,1,20.5036015415911
1,34.6474507800521,1,50.6511149017688,1,20.6804887176411,1,19.5775651908186,1,22.6042279263623,1,20.5793344185867,1,37.1741985479199,1,20.1286379152074,1,29.2072333317556,1,18.9167583655335,1,33.0890925096314,1,21.9933921568848,1,19.2605857945069,1,18.1401753386659,1,20.6333296800525,1,20.0632409078667,1,21.68906824285,1,19.1069567369629,1,37.537657247229,1,21.2551324962647
1,61.8290375526526,1,35.014722093021,1,20.3232286697974,1,21.7608967329004,1,27.1735495437003,1,30.3130092188232,1,31.7009223638709,1,40.3998036373861,1,19.8944083839682,1,40.5205570802133,1,32.5580828484593,1,20.4235515604588,1,33.6881430364413,1,29.4102318780991,1,31.5775625974854,1,42.7938742312891,1,41.3324296486443,1,22.1871857468324,1,19.7835953088731,1,30.2682468252566
1,81.012850116746,1,81.7034609834594,1,69.2734747867423,1,37.6328600415301,1,42.3142238291917,1,61.7417793018635,1,33.6918030285852,1,25.2963742995481,1,29.7776135186638,1,38.6906580229784,1,34.7116492536656,1,31.5708734960948,0,37.427892897165,1,26.6985577679283,1,45.6380130859618,1,37.2786252616635,1,29.1640027952642,1,25.2796585242824,1,30.0653943693731,1,27.8698014685253
1,43.7901360500699,1,58.0431967282667,1,37.6904155043993,1,28.16153079832,0,19.3444480075093,1,18.7673585146321,1,25.2784754170222,0,32.2943460390714,1,26.8710615798177,0,22.0453882173994,0,49.6480284631196,1,38.1430049173405,1,29.0398611712326,1,29.7422457854825,0,20.2791635149509,1,22.40243485972,1,24.4058098614884,1,39.8227421927786,1,31.7422192341666,1,21.40423676241
1,49.8717137077198,1,29.9645965451853,1,18.201307841174,1,20.0499450191594,1,37.3022571515141,1,27.5842945262409,1,29.3090584279425,1,22.7816172769936,1,30.3745088971819,1,22.3627678048133,0,37.0630728322391,1,29.8986409607454,1,21.5378727504148,1,20.9269883874345,1,30.4516092674179,0,25.0679060221116,0,26.9059456060396,1,21.8062117866913,0,23.5958733973839,1,25.4438243371452
1,55.9920665815505,1,46.8127668323702,1,21.1219785689921,1,39.7511078635395,0,26.4532614216805,1,22.9289221537737,1,30.9448680706213,1,31.241206870639,1,46.3126700732853,1,20.7809354973282,0,32.8340668964935,1,20.2495521759583,1,20.3709836112723,1,20.5834125568153,1,36.1238280443681,1,22.4744751198667,1,42.0352844845857,0,30.4346630605848,0,28.376440273393,1,30.2912545505674
1,63.0711690839853,1,36.0409432618015,1,41.0113411420928,1,34.6982824224698,1,36.8825162502151,1,28.440425823349,1,30.9423660911709,1,28.3415776774168,1,32.6981721427249,1,31.0618785375015,1,27.0534353951591,1,18.5432219504851,1,20.2794553277117,1,20.9424194663095,1,22.1951475497481,0,32.4117588220882,1,37.2058474238406,1,23.3160407078579,1,26.8307816472684,0,20.0075412496001
1,34.2477119731949,1,23.5145138197878,1,31.3146984489927,1,22.8784433595118,1,19.0572117488497,1,30.8290147216874,1,26.56299950389,1,22.2498245223798,1,22.8085966407945,1,37.7484463821502,1,33.6891785046052,1,31.5969421654752,1,28.9828858158687,1,29.1267292175596,1,21.3545302526514,1,36.5281122628014,1,36.0476186830268,1,30.2483676534043,1,32.5649235518975,1,27.2641846428716
1,43.6453372727986,1,52.4021710229248,1,32.1794795439203,1,24.5361575156827,1,28.1799880566737,1,15.5874279618524,1,18.4958734637255,1,20.6055759264313,0,16.9466556538856,1,26.5130261673911,1,18.9985545436033,1,17.9445758097667,1,18.1483265899223,1,22.097591734534,0,36.9670678549784,1,23.3620528817106,1,18.1759354462589,1,21.2360450968997,1,17.3554471247058,1,22.3191157111858
1,70.1245856280531,1,28.1782202117435,1,29.8031379647949,1,36.0048075881896,1,22.56477955436,0,33.5047082768245,0,36.9428411738419,1,30.7666000563209,1,27.9593639166613,1,28.8316942305945,1,20.0812628970753,1,21.1112005563787,1,20.7595592916424,1,19.038702967771,0,20.1224612818433,1,29.5438231477804,1,43.5811178479664,1,27.6516824237423,1,38.7712225017365,1,32.9672178501087
1,38.7983198597584,1,29.2530372819239,1,29.6402392644166,1,35.5675250536692,1,30.7451007010243,1,20.4351672156343,1,22.5164734713528,0,19.4194805142924,1,34.4205087819132,0,31.2838366468355,1,33.985713349489,1,25.7537483321238,1,29.3565115290297,0,30.0691966838363,1,26.7866383039026,1,33.1324039485514,1,28.5234217837324,1,44.7549004706332,1,33.7080588730046,1,41.9540913864109
1,60.1731560364953,1,37.6181876677234,1,21.8031853365777,0,30.7141246678715,1,29.8293508987509,1,26.2019167825382,1,18.7898500222425,1,27.7583396266276,1,21.5773481685397,1,18.8819565807736,1,30.0567232208007,1,20.7756111531033,1,44.219781303626,0,25.1446323582737,1,20.8231890141465,1,20.9569472829814,0,28.3553471928283,1,27.7329759943665,1,24.038612577658,1,20.3540486241439
1,28.1491959103502,1,22.2458039018888,1,34.9401882143132,1,23.3221901932003,1,46.6422595585526,1,33.8365992720629,1,39.5258108900202,1,46.2559632117977,1,39.8640893188152,1,22.6175516805397,1,26.482529839384,0,44.1936104520998,1,34.0027488796305,1,29.1764549981018,1,30.4950125565735,1,27.4557073253216,1,25.8276318149154,1,30.0558428326784,1,32.5113632173362,1,28.2090686661216
1,44.3846612337699,1,42.6360199064465,1,21.4962107413834,1,28.5266753297332,1,31.0686486965017,1,29.3595644605072,1,21.2869383623537,1,34.7641174040763,1,19.3541770450704,1,26.9088947174829,1,29.2894184870029,1,19.7154054742233,1,18.5764894910906,1,19.8479690492164,1,30.1585065318076,1,19.9069780182294,1,34.274604990577,1,20.2903332221181,1,20.973257214772,1,19.7938092532959
1,38.4851449680431,0,27.3628425890877,1,29.504190016559,1,21.2284985392308,1,26.6003475078568,1,26.2559335440481,1,30.5438830626421,1,17.8569514946197,1,19.0267038052238,1,30.075260952089,1,27.4939116129528,1,32.9045000008262,1,23.2768610594038,1,23.0264354732466,1,29.6619373349512,1,27.8743499242752,0,34.551766336817,1,20.3900566070621,1,26.6593382195617,1,34.9583179753307
1,45.5767878059919,1,33.7720708339202,1,40.8886054389512,1,28.5950756989875,1,23.1667211777313,1,26.2356403676272,1,32.5550433544914,1,22.3467024949542,1,29.4700347228449,1,28.6665084268887,1,20.189099755129,1,24.7152667386435,1,21.7369903185595,1,28.8713879887371,1,19.8225010122681,1,27.616362041191,1,21.3507579085169,1,20.731043591732,1,38.5367966113424,1,32.7516567401397
0,36.5174241080857,1,35.2620272518837,1,28.0721380410828,1,25.77544953968,1,26.0599502218707,1,34.0717795484835,1,26.3965915635813,1,27.997373226778,1,23.0793865369077,1,25.3684358923915,1,37.5020946713016,1,29.6603794707902,1,30.3406958172497,1,28.7486658697083,1,24.9693225342588,1,36.7411504668262,1,36.627171044205,1,22.5403255514757,1,38.5304630122331,1,27.4024557353668
1,60.7615341866735,1,31.0554504956364,1,42.4463691225851,0,28.7249989793322,1,35.7766160381804,1,30.8845410276778,1,33.3473922450433,0,21.9272071426296,1,30.5512032175911,1,27.6027130048057,1,27.2239673348594,1,33.3708913192469,1,35.7085151531075,1,26.4888814884668,1,39.9543737279328,1,30.3311565793567,1,23.122779444475,1,38.4037197562451,1,34.6117053632228,1,37.8108529678926
1,52.228108533499,1,45.3317395829761,1,37.9518164398191,1,22.1102407769503,1,19.6973693619972,1,19.6784889208719,1,18.7474532233802,1,20.6758193974627,1,27.4383310762258,1,18.9690498281569,1,30.1527685804148,1,19.2944989497795,1,28.9555616369081,1,20.0642746114229,1,19.6475226008439,1,23.277142108663,1,20.5860830366051,1,30.590292315942,1,20.3276146948298,1,24.1413263110277
1,35.8475145137503,1,33.7793587203897,1,51.9381052133482,1,29.5321144187471,1,29.7208583173257,0,41.7931489868899,1,22.9951558721928,1,33.4392423780222,0,33.8132813658049,1,30.1424573543504,1,26.156521766726,0,32.2495833859168,1,41.1249274501863,1,41.2361231307713,0,32.8097056090874,0,31.3184342356663,1,29.8727997689666,1,28.5907994452946,1,32.6935115024851,1,27.7315079111774
1,49.3969555718578,1,36.8599705593266,1,19.480599759033,1,28.1362758073714,1,19.8737162806942,1,25.122925420904,1,21.0659583384627,1,21.1783226510129,1,19.8271017089825,1,19.7274053918764,1,19.8332768710068,1,18.4410366936768,1,21.3984148344234,1,27.9155153178885,1,19.9134121896517,1,23.1674128404836,1,31.4129822200022,1,32.6703107495427,1,18.1758918092958,1,39.3171741572855
1,47.4645546067518,1,30.0646760496521,1,26.8419055609596,1,42.0447791723551,1,30.2450853240192,0,27.7913533690309,1,24.391479262094,1,29.8933710882092,0,31.7748706694277,1,29.2278325424006,0,22.5605978051873,1,22.5762510760635,1,21.9769927723351,1,29.8338172896156,1,34.2810557991687,1,20.7041653073554,1,17.8813362592882,1,32.3253787340883,1,22.0413769105264,1,22.8689117191699
1,39.1639816059766,1,28.1139870401433,1,31.7375894626331,0,25.0293649385318,1,21.3196685270311,1,16.9061696308017,1,30.4497589167951,0,18.1276111549114,1,18.7607757192279,1,26.1210038546394,1,28.2722813500953,1,18.9027935391642,1,25.345142241497,1,20.7054721490847,1,26.7462824926705,1,28.4269511159333,1,20.926656900832,1,31.9498893693714,1,33.4502105993678,1,29.933862904665
1,42.8688648485036,1,40.6102914228625,1,27.3991390312572,1,23.0792925999702,1,25.80476932318,1,26.5407474605368,1,17.2528136691244,1,30.1772938448955,1,28.877695221533,1,19.321051614887,1,19.4475387751933,1,28.7077898833169,1,19.2189682109086,1,18.542773126537,0,32.9572816752945,0,19.3203520731554,1,29.0335739617396,1,19.8501966598998,1,27.5347178152475,0,27.5965757106292
1,60.6757434439894,1,35.6640373187953,1,27.9187231103094,1,36.9586785584296,1,29.083878545324,1,28.1318845941872,1,28.9541311144513,1,39.3288887288387,1,29.8232843238409,1,27.5841917617981,1,52.7475159300166,1,22.6954519177122,1,29.5341923706447,1,26.608205660275,1,24.7258833921203,1,40.3641234184483,1,45.3858689490773,1,47.7693909897962,0,19.4980553461613,1,28.3006340094716
1,40.9666003976909,1,50.3042860461845,1,17.4095140101607,1,17.3359388338257,0,25.1955657879133,1,18.7397197939291,1,26.7578252463664,1,21.0326535311351,1,27.6441642695731,1,21.6082735854941,0,19.1673664465205,1,35.708600269321,1,37.9477286881653,1,33.1216031090996,0,19.9611712864785,1,16.8806459555636,1,34.000068993067,1,36.2125372766829,1,19.4507325433684,1,17.9653567842767
1,40.8948367398485,1,43.4430212211373,1,29.3800640140383,1,43.3569823504872,0,23.9652833808637,0,30.7644240074394,1,34.9623003002942,1,44.4994757138611,1,40.0646365914714,1,29.2549969537277,1,26.8713160733445,1,27.317714837823,1,32.0500111518684,1,41.1726601288391,1,29.6699713355687,1,23.1833171647379,1,41.8991092723939,1,52.835799077634,1,32.2096897965859,0,30.3294099854731
1,60.6214734120521,1,50.5000064857376,1,26.3154171022467,1,28.4861598309222,1,39.0529206526962,1,28.9713730579473,1,39.1314771532352,1,25.8086315368964,1,26.614688523855,1,30.4247819421128,1,29.5183939496753,1,27.0378072860148,1,28.9665225795075,1,33.2620598360726,1,32.9259286971608,1,23.4405904285578,1,20.2281743951925,1,24.438552192466,1,23.1963058335686,1,33.9160791314896
1,52.1690604489685,1,33.8215490752446,0,34.8223502394378,1,38.8541728574238,0,46.2806140813775,1,39.4521375369528,1,39.2366435800693,1,18.9454147914473,1,30.2972441521844,1,30.5127104429115,1,28.0199701325252,1,31.6507111691846,1,19.3333970088891,1,31.7356490071701,1,31.3919249440239,0,34.8214904762268,1,28.3872903452362,1,20.6202930497705,1,32.8825511710726,1,30.9504884774348
1,66.92631638331,1,49.8441572916733,1,46.7342055140456,1,31.9138739825655,1,33.580545655835,1,40.0352887878164,1,19.9179249294883,1,36.5261992802888,1,19.2928303695658,1,35.8263363332079,1,20.4125535577072,0,17.7266993006372,1,19.441434236779,1,25.4759623937134,0,19.4008497714475,1,21.8710382877227,1,31.8514742628792,1,22.4851996125544,0,20.8277033060247,0,32.3695656425759
1,53.1195491296182,1,34.1889724709665,1,32.3642130237134,1,26.8839776725575,1,40.8717515650265,1,27.1349382031656,0,26.5497956771045,1,18.3490287952749,0,28.1002556949627,1,33.0110865266695,1,33.0366970530838,0,26.9567166472274,1,28.4072266521818,1,29.6991616078981,1,20.0568237120949,1,27.3381216962897,1,29.4423907727232,1,21.9744593387252,1,29.7349607851351,1,25.0012936974452
1,41.8226960500232,1,29.7417039643629,1,41.3352650894724,1,28.3130266407587,1,24.002528272214,1,30.7479598473073,1,32.1272666642956,1,36.9571527637614,1,21.4872109067288,1,38.8269491146324,1,25.6866478520516,1,39.6922714997958,1,20.1238641744423,1,32.3322000963954,1,26.7707868636739,1,23.9509084993478,1,35.3323772674194,1,28.2493105772659,1,22.670218489792,1,44.2564180151067
1,66.0961001947979,1,35.8761335687859,1,39.3112835170053,1,28.6943163704146,1,43.5327616492664,1,38.8476355708173,1,20.1836083992463,1,19.2455523349761,1,28.7751533900162,1,37.2342328230644,1,40.2368509660452,1,26.7226740856321,1,28.9545058745743,1,19.5603488920696,1,42.8832398153948,1,20.56184886168,1,30.6157863283131,1,32.1971873431184,1,28.1901335684865,1,39.9605321485658
1,40.3473098651264,1,38.781117486748,1,29.3669738005926,1,36.1446472660021,1,19.8405479130853,1,29.4376999319844,1,20.3339784382198,1,23.725611090193,1,37.5287835870992,1,55.9247801249549,1,20.106446739499,1,30.9872629463859,1,20.4005756946445,1,31.476844238168,0,20.7577587506571,1,32.6093831950873,1,21.0786734629131,1,19.2399427346013,1,19.8423740031341,1,27.1025227808883
1,47.3875613902248,1,30.4819693541413,0,16.9243350480651,1,16.1581870184357,1,18.5092756317493,0,19.3763240145411,1,30.1419813300329,1,32.8941883780206,1,18.9835505053345,1,19.1857104836136,1,18.4283905442578,1,21.3644271391928,1,28.8574800641584,0,38.5129857937699,1,17.0934271234821,1,18.4644065884551,1,29.2071217383538,1,19.9709232829123,1,18.1272220547194,1,30.9619638851911
1,34.3943059826256,1,30.5089331733453,1,28.1326992449279,1,22.1605027652014,1,20.3739778903448,1,17.9067510288368,1,18.7073909960368,1,20.4823213491559,1,20.0290002969638,1,30.5222781695903,1,19.4042599924903,1,30.6584596741735,1,16.6453262137392,1,19.37245571665,1,20.8207113082857,1,19.3566331393174,1,21.8866077026051,1,31.439574110293,1,20.3396987612015,1,19.5801430976669
1,35.2090926940171,1,31.077443170695,1,26.9634168447344,1,34.9574932898454,1,21.7151928113219,0,27.0567804396385,1,17.4061726376008,1,31.3395851102088,1,26.2708933996331,1,19.6256722626609,1,41.2305013511657,1,37.9613175357217,1,36.2567738235204,1,32.3787593782506,0,34.3454453076488,1,38.6053160564616,1,19.4247631407218,0,32.5740810282468,1,31.8467977680064,1,28.0221210696101
1,34.4153963890486,1,47.4987511252267,1,34.1747773222158,1,28.7929954261618,0,21.3700180698178,1,19.3497192886594,0,22.5534438811464,1,23.7225786570275,1,31.859482275466,1,30.1684994420032,0,23.7575393583757,1,35.7927718407669,1,33.547393551248,1,38.5312892917638,1,25.4188931210799,1,35.1995868969082,1,32.260875583807,1,33.1530182832422,1,25.0364212352277,1,27.6706689336472
1,40.6467480221574,1,34.8385846574649,1,29.8753663614713,1,29.1032474365905,1,23.7954275186776,1,23.6477064474804,0,19.6923681426474,1,33.555589963192,1,26.1363123180755,1,26.2704639715146,1,20.7918348805627,1,27.6604595908037,0,25.7094448873202,1,20.1461265110614,0,21.0041042931453,1,19.6918608858772,1,18.6338571365401,1,20.3315486712873,1,28.4077070959769,1,27.7886163580304
1,47.7243675896442,1,25.9791748919892,0,17.1443910833118,1,34.205972978751,0,23.8583189606721,1,27.511871103047,1,25.835420291062,1,20.2199475840685,1,30.9600439239868,1,32.379967369664,1,26.654176418572,1,23.7955455875469,1,20.4989428938567,0,27.1316001312916,1,28.0564125705271,1,30.4487902736673,1,37.0877442482938,1,24.4415046528023,1,26.6928053274827,1,22.2963519340009
1,37.2453779958671,1,20.6793272273088,1,29.4054188897532,1,21.0374908849832,1,23.7529666879529,1,36.4131213564777,1,42.6737533703371,0,32.2150157529958,1,22.6173725251531,1,24.9923649126706,1,26.8270527547745,1,37.3434956065212,1,26.9315339288265,0,28.1225986249374,1,34.3445157411837,1,29.2837026262947,1,30.9446978660953,1,26.1324069860851,1,23.6280611454016,1,37.6016734716955
1,61.9742989483674,1,37.0977725730518,1,36.1535413661291,1,39.0536675443804,1,36.5874098282984,1,29.6883116295029,1,44.671998561941,1,23.4249237099262,1,21.1294801977656,1,28.9093973667756,1,28.2201486238652,1,19.215964916502,1,27.5208698693777,1,19.9982472620618,1,18.894712392274,1,28.0038910292145,1,17.4402034598856,1,32.4681157305145,1,34.5441258473409,1,20.042074692238
1,38.1162400310257,1,25.7540066994116,1,37.9461739535162,1,29.9238197251767,0,26.8260302612468,0,20.2216689476658,1,42.3765747551606,1,29.6485347311979,1,36.3625549232224,1,30.9395147478356,1,24.3714012351567,1,22.9428371701332,1,31.8767710140225,1,30.7668424403148,1,20.1375283009104,1,23.8717167492115,0,21.9457542438831,1,33.8165898393443,1,21.2169301371915,1,22.525642642757
1,32.6679290555437,1,32.9024621360416,1,33.8357268551723,1,28.3535488811215,1,28.0743664847972,1,32.9302473464309,1,29.2052787676604,1,24.3853191510304,1,34.0343240842664,1,26.4219915461997,1,33.371221206805,1,40.7600364116026,1,43.7641517700391,1,19.1705664463851,1,19.2104188210347,1,21.5218198541604,1,19.4613248842376,1,25.8303684806781,1,27.8050259925706,1,36.1518316649637
1,34.0513632730512,1,31.8587466501789,1,33.70874483565,1,43.5549242780782,1,29.8619684017525,1,28.2054263312751,1,20.1350541889147,1,35.5330739161732,1,22.944864323584,1,34.4265813562151,1,45.4903608540186,1,46.6982142958599,1,30.7150089399792,1,35.3330244861202,1,27.0556353046556,1,25.1513810771199,1,20.4993816788632,1,30.7831712202108,1,32.8746382489323,0,24.7413672404475
1,39.6109790696701,1,25.6006621886208,1,40.5830700171821,1,18.1132849493596,1,17.9196303077481,1,19.0210191785394,1,28.3768839759352,1,28.7467566691568,1,30.1713578207636,1,29.6414241319905,1,25.2690291332244,1,20.5392973539992,1,21.1103317245833,1,20.1904584447008,0,23.410094101048,1,18.7628515283523,1,19.7183088023217,1,20.5456254343135,1,25.6142487036903,1,19.0073940509174
1,45.7755943213276,1,26.4713360426809,1,39.0052029347056,1,27.2293345736698,0,31.512042946818,1,26.6806752808407,1,29.1866853418272,1,42.6043762098084,1,20.1499491087092,1,31.352527258264,1,29.4545911520545,1,20.8356467830737,1,22.4807659040702,0,21.8524935665146,1,24.6808516402427,1,27.0440288396979,1,38.1710680584264,1,28.4416283200989,1,26.7527439386213,0,30.1552499228138
1,49.5070732060393,0,27.0395403419001,1,36.1481589544361,1,27.9203047343472,0,21.3906524203667,0,28.004979836167,1,32.6446221203656,0,18.9419804693951,1,37.0176310422462,1,36.0909870758996,1,24.6772486791598,1,36.0164047425783,1,28.4259910140279,1,22.4374361135305,0,23.0346385757133,0,25.2209363798198,1,25.2233187442034,0,30.1752916894552,1,30.6074736540571,0,23.7143296890677
1,39.3836657032314,1,33.4629747774526,1,20.0268398722413,1,21.5584794600749,1,35.7439441992023,1,33.2872515932378,1,28.1775877557075,1,22.4713249228738,1,21.2458064533067,1,21.0403687601153,1,19.4458259173524,1,34.8065354824745,1,24.6182540498421,1,19.0183634877486,1,22.3235675591777,1,21.7953991136911,1,20.3476774254826,1,19.7894754572804,1,31.5196366366907,1,19.6093161931157
1,37.5349680217172,1,30.2863286301897,1,20.7970951476028,1,38.7309999482799,0,24.8465367290858,1,25.916633388358,1,20.3767601609446,1,30.9020317267574,1,35.5595331054572,1,25.0678230721535,1,23.047054383211,1,26.590402483453,0,25.0520618954542,1,24.7520577113804,1,33.8595843375768,1,19.7359856019544,1,22.1013524133255,1,42.6721539321954,1,27.4570952732411,1,28.9737918748259
1,43.0139753872609,1,39.125818126158,0,34.5088755931533,1,43.2825138890562,1,24.3721812326637,1,29.7274115402578,1,39.5884023137084,1,29.2691428274319,1,35.9373806552735,1,25.8357343934282,1,24.9686397767763,1,43.9702317815666,1,41.4889628656178,1,28.5965161337434,1,40.8116070043537,1,19.8909540923199,1,36.4114027236783,1,28.9056119721968,1,33.4555077785003,1,42.9169654291529
1,51.2767892332349,1,35.5195566283553,1,30.3160548392099,1,24.1029440647707,1,31.2803167677875,1,24.2701197332221,1,26.817100274437,1,18.4666947952419,1,37.1253038755012,1,22.5905266541779,1,28.3136517221269,1,33.4809409957693,1,35.0085840749342,1,20.907419123989,1,20.8131545270726,1,28.7500324407331,1,29.0979582996521,1,23.543053864372,1,26.0885335445807,1,19.9963569598222
1,40.5379085544236,1,38.9232135756341,1,36.4412850558888,1,27.1012435410401,1,34.5482375868788,0,40.0992844863374,1,31.1858245938486,1,31.1524077260643,1,27.368112994896,1,54.9271790007616,1,25.8744668427875,1,31.6658611712204,1,20.2739585695818,1,19.4915498858148,1,30.2670196716435,1,19.7242362299254,1,22.2096909055816,1,22.1776617532776,1,39.921573426574,1,28.4028822508923
1,49.6543054737499,1,38.642137878518,1,19.1840420199053,1,27.7260380397,1,22.6994007986531,0,31.1758676356618,1,26.3407312230382,0,19.454889880331,1,27.0182832485352,1,39.8150584131595,0,38.8836722835644,1,19.4650048659846,1,31.7314727721227,1,19.5373606852197,1,31.779632261502,1,21.3574433802326,1,21.1575088063042,1,21.0231816090467,1,30.6270302371999,1,21.5332965544528
1,50.6026067770921,1,36.81743653023,1,29.0149191318884,1,27.9217329205737,1,30.73952159643,1,24.9871487060684,1,32.7597515085131,1,35.5824417910291,1,29.3718785186264,1,29.5386039598488,1,36.325529646671,1,23.5262679299177,1,23.813164771909,1,26.5256320887535,1,31.009771676258,1,27.3728916920737,1,20.2631668717198,1,28.518817034193,0,37.31425046833,1,32.0216620823707
1,49.2216710042359,0,35.9514403198956,1,29.0258092508143,1,38.3160120161943,1,38.3022650860374,0,30.0511946733738,1,22.4454792186055,0,19.9152790211606,1,36.5359562001352,1,29.7494378981726,1,33.8178525894956,1,25.3555147675468,1,32.8670233315377,1,21.3325248023426,1,30.6407300093382,1,30.8501232367008,0,21.3657222193873,1,20.5294236463603,1,18.5714437677825,1,22.0113545474188
1,40.8336944901397,1,30.5260092367709,1,20.2644071246333,1,27.7681764914972,0,26.8267025057219,0,29.1491626355427,1,22.6593134131778,1,25.9517124394477,1,26.7579202911462,1,27.9356076372629,1,30.2500437232735,1,23.9895231536402,1,27.9544205220705,1,26.1248761944442,1,26.5870894358412,1,23.428671543043,1,31.3674044910237,1,25.1925737865604,1,32.0548611288251,1,33.2787844488381
1,46.9732222980261,1,27.7146681138335,0,26.0585144608015,1,45.9626531588764,1,30.9704015865604,1,21.2174733582124,1,24.6510397849825,1,33.8218136802262,0,20.6086682877493,0,31.9047026923807,1,20.0488677337341,1,19.3683821699824,1,19.350689504539,1,20.0698509049004,1,25.6963567998582,1,17.8450091878246,1,32.3219785874776,1,21.7988252974392,1,20.6006468126684,1,20.5133518138598
1,51.9604201239078,1,41.8113446410715,1,47.8898068347685,1,43.4879461699663,1,42.3356090559612,1,26.7301482260644,1,26.8227758530976,1,28.8318582401169,1,30.8354381780851,1,28.4249126367312,1,23.6848522530044,1,28.6665610356381,1,35.0027760351752,0,24.1980980259155,1,30.3931056589352,1,22.711434726313,1,34.4528640948863,1,27.8155531986045,1,29.0520958169654,1,29.1582747069079
1,40.5822275707125,1,26.2623119828296,1,34.8703212948938,1,19.7343389698459,1,25.7083363526637,1,37.29420218567,1,22.2174955827016,1,20.6142511424224,1,28.6571960977432,1,20.7469437694529,1,25.4122133866122,1,19.9824235789851,1,44.4547704388622,1,29.2135439729723,1,26.8884185422643,0,27.8868777137966,1,32.7232293587233,1,27.0405852725511,1,32.1985474330372,1,23.6235535659071
1,44.0466338044002,1,48.8070297089259,1,44.5262730062913,1,32.7298690676139,1,36.576735943945,1,35.9273331003615,1,21.2289628015876,1,33.8135161244362,1,20.5004156470935,1,30.9689299917339,1,38.3786429989949,1,38.1559100382534,1,25.4960162445542,1,24.9064632528996,1,23.3437301886046,1,30.7228164250154,1,37.1043668279492,1,45.5566226443633,0,39.6010769720365,0,27.4644645800413
1,31.9075548585342,1,27.5715865455743,0,21.634791550964,1,28.4278476670303,0,20.0013647243491,1,20.53945136453,1,25.7395298000649,1,42.3242664178255,1,34.8090145436231,1,40.0897079997172,1,35.9813237480671,1,29.7986391529923,1,29.625786212037,1,30.6523159486942,1,27.6138242777851,1,19.9466924460827,1,31.8427216268409,1,24.2798965874975,1,57.590490842896,1,30.2920192016733
1,38.8310166649271,1,36.5332582891318,1,27.9438248502979,0,33.5786387225921,1,20.2292874268792,1,43.3199357287319,1,20.8815485805805,1,30.4064042803842,1,25.3724635340751,1,19.3284041895455,1,27.9685476087687,1,21.5951618900299,1,21.139891136253,1,19.9303659703924,1,20.7740023380203,1,19.527529892863,1,20.2045870562329,1,28.7534928243254,1,28.8808691259363,1,22.9825325415899
1,35.0306069986198,1,23.1239488291882,0,28.7930380538855,0,29.0997773094959,1,18.053133054003,1,29.0187743254633,1,25.3061342678943,1,36.4840226673772,1,29.1099664309952,1,25.6836386642877,1,28.2840015410621,1,26.0002714379803,1,25.0661264254591,1,28.1250917739463,1,34.5175035879772,1,26.5666461379124,1,30.2356832638992,1,28.5913328417006,1,29.6675485780912,1,29.5896019032086
1,52.8227416829168,1,43.9663401274739,1,39.8681907980639,1,24.9834187732657,1,28.75275351258,1,44.5340563474574,1,28.4697264464424,1,35.6275719093489,1,19.1907027094166,1,38.3994414560116,1,23.1782500148791,1,19.5654242211866,1,28.0750045784775,1,40.08147548733,1,22.6162961528034,1,31.0371612439714,1,29.0487461836398,1,21.7030698394648,1,33.400165114342,1,26.5664802611105
1,47.5715908212124,1,41.2840629796926,1,38.4381330890167,1,24.8538929971195,1,18.1057969650314,0,22.8211443032281,1,18.3776801599623,1,39.484333655422,1,19.9123568817558,1,33.6324157086873,1,31.8696529937434,0,23.4183576553796,1,28.3800710815056,1,44.5865292552486,1,21.8511186059379,0,29.8456030179565,1,35.4744546416942,1,27.5819567154007,1,20.2919042958509,1,34.5076277177314
0,51.4014532644791,1,38.1663809995372,1,32.327391976388,1,42.9516528302041,1,22.9241363903754,1,20.2225946134124,1,31.2983184884785,1,20.3818827915275,1,18.5667314398403,1,21.8645060351654,1,20.0155913006978,1,36.5423956214474,1,23.4783453781168,0,18.4770866707002,1,31.4423641128003,1,32.8618837627768,1,29.6008075948859,1,27.9276982018467,1,27.4215432156143,1,18.4836430646322
1,67.6525537406173,1,46.7003081322593,1,32.9550901639647,1,28.9007746112403,1,18.7132412069503,1,18.6379853299542,1,23.478854067846,1,28.1634726180125,0,27.7074896565997,1,30.3171813084073,1,26.0684040810784,1,28.2632387387654,0,25.7317634494195,0,34.4007191369248,1,35.3927750025986,1,26.6625059903528,1,31.0548604641608,1,30.3404122959352,1,25.05342492682,1,30.4789287342057
1,56.9611266907115,1,26.5061963821148,1,22.3974793189104,1,28.3951929159098,1,19.6173847032257,0,25.7481699870773,1,32.4289723842835,1,19.1071789843894,0,22.5906883076055,1,35.2886103816002,1,27.4660204016074,1,19.4180036375359,1,27.0917550299493,1,24.2426324641795,1,24.1478970297372,0,19.0957031510819,1,29.0233705546128,1,29.4955401301069,1,28.051239409263,0,29.2390769309572
1,53.2218370743934,1,48.7037877351623,1,24.4272470273326,1,26.1732443836652,1,46.2989464779747,1,18.8016988900201,1,33.1225825480972,1,16.9881366480638,1,19.9534656531887,1,24.0153558689609,1,19.0763293032042,1,23.9783267906993,1,18.8071700781771,1,49.9930052531763,1,26.7373256203102,1,20.0320042414931,1,26.0966165997026,1,21.4608584876642,1,28.4632196516972,1,20.5774864397855
1,43.224046953312,1,20.3253615098224,1,31.846189102706,1,24.6662359055555,1,32.1657305197259,1,35.1232172156971,1,40.7539992575137,1,23.5900664083159,1,21.380231771605,1,25.2400207699634,0,22.4500218440099,1,28.3860985867953,1,30.2682531936404,1,26.9488250227796,1,20.5774940056137,1,35.3602762915467,1,20.3064986773037,1,31.3734629370112,1,20.0515584849634,1,37.4411015996208
1,59.6851122885632,1,62.2725121414345,1,37.951771992429,0,29.7216654782164,1,29.5227437703425,1,32.5164935728373,1,33.1011853032216,1,20.3176006761335,1,32.395208917612,1,42.6583694466665,0,18.833835521836,1,20.3099723146354,1,19.2309707339025,1,29.9881372453241,1,18.8680695940011,1,21.1383755214033,1,19.8061518300751,1,18.7355524525796,1,17.6483040278184,1,23.2169449367415
1,41.5150794936021,1,46.1622990352566,1,40.6819549195054,1,28.2349838220014,1,38.9239788789536,1,20.4272161601121,1,20.9811565216788,1,23.559088728313,1,38.7867118808418,1,21.0516538438238,1,23.0631480696583,1,31.1144428606937,1,20.0374824128459,0,18.0943460081123,1,33.9029427587648,0,18.9745246249433,1,27.9464129598832,1,27.7564667204567,1,23.9591974113481,1,29.0815445291876
1,47.9118413699109,1,33.1552858296268,1,26.9904766974866,1,41.0423935457044,0,22.806779128821,1,46.041826649567,0,39.812480771575,1,36.4556530015222,1,21.2854132496407,1,26.2384751045286,1,36.8887288304779,1,40.6355863461559,1,29.434721489948,0,36.1364741764996,1,41.8077213687849,0,32.2868029128353,1,42.8938922558758,1,49.0804330373567,1,33.0730894609885,1,44.3113740432361
1,50.0451438283441,1,40.3549089828734,1,44.3186614595419,1,35.898965571651,1,28.6147387576888,0,21.7990591144903,0,26.8492397149391,1,28.6214689692271,0,30.8034972518593,1,32.8385258894507,1,32.395526111001,1,35.8844653057388,1,36.7594219215514,1,31.0635818933199,1,36.9936545562517,1,38.3659964165143,0,34.339194063154,1,32.1349915152158,1,31.402271034845,1,28.8153171820255
1,51.4488081150413,1,21.0856362769647,1,30.7564526734865,1,28.6695302902015,1,26.9408020968371,1,26.8330950538735,1,30.6121101838989,1,28.1989186969676,1,22.3357952713038,1,21.174897231314,1,18.7131354708682,1,47.7103822399075,1,38.5247414196251,1,30.1314355849608,1,33.6631799439457,1,30.5809070551869,1,27.843367266745,1,30.0622665121118,1,29.8666061603007,1,27.6212058392156
1,43.8539511358969,1,29.109467178575,1,27.6401181499595,1,21.7329877736661,1,25.2330762347072,1,31.1417421665869,1,37.5394360385082,1,28.6534865961646,1,18.2076987580416,1,30.3226492881103,1,20.2563004277191,1,30.5512844625601,1,19.8621154423605,1,27.9394065141783,1,30.2169667530472,0,23.8008155719984,1,21.3737189436184,1,24.1987367428858,0,22.9873937168125,1,26.0236912239727
1,35.7187223597558,1,28.9860786489851,0,35.712474670904,1,31.4646256249204,1,22.0549867619589,1,32.3236643553437,1,25.1489763476903,0,29.8137567686306,1,23.8950749311846,1,30.4114517671596,0,20.020479038765,1,17.2145985277199,1,22.2832922262363,0,21.2361237406364,1,20.2771715808606,1,21.2714134602809,1,20.3610498326957,1,20.0181353323599,1,19.8403078522877,1,34.6199761338925
1,51.5615469706846,1,30.2240851736502,1,37.5180670594199,1,35.0865158844227,1,31.0592236997354,1,29.9262511137639,1,37.8974619475969,1,23.8372031965033,0,31.2534378701631,1,18.7654848358341,1,21.7216128837559,1,18.8752420640585,1,25.9608876286629,1,23.9833468066111,1,28.3960617753348,1,18.0939979381089,1,23.3819025897734,1,28.0719982900339,1,20.7250518918005,0,20.0412808778558
1,41.3236498280274,1,43.8191253084491,1,27.8237623540528,1,39.0451855501731,1,26.0723428589043,1,34.0543061678497,1,18.5719784131297,1,26.6779795863787,1,20.3933429271497,1,22.7669114632698,1,21.1116548384963,1,39.2351684973267,1,21.9007845011142,1,28.8512403922579,1,19.8053884068795,1,30.0266575624856,1,29.9106547849473,1,40.9432036953001,1,38.6619343794903,1,25.0639949587196
1,46.4186210821181,1,42.0460522730895,1,30.8085047697506,1,37.1049367996981,1,26.7442684271501,1,30.3311951091428,1,27.9268530562786,1,24.0337393263398,1,20.0792041611569,1,20.5135766643919,1,24.9530849539852,1,20.5909481232041,1,29.7882663923695,1,39.5356260700225,1,24.137598296008,1,36.1578254953161,1,27.7308173201172,1,30.3291782190449,1,28.2462386173743,1,30.5471060473742
0,36.5242724459175,1,37.2823908103088,1,29.122391908526,1,20.495291825923,1,30.7200075312501,1,35.0304539131195,1,28.4307862312695,1,33.8875024029977,1,38.5708760706957,1,27.8569573529997,1,37.8977797298716,1,37.9553141295141,1,39.0117872594073,1,47.3905277050408,1,27.5094952099544,0,29.7115324257331,1,27.6058538773793,1,40.3266096380497,1,30.3619671242155,1,45.389995623992
1,54.1994365654452,1,38.6136726003304,1,39.8107165258557,1,50.0693036780475,0,25.8949586472411,1,22.7806251972407,0,19.1847722662871,1,25.7692402613109,0,33.0856585091344,1,27.3181659452941,1,29.6324468358888,1,27.6476039464769,1,25.1186981693063,1,20.4219316213766,1,20.912468837331,1,20.5306669537017,1,33.303712311895,1,36.7611332564083,1,27.690953196981,1,25.2422450208323
0,55.3744381621748,1,30.7392078322199,1,46.4217323018138,1,33.0404182606139,1,32.0403314808895,1,31.2505511794689,1,38.3070067360179,1,31.830086126863,1,23.3976230615922,1,26.581390896479,1,36.2864945711363,1,38.9156700646564,1,23.8901451360189,1,34.2242636866757,1,23.9065397732896,1,20.1309223789845,1,21.0748154344665,1,21.0282620347581,1,19.3228185213617,0,23.0530188088794
1,55.1410794245379,1,37.5882227415637,1,33.279170518936,1,33.4247589562666,0,28.1129612690263,0,24.3582397285172,1,51.2121596088566,1,32.292301932386,1,28.7381854489267,1,26.8611654341096,1,28.1963084744288,1,24.9407439919819,1,33.8103435553459,1,23.2692283297061,1,24.9927529819383,1,32.5731138307406,1,18.8465793545668,1,27.0070637431061,1,20.8343410223608,1,21.8227073418498
1,53.5769789427506,1,42.7751846460797,1,26.7596645371783,1,27.8725299787391,0,20.6353177443183,1,16.5733365758778,0,16.2804162433178,1,22.1501357448281,1,21.4833691691324,0,21.5793548074897,1,26.4746310758564,1,19.9088398873282,1,27.9073280990256,1,37.3021750730494,1,18.5197893462225,1,20.1058600399413,1,18.8187528537585,0,21.2947133526124,0,27.5487448092798,1,36.5679240207608
1,35.7772158492159,1,31.4025610402319,1,34.4618124430217,1,29.3946570669966,1,46.4253350754384,1,34.8587736571009,1,29.426679943121,1,28.2047565895578,1,27.0340201565835,1,34.1587586249855,1,26.6546463588462,1,36.3735243307688,1,28.4069525464529,1,39.0911222422981,1,29.4496064203559,1,30.8866968883548,1,27.7748787103968,1,40.2616280217727,1,33.9882529582897,1,39.3918142249088
1,46.7329223187998,1,29.930599097633,1,33.238983106628,1,29.3109607032717,1,33.5311695619749,1,21.1079122557341,1,18.8057137347324,1,30.6583420866941,1,21.3827739980589,1,22.7355690545991,0,33.2206157240561,1,18.9248107139487,1,27.8638430041432,1,20.4403848911804,1,26.2500224948223,1,24.7442923788994,1,36.7642044237912,1,20.0956640350569,1,24.2435229599132,1,20.8175374947651
1,50.9552405641487,1,38.271970030723,1,40.7524381390694,1,20.1699802556324,1,20.0668212264342,1,29.4340226539452,1,32.7977313990228,1,28.8164806566268,1,31.3129498403903,0,28.0207226035216,1,23.9790435280747,1,29.8978827362974,0,19.3864109617138,1,32.2931305758223,0,28.3846351489558,1,27.3994935719971,1,21.9185587357607,1,21.4992629209303,1,25.5658493727885,1,34.3063659574194
1,71.6051251778821,1,48.0873923268679,1,26.5902723430438,1,45.4574385044968,0,19.5302142615004,1,21.259591661199,1,33.1730674374685,1,21.6933929666919,1,31.0356906676683,0,23.9023080882375,1,29.4925053187431,1,23.6026955951575,0,27.2137167133186,0,22.0119362148283,1,26.3855028737409,0,18.9857475774626,0,19.9393539164792,1,37.865769420615,1,22.493196789133,1,30.1604980996048
1,40.4799932501447,1,42.3399019091149,1,26.771705101641,0,18.478442507642,1,27.1974210832785,1,17.4819746788315,1,27.6749954245355,1,29.5161803641231,1,18.1144876458736,1,28.8439486409508,1,31.7874981963464,1,20.4078057701701,1,18.7183101675885,1,17.7987547871258,1,18.5645627028566,1,19.7335820692293,1,17.5750487040652,1,19.3659747511903,1,25.7543361361909,1,29.20740925254
1,43.9873635966516,1,35.8773377008182,1,20.7971689562507,1,33.2036632167481,1,29.5478684552577,0,20.1619384619474,1,33.0250563068864,1,28.4029947710384,1,39.6857533906896,1,21.936084050605,1,19.8115253369319,1,22.3108714986865,1,27.3860016038844,1,21.9651965708506,1,27.3041290309166,1,28.4741272930322,1,21.9286397574128,1,27.71714943777,1,22.8995506409713,1,19.1641467949637
1,31.3639502127179,1,28.2039663062883,0,29.9868270262534,1,23.5573591674459,0,29.1443277222223,1,33.1559928332894,1,27.6160964587834,1,20.005518181399,1,33.4472014549943,1,21.1859920336671,1,30.4673845659821,0,28.4102299492628,1,19.5430154252947,0,21.7821090621525,1,28.8841472210012,1,21.6182033577661,1,20.8530199623108,1,21.6884586478487,1,32.681817648691,1,30.2489345268111
1,34.4070297439458,1,24.8361846171071,1,21.5925409294806,0,23.1189288376982,1,37.5319934270839,1,19.5390476013152,1,31.4845021646968,1,22.5006967648449,1,28.6168509891879,1,20.8128419569947,1,18.945273562233,1,18.632447583219,1,27.4767102066523,0,20.0469450914883,0,19.4112489191014,1,18.2440614324411,1,19.0767383689399,1,29.1968392507511,0,18.9660784746433,1,20.8824148963255
1,41.8379177400511,1,38.7646140065267,1,27.1078714209064,1,18.0593304783605,1,29.5396852401098,1,26.6531160834612,1,26.3669343037391,1,29.9411727732667,1,26.8179926159523,1,30.9245742257959,0,29.2583739324718,1,31.4465241357705,1,21.5037879937977,1,24.34436713231,1,26.1207188558029,0,27.8351080948101,1,24.5298485763733,0,27.1904538001194,1,20.7372769831981,1,20.7907098305815
1,44.7263611940456,1,17.4737178524027,1,32.308532735285,1,29.4784313343338,1,19.1674408216368,1,31.9134776298628,1,30.4366043532727,1,29.1730472943321,1,30.7745770705362,1,31.1533090096478,1,19.6258920370212,1,19.3197543989074,1,38.1027036243507,1,19.3208704086233,0,16.8792506700762,1,32.2934865681999,1,19.6850332697585,1,29.2491287750904,1,18.5428442653261,1,20.1533550696178
1,53.8703692578417,1,45.811052279454,1,19.7933213859388,0,24.871892336878,1,29.6075645737515,1,40.2096063949367,1,24.5219648836806,1,29.789878966122,0,37.5114507533369,1,23.3900474940931,1,37.305051326852,1,29.7293772416394,1,28.6390687674305,1,36.8857125817848,1,33.4063905307245,1,29.2723053174657,1,26.4462660893715,1,33.6761673857877,1,38.7749655196504,1,27.7787095114611
1,41.541669047343,1,30.8566880839159,1,22.3409012266227,1,38.2608521006989,1,41.596749118437,1,26.2715014982436,1,30.4781208905142,1,23.0775612237286,0,18.9216298118897,1,19.8313780992253,1,21.2946843315327,1,22.8194295651317,1,45.3516600487364,0,18.8162155933899,1,20.8622308823658,1,19.6642932195844,1,32.465062784976,0,46.1511444036997,1,24.1903403541593,1,21.1949119945726
1,45.9013958273131,1,44.6778352695319,0,23.6155647394374,1,18.7421383547072,0,14.775005204562,1,46.0635681739472,1,18.2682773168552,1,17.3395676319174,1,17.6409143724042,1,19.3780749326535,1,19.3867832493094,1,20.9332336026359,1,19.3918767213881,1,24.7372207288734,1,19.2314457220148,1,20.2893137841561,1,23.5313362082527,1,25.3680950778537,1,46.1856315626345,1,29.4256112690941
1,52.4938692244161,1,34.8666747945769,1,29.8620263940919,1,23.6895319035397,0,22.5780766089657,1,22.2985900914506,0,33.6856985698027,1,28.2266858529737,1,29.7853742728225,1,25.126364617237,1,24.0249824591756,1,20.433008893584,1,28.3615901109259,1,31.157648662007,1,26.8323934691095,1,22.4649613128443,1,21.4399396451013,1,24.5270391890869,1,33.1357898670087,1,30.3194431473602
1,45.9037415409374,1,33.9474751438273,1,32.896702587936,1,30.9775987649125,1,38.0964124313362,1,20.3823037933257,1,49.0197068891175,1,41.8072462977435,1,20.9020649466712,1,37.8211758729218,1,57.9682422149988,1,57.7603263688451,0,40.6749636201049,1,27.0669999608057,1,38.0362299122109,0,27.8612662487018,0,18.9460576201875,1,20.996346681369,1,39.4108660018184,1,30.2411303649127
1,49.1699030526676,1,38.9269256624539,1,35.2859521257377,1,27.2945866974201,0,28.2690133784087,1,20.8070987826392,1,32.3619300513808,0,18.3931938855246,1,18.2682599749505,1,29.6077321419232,1,20.7727358647476,1,34.4177231397696,0,17.877512489663,1,17.9585123240178,1,18.9107962187882,1,18.4732082041998,1,32.4018037153921,1,19.1797301097075,1,18.7522317111328,1,20.3122905820935
1,43.9450975299604,1,44.3687616762101,1,28.462937429896,1,34.2739745302468,1,30.1649226540785,1,40.1326695126853,1,32.1559643316627,1,37.4302893894804,1,21.553989975161,0,26.6921615922374,1,25.960392817743,1,35.9705891229794,1,49.5143304837797,1,24.6746192210806,0,21.8053452217591,1,24.5485735884552,1,21.6564005213732,1,28.8570751814365,1,29.5559623997625,1,40.2821675752355
1,41.5980433484123,1,29.7872677872138,1,29.7585737789542,1,30.6553035431815,1,36.0427364045938,0,36.4069801648112,0,41.8097687762864,1,32.0817575710033,1,33.2224852354216,1,21.4194056011008,1,23.8936034548032,1,19.711103289957,1,31.2128501646319,1,21.8917515442883,1,20.4498222328502,1,28.0078837790285,1,23.0025128429584,1,22.0659818504966,1,18.8527207173652,1,19.7716713107408
1,38.5769719314894,1,25.4921751427693,1,30.0693495582767,1,16.9696442809707,1,20.54465154101,1,29.2408030267076,1,25.3152061238568,0,17.4371896849249,1,26.5677375790107,1,19.5925803643597,1,35.9942330034326,1,26.7952600197356,1,20.5468221347037,1,35.0176953493432,1,20.3479763912792,1,37.2087280788028,1,22.495020496988,1,21.1655618234582,1,31.8300621204013,1,34.1244038457128
1,37.6022817001326,0,43.4962619186096,1,17.9676974195597,1,25.9470282572655,1,20.4432406384569,1,27.9397872340174,1,27.5234866303269,1,20.203241881915,1,18.8937519628928,1,34.6652187447749,1,20.1986728657462,1,19.5156344868495,1,20.742519624482,1,29.6640040490607,1,18.9827094480914,1,22.2950520278312,1,32.3159360764066,1,40.3288467661161,1,29.9810154398153,1,28.8325737881743
1,42.1403334824783,1,28.8579737119791,1,35.429994915528,1,32.9497952496414,1,32.3581756708259,1,39.216673780267,1,33.9758271517984,1,26.8973290933687,1,21.8957899001942,1,30.1553725212776,1,29.7665952666218,1,29.8109448450118,1,30.7925897501476,1,22.9162093008338,0,28.6484196983228,1,18.6935370972049,1,26.886282458465,1,19.0682991891412,1,20.2283465463426,1,31.0815107828862
1,39.9925749000463,1,47.954133400589,1,40.7772243857506,0,33.155030175487,1,35.1035319095144,1,27.9994122239668,1,20.2338342260411,0,24.744001577104,1,39.2287728196038,1,26.7259765005753,1,21.7258034374533,1,20.3888345661685,1,24.0754920144212,1,30.7051963440881,1,20.2900811367663,1,29.7741100191013,1,27.6024021565369,1,30.0582762769287,1,32.5208971133344,1,25.6381744110222
1,52.3630844251314,1,47.4225838009755,1,41.2268774179331,1,27.4342136570969,1,26.3016540694643,1,25.5984235866736,1,23.144928845826,1,36.3031101432005,1,25.2064902136701,1,26.5713630345943,1,37.483413634478,1,32.0090060179428,1,28.2564771197737,1,34.7336608582213,1,30.9407668671584,1,35.1274295852026,1,35.9988448785285,1,29.7711853029031,1,33.1483777775765,1,30.1661547769993
1,31.1497642636403,1,36.2392409143013,1,21.4753027558757,0,35.924411188348,1,27.5105329507849,1,37.5063098420192,1,26.1142422876103,0,33.1860388852261,1,29.249253768777,1,29.3384654630487,1,22.7611119749715,1,30.2160744086068,1,28.1177094694591,1,26.0345057705306,1,20.2525123312126,1,35.7912586183178,1,25.5032747318613,1,47.8499614993917,1,28.2621470863044,0,36.861632123418
1,23.4315308641639,1,34.8330142187051,1,21.1151528954818,1,18.9054553583574,1,28.5259692243741,1,35.8749454893212,1,31.4365877898783,0,29.2046206875812,1,29.5223462573331,1,34.0365825012321,1,28.4069706005202,1,33.9532347121848,1,23.0659458235752,1,29.9921141859584,0,34.2745680216175,0,38.2166284175855,1,30.9316964127142,1,30.1403963169812,1,28.3221273228191,1,42.6708823794555
1,25.2702375070471,0,33.6299664795383,1,32.8999199701143,1,22.4094956770852,0,32.7331518405042,1,22.4208468654356,1,20.4972042050975,1,30.756567163504,1,37.3983507613419,1,37.4131518165177,1,29.4163788488553,1,35.4944584378068,1,17.0337381576293,1,27.0084613027667,1,28.4455445992209,1,22.3532567237816,1,19.9770922847961,1,46.6891133732702,1,39.7344907388673,1,41.3943123473959
1,34.0592707404382,1,26.341775823371,1,21.4263923605223,1,15.1401639809355,1,24.1090710845187,0,17.4676443469741,1,18.049784260801,1,18.1856919366001,0,19.1536639549478,1,22.134488120037,1,18.6720111232996,1,19.6317548333041,1,22.7290472782402,1,30.9952251475483,1,26.0265262641335,1,22.7802446917917,1,22.0785365667286,1,29.3610566330712,1,30.5774922165229,1,22.0545946721026
1,56.6204670496125,1,37.0138589242677,1,28.6533995585179,1,35.5501379818046,1,38.175603287865,1,23.6388571615801,1,23.8570736308639,1,35.0904768806291,0,24.1969455113377,1,37.9417309360694,1,34.5520848572698,1,37.5914048637622,1,37.9019084881483,0,28.0795853024407,1,25.0313197310399,1,17.6335353095674,0,34.3658909933179,1,23.3368502152456,1,36.1055507138417,1,22.4100309294902
1,37.8397773052163,1,28.0755527889701,1,30.4232007075448,1,26.6292534731344,1,22.0774950414327,1,29.8080726639623,1,19.3910201035005,0,20.184528309122,1,39.1781004398927,1,20.6732492607061,1,23.8332744477391,1,30.3043398534089,1,33.8111098291644,1,33.10380720481,1,25.0311153241586,1,26.5038063909138,1,31.1923623791083,0,43.4107124961436,1,31.6448049474079,0,27.0058197804144
1,51.2584072228253,1,35.6593270349591,1,20.3067474040394,1,26.6932415733281,1,19.9262586569198,1,21.9465851523449,1,28.9069338321911,0,21.2022141103383,1,33.9018237674245,1,28.5525319088035,1,31.0203328126261,1,46.3510860185851,1,25.8589290018083,1,28.9975763134004,1,29.1030264645495,1,23.3178998212443,1,22.3481926589226,1,27.3487186135882,1,26.2047806681237,1,45.2901931328348
1,39.9768076300538,0,35.5197816103714,1,25.5971822719697,1,31.5035764613312,1,28.2143656316624,1,28.4856504780301,1,32.3173422457589,1,29.3398764859619,1,20.0073768629164,1,28.6965229231115,1,19.4652829506936,1,30.0896083063395,1,19.3849712108569,1,16.3786537100516,1,18.6554587955197,1,34.3307807466787,1,51.6488770738109,1,19.4554370192617,1,26.0496767096984,1,34.4504435152556
1,40.0676489366391,1,27.1530409409329,1,30.3883484029051,1,41.8118473358421,1,24.816564534325,1,27.3822607628721,1,29.6299300137306,1,25.8997546651651,1,20.0445119318851,1,24.8892304766818,0,34.5234788993866,1,29.229097240755,1,19.6284415037173,1,20.0743924746205,1,34.4583259115385,1,22.8509279437398,1,21.0164735847933,1,24.0851738577215,0,21.1686690376845,1,19.8761520661438
1,25.4473862053454,1,15.0296228348418,0,28.7363424911071,1,18.6961210250964,1,30.6256532228003,1,29.3297770325882,1,30.1747249945007,1,30.8262477154138,1,17.6761721184424,1,18.1668605078899,0,18.0303682497949,1,38.7729866527212,1,31.4858909969489,1,41.7418571393324,1,18.8702377633344,1,19.8724338150916,0,21.2283637700768,1,26.8311962570643,1,18.39720810715,1,19.8621637341761
1,33.8220625275541,1,31.4918918372761,0,19.950444490333,1,30.2242403801509,1,25.4778122204924,1,28.1794759301559,1,19.1212330491444,1,31.0860123206902,1,32.2695559023096,1,35.6119219535699,1,20.4917705166814,1,20.0262016548164,1,19.4414159898805,1,23.9881426947418,1,38.9464456600643,0,21.2931661634653,1,18.5459269606832,0,20.4021144134423,1,24.0907264615118,0,36.6541939519724
1,55.1741120879681,1,41.3010067402045,1,22.5206883128809,1,30.0008509640061,1,33.2344963347488,1,31.4514726243911,1,29.9170262540004,1,30.6116967309511,1,22.8659572704928,1,29.8987029296058,1,28.3214762484916,1,25.9487867644499,1,40.8366922926972,1,42.6662737673967,1,53.1466491304163,0,36.4016477845857,1,41.1423901531663,1,29.8694783335137,1,31.6589721282187,1,28.0744313156197
1,50.7831737513821,1,24.0505309930958,1,31.8164232790182,1,23.3191718425015,0,27.4378011758316,1,16.0278377546746,1,24.8953121852592,1,19.2261469903847,1,18.6125334038946,1,31.8883912967834,1,25.037964042169,1,25.5186243266035,1,18.048410893305,1,19.368299184164,1,17.1981038970485,1,30.9021869275508,0,17.8992702976508,1,33.7800930367376,0,19.0720723333011,1,28.2176685138603
1,34.6435943359247,1,50.7287971119215,1,36.7446235422846,1,37.1035091087064,1,27.8788478872075,1,28.8801096522133,1,32.2653812222495,0,19.7404009101101,1,30.1490958975071,1,38.4789898769101,1,40.5324154237295,1,24.9989895612049,1,23.8446961984084,1,33.3831468410648,1,32.3841100616253,1,27.6947104474305,1,42.4441701602923,1,28.1250508411972,1,31.5073442777572,1,42.9000780890225
1,46.2450422118801,1,31.6979736470048,1,43.2931937731975,1,28.2429418872811,1,48.9028301103163,1,24.6126565256454,1,29.8109140493947,1,36.1244212214044,1,43.9767326164285,1,26.3477136909975,1,29.4202958217816,1,37.4780830931016,1,26.5770409504119,0,34.4873795855084,1,31.8438643905348,1,31.6895482056143,1,31.4529602397404,1,24.0386264059714,1,30.5971603436423,1,30.7681589449394
1,54.0734980979665,1,40.7793492942899,1,24.9830989901432,1,26.0959557295201,1,40.1851570122289,1,35.9725689030901,1,44.5907272148621,1,34.6956444293478,1,25.8897819028607,1,25.5966494784525,1,29.8135282428442,1,26.2404528163463,1,30.5648293651939,1,29.2729809437748,1,26.539308322276,1,27.4042092895136,1,31.6066079933117,1,28.3784632970065,1,29.7146266431188,1,25.741054204223
1,47.0798264768497,1,27.4459040484519,1,41.3269813289395,1,27.4601797678723,1,22.5942203164991,1,21.5815488488661,1,35.7215058773144,1,29.0634602254652,1,30.3426620578261,0,28.3845717843023,1,30.6729753853816,1,37.9343565914621,1,27.0721245038198,1,25.5846075273314,1,21.4020441479523,1,22.9874439613021,1,41.6938244411186,1,30.1493131543576,1,25.5398894536925,1,39.6232796274042
1,35.2334723743525,1,22.3598774476815,1,24.7550032437291,1,31.8555336157844,1,20.8280820298071,1,29.1226272158046,1,19.8271129960306,1,20.5699027952931,1,36.3383584788636,1,30.6834721359163,1,28.5479355868385,1,28.0300309392975,1,25.8502580745787,1,29.567576113404,1,22.1195688112635,1,29.9403815675704,1,33.292670246729,1,35.8562080326523,1,24.4046749538856,1,25.9674378416336
1,58.5295295649031,1,34.5192738201993,1,29.0117859119605,1,14.6907433144308,1,37.3994199145788,1,19.1713289733943,0,19.5244572610456,1,20.1313412775793,1,24.6217243708618,1,18.4627111128197,1,29.3169512056472,1,18.4923791190534,1,38.0294587253067,0,30.6513353981702,1,27.6009097609977,1,25.6261139713932,1,31.0453838636039,1,39.0397844319179,1,38.0504732685105,1,26.6275129807722
1,46.2871879894119,1,34.6185565775127,1,30.6650748252463,0,19.0243427387737,1,18.746380046605,0,25.3996730100317,1,19.9817181999547,1,35.3778466033466,1,32.7878371386596,1,21.0992519983478,1,18.0386165797902,1,22.3245248034029,1,30.1523919970522,1,47.949239196151,1,29.7997975218546,1,23.7191369114224,1,21.6440910723373,0,33.0497941018368,1,21.0004238261525,0,21.7648886304708
1,53.191234927404,1,26.8234344376799,1,28.2590850062589,1,41.8798296399363,1,21.8091717664937,1,19.5311712479452,1,22.5276692514975,1,29.7337034810433,1,21.6467102101604,1,21.2598972560253,1,33.5448702106318,1,31.4524484135421,1,26.2974543415151,1,35.1508314699184,1,25.9204867801823,1,36.8241931769336,0,25.8579327940953,1,26.1254934110384,1,22.3577223376496,1,21.8507815240683
1,44.4188232170784,1,27.6815419792735,1,34.9430955927632,1,28.5037702930138,1,46.3385438627182,1,32.3804939220278,1,29.3028954261473,1,26.683069066119,1,42.4227981854982,1,31.55475775769,1,32.7753399022828,1,25.5945613768894,1,29.2067021736855,1,24.6541103567847,1,47.3713772625711,0,29.3306540318989,1,20.3438417222105,1,32.1603921142722,1,30.4408658192396,1,21.0655539772866
1,57.1014630495277,1,40.5993302127449,1,33.7498361525161,1,25.8196554231359,1,25.0988871522321,1,19.0481530477846,1,23.8026824985496,1,19.206322862506,1,28.3127219206191,1,35.9488194570931,1,22.1443985266608,1,24.0002716551435,1,31.8692616519215,1,23.0164570764526,1,39.5798720522836,1,28.770563176642,1,31.4840733137968,1,30.6987355101697,1,26.416472886675,1,20.5659106395792
1,57.64852862683,1,34.52752527304,1,34.905322849248,1,34.5639186478252,1,20.762606329459,1,48.1906919348635,1,19.0687633457373,0,30.0259593568496,1,19.2941535169295,1,28.8713671542457,1,19.4308575627001,1,23.1421588508412,1,21.2297552191302,1,21.2244451653996,1,20.4049547169492,1,22.2396011651233,0,20.8013305406012,1,22.0594388303529,1,28.5854657256209,1,34.2252581448648
1,41.4164909430344,1,29.153340928216,0,17.3432687838984,1,34.0192762380959,1,32.5415607611809,1,28.4177625362881,1,21.1065724828349,1,40.0399258239306,1,26.3287989213212,1,26.7968121630691,1,30.9523541191964,1,28.856878696791,1,33.0063659916181,1,39.1706696697644,1,29.2554290444024,1,27.5442239486249,1,26.7403753395105,1,39.5028601896371,1,30.7018943880506,1,27.7746943352806
1,43.4899709137957,1,37.7470633821613,1,22.0975406434583,1,28.9510945698386,1,21.0743463927333,1,24.7096671519677,1,32.2774435002385,1,22.715232770637,1,33.8921329546887,1,25.7691939129152,1,25.5259876522497,1,25.5706477300378,1,28.4875542717609,1,41.3303979870242,1,30.317531030246,1,27.6549162303928,1,26.2723811681198,1,24.4782896740061,0,33.3701852341363,1,30.3673426827012
1,52.2059153166624,1,47.4515727848562,1,19.5398922190412,1,26.2424782030157,1,20.2983660372686,0,18.3298787800811,1,20.0407185561404,0,24.7878461465483,1,29.9641170449569,1,23.5508640909392,1,21.5430577237672,1,22.7170121812586,1,38.5142868614178,1,21.17440502109,1,30.8546556052777,1,26.9106239499682,1,27.2395285710385,1,28.681039165658,0,29.7266244616372,1,23.0972653883624
1,47.0368683368807,1,37.8166225535389,1,29.3998316513567,1,49.7217875669482,1,26.8478100208039,1,41.9566492886755,0,41.863934670958,1,41.5414026686498,1,28.4249846549131,1,41.857999802943,1,30.0576312997029,1,29.638845329096,1,28.190681398138,0,27.3699046007641,1,29.4631292288816,1,42.4292803284692,1,32.0145795241767,1,28.221179173065,1,21.448078695896,1,32.0338220260861
1,45.693395352589,1,32.3669893053394,1,32.7686745172359,1,33.7611529786641,1,23.0441898751643,0,32.99995795398,1,33.2276825123141,1,23.1696177783824,0,32.9039235748728,1,20.9255392951312,1,30.3832421458105,1,27.7558943624378,1,22.7641703672443,1,29.1842845747568,1,18.7722674170746,0,25.1521354013518,1,20.6056683797816,1,24.9655479330292,1,20.1371143387841,1,25.5274077514319
1,73.6581222032421,1,18.4158572201669,0,22.0581176636163,1,18.6518816119141,0,22.1027437319797,1,25.9352556911722,1,17.7689565924365,1,28.8786226904359,1,26.4301989383178,1,25.0026020622018,1,28.67187418302,1,27.990517807085,1,50.0393807601815,1,20.9331643680511,1,36.3467292269674,1,31.540973462691,0,24.8421303010161,1,27.5453984745231,1,31.8973408715079,1,30.2800904144243
1,57.754901379597,1,40.2092407400337,1,34.7013072421611,1,35.1046944675674,1,38.617028606621,1,34.9854192732706,1,33.2107233569954,1,31.8789221419537,1,35.9659412652542,1,19.9779959676538,1,31.1202527210388,1,30.7364489391341,0,42.1156630830977,1,29.3797315532944,0,25.4047361844333,1,29.3746225753956,1,35.0947510961727,0,41.4468475369217,1,26.9413181599593,1,46.2110959657271
1,54.1971712251357,1,47.2443434064315,1,27.8813275250464,1,35.2842482037064,1,29.6763134646176,1,34.5136844600204,1,36.3081672633318,1,31.2057920587543,1,39.1471132958339,1,21.9676282500788,1,21.8885585582017,1,31.2725703112976,1,36.503409673855,1,22.4188409612218,1,20.0817441693184,1,27.4917082297781,1,28.3972577819587,1,20.2772659238807,1,32.8291069997578,1,36.5234292530874
1,38.3338567912224,1,27.5330757922374,0,24.2236970724763,1,27.1461345313732,1,19.2470125831107,1,21.8179389561551,0,24.8878957999177,1,27.5811872580485,1,25.5316817953531,1,20.8293647223546,1,31.2697028935775,1,24.8218622362753,1,38.6574776881266,1,22.1223679474552,1,34.4664148916806,0,38.628821563105,1,33.9786532204404,1,41.6740000461112,1,29.8622508273972,1,34.157660897176
1,55.1399510197526,1,42.6248185551517,1,30.3711362807433,0,36.4055295900825,1,24.6370569724938,1,37.0500573490556,1,43.1205261950231,1,37.7021664581552,1,31.8899949535543,1,39.2462135955799,1,29.7557357134217,1,29.7353782658859,1,30.7235342360279,1,30.9708963387525,1,32.5333176259949,1,29.8694150312815,1,27.6091482543313,1,30.7859951628346,1,21.4531390188097,1,29.2957392862803
1,49.0905523716177,0,37.559456385582,1,32.6825298586742,1,21.3817288337661,1,29.3189053259047,1,27.729542314577,1,27.957982458996,1,39.8929045573912,1,21.2964863619114,1,34.2490415943858,1,27.0580966497874,1,32.2169858800424,1,32.7516433433021,1,35.9121627399617,1,40.7998467549789,1,20.4311334214828,0,21.5336082614832,1,20.1279984540378,1,24.2055611687951,1,31.4619499643689
1,63.7564727823267,1,37.8360637517562,1,52.3818440984805,1,27.7379430667015,1,20.8289311578101,1,20.2021603368412,1,29.5757126195461,1,19.6365616443227,1,26.4952446823835,1,20.9751037247678,1,22.5969841787885,1,19.7916136296518,1,21.280150141369,0,27.0651290163131,1,24.7925316336504,1,33.1551663490416,0,20.2318457004504,1,36.1174265054253,1,28.3510015562505,1,30.1773146961053
1,45.5142034182028,1,39.2282739862354,1,26.1439220527357,1,34.8078641026454,1,26.1261282609334,1,25.5757614192375,1,26.8153919015439,1,28.5943639842069,1,35.744712525221,1,19.3670532423259,1,30.1461210737147,1,36.4776320419389,1,19.2134019397198,1,23.1269608876326,1,22.0690432836295,1,21.5262468400816,1,21.0824066779429,1,24.7517723856898,1,44.6261342591181,0,23.7464053954544
1,46.4368225216905,1,37.5857090182031,1,28.9126186086886,1,39.8357551263351,1,40.1357772475374,0,42.7695572833488,1,30.0154054135485,1,22.7396530620169,1,25.9433936389023,1,27.8869365536455,1,27.4020673594713,1,32.6318622421569,1,32.0400683295459,1,36.5175007746747,1,32.2480749978741,1,26.4923655743195,1,37.1023780251472,1,25.8551897732978,1,27.1529369973089,1,20.6665329618373
1,46.1927683829986,1,30.8534396950941,1,26.2290268209206,0,18.2124516356354,1,26.4104152634727,1,27.7000936292061,1,21.3987301040751,1,28.1250167033574,0,26.8541818187438,1,27.8112998688337,1,34.241646271442,1,27.3952508578638,1,20.2899260550841,1,30.1251653322903,0,29.8334937045406,1,28.0539980396654,1,27.1912430899105,1,31.6687314841436,0,20.3697651830493,1,19.0296744633522
1,49.3492863258789,1,36.8069572874064,1,41.5140774730973,1,20.5862546195609,1,36.2560433853515,0,20.9782173267942,0,24.5262526978353,1,29.5178478571938,1,35.7955104016742,0,26.3171132064925,1,30.8102048126353,1,31.1854086424713,1,29.7226725798804,1,32.6174170873416,1,29.7779677166323,1,31.7650293163925,1,26.1518050259143,1,43.1024657369961,1,28.732616314049,1,31.9939627897759
1,50.251154334764,0,38.7170673978776,1,32.1498123394841,1,19.7172508044117,1,22.6933267164242,0,20.9845510024271,1,39.9319000899917,1,19.6044352823256,1,24.5539805214553,1,21.562438953581,0,19.0642150392335,1,38.6789196643409,1,33.1355066135447,1,29.8038008815432,1,25.7912565676756,1,35.0038421600271,1,31.0428102063919,0,30.1660692717933,0,29.4495776562615,1,30.5042004155373
1,48.535507556614,1,32.9708421514086,1,29.6883676673235,1,24.9330735708812,1,22.2705030866552,1,33.3399054079025,1,40.7450859854568,1,31.3927939668257,1,36.7240701909121,1,34.0776501658391,1,30.092736990504,1,27.0745106257789,1,27.2965284331969,1,26.8971927167045,1,24.4328751658107,1,33.1862792680991,0,26.5517059580398,1,21.2918331263195,1,19.1644053324719,0,23.8639562929324
1,34.4565757831353,1,32.1827651358682,1,37.2465418972264,1,26.9664289247935,1,20.7051035670073,1,29.3575141045516,1,26.3698748223785,1,28.7176802754771,1,25.9961326944547,1,21.5355087445758,1,24.4819039929912,1,33.6833586762877,1,20.981616490016,1,33.6920743793105,1,27.7700649969104,0,41.8179602574373,1,23.5892561320785,1,40.8204560429192,1,34.2091374727422,1,35.3291860739863
1,41.9848082620602,1,38.7590725240149,1,28.9661142842578,1,49.7495869482061,1,21.2764293654092,1,28.4485567155682,1,25.8911081663598,1,31.6806608329144,1,21.4441623999097,1,24.6177654229632,0,20.8897267689562,1,40.5004351072586,1,25.8969711934476,1,20.2715701460323,0,29.9666393397694,1,30.3992970955294,1,23.5486910597889,1,33.4291776666169,1,29.6319022256171,1,41.0766358425096
1,43.4973842218511,1,36.3296313353484,1,25.7061755197738,1,20.1739586325448,1,19.0901215992976,1,26.1650154687485,1,21.4414646154421,1,31.2076179676534,1,24.2847477776927,1,31.9729173421085,1,23.0141620079564,1,32.6869789675941,1,20.3985178623127,1,21.8342454238757,1,29.1550628580671,1,20.0034535923829,1,43.3177860842492,1,30.351108206435,1,19.2066436647118,1,23.1218706177034
1,35.5715526087909,1,28.6548820744651,1,26.2950589501576,1,20.2783542749608,1,17.9748686165963,1,21.6629779867281,1,36.9237811775174,1,39.855642112684,1,29.0638256307122,1,31.7232531540844,1,35.2087412879944,1,38.4412964196331,1,29.0798912897661,0,22.0105863764335,1,45.9583359591895,1,41.0587452542637,1,32.861425339284,1,29.6370112268574,0,24.8657513276554,1,25.2214373032665
1,27.5451905100095,1,41.4514415841608,1,33.1965197517561,0,35.268121424034,1,29.1295742327729,1,26.3406191075701,1,24.8663171097384,1,22.3430660947912,1,23.5563744576173,1,28.5437759775877,1,24.8272885829628,1,32.1646970009243,1,43.7971136548475,0,19.1687959952673,1,26.4412085405333,1,32.6663141929139,1,28.9464561803187,1,45.6926291016772,1,30.5114985105523,1,33.0373922589851
1,33.4414800860289,0,36.2087313275261,1,24.5528483260904,1,32.1320443558107,0,23.8632942324979,1,39.4122791485436,0,34.308916782685,1,26.3218965539931,1,28.9984461000934,1,32.1710036096945,1,35.0691185475926,1,29.6109418176055,1,44.6526346238404,1,33.5941521049578,1,24.8383863133329,1,29.8071969335957,1,37.2110562852318,1,44.349455613543,1,26.0880645049999,1,19.4704100809072
1,49.0447152171117,1,31.5828112504625,0,42.3406397277982,0,28.0741870744803,1,28.5094306860647,0,36.6962236669675,1,28.3018421937956,1,35.6011759679668,1,20.3062818765642,1,23.6039179383657,0,20.0604370551267,1,30.3211506773252,1,27.8015740711406,0,27.8662693344697,1,24.9709272069381,1,22.1173707199896,1,21.8065655557994,0,28.0555098052469,0,19.947672597781,1,31.5515545232661
1,45.6949571546054,1,30.876391831523,1,19.6197160691932,1,23.9177141517294,1,32.4689301473225,0,29.6074856277843,1,23.2984252622359,1,16.9687457502385,1,36.5546778824155,1,30.9371968609187,1,20.2990014610179,1,33.9342486006285,1,21.211484633354,1,30.7201673012156,1,29.4794889617185,0,27.8203899735022,1,27.3202394210558,1,30.1410500946886,1,22.1859677442474,1,28.9017360587205
1,41.821111755589,1,32.6588985894455,1,28.3413701973942,1,35.6166690199792,1,26.9533523346758,0,21.1180198567815,1,23.1219121102394,1,18.692899116596,1,18.5161961993559,1,26.3989318360716,1,21.6455061552157,1,19.2164400222525,1,29.3773090437595,1,29.1947631875866,1,20.0263205799128,1,21.6019932839093,1,31.6425162771179,1,30.9420284473011,1,21.1902886291447,1,47.1671347938554
1,40.0901156164426,1,39.6250400669958,1,33.2022526959868,1,27.0992254977553,1,18.3811116598193,1,24.1561680732867,1,28.5060679916189,0,19.1062348371485,1,24.7324483813639,1,24.4942971427372,1,19.6903094274698,1,20.1066352010297,1,27.6807591292059,1,20.005701859357,1,21.4171980194247,1,21.271971873748,1,20.6545129508958,1,21.1638973789079,1,25.2955637108965,1,19.7292078449968
1,30.203603886569,1,28.8296477771966,1,42.8742388298965,1,30.7463423489246,1,25.7911407383734,1,28.0383890423199,1,39.3112099489534,1,50.6351006686754,1,22.2216605981568,1,30.9437643188506,0,19.90058576945,1,31.849569548509,1,31.7186520226234,1,27.6954906247781,1,29.8818550240061,1,21.0257583903506,0,19.7743614804847,1,19.1709270624055,1,19.3982642545093,0,32.8772718356266
1,29.1883672774693,1,38.0762827851839,1,33.6300259112329,1,28.2256701410993,1,29.4780661976524,1,28.096266254903,1,34.807064941007,1,21.0710819484816,1,32.0645713912371,1,25.7740869409521,0,26.9354408470938,1,26.2409193342433,0,18.510629626713,1,20.0413770102241,1,22.3868744257289,1,27.1151090306594,1,29.0416179272712,1,20.0626491045693,1,23.1422783536618,1,26.8481076314314
1,40.7695949763925,1,29.1544025058817,1,47.4443209760447,1,31.9556724719894,1,27.4491959542206,1,18.5585013676887,1,17.9380493509332,1,24.6930281059761,0,17.905279225318,1,38.5557934795773,1,39.9425498796621,1,48.408729409299,0,27.5295063984269,1,19.9981942326643,1,18.3534059015688,1,20.4276512974455,1,34.9822391693345,1,21.1942224764688,1,20.3587186125638,1,27.518578289314
1,32.894015050606,1,32.9412099777261,1,34.2786493909989,1,27.6446566144161,1,29.6067665846431,1,42.566911364657,1,24.928237157739,1,30.2395128030852,1,22.181353866905,1,40.3460806753028,1,31.182580103501,1,43.3826954655117,1,25.8340865538334,0,23.3717124040057,1,33.9290945952525,1,42.1945455511405,1,32.9958793658384,1,21.9255901901949,1,30.6180566752032,1,20.4399641315172
1,47.562495226825,1,40.444926529768,1,30.1339252098588,1,35.1568004038519,1,24.0033610701087,1,21.2190048916524,1,19.1728609988917,1,29.2807841474071,1,18.3055186654091,1,27.7087541132572,1,22.0686839102366,1,27.8925003188049,1,32.5426317375811,1,18.3887453923102,1,28.086950374122,1,21.5980334131173,1,27.8166704129221,1,30.9206288199639,1,24.1532621636137,1,29.4777178259059
1,77.2696888774475,1,53.8687581326232,1,21.2092568545992,1,31.1586718051735,1,32.6442286999911,1,29.9324965288002,1,33.5538734517359,1,19.1582046482701,0,18.4491035206963,0,31.3571299204361,1,28.2980953688108,0,20.3506526914392,1,29.4554690369169,1,19.4041516308357,1,37.1767452833624,1,28.5490620532686,1,20.6799448404097,1,20.9696071159028,1,26.7546316875754,1,38.5036121138357
1,36.8253738662101,1,25.2872988890472,0,29.8539709434336,1,35.0163696694767,1,22.135114639745,0,25.3767111894108,0,27.2138105597576,1,50.4615078768917,1,27.0016305659032,1,27.8968599536527,1,32.379089155533,1,30.6513903663599,1,28.9523539045027,1,35.8167079833488,1,34.084412621316,1,26.1146702088548,1,21.2510781692658,1,33.9589047998117,1,30.9639927008687,1,35.2915392047559
1,45.5700033781404,1,24.8664640990526,1,22.0849613951206,1,33.1813429146627,1,25.8100096905235,1,28.997634217132,1,23.9410970766202,1,26.2622129539289,1,22.3221461521183,1,28.877322161712,0,29.2020793312121,1,26.9079105505683,1,24.3678811766439,1,24.9692334767166,1,31.6192883021298,1,28.5012657546351,1,28.5245683695413,1,38.3444068182436,1,22.1782384538067,1,31.9350303505264
1,25.8470353599867,1,36.0424873708083,1,29.3088339047915,1,40.0724387458658,1,23.2636421238958,1,21.2890232497675,1,21.203956805044,1,36.8272164006328,0,34.2521165693203,0,34.5237784477397,1,30.017942216178,1,20.6392519140327,1,21.186903759639,1,27.7641025194587,1,28.8228521895201,1,42.0801845211735,0,32.4498267116238,0,19.6620578308108,0,20.760156181316,1,22.2550545306125
1,45.6177042310782,1,43.3797695406018,1,42.3003233990264,1,28.6579402793451,1,31.6053940804948,1,27.7756884204479,1,31.4783045179978,1,20.8833932151184,1,22.5745001399998,1,23.0929656742519,1,21.8769787330767,1,29.8657879367759,1,34.9402863651586,0,23.575971933102,1,33.3932239145213,1,23.4257511644294,1,28.1974655723501,1,37.292309821271,1,24.09399250726,1,32.152074442075
1,40.01434369099,1,36.6095757146331,1,28.6509574265147,1,32.0562670991331,1,31.6913907689567,1,32.4894569409306,1,18.6179653012855,1,20.1486252648404,1,18.235778156709,1,28.7524604913128,1,20.0005365694489,1,19.4927104721553,1,18.670938880173,1,19.4039997960889,1,27.6858530628257,1,19.4440442450872,1,19.8023294178477,1,19.2461392108015,1,18.939043883345,1,19.4755890971185
1,57.9767466318647,1,17.1962439375031,1,20.1170149846242,1,18.268539194947,0,19.4737715966272,1,18.5908053110211,1,22.0738156431978,1,38.8882490101179,1,29.2253838275334,1,25.1043860756197,1,22.3012551794201,1,41.7105922245107,1,43.2427302330103,1,22.8196158949137,1,28.2279308429246,0,34.8909469848771,1,23.0627175032991,1,37.0122917411376,1,28.2026131676309,1,34.7723721592131
1,24.8707281167435,1,25.8887785251794,0,32.1159871134413,1,26.3615254104992,1,31.9432967203616,1,25.4442904035135,1,41.7992467246001,1,36.8473452898692,1,41.9978149821378,1,26.7848026593138,1,28.6373073394097,1,26.2425420239379,1,36.4966952117173,1,30.4217632377403,0,24.8183584199478,1,29.334917804243,1,27.1968322130359,1,34.6183719787465,1,21.8236510984885,1,33.0337627756058
1,37.6138879793507,1,28.9305010570839,1,28.9157117128465,1,24.2673067525302,1,23.2610190783085,1,30.5464502037486,1,31.2150554377176,1,29.923209266967,1,40.0841882772597,1,20.5939768059228,1,21.2294247586587,1,41.2730509708834,1,33.5187685753259,1,26.5672912155611,1,26.9855868701939,1,33.7441353017503,1,24.6749806524914,1,36.0594678214391,0,22.0806699843322,0,21.5549518817646
1,44.585558959736,1,28.2046736451703,1,31.3123175002128,1,36.8049718756336,1,36.0938850676457,1,36.056804705822,1,34.8138015646112,1,21.0028757435915,1,23.0010262214135,1,26.417849615719,1,26.4221622033296,1,31.4653113506972,1,24.6761616041195,1,24.4619769136481,1,22.6727618060515,1,20.9982054203573,1,32.463936833209,1,22.1807420627422,1,36.4772332764982,1,32.6031263444021
0,46.8274089528535,1,46.0277743998042,1,37.2843660822169,1,17.1852527524746,1,30.6797218289507,0,21.1499593803558,1,20.2108307178836,1,37.1686885893827,1,23.0277317257869,1,25.1988352329956,1,37.7392434537616,1,25.3508902616054,1,24.5024636450109,1,30.8752422676208,1,30.6013086908483,1,31.8969835687347,1,26.657186475874,1,21.2920092893761,1,43.5649520454113,0,31.9359110208015
1,55.2784775577169,1,49.0690448157621,1,31.1408948324041,1,48.6695189252581,1,33.1948389515434,1,21.9331986170619,1,26.8742955518316,1,25.9403551109914,1,22.5725395354049,1,38.4731736687713,1,28.2770844089171,1,19.7507085951843,1,22.1598383125282,1,30.4713985626776,1,21.0835490120727,1,37.6832743553039,1,37.8179158176544,1,27.6411254247631,1,27.5555358745023,0,39.7349339668414
1,43.1163471255504,1,40.3825537317691,1,34.4165194814342,1,24.8135444835375,0,24.0979508538436,1,29.2226658145742,1,27.4393114112532,1,29.9799610574922,1,42.7245650693783,1,21.1077962692802,1,31.9766430649967,0,37.3677822947918,1,27.2673724039121,1,31.2270143608546,1,31.7439658311432,1,29.9725812404895,1,26.993179398264,1,35.2726320444749,1,28.948134222699,1,30.162357967724
1,47.2880360056598,1,17.368041881363,1,34.5811490404464,1,26.1954050864841,1,21.1875399384141,1,37.3774451241636,1,17.6560177499339,1,23.5317232397911,0,23.8238022062854,1,19.0234186276782,1,19.9729422013287,1,20.7133682326019,0,28.8276399980656,1,23.7644840687186,1,20.9952870293644,1,20.5158523197432,1,31.8476339018783,1,21.6210513321301,1,24.1952273226296,0,20.0257657145456
1,47.5425736239899,1,38.8819491226742,1,28.7771956285325,1,39.361476859339,1,36.5572083773187,1,52.9309767943195,0,27.3528920009284,1,34.5845320264319,1,32.5079231194577,1,35.0255260867349,1,28.0697831714788,1,31.2873037183121,1,19.4517112999035,1,28.7680563606292,1,39.11901840704,1,33.0953099306569,1,26.5955299788089,1,28.4978779850547,1,37.9035994256086,1,31.0757057799635
1,42.0026912118275,1,39.3200850101431,1,27.1942130215952,1,22.3469601143247,1,36.9475004397739,1,35.2831877265974,0,21.5556888737427,1,48.1122697009067,1,21.5087652092504,1,49.5049354159996,1,22.0784458451751,1,28.8092859916802,1,19.847466276533,1,41.3954216911407,0,21.813956148408,1,28.2324251946656,1,18.2014446553678,1,17.1965945167906,1,20.0250352128988,1,19.902746404504
1,36.1712600065302,0,24.0338686069098,1,26.578558546319,1,26.4867538563437,1,24.0581549210294,1,18.9345892613278,0,24.1245613251756,1,17.8441069810948,1,24.7383190695034,1,30.2896031822808,1,22.772981027388,1,40.6500330976997,1,33.0095140910556,1,19.2333795846325,0,30.6198199432058,1,19.2116926849149,0,33.1720075525838,0,19.9307661745875,1,25.6775185274016,1,20.5409326013657
1,31.8147126068071,1,52.0649590732636,0,39.9668135078892,1,32.7695118232132,1,48.3774793278249,1,33.0594254282884,1,27.6055816526263,1,37.4753378326763,1,31.6724003263975,1,27.9414056575678,1,29.1957386108581,1,22.7951541572007,1,30.5191465306152,1,26.012592831713,1,25.7709401363345,1,29.4623606403704,0,28.5883152641234,1,19.5775982438995,0,27.6508394225858,1,30.9756370901086
1,64.2406856428631,1,38.5525516375935,1,35.2939667852002,1,31.73470881146,1,34.1592785226499,1,33.2271439763408,1,29.5448297997388,1,26.6355299606179,1,39.6368713836585,1,44.3771385094886,0,35.0710457487018,1,21.7932806587192,0,31.6511640133467,1,29.5864141125487,1,19.3732667877901,1,37.1907867593295,1,32.6035663248384,1,19.5395676720222,0,32.5833976485928,1,32.2899704824702
1,61.2206836855298,1,74.4899309758645,1,40.8868928640682,1,45.0187077573309,1,64.3061362810653,0,18.2578449555803,0,20.6155684378989,1,26.7739014375328,1,29.5251284143572,1,32.1353721081904,1,49.6797854645304,0,29.7012382567683,1,37.9521891998195,1,36.7886180524459,1,28.9689293075479,1,34.793516127312,1,39.7801275089218,1,28.3003727180487,1,31.7662418807567,1,36.18692898015
1,46.7425915306687,1,20.0482248806411,1,26.8413555781245,1,22.3318908736273,0,27.9317254415206,0,34.539154726024,1,23.1267182065958,0,28.6948136319098,1,23.6207786611125,1,21.1445082330935,1,44.4107923768829,1,41.2157107583628,1,22.3018294298404,1,22.0296015036344,1,35.5758224418936,1,27.3459006327104,1,34.6861548021452,1,32.1910428513984,1,32.4841114973427,1,24.5679469876505
1,67.3142011431841,1,42.79036063119,1,21.3434531109666,1,20.1144352145269,1,28.4286076563062,1,25.6199590659683,1,28.0739950609425,1,30.8733562753725,1,26.7524971000794,0,29.5706753645055,1,22.7847421551503,1,29.8496853008715,1,21.8780052889448,1,29.3338384875991,1,18.2112529926071,1,31.9128393351394,1,21.5409383914373,1,27.2631059905301,1,21.1322285628448,1,29.6775618135389
1,32.0688251759275,1,38.2661422679875,1,41.5898600302625,1,30.2947971801238,1,24.8746396198577,1,28.8296113761954,1,24.2815288493703,1,35.506050740252,1,22.9702568655142,1,29.5981887486633,1,37.7253177289109,1,29.4789233041087,1,22.3095922912354,1,23.3548222213347,1,33.9915115047623,1,21.7075443814247,1,38.1486437924096,1,32.0401023196254,1,30.3389051531114,1,21.1824433822446
1,68.4198840081868,1,37.0427972456606,1,30.3808812094093,1,52.5012941121059,1,33.9871193430525,1,26.6075954953307,1,39.3815923491899,1,21.8175565921105,1,24.1814388764643,1,19.157471022517,0,27.8098216688508,0,20.7065445537716,1,31.1809245589283,1,33.7082365396361,1,28.7029467056042,1,29.9508512906737,1,24.5188542930593,1,31.9601337999167,1,33.3488891963257,1,27.2185974428606
1,26.2674934317178,0,32.8467806999921,1,21.4339197573163,1,35.0011992662882,1,23.9631974100629,1,30.8088291976371,1,33.6472202403723,1,28.017253483453,1,29.9648184535554,1,24.7494086396576,1,31.0828669274524,1,22.7478669133265,1,34.9932057237121,1,25.9267385933331,1,26.6551844547698,1,28.3199583132292,1,33.8993190883291,1,25.8185152102216,1,26.8257708271067,1,28.9330622080249
1,41.7706932675474,1,19.3744087373454,1,29.7378653218314,1,36.4280002998416,1,22.2443426105521,1,29.6629907171599,1,36.8378752009056,1,23.0721037834471,1,25.0894950578361,1,33.3500731195796,1,29.93367345711,1,28.2454072457219,1,29.1952959058817,1,30.8624304008854,1,30.8758753427568,1,30.1683519246539,0,39.0985877436739,1,19.5234973562162,1,38.3528068446537,1,31.2274827501037
1,44.163344748448,1,29.8425085305351,1,23.1490250696679,0,16.5697776406499,1,23.0411497211884,1,33.8662124324765,1,39.2412385224689,1,47.2676307777456,1,31.4274653287998,1,48.6343728916554,0,27.6097291083287,1,26.1652451428301,0,33.7023470016677,1,20.3455856530164,0,21.7396451317837,1,26.8398677027093,1,28.860293240986,1,22.6113363802663,1,23.6277224805545,1,22.4220962478964
1,72.6074228075173,1,70.7497981273715,1,24.4709628532144,1,51.2699919827387,1,28.0489449029941,1,17.3822930824402,0,37.2761009278037,0,22.8314523897957,1,35.9508772456564,1,20.8035370743135,1,19.1694744509298,1,21.1662578569452,1,28.990379934645,1,21.7510919570521,1,30.2292549737782,1,20.6889618315197,1,22.956874640155,1,21.1164763268024,1,24.7577170584029,1,20.9275026664683
1,47.4715278293528,1,34.5459172359027,1,30.4483644590106,1,25.8065510680816,1,26.1491642726402,1,26.9196942954712,1,26.1803076291907,1,24.0228291283424,0,26.0541201898571,1,28.8714710752073,0,46.7240679135932,1,35.5126073478863,1,22.8624327671801,1,29.7374321113305,1,30.8822055757238,1,28.7575655463172,1,42.9980086441358,1,18.6784360915873,1,22.2468046090766,1,21.1168870153988
1,45.192993022562,1,36.0687267261709,0,24.0424597341894,1,34.3518298534449,0,27.4398007862452,1,23.1891630656972,1,29.8189767372089,1,25.4011380803018,1,37.6421811275609,1,26.9725328885309,1,36.7914225740947,1,26.4235453458586,1,30.0122415585844,1,19.6658998135538,1,32.6108731340687,1,27.1268536126602,1,39.3289170505303,1,20.7785768535703,1,19.7477824694565,1,29.9658587744121
1,56.0420700488227,0,26.5899487117159,1,35.302712924871,1,21.1122146911292,1,24.3535750326841,1,39.5464259548835,1,33.1222069920264,1,29.3399661976956,1,32.6451038426399,1,31.1741550961577,1,22.667042905591,0,26.1186974557914,1,24.9484984206441,0,26.3897725194372,1,22.6838499460912,1,33.2626583799464,1,26.973856848852,1,40.0589136699342,1,20.9200499215563,1,31.8744020205213
1,39.0029338288713,1,26.3538090918204,1,27.5233151750446,1,33.5132786675899,1,26.2863575959525,1,21.5081465421668,1,33.2105277864703,1,28.86475388099,1,37.1041488195995,1,22.1770243498411,1,31.2277227560341,1,27.8093601281954,1,35.8249071597087,1,32.5311514540527,1,28.8018968834093,0,24.8071751387475,1,29.8600902729584,1,30.5321620693997,1,31.5620736946148,0,33.198618315626
1,37.7052030753401,1,49.3078004863796,1,21.1794491059194,1,35.165661155281,0,31.1659689950811,1,33.1949998572324,1,19.4241655252379,1,27.3495693910581,0,25.301329524082,1,31.1607853907994,1,29.6592305404599,1,26.1822298862268,1,31.4401876184965,1,29.8459197998519,1,27.4397145183031,0,32.1645416896841,1,20.865216405465,1,25.477481401323,1,33.8442789021145,0,19.056382010423
1,36.4574702850459,1,35.2556470267984,1,21.2988199500824,1,17.7322233849612,1,21.4734550861133,1,22.2817097830654,1,27.0008847619983,1,36.2161381020298,1,18.5448174440279,1,20.8827319600335,1,27.4271723672819,1,19.1448483823308,1,18.7347659808096,1,21.6875518810673,1,29.853684740486,1,45.8929289705556,1,40.1068041212028,1,31.8704695539246,1,31.0665514923719,1,28.706853744027
1,39.2762515129462,0,23.7722560042673,1,25.6012257009428,1,33.6390693192271,1,27.7677045533152,1,40.4802405165894,1,41.4595064450616,0,27.7149466667458,1,36.3902927485704,1,38.792684935873,1,41.2014262498113,1,23.0386860501119,0,28.6469360845402,0,23.8728264442715,1,31.1092699187822,1,29.8408717791064,1,23.9974433622052,1,21.6412069552237,1,27.3655751753999,1,21.468931204127
1,53.2438158813273,1,24.1248476088613,1,24.2048455130024,1,26.1429662911149,1,46.4630262351451,1,32.4406272639552,1,28.840155083441,1,32.2852495758791,1,20.1190382903741,0,31.6027604376673,1,30.2491744911897,1,25.7687910631083,1,24.5964660575642,1,39.9350879297233,1,40.2491512967319,1,25.8196968770574,0,31.705999739899,1,24.1758509069099,1,36.488188889738,1,35.0151305538248
1,37.3183734725953,1,19.1376345062495,1,21.3645515757701,1,31.2530166595768,1,37.6852686926125,1,28.8233188363578,1,19.1175649562756,1,22.2591284901572,0,20.0361400296864,1,39.3570844317486,1,34.5008902153112,1,32.3087398828577,1,42.3625276476755,1,37.2050383793076,1,20.2347708135652,0,29.5373654939456,0,27.8733178887282,1,19.9787159785999,1,22.9774674273031,0,18.6795631396924
1,47.6259812270308,1,37.21017513864,1,31.5594819234684,1,28.3367164890293,1,32.9763701522657,1,29.5338421097857,1,28.6309396678096,1,26.6761258932513,1,33.3357295801678,1,34.2504792405855,1,32.6870897970797,0,30.9420613877105,1,26.0138216622689,1,21.1889217680475,1,34.4963726479105,1,29.1480389124084,1,22.1686382419132,0,33.1378888345167,1,30.7992492722336,1,27.382995230806
1,38.4115276500177,1,19.074239902182,1,33.5397305427375,1,19.533300136901,1,39.4976658742,1,30.4600150848372,1,37.8663829793906,1,19.7348166776094,1,22.3992842359597,1,28.0863348736254,1,20.3822330795611,1,21.4883488552516,1,25.7231689846837,1,22.2150030197248,1,26.3297173684572,1,30.8472929553708,1,35.9257885272046,1,42.0405643598521,1,30.7735546515474,1,33.3138861003243
1,39.8332336017515,1,29.8521190657574,1,20.9526455408558,0,20.7414638242607,1,36.3458116776784,1,27.1401712874605,1,27.7643852501152,1,21.7265931787584,1,30.9968166126643,1,34.7289895074242,1,35.6944832889575,1,30.4066357756578,1,26.5464524755666,1,32.9336684263224,0,22.2341412978288,1,28.4388201079087,1,30.2362732133757,1,23.1560479367695,1,29.0709875298987,0,29.7543873751448
1,58.8873921196976,1,33.2874901808947,1,46.0748658624209,1,29.5641872849877,1,22.703248708096,1,20.0952581003511,1,31.5636131531392,1,41.2287617906722,1,20.4807314650815,1,29.8637269331223,1,35.7996537918116,1,24.6979426688459,1,19.0918496209201,1,19.3598287459916,1,28.5405674661454,0,18.8157174331413,1,18.6641856622868,1,18.3589354932845,1,18.944406081953,1,31.4546359568905
1,33.3030383516024,1,35.2456063570884,1,20.3053229569127,1,20.0045349885361,0,34.6834417445802,1,25.9202681393761,1,27.4717954028474,1,27.7967130459606,1,35.404537843058,1,39.205643888291,1,29.5010982755033,1,27.6845776194687,1,30.6404886853565,1,34.6447536638599,1,20.2384207062852,0,29.3519895066897,1,20.3864268348494,1,31.2738332846527,1,19.0380334202133,1,27.3759016448499
1,47.5040776289783,1,33.6447872272513,1,26.4456662324339,1,26.7638247019665,0,25.2119215367993,1,18.9928849515814,1,40.0886293879605,1,36.2053286001661,1,33.2913562036291,1,32.670529628243,1,30.1841913971894,1,28.3823708001499,1,29.0399915602215,1,40.9479618789909,1,30.5656780003745,1,35.2440954645655,1,32.9606940419991,0,16.7236527503371,1,31.3590052419351,1,19.8794712749723
1,42.9513143168902,1,23.8828446955326,1,27.6871478188557,1,25.9936539203081,1,16.5057696400077,1,30.5577038323284,0,17.3226464512212,0,34.30253938879,0,19.9398574782898,1,37.1121107997338,1,28.0357066546077,1,36.1358473089267,0,38.0427042141414,1,38.595713053519,0,29.9929198948138,1,39.1541206767219,1,34.8982553645139,1,36.1193227483981,1,45.7403200753393,1,23.1265056016916
1,40.6886237454309,1,37.5303842224988,1,39.3487428645806,1,30.8251814765786,1,28.1812368573144,1,33.270647810205,1,30.8591941051675,1,27.9081948245843,1,25.0869270226756,1,37.6560590420963,1,23.2664409863524,0,21.4224526403525,1,28.0916223713406,1,21.1796843144171,1,19.1650449306553,1,39.8656511058245,1,24.1729238572839,1,34.255136475572,1,21.210997278514,1,34.7315595703456
1,52.4301506075888,1,32.0194010695143,1,40.6686462128318,1,26.318322178411,1,50.7816730440477,1,42.4882137399257,1,33.2243835428416,1,24.4202261373735,1,31.7900707139696,1,24.7719088207175,1,20.7247948694019,1,21.2606350395016,1,19.6381605290327,1,37.9729553589905,1,31.0644348445132,1,31.6435579197084,1,42.1184514007983,1,29.8347056781396,1,30.0437788045141,0,32.4801344829358
1,27.9690814078014,1,41.4391216761138,1,25.7182652969767,1,18.701870628166,1,20.1598305852269,1,20.0307011847823,1,27.1972795390845,1,16.2694715514208,1,29.9707435238881,1,26.4975311671321,0,21.5578703233545,1,18.8087040087175,1,28.970634463073,1,28.9908756850575,1,34.7931654764794,1,21.0221586602854,1,28.5903063047704,1,26.3195371863814,0,26.1322859600353,1,26.7765948539513
1,29.6346912216154,1,38.1777335176048,0,28.4005138297152,1,29.2065902815121,1,22.3630487147099,1,28.6343453454317,1,33.8510748909999,1,28.5104439711039,1,30.73963400369,1,33.0053310386117,1,31.3176241802229,1,38.1293179459538,1,29.8908570492097,1,25.6577914623334,1,40.6867391872285,1,45.4455847145986,1,39.1488183817108,0,31.1944776902295,1,30.9564867941034,1,27.9318976476524
1,57.8098720298674,1,36.777064068139,1,47.1446587527858,1,20.8050137780389,0,21.3607563453905,1,33.1988011329788,0,33.8731232564805,1,32.3795185698471,1,34.8589632163218,1,31.5612467982778,1,21.2860720753733,1,27.5299140989429,1,33.9280860558129,1,25.9872352708054,1,30.3888242074554,1,25.7884490942727,1,42.4308191806197,1,26.0213125580608,1,31.0153839025022,1,41.4985955139041
1,43.9814551471636,0,22.7432242577994,1,34.182630982928,1,32.9355865524298,1,32.0752717432769,1,40.60675274822,1,29.0060148805104,0,35.1827386487905,1,27.1264561985796,1,28.7730400119552,1,27.1526997222694,1,30.8981099077618,1,29.7626966201174,0,32.2832548647742,0,23.2725551525965,0,20.4775436445127,1,22.2520539286968,1,23.0375241725113,1,28.1317847832091,1,20.890295417944
1,35.980518943668,1,31.7318090686267,1,31.9783506903214,1,25.3487416646645,1,19.6704608801517,1,19.4357742408707,1,31.1655122696798,1,44.9964819907649,1,36.1149077206934,1,20.8238963029485,1,22.1756160363444,1,21.250508549566,1,20.971393754933,1,39.2464049394368,1,20.6963309778927,1,24.2481964077542,1,21.9329735125264,1,20.7753476290747,1,23.3050062788557,1,19.9342547634555
1,45.2135112539747,1,38.9101366085445,1,27.1488407277005,1,32.9087333981515,1,33.5949129016677,1,38.4840272499415,1,27.462942665657,1,23.0255070759888,1,22.8800043260351,1,29.1899039997563,1,24.528691858107,1,20.1367845043119,1,32.7989979497489,1,28.5187955040821,1,28.5799786698073,1,32.9017465976104,0,24.2797225050624,1,35.315779012181,1,22.4075081796278,1,31.9100247498454
1,42.445701609838,1,48.0344332257523,1,25.0991436956432,1,29.6221210302262,1,31.3988208008017,0,20.3214872572298,1,29.8480347252209,1,24.9752572616415,1,27.8698359675537,1,21.7674525930361,1,23.9043961940508,0,29.6845556348263,1,46.2810589894177,1,35.2033090558632,1,48.9695897997587,1,28.8917455640672,1,24.5729862744063,1,32.7227640709876,1,28.2008498827381,1,45.8582661572971
0,45.3805815935091,1,36.514691106874,1,22.5639052547206,1,27.2408784148421,1,31.1406907923026,1,27.7035082201258,1,30.9361986226042,1,26.5256613563032,1,31.7599170486998,1,56.0388476536675,1,18.5543540845063,1,29.5510415068549,1,24.7352387425422,1,31.2617008557106,1,30.7951264217185,1,29.6717344513719,1,30.4443572727272,1,26.7131092766868,1,30.473466210605,1,32.907207943544
1,42.232856777992,1,38.6856986773266,1,35.3738777520417,1,17.3322738940706,0,18.8114470254109,1,32.6723003516577,1,29.1769041591747,1,22.8955785048882,1,24.3259472648017,1,20.3202523786006,1,21.3364251661911,1,20.2218705407493,1,19.9259105330019,1,31.8426374981431,1,35.7523999887022,1,24.9180597062884,1,23.9346515958114,0,22.3139627303505,1,29.2263004591649,0,21.5688592435635
1,59.3430271595036,1,48.8875711534852,1,28.1665463840412,1,43.0337271657362,1,36.1653412907607,1,23.9728947314483,1,33.1319880117193,1,20.5025562342424,1,35.3369340331832,1,45.2784243595414,1,34.9564196636879,1,27.6345325799894,1,21.6288651186148,1,21.237869080082,1,21.1564218264132,1,19.3137264433706,1,23.5006075008018,1,27.5160292807786,1,22.601682324645,1,31.8172332689761
1,68.1605960292579,1,30.8932838251847,1,35.1625151678671,1,28.6687625427936,0,19.8539251082214,1,32.1156925128203,0,29.4489299929755,1,19.7202400387543,1,22.418975284229,1,33.4094944661011,0,27.3729781415377,1,24.0014646881423,1,38.9915014535755,1,20.3744777264975,1,33.4884665835004,1,37.4554946539,1,26.6989635863598,1,24.3128645576927,1,20.6146993074891,1,23.150164728139
1,29.6285827452081,1,46.9967918539454,1,42.0058538129856,1,26.482971007817,1,34.1729726676013,1,30.2961466195014,1,18.9175606514548,1,26.9235783152681,1,38.1484253285187,1,21.8507662639416,1,38.0656020630719,1,22.9407370126408,1,32.1012720271241,0,18.8635342615705,1,32.6956968485134,1,35.8631513457775,1,29.0999137414431,1,28.8203651495321,1,27.5522404414204,1,31.1770418491633
1,42.3859138892861,1,23.4909944340754,1,20.4840077083167,1,20.5673427392542,1,28.0597042554243,1,35.5101937962608,1,33.6494783805491,0,17.3830446457147,1,27.9886350218678,1,44.8428619342813,1,19.2980187310287,1,26.6359777256956,1,40.9583574409032,1,21.2249237649153,1,22.8888704384268,1,21.3171999336241,1,36.4604294187757,1,20.530056214033,1,30.591022800479,1,22.0894704127538
1,51.5990958729764,1,36.5887576828349,1,25.4623177651606,1,21.6702713485866,1,41.4094245352445,1,27.925490762335,1,26.2895557713891,1,27.0322386758956,1,31.9999471271662,1,27.1195579753917,1,20.6758692061439,1,26.8684302870462,1,21.1388744530685,1,32.9638709846835,1,24.9071493488346,1,23.6157020724304,1,29.4196287191402,0,30.038106189395,1,36.8752077730041,1,23.7852181237091
1,44.707051437602,1,30.3818613620558,1,33.3974338675528,1,21.4232472843711,0,20.2447911110731,1,27.1412507411299,1,28.9572714899734,1,29.0344698434794,1,22.8831725464569,1,30.6902126392923,1,43.2376887423896,1,22.2314777622262,1,19.4979872633179,1,34.4751469423736,1,41.4023604030762,1,29.6399105207591,0,25.6399790499208,1,29.1704608729837,1,35.5387529718185,1,32.2895445258993
1,71.0401365113837,1,38.8793352693368,1,31.22380912213,1,33.0167238065421,0,30.5322371287331,1,28.4881716049373,0,43.3149408255194,1,30.9869197280546,1,30.2086144497556,1,19.9544204717284,1,31.3302195378281,1,20.3595963426142,1,30.2181655422459,1,17.7405220657158,1,18.8188319587675,1,18.3094086411712,1,19.2986857340833,1,18.5546767116632,1,20.3965770419854,1,18.1503104254097
1,36.720614259649,1,49.9042880735336,1,51.8964879656945,1,28.969912761089,1,20.586858052893,1,41.4721345205883,1,25.4138352322995,1,32.308263161117,1,38.7577205824033,1,23.351568695343,1,22.8747168100899,1,29.6023427765885,1,44.7963209355153,1,42.8223705322699,1,32.8867578073492,1,37.8997087271048,0,29.0825840515809,1,28.8936759845631,1,30.2471341979076,1,32.6087313221606
1,38.522765907908,1,19.3061609876437,1,21.5924355162816,1,35.0299128780282,1,34.3878755283936,1,17.9272321880647,1,35.216302017876,1,19.554230867326,1,19.6999265687094,1,52.1557970358414,0,24.2940639987725,1,24.2093465476583,1,23.4378497671709,1,19.1428967585142,1,27.9705061788213,1,32.194482276426,1,20.374089696253,1,20.3192117780589,1,33.7122403516939,0,20.4734420758313
1,51.3093572926737,1,27.9765720071536,1,24.9694105220753,1,36.1580042171769,1,32.4856227934774,0,23.4237020775107,1,20.121696794177,0,34.5597538402746,1,31.594950839096,1,20.1262129568596,1,27.9784561756215,1,18.8559376012469,1,27.0428948926506,1,22.9114089781295,1,29.9755679352143,1,19.2952243616746,1,32.3194865119218,1,19.7714388962248,1,18.6214435248266,1,18.6920691604426
1,43.4743801510659,1,28.9280531899331,1,22.907260803676,1,27.3665353546881,1,22.0496449522659,1,32.3142023893497,1,24.825052954278,0,30.4664217141275,1,26.7794424842317,0,24.1281777298601,0,36.1028235609096,1,24.6019575780541,1,27.9026488087432,1,29.2872077781066,1,37.3048629023729,1,33.5431056717831,1,30.6598545868314,1,22.8143087202617,1,20.9996901809375,1,20.9416977510464
1,40.8322764112321,1,31.5903703949909,1,34.1307644261858,1,20.5631417275992,1,54.6639424704073,1,34.8914767599328,0,20.3161585875146,1,28.2138182418655,1,18.9480233692694,1,20.7466354053218,1,19.5271758994798,1,21.3654679557335,1,17.8877926388864,0,27.9283515859042,1,35.8994543583601,1,24.7029657476631,0,25.5408101084241,1,41.9670485387741,1,33.0125216732912,1,21.3781553421436
1,36.6311825841966,1,27.4338588922595,1,20.9380694170985,0,28.4845612631817,1,32.3051973299873,1,27.6147086527301,0,35.6513214038624,1,31.6647169329627,1,19.8675945663526,1,21.7196396560053,1,23.6005034001861,1,22.2652020850107,1,22.7854942015543,1,20.4904942472648,1,29.6265787494915,1,21.136447311279,1,21.2923342886541,1,21.100556294605,1,22.1615025931591,1,23.1329663864351
1,47.455066568194,1,41.3926430258952,1,25.4585229145986,1,40.4683810005296,1,22.8912799063762,1,28.353509104962,1,30.1634330210806,1,26.7743774006633,1,18.295398424729,1,29.8621789509496,1,17.6252764530407,1,39.7089601660403,1,27.777349563413,1,18.1144625049299,1,39.0362348302535,1,17.8764055768414,1,29.2140392300676,1,18.3248568163922,1,20.4208219244116,1,29.3497511792745
1,32.3192934611653,1,26.3325062298572,1,37.3649743440492,1,26.1776479819985,1,31.0847906145839,1,30.1579398671892,1,44.5698281312332,1,24.0702253683688,1,34.5192048073179,1,20.1798030472042,1,21.9126370712406,1,29.495355283143,1,34.8436222593128,1,22.3742197119423,1,26.7278783224866,1,38.4430050265401,1,28.3067990611419,1,20.4744709324897,1,20.051569360372,1,18.8492024156621
1,69.9136335711516,1,36.5852453304565,1,30.6056298352517,1,37.5081788202244,1,29.7516446750917,1,35.3915211146723,1,32.3360412321613,1,29.1534035436275,0,34.3538943992761,1,31.7870278906941,1,38.136312389488,1,38.720444924623,1,30.6952275448477,1,32.174897783368,1,22.1473746021699,0,31.225866166373,1,33.5163898414056,1,31.7982782141706,1,30.0601086840698,0,35.61886920637
1,58.6308433152222,1,29.1533900944116,1,20.2548767191851,0,18.20206444092,1,28.849591574142,1,27.0877549468257,1,18.6869287745893,1,25.3617930934206,1,35.0728643482327,1,20.6694575589199,1,21.4266314953982,1,28.8102077762028,1,28.9956299901264,0,32.9274806901645,1,25.6498094054121,0,37.2603438894618,1,34.2468912083939,1,24.0134514153528,1,27.7139585132903,1,21.4371612118586
1,62.7132884325222,1,48.9353735269528,1,17.1528881780644,1,24.9838826846385,1,26.4462694567531,1,16.8845646603011,0,19.7958442323484,1,17.4287948570027,1,29.4124820533536,1,19.6995561549658,1,19.8621004270067,1,21.44037209407,1,23.6144627804444,1,21.8564918317373,1,28.4842795977468,1,37.1780799624037,1,19.2829028016408,1,30.3430329331423,1,21.58959924101,1,20.5056198983602
1,43.957859989618,1,31.986595047904,1,28.597780244777,1,27.6067915257808,1,19.5171677558041,1,20.328540303683,1,27.4315969008762,1,30.0324438918749,1,26.1846156351025,1,36.6909635539932,1,33.0967297556899,1,32.6816784004094,1,25.5673122316611,1,30.548726967539,1,23.010190778872,1,28.3839250629367,1,24.0218025833619,1,23.4276100723594,1,31.5896181045524,0,26.898265654279
1,48.7902971217331,1,40.9153092675641,1,33.3129424224049,1,31.7592361563192,1,31.942550407493,1,26.9781815716311,1,46.4753119594747,1,20.7882610027234,1,18.4879024369014,1,29.8290337035265,1,19.4411293681908,0,31.6524863051383,1,16.5876101437804,1,19.2525768316925,1,16.5705353802689,1,18.2431875402385,1,31.8164012828595,0,18.2252825772153,1,30.7430602578792,1,18.586681763635
1,74.8897127473183,1,77.866609896817,1,26.6696292244431,1,37.8041958424096,1,27.6167150837024,1,33.9874379327044,1,21.1609366846032,1,27.637306398818,0,19.5618842347607,1,32.2646008282781,0,24.7701166967721,1,35.536808426172,1,28.5521413455715,1,39.3746198230382,1,27.4770525620946,1,39.2897703303084,1,34.9662839992429,1,19.8749497178327,1,30.187881731577,1,21.8469752465021
1,58.8792191065565,1,34.567753354351,1,19.9024721706174,1,26.9360884375888,1,20.6613089646349,0,33.5121985873807,1,25.289752713371,1,26.1062421464794,1,23.5551982996134,1,37.9513794576632,1,29.9506037925856,1,29.1146586578802,1,18.7549272606882,1,39.8735596889703,1,19.8497628681306,1,27.5420895743343,1,28.1511238593723,0,29.8896202290738,1,28.8565764943249,1,40.7920136684635
1,31.790529333744,1,50.6310400289776,0,33.0958489900074,1,38.1295997197904,1,33.2439426962211,1,28.2069013769203,1,30.6043622858954,1,31.1226916652567,1,32.8574831789602,1,28.6731824361402,1,21.5722215154505,1,27.8992546455003,1,33.210218930219,1,28.0242014703128,1,29.4128937763177,1,32.3799725529362,1,33.4126837414592,1,27.9650443432493,1,30.6063435263004,1,30.7044449227808
1,42.7557141197957,1,28.4413181702094,1,29.5697705078148,1,25.1862906329927,1,25.4227337833367,1,23.1936366222756,0,27.6159070282621,1,28.1584337405921,1,23.4681167419688,1,34.039466085352,1,29.623869789741,1,32.9843403474671,1,23.7023765069284,1,19.9335951826369,1,32.2036867296308,0,21.4434597510386,0,27.0431940674287,1,21.9684720925889,1,27.6433441826692,1,25.9002098876086
1,41.1370692572859,1,35.9316988522123,1,26.5193123577559,1,16.8102022292283,1,24.571146904839,1,19.9558934565299,1,32.5420050617797,1,22.7430658047473,1,22.437229831029,1,21.3753684468538,1,29.6816880326437,1,20.284686490359,1,22.8953607252929,1,33.1460557263878,1,23.9019281127178,1,24.2634945046333,1,21.3108950830096,1,25.2207721805393,1,26.7378024106989,1,21.8030492743057
1,39.9467678306437,1,32.0333180228223,1,29.4987319863183,1,27.9126119338926,1,19.3822589010685,1,22.4601956097071,1,39.816021160608,1,44.9957246200161,1,44.4510946990132,1,17.7880935060198,1,27.3846516526366,1,22.8104509168317,1,24.4710449501452,1,19.034685279521,1,33.7371665081439,1,28.3777760784151,1,27.1459316378208,1,30.2812535807365,1,35.9080058933471,1,29.3267341162127
1,42.2211305400136,1,43.4676846690574,1,30.5481692266153,1,37.8233712145324,1,24.6567282300954,1,21.8543370721093,1,32.6706184150713,1,34.2840017270024,1,38.4833214839235,1,45.7964980295205,1,33.0613355523893,0,32.0610214996815,1,36.3925279671412,1,26.5602145973453,1,29.0728943495438,0,20.0883579156264,1,36.2415073583607,1,30.4635148649133,1,31.3862607475409,1,25.6586616536969
1,58.2843831588045,1,37.7980603808252,1,22.1209290995799,1,29.0176870919356,1,29.2108236630669,1,18.4344971811196,1,23.9440464956413,1,29.9800224530852,1,19.8279799189894,1,21.4881436440871,1,18.5107058798095,1,21.4002999432766,1,33.7256362898759,1,18.1988234639661,1,29.1588652415751,1,21.0316737263689,1,28.1641890633415,1,21.8677775141792,1,28.4623442842273,1,20.4976641828128
1,27.5926631351371,1,35.1954977449246,1,23.7392773256194,1,24.6312460647452,1,16.2659128288875,1,20.1265421477455,1,23.0076686761792,1,20.5414657117249,1,19.6099238361418,1,31.9203024648456,1,27.9480159039183,1,21.1493327310673,1,28.9732385574535,1,27.1041086714296,1,31.9521506917931,1,37.5886056225944,0,20.4219473141922,1,20.0422514886605,1,19.2635279822457,1,21.639183042441
1,35.804549120389,1,32.1260243623998,0,36.1176785287545,1,41.5226954060037,1,29.895096235001,1,41.0047111040214,1,27.870212785073,0,22.7306697807129,1,31.079832929265,1,20.2444597589474,1,37.9765296014935,1,38.4104746937421,1,28.9096913211854,1,34.3293679776579,1,25.1794418095218,1,36.9742643024724,1,39.9793964319622,1,30.7624637542916,1,28.2613681249886,1,33.6529122221582
1,77.9694515653049,1,34.6806031778899,1,40.4250246022979,1,60.7893373776557,1,38.949041776244,1,41.4124549943219,0,56.5055108664695,1,23.5498512305384,1,30.5352046406761,1,30.5495766652079,1,41.6707715337604,1,36.0401155799302,1,25.9090083969296,1,18.1216062617884,1,34.0010238429705,1,51.2058946118457,1,43.2587134396284,1,20.7803791516397,1,30.9718508338741,1,21.6000965588092
1,60.0787364347345,1,29.9374706242491,1,27.2274315240012,1,20.9438868883959,1,26.2911668349949,1,23.370616742005,1,29.8514980757524,1,31.7394979813913,1,24.1102115556328,1,20.7037274000162,1,22.7428090542094,1,25.1858016001092,1,27.3099642985194,1,23.997012769032,1,27.9425694204359,1,36.7927648376317,1,23.9130218139167,1,22.8521265339814,1,26.0012510427694,1,22.4010023151281
0,35.605891123012,1,37.2641303364669,1,32.1126993586623,1,32.1394092687989,1,36.9798524844497,1,28.9982410192024,1,28.5013231240943,1,27.8358543998116,0,30.5102981185309,1,35.966625064953,1,27.4089639476076,1,20.7173401171111,1,26.5967751876985,1,29.4643963981318,1,20.6261987272185,1,20.7227046114861,0,34.4434316717296,1,23.6687480608649,1,35.6668332158707,1,31.7755602024998
1,46.8474346338981,1,45.0710716036484,0,20.5313484700358,1,29.5618760942099,1,20.1122178971387,0,24.0803051149643,1,24.0807640527092,1,30.1395621653155,1,25.7456952563999,1,28.9652040094635,1,27.7430797891553,1,40.9026682706177,1,19.1816128636602,1,24.0667254682925,1,32.123235078988,1,32.3230040579386,1,28.7020574062946,1,31.2045176928279,1,27.97798585429,1,28.8963657593981
1,59.9033714440495,1,29.559751421907,1,32.5774435811584,1,31.4140672736024,1,21.5779509622287,1,35.9444871905453,1,17.6406469241542,0,29.1493383055346,1,37.4457287784356,1,22.3270525019374,1,20.8340107008982,1,27.2188825793643,1,35.0646429279933,1,27.843940755511,1,27.021762837248,1,24.1444058431691,1,46.8913640250987,1,27.0820166299851,1,29.9395020665744,1,32.4664884302544
1,38.1154795808585,1,36.6856599197653,1,34.8483781100338,1,41.4349727041722,1,47.2594511896926,0,25.702128809615,1,39.1011739470341,1,29.5999674512237,0,19.4554313965272,1,27.0863069700569,1,54.6008327324107,1,20.8253469835359,1,26.4617585626595,1,22.3013886463054,1,33.2916875475217,1,33.164199204601,1,25.1535592843629,0,23.3329677004579,0,21.5090530532685,1,20.8862337594641
1,40.4190115806926,1,30.1349773306088,1,39.4201868919148,1,39.8576896691282,1,34.0099416832691,1,23.1496540182417,1,24.8890589333022,1,34.4467528771111,1,39.9614051903534,1,36.7397462170921,1,27.465454890344,0,30.1165640257864,1,31.5542389404242,1,27.5257667234065,1,24.5665276320828,1,31.2773161762556,1,39.8985451600725,1,22.3551175415024,1,20.3469057852749,1,24.2340821196946
1,65.6959062650365,1,39.5877209919165,1,30.8247303480964,1,23.8719367407323,1,21.9128165997636,1,19.6300591973767,1,36.3792158737534,1,28.2164949244571,1,23.2832548903653,1,35.4686615623815,1,25.6067820269605,1,30.211760250016,0,30.2133809510477,1,22.7898879801262,1,28.1210032142803,1,32.3037263854287,1,25.7456671637955,1,36.0491852477065,1,38.0815635401688,1,32.0957373442024
1,89.5144829907855,1,63.9991333054947,1,64.6701538075031,1,31.3416824872574,1,34.7149241175225,0,19.3350439699278,1,42.7140109274007,1,22.534048799022,1,23.7926700486958,1,20.233466864185,1,29.8662646889051,1,25.0798611275631,1,29.9892945215897,1,20.9540431399607,0,36.2865575480978,1,31.8011831105768,1,29.1144142439118,1,32.1264545356816,1,27.3602691163677,0,30.2681506907326
1,49.3794603036964,1,30.4455905903183,0,28.0755791133844,1,33.9518269777764,1,36.1481374084604,1,18.2202761827707,1,46.0090114126496,1,33.6514580392422,1,36.1740828477078,1,20.4049777609294,1,20.5706946961072,1,35.3619574835925,1,26.5154619449212,1,19.5495500397848,1,19.2453474407985,1,19.8289082092074,1,46.607916340859,1,31.3462923922044,1,20.4821737323948,1,29.0914822751145
1,32.9938968833068,1,36.7213505686655,1,25.0683817194929,1,33.5059260545968,1,34.6851064805859,1,39.9619263113702,1,25.6023307048631,1,23.6827026158487,1,25.6352649651983,1,19.5852660286005,0,22.8854153328226,1,20.2620080357897,1,26.3290059811401,1,33.4198171785558,1,39.0411428327376,1,17.9680884232496,1,18.8084517805063,1,22.1563340434687,1,17.7265577443121,1,31.2254829485608
1,49.5577801344744,1,28.4447867402052,1,35.5061410642287,1,34.1516181664132,1,35.3963722860356,1,19.1438259553865,1,29.9641775226896,0,30.3047668990446,1,30.320747801854,1,38.6035676401731,1,31.8505290546919,1,36.7827630712885,1,32.7693486313434,1,28.4771045183219,1,25.7865078925948,1,26.1082270629755,1,32.0698583440562,1,36.0821799932296,1,24.2628460751465,1,21.7869277745539
1,37.0195844697838,1,33.3978220059947,0,31.5262454353876,1,29.2688583928756,1,22.9454479860921,1,18.3794030113741,1,24.8603257901056,1,24.3716869920797,1,19.8152698224621,1,28.8712032694175,1,29.6938500432606,1,19.6585634972407,1,19.5754417924653,0,21.4236737674448,1,23.4558056517384,1,28.0678226101724,1,30.9496233205768,1,31.0587799085503,1,38.3756866716415,1,30.3320572456668
1,34.5918071130806,1,32.2008547840014,1,38.7039541575529,1,29.7635117112508,1,18.3157237711466,1,23.9317685317233,1,17.882612888579,1,27.9843704730888,1,30.9600390847269,1,29.2834456905708,1,20.7607366727948,1,41.0922035756711,1,36.3507144833669,1,23.0665721489433,1,21.5657300747034,0,23.6037276451822,1,30.9795515652401,0,21.7030980103329,0,20.048250366198,1,25.5055545265656
1,41.2511453590933,1,47.4097460604027,1,29.0148547340297,1,31.5792416098605,1,18.9098383535835,1,27.4311868929273,1,19.6822181979898,1,28.6090708977007,1,36.5590811573752,1,25.4861454561169,1,20.1443606474468,1,19.9988661919475,1,22.0211444713985,0,18.5086697797828,1,33.8486022524469,1,26.6220837973357,1,29.8015110385567,1,19.7993426960199,1,33.07218284987,1,20.9248622122253
1,53.1834413644807,1,32.9056441591208,1,30.0440621870474,1,23.1921073177213,1,28.6137413341952,1,18.6971002277171,1,19.1759705762469,1,22.2048275577361,0,28.9393583054982,1,35.8334989749553,1,26.9540132018049,1,34.6672685827299,1,24.7651750601762,1,27.6594473172993,1,44.2041016569324,1,27.6508731236895,0,39.4360315461666,1,30.1791806021841,1,26.890482768008,1,36.9826020282754
1,44.9833703274552,1,56.8179709058653,1,28.9955480914777,1,31.0962361115761,1,20.2888802979837,1,26.2536281396346,1,33.8923415269393,1,41.6204323862283,1,24.0855984983065,0,28.4711884317702,1,31.1474430995576,1,27.4059961231877,1,52.7812685650816,1,31.4652435736279,1,21.9793297964736,1,27.0968319478251,1,29.5933079703648,1,32.7145484116065,1,38.1413918333313,1,29.9200735486251
1,32.3134863052208,1,34.3969582782873,1,20.7265085528952,1,21.3894854515118,1,19.0896838487182,1,20.7779580975795,1,35.0576776983539,1,26.323858686019,1,35.5741978663775,1,38.666787623219,1,22.7761272493885,1,34.5161205142488,1,29.6725472333898,1,21.1342728371208,1,21.2971173051723,1,25.0038185826307,1,35.5827816607904,1,19.658312267221,0,24.605369428464,1,20.6859431394691
1,49.6643256240569,1,44.323826978016,1,29.3989213945269,0,29.6440276506564,1,35.0008594928306,1,35.9424133732498,1,28.3204497538448,1,36.1225363496368,1,21.4991722096638,1,29.6554576960031,1,36.8236084205768,1,22.3218893996712,1,32.0583694939871,1,28.6936714305835,1,26.2632310318355,1,33.9251641009072,1,29.2320116275268,1,28.4681242973333,1,27.0545314786227,1,34.3473424576784
1,69.6722436070667,1,25.7419548618108,1,29.7628045729947,1,32.5375981180171,1,19.7082443847894,1,48.0805647912827,1,40.8876644051506,1,28.1489117061306,1,28.2584449600206,1,29.4069247535135,1,33.8781372722611,1,29.1382530534107,1,28.6890112008385,1,27.0532042461699,1,29.6839902788985,1,42.7781597544702,1,29.3077786778001,1,29.3936154880342,1,31.6042274521606,1,22.9389432033106
1,44.852682882868,1,34.3377987457533,1,30.9632795263905,1,22.6274289669391,1,43.9199934745531,1,34.1160388683571,1,46.0281067125634,1,33.9787913263896,1,29.4002780105435,1,35.7827253889507,1,21.0542396590185,1,20.6860282361244,1,32.8296052923343,1,32.7157571835489,1,21.4025158237947,1,19.5883659883749,1,35.5880787225157,1,18.957366169119,1,20.5122419715116,1,19.415956590948
1,28.2278552231188,1,37.2236034190312,1,29.4520367723322,1,40.0838841402752,1,36.6826814521399,1,22.075566045459,1,18.512898767263,1,27.8066186274533,1,20.9307070672152,1,29.3757563932068,1,19.6687961801567,1,41.5206061844113,1,20.7527132054388,1,18.2862641397875,1,18.6743380687915,1,19.8419016755914,1,18.3205506371726,1,19.5823148258348,1,29.7376246153342,1,30.4232930838973
1,42.8850611570378,1,40.7507151366164,1,23.1356762961089,1,24.2898756327779,1,25.718470855662,1,17.6762650936415,1,20.2450209508321,1,29.274480289985,1,18.6356856696679,1,19.6833682075553,0,26.8756642451615,1,21.5685760650802,1,26.259785559032,1,20.7462818474572,1,18.5623299783517,1,20.461010296494,1,31.2748095731208,1,18.7553140333744,1,19.7968942571245,0,20.1863536694021
1,47.8791682412368,1,31.1733242240258,1,32.8789071157514,1,26.5291240394248,1,27.8768640843028,1,31.9734792060412,1,23.1885245701589,1,28.8199091622407,0,27.6755038606327,1,18.2803536917898,0,31.818511269965,1,22.4238521444504,1,22.8076702032397,1,22.2420827450199,1,32.0346980483296,1,33.1446357437301,1,21.2196034533498,1,29.228755174349,1,17.9434232494221,1,19.827611681933
1,37.1598101549256,1,33.4180707028543,1,27.091124787892,1,27.8383964165539,1,20.1214566324285,1,18.7381842178564,1,16.4566954454717,1,16.4224428844482,1,20.3190094441453,1,23.0051942928748,1,27.5670968191231,1,34.6255638978979,1,19.04834307574,1,30.5270970763445,1,22.852653851125,1,28.1786347362847,1,20.6567996753659,1,20.8518678405365,1,21.8477566728005,1,27.0580900202641
1,61.2443712420079,1,42.375245905757,1,34.0037626265259,1,38.7195499748269,1,34.0745873402223,1,34.0634680791903,1,32.3757270794816,1,29.5779788921779,1,35.6324232479828,1,26.234967215453,1,36.9813408552148,1,34.5084346319567,1,29.1322784551402,0,24.9007608555485,1,23.0483384605014,1,34.6230800777182,1,20.3234768899333,1,31.4762737857904,1,29.3538047832356,1,28.61375834277
1,56.9894805291517,1,40.6382757115164,0,19.8261888339187,1,35.2845707193812,1,28.4737592105007,1,21.129345435769,1,19.5372627845835,1,20.15287419934,1,28.5914494627863,1,19.4836375659,1,22.3620065062171,1,23.705278098091,1,20.791480868773,1,42.5856125626937,1,32.3598067945007,1,54.3695924264553,1,18.9761871990432,1,30.310112211505,1,30.5368001273494,1,35.7562976469763
1,35.6227613520224,1,24.3721876517684,1,32.366480787499,1,33.5463673133671,1,28.0005312865918,1,29.1657513903607,1,36.7967242704169,1,26.9527058829848,1,32.1901014125098,1,43.0432072494708,0,36.1041897213763,0,30.9402037020616,1,23.2411337774074,1,32.989141346776,1,30.2619804637696,0,28.4683170791012,1,28.5251218438678,1,31.0563363197234,1,31.4668945257454,1,25.8704122998606
1,43.0101607970014,1,40.005584512,1,32.2038053950918,1,38.9171311360387,1,36.6909682515228,1,35.2745999635533,1,25.512888527894,1,32.3286781675635,1,29.5052220017741,1,35.9154865592346,1,32.26638431936,1,30.4358424934056,1,31.2328357189781,1,29.1522860148794,0,32.3039336119046,1,32.3054496102743,1,22.6284983784519,1,29.4697542716879,1,21.0872937853794,1,19.5522358568854
1,53.1407597219915,1,29.4330058037441,1,27.9976989425263,1,21.4915843162843,1,28.78079554368,1,41.5303752241893,1,37.0891251383978,1,26.6259334894652,1,37.5914324272064,0,23.1327010531003,1,25.3273526759963,1,41.5468182886983,1,25.9556705293386,1,21.7288376955797,1,19.5801413205364,1,20.6444710333045,1,25.3938602665579,1,34.0409529905284,1,19.0122876835373,1,18.167898494649
0,41.9206307471848,1,36.3259671716387,1,28.0586002397478,1,20.5723424924764,1,32.0983817926311,1,38.9263383028481,1,35.8857067397094,1,31.3523637816407,1,20.4488919673486,1,18.5549678768312,0,20.7027574342689,1,29.6294259259107,1,17.3897550630041,1,23.1305839620689,1,19.5519637778492,1,20.231711734095,1,19.4479823683995,1,20.0582756163901,1,21.2808069211433,1,29.2527619142729
1,47.7678472967578,1,28.6709325146221,1,20.7407339265452,1,35.0246127804651,1,33.9929981247913,1,27.6346930467279,1,32.5480579383253,0,46.6912770360995,1,28.1693822719756,1,41.9246166028989,1,31.9248142292036,1,43.1158970373164,1,29.4926868556417,1,27.6303658590042,0,29.4172077723868,1,36.476640008063,1,39.5713393066088,0,31.4538556134345,1,38.5591753683839,0,40.6707317738604
1,37.5832861786557,1,20.0393338380677,1,38.4939209671572,1,27.5634687352151,1,32.7635170160965,1,22.3671088736332,1,19.6412238524774,1,24.8610553882192,1,22.2285304955715,1,22.5958545482242,1,33.807918290177,1,22.6188384020711,1,28.1504718003244,1,25.0364980068124,1,39.592270783999,1,35.4167709695577,1,20.2564520180324,1,30.2501476584628,1,35.0423352235884,1,20.726046131561
1,47.0272591019867,1,43.1333498136741,1,43.4883394432904,1,35.7063813637368,1,26.2924583833012,1,29.1849758759485,1,20.3492565984174,1,34.1673194187584,1,40.760368514639,1,27.2403236681929,1,41.1868545738118,1,37.7111461373879,1,27.0254895588581,0,29.2829581433703,1,28.4791793054197,1,44.3606497721216,1,31.0838635872607,1,31.0363175249998,1,29.3032528320849,1,28.828729079075
1,48.3196566847002,1,48.2736679695184,1,35.4687017606027,1,29.4360118552755,1,28.2594766203068,1,52.6450291818012,1,36.8313173593653,1,26.4062707718802,1,21.7154819896661,1,25.4342985671014,1,18.3985842284479,1,18.5516563733276,1,28.9315545490835,1,17.3713863602507,1,33.8723834039469,0,19.2664765005598,1,19.0706488257734,1,21.8372155522943,1,17.5604540062071,1,26.1630309751415
1,70.5326938296256,1,33.3068110234541,1,33.9197050690432,1,26.155049779404,1,35.2821221970196,1,28.5581201605073,1,36.0385966145652,1,34.2402080332462,1,25.2635279102239,0,45.2844403798375,0,22.6808762265608,1,28.0523503553471,0,24.9138863686964,1,28.1406240944878,1,29.1407743026947,1,37.2902360520072,1,38.4579047519828,1,27.6154446226766,1,45.1861996887845,1,21.7614167718838
1,42.0819071660403,1,35.9756105962727,1,27.5019272714535,1,22.4468601654819,1,28.7020209035482,1,20.6980145053424,1,19.6372505315256,1,23.5801771941364,1,24.9231644793386,1,30.5672931451796,1,31.7937985437554,0,19.1342860128664,1,24.0444238576113,1,19.7521182716877,1,24.0737026765703,1,34.2785284795615,1,29.1249842946017,1,28.7639345564069,1,31.4952900567037,1,32.8846447494581
1,49.9927179230174,1,39.7241995745959,1,20.8675531977925,1,39.1968480544551,1,21.9671010239493,1,27.6641528905152,1,41.7308642951276,1,34.2077977184417,1,34.9614587917687,1,42.4485196462272,1,21.3207318737402,1,39.6634460731746,1,30.8894477555973,1,20.0685040046774,1,28.5600254887131,1,20.166871157322,1,34.5418080008558,1,36.0715787487036,1,19.5218386935942,1,29.5839305969986
1,38.8923830574797,1,36.2120631700521,1,21.3354488402083,1,24.4815290038201,1,25.7245678680732,1,29.3373066521852,1,20.9136808732415,0,22.8920199865854,1,21.5943623208137,1,21.751342179927,1,34.8092876351614,1,33.2700659604401,1,36.9551238322057,1,29.257499702243,1,41.8208729053994,1,18.8605200282617,1,42.9829781160654,1,31.0678651820881,0,36.9289624705006,1,30.6061091039972
1,37.2793889315831,1,20.8008650290252,1,25.0085017080188,1,22.0788148873698,1,23.6326222701285,1,18.9204310730095,1,18.6851365741748,1,20.5682206913809,0,19.1994062093349,1,18.6868420257734,1,20.1718964350581,0,17.368957000573,0,26.4880563374107,1,30.2033827361334,1,29.1788029601777,1,22.1521255487329,1,21.5898686111124,1,18.8392243835157,1,22.2660026237533,1,20.7270199818648
1,41.4168118704343,1,36.7722204686829,1,27.6366463146964,1,35.9206711625865,1,19.2458758718693,1,32.4784793598396,1,20.289018339316,1,37.1085032964523,1,25.1570182418633,1,18.1816684465265,1,22.7284215353939,0,36.4853566858656,1,36.1565517050785,1,28.2137287177506,1,30.5645772540477,1,26.3686876708591,1,44.8878070517221,1,18.1939889760578,1,20.8313442536737,1,37.9607494680011
1,32.5824163614774,1,38.5776955633112,1,26.220125748032,1,42.9244736631622,1,21.259997731922,0,18.7402366004186,1,26.0462155184448,1,18.1966396303099,1,19.9335058090066,1,27.3845332927393,1,17.6994394870174,1,26.5624091204377,1,18.9235716595172,1,18.9959640545329,1,27.6518137656257,0,32.7612822693019,1,23.3035743056153,1,44.3695509354286,1,18.6603500191732,1,21.0383224559538
1,43.9485903855162,1,38.826288966838,1,33.2678230219498,1,34.0053358104901,1,20.1610800480565,1,20.4740363711552,1,19.9493331919095,0,42.8942962008921,1,36.3995030812079,1,28.0874030640133,1,29.4762269630148,0,29.8404271769045,1,21.4352390147457,1,25.3153195926109,0,27.8632064594393,1,27.1149165116046,1,21.1749848742713,1,26.6540733389825,1,25.2257238625395,1,20.1537721471011
1,45.0561672281668,1,38.3533507283016,1,33.0880733894404,1,34.2162764224824,1,22.1807766621116,1,21.5200316039233,1,34.3214645096409,1,31.2920438779298,1,35.7573823887925,1,19.6841074744956,1,38.98242385518,1,28.0778309754401,0,41.3431126799543,1,30.0028856762183,1,20.2598015082851,0,29.6753976317053,1,26.2743150276112,1,36.0930524081204,1,31.8101826198898,1,30.1998893683793
0,41.2567091288179,1,40.1039044823021,1,35.7486620341946,1,26.7160508375482,1,27.9349639027333,1,35.1942927664528,1,33.8352290499802,1,36.3728823754108,1,22.1640993469185,1,24.4470212238123,1,45.984056327364,1,34.6395414086704,1,29.9463247918219,1,30.4298821734011,1,34.9143144217788,1,19.1103797974069,1,20.7654956168576,1,21.1920240328993,1,20.8134435769797,1,25.4191377115071
1,69.9629538163258,1,40.9273724751856,1,28.1052319607301,1,45.6400933658486,1,20.885754205416,1,32.3462050825532,1,29.8819288377603,1,19.2426538009421,1,35.4435489398528,1,33.4295180888453,1,20.5575312459872,1,17.6262848323419,1,51.5692605243346,1,33.8022088152305,1,51.4844835117565,1,16.8126673754264,1,20.578400060649,1,18.8124337264307,1,38.1553191474711,1,22.3759466509412
1,40.0841401989157,1,46.1850180044279,1,43.2705190647556,0,33.6100441752128,1,27.1543983668472,1,34.9886170850013,1,27.9273311200492,1,39.5051883609766,1,41.5640247312566,1,26.5108089230876,1,32.6628466438743,1,26.322826958742,1,26.608014727865,1,19.73928245935,1,29.7967446980216,0,28.9355016651895,1,22.0025179676894,1,42.7460762142796,0,28.259101756323,1,20.66165352416
1,49.6626986350386,1,34.1939543487852,1,36.9623299432361,1,22.5914273513005,1,34.2832115991908,1,25.0601687849524,1,27.8677559312594,1,20.0219577001285,1,19.6948411590448,1,22.8259570560367,1,31.5697713966075,1,47.5355086227112,0,19.4445437963241,1,20.1198855071146,1,17.950130328064,1,28.1072840353514,1,25.5385595887225,1,19.5188773811063,0,20.0904616747126,1,21.4593446632584
1,61.9696644693806,1,23.3704069509172,1,30.9760346767123,1,20.1642374630509,1,19.7535624535098,1,19.0092375690015,1,34.1679592628153,1,18.9172052590779,1,19.9764154754987,1,16.8968706711118,1,20.7466861283902,1,22.8710685195707,1,18.7260549616585,1,20.6530727160278,1,21.1263342467538,1,33.9069531748929,1,34.9988992940358,1,26.9380341225617,1,21.4587742824295,1,27.85648111701
1,55.4963283260108,1,53.6117433239812,0,33.134970662437,1,31.5148285766293,1,20.8514628585361,1,20.9306141519911,1,27.9335844877193,1,29.2439431859194,1,19.855652007665,1,36.3576009256798,1,20.4356817574529,1,25.9952794968673,1,31.4746708245891,1,34.3040047109288,1,28.8193849797884,1,27.4517500898215,1,21.3740619014424,1,27.2293811149698,1,41.9416657700049,1,39.3466010047456
1,32.1686193481793,1,33.2480187022053,1,29.3941854633989,1,29.4245576411862,1,22.0558929645373,1,27.742443759974,1,28.22870506983,1,37.6505271490824,1,33.232187021898,1,21.7767596650831,0,30.7711448328313,0,29.0532958536217,1,24.2360274164195,1,27.0989530421025,1,35.3858558332354,1,33.8755097353113,1,28.0349818878524,1,28.3294346069456,1,32.3290136624818,1,32.3653875686234
1,54.6947559505398,1,38.6850594646483,1,32.8923711130302,1,33.2724833172452,0,17.5856057554325,1,25.2383190601487,1,26.7948047852861,1,33.1090053309273,1,28.1156549641438,1,26.7028134486062,1,31.3706852992397,1,34.8130728973522,1,20.9850258282666,1,33.4451863900598,0,18.5710127505224,1,29.9683914282237,1,27.8588977486099,1,20.4946255191922,1,33.0793188584967,1,32.7615067209558
1,72.2130286300876,1,55.1025436536812,1,43.0128979577422,1,42.6086829673278,0,44.8938476259356,1,39.0972067475531,1,35.6419539159081,1,38.7785320255258,1,32.33471004463,1,26.4665517069256,1,32.4012842892326,1,21.0684599358718,1,26.9627147280291,1,27.1515734203984,1,37.8683207959539,0,30.0214864354293,0,51.2580132022114,1,41.0412869307731,1,26.7753586867198,1,30.7600639291843
1,45.8283675828322,1,33.6789073526525,1,35.2030736106798,1,35.0771032954798,1,35.605559560119,1,20.1818779949213,1,25.1930932284701,1,27.5890851631128,1,18.5927019141313,1,18.8281042290424,1,18.5533001474611,1,21.5079067421618,1,18.7622287043898,0,19.8986591083451,0,20.6605099274553,1,36.5614690314076,1,20.5810520966649,1,20.2399616016824,1,31.8499196946214,0,31.3960740441764
0,31.3848457901757,0,16.7374061604912,1,24.4281359324753,1,26.2139550266688,1,22.7459607083184,1,22.7116018872082,1,20.7213853341433,1,23.3359342004922,1,34.2383524658461,1,30.6124568900725,1,19.6772966624513,1,19.8607259434109,1,28.8441335376326,1,20.89067812666,1,30.9438093646591,1,23.2388123255291,1,33.1384059971578,1,28.7093265809483,1,19.5342791894488,1,21.259609849289
1,50.195613123808,1,38.547555691404,1,19.5841012064871,1,22.3421939208778,1,28.9236097456822,1,30.0979627232259,1,30.3635507846403,1,26.8301827593241,1,29.7412155876988,1,31.0985760048049,1,29.3188319323199,1,30.3015005793512,1,32.028110546852,1,20.0656789005684,1,25.0813286978729,1,26.5313902059361,1,27.7955506912652,1,26.6342215073363,1,40.5079800590072,1,32.0926520547162
1,81.7845697204927,1,44.2379465424186,1,17.762115983289,1,30.2525043502252,1,25.8277070558832,1,32.9378910061156,1,25.6984384869014,1,26.0741491524399,0,27.1858421975532,1,19.1942333308579,1,30.7199936595291,0,20.5517772506122,0,19.8999505555987,0,21.6560767552884,1,21.6714124056753,1,18.0946559449786,1,21.0824514865159,1,19.5397720226188,1,23.9501534394502,1,18.7919105243069
1,39.5432335664916,1,51.1853080276062,1,46.4882647207968,1,40.3444128026895,1,25.4758811651465,1,24.4597347227375,1,35.6484884494859,1,19.820961191901,1,19.8178232759787,1,30.496465400002,1,21.6666993642089,1,30.9178052204177,1,25.1840542262258,1,35.0389977877417,1,26.8554811724409,1,33.0364137988397,1,29.9121270756052,1,31.5949870266584,1,44.0619922899222,1,44.2432980791373
1,35.3718227512272,1,36.9435465078052,1,20.4543605652017,1,34.3841737409118,1,45.0625561630534,1,25.1357187852522,1,31.3327889778616,1,32.0406409491429,1,17.8435794440163,1,44.7436745003798,1,27.9268684974648,1,32.6854468822319,1,32.1251913511306,1,22.0246116200297,1,23.3510575123268,1,22.3272722176391,0,22.3536621255007,1,18.9464189252546,1,17.9967386792197,1,30.4504204142644
1,39.1956287478011,1,34.5871269002904,1,42.3470110531582,1,37.1162315498041,1,25.4383803324163,1,28.9484747295968,0,28.8296268161921,1,37.0378826710626,1,36.1997220780128,1,31.5292859416537,1,41.3581955143917,1,20.7088791095733,1,19.794157321613,1,25.2749188143789,1,29.3302513456819,1,41.801299539454,1,28.0800867459504,1,27.754441117062,1,30.6785017804095,1,34.4791081313902
1,41.8658621006826,1,33.7558199249042,1,38.2762091024994,0,32.9370112785749,1,49.296387284335,0,19.8589407542163,1,39.2621109729204,1,24.0168339163759,1,35.3037047983467,1,19.1057732504745,1,25.044435000525,1,30.0333211195939,1,19.1073161830616,1,38.3308560139505,1,37.309487119795,1,21.9375209680616,1,27.4110168412711,1,40.0377197141933,1,20.8839756825906,1,31.433092292729
1,35.4870275470107,1,26.6504398687093,1,24.8760460917981,1,24.4437706533609,1,21.7025328896023,1,18.1416123013532,0,26.9584199839157,1,33.884175530366,1,19.8716315129556,1,17.4731354088496,0,20.2311262934255,1,18.7559856096957,1,22.2981904943447,1,21.1443451409407,1,21.0067728379148,1,19.3559247374104,1,18.6945086195023,1,21.3168671634161,1,18.5048591581764,1,18.893969941209
1,37.2726820180976,1,29.8605956076184,1,38.0025126657384,1,27.2443695329459,1,24.5723793174714,1,32.6133767709378,1,23.3034901681013,1,19.5616625481927,1,18.6366395466974,1,19.8002521809503,1,19.5348680028066,1,21.568552038162,1,36.9022278439976,0,22.8323576327443,1,19.8238347254517,1,22.4676105242234,1,27.3404236438041,1,21.4137901459061,1,32.3256537236438,1,32.1490609110747
1,45.7427438348486,1,25.1224682509163,1,21.8738827613117,1,31.6392403538375,1,19.6299001036533,1,44.1415564888494,1,30.4387623477217,1,37.3293242734444,1,36.9751170665487,0,19.2414494383943,1,21.0447720255162,0,30.3829531211842,1,18.7597874135998,1,30.6501042043932,1,34.5581336359566,1,20.8541823156398,1,31.4105644668425,1,22.8354151150029,1,40.8514488442826,1,20.6602116245516
1,44.0991859461058,1,41.7951279945327,1,24.8423942716499,1,23.7469642034973,1,35.2772847253096,1,26.6344834130809,1,21.626293563112,1,25.8150354434912,1,31.8514196151445,1,22.4883512555794,1,25.5179034892435,1,29.9786355548125,1,32.158104686682,1,20.266430896194,1,34.3375928239196,1,28.6699628330676,1,28.3272736630392,1,37.7741066292754,0,29.5684328760991,1,30.0797394878678
1,42.4588063910071,0,18.0067577611854,1,17.2996973350907,1,26.9112796505887,1,30.9174648468232,1,20.8939906108671,1,31.0173930182827,1,29.9803760689459,1,29.3888725705147,0,19.5984082288507,1,19.4031312716991,1,28.6042977252489,0,19.869494034752,1,38.5843791798115,1,30.2490603684978,1,19.0001367569143,1,21.4878651406416,1,19.7730163365777,1,28.242386913709,1,28.2532344843327
1,42.93797829888,1,26.3854503129903,1,19.2609605330295,1,16.9639543923925,1,28.3727163482743,1,32.6656203833502,1,23.7767773916186,1,33.4087620224106,1,23.2701565274742,1,34.7048310115405,1,29.4953643170453,1,28.6464215729652,1,20.2033125985314,1,24.6147607609422,1,38.3783345652949,1,28.0962696387177,1,27.5558460089177,1,18.6085097311378,1,30.4697509709489,1,22.035250111395
1,77.4121212663271,1,25.0609184276655,1,39.7778733151405,1,18.5953634617886,1,17.7131336897201,1,24.2530015684877,1,22.1904147461822,1,31.0351142280121,1,28.7472137822791,1,40.3355308835435,1,21.2428756935712,0,21.0513092241368,1,36.3744114813543,1,33.4794779926639,1,39.1622679490018,0,33.6598479076772,1,20.8827515194618,1,34.1385794821967,1,29.3842101276818,1,20.4910891060356
1,40.3249625386156,1,31.8027619197292,1,34.3704938009607,1,17.2676130613016,1,21.1319650250687,1,36.508745030766,1,18.198706291405,1,20.8730851372714,1,18.99897377253,1,24.6208029052444,1,45.0875822409221,1,30.6332982119525,1,29.5280088894043,1,20.2374261221068,1,20.9698234126912,1,26.5104491810412,1,27.723427625402,1,19.826363069714,1,19.5626825096603,1,20.5444618153936
1,60.1583064034444,1,39.1128757923458,1,28.0971437086783,1,19.8863599986201,1,28.9945022742628,1,34.1779417274819,0,26.3278309811972,1,26.4014584271639,1,29.9865857890404,1,28.900156330947,1,21.0219773774069,1,27.5142973565682,1,28.3661495923601,1,25.1244371275244,1,27.6772581737587,1,37.0090795784431,1,37.548919338299,1,32.3236379191548,1,31.9642951727953,1,41.1408256672233
1,45.6073047672713,1,49.6250737305615,1,18.3706082609183,1,37.0166168065076,1,28.1746611585113,1,35.0534990070958,1,33.7996304389039,1,36.3347869037335,1,31.2068752630001,0,25.827545190885,1,28.9810993847528,1,21.3692254456202,1,35.5643705208294,0,30.9590694763856,1,29.7372579621879,1,23.1473213603379,1,38.4194170003228,1,26.1517469069878,1,29.4676273670483,1,25.8799752953622
1,88.3813967682815,1,51.8814042304378,1,37.718321511458,1,41.2806609392291,1,41.6626275956656,0,32.5440239734714,1,29.5536071385576,1,37.2463374261456,0,28.9357277007608,1,41.5176843691909,1,28.6720169304011,1,25.8872333903641,1,32.3481416620142,1,34.6074438640798,1,19.5255785988345,1,19.8063826762582,1,39.87431569252,0,26.8312487089869,1,29.5025695332519,1,26.6166583949819
1,31.1552997076704,1,30.9860369999437,1,42.4740428378282,1,32.8043310621249,1,28.6012545134018,1,22.0703549102128,0,28.7293943433778,1,31.9093114333585,1,21.7696748357788,1,19.1965039806266,1,30.3838936572262,1,46.564448058743,1,21.2092029899303,1,31.4191052445025,1,31.4857071956474,1,20.3962678731925,1,18.9898353964512,1,23.0740723399283,1,20.742336674825,1,33.313411935814
1,27.9062314813764,1,34.5473757239971,0,38.8823023595277,1,33.1269736669167,1,19.9268289010008,1,21.5500441169523,1,39.3424868213332,1,32.1467436119422,1,31.8074888965817,1,18.702949718666,1,48.0379296437173,1,21.5308595340759,1,18.2013276692005,1,21.6330722889429,0,18.3891748574059,1,17.0085085875153,1,20.3362016807975,1,36.054168515867,1,35.3708599161066,1,19.7294442715116
1,37.3467178344802,1,46.6634251123962,1,19.7283576035956,0,35.0493811558213,1,19.3619280683517,1,32.1615712849318,0,32.3645756349232,1,23.1310496696236,1,29.9040224468101,1,40.9179697487419,1,20.9152122064676,1,29.9132760617746,1,29.5511340723774,1,19.0151131292263,1,22.1830047662075,1,19.3413015907848,1,18.4162896985121,1,34.118756046088,1,21.2305550960878,1,20.9946452902932
1,42.7230631190642,1,35.4648203213351,1,26.364948870099,0,22.892982368557,1,22.2534549241756,1,32.4767434218797,1,26.1712303222554,1,29.6014496628831,1,27.7849506549252,1,25.3993281721264,1,27.5450152405416,1,28.5599413515103,1,23.0770954494155,1,26.1859408465263,1,38.0405128722913,1,38.1801986975526,1,39.9781447946799,1,25.5333355709853,1,32.9070413358109,1,28.0909676257364
1,39.7774710639034,1,44.5533623232997,1,37.4267255157256,1,29.8957767358467,1,32.7858226532282,1,30.6098360259346,1,24.8636439407167,1,19.1325059362506,0,35.4392808870612,1,44.278266033136,1,34.975349489158,1,33.1348980035191,1,17.7517544559804,1,23.3405490300364,1,34.5005011907192,1,26.4964281416373,1,20.3273187343723,1,21.1450799561116,1,29.1259813671409,1,25.7493284922256
1,44.105409449939,1,42.2188821062552,1,29.8604874217696,1,34.9787187268162,1,24.2615890072925,1,19.9050535465923,1,28.6237261083292,1,30.1285987672523,1,32.4679181047646,1,34.242212312347,1,23.3343277859272,1,18.3002599295733,1,37.0863116009091,1,28.1511158501779,1,40.2758920139423,1,33.4030216856781,0,39.2429179806177,1,29.2640994321908,1,32.2982530050026,1,26.0855109928423
1,36.324154634157,1,36.5287466192955,1,26.3091500626901,1,18.9657424980148,0,23.280530388816,0,18.3239242680012,1,17.9074391172154,1,21.6961190628748,1,24.6308119046248,1,33.8492374565032,0,18.4102650344778,1,17.0994943684699,0,18.0678071138984,1,28.8968552951192,1,32.7383713493956,1,28.7586851518799,1,29.7265474050037,1,34.4870572649669,1,32.1286809598549,1,26.3692628520663
1,46.7400591820999,1,42.2828630307111,0,27.9149262936724,1,39.1905466122089,1,31.8683833449895,1,25.6981381899243,1,27.8646868960313,1,20.809807397608,1,35.3076330471194,1,23.1168485988454,1,38.7354192199671,1,28.1043441836382,0,22.8818791238051,1,23.3098409407089,1,25.9657548855108,1,30.6927194118184,1,31.1637696779303,0,35.0518329537602,1,28.2317020314879,1,26.0663625223339
1,49.2638495517893,1,37.7447168626229,1,28.2468188613897,1,22.796114751568,1,43.2473210029511,1,28.080421683555,1,35.7597821041377,1,26.4585833927462,1,26.6637846202499,1,22.2782913019119,1,23.6645042180815,1,24.8830615239535,1,31.4140387968936,1,38.4749229159704,1,30.547439511742,1,29.0847068716842,1,28.0817213861474,1,31.1520665018322,1,28.8580077735157,1,37.8218213308432
1,35.4095462277127,1,41.001788066585,1,23.9959411363444,1,21.2944482315338,1,27.1172392123356,1,20.3622480495855,1,35.4686695694819,1,19.7717987010841,1,24.1799033706368,1,19.9770078892105,1,30.2294120360735,1,30.5666924048003,1,29.9303894108318,0,22.6574937427342,1,20.1594339071887,1,23.5826947936752,1,27.009381761105,1,38.2507777233006,1,31.1160257438987,0,27.6595691499092
1,64.8340988805528,1,80.1183720603882,0,47.0722469234652,1,32.6851238804622,1,29.7054812412456,1,27.3056415900378,0,23.6074478699751,0,26.3527053901604,1,20.6160666546839,1,33.3553438047179,1,33.2121061161305,1,34.6552481368195,1,29.7003385826909,1,28.6803943936023,1,19.7652412974314,1,20.7380423415662,0,20.2833222512683,1,23.9080621598364,0,21.128446974708,1,30.2724808379968
1,30.5253752757303,0,15.3290583003223,1,32.329474372461,1,23.1215135454172,1,15.5492138390328,1,21.2091345008272,1,36.4696911670825,1,38.5898211163792,1,29.9048909182048,1,19.6836051831619,1,26.3378431616721,1,37.5509209848311,1,28.4997132828012,1,27.9074686625342,1,38.9356632546316,1,28.8279665682626,1,26.5198198092085,1,36.7934367159476,0,28.9354215220396,1,35.6891123854226
1,33.927137918326,1,19.5508976228212,1,17.1879254551663,1,18.1856622237524,0,24.6299944957947,1,20.2874267904375,1,29.3063189544395,1,34.0259806991773,1,21.8569511405073,1,26.9038423006788,1,36.7406213232248,1,29.4385981640296,0,26.128478281823,1,30.9414162642038,1,27.7012532071286,1,23.4218805754686,1,27.5896922813881,1,30.1466935825754,1,28.4603123312417,1,25.9771972653711
1,44.7697122824696,0,27.7277141101623,0,25.6620472753609,0,25.1977408764748,1,32.497160204418,1,27.8946028404912,0,18.4970865202759,1,29.2961416758865,1,22.85062444112,1,21.3183923861618,1,29.4365873515712,0,21.1107325656979,1,36.4807003818963,1,29.3833332615937,1,39.8953732466703,1,31.785260671906,1,29.5338544828213,1,40.1085267696294,1,29.3290511470402,1,33.477833355719
1,47.296399224819,1,33.7363738493214,1,28.9398966302194,1,19.2607292549525,1,24.217140006284,1,31.5662086521571,1,18.4058148394779,0,16.9158620069844,1,23.3054635965008,1,22.8953990051378,1,31.1365514440062,1,32.0697893650989,1,19.4579038852786,1,25.4938882668836,1,28.7265854674436,1,26.3930747316766,1,25.0587390908496,1,34.1740986726566,1,21.8444820229313,1,23.342414514102
1,37.4572741796391,1,19.0761326395881,1,27.3296136476355,1,28.8466622562538,1,48.6515468547935,1,44.6785185350179,1,21.4296016878402,1,26.7630286355266,1,20.1255992757946,1,20.2349314765876,1,21.7881878322746,1,21.7346640215701,1,34.6791607993132,0,21.5077787440069,1,20.458745396955,1,31.715713557385,1,33.8802365305274,1,40.0094946208256,1,30.6670637280991,1,20.5047372611968
1,47.9343147423871,1,34.1834445201658,1,43.6262370301491,1,26.5009419724329,1,40.9554448069376,1,21.626776686163,0,29.8011759791901,1,18.4394571572807,1,31.7464570225692,1,31.999701949336,1,31.0740102567461,1,35.8028030487613,1,19.6635578211886,1,18.3597900515948,1,22.1590175186403,1,19.6135843922411,0,22.2606681032224,1,19.5470820860346,1,19.2471046950367,1,19.1622443516593
1,57.7528622367702,1,34.1738360882177,1,17.0596849984473,1,33.0952825948362,1,19.5838893701996,1,30.8011002338525,1,24.6006626225682,1,30.4994979693241,1,22.5072653930471,0,19.5055987605981,1,20.9183967327575,1,27.8055072837332,0,28.9856181721378,0,24.0455904777688,1,31.4721195928744,1,30.3096496474071,1,29.775132993748,1,25.6411665749373,1,25.1816059518442,1,20.0715074131065
1,36.1071509196811,1,25.1065449879766,1,23.6073558245073,1,24.59457898152,1,31.2097195720582,1,32.123966145209,1,39.2500685220796,1,37.9180670488285,1,24.5657274520064,1,20.9938251641441,1,29.5515814948269,1,31.4106083149862,1,27.116735395961,1,27.4015656905707,1,27.2866441847001,1,26.8161094510595,1,26.7128003651825,1,30.1496940081258,1,28.9908540706893,1,19.5543718009928
1,71.9743874149623,1,61.0037776668719,1,17.2400662777551,1,17.9152964150498,1,29.2032195424444,1,20.3565794567724,1,33.7130989373837,1,29.1448593131231,1,18.4694962681858,1,22.669777207738,1,37.521267151739,1,24.8081488209456,1,20.5646769375191,1,18.5040602649904,1,24.8051032640921,1,19.9705865737248,1,20.7995625456272,1,34.277948368252,1,28.2026926906354,1,19.5040645036289
1,67.7356235665564,1,39.5766465142636,1,28.2170146486133,1,41.9182208991282,0,25.1888524789556,1,28.5774134149274,1,36.9074272939037,1,26.6800809001588,1,39.958290383951,1,30.6907158125957,1,37.2686575319158,1,27.2369332689334,1,26.0588336013217,1,28.131937111311,1,43.4697320007561,1,29.7669270439278,1,29.2319501811668,1,40.9388878527244,1,31.8833563264135,1,42.6368935924263
1,32.3686006689043,1,41.3249795162139,1,26.8908033497397,1,30.4556928257113,0,19.740644158901,1,40.2642510337783,1,27.7558091658925,1,26.173300653333,1,33.6627218881782,1,24.0910753810295,1,30.0478995961594,0,30.9481859371869,1,28.5270342784089,1,27.8874387840932,1,35.1427718125647,1,34.0627200070165,1,35.5679737993165,1,32.3501028927346,1,24.9153140861722,1,30.677538655403
1,31.43949442866,1,25.4477855724944,1,42.4971167746677,1,29.5417814479098,1,28.4536572727346,1,26.4919219798839,1,27.3346235164499,1,30.6800956026609,1,20.7650477958984,1,21.6277352754025,1,30.2748665613566,1,19.1680976682464,1,19.9746243961245,1,39.8423934240427,0,24.7472918704979,1,21.3401005943357,1,29.4135462800746,0,20.0418921318404,1,28.2842402458183,1,22.4542570703777
1,41.5493992750869,1,16.4594421820568,1,18.4146511192342,0,27.4105894911581,1,29.6449500069589,1,27.2987571094725,1,26.4289236072704,1,39.5600820495301,1,20.7170436379555,0,23.6308416138644,1,21.220375243336,1,24.2528560032569,0,27.4427377288728,1,36.1751834000592,1,33.7334111785482,1,28.6206113833504,1,19.2255815597949,1,18.8928376355368,1,19.8868033922001,1,19.0233688526047
1,44.6430951709807,1,31.2782266270527,0,23.9499642819776,1,31.4614583922582,1,26.9383056199269,1,32.0662260314036,1,20.922779300258,1,19.9392669551324,1,39.1608865733965,1,19.850498319011,1,20.4702591533989,1,24.8453797103722,1,21.9329839235246,0,41.1695058970987,1,27.9692715739992,0,23.7079390866786,1,19.5174687992207,1,19.393886896916,1,29.1544906386549,1,21.2827172307749
1,72.0949178663839,1,59.8835481326216,0,31.3454691956763,1,29.9305220646392,1,26.2353091330196,1,30.9647688010673,1,28.7847043834168,1,24.8478063460772,0,20.6643306178856,1,18.9137203649218,1,33.562797812967,1,35.402128365,1,42.3111166537853,1,24.2050944291089,1,35.8641965992383,1,29.7508921958143,1,29.6856965724821,1,20.1718070303174,1,23.5634911919259,1,23.5106202713152
1,66.7442926189071,1,32.3850971274941,1,46.2347638103332,1,21.7254356866856,1,27.1138349502074,1,21.1839997056882,1,17.9277298061865,1,44.3068120302332,1,17.8856427949099,1,28.7785805544502,1,30.7971428856113,1,29.597162336013,0,29.2008477843046,1,19.3743970509666,1,26.4892405380811,1,31.2357713869919,1,27.3127918282622,1,19.1750549121282,0,19.6152430591065,1,19.914367304633
1,71.2636278913077,1,29.1191492220938,1,30.5939370295048,0,41.2101731681284,1,35.9145694782695,1,23.0039464251266,1,31.6166685821741,1,34.6343115334857,1,42.0829850004145,1,28.619969392995,1,30.8107875094953,1,40.3016873170666,1,35.0033252503505,1,34.4879406859921,0,39.3711839670121,0,30.649995857551,1,26.2051094512144,1,19.821757659921,1,27.1169779155347,1,42.3215294582629
1,42.9950109334357,1,34.2297741859447,0,19.6469400924206,1,31.6160391453766,1,21.274027418125,1,32.2630705714276,1,33.4132456335194,1,26.0830475567012,1,30.1286790136868,1,29.0678095525353,1,31.0051298113921,1,29.8520270318473,1,37.6065240066922,1,32.0892815080954,1,31.5910486704472,1,40.2691706869938,1,30.4570256345435,1,37.0836381948703,1,34.5202990642198,1,32.1951772903217
1,42.9462765007732,1,44.1964097453015,0,15.0020380689067,1,26.7156640119984,1,18.9520273689417,1,18.67560738256,1,31.2549414678549,1,22.5593628262573,1,34.0232370223867,1,32.3239325029274,1,59.4899605716979,1,21.5654135298018,1,42.1753217959852,1,31.3690393476176,0,28.2176425383171,1,31.9765136150677,1,19.7100004127575,0,32.6257611128934,1,26.9778638403504,1,21.2013432972031
1,36.3677413593714,1,33.8546670424111,1,24.9917485256709,0,17.6603006868472,1,36.2211673977873,1,20.4030306949037,1,25.6438940233058,1,28.6277418801222,1,27.8869118255776,1,27.7848815723482,1,31.2401679243597,1,26.9913688893412,1,22.6162676360006,1,19.3209509218405,1,29.4240608287856,1,31.2665204962682,1,23.9212458830445,1,38.3758339672627,1,26.8495926704577,1,26.9703289371946
1,52.9983448389372,1,40.8398700530823,1,34.9442816950277,1,30.274579755881,1,19.8530719180248,1,26.284351384846,1,36.3285916775221,1,24.8010191998412,1,28.0335249788099,1,22.8191180161479,0,24.9999348359451,1,18.3430756403608,1,18.2769749475055,1,23.6700373597742,1,22.9935587318286,1,22.6981376237091,1,42.0300723504286,1,27.243291537687,1,22.2144793372745,1,19.9815585240235
1,45.5247688078831,1,42.0531486909737,1,31.9093581067803,1,28.7732070042208,1,25.4748853323736,0,23.2180205373365,1,39.257153854961,1,28.4458272371564,1,42.7091422945655,1,18.8544732117618,1,38.5349577357939,1,23.4643253651603,0,34.3519373394902,1,27.9609399867776,1,43.2332985505369,1,25.4044849675422,1,36.5473206554959,1,28.400250742385,1,18.7563592796688,1,28.0388809479691
1,39.2688269010834,1,26.9820305548682,1,28.2862206585117,1,37.4990373361149,1,29.5391592669785,1,31.3494253602611,1,17.2537650274762,1,33.0087373434224,1,29.8385263819796,1,34.0941338174863,1,33.214492143068,1,27.9443480374183,1,32.2720289644158,1,23.8743446878839,1,30.5795420895715,1,28.9837351859814,1,23.9893184040047,1,29.6941451900175,1,33.4559355947287,1,48.2461042907055
1,55.42013150571,1,34.1756349782478,1,26.9393085766503,1,32.9386117546567,1,21.2252369624405,1,37.4738299945945,1,21.2818056031306,1,28.2337036307847,1,22.5140487861941,1,19.0384351829387,1,21.5520333873988,1,32.0054562699015,1,20.3428125047625,1,29.3540452709025,0,20.2391153826494,1,29.3177287780929,1,43.1510485641348,1,21.1185142746431,1,23.70126111838,1,19.6211552390094
1,51.1438433916204,1,36.6582694536663,1,23.5729543955499,1,17.893506176713,1,29.3131768808919,1,47.566397332823,1,44.3387151782654,1,36.3122220420379,1,28.3711041751508,1,32.0416133370935,1,23.4136668626784,1,31.4791996067075,1,46.7234712013185,1,20.250247830109,1,35.6286101085855,1,20.9046127341495,1,29.4210771364219,1,42.6987307268837,1,24.7443851992202,1,46.1043630796371
1,23.0625395148495,1,29.2297648600114,1,28.8105842017366,1,32.1229577868456,1,34.5867538756166,1,28.6030254262292,0,20.2276914305775,1,18.3363057268424,1,19.7948447082588,1,39.2441219671205,0,18.8122388911418,1,19.9621363431818,1,18.5178774276952,1,20.6824880034524,1,19.0707889628007,1,16.6551746961466,1,16.7815540376579,1,17.9574829147153,1,18.6508875174905,1,30.947189657921
1,37.6025192561666,1,28.9863488372695,1,35.4660500058516,1,38.946441551952,1,26.3793618792185,1,22.8666572461583,1,32.9523231510186,1,19.8059810628755,1,20.708792197576,1,20.7241837526067,1,18.1654116424686,1,31.792851133496,1,42.823500544506,1,18.5105783191611,1,19.2966122561891,1,21.0020841681797,1,18.7888767277892,1,22.9377906444406,1,22.7691259824763,1,27.8868883896061
1,42.4223312523414,1,25.9888005028159,1,32.0788720488128,1,29.2378424660199,1,31.8982619410824,1,18.5400671301057,1,37.2814528454774,1,32.7387293461234,1,25.0308423455135,1,28.3279443495583,1,28.4328708921638,1,27.8367899061205,1,21.3505016663233,1,20.8104767432529,1,29.8394719069724,1,21.0895073838066,1,35.3210528067228,0,19.9895605200093,1,25.0883690876864,1,19.0553488424974
1,40.620625483331,1,38.4872932263676,1,22.5715916862155,1,34.8077079759675,0,35.8941464292262,1,16.9652175942402,0,31.7349759139165,1,21.678419187178,1,30.0716081484951,1,19.7696806961332,1,41.081236227275,1,22.4570624562088,1,19.3710277839775,1,18.7728612592545,1,27.377610457162,1,51.488911484375,1,45.2140527346562,1,21.9356815420489,1,20.3921338193307,0,29.5885452068233
1,44.6849808729889,1,45.9263144128611,1,36.6287980682814,1,33.3918273140761,1,37.8861182102308,1,29.2589114093825,1,28.9280816407301,1,24.3233894291625,1,42.9085996139472,1,37.1966830831891,1,40.0253899173419,1,27.6072208338404,1,31.2608941303645,1,32.9165573636957,1,23.2616422693895,1,27.4993192683268,1,31.4217429580117,1,32.9709964310967,1,29.0570710945515,1,21.4187306101913
1,44.6170343920991,1,42.6411440486244,1,26.0853829763832,1,31.7551455432971,1,31.2269434443364,1,32.2300863104293,1,22.3381262023523,1,39.0364335720375,1,29.294595611146,1,34.4843931861749,1,26.3783116256164,1,30.0065229574934,1,22.220115006458,1,22.1137708363066,1,19.429976352938,1,34.9135888666377,1,18.7559365961986,1,24.9774409801512,1,28.1615990365101,1,21.7109191469223
1,41.4797150032467,1,63.4200443693836,0,25.1171853251126,1,24.5172726440731,0,26.7736697917883,1,33.0178502172593,1,20.4343232632323,1,39.3758625214457,1,42.1210337479471,1,28.9686221779568,0,21.1529823327193,1,37.7322021123081,1,23.0190415874889,1,30.372901145493,1,27.0661787862298,0,29.1666914078293,1,20.2651911773778,1,29.3216214865996,1,19.1759848661758,0,29.2318471329037
1,43.8913873913131,1,43.5971404440574,1,31.6448309761743,1,33.9613212369568,1,26.9667557858747,1,30.5287127707106,1,29.2425897361666,1,29.2201173076974,1,24.7462157212931,1,29.7735938475189,1,28.4445751735096,1,28.4880517407134,1,42.9944875061146,1,33.2401794832659,1,32.4980691245163,0,20.5024628271212,1,28.3752955404973,1,21.0037745971732,1,38.7436522019876,0,36.7751914894702
1,32.2673474330257,1,37.4585331172501,1,21.7489100797754,1,21.4150689280876,1,29.5017241835688,1,26.4511890108804,1,20.5149599186262,1,22.255290435404,1,37.1419133354743,1,40.9080802383209,1,34.5340562965206,0,20.6725088016909,1,19.9657104024849,1,38.1693363668114,1,29.4853675288852,1,23.3764676525641,0,28.6055620048705,1,25.3688667364699,1,37.5982041443413,1,22.2353115457791
1,50.5621580684671,1,32.4523349426881,1,23.5487013062639,1,27.0417443021007,1,22.4503032834257,1,18.3056470235195,1,18.3537920599452,1,19.2174019441048,1,24.4145554387307,1,17.9865601156431,1,18.9605698077245,1,18.6998053758807,1,18.9218632562824,1,28.6534838045424,1,29.5691526700595,1,18.656652656058,1,18.9106833835145,1,29.11262106994,1,18.2329278471181,0,18.6433447954642
0,30.9848032911756,1,20.3274706377666,1,37.9538580089107,1,34.7807591843367,1,20.8290047813833,1,25.2642239341367,1,23.8817720957719,1,32.6392935881657,1,19.6925815363421,1,38.1958926534099,0,20.4535297735151,1,27.6208974697537,1,21.2758937481837,1,26.3430145960865,1,24.2350652916052,1,21.0956341141204,1,26.6119042683947,1,34.7265185542673,1,25.4662249405893,1,21.4452294459581
1,44.0064889989644,1,27.7921452625618,1,24.8157978056968,0,16.2224500639507,1,17.1222565930631,0,18.7916852652853,1,16.8133539077195,0,21.9676717235734,1,19.0713526121967,1,29.760676894341,0,18.3809293232556,1,29.8239807289486,1,21.055716512136,1,26.3957604083534,0,28.184236423142,1,27.8083679142281,1,24.6445967941646,1,40.1709389450817,0,44.1868286754199,1,32.8106147447403
1,71.3682022379169,1,25.1735436578605,1,55.9535433346876,1,27.5856612684911,1,26.487894098334,1,27.2543180209855,1,23.5242915347268,1,25.1378995795888,0,25.8532918004145,1,26.9212629121945,1,20.8202524840679,1,30.2858716451807,1,33.4700960766235,1,31.8946576195388,1,19.0895726204614,1,23.2750966592479,1,25.30325672325,1,29.6249789048758,1,21.7354090715634,1,24.4893006627365
1,59.1365218586768,1,33.9788361365717,1,23.426816104264,0,26.8835552408682,1,30.3162225640262,1,19.3045509679366,1,16.7998417608901,1,16.6806700130924,1,17.5783653037011,1,20.9975240979777,1,20.8952773687843,1,27.6374680211945,1,31.7850757676759,1,22.3765006122865,0,19.4172742515536,1,29.6726178620021,0,19.2184929089766,1,31.7087170843182,1,22.4202251179191,1,18.9361666579863
1,44.5343063104155,1,37.8932498612973,0,22.5768961881352,1,27.3308191450761,1,33.9462391816437,1,27.5733245227813,0,27.2732658070623,1,19.6242381275555,1,28.5883389487475,1,20.4475718493795,1,19.509049041169,1,22.5768189398307,0,18.3681588377547,0,27.8926768974092,1,29.6544632367211,1,33.0568109500865,1,18.8571591986199,1,22.8040340097103,1,22.6785753102046,0,21.4274588745549
1,40.0319329751641,1,30.5100267861324,1,25.6960613633742,1,27.3961674606305,1,17.973567280745,1,41.0760024415959,1,19.9150068170156,1,26.6586607548718,1,21.9566559681358,1,27.1783827682776,1,25.1249808175169,1,21.9203933760303,1,22.2325901251488,1,22.608039807387,1,37.4022088702614,1,20.9425588649024,1,21.7883638003262,1,39.5182153661863,1,31.5508378802696,1,41.5184905185949
1,41.0213483609405,1,27.9632161575352,0,31.6549777698845,1,17.3930819300142,1,18.4254291621908,0,28.2571824170273,0,26.2904804612997,1,18.9176329860281,1,17.8923853492063,1,25.4641773597212,1,30.6390156494474,1,20.1877166020041,1,21.920839183501,0,19.4016094107386,1,19.6997039406156,1,24.0285798632053,1,21.4138251043211,1,32.4325817790866,1,38.4000268267329,1,23.521652108918
1,30.310802410253,1,30.7350088238805,1,27.7540147279162,1,15.6800892350673,1,16.2723639445798,1,17.6357987465024,1,16.9412006262388,1,19.7585600892095,1,28.7059170418083,1,18.0689250820641,1,22.5359136008415,1,25.1345423767561,1,33.6619116107287,1,28.6158310597877,1,23.9992426193016,1,25.7449099574749,1,26.0822050894408,1,41.9900326609291,0,23.2355033775342,1,28.3326147253516
1,38.6112653848635,0,22.5946226374554,1,30.2750779813706,1,23.7892770645804,1,20.3901575419572,1,18.7689715692553,1,31.3237979635643,1,18.0882939850723,1,19.4725737408269,1,26.4825599725727,1,18.4518834110718,1,20.0936866341472,1,23.4252546886271,1,21.143152302369,1,34.951465671924,1,43.916729741646,1,21.7410541521018,0,52.9034850997992,1,19.537492003417,1,24.1033049597204
1,63.410486482258,1,30.8415679790814,1,19.2402175209513,1,34.805778115894,1,21.4755992508154,1,33.2744086411602,1,28.3318606749692,1,25.8866149118354,1,32.8894373877145,1,36.5303020172672,1,36.7047007143335,1,29.3870960881328,0,30.1514035027392,1,27.8660499513719,1,36.1606234532408,1,24.1181867627691,0,29.097672296794,1,28.8379897884543,1,43.6748304618377,1,39.5179732430194
1,52.8214291691462,1,33.6946550643777,0,38.8049637268195,0,20.9090423699428,1,25.5579004305177,1,20.4569387344857,1,18.8871398492967,1,20.1625896257311,1,17.9192630762023,1,18.9644449700428,1,18.8232289567885,1,30.3013561790887,1,29.3622123050934,0,19.5351837146366,1,19.3147072868834,1,22.3416172399327,1,29.069708531995,1,26.7686460117708,1,27.6001066231403,1,20.2542067066914
1,37.9106434873218,1,34.4036759403214,1,29.1566063699739,1,23.6162961762606,1,19.2430524928938,1,25.8822385683954,1,18.9398613902971,1,28.1707258890223,1,20.0556258812831,1,23.362401456648,1,19.4265083185677,1,22.4424087339061,1,36.4752379740908,1,32.7513045983515,1,19.7507424395735,1,20.2762180932972,1,20.4611981025447,1,18.9208639152159,1,20.9234294799091,1,32.653163875487
1,48.0990450333943,1,22.5502739572987,1,18.639420704852,1,34.7853020161771,1,23.1858905686578,1,36.4188129683476,1,20.8188647713892,1,28.2497040748696,1,27.5300157645488,1,25.4754722616254,1,34.2416580998397,1,31.4681619909162,0,36.5234260870896,1,50.9371189847239,0,29.5464116174132,1,20.6328402631222,1,34.3599500179801,1,37.3926079698371,1,19.8369790729506,1,22.0832897557993
1,44.7342574099738,1,32.6747754287021,1,28.1158308612349,1,24.2625119909291,1,29.0737905470122,1,29.8223373940575,1,22.2151129666819,1,20.8551477683468,1,36.5310424739821,1,30.3156850264256,0,19.5402995061237,1,20.4015880946465,1,22.5471122267243,1,32.8278327799314,1,30.8096187378297,1,20.1667639263195,1,26.0111811218683,1,20.8279168027586,1,42.7837392397447,1,30.5717020166155
1,62.1502951299824,1,48.7807844999831,1,44.2403219673695,1,31.3420548216314,1,36.1655531480231,1,39.2792591328201,1,38.0494408298367,1,31.7687529516106,1,19.6321978815448,1,29.7867556211727,1,20.2894677332951,0,28.3124259740123,1,39.8494570611666,1,32.0148989779317,1,40.0992902355133,1,26.2023600119079,1,30.5120797345362,0,29.7174840724457,1,21.3032642646511,1,41.1173236506622
1,27.3492045952283,1,28.9492980428651,1,28.177131016935,1,23.8060435623183,1,19.2655702589263,1,31.9632479693022,1,39.6674052147898,1,28.5411773723293,1,30.7978388003332,1,35.5148505949025,1,28.0394988911911,1,30.0311416014662,1,28.9631995597356,1,32.9675428361866,0,27.5356633370767,1,30.2014751361794,1,25.6765062818414,1,27.755619413041,1,31.4170914823368,1,25.5550175217371
1,48.5682592529701,1,28.4115521079776,1,22.201091526644,1,32.0875067247874,1,43.7682591289049,1,26.7717163342166,1,19.4679055099069,1,19.9678345403958,1,21.5914212124317,1,24.6765222463336,1,41.1984404207703,1,20.759544928693,1,22.8378431805177,1,28.3976218388154,1,20.8296816088056,1,20.9139890035851,0,38.0122971214095,1,27.5571449967402,1,29.3822329592356,1,32.743721936772
1,38.0653596223015,1,33.8867031716662,1,31.4585214691244,1,25.9747781746125,1,28.5957166084588,1,18.9590247149175,1,46.9647110051812,1,30.5332603756507,1,33.4456961665164,1,37.8238589441374,0,27.9349766718559,1,40.1309263234077,1,26.6741650617204,1,30.0151601271214,1,25.7614431945089,1,33.2164771261734,1,32.5678545619356,1,27.7391478219656,1,29.30784526221,1,29.1513150082816
1,51.2997341332748,1,30.7775905018181,1,36.297511823122,1,39.8408810804016,1,37.5683640388849,1,29.0451246065396,1,30.5529302567272,1,30.3948218161186,1,48.4696133724455,1,42.3966474527811,0,28.7779902772204,1,36.4904512428737,0,42.3768168293553,1,53.0625309358912,1,29.4697078052061,1,28.168696922528,1,33.1590867420163,1,28.5373121309081,1,30.4950494515882,1,36.6080326740179
1,40.6024099448936,1,44.6044738712988,1,29.215572797665,1,32.0405293778499,1,31.4308377008271,0,24.5253903057896,1,31.4274613239631,1,36.3894981350828,1,26.9758484538307,1,36.7713341824671,1,38.8095942931335,1,29.7336510489594,1,29.5248732289286,1,27.8393786820612,1,29.7576719034306,1,41.1961555752511,1,31.3837614296024,0,29.3309835207741,0,27.9314118091697,1,32.9421626283621
1,46.8272546331692,1,51.119124711852,1,37.9800699889304,1,28.0318207650953,1,28.8461622329732,1,28.2251947153437,1,28.446401307396,1,27.8983880765007,1,21.0921494021809,0,29.8544954319067,1,28.4769164426079,1,39.7152637244577,1,34.3338467680626,1,45.7744678707077,1,30.1549244778419,1,22.6946202619868,1,37.6134267852837,1,22.2768279631681,1,26.1270092026387,1,24.7866189011082
1,36.534749870004,1,27.6999793403194,1,38.4461731829021,1,28.257807112359,1,31.7722450387079,1,20.6844322933306,1,20.6251884157337,1,19.5916679038698,1,20.2790921165588,1,30.9549958005407,1,19.6885341120215,1,30.6765892189531,1,17.3127097925823,1,19.3991054478044,1,36.3013858791558,1,19.6893323924663,1,31.11445931944,1,28.6441770358028,1,29.0615938480289,1,29.9601407425848
1,42.0671563482117,1,34.7775737247393,1,41.1015656544536,1,41.0355817484654,1,26.7609114983518,1,26.1783243434537,1,21.9220371691583,0,30.2208794692946,1,36.7124956171489,1,36.0047196587346,0,25.4054220147745,1,26.7367942773521,1,24.8974185203012,1,33.3830639063124,0,33.7192909135721,1,21.4944671192658,1,24.7365228885567,1,26.2349649620848,0,21.7166797016454,1,35.0483987700435
1,39.6270742767879,1,51.9187086785847,1,39.7264292688995,1,30.8770035229091,1,29.4143744467006,1,27.8436697339367,1,20.9944844490983,1,31.5366227726525,1,30.035209065795,1,27.977775886267,1,42.4143022825771,1,43.8093374918507,1,28.7367660240152,1,23.6367099735716,1,51.5153316479412,1,40.4939017736964,1,40.3661489136535,1,29.4529190518454,1,33.2936272821198,1,19.4524441911541
1,48.594732109683,1,41.4700521605004,1,37.4165566104183,1,27.8471656443165,1,38.2502393058242,1,25.0511768525106,1,28.5648522368652,1,26.1381382825538,1,25.5086751560209,1,23.405081622237,1,19.9923069516208,1,28.2872397206232,1,28.5685782214585,1,34.0720540798558,1,27.6465416218059,1,25.1651018942734,1,29.9403574251932,1,19.9865962769795,1,22.0946215356391,1,20.681976778682
1,42.5477270068145,1,39.2903557905995,1,29.911495489636,1,43.5553299862069,1,21.6939137064214,1,39.9206028654685,1,37.0891711646952,1,32.277024054577,1,22.7114311107102,0,26.6834229003046,1,23.8055825986492,1,18.9682121704522,1,28.1148423026008,1,25.3625632284205,0,23.2202908014164,1,20.2250486473501,1,30.1611074378803,1,38.2849460882891,0,22.5449929381781,1,31.1486959218052
1,59.33712342873,1,42.5142150821367,1,46.7997411040902,1,35.8043783637701,1,39.3939130106412,0,20.6183058520784,1,17.4314384931297,1,33.2624293032935,0,23.3950629028583,0,26.5877203078761,1,23.6211537476269,1,30.920863192616,1,31.8973415578444,1,21.3698343117409,1,23.1746659435331,1,33.4076250822189,0,35.2494138709886,1,23.4478994970036,1,20.6191406806382,1,21.259347347362
1,46.0213972298246,1,41.478901278679,1,24.0129093835173,1,29.4994500596914,1,27.2072263313266,1,31.1532597077008,1,27.9726648817216,1,22.9685954156026,1,45.0564786188341,1,31.7066230190444,1,23.7642117856925,1,32.5565828899606,0,30.9421686158691,1,30.971789484356,1,34.4162246657248,1,30.8045568379795,1,32.7032691823482,1,42.9183405245274,1,35.5714221097744,1,31.2114443887763
1,47.5459248575985,1,44.4750473404751,0,29.2730054087734,1,36.548967903717,1,29.0774977523083,1,37.4194055447253,1,28.386753173943,1,19.7738266808285,1,32.4119308186509,1,28.8247576230633,1,21.1150883515807,1,25.6877614510927,1,22.5484147315537,1,32.5706098210308,1,23.4716309933299,1,42.9800837186009,0,28.4326625188833,1,28.4617355796585,1,43.6564830016793,0,32.8525494960714
1,51.8630804993699,1,28.7242769166758,1,33.2397454413468,1,34.3904255403493,1,25.3752059214122,1,24.424840988128,0,23.4831606912788,1,38.2007218947997,1,31.1781804502633,1,25.5700380438279,1,45.2147445591403,1,21.669669851133,1,30.2593925883188,1,37.7864833303023,1,20.9023283842257,1,31.3480294779447,1,28.0892511182029,0,21.7350560321794,1,32.6832175519087,1,28.4105108083299
1,57.165708764442,1,31.0460375254235,1,34.2314156247709,1,27.7165104850054,1,26.6141743921131,1,17.0101429029085,0,38.4730453236503,0,28.2601583877161,0,20.7394864468882,1,32.5122007097031,1,20.1599690578672,1,29.0947526525935,0,22.1430138452774,1,38.0436491612692,1,20.8573889522893,1,38.3901341257056,1,34.9689608207652,1,37.6807888468108,1,29.0956867101802,1,41.4260463793245
1,36.9717257949739,1,46.4024540680631,1,25.482051967783,1,38.122320328997,0,29.50645054752,1,22.4832173384373,1,26.6050298505355,1,21.9395430396362,0,21.8052608274922,1,38.5575886300512,1,20.9649605513418,1,20.3575456383092,0,23.7740609112131,0,20.8765565162575,1,22.2602792543736,1,27.2649865868576,1,23.827663385275,1,28.356780955781,1,25.5885475461537,1,20.9369153914233
1,55.0275381162064,1,44.9172527290676,1,34.3825926997785,1,27.414597979486,1,30.9389968652091,1,33.2136104219163,1,40.6838476111493,1,19.7304877343877,1,35.5878786750221,1,20.3710052725972,1,31.4132982219392,1,44.0578373676473,1,26.5887485309503,1,22.4393256839878,1,26.5589531094823,1,32.6286343959897,1,36.7364294967539,1,48.9949288976347,1,39.3178399511518,1,29.7128085312146
1,49.6576320365824,1,36.8662724830006,1,37.650130181512,1,42.2671994840503,1,29.3846846769005,1,19.9012505580572,1,32.9134900395804,1,21.5391843145674,1,35.3484713327088,1,29.4654768828492,1,31.4627097123043,1,20.4827423403748,1,29.3059860353029,1,21.4189765567602,1,22.8507694758917,1,28.4023950227803,1,29.2227724053903,1,25.6120958873166,1,28.7548798469163,1,27.3495159906427
1,63.3671055019051,1,48.583242725679,1,18.6178635415978,1,25.3268396768061,1,27.4280098945117,1,18.155828317787,1,17.2525827487219,1,41.8177576050962,1,20.7143159862264,1,17.9913141862858,1,20.8917470163182,1,20.5430859478228,1,24.5283878134327,1,26.6013490142347,1,23.3619171686139,1,20.9398605157242,1,28.7744600649488,1,29.4401857953011,1,30.9179090222368,1,18.9887784268883
1,37.5888659343034,1,29.5957029480093,1,27.0273464888822,1,24.5555404643825,1,17.9775947010175,1,19.4287238832235,1,26.0959084752047,1,17.9145637581239,1,21.0546398770117,1,20.7559498668838,0,30.1481260773915,1,22.431756973381,1,24.5756430486851,1,20.9879733995658,1,19.4321156022899,1,19.3676631616507,1,17.6535160593789,1,21.3304086638747,1,18.6355574299219,0,18.3187863310638
1,48.8157748182737,0,31.3946216621077,1,18.7098659860987,1,30.928567663547,1,27.6389948881496,1,20.9566950227093,0,20.0106463596117,1,21.2624753075958,1,28.6365661349652,1,29.5511431373992,1,32.2778702979024,1,24.3254631656165,1,22.0633317043874,1,22.6633456575995,1,27.2538553747387,0,30.6493344712316,1,28.8771275311798,1,28.4524220913399,0,28.4106448373567,1,40.6502997062607
1,51.5082065801499,1,34.5709245899292,1,32.5783533561797,1,22.1272079274204,0,19.5645141001722,1,22.3985104931637,1,39.2618292307023,1,31.9875694162259,1,23.5190769453898,1,34.0669606816723,1,23.7732223036092,0,37.8451981811355,1,19.9946889450686,1,25.8304578910179,1,30.0776594926367,1,25.4381718980741,1,34.7340786018196,1,28.0834885180928,1,29.1888407042906,1,19.7360836908046
1,45.4175105091438,1,37.0244588412229,1,30.1121266123233,1,23.2535215215664,1,28.4272051732415,1,29.3411606888753,1,24.02682334454,1,26.7347181404738,1,22.5631503227075,1,30.553510141346,1,41.4244135207401,1,28.3578078678456,1,27.3100028584344,1,41.2767837962996,1,27.402061169554,1,29.8229592027214,1,31.2373375616047,0,27.1930807742069,0,21.8619931346995,1,31.4558608604049
1,31.3858396023523,1,29.0631515151484,1,47.8766468471711,1,20.678596477986,1,29.3244926294044,1,26.6536029201549,1,24.8532945203136,1,24.3661295365906,0,16.8599595006326,1,27.0369799013067,1,27.049205899352,0,19.2033906495379,1,32.206584212393,1,21.3629050775181,1,30.8523577967845,1,34.6519340277948,1,20.2430005086594,1,19.0400711242967,1,18.6500643450941,1,29.3851239678334
1,56.4539967195488,1,34.6706067509191,0,15.3587068429521,1,18.5191114662002,1,27.4898669081255,1,16.4141855485662,1,29.3774100281623,1,28.9345475649811,0,21.5956334924057,1,36.4375656038626,1,23.5323391793379,1,32.7860705902331,1,29.3814897196681,1,30.0010909681234,1,29.9059571728603,1,28.7727377847285,1,28.3810215252191,1,26.6572648544402,1,29.162711457571,1,34.5230680960459
1,40.6541116522533,1,55.9949615611087,1,34.4889239994899,0,50.4175589439745,0,20.9934707856021,1,22.9069058387712,1,30.6281427315829,1,28.647637051382,1,32.9104009514688,1,20.27804443638,1,28.7747205883995,0,18.1432467110263,1,24.8622157704776,1,20.9780767972773,1,20.6801058925702,1,30.0082147173301,1,21.0753426846539,1,17.9218306015064,1,21.8072337992468,1,29.1750079734177
1,45.1697606588659,1,33.2260903919982,1,27.7855734486305,1,63.3650822942805,1,22.1565755244552,1,20.1890314830243,1,60.5544741718575,1,48.2482086727895,1,35.3485310216219,1,37.5345360157947,1,55.1691828885362,1,36.4163515198011,1,20.9614751370382,1,20.3067147998479,0,20.4344865150875,1,26.1112840323208,1,19.4181057466449,1,21.1594769404073,1,42.8824700374913,1,21.1836267424463
1,66.4902485089965,1,56.8030793629895,1,25.7611286500931,1,32.4248619023358,1,19.1745471291313,0,46.7707330067429,1,42.878703741334,1,41.5668698393442,0,18.9169177246566,1,18.5649831380924,1,29.4044184092067,1,31.5354954724445,1,30.1373029613161,0,19.5354278425654,1,21.0760044663493,1,17.3657565272055,1,20.522471813829,1,33.5355769513964,1,18.3302634732985,1,29.1507345504155
1,37.6818780125058,1,28.0502448110561,1,15.3549904492228,1,16.3189408318139,1,31.6638794267994,1,28.7534822691193,1,24.5028498452235,1,20.1606063167165,1,17.2985020548448,1,19.564897007811,1,20.0577336341638,1,37.0299007700076,0,40.0064692695215,1,37.2774897800416,1,30.2080970348725,1,21.0955314832253,1,33.9063117526356,0,30.1814228586485,1,22.8863143871199,1,42.684312353292
1,84.0609287805205,1,51.4919072003759,1,32.9655018802206,1,43.2538413274591,1,34.8922880210533,1,33.3979548967119,1,26.4401355794738,1,22.3408904584252,1,18.2111473408972,1,19.1183954527435,1,29.0188841253752,1,19.9778330324781,0,25.7352851087874,1,32.1772706480604,0,33.5832202796478,1,20.0443084846026,1,22.2477899232469,1,21.4369618034653,1,20.772063827641,1,23.7800907073502
1,36.2111119261349,1,33.7230129535792,1,24.797943441462,0,29.8605029323688,1,29.8227432027281,1,20.4127001878207,1,21.3983884405729,1,43.2355318924451,1,27.6998694904018,1,21.4927742257482,1,23.1867880365118,1,19.5788219975352,1,18.9401286974517,1,19.3153780500184,1,26.3176425566704,1,42.0524463608595,1,20.3553226344841,0,20.1490484984525,1,22.7558118178261,1,26.318361728041
1,40.1746594657203,0,20.7767121251699,1,21.7172938135928,1,21.5862219167082,0,25.3086130787963,1,28.7329177388531,1,32.7321432732886,1,30.0067868960108,1,26.9867329108754,1,22.1614284203989,1,21.5520400376623,0,29.0986016371971,1,29.6060211101131,1,29.5350727330671,1,30.0879849350185,1,22.7713792200333,1,32.2400318668798,1,31.9030608435392,1,31.5995752338637,1,29.3742859603805
1,67.8495816332137,1,32.6635238791286,1,20.9986997102053,1,27.3182202530407,1,29.1738340700022,1,35.9671809066337,1,28.161587580533,1,23.1052396613406,1,33.2310246242401,0,27.7109714863213,1,23.3046751519073,1,42.0852628654315,1,31.7699388787122,1,33.9655060459592,1,28.9477049775163,1,32.7870143611758,1,37.2952240849181,1,19.8898457402863,1,40.9756441775049,1,30.7031863648399
1,33.9670276906149,1,38.4702091064189,1,26.8159826130919,1,27.7298006371663,0,29.1810810407052,1,19.8721933222512,1,29.1343491913635,1,34.1248099217078,1,25.9783638641395,1,20.1341514015655,1,25.6562976721991,1,21.1738260600754,1,30.1722208139693,1,19.6360891028347,1,26.1307788323348,1,27.9799066461896,1,32.4388719608451,1,34.7075615731001,1,28.927794321802,1,31.5896331547014
1,34.7334263771651,1,26.0394373608488,1,27.8406204514793,0,27.2391110356842,1,29.4649732783051,1,19.4238021976955,1,37.2411505195306,0,19.7368114273759,1,21.7720185369755,1,17.6783661282897,1,31.1605776433899,1,20.5918991026754,1,21.7247218468159,1,29.0747731766905,1,22.7533892577973,1,22.1144215466634,1,22.3290592609133,0,31.7523531130073,1,19.2707254063088,1,23.0721069363949
1,47.1745613238927,1,36.8874614849961,1,17.4243521004363,1,27.9830877232292,1,27.887688818469,0,28.7209397507001,1,22.1459592196091,1,20.5371581572365,1,20.2827748842894,0,31.6669263277877,0,20.1296924541028,1,29.4896132631002,1,23.3480112525586,1,23.2494565330434,0,33.2247159855615,1,26.6921813356885,0,20.1899372045074,1,24.2360643530252,1,27.5543295078913,1,21.2540996139291
1,68.8252821734338,1,28.4383080107106,1,30.1954052169788,0,22.9499259436699,1,23.1830004710082,1,19.3397698911504,1,29.494241350088,1,17.8827991996582,1,29.2860019858784,1,20.2718040090646,1,27.6222161981377,1,19.5044287647425,1,31.151970756525,1,20.4301316792161,0,20.0658572224293,0,20.3061477731658,1,17.6186052050962,1,18.6285094840751,1,20.5649721308336,1,19.3272516824368
1,48.1613560308055,1,30.7268491756851,1,27.6976152300662,1,30.5660752695512,1,21.9415993424713,1,29.3374039494814,1,32.1724255368751,1,26.2675001516899,1,32.0149917291329,1,32.9449683652063,1,26.6523605032937,1,38.132017411317,1,33.7431475499114,1,21.7046471802127,1,27.7166963166437,1,19.9439178518494,1,30.6322446873616,1,41.9112938782267,1,36.5205961856594,1,29.8249010669736
1,33.3468039383446,1,57.8491638527355,1,23.8796935354509,1,40.1990637015054,1,39.0098298196652,1,32.8932012805807,1,31.90107042237,0,21.396508959579,1,26.8437732756483,1,18.9853584176011,1,40.0133976287616,1,31.4635059904656,1,24.9836402545843,1,33.4505557260601,1,39.9588945891365,1,33.2057454486058,1,30.5474215047656,1,23.9104214198682,1,23.3906210581425,1,26.8491692066745
1,37.4287838258519,1,30.8200847238724,1,25.4763985926845,0,19.347420894844,1,19.3236494229834,1,32.249047938004,1,26.9913993862963,0,19.65248686165,1,21.4905937186712,1,20.2872531518474,1,19.164108462177,1,20.1048738485851,1,24.258980534082,1,19.6626163878682,1,20.5266830108584,1,21.5003361104587,1,21.4778965533493,1,20.1370422198573,1,21.1201537543674,1,33.0649257662261
1,39.0765462942903,1,33.3831275015633,1,28.5143036598912,0,29.7288004231251,1,25.0402908935429,1,23.715194252598,1,30.9961490070069,1,19.5733445987582,1,21.6004204392176,1,21.2224061290377,0,35.3548320824176,1,29.619928614087,1,23.3245650806464,1,23.6882688513831,1,40.6719733169745,1,20.9730091429663,1,21.0771448539162,1,37.6072604405811,1,34.4056965360251,1,53.7512786067497
1,54.8034133666772,1,33.5703095147926,1,41.5759418521751,1,30.4680515075138,1,37.6294842206954,1,37.3940931094091,1,39.3104530045386,1,20.9907014764989,1,19.3907689263565,1,19.4783105929568,1,31.4329533503558,1,34.621091088573,1,24.4739714041564,1,34.5402045067616,0,19.4921589323046,1,25.4060692081333,1,21.3793780875258,1,27.1177286332805,1,30.6517575936989,1,21.3834730014921
1,51.2455140015371,0,23.5801110367241,1,25.8818955457842,1,20.7690097722337,1,30.9112895461819,1,18.9727228158036,1,20.1979798776,1,15.5570759401225,1,18.2682475842133,1,32.2557576398967,1,17.6008814261763,1,19.0636494935591,1,27.6314129214513,1,39.9886376485501,1,25.92943357235,1,19.486592147349,1,21.2274503447316,1,21.0566827325688,1,20.8323741149896,1,18.4867436963167
1,33.8316541154477,1,21.6078891497196,1,38.980898679488,1,30.4783542361417,0,30.5012403016478,1,27.7070601325364,1,43.2871267322185,1,31.4009622229244,1,30.2380915506692,1,29.2360190543744,1,33.7812722339646,1,22.2669094601479,1,37.0885274596804,1,36.6375457078114,1,29.8804878290142,0,31.1195896895534,1,41.0381731182331,1,26.2066562509173,1,21.133443327523,1,27.4907846271631
1,53.8844320010429,1,36.2756055843538,1,27.811664092453,1,18.0756494942017,1,27.5741138135619,1,26.7155067491348,1,28.6547850944008,0,34.2333868700624,1,20.600898421445,1,29.6656253731782,1,20.9482283169687,1,31.7779796553915,1,20.7393602086862,1,24.7203101392834,1,25.9802788665734,0,28.2653160477144,1,25.963917259619,1,41.6976358486131,1,35.3555716985484,1,28.9912977559698
1,43.669964722085,1,45.1388938813263,1,31.2753834602642,0,15.1518008967047,1,33.2668047483053,1,26.175325552154,0,31.9342434507879,1,29.2362219318932,1,24.5405458172436,1,25.0387872806014,1,25.9342083554339,1,34.3522061399289,1,23.7629498724993,1,30.1452495115467,1,23.3168189628741,1,24.1595963024649,1,19.5965274512628,1,26.6878524301409,1,20.0050865224686,1,36.4516037044205
1,55.4926936233125,1,37.5733952289545,1,28.1178957403657,1,30.9536762903076,1,29.3794112296528,1,20.8799350179563,1,23.3094678167568,1,21.9311762546783,1,31.4608784754806,1,21.4465471478528,0,20.7072056248061,1,23.7805439584342,1,31.9490719018912,1,21.2478318102101,1,24.9950361429656,1,19.8655555190491,1,32.7504874443962,1,33.1960343165699,1,19.2019426694601,1,18.7069350946043
0,37.424001717002,1,34.0437904432152,1,19.689427543331,0,28.7076102012048,1,24.5030846764611,0,24.8187466315078,1,20.3371717732562,1,17.2979143400422,1,35.571791331779,1,28.8347061603673,1,21.3704219999887,1,30.8630206831486,1,19.4296606199142,0,28.3108261375071,1,20.7391594568886,1,26.2568132967997,1,19.9424657193405,1,20.2854416374766,1,30.1900217511535,1,19.6357147872194
1,50.2440907016441,1,51.1143014080707,1,31.4353229533866,1,22.5822019529929,1,26.2707595103164,1,33.3340626703131,1,27.0931137655196,1,19.7890986747834,1,20.2547026213574,1,22.3812766411801,1,19.8835125356807,1,33.8259467532057,1,32.9224545822762,1,27.0194664892203,1,38.3110518717547,1,21.0793098481431,1,21.8589889888302,1,29.9283217026747,1,20.846114322235,1,32.7932674960798
1,61.9077002182734,1,39.7448726439513,1,39.8022898756684,0,29.0015968122134,1,36.1078500779411,0,34.5070533102416,1,25.4021772173375,1,30.4504424466941,1,21.0361798195307,1,19.2917142680918,1,21.2524327047423,1,28.6081920508906,1,19.2187224365047,1,20.955154692986,1,21.812709897885,0,19.7274135041038,1,20.3439914691372,1,20.2741078200409,1,18.4580349092285,1,19.3189741724103
1,36.1881329950653,1,29.639042778348,1,21.2240541779903,1,21.6650270359901,1,49.7660335705802,1,29.1296137711771,1,37.8192586599475,1,30.8836992836904,1,29.0039223475357,1,29.5341315488077,1,29.0762413896321,1,26.8568758377448,1,29.9802348249143,1,28.5719662208787,1,30.1315805413609,0,32.5621749552625,1,33.5205692707504,1,35.1025274307868,1,35.2756061411147,1,26.7584704965705
1,44.7984936074547,1,37.7781110779853,1,37.9310435310403,1,27.438068415499,1,38.8378770549179,1,18.3561206998426,1,18.9977495683857,1,29.797449521394,1,21.2352430693792,1,18.4419266402103,0,22.6772921011384,1,21.5839547440239,1,20.890357822636,1,19.5474607939655,1,24.8130529381927,1,20.439628328634,1,18.5738770756882,1,31.1255283417935,1,35.0441963360164,0,31.8630534870238
1,39.2488128464267,1,46.3603444027995,1,32.70823656099,0,29.8949092812103,1,21.0931854231938,1,30.0633055916291,1,31.4511098732688,1,24.8986146965289,1,32.2941014626265,1,24.2565008938594,1,30.5287731327106,1,32.6605628395669,1,37.3020176859168,1,21.9838474598188,1,26.9707429523812,1,19.1850203235751,1,24.20301062782,0,36.0137464215624,1,27.7873207530108,1,30.1781857747304
1,38.8427935615481,1,30.8362836830049,1,39.4435276749588,0,16.0793958363232,1,21.5047718047399,1,18.8585536672379,0,36.9798775134869,1,36.1128070992189,0,31.1301577743813,1,36.7226039580077,1,21.8650886716051,1,18.7323512535901,1,28.943080089975,1,19.9964972998581,0,28.3688288868773,1,29.7968705359323,1,28.4757372500671,1,31.7548898847106,1,31.2128521744422,1,23.2429372453392
1,42.9083975294642,1,46.5822421431656,1,27.9315165993262,1,24.0531045280721,1,23.2612040975061,1,19.0487239110399,0,22.0378888675487,0,19.3151029025079,1,21.04394196807,1,18.8720002067369,1,18.2354717290262,1,28.4001077330894,1,18.0819373077214,1,29.7292552087239,1,19.9782007333162,0,18.4484093969227,1,19.6407788495759,1,39.2611701985724,1,19.2319019061612,1,17.6860374172086
1,62.9174978645465,1,36.333191647885,1,22.7091689336387,1,31.5439345047094,1,26.0288225110071,1,19.1411889607568,1,31.3933594631104,1,30.2047935945677,1,35.2527235505923,1,26.3367159573084,1,21.3913982002598,1,22.0988931876202,1,33.4884450368396,1,35.2038151785147,1,38.2689357102133,1,21.2548328003046,0,35.7386534804204,1,25.0861721983198,1,23.3568495396518,0,32.522123308997
1,36.6064574551764,1,30.6088747452456,1,20.5685354569198,1,37.1140773773428,1,38.2337289481501,1,22.0012451212672,1,32.4742278524267,1,18.0056262903167,1,25.6993365278017,0,22.056952479361,0,32.4817697000237,1,23.9807093931094,0,23.0096707225034,1,27.2267004779705,1,37.8416558388745,1,25.0968961317963,0,29.2527047755729,1,26.0169164642252,1,23.6150522987224,1,36.1434863701151
1,42.3950771982199,1,26.3204521869516,1,22.5851612289924,1,30.7855871694537,0,33.9061049330013,1,24.3251586821379,1,30.909298222118,1,28.984137064301,1,32.0865518068845,1,29.6521477896476,1,46.8431579581599,1,32.5867875014835,1,28.7127337780771,1,29.1063957479936,1,25.5330014885,1,28.53498922131,1,31.6094688636901,1,26.2196709489089,1,31.9574687035538,1,38.4816904489429
1,65.6443374155931,1,28.6400576465087,1,30.766951092524,1,32.1757428005959,1,22.8459204912299,1,29.4629416259059,1,29.0899249857219,1,35.3848874119221,1,32.7460421750349,1,23.1974445559353,1,27.3858299565329,0,30.7788534779818,1,28.2049763461234,1,22.2856619381355,1,45.8117207450177,0,31.061977526247,1,31.5601517836179,1,28.9243326759644,1,23.8313417162309,1,27.6020934772713
1,40.8552223705006,1,39.7534187620481,1,35.1566915138578,1,22.8166817098351,1,25.2850663722284,1,21.1785392440039,0,33.0525353994671,1,32.3758328031511,1,20.9334780051405,1,32.7066490202256,1,27.2603775621113,1,22.5495260634272,1,22.3997891463396,1,27.6761927140678,1,28.172901382331,1,20.6668498426345,1,19.261787674376,1,29.9387852030476,1,20.5053238020888,1,31.9724332503091
1,31.0568061260435,1,34.8132966657938,1,39.1411036058292,1,28.4552490695027,1,20.4444202210146,1,38.1598420554966,1,18.7375642885704,1,31.4555912445428,1,38.013089688517,1,43.8294045878688,1,29.8855303190149,1,19.2471970991407,1,26.4594189740196,1,40.8201005166768,0,18.649563867925,1,21.2675703679728,1,33.1300038613814,1,39.4952054120884,1,38.0697477906307,0,26.0973809274364
1,56.5877518943263,1,40.7794579118783,1,23.2636418231345,1,31.8294122169485,1,30.4193059460202,1,26.7669268111625,1,31.9183405540233,1,26.510847619332,1,38.3569635940126,1,29.2502039631287,1,27.6928455830029,0,38.9438596196825,1,25.6571253017487,1,35.3582640667966,1,26.7794348776778,0,27.5412965886931,0,18.9891923430349,1,20.4226454343189,1,24.2905303643672,1,28.768594214901
1,66.3002887675249,1,34.1894290927183,1,41.6926169112471,1,19.2209690758815,1,21.1281600390408,1,28.8885371750823,1,19.6196717162358,1,23.9450991548877,1,31.0236476584326,1,26.7112672601416,1,26.1252277853664,1,30.0094777513545,1,28.1857106874108,1,42.1796206370431,1,27.5278770064704,1,36.1776836510388,1,22.7105989941746,1,20.1862539686439,1,21.3529964532375,1,33.2514352938835
1,59.346875694411,1,44.9710842637025,1,30.7519669978636,1,16.9307477886314,0,19.4423704469723,0,29.103570811769,1,32.5564528826343,1,23.1962814387234,1,35.6418139099073,1,38.1333911694288,0,23.8420039656863,1,22.6517134977387,1,31.3985390103652,1,27.9536892282222,0,30.2484816851716,1,29.1842545596303,1,24.9703474730955,1,24.9257669049267,1,29.7645616219782,1,26.8233760062537
1,39.4484546502398,1,39.9738759199335,1,37.2364415844357,0,44.668533760209,1,41.1508630916223,1,54.868380718629,1,35.3566272810558,1,44.2236650633823,1,31.5751313032656,1,40.4910700092382,1,33.1017547219546,1,29.3437345364341,1,36.2083614354311,1,21.6034278197261,1,26.8436868503348,1,25.1427069632018,1,26.2703126307624,1,27.8811546354767,1,44.6796299009249,1,27.2980400666496
1,35.5202054002939,1,20.4478757142552,1,29.2695275812046,1,21.6734633647816,1,20.1503876929161,1,17.6256552131232,1,19.3665589658946,1,37.6431073478554,1,28.4402962279872,1,44.6512411335127,1,26.4843978954821,1,37.4253839305689,1,34.0037405951574,1,30.8357957994005,1,35.3853325170663,1,23.9603846882917,0,26.9970514191521,1,28.4236656890857,1,28.797228723223,1,36.8520748841597
1,51.1682627622175,1,26.7962402172158,1,29.0832993072272,1,43.8819289990625,0,29.7663768726522,1,26.2403061824785,1,26.1851092137569,1,21.8777997309387,0,22.2526232485893,0,27.4687684087215,1,38.690377544715,1,32.8382039201201,1,24.3375936638539,0,27.2461136687673,1,18.9040310794925,1,21.4010544830304,1,22.0420346769802,1,31.4283623150008,1,39.818245384523,1,31.3792308353639
1,50.6231075926113,1,47.3623428179332,1,32.4582704801366,1,33.3671129059733,1,40.0898995792545,1,39.0231000250922,0,36.5783444692447,1,29.2008531710361,1,31.7948512909134,1,41.3082124210125,1,19.6088972215232,1,31.1547792141812,1,28.6657187807649,1,23.9420941391274,1,27.8996765299772,1,29.2395730711273,1,21.7983138513115,1,25.8915770445275,1,27.9909699178548,1,29.4958497173681
1,56.9925846032081,1,48.5201548973261,1,19.9509500325617,1,34.5268581435183,1,36.5051663682797,0,21.5537738783027,1,27.7610143832232,1,25.2052933791525,1,22.363952799199,1,35.1696835380526,1,28.4478309644657,1,44.8819236247223,1,20.5771589607077,1,25.1749593116397,1,19.8490622836626,1,25.6010316888794,1,42.6489068861344,1,23.3105190934389,1,41.8931469162204,1,30.1771955235544
1,48.9945726342122,1,25.9298538195415,1,37.2885478855134,1,32.549705742088,1,24.7711168784119,1,25.8289088440496,1,20.5774811550317,1,23.3261559039551,0,21.4826503685903,1,31.7450954694213,1,19.9290748327454,1,29.1250797545563,1,24.5346457609764,1,35.0202341261105,1,28.4968006767289,1,38.684167232698,1,37.1085397180741,1,29.2545616261365,1,23.7120049643692,1,27.6216595339392
1,37.7406703626869,1,33.0735425299551,1,30.6951937631112,1,36.0038199390785,1,28.5839183796624,1,25.3021110038219,1,29.3616031422927,1,33.2332423328552,1,30.5600379975713,1,36.3044032542271,1,28.6043876122948,1,21.2402902175071,1,36.5887440697762,1,36.3949043892598,1,20.6390960485204,1,33.6450138598109,1,24.7233748049998,1,27.5431746961314,1,43.0799825839804,1,20.957579373124
1,31.2046286398982,1,25.3397035547222,1,15.958097339452,1,16.6628678345198,1,16.4582461990192,1,29.8646545008382,1,27.5374458793432,0,16.599535475744,1,19.7136500921732,1,21.0613727612387,1,28.3571434918265,1,21.6665194432758,1,16.6807014625059,1,18.8869336332633,1,21.6157831540826,0,19.3084177994639,1,27.1620678302934,1,19.5187452823409,1,19.8613231754784,1,31.3418982915521
1,45.4401885071429,1,33.9035476178266,1,36.1368766883619,1,34.8421078326983,1,27.5173328422033,1,21.2316059624961,1,26.6063667239467,1,19.6416627518708,1,19.461675101462,1,34.6694359928181,1,19.0164609463329,1,21.6554706880826,1,20.4439984401705,1,18.3162076381714,1,21.1758186692508,1,30.3834846443205,1,34.3302495537379,1,28.9607152182432,1,33.7018073538879,1,22.5336241975932
1,29.6042834727671,1,28.632129035845,1,22.7124584822248,1,18.4689038464563,1,27.60836632579,0,26.6181074407979,1,20.6367008068803,1,20.0172323710095,0,19.6507993314307,1,23.5356732731188,1,22.5024735631373,1,34.7768680868918,1,18.7830913030231,1,27.5202073631686,1,21.2302027979379,0,20.3038288689355,1,22.475171670644,1,20.1846715439677,1,24.8552088303419,1,27.3964125052169
1,45.7319652457261,1,20.9396687861369,1,31.686619443803,1,27.4137394576601,1,25.6857796621706,1,27.2958573187556,1,23.4420013404111,1,37.1109021320289,1,20.6418433647648,1,32.7686159615606,1,33.7555356332376,0,26.2570527140442,0,21.6102883672493,1,23.3546049910289,1,26.8642803140444,0,39.1575398167906,1,30.0909918999443,0,21.3389066095074,1,32.0671324466781,1,39.2089858120683
1,33.5015756972475,1,26.7113607112197,1,26.402978968344,1,30.3058579166967,1,30.3599180112964,1,35.5759077635377,1,22.8365480145557,1,31.1917706487372,1,28.3397044093103,1,35.5106097587028,1,25.1503622539616,1,28.0355142055048,1,35.9207833220845,1,38.7523824882548,1,32.2042249628981,1,23.0583118166094,1,19.1980508915956,1,32.4141403329557,1,20.907490213125,1,34.6545469530297
1,56.5759303203976,1,50.498653216756,1,27.0823944434168,1,29.9558693224359,1,33.1205044551765,1,35.8835154772102,1,51.6852069294373,1,41.9763956530723,1,43.0589209141323,1,27.8686264093751,1,38.9424529323938,1,20.5274307749731,1,27.2365448169084,1,20.0137627200425,1,22.8853998418369,1,29.9280068649078,1,36.352722632514,1,32.4684803311374,1,20.5218581557131,1,24.9275718215387
1,36.6130170933303,1,42.5756966513517,0,27.9868791981335,1,32.6670878816804,1,34.9373388010414,1,29.1420474809642,1,32.9615429567333,1,25.7728733867977,1,27.4032154180614,1,20.5704801905077,1,38.7477638902478,1,26.7270923266308,1,29.0326554258488,1,49.5942836198706,1,23.543342748203,1,39.353231633803,0,20.6748903144531,1,30.4095661576458,1,27.1055077843752,1,39.8327408466189
1,47.0977056854192,1,28.3645723094844,0,26.5326800696545,1,30.2837077916766,1,25.8610438165473,1,26.0336310270023,0,19.4941627855597,1,20.1018254237078,1,22.9309140635082,1,17.7298938717117,1,21.0404315623235,1,25.253473349949,1,19.0932299191695,1,21.4011150613644,1,27.3689276666605,1,21.9224194513044,1,39.234233066403,1,39.3763271751056,0,36.5946083713215,0,41.6346108770009
1,53.2428005066565,1,35.0586691732899,1,37.3311600994493,1,28.3855639473049,1,27.860023005468,1,21.8448446300804,1,28.5441968132965,1,20.2577909137634,1,28.1633247489139,1,22.3175711342714,1,32.1091188287877,1,19.7191567850772,1,28.1410289187934,1,20.4097773934563,1,25.462066306005,1,20.5280912596993,1,28.6425901886104,1,24.502257343762,1,21.3082613040032,0,18.8703950383655
1,39.2856254490475,0,34.5447212370674,1,34.7460156428583,1,31.1231640688239,1,29.8955204409566,1,32.0487047787182,1,20.6788937151815,1,22.282998224741,1,38.6188526369005,1,27.770775434773,1,24.2741933839958,1,25.8256161754763,1,29.407717027363,1,40.680902641335,1,22.9465546941765,0,29.8517703891206,1,29.3663783702587,1,32.4653695071392,1,30.3520744091881,1,39.4065971879531
1,32.3230107414808,1,36.1790049085155,1,33.1886858380641,1,20.7472143921995,1,20.9679274375496,1,25.7634248402384,1,20.2176163335662,1,31.1813367075468,1,27.8506242680085,1,21.4682749079762,1,19.7452973682274,1,28.0000752324765,1,22.2598722822329,1,20.9537809155094,1,19.1336684093119,1,29.3746195874536,1,19.5367739204444,1,29.1694703958864,1,18.3054384476709,1,26.1602264820589
1,48.3181946727249,1,31.2690241410144,1,20.1455718993118,1,26.6470808649892,1,28.1665772606181,1,31.0277540930915,1,28.3062280660374,1,28.2821031464972,1,21.9175223367825,1,36.2804522514694,1,32.1102749333583,1,23.1236830476721,1,32.2552252595016,1,27.4303296511562,1,32.3718818189578,0,26.175309564535,1,40.8286732686917,1,32.3252393035333,1,39.5577579850942,0,26.3989421799502
1,63.1208284827478,1,18.077811154797,1,29.2075274497249,1,45.2016683948213,1,45.4964762730593,1,34.1238470000714,0,29.6767409951138,1,21.5643260576508,0,30.545643139252,1,23.4091228529857,1,32.0461346972058,0,21.2386862605093,1,23.6285083000685,1,21.9419765043253,1,29.4523703774133,1,26.9491224160442,1,33.3143393979599,1,27.4690141626943,1,28.3906758552408,1,39.0217660067901
1,48.4048102392672,1,43.9475600579176,1,42.3236315616504,1,39.0950478214982,1,23.8602871720995,1,26.3051143776134,1,47.5669047390335,1,31.1010893312427,1,21.0602474522299,1,25.9155573945389,1,23.4747924858513,1,32.6401936023588,1,21.1219162356734,1,38.5499402322326,1,28.8371608374944,1,21.1910891910341,1,20.6046723975348,1,27.0658161717491,1,40.3685003376861,1,21.9971807893894
1,42.2067460630433,1,57.5541238119022,0,46.8442743537426,1,26.7676213756951,1,25.4785090517766,0,45.8596284529362,1,30.7603906691159,1,22.7737580185678,1,28.3282191733412,1,39.3021648317235,0,35.0825662428388,1,20.8185870288257,1,18.872357103994,1,18.4742550957172,1,35.5548085733727,1,37.3059605140927,1,31.708195893315,1,40.1003398030357,1,23.5593500200773,1,38.3512307368177
1,52.9087537843439,1,28.3430842970071,1,33.6468078542816,1,26.777224527598,1,23.366637124467,1,20.0217402907235,1,31.8064285657756,1,17.7636452532213,1,21.9666671902386,0,34.613178720725,1,24.0836529934697,1,39.9631935741956,1,25.8816870804716,0,25.1453050033845,1,44.9422171350495,1,37.7551331361603,1,43.029789113917,1,23.9225700682635,1,21.7259410806815,1,38.8307866166245
1,67.9650553724188,1,47.8659666289271,1,45.6894038574594,1,42.3809523305293,1,30.6077626905035,1,24.0447975459575,1,34.4950099316565,1,25.9296757273615,1,34.2654893345789,1,48.617999447201,1,33.9166265356978,1,31.7248343484182,1,22.1838573583076,1,27.3897348592934,1,31.9936679445588,1,38.2382562630408,0,38.0107284305683,1,25.4417201663279,1,30.0700816801355,1,30.2128499916879
1,73.4970698884227,1,23.8170808451486,1,19.5057295075352,1,20.5971787072681,1,32.857442702669,1,27.3229947869381,1,20.7401552888394,1,22.1799422898493,0,39.6450428916535,1,49.8444589826652,1,19.0736277826793,1,29.2375411921393,1,28.6609002845799,1,20.239753521811,1,45.1387222939887,1,26.4546120231719,0,26.476336742225,1,33.919586498912,0,19.8916484387599,1,58.7633845923823
1,34.6884037912282,1,43.3180145629336,1,19.8339927631019,1,34.0881286801448,1,26.7944990762974,1,36.2063813467474,1,33.8291323559352,1,47.0955006604631,0,33.5953340215029,1,38.5466840230734,1,38.1569426884804,1,27.9521338702839,1,45.5053749347242,1,31.1298368861223,1,34.6334327841205,1,30.9678579964291,1,28.383732243059,1,39.6355972009811,1,36.3236495581756,1,28.9310231767862
1,33.8829488353372,1,19.0149566251549,0,25.443444118524,1,20.0257934930178,1,19.2916902520982,1,21.0839455295437,1,20.0399750645452,1,19.4290900906638,0,24.9178206630246,1,36.3478403950456,1,17.5471438014055,1,17.8626625463959,1,20.1482947099442,1,25.8103947908158,1,32.2336829800973,1,27.9809902173779,1,29.9712981010038,1,20.8440881392417,1,38.5458002097958,1,26.6705399445544
1,36.1570345939788,1,39.4400562928111,1,22.3469477552623,1,29.1248169784192,1,20.4901500987402,1,28.630209079627,1,22.877144299072,1,32.4736905541965,1,18.0736370634079,1,33.3227314381653,1,26.5246891227607,1,21.7257094000628,1,40.9889182977256,1,34.3983184382082,1,22.9708498341965,1,24.0275882571777,1,31.4580401399229,1,34.9792662200268,1,30.3816032673774,1,31.2171981105353
1,35.1392918301918,1,28.3438699034837,1,35.8693158326779,1,47.1605688371255,1,40.4835525357846,1,30.1831312094448,1,21.1524944913354,0,43.2729285424813,1,19.2453444232119,1,20.7886907333255,0,25.7899817807071,1,28.4880599940613,1,24.9417798912503,1,42.6559147190289,1,21.0404307303732,1,36.2874080095947,1,23.8284510302365,1,37.5222725305051,1,19.0396000187494,1,19.0072873721655
1,44.1483286169023,1,23.3556785122812,1,19.3453974340448,1,28.6366300899117,1,27.6220559048568,1,28.7968801570542,1,32.8354498904337,1,21.4752202565648,1,32.073570107217,1,31.5063158055539,1,30.5655506368632,1,23.585280541413,1,22.1911737002059,1,18.9095472866544,1,27.5149567499504,1,36.3255706680303,1,38.1932344257647,1,33.4667896167855,1,22.7728093168907,1,38.3133262243297
1,82.7812487703221,1,27.801081811209,1,34.6830698010379,1,48.6612961677907,0,34.2948676265743,0,36.938595143377,1,27.3569400500479,1,36.943038187607,0,30.2060016387032,1,33.4617598802304,1,28.8656058169434,1,20.1872679405358,1,31.3103052415032,1,38.3915145602557,1,21.1039674306442,1,18.9053859764193,1,22.0535797273323,1,20.1443596890068,1,28.9533656091288,1,18.2960734014138
1,49.2333914472376,1,30.4830469759272,1,25.9203506583794,1,34.3171665093406,1,28.5301312713407,1,33.8830160185904,1,35.4674483593625,1,35.783313863017,1,39.5972199418333,1,24.7825146816304,1,31.5623656139785,1,43.3134683265609,1,27.1221366034556,1,21.8691289311297,1,23.0985586712973,1,20.3662591416123,1,21.387416713309,1,30.7235514351981,1,23.7516958130183,1,27.422742423353
1,37.8858666818525,1,43.9886910670717,1,33.3372735602307,1,41.2452223996577,1,27.183416300404,1,19.858360782892,1,21.0119454532031,1,40.3240582440667,1,20.5784174426154,1,31.2134234051163,1,22.2155883586515,1,28.7555157089609,0,20.953674643947,1,38.9333147463548,1,20.3717479361859,0,23.4344251330303,1,21.5210524434143,1,31.1037035040126,1,25.7142969469413,1,23.1642108133956
1,38.9834718305693,1,39.5726561423547,1,33.4889693423396,1,32.9479104042603,1,22.6030781748809,1,21.6678039471726,1,33.5603715636975,1,28.2932160357661,1,23.691264141762,1,20.5263567644569,1,26.8198214860662,1,30.2082147402892,1,35.4247116071324,1,43.7952050810164,1,29.3458065295846,1,35.4598082101943,1,34.4457652322186,0,30.0254900686295,1,34.8372996345258,1,36.5293973825818
1,43.2421621271234,1,23.1967408083288,1,22.7743723340117,1,34.2505855668646,1,39.5755249796707,1,22.7476912481916,1,41.7500953457618,1,31.2561138522847,1,26.8781489003186,1,20.6888314644584,1,22.9363675956362,1,40.6054496054566,1,22.0167404006539,1,23.8294910475863,1,40.2103076678826,1,29.5692187735876,1,20.2237261134221,0,26.1448328528684,1,22.0824645559504,0,22.4904882217085
1,30.2524288569542,1,39.2331439124168,1,27.5961749088693,1,28.586828436127,0,29.1012105801104,1,20.1795621526121,1,21.1346046819492,1,22.5054771657433,0,27.0800899425211,1,19.9626308030595,1,27.3823170252819,0,40.4846654155984,0,43.9060009242661,1,40.5737489895246,1,41.6040837183819,1,29.9490183360617,1,24.436953721483,1,28.2379146456725,0,31.4251866619777,1,23.1825397173502
1,41.5025181824646,1,32.4956219728253,1,36.333923733805,1,40.1449951099282,1,26.221870059888,1,34.2121235054293,1,33.4190083236791,1,29.34755890753,1,29.516062175507,0,29.6832454823944,1,30.8476237884041,1,26.1985494912633,1,27.8212364694177,1,29.4745220309098,1,30.5885676657284,1,28.7336781237071,1,28.0444661331378,1,44.3818418468913,1,21.5958589101364,0,20.5099666302353
1,30.5059522769905,0,37.9439590112362,1,24.9035093098611,1,24.6800193321727,1,37.3771633198805,0,27.7523205802563,1,38.4057795810793,1,36.4241484986482,1,26.9837470452696,1,38.1750679826163,1,29.5710883004093,1,37.5819225336584,1,23.5626173772927,0,20.6934918210847,1,21.8604413539866,0,28.4170211654564,0,32.8194176524879,0,26.7282747911691,1,31.9338863890591,1,25.3610064421863
1,29.0097680758107,1,24.9930773237727,1,19.1666680534437,1,20.7556461851784,1,24.844931486472,1,34.7717230978057,1,34.5815450109395,1,31.9861086081095,1,19.5794116454423,1,22.4082243923743,1,20.1005241957184,1,28.3285051259145,0,35.9653073761731,1,27.6733217372844,0,41.3495145828311,1,36.0330691286397,1,19.7696475490386,1,35.4253952277688,1,23.3241604013546,1,23.7169506414789
1,44.8885052794261,1,24.9394836560202,1,24.9749117903892,1,22.7439171259444,1,21.9818145162159,1,19.1125216755492,1,38.5109451496369,1,30.1468832698027,1,27.3425149677444,1,32.5432585845439,0,29.4210563947872,0,30.4929194385446,1,22.5532498014147,0,21.7957249349993,1,31.8237298339559,1,35.4584528636943,1,36.6649587111819,1,30.5607927684652,0,37.6170693564056,1,33.0090634779093
1,38.9921425701165,1,35.7641895649632,1,30.1166932256508,1,31.8063938344773,0,31.2911400016655,0,33.1929763222256,1,45.2035270845758,1,33.898928689887,1,34.6636530887705,1,22.7470148349508,0,47.5041383975038,0,29.406695332173,1,22.4228967680005,1,25.6119496888869,1,33.0950646174293,1,30.8441399846986,1,23.6388542371037,1,22.1097924906049,1,24.8136609641774,1,37.141052931916
1,36.6233255078163,1,20.0838911793636,1,36.5593379296905,1,47.0071033088482,1,23.8653393570133,1,22.6203048396056,1,32.0921441444486,1,36.2477196816913,1,44.6983481373924,1,25.9333516167102,1,28.8639269332919,0,20.0300621499783,1,20.4690175684766,1,19.8548062774202,1,20.8506597928619,1,30.6081112796141,1,30.0994075960938,1,17.4306191688957,1,19.1788726987747,1,32.0100181607892
1,39.4552919042918,1,36.1456196611394,1,37.1717647240655,1,21.9354641623871,1,27.0842848886649,1,26.5995192792381,1,30.466594383117,0,17.5496167137951,1,27.4952444435079,1,38.3733534107969,1,22.4516073789548,0,22.0200470020941,1,19.7923915723498,1,21.8427798858138,1,21.8137819241703,1,20.0279407868668,1,27.8553751060466,1,38.122664431005,1,37.4574715312693,1,41.417859672463
1,48.3916137973605,1,33.2769920882763,1,39.7504339390326,1,36.4704984460806,0,22.2872518152049,1,34.0401998905111,1,27.0142217663887,1,35.5246444169012,1,39.6038357652394,1,29.8922121405086,1,41.2462452822547,1,41.3537327922464,1,22.1532404464693,1,34.294825560472,1,35.176340038844,1,35.3810243469551,1,29.2873295951729,1,36.1113518632578,1,29.0025601751463,1,23.0116845809518
1,22.1192237297514,1,34.5385714023939,1,40.2033863542437,1,21.7458339100119,1,20.7579285993677,1,28.4519967050934,1,41.1884333516357,1,25.8956721834711,1,26.5778212606827,1,18.8914466666884,1,22.3449871691807,1,19.8226710888757,1,31.4733442146776,1,28.4575030766482,1,27.9015087464261,1,36.3396373182813,1,31.8593641749212,1,30.7123555653345,1,25.5314442029622,1,26.9060658021781
1,58.4455349268271,0,31.569049126855,1,24.890503596152,1,33.9231596505352,1,27.0975295513216,0,18.2889867231666,1,31.9232281197102,1,20.7460065235841,1,32.3476669101274,0,34.1690763203904,1,33.0652982774011,1,31.1830904234156,1,18.9617532180813,0,32.391312211438,1,21.6767378177231,1,32.8490172747322,1,33.8362719907131,1,20.2937252861231,1,20.5134193284817,1,41.4060849014026
1,38.2793298949328,1,29.5148864946179,1,20.561658183396,1,18.6297127469977,1,20.2783427736901,1,26.6831465064292,1,42.5346599404262,1,17.7815393871773,1,19.8030486960047,1,36.918669774091,1,18.5690591362783,0,20.1189310054553,1,37.6584582949802,1,24.9050401399641,1,34.4697698430708,1,17.207276192468,1,19.3732590531244,1,19.3504571713537,1,18.0741042792184,1,32.8586384336759
1,54.7815356597769,0,22.8933619197722,1,37.7503514568059,1,34.8579609058973,1,23.689901546932,1,18.7667932841354,1,18.8050097558939,1,36.7929920628177,1,18.0405796535943,1,35.2534201982328,1,35.8066535336321,1,20.2102560036577,1,19.969633861642,1,32.3819843463804,1,26.9025712885039,1,35.7474863671726,1,22.640140442862,1,23.0523132345853,1,19.8428122645376,1,24.0785985765391
1,34.5206824936949,1,34.4413600999493,1,33.2600900347101,1,34.1537470345347,1,31.2695384039587,1,50.593564063353,1,27.344004647113,1,21.4572822519189,1,25.6239303182911,1,24.7772485471489,1,24.2904146253756,1,29.6347018267223,1,26.989205010668,1,21.5268245708667,1,31.4151623293855,1,29.7146953050167,1,19.7091510267997,1,29.3295912169867,1,38.8940743209483,1,18.4871858467756
1,40.2806823564292,1,27.2544412276403,1,21.9829854569385,1,34.4373325927031,1,22.9715502375998,0,30.5320901930277,1,34.2155833620359,1,33.0237664359055,1,29.296512047727,1,38.0534026582247,0,30.5143830744422,1,23.6934766912344,1,38.4072659963505,1,29.1497305498158,0,26.4941469962492,1,29.3551544205679,1,34.6295395647409,1,22.9786628813434,1,28.9028213133794,1,21.6376199467382
1,43.4504726010989,1,31.2065397654458,1,36.6433048074519,1,36.00295545941,1,36.356683751902,1,32.2936788292635,0,29.1561551772283,1,35.6652461935379,1,26.2204469033815,0,34.3914716924794,0,24.4229065441105,1,25.9712372868591,1,26.0725679792622,1,29.350669944275,1,31.9913717664893,1,38.251850200313,0,26.5419647634107,1,25.3703150421798,1,28.8631930980546,1,30.1969720623477
1,37.7997130009651,0,29.9158933860705,1,23.6337838766925,1,21.4086305531864,1,34.8669709185679,1,22.6264975899076,1,21.1485806762651,1,38.2090450134973,1,26.2254987405395,1,27.8293995387112,0,20.7091031521509,1,24.9568165730684,1,34.7551649482899,1,49.3811952370587,1,27.5923070459513,1,23.766080633064,1,19.2362011279757,1,34.0407487112925,1,33.2444367844694,1,21.0760937549557
1,44.0386711153481,1,27.9891668497815,1,24.305739488052,1,35.2190928971267,1,19.8052225623276,1,36.3646494530478,1,29.8935465860219,1,31.9087106453664,1,23.4385627603803,1,44.7226902268272,0,28.0598259599169,1,23.98417612629,1,33.0379860094358,0,48.3464512645046,1,29.5777494787858,1,18.8545102267379,1,34.4605246674029,1,22.4725447945371,1,21.2146920055711,1,31.3470209573436
1,42.6777201936123,1,54.2987404320779,1,38.5045966421934,1,27.9823148976829,1,32.6065988546273,1,23.6684946053286,1,25.0764643917305,1,31.0021188101093,0,36.4767510137642,0,35.229306412694,0,24.9867494099393,1,38.5633183955502,1,42.0432366922995,1,47.214388604259,1,32.0864157331156,1,27.6927052880417,1,25.9363534080167,1,19.6060142641152,1,21.0747218763616,0,21.7385395621985
1,42.9307857011325,1,26.7576351486055,1,32.9107159442425,1,29.2895979071382,1,32.6284745737076,1,32.6146591203893,1,37.9008552380472,1,27.0880517044447,1,21.9051786433251,1,40.2772300650418,1,21.5049254339046,1,23.694021259747,1,31.6715618388821,0,20.8409195394678,1,19.371475917482,1,19.2614407385213,0,30.402609929724,1,25.4159609092157,1,23.4237166665298,1,21.0685905990522
1,32.3899811738676,1,33.2291352491714,1,40.1912943955681,1,27.3971050249761,1,25.0439140346415,0,30.0824441094355,1,41.8887435793588,1,40.9049200330235,1,21.6489957486787,1,23.1560536426962,0,23.3055089277145,1,40.8850898045289,0,23.2479292667225,1,30.6111987425898,1,31.9970600120162,1,41.0982842551562,1,37.2929962996587,1,24.9749753143118,1,43.6055648976022,1,27.138378421793
1,54.8052163396385,1,21.8978426262595,1,27.7882482948631,1,26.6611966530331,1,39.9583102073534,1,24.3929044377324,1,41.6911035160098,1,44.3712506081,1,19.6916478025317,1,20.8125566027199,1,22.1492154667971,1,25.3018738624844,1,17.8586944469335,1,20.9382272467518,1,20.7841255402397,1,22.0647773757902,1,22.0394860278203,1,18.0711489894001,1,22.124962321372,0,34.5623598023173
1,42.6515980445719,1,36.0502370823288,1,29.1696617444962,1,20.6052213422539,1,30.5793655846182,1,29.1465964298654,1,22.9002918167172,1,29.7218818296053,1,21.4730647327331,1,19.2838692002822,1,20.3786987173633,1,27.0076379979401,1,29.5409767212887,1,29.3979786327789,1,27.2750518660954,1,24.5171804278745,1,29.1964154997947,1,35.8895900178592,1,30.3837637395472,1,32.8699888934553
1,44.5463466724709,1,18.7451400755319,0,17.8608963158946,1,28.4822224710325,1,25.3033658030262,1,30.3744204566272,1,23.8930161504949,1,19.3674905533735,1,40.2329864681101,0,36.723445420392,1,37.4645277657484,1,36.8051811713875,1,25.6560662456675,1,30.5245801412847,1,29.4761253846404,1,41.5485590744082,1,29.6083062456656,1,54.8572133060716,1,33.4393736137711,1,26.2224099370881
1,44.0351748310238,1,30.0574512669822,1,36.1731936711323,1,24.2820046814648,1,27.9430596997809,1,28.2476005686692,1,27.5961373042332,1,50.8213780927197,1,39.6703876713608,1,34.5582174546142,1,21.2487675685236,1,21.9089937893409,1,29.7264839003318,0,28.2624547352702,1,40.9018223422782,1,21.3486168315328,1,28.9718788302084,1,27.4961607483852,1,30.2775020408637,1,20.4290514876295
1,48.3730081396718,1,36.2448725253219,1,26.9448293424279,1,33.3695910626317,1,20.9629230649729,1,23.6808226399099,1,25.3506512790351,1,20.9826376852052,1,43.5320006193476,1,29.6035254912642,1,21.1333277259921,0,21.2504216571241,1,30.7260138275015,1,20.7886427996239,1,20.6853614592175,1,18.8094307813589,1,30.0298523959869,1,29.4571952959388,1,23.50305953033,1,23.7707079414505
1,45.6632296206723,1,32.7655273008736,1,26.7554551817162,1,25.1440464304749,1,31.0924032629884,1,35.8848211228969,0,30.7440601755542,1,19.6910256792585,1,36.8652551194207,1,39.6003140315687,1,31.86146735766,1,24.0103667762461,1,30.2571989446527,1,25.6504717322499,1,36.0018212431481,1,33.7102996790581,1,30.1648362918745,1,29.875064000856,1,24.247526663488,1,23.2079548349694
1,30.4927502812845,1,32.605548417225,1,32.5669618697978,0,34.2252645465422,1,22.4062759677662,1,44.5203895975618,1,17.9577206094466,1,19.5835931727587,1,24.5302527275832,0,19.0209398360852,1,22.5922049304834,1,37.6466125583695,0,23.5691467717969,1,34.0258907721684,1,25.1440529399305,1,26.0842189520493,1,29.8303846996546,1,22.7406823290415,0,26.6572065883928,1,20.5480846237203
1,39.6758799131939,1,35.2033879709733,1,24.3470817548157,1,26.9392233041512,1,27.9609869634167,1,24.5546854066725,1,22.5395439483545,1,31.8226289778,1,35.2248054071068,1,34.7414882376491,1,27.4804164438507,1,20.73062701659,1,22.2771463659872,1,19.1801221476107,1,20.2138516782488,1,20.2381045728814,1,19.2717746229965,1,21.2135787700992,1,20.0856375112114,1,31.9751632386139
1,37.0329995478801,1,31.6511659249453,1,18.2208171290087,1,35.0083131188506,1,27.9473833031125,1,18.288855307127,1,23.3329506680924,1,22.5489363153041,1,40.6051265423816,1,33.0028259164454,1,19.8384187364694,1,23.3876656735205,1,20.889109060618,1,19.6080068276049,1,31.7082358568413,1,17.9570714750665,1,20.4256692863417,1,32.6775034279113,1,24.5480648969575,1,37.9935884354969
1,68.6129190984213,1,50.222317201055,1,28.180077321415,1,46.5227784433284,1,22.3455854916873,1,32.8936199475979,1,22.7708062952945,1,25.027888054248,1,20.0402983455895,1,20.7878618388672,1,29.3378746836359,1,30.4824284586338,1,30.5672115763613,1,18.6303891326501,1,24.0248268892379,1,20.4620862260076,1,19.9603612602533,1,35.27145332177,1,30.47905079713,1,19.9599533486727
1,31.8785896927841,0,21.0050928502297,1,29.077158651008,1,32.8769097204052,1,46.9178261122222,1,29.5032040436263,0,22.3224638256599,1,28.9524856666352,1,19.6287684426656,0,26.1535813179823,1,20.8598097801119,1,21.7379399260461,1,21.1336824151543,1,35.7274075413644,1,19.4429417220237,1,19.975487181435,1,18.7987850955737,1,21.159154474176,1,24.2742922235219,1,27.3088945455944
1,45.1916107927727,1,37.9697188612206,1,34.533926218773,0,31.8358063947005,0,31.7619225679435,1,19.4319014360592,1,22.892530396074,1,23.2408367216322,1,19.723883521734,1,19.9997056332236,1,26.3359552495319,1,22.576571186184,1,23.4253444267537,1,18.9835673364578,1,19.4900576073599,0,45.039127774287,1,21.7701317194778,1,22.1812060330411,1,19.8224308569782,1,23.1167684045797
1,44.9382171894159,1,35.5993688347095,1,32.9445041175121,1,27.190326606938,1,22.1345743115324,1,23.6344958972058,1,40.9204233975288,1,26.8959988957067,1,37.6691679264889,1,21.6340970346391,1,20.2743784203323,1,22.7528195317726,1,19.2210457979776,1,17.6992332624008,1,18.571109137348,1,48.3565373223237,1,19.2584254330261,1,20.6057595668148,1,20.0801625391729,0,19.0984238508693
1,39.5144581144156,1,20.5333223163467,1,42.6777135433038,1,38.6190780709946,1,23.2289868443185,1,22.7844332852014,1,30.8831161328103,1,27.1029202773806,1,36.9273159107309,1,48.6204621957121,1,24.5166858525021,1,31.2776018406826,0,34.4361094165303,1,20.0955106509641,1,21.2000232031244,1,31.882002054198,1,37.535854433985,1,21.0759908247836,1,38.6506212843795,1,34.9198830484332
1,32.564340126929,1,30.4165373153468,1,40.6964649401614,1,37.818052597834,1,18.6350770159925,1,41.5772578369984,1,27.143686576681,1,25.8162057988506,1,48.0016221452721,1,38.3183134035818,1,23.224632868911,1,32.1807129371825,1,34.3437163130927,1,27.9162708413033,1,27.1161852735817,1,26.1734492293022,0,20.4630883937708,1,38.6008942806789,0,24.3403049456529,1,33.2619841419194
1,40.2184686425338,1,25.4917892207795,1,38.1489447712828,1,36.0993497645571,1,24.1487922237295,1,35.5481005064734,1,26.3482732101137,1,25.3181509465297,1,26.5069046882652,1,37.0172614499649,0,44.3554519423771,1,32.3036124192322,1,29.2457207442366,0,25.6439725563107,0,26.3814095731582,1,25.6930031870342,0,31.6144795379128,1,29.6458471758031,1,29.8044173671688,1,30.2954055456634
1,36.1748661098768,1,22.517408045185,1,34.369256419929,1,38.5721291168573,0,33.44289975496,1,34.1720802022087,1,30.75518140271,1,29.6315354141764,1,18.9968346194474,1,21.8219914123958,1,18.4610793046746,1,26.1543288719911,1,29.6970495951622,1,25.7718353931019,1,19.8570870973882,1,30.7962312472992,1,28.1599595504923,1,20.2690218166831,1,22.1454555905595,1,20.647970552011
1,54.1224674843907,1,56.0461714794511,1,41.6906076476019,1,44.9989598508989,1,41.5182030090332,1,36.5725743527436,1,36.1893117574439,1,32.8490127444675,1,37.8571854281805,1,20.6593808064673,1,26.7650408125558,1,19.3196719358214,1,43.9569141498244,0,30.3732585372515,1,38.3673873334185,1,25.8942804004718,1,33.9647208613616,1,19.8185718313663,1,27.6243434195513,1,27.4456486420533
1,54.3472052567212,0,28.6090604254681,1,36.8666446175955,0,36.8181742540068,1,34.1818872881435,1,34.3402213226048,1,31.923498432452,1,31.416031174152,0,26.4578437228189,1,33.2028668187857,1,27.7557214059866,1,30.0389880529678,1,31.4144045527329,1,37.4427023648755,1,27.9576208301844,1,36.614902181164,1,27.9170619970324,1,27.3140605353881,1,26.2884029720961,1,30.3646832505669
1,30.4748244426335,1,37.8370144476445,1,37.818899712756,0,38.1536145845045,1,33.0532072294697,0,31.7462306331627,1,19.9818066404439,1,21.0349688949373,1,29.9651939342837,1,34.8536597106336,1,30.6752729945562,1,37.2894288427099,1,23.2229030107492,1,32.5930362540227,1,20.2539101480414,1,23.671841455698,1,35.063518116645,1,33.8003266480616,1,35.1978357290704,1,36.1820863842242
1,42.9005978919106,1,64.3479064934823,1,20.7355794129513,1,21.4821602010548,1,22.1084727683237,1,19.4548610970405,1,21.4042290797731,1,21.8132110072199,1,21.9448413308829,1,21.4455744887512,1,23.993477229016,1,49.3878889084918,1,24.3200167118667,1,28.1960876206889,1,26.2494959762858,1,33.7416311382385,1,19.8869174923627,1,18.7158998260865,0,22.6378296334566,1,23.2225756857276
1,33.3663695137098,1,28.4475096635495,1,30.9693382423736,1,41.4585877489449,1,31.0439296786402,1,26.7648112796748,1,22.0638786871038,1,30.3914346296432,1,21.478629771166,1,27.3066311564836,1,30.2934578853297,1,38.230511835165,1,34.8802224948734,1,44.4961903662314,0,31.1776209721098,1,29.8633143773818,1,29.0160142605986,1,29.4021410121682,1,30.9461933727438,1,37.7480945157354
1,27.0946954411702,1,26.248801927296,1,31.2631871666072,1,32.6608477342331,0,47.2694686450175,1,19.2142170062986,1,34.3817244058667,1,23.5550141204721,1,18.9966451036686,1,36.2751239892492,1,20.9719682342251,0,40.7725756708787,1,30.9162346876072,1,39.0017537317587,1,32.5348382928061,1,27.9991901203284,1,37.1345235789253,1,21.6306643615247,1,21.6778401094377,1,22.077216287065
1,34.8068087639892,1,38.2194679115248,0,31.2203724065779,1,29.4629533011423,1,19.2257251942247,1,27.3117628220923,1,29.3424741526504,0,34.8002399060772,1,31.6325468195401,1,29.5158851816906,1,19.9093262290511,0,21.1011414145028,1,37.0045300534561,1,30.3312579799898,1,24.4254156322769,1,22.1985189682213,1,21.8609620947764,1,30.6279696588438,1,32.1840301280332,1,22.5499581845736
1,46.9002190804848,1,33.059230847235,1,25.7550913329545,1,19.8409229727313,1,27.1231124411636,1,25.7693759509415,1,20.2330394398749,1,26.2287733605651,1,21.9718573507297,1,20.1777428582366,1,35.5533470889164,1,20.6344942814162,1,21.444345628638,0,26.6435923813518,1,28.3664551477413,1,20.4555960847699,1,21.6075286348427,1,28.2546500981346,1,20.8565424536177,1,19.2283678801815
1,38.2326892027712,1,42.321924790373,1,35.8856034441337,0,26.3369661639816,1,28.7953967659256,1,30.7602647164682,1,44.0664708835941,1,22.503969111903,1,31.2979428627274,1,33.0281449632758,1,25.1407312932357,1,25.7348929325744,1,34.7467482207909,0,29.9202386106685,1,30.5546631565924,1,36.4054707837453,1,53.8420075959297,1,27.7445229514111,1,31.5309053291257,1,36.6533995358448
1,71.3374354387948,1,26.691194114489,1,31.2957493352937,1,27.9630229598457,1,18.3256050942306,0,18.6332337835875,1,18.2101715046898,1,21.0758695678226,1,30.1586490673367,1,19.5829497457371,1,21.0766360096722,1,19.3065132235865,1,19.8769189431379,1,19.1113426765298,1,21.1731788297352,1,22.7475080604658,1,22.1990904685442,1,21.7946398030703,1,31.3819768442056,1,20.3814144262974
1,42.3977913163852,1,25.2556175570853,1,28.9405440466075,0,43.6011543381533,1,24.9248491110599,1,21.7834797643954,1,20.3539536290785,1,29.1225229861925,1,22.9769775414154,1,24.9430844489293,1,27.4473139423589,1,22.9681641511467,1,28.9296657764201,1,19.9127794076539,1,28.1710143865511,1,30.8299106790315,0,20.5662026209851,0,27.867478502122,1,20.7062414216852,1,33.789918777828
1,39.8117278573175,1,25.243129618433,1,29.0202753562802,1,21.288339296528,1,22.6423901143939,1,27.0212091613134,0,22.1704227860612,1,32.919709890049,1,43.2006623222832,1,29.2416201711218,0,19.2625588159959,1,16.312925475001,1,23.1024251455638,1,20.9185713014266,1,25.2706846352546,1,26.4046208901581,0,18.3028529815644,1,31.663564691378,1,30.7312767896544,1,30.8815280854941
1,41.1695855193963,1,32.3656697809613,1,42.3346255587758,1,32.5596329523888,1,24.9579992590262,1,35.7243288987692,1,19.6310855827694,1,27.2008176940983,1,20.9265900172456,0,20.4714677240816,1,27.0989633580012,0,19.1927840381581,1,33.1174694968641,1,19.809778261693,1,20.834209132333,1,22.9312569012098,1,39.1127970625684,1,21.2093607258577,1,29.1372074643592,1,25.5926058496314
1,48.8195650260072,1,40.2871900557292,1,35.8868996554802,1,47.6759277343631,0,32.628006991238,1,28.4509103720089,1,37.3835872649717,1,28.4950682526329,1,40.7660925795975,1,23.1123963934019,1,25.0825035820777,1,37.688897984529,1,29.7488962419522,0,39.4219826706763,0,29.9623019747162,0,29.8846728208262,0,26.5358945364487,1,51.1495547107214,1,50.952189755399,1,34.2564665068817
1,36.6461496335501,1,47.5685037622149,1,24.6810255394366,1,35.6982675010349,1,17.4840242031322,1,28.370018223521,1,19.4447683810307,1,21.5300174927503,1,35.0186993761342,1,35.5699532978853,1,23.4609935638412,1,26.880251628884,1,20.8364409204627,1,31.3690829823235,1,40.741062481505,1,28.4880512646682,1,30.1905703751755,1,40.1170300753989,1,30.6251604645263,1,33.0904899847976
1,36.2041631735073,1,43.5188728424611,1,36.2319251511431,1,33.0257416554624,1,28.5119841238927,1,42.2344068874097,1,29.3894895354972,1,33.9519923729932,1,30.2266597836629,1,39.1113656809568,1,29.3602622839989,1,30.8820886915118,1,28.1737744252897,1,28.4431315504582,1,32.8729773883122,1,37.4740958573805,1,40.0678355071509,1,28.8192365934476,1,29.8417114869586,1,29.7544357219711
1,72.4982821970517,1,44.6194372475571,1,20.4657856651324,1,24.6489369040696,1,35.1052868431045,1,37.2340658326381,1,21.0935763490226,1,21.8083188428379,1,30.6975225439795,1,29.1578689624219,1,26.2478977605752,1,25.8894794335981,1,30.8315328919939,1,30.2000059573599,1,19.5284357430143,1,28.3596798660906,1,31.48738939071,1,38.5654198686425,1,40.7945497247383,1,48.7045474655744
1,39.4230050306461,1,25.1198184470844,1,27.0941807981836,1,45.2348709559787,1,37.2532378750213,1,38.9173119785156,1,45.8577081765648,0,19.6024389503531,1,30.3602978980003,0,40.0959892634093,1,26.6683883677727,1,27.6150211896736,1,37.2838019578132,0,33.8210089652435,1,23.2822417286793,1,43.8511617992384,1,20.4464122647996,1,28.3549860822337,1,33.6467657595447,1,27.8368602827313
1,38.2766917148132,1,17.55553380691,1,18.8046224279095,1,22.3689735503703,1,20.546002601217,1,34.7488783030768,1,30.9182508931382,0,20.7121954661994,1,22.5117813347469,1,27.0052791935953,1,22.3418633448986,1,26.6760252977327,0,22.0590811529825,1,22.0288962982171,1,29.0593647963322,1,21.6846071240716,1,28.8846867880901,1,19.8393885966174,0,20.3801758286696,1,22.2739163582697
1,76.3397284502764,1,51.2530898075573,1,18.2298212180424,1,15.6313434719366,1,51.568246487663,1,33.3704872831,1,22.6460788825815,0,21.8473218279178,0,36.6989908654,1,20.4411668027068,1,19.5136349832354,1,21.1041282939491,1,20.573599313494,1,37.2597653187911,1,37.6953967771285,1,43.609681776773,0,22.1544627635999,1,29.8617228109441,1,25.604744518672,1,28.8306784695571
1,51.4825425787395,1,32.5187577122034,1,44.3407323170065,1,17.7832114977717,1,19.8735780378159,0,27.3152692825126,1,27.6322209530561,1,18.8507675575307,1,21.3138373002607,1,21.9372540676368,1,23.0684845892381,1,21.8822075297818,1,28.1324292270312,1,19.8481602195122,1,34.7215128817175,1,32.7493399371923,0,19.8676051605757,1,18.9483688529469,1,22.9976825715117,1,21.3673769929315
1,42.453017161921,1,38.803965989987,1,62.4056833806485,1,37.7306606857572,1,56.4768218897917,1,26.3716665899868,1,18.7633311980053,1,37.158419856711,1,21.4832325364715,1,29.382984711064,1,22.977924926176,1,37.8826257354013,1,36.4804145585777,1,28.5939975950816,1,41.1662952994292,1,37.4959380559793,1,28.5455559570876,1,21.7966299043959,1,40.8351922415775,0,20.0796383026844
0,54.6996481671592,1,28.0551879225739,1,30.7201350508026,1,34.878273059597,1,24.731770750624,0,31.8383404120156,1,24.4202309068677,1,19.4392471404467,1,20.6346185942761,1,32.3881867360426,0,38.5881047832974,1,20.3031729983603,1,23.2517777777347,1,26.6584108425606,1,41.5328135054307,1,28.8899086574241,1,34.4163963221974,1,27.7726500178002,0,28.7675070232419,1,41.0162366776792
0,47.9319642390023,1,30.8304021283656,0,30.1509400646479,1,26.5320168582518,1,25.1539503755809,1,22.6320373602763,1,51.5052181089326,1,27.0046260718671,1,26.3095973080596,1,31.6058214078756,1,34.7442068681699,1,25.3961994240505,1,43.4046113143704,1,21.2897744110078,1,21.0087642331382,1,25.5513617712754,1,22.3449779806326,1,28.0793666405488,1,35.5146981027776,1,22.2695955032355
1,49.1814622861315,1,36.5940824098112,1,32.6145306352713,1,28.3745877839814,1,21.3793378042514,1,22.1430022456601,0,22.2369940132318,1,22.3552413203291,1,22.9055269642697,1,27.7447049089722,1,33.3732277133554,1,39.7853747993726,1,36.7382926151661,1,29.4643153994162,0,27.0307628079548,1,26.3218757945668,1,46.84829018618,1,29.5702291493932,1,34.3299681473321,1,22.6361055127728
1,55.6376958424642,1,29.3405247975483,1,24.192740010833,1,32.0675926931664,1,29.1966660153048,1,31.0519224951598,1,19.283758766855,1,28.2887630601088,1,22.1696924004881,1,28.6501036730195,1,21.3685527808568,1,29.9103151270221,1,30.5762801509688,1,26.0787002507805,1,27.3520737777764,1,21.5519402556321,1,22.957576789099,1,20.4838753732485,1,31.8462170118103,1,39.9205228395192
1,38.4541988764528,1,32.0622405268526,1,41.9545128145004,1,22.0800878619198,0,24.901023397585,1,25.4779242618933,1,33.6199009763342,1,19.8875163713266,1,30.6586480894105,1,23.5006996418031,1,21.1587342637458,1,37.1877150700195,0,30.9802041945681,0,19.1806048837548,1,28.9875048447624,0,36.7188559338131,1,22.8154610301686,0,20.7575066285799,1,34.3782961528828,1,24.5906689390259
1,55.5525107101315,1,38.5321974690288,0,22.3489273704274,1,26.6307616882576,1,20.2711960100668,1,20.6642031453303,1,29.0661884413943,1,34.6300140905239,1,54.5159602828638,0,28.767213276122,1,25.5499764976353,1,32.6005057596426,1,39.5314291410361,1,25.0671894310053,0,27.0931422087962,1,43.3877867523161,1,30.9688023657669,1,20.505559037336,1,31.5199800617688,1,28.4400165085459
1,70.745265411983,1,29.865101265869,1,31.7284038686401,1,30.1669441041203,0,18.6240776704071,1,30.0860116861568,1,19.5806813235617,1,19.7875294220417,1,19.9268943666845,1,20.9983972299136,1,36.3536447578005,1,26.1639368487906,1,29.0796691663044,1,21.3420482002748,1,21.0215788253391,1,23.3554119362471,0,19.6146169387449,0,30.3862346499135,1,25.0179235146615,0,20.6536269012343
1,41.5379643895368,1,44.9652109887821,1,40.8135465372543,1,31.5435805120393,1,32.9373056582098,1,25.6050932527755,0,29.2797148685823,0,23.3302178647425,1,19.9769631279098,1,22.0363391453963,0,28.1185272582177,0,26.02074243386,1,31.5314182979593,1,29.7376271744434,1,34.0151101881265,1,19.222734388761,1,26.1603439772875,1,25.7064645329016,0,25.8739429037284,1,28.8931516147604
1,35.6692180608618,1,32.1912884537389,1,27.5712852669854,1,28.618415598202,1,20.1415220134823,1,25.4074424865882,1,32.4966768496876,1,23.3081113121908,1,17.8206930448844,1,37.3038291325963,0,33.0813473157266,1,31.2738134796754,1,35.6058378433288,1,37.114761867466,1,21.8433993522741,1,22.9194313745821,1,20.9135699288075,1,30.8919317486322,1,48.7532575205976,1,20.8840236342692
1,48.8511731742956,0,24.9647996786353,1,27.2607224102095,1,19.2028035999195,1,18.4437622652119,1,20.9866112722596,1,19.6861872807758,1,19.0026182251168,0,17.5041182588921,1,27.9343854486181,0,21.3697007808685,1,33.4918842780614,1,45.4976649992325,1,20.4414566067294,1,22.840099923481,1,18.3954780409799,1,34.6675408164963,1,18.4577454346482,1,32.6667168107305,1,18.2090131218491
1,51.0296085466736,1,17.7556087005511,1,25.9874287755262,1,28.7750277976323,1,19.097361456194,1,19.500767480385,1,19.5320326707123,1,27.5465302818818,1,23.6711212583985,1,20.698174618402,1,18.4389017410622,1,22.1457085344762,1,20.3529861532621,1,21.4136992021136,1,19.2112742348031,1,23.28444188881,1,34.1181749633014,0,33.0758642207331,1,20.8248531641552,1,36.8558675476062
1,32.0010113117468,1,30.6742880856459,1,19.8507701631186,0,23.424579898348,1,28.0379342533477,1,29.2419371255993,1,20.4331539240655,1,22.544062750685,0,38.2502483406862,1,32.0973265896453,1,32.0179321662253,1,27.6807585379458,1,30.2623356107007,1,31.4686820996865,1,30.0553245738488,1,29.1596537364585,0,29.6639724562758,1,30.3091062132534,1,29.8146313170901,1,23.8894271137505
1,55.2219169139094,1,34.5310741434018,0,41.0493377922606,1,36.7353034676293,0,43.8830871820452,1,36.2224276964786,1,29.5959479240559,1,31.29838420002,0,30.2765572454951,1,27.6103112906697,0,21.7082087709417,1,35.1062733526495,1,24.3436067855541,0,21.0276995874141,1,32.0402100160673,1,30.1740711645557,1,30.6559697625381,1,32.5362279784321,1,31.2252665250067,1,22.010637053057
1,55.2999314169966,1,43.2868049278089,1,41.2398443377241,0,35.7778464787566,1,26.2710367244436,1,35.5086112173252,1,27.1163869693394,0,18.5345927811304,1,27.8818951160081,1,30.0896471147193,1,23.3899731211945,1,20.8110361332736,1,28.050007288515,1,38.5253150076666,1,25.3925352990117,1,19.9710412844315,0,26.7445219678054,1,24.725746501243,1,20.4265493354635,0,20.0219902717945
1,30.7965604695565,1,26.329355217795,1,21.6971659696835,1,20.1000140900776,1,16.9165341648179,1,19.601299624578,1,17.7600052142065,1,17.7972819321601,1,21.1412587837562,1,17.3471705060176,1,26.6206112169326,1,27.9778084312687,1,18.2761127756441,0,29.5533812022769,1,31.0385805521543,1,18.4272305815746,1,17.8818045971092,1,19.7538764685266,1,28.9231315362884,1,22.8120525184059
1,31.8063347727499,1,35.4852570067893,1,21.9672280344124,1,33.942039358442,1,24.8310909003955,1,21.4849309943286,1,22.9113241047837,1,32.7703320766922,1,18.8095193769723,1,20.6056732330513,1,24.3386050817932,1,17.8403378630177,1,19.1918828498897,1,33.9631106149622,1,21.695336227339,1,19.4668227849211,1,24.4384278125837,1,42.1822198399835,1,28.4921921503178,1,52.8880581686142
1,57.0636324228356,1,26.4542619343078,1,17.3637810796819,1,28.814496458959,1,29.0761788591162,1,19.1174500520826,0,24.5522929753651,1,24.7751084099361,0,21.0859373174261,1,33.1024438224078,1,32.8680849315306,1,28.678916758231,1,30.3934060180642,1,43.7817159407399,1,27.6229280852024,1,29.1708802610167,1,27.2859676294366,1,35.2106183279839,1,29.2333836535752,1,37.7126765053638
1,35.082801688378,1,23.7523504884592,1,23.2014548643702,1,19.6996412637092,1,45.4179581364238,1,26.9489613008046,1,25.0627141405573,0,38.6723726922497,1,45.3349091744045,0,46.5105196296342,1,22.9943326425198,1,27.3525019409699,1,22.7298090170719,1,43.9549251057989,1,18.6677757213595,1,39.1839117572486,1,31.8989919895849,1,30.8440849277588,1,27.6580254645147,1,36.6102344448074
1,63.6012648372583,1,50.6141355242437,1,16.7479580669494,0,21.3712872181849,1,27.9304511974405,1,28.529102474233,1,24.7543250770279,1,19.6747436601881,1,21.3905289893839,0,19.196436267592,1,27.2304054973448,0,26.6652374166203,1,28.7193736400053,0,34.992591298554,1,40.2721493757761,1,32.5575500985009,0,20.3281229576082,1,26.0367989844654,0,22.7127238200219,1,19.5850069060275
1,33.0678026357361,1,40.2764629334793,1,22.5193120018828,1,21.1625641108044,1,33.8027485213583,1,22.1495828068195,1,41.0573191670939,1,37.9236990431171,1,29.1456937772599,1,29.4691092553613,0,28.6121663152326,1,27.4662199470916,1,23.3289460170236,1,28.6332868161693,1,24.0668202374248,1,29.229080319435,1,33.0336586992417,1,23.0502338287563,1,27.0747066504869,1,28.1816979401695
1,52.7924887475006,1,40.5189896676808,1,20.9072725308091,1,37.0289623180318,1,16.1547116658036,1,22.0994177982284,0,26.2411539001684,1,30.8692947301168,1,31.5030157570238,1,37.8386564272796,1,19.7333157280329,1,25.0014306221752,1,42.6057094371922,1,32.5158960072397,1,21.1743754433787,1,18.9890903025301,1,18.15530367609,0,17.6995476891764,1,19.8056669659671,1,32.0627564011491
1,45.8110578830772,1,50.8429870825303,0,24.0506312819299,1,29.9662453396848,1,25.6324200274137,1,46.4122309662995,1,26.077810973501,0,21.2259783285419,1,28.7198144509619,1,30.7097768629731,1,32.845358834501,1,19.3763441530808,0,22.8387926052844,1,32.3093851105352,1,32.8966125006319,1,28.6858589239311,1,34.0946101471213,1,19.4371777984039,1,19.4143663887011,1,31.2537137494988
1,76.3935098883174,1,48.0125291029471,0,27.6208550012778,1,37.7966293796867,1,28.9019821709409,1,48.899181327312,1,40.787243112186,1,43.9642340114436,1,47.2205655712731,0,27.6769931499265,1,37.7627182818415,1,20.8062938899063,1,22.8014959243841,1,43.9775471965316,1,31.542495315594,1,27.125970498936,1,27.3039915777072,1,22.8897944574829,1,19.0425304075092,0,27.3871156287766
1,52.1582262235151,1,51.09232714681,1,48.6181526945111,0,35.3678728260759,1,25.910034848186,1,24.4365522897749,1,26.6281431096763,1,29.5060504336267,1,32.8707961826137,1,39.4932017143957,1,27.2567050465345,1,36.8972770440652,1,35.7128836460172,1,34.2451743830887,1,27.1656244323543,1,33.20808576982,1,25.0514024387174,1,41.4187801237266,1,30.6836209035165,1,32.8229120610086
1,44.5199420266504,0,27.5162515592445,1,19.1615343140249,1,36.2376422146811,1,36.6078983540161,1,24.4584011567956,1,26.0075627011178,1,26.900640186452,1,19.9506766233125,1,37.1266037018886,1,32.6646380440074,1,32.4468135220114,0,22.0838144089818,1,36.799146181584,1,41.0566676825417,1,26.1901203867262,1,20.6479918605236,1,27.1631351067723,1,23.6221469980361,1,28.1692528855852
1,37.9758312286013,1,48.949931035798,1,35.5820793880648,1,31.2448736476257,1,29.4199798831351,1,33.8996664730909,1,26.0180851060306,1,20.2027003087583,1,19.4111161877604,1,31.6605394005151,1,24.9308768658991,1,20.6345081118463,1,29.8662517925399,1,24.1277608375469,1,33.2134067305914,1,20.0729048494119,0,22.1273243326335,1,28.2427902596978,1,30.6797105526257,1,33.1232246734054
1,36.6442623851134,1,23.4729732691192,1,24.6378359279965,1,41.3661371386555,1,24.5116247055174,1,32.8358965839554,1,41.9925141434143,1,26.65369125584,1,24.5206650170089,1,31.7869484414502,0,20.5367275355535,1,27.8361193402392,1,32.4926808005125,1,27.7958342209695,0,19.879981872146,1,24.635775163398,1,21.4937770516778,1,22.2721919927591,1,33.6941752075874,1,23.2645680243758
1,52.4396674281086,1,40.2596796857891,1,50.7989239450285,1,30.8677471756196,1,33.7790599661493,1,44.6651581983094,1,34.8262466016015,1,34.6043573926565,1,22.8313166759908,1,29.5042849684925,1,40.4322065808181,1,35.5318962914406,1,24.5056740546474,1,32.4667447685986,1,19.6317522258602,1,37.2741434314796,1,20.4888107881938,1,38.1736423925378,1,47.6484019141707,1,35.8860094884428
1,52.6653564102607,1,29.8449683706521,1,41.7353977318464,1,26.4285996273075,1,33.8185342371805,1,36.8339050327391,1,48.0821489790824,1,45.0301469339555,1,23.3014870807566,0,29.8130606991661,0,42.3410692520138,1,27.7993353481404,1,30.1972379752507,1,25.3770109864231,1,27.1114451991017,1,36.0406650588446,1,35.5762512452371,1,21.7205261652238,1,25.9465838357144,1,21.8692764242246
1,50.709388709321,1,37.8449362444717,1,24.3981078302707,1,35.5604777890899,1,35.8007763916699,1,30.2089070707699,1,28.9471447314326,1,37.5420682110628,1,34.6117630367544,1,23.2722151476547,1,37.6116014408444,1,34.5031443560718,1,22.142272157805,1,21.1849279608157,1,30.7837133048863,1,20.6657566483047,1,20.8752802294376,1,20.1896673519982,1,26.9301963120785,1,40.1462101699044
1,48.2155340318782,1,28.5887734486057,1,17.1450800332734,1,30.7199185848211,1,26.9176868021045,1,24.0366947672208,1,22.8484498064973,1,21.9752956262329,1,18.4192888856276,0,31.5032050530956,1,18.5409501098323,1,20.2989742283026,1,20.4288017344259,1,18.5866439704364,1,21.0775754095229,1,32.9869366733038,0,31.0955097726266,1,20.4887305222008,0,20.0185629338517,1,33.595596125934
1,40.096564650327,1,24.2145286369295,1,31.3484636267588,1,27.8637196500392,1,18.9531362387495,0,18.0921068942037,1,30.6872781882231,1,34.908110954649,1,27.1994342310634,1,30.928061018549,1,34.9100921140847,1,22.1347438845939,1,29.0589363309558,0,22.5795737331309,0,18.0657224592765,1,29.3130986973185,0,29.1262973297594,0,20.6279766461745,0,25.5946339425022,1,21.5372069596012
1,55.8848879028623,1,28.1721411173044,1,64.290412204494,1,33.07286238296,1,20.4644566186363,0,21.6337999009043,1,31.0693716936781,1,31.6749555834406,1,50.1457225550441,1,38.2125463702974,1,27.4379453604139,0,30.8361326258422,1,27.1535216752884,1,34.4962172878822,1,31.2689131598788,1,27.189445967322,0,45.0487539110333,1,28.254420594166,0,42.100288022973,1,30.8431474967586
1,56.8156335441798,1,22.8056721763173,1,34.6434829654079,1,20.7344439316591,1,34.1420271242327,1,36.6667212052951,1,36.7732885746087,1,31.0158612532776,1,33.3396472735187,1,32.0479210427066,1,31.9320176272241,1,28.221387223794,0,19.2199978056781,1,33.2817289117642,1,23.9469312948172,1,28.3180914181208,0,23.8140635926653,1,27.6420395487626,1,28.1890714763376,1,25.8693251289735
1,37.4870773371569,1,22.571494073816,1,29.6667483243402,1,24.744348941092,1,39.4350764687581,1,45.9058099751164,1,22.8258352025031,1,27.0218689997972,1,33.5732650870446,1,35.7380624933121,1,35.5749098935228,0,36.277701501628,1,28.5333773910302,1,29.9217216265395,1,35.8948896485334,1,30.1691333524472,1,39.7119981324515,1,44.6946993944369,1,33.4688501629172,1,51.5886664566763
1,38.1749029900138,1,35.5210233359387,1,22.9325075576681,1,21.2233547548003,1,27.9421616185209,1,20.1329210246,1,30.6458327831624,1,32.0273231950322,1,44.4848634443461,1,21.7655250040378,1,36.0222169409601,1,39.7136204344045,1,44.3882473969171,0,32.8247744835079,1,38.4135972590848,1,28.3518919924387,1,39.8197797086208,1,32.2664728168126,1,38.5859611728702,1,37.9555147666497
1,52.7689041668317,0,22.985517273677,1,25.9311431353296,1,27.3665703506869,1,27.2081320972214,1,29.927910309875,1,22.0422473210207,1,21.0584650106853,1,19.3713097259999,1,30.1266462303075,1,21.2571968310291,1,30.2614662015653,1,18.5726537016278,1,42.3388755043883,1,18.670932685387,1,32.0412381668531,1,19.410758507125,1,21.082894154357,1,19.6723767531648,1,17.422840877888
1,64.4644304326639,1,28.5206186088285,1,20.6139427314198,1,20.4459050578275,1,30.7039304434379,0,21.6292550844425,1,40.7547447983678,1,23.8580149721401,1,39.9604827040127,1,20.3082778089904,1,27.0535472784809,1,32.7990011158799,1,32.6186355828587,0,42.8474218229633,1,26.7802089478386,1,30.8846540247714,1,37.1800949869565,1,29.8647323237275,1,32.669909947089,1,27.3040467987285
1,31.792852934878,1,25.6980873423497,1,26.7256774403407,1,20.9591332754064,1,24.0334224566723,1,28.8883630039776,1,32.999365196111,1,20.2253503590624,1,33.8988462217361,1,32.253819532667,1,37.6285109477083,1,39.7428052570789,1,29.0821021475665,1,36.9927469237774,1,22.37110875895,1,26.2476081624234,1,25.5361380095373,1,30.8283442745752,1,43.8247183419483,1,38.8538510067806
1,29.8751508165804,1,24.117212558871,1,22.6088709999871,1,29.0226902650909,1,26.2242706829652,1,52.7296395916243,1,57.3791486366887,1,18.2043943167319,1,19.4870625806067,1,57.5400692628332,0,19.8398019160028,1,41.5738064163699,1,21.5031550838749,1,17.1483780546031,1,23.6868171447043,1,19.2190727124115,1,17.6917506407026,0,18.3891487388378,1,27.7026458075952,1,20.1393595723297
1,51.1650527725823,1,37.6646371286513,1,35.6660623767406,1,32.2923526738691,1,28.9811376463367,1,28.89164360486,1,22.038850300407,1,37.6381862139984,1,25.360837115797,1,36.6092377674946,1,27.1222461728792,0,33.1765959611441,0,19.7176595511062,1,31.0717894237396,1,21.5523259734531,0,39.7368232162852,1,21.4592308581209,1,31.4714343846394,1,37.5621432840375,1,29.4053735998396
1,38.7319655927882,1,29.9263727227429,1,34.6000528263569,1,40.9936681698282,0,28.04733667819,1,27.5595014621133,1,25.2670089828357,1,28.4683349918857,1,30.3216917916632,1,24.7450573347299,1,23.3784435799205,1,24.6861997816151,1,21.7709522146639,1,26.3689176081374,1,26.3213829102472,1,31.6144316528171,1,21.6609158885599,1,19.2388104199825,1,35.7079329209832,1,20.3886298216321
1,51.9237791331182,1,43.1235087940988,1,18.9548758006496,1,24.7905977818443,0,19.9539799622628,1,25.0345533950403,1,26.1785018530036,1,20.1966871627128,1,23.9906537473553,1,21.127319068325,1,38.8037865535518,1,23.1750314172454,1,25.1077390248244,1,25.3828000979086,1,32.678931534936,1,23.8121282221375,1,33.2427443017743,1,47.6965180047228,1,35.528848152537,1,35.8813967490054
1,40.5671423582994,1,28.8921413930046,1,30.7672935373228,1,21.8702167678002,1,29.6768378475355,1,19.1883334303681,1,30.7140502993344,1,21.8732475703476,1,20.4463039187438,0,28.8677295798087,0,20.6936252296221,1,30.0071800585835,1,18.7449702197151,1,26.7049991702538,1,18.6471444911494,1,21.9575178138612,0,19.6532930619549,1,20.0346236321783,1,31.0958510939195,1,27.2701717964029
1,34.7928548031632,1,25.8969106742453,0,31.1425095251645,1,20.4050346442131,1,38.5625789036405,1,44.2752630151689,1,18.1209004157557,1,20.5574355076615,1,19.2731369174059,1,32.9674074645137,1,19.9920682707948,1,39.5082479707437,1,40.5588114980226,1,29.0974966856888,1,18.880787926293,0,29.56523503591,1,19.6801419780273,1,38.8512922624039,1,25.7523353453358,1,19.349132210975
1,50.9882597391898,1,42.8167184089885,1,33.0744444472367,1,25.1385271510539,1,27.5566829658836,1,28.8028445300953,1,19.1210543723818,1,20.2601589602243,0,21.9721804899408,1,20.7703876238466,1,23.674928118989,1,26.9686711040947,1,20.891429546049,1,34.307433156338,1,21.8438553654238,1,25.7720560122505,1,41.382509597463,1,20.2664699370335,1,44.6892508787384,1,21.7993905356777
1,52.0582557141419,1,44.4882214040709,1,44.716997840205,1,26.8517829781801,1,21.7072910090941,1,22.346132226768,0,22.5365978555115,1,17.5683686194557,1,19.3439704460138,1,19.7647245737238,1,19.8553550208481,1,20.3402249236942,1,18.9792423578591,1,17.7595427727097,1,18.2977659524425,1,18.4141234508711,1,30.128333569885,0,30.9136296547345,0,29.5901328155243,1,19.1872356824842
1,45.7722538166403,1,21.4167379399438,1,36.7869031671365,1,27.977765294271,1,34.2576535989388,1,21.8666074941301,1,31.0253440082208,1,20.0717768501235,1,39.4201177734359,1,26.0718295708956,1,20.3596794181696,1,19.4159331883269,1,33.2162168633669,0,29.0525806034285,1,31.8125222556885,1,25.5587954165582,1,19.4729110716359,1,39.9783931523428,1,40.5156419849766,1,33.0074766414917
1,43.4211387076575,1,37.941031585192,1,22.1919778044396,1,18.8863914903669,1,24.6259704114944,1,19.7806967851057,1,22.5219383693908,1,23.0067548172639,1,17.3953711568768,1,46.5488832230268,1,19.5387691767377,0,30.3914690836007,1,29.2875467016683,1,27.8053277629227,1,29.8438776892192,1,35.0826019986153,1,32.4743094881463,1,23.2428726783117,1,22.7975460314908,1,28.3769760710608
0,34.2005788740201,1,27.3929369613193,1,57.240730004429,1,19.2234935468912,1,29.7671331494556,1,36.2381224812159,1,43.6603840619013,1,28.7206269929985,1,22.3165514003039,1,32.2153359221395,1,28.1907959748179,0,29.9798062204692,1,25.6059076839553,1,30.6391817987279,0,26.516748434355,0,22.8411684862899,1,19.4859191804684,1,17.5904610138634,1,19.6845037573736,1,34.7013391251148
1,52.6324472293056,1,37.7874281567378,1,23.0658693887186,1,20.200971635977,1,17.0711989531819,1,30.4715292989677,0,22.7901530192495,1,19.3664772481713,1,18.6032603437696,1,15.780123062733,1,18.6846069769735,1,17.5235526441127,1,19.0515131834645,1,17.3859996542467,0,18.5247471479371,0,17.2274366745073,1,18.8110975222343,1,16.9253080308998,1,19.6344618379361,1,28.0587104971922
1,43.1660979431863,1,28.821342231872,1,28.364112640999,1,17.1867819825861,1,23.4177157479735,1,21.273710411516,1,26.2300431423288,1,21.8563744379576,1,30.0112052033083,1,19.9483206260441,1,31.8971427626174,1,29.6162171666624,1,22.2728656133161,1,39.4447128761347,1,32.814105367409,0,27.947286548703,1,21.2565967963261,1,19.8951727180152,0,17.4800935528951,1,33.3329763757164
1,43.2603378731081,1,65.0301201394806,0,38.6941886425194,0,18.5364459304257,0,36.555088178343,1,20.7005498468081,1,33.2059327742701,1,18.7637379050137,1,18.9847312802781,1,20.8306386910367,1,31.4475579051696,1,21.4110875440794,1,22.3637308049011,1,22.0752494634445,1,19.1895088516413,1,21.0205925977665,1,18.8353312433998,1,17.3096327961187,1,18.5251995555266,1,40.1163669928112
1,51.0948452012001,1,20.3191061539812,1,32.0081995908848,1,29.431616559023,1,39.7424602756238,0,27.2478902506966,1,30.5563538974307,1,20.6077179985766,1,27.3422865013574,1,28.6861251260601,0,32.6709129142338,1,23.1561006833931,1,32.6652470894181,1,24.3769065229953,1,32.7574102203005,1,33.4167214597629,0,26.6634059163631,1,32.9244890867825,0,20.8422864684813,1,36.057297850923
1,54.4061683154667,1,51.0904436935285,1,42.7107949139134,1,35.7822698140802,1,26.2232392508779,1,26.4246273838334,0,38.4079888800488,1,30.2000493360629,0,22.4722356201247,0,20.2038020474569,1,30.9677426898241,1,24.5802755383536,1,25.549786053368,1,27.6171303892006,1,33.0629804242246,0,30.5555871288271,1,25.8595735603407,1,31.2813982426089,1,33.8039610308751,1,50.5700281803669
1,22.3430719641581,1,24.6559916212253,1,50.2796708110804,1,27.366457622573,1,28.7988725228178,1,34.2392983442846,1,28.3400933764483,1,28.0911771070779,1,30.3850655921814,1,29.5822946347196,1,24.4456810765972,0,18.5101689625041,1,21.1108752552174,1,39.5097362279175,1,22.3507218868544,1,18.812657020265,1,30.644628567578,1,31.8098252149394,1,20.0004597404213,1,29.3900383840551
0,43.9382845238752,1,22.0408728280481,0,35.2391453383577,1,33.8493980367585,1,26.6348515138733,0,17.7970179569809,1,25.4297979058475,1,34.4668960168033,1,30.2592017195949,0,22.3841249665505,1,26.6928997068524,1,35.9043514157762,1,26.7255521039921,0,26.6550112683159,1,26.1404301846201,1,23.9011485911,1,31.0612050804271,1,29.457288554787,1,27.2420284990731,1,38.4981606895077
1,47.7890105541433,0,24.3988345839477,1,34.1548497589733,1,27.4814866310908,1,30.2281631075984,1,21.4030119525699,1,25.9783145452036,1,18.3404859875505,1,22.6730748648557,1,26.3270871422983,1,24.5481222423914,1,27.6703302230007,1,20.4389398168002,1,24.3747576410121,1,21.9718331966067,1,21.2064415049857,1,19.8538245924046,1,20.7984136144534,1,33.2616427781046,1,39.603690882025
1,45.2153711399978,1,78.6077514935108,1,40.4564285870554,1,64.803718562834,1,26.8141275583964,1,29.9311619444465,0,19.5316487082689,1,38.4457551261435,1,18.7038557134452,1,38.5869342326139,1,19.9786454384078,1,20.3018763658747,1,21.0264488627336,1,19.2862112559868,1,29.3202415208213,1,18.3265931162938,1,20.118147558145,1,19.9045195554299,0,27.7623693552,0,22.856589323301
1,36.7369499966352,1,37.9859268254435,1,40.2672641790424,1,19.7095277094109,1,19.4297378641878,0,31.6270643868313,1,30.7483796343791,1,21.9824731576044,1,21.9499294223988,1,26.1909545596192,1,33.7196847476954,1,23.3939642931008,1,21.3909966884325,1,29.5927189486831,1,30.0531238550523,0,34.6751669926295,1,27.9958268361962,1,33.0227312553985,1,23.6307706905021,1,20.1105755028701
1,49.4182395378628,1,31.3269659322516,0,28.6307239755438,1,20.6945662977169,1,18.1431828685587,1,20.2521387600972,0,19.6176764228131,1,26.3944133014637,1,20.2898479052612,1,22.2312457278462,1,18.4257753213197,1,23.4081404623784,1,37.5605481763768,1,18.7783063269047,1,22.0737551911945,1,28.229207747188,1,40.9343328909686,1,20.8956730490548,1,26.508817472578,1,28.9908240868838
1,56.9864350007521,1,44.6425523397059,1,30.2799697704718,1,35.8341885502965,1,35.7428014513845,1,26.4876291706446,0,22.226406559908,1,28.306567897816,1,34.9468581898353,1,30.4396566022261,1,28.4392122995801,0,35.040958772914,1,27.7078080025749,1,35.7754868164891,1,21.787625127404,1,29.4710379397746,0,20.6875218952348,1,23.223062673753,1,28.4439617901008,0,29.1086153366961
1,52.5362349886044,1,36.0364764876008,1,37.2449745262612,1,36.9160259837052,1,19.9182490199599,1,34.3311109454649,1,32.4139883260645,1,33.4667663513336,1,21.9780267218356,1,36.0178149913327,1,35.7312596850788,1,41.8799776915951,1,21.9001684966239,1,24.4303011822637,1,42.8598700659819,1,28.3825742310986,0,39.0049771403615,1,38.8100491002097,1,27.5068666866619,1,31.1902211812244
1,35.9523477946357,1,18.2839248884596,1,23.2811787331562,1,28.1828699500323,1,38.0357750058907,1,22.604312522408,1,29.7157469074797,1,30.3041561688656,1,20.4610054573091,1,28.3459755525599,1,31.3293817076713,1,21.1793144983658,1,26.5139662274108,0,19.6492750655773,1,22.3538056787943,1,23.1611192531263,1,22.3207962501898,1,20.1243969857711,0,21.4523874852381,1,42.2064883868799
1,36.4155247747467,1,30.0956159088091,0,42.0280610136789,1,21.4854848795453,0,22.2657272642694,1,29.0431754192142,1,28.4929900385693,1,36.0142701242235,1,19.3762511603377,1,20.4682955057747,1,22.6531251535257,1,28.7169531194308,1,36.5026174060097,1,21.8486384286998,1,42.9357152359398,1,31.5106116969343,1,19.1960602909037,1,19.9779711498688,1,19.0446283419624,1,21.4382417128468
1,43.6978078810573,0,39.3380064838275,1,24.93843575491,0,28.301088248389,0,27.0445670588999,1,26.7577060036916,1,18.5544109019175,1,18.7517744075772,1,20.2742685749456,1,18.8079864135879,1,19.5930398999686,1,18.6592789058484,1,18.7655663958745,1,27.5759582643741,1,20.217305324569,1,18.5499825273288,1,42.2324981595088,1,18.9438038529798,0,25.7974854796276,1,25.4252886125954
1,64.2131680498365,1,31.6369548837338,1,31.7120017962544,1,27.4618757415923,1,26.672598327929,1,27.6506201032031,1,19.797641185339,1,19.3216003637164,1,21.0523405411711,1,21.4542838038808,1,17.8051837484985,1,23.3435425883189,1,18.8133527003249,1,20.7079110108463,1,19.4067956133911,1,21.8455021199108,1,21.447719480129,1,19.6292491903341,1,29.0326150627457,1,28.8405204614554
1,42.4364068784744,1,38.014732361581,1,24.5315862567429,1,29.0884907670217,1,34.0368506509254,1,20.0821260651335,1,33.384647206289,0,30.2128620865809,1,23.7711917720931,1,34.4965632827438,1,31.7264493442357,1,34.2179560576854,0,29.3756767471445,0,23.6309660962979,1,28.510168415273,1,29.2482634007563,1,35.7044338079618,1,26.6556054484666,1,31.5511534048884,1,39.100755453109
1,57.5617519336126,1,36.6594699036583,1,34.9082746798032,1,23.5465292217994,1,28.0494369395985,0,18.2777672767618,1,32.1902251381486,1,32.9776055099254,1,30.0234053824691,1,20.0940198424521,1,20.5398901987916,1,29.1587753317669,1,21.2988061588655,1,29.589861619689,1,20.3598555762798,1,19.7834396392687,1,21.731229607814,1,23.7471575486272,0,20.0250599793166,1,21.6351537990959
1,43.9107108613334,1,37.5708578913314,0,27.4722005886226,1,27.5492234691832,1,19.0664233886332,1,22.4368613082933,1,38.4764233603973,1,42.2146050496113,0,20.3119707515842,1,20.6873099099908,1,20.6571191295658,1,20.4057600476295,1,20.6462294213728,1,19.4073676654305,1,21.6780845216042,1,29.878266814644,1,34.0633257111541,1,21.0769460750723,1,37.2390658964357,1,27.8942042265085
1,47.6560834416738,0,35.992047924662,0,29.3214987356081,0,21.5057296930927,0,20.2431744070132,1,22.3956784794443,1,19.3489991373946,1,34.5082418979376,1,20.0801509927586,1,17.9407575268592,1,20.5234381782904,1,19.8981596521309,1,19.3000961651786,0,36.5316587124627,1,18.8816092694189,1,20.1466952791787,1,32.1860514283282,1,30.0187253733345,1,35.596902320076,1,19.7886017310719
1,41.5430930753918,1,28.3027595095236,0,23.1176467667023,1,27.6215554635499,1,27.6264682509007,1,29.2759586463173,0,19.9954529125331,1,20.3649660392428,1,19.1079670299655,1,19.0331898323304,1,38.0523578942142,1,19.2853436151353,1,27.0220280990137,1,22.5951913735051,1,20.6907122626324,1,20.4896406661285,1,31.0706954255976,1,19.0416391179766,1,38.3900202346169,1,30.1086303581643
1,43.1599618952462,1,20.7498305336459,1,28.1396216044072,1,38.0537531817609,1,17.9723004425814,1,20.1397771058685,1,27.7090060162126,1,32.5811166235931,1,40.8547146796454,0,22.4821194304586,1,24.855426988322,1,42.44241092366,1,27.6471359286438,0,27.2388882530529,0,21.7016043563859,0,19.7505882889455,1,18.8930396196355,1,17.3689661996866,1,20.0213576248201,1,29.7195753792368
1,42.1587445582102,1,40.7072341674138,1,20.4401998554328,1,17.4853333569979,1,28.0988038632587,1,23.9798398203996,1,25.3661084249633,1,33.2105920506855,1,32.8097743491264,1,27.5278919707611,1,18.7019476598632,1,18.9617167129367,1,40.1420382489388,1,32.1376124704328,1,22.6780780220105,1,34.2398280736397,1,19.2541601302721,1,32.8610848923961,1,34.4113396805732,1,27.8450195492146
1,50.138554145561,1,30.8312536191362,1,29.0184378197413,1,33.410564322173,1,23.9072968906731,1,25.3905878545242,1,36.7474260580695,1,25.4171586175284,1,29.754461143763,1,25.0493766278434,1,28.393899241567,1,51.2301926515974,1,43.9537170983055,1,33.3647880163303,1,27.273608346973,1,24.1561024204599,1,29.9763289945388,1,37.4450157410188,1,26.1529087129127,1,24.6418649921686
1,38.7089229511273,1,32.0986861983063,1,30.6264001720314,1,29.098998046994,1,19.6342578703863,1,25.9972163008659,1,21.6104732003893,1,25.9166311299921,1,20.7600079997202,0,19.877826257403,1,28.8917431912328,1,21.9073157516735,0,19.8066124301822,1,21.6039248590981,0,18.371018867002,1,20.6898221673917,1,19.6249897087247,0,21.1947582423694,1,19.6934118167088,1,28.4917079837432
1,38.9841148309419,1,30.7031870008003,1,37.9257797553284,1,32.6672538652602,1,49.129826099975,1,22.6672014297708,1,46.7190177638881,1,20.9644245936987,1,28.9336060725266,1,23.22965257441,1,32.2662849506236,1,26.4388336381892,0,32.3321945039528,1,41.5776185641723,1,22.6315332946429,0,23.0577068673487,1,25.6901289793074,1,21.3674123108345,1,20.3115498314186,1,31.7596616800962
1,40.3727886884131,1,22.0036728445613,1,35.518759181451,1,20.3538717995967,0,21.6645718371768,1,33.4259898706251,1,20.3137335111012,1,40.0229829151573,1,35.242423169977,1,43.7080174716911,1,34.3386091755766,1,41.5734828357309,1,23.5389904325137,1,23.2374457493701,1,29.9401938500664,1,23.1972153745534,1,24.6630366617693,1,29.7888323737968,1,21.1221716171239,1,32.0410718091144
1,52.1699150038501,1,36.9915000648434,1,32.2768724260395,0,36.9328763524018,1,25.9436776721149,1,29.2525264115511,1,26.8575140610653,1,25.634159281939,1,23.7518623258012,1,33.7649899930926,1,36.8795467414943,1,25.0560519951626,1,18.3133503065543,1,18.7362321108924,1,23.1072206938164,1,27.0204649483067,1,24.6200066046313,1,30.0156827941312,1,20.8817462504258,0,18.8357795263669
1,40.5510009886888,1,44.3075585605819,1,28.4501532346043,1,28.5523375542858,1,25.5291334755636,1,19.9756975743543,1,25.4123766198615,1,30.6742898174945,1,31.3187140637447,1,31.558148960603,1,31.1797934851179,1,22.7176899273309,1,26.812031408917,1,33.0008622948292,1,28.1788952668155,1,41.0934867855864,1,51.3253568417529,1,20.8814890906101,1,37.5254021667239,1,46.4963642906941
1,48.6807035414393,1,31.3614816768599,1,24.5073684003857,0,21.6373204202934,1,21.0621669675252,1,22.9030003132924,0,18.8014761903463,1,20.3522885944253,1,21.3401199934918,0,31.7266207145689,1,22.3912616909605,1,33.5944681375632,1,21.1017603726843,1,21.8722351426866,1,19.2613083069601,1,20.6103605142027,1,44.0946133836628,1,18.6067048353984,1,21.6304380368125,1,36.2225735762781
1,36.7718805973933,1,59.3977538194644,0,19.492048962732,1,47.203939835481,1,54.9585083280338,1,31.6693492861001,1,20.7931541200817,1,22.1730796685169,1,19.8449460967956,1,25.433691558811,1,33.9284799403551,1,33.133265873928,0,17.9197184889492,1,30.3936047769324,1,53.6739104521447,1,43.4810139884119,1,28.0238912118778,1,31.085369360168,1,23.7745084949892,0,29.012251143799
0,40.5091864752838,1,20.35316922592,1,45.7269384545765,1,24.3816132493011,1,37.9009594205028,1,29.2214179076418,1,29.3835322332585,1,28.0552989626262,1,23.759474794357,1,40.5859034258181,1,34.9670030459115,1,28.6260961147737,1,56.4407788133165,1,40.6293238503598,1,44.3971813613034,1,31.0727224969678,1,30.2559159668846,1,46.4872981481517,1,20.0504755543555,1,42.229784675053
1,45.607925886905,1,33.6193700863918,1,19.8769823104795,1,26.1939476688704,1,30.3532141375795,1,30.2468928004343,1,22.6473924752947,1,28.3494756379253,1,26.7712887566735,1,18.9891554776451,1,28.8527979714397,1,27.8870309986303,1,28.9048167360873,1,27.1914989626834,1,25.6066625845677,1,24.4558857809507,1,19.878039751758,1,22.6498090692493,0,19.5278190679855,1,26.1246070285703
1,56.0805526217146,1,27.6373380329856,1,23.7922244267392,0,22.8274078622291,1,28.0907749765339,1,36.5270313121249,1,21.708770630852,1,35.4562289624873,1,20.2345863545897,1,29.767233036091,1,29.0986015861266,1,22.311969493488,1,37.2332266532983,1,42.5979863042594,1,29.1375235172709,1,27.4260482077413,1,34.8169800187016,1,38.8903247405954,1,31.1589108562818,1,26.248188872526
1,39.4277159722187,1,40.8767346741979,1,29.8328684406366,1,29.5219980105376,1,23.5904622431895,1,29.256848073745,1,30.8941300072837,1,21.0223696179573,1,20.7328832156489,1,20.3587846435845,1,20.2022030392803,1,20.0849545441883,1,20.837347143057,1,20.2481067452196,1,48.4388274853576,1,18.977618669363,1,34.5877645924998,1,39.4705836912579,0,20.4602240729343,1,27.5992238138642
1,53.3848443986169,0,29.6912433185965,1,27.8855794026051,1,34.1345190349836,1,23.4967028306083,1,37.3151114668459,1,18.7610822037908,1,20.5518515494425,1,29.5031482537051,1,20.3026794141112,1,22.816876033867,1,20.7017769553285,0,20.0767174156782,1,20.4427452872456,1,31.9411458265983,1,20.1689544492837,1,22.0601590437735,1,23.76462161962,1,21.1714795168816,1,19.309103270132
1,66.0446268755775,1,19.4477500443603,1,32.1197266996132,1,18.7022289192379,0,19.9311194104723,1,28.5896281447064,1,24.8850322727469,1,27.5793441862444,1,30.4305512372945,1,30.700830166717,1,31.5512930174666,1,45.0347882754192,1,26.5445414748894,1,19.3125053960118,1,32.6140494509904,1,20.3786504368659,1,37.926263267322,1,25.1005365367913,1,21.4127237933985,1,21.1293313520474
1,62.5868240990125,0,31.029311752437,1,20.8492095638399,1,22.7422105743141,1,19.7135648248599,1,31.4255746189703,1,17.8426653450608,1,31.3239012092603,1,48.0997214354316,1,21.6251130193939,1,21.0212235370721,1,17.6257372104405,1,31.4109954492431,1,31.4105201279032,1,31.1856393383889,0,31.662843653529,1,30.3275506707047,1,19.942745112673,1,22.0971012461229,1,33.1847213278885
1,62.0613940168391,1,49.7364372876891,1,26.105182946078,0,25.7016411407842,1,22.6704837903781,1,23.7263971779555,1,28.0117162657745,1,28.2704519811682,1,28.5537493454202,1,19.7881619500758,1,28.9636601870947,1,36.7094000342884,1,42.1510839082462,1,32.0296372959219,0,28.2227935291073,0,37.278527723869,1,41.8599390684984,1,25.1715063793987,1,30.3398909758727,1,37.2038148437378
1,36.0673286287672,1,59.3420355711194,1,23.847730692104,1,37.042997510126,1,36.3806816200564,1,58.1559609576829,1,30.2258487229758,1,31.1889119209357,1,29.8198090841238,1,42.9271675484106,0,21.7060307839337,1,39.6833391538061,1,44.8407146072581,1,44.690032985538,1,28.8142186004008,1,30.1545720833807,1,25.538115283661,1,28.6854483089106,1,45.2573065080427,1,32.673619379179
1,34.0230031069391,1,35.9550378528704,1,29.2896220733914,1,20.0144757818141,1,23.7859701470015,1,23.5992295982497,1,21.5997854272011,1,35.5456763132739,0,37.0114385319348,1,28.8294186541759,1,35.6637970902725,1,25.9795542625968,1,20.013893532324,1,28.3967182741862,1,36.3050616328746,1,22.0739120957063,1,27.4642981247064,1,23.1422664971478,1,21.1822270995063,1,30.4120142971117
1,46.0897085420943,1,26.6752764627524,1,19.6126314211217,1,22.2952838172999,1,36.144864188319,1,20.4088043745836,1,21.8053044979335,1,22.340093619524,1,22.6824257890248,0,22.0425978616405,1,40.2803948393198,1,22.3182442746597,0,34.2683355143457,1,29.3489181465253,1,38.1518482435087,1,33.7791357479389,1,24.5191779589427,1,23.8847288955232,1,23.1959007670389,1,25.556684548637
1,42.3923846677124,1,33.5991949747572,1,41.7163549925055,1,27.6746923268422,1,27.251531585853,1,21.0718219850545,1,21.8036335452386,1,19.9577085759617,0,19.6612536513954,1,29.855472575696,1,29.2351892330392,0,20.8303841301777,1,19.5010993568009,1,27.3908973180596,1,20.5774655619267,1,30.3175224155935,1,21.5696556544333,1,27.953149721788,1,27.3132650500399,1,21.3757370448575
1,48.9078930843042,1,41.5128014152354,1,26.6542640530404,1,21.5142187917685,1,19.7107459145752,1,19.8491223677716,1,21.5175546246382,1,24.5202864392858,1,19.3275957758043,1,26.9773396602703,1,21.0579260362115,1,31.2947362209494,1,18.319889883478,1,22.8305019936573,1,17.467112807458,1,19.9997388149995,1,21.0421408573309,1,28.3400380454642,1,32.4114375368448,1,28.821827186455
1,56.0207657535012,1,63.8285311801605,1,55.1133551633472,1,29.854277593617,1,29.354536806978,1,40.21390445089,1,40.4515941288057,1,34.7120626976399,1,24.169631505448,1,29.974941953089,1,34.9906450396544,1,37.2030708346887,1,35.5725158356505,1,31.4178866401055,1,42.8141129419987,1,29.1334356447746,1,39.1236498113876,1,25.2024340041923,1,28.4100764290796,1,34.5778242277632
1,53.6412778923783,0,30.4247939033461,1,40.5866100157153,1,35.7267500413691,1,20.1196211471488,1,22.0441194242314,1,25.2446796676712,1,26.8800727667017,1,18.9681135621268,1,19.2951710708755,1,29.5244606494797,1,23.7338324615566,1,28.3848609883162,1,35.7812755231561,1,48.7317955510792,1,31.6388639280639,1,30.3591385607405,1,26.7843653521688,1,29.4730849884844,1,28.2225065511717
1,36.7876335867286,1,32.1847794012968,1,33.5659012258745,1,35.1475900633198,0,27.4773690810105,1,25.9845613735691,1,35.4680644602619,1,28.9719903480024,1,31.9821588700597,1,32.1764081601928,1,30.754406357306,1,20.3109580128498,1,32.5107570966875,1,18.1817102149826,1,22.6760766546459,1,18.8708487557582,1,19.1684663815511,0,29.9436231492818,1,22.7337541719413,1,23.5922277849728
1,46.2703263493688,1,27.1067425985288,1,45.8299535156747,1,19.5739855237222,1,41.2416005134379,0,23.0551477736175,1,20.2987533471823,1,38.8168799115983,1,18.586178200249,1,23.6787778198781,1,23.5829829060692,0,29.0893207156852,1,21.7666853630535,1,30.3640068947608,1,20.7728393154179,0,19.6703353188789,1,26.5273244645499,0,22.0289149281737,1,19.6624467167845,1,21.9600203339764
1,52.6531515626038,1,39.3190291992073,0,36.2789209090508,1,21.2113603816218,1,30.2769423368767,1,28.3895658532858,1,23.8630959662106,1,30.9932354902236,1,33.4475945376935,1,30.2474648475746,1,20.2986543066063,1,32.9019581120455,1,34.8842574507334,1,27.2479502778724,1,19.3339182015421,1,26.2946411912483,0,34.6636575734693,0,24.8112753199048,1,24.4102321951645,0,27.8916369841115
1,39.2092672276843,1,29.8502944635174,0,22.3752054943442,1,15.0593438009968,1,13.6753311531504,1,18.5711636785331,1,24.8485776402949,0,18.3248412956838,1,21.1597346232546,1,26.8820920925725,0,28.9384862038847,1,20.9533331006157,0,34.4223165186803,1,28.3416106094385,1,18.7964802636814,1,19.7166741634409,1,30.9859372074173,1,21.7318113640163,1,27.8874546712488,0,19.4288902099142
1,45.4413224863555,0,34.6947362355974,1,44.5265792054819,0,30.7347191469037,1,19.4735211286212,0,28.9471125745606,1,25.3278568267153,1,19.8795975637798,1,28.5329435465299,1,33.3954813734378,1,31.8279413224969,1,21.4863323074232,1,20.6359575422619,1,19.8429054946271,0,30.7893243496146,1,20.5808650830801,0,19.2926643516921,1,18.1130262683414,1,24.6349623650153,1,21.0356240810779
1,47.0443710007795,1,37.6665649485868,1,25.7604156401643,1,23.8765898120549,1,33.9780246367892,0,37.0972870800589,1,33.4955637899033,1,23.6039670118959,1,19.0632226716292,1,19.665281724704,1,21.9556949502702,1,27.1596105402051,1,21.8562959435459,1,28.9623109212973,1,40.8297904035182,1,21.1072172693911,0,23.4074179570774,1,20.3546320916759,1,18.0535715038915,1,20.8657001881258
1,34.7546451783506,0,33.6498721083465,1,24.2066329301341,0,35.1645459114927,1,31.5638780921082,1,24.7887754662057,0,30.7445509149797,1,37.3758425265075,1,27.9878775223094,1,47.2717370342714,1,28.3630191252187,1,39.0742074677509,1,25.8982712727894,0,33.2238399898966,1,25.7501242687254,1,32.4945166500345,1,34.4637363559199,1,28.3470420966627,1,29.9992349069317,0,27.0114052490425
1,41.9463351405235,1,53.2091073889102,1,32.5151042926175,1,34.8603130680136,1,32.0681810065753,1,31.4951463315282,1,25.9739891006977,1,25.8391481266379,1,28.4193649843893,1,34.4253504209571,1,40.562938936633,1,32.6685125209792,1,31.9439944057518,1,46.4977892731003,1,28.2120452059904,0,31.0888867268102,1,27.4353617389073,1,37.9388696790528,1,39.2516211465067,0,40.2134442203034
1,30.726656868478,1,40.6354190345398,1,21.3224400630869,1,39.3346974742755,1,26.5158706104679,1,42.5526565084132,1,34.3481347090332,1,34.4831736299299,0,36.3721118047539,1,29.6537052370281,1,37.8719054517977,1,28.0941429133575,1,32.4160872388715,0,41.92889399002,1,25.887898736926,1,32.2230377816904,1,31.761174780578,1,41.7120155988225,1,45.9538798398067,1,24.8751946944038
1,37.1157636356811,1,33.6703898864354,1,31.6599589199549,1,33.6463209129306,1,18.5786542171792,1,33.7611093153433,0,28.2281881706238,1,24.7524039240935,1,28.2367020248054,1,28.9623777519256,1,18.8243599025489,0,34.2371489574456,1,37.5206167487448,1,27.8271405260927,1,22.831548385418,1,38.1446310609935,1,29.4645016434029,1,35.5982065441077,1,21.1154404264119,1,28.7760507866791
1,60.4121657985239,1,31.1391951629294,1,36.4069775729144,0,35.700612075031,1,34.9071823225387,1,18.1464935593538,1,27.1558317577492,1,18.274290220835,1,29.938452145233,1,27.8194214543866,1,21.2982257089253,1,25.2215687779478,0,42.1778940050835,1,30.809106065201,1,24.228104661738,1,20.9017399217353,0,20.247972758214,1,29.0195457000856,1,25.892499209365,1,45.9376760238745
1,42.714409114334,1,51.0235281669773,1,43.1966031014935,1,30.3356554136866,1,31.699530197028,1,22.4814444779625,1,41.2691778693421,0,38.2082771561473,1,35.4746923275421,1,23.1533460598688,1,34.0656510855287,1,28.4819666569192,1,33.0140261944813,0,31.8913571822054,1,22.6038017392771,1,30.1842901311217,1,43.9854882360183,1,19.4296163549408,1,22.8484535784238,1,35.8445488759578
1,60.7288061146122,1,48.5917242599954,1,32.8132006620254,1,24.5437460567023,1,30.9407075448064,1,30.8092629389779,1,21.7725944868494,1,24.3388188464888,1,27.2485375569517,1,31.1581654103779,1,29.6841208045883,1,28.4975731278002,1,24.4987213932413,1,36.008218109701,1,26.5540994645888,1,25.086661446891,1,27.2365604787666,1,31.1041294334169,1,28.7391839057531,1,31.3382384893258
1,43.4727428753304,1,37.1191501129219,1,29.2691769798993,0,26.1917792565361,1,34.8525356943653,1,28.0994845168191,1,27.9649094490201,1,21.7088974599104,1,35.991750705638,0,31.2643228683195,1,28.4032379291085,0,26.1829551616502,1,34.2493784985998,1,23.0376519489413,1,25.2980765023736,0,28.5237570449171,1,30.2486969306144,1,29.9041019383842,1,37.8296325886467,1,19.8657777173914
1,29.9750647914322,1,29.4340520710804,1,27.605624382025,1,30.1181853427506,1,29.1502900823033,0,22.5120739307342,1,19.415803356548,1,23.5297920321247,1,29.602419502162,1,20.6707130968516,1,19.6591273548146,1,30.3401294781071,1,23.4373991209841,1,32.689461690911,1,20.7312190853749,1,28.9297895920317,1,29.4418733887852,1,27.7555085443371,1,28.7364032310513,1,38.9144257289525
1,48.276698063215,1,28.5477718219662,1,24.3505281569233,0,27.528422477791,0,33.9622861705815,1,24.182797263725,0,19.5893222985175,1,21.179301702955,1,24.5596619421934,1,20.1483018051071,1,29.4168781214842,1,21.7716070639193,1,32.0622650162825,1,38.858759255917,1,29.6769938259105,1,32.5427125531989,0,21.7039952459575,0,29.4679000390996,1,26.0275940764673,1,24.3968885388796
1,86.4184559332225,1,51.6059031239203,1,19.4259617228258,1,21.5393429154286,1,29.9664472196869,1,31.9041011652204,0,20.8208350748323,1,49.4530410783368,1,19.3233285571111,0,25.7642983791679,1,26.9180171954878,1,29.3052294750995,1,30.4628151576481,1,20.2875270816532,0,30.623703849512,1,57.9871414186214,1,32.1612973458737,1,24.6737446349327,1,51.7830874883919,1,28.6470044080274
1,35.4344035011353,1,25.1368345258257,1,38.2173858382542,1,32.9600517914628,1,25.6630254245817,1,25.3869206544215,1,18.5479311339757,1,36.4774075907369,1,45.8499751987495,1,19.4120831449656,1,47.6663309251546,1,17.5158162851713,1,21.1258195454944,1,31.928102590643,1,20.8685558069105,1,26.7897496956998,1,37.6115722776153,1,29.2526961709954,1,28.8267814727428,1,27.7089681426128
1,47.2955372632106,0,43.6848611797026,1,21.0836707706715,1,35.7433872218116,1,26.8551678800204,1,20.6465578438585,1,35.426252252708,1,27.1793475234268,1,32.0421897484947,1,33.4328278763784,1,19.898281375075,1,30.8177883596274,1,18.0213880888517,1,18.5496299836615,1,19.45144381171,0,21.1893283476662,1,19.513694760041,1,32.9117530031459,1,18.9964801898535,0,31.3270097954978
1,32.7364203555559,1,36.8983576337168,1,27.4147186092756,0,38.6786302662153,1,48.5699174071579,1,23.7230107415305,0,19.7391018490349,1,39.2781689666727,1,26.4848840297721,1,20.0636432142161,1,21.0890217422024,1,40.4877210303671,1,19.720341998295,1,31.0384255972484,1,30.2711223555451,1,21.5922153125701,1,19.3491385062371,1,25.1709516112142,1,22.8304191629339,1,24.9525921754231
1,43.0071542776569,1,36.9918031079481,1,49.5815640500977,1,28.3799081116711,0,28.6503774854993,1,21.4724756386873,0,23.0888185210051,1,33.4983061886583,1,23.8836820671443,0,41.1103195651282,1,28.0635599446157,1,36.9700322475039,1,31.2000480495071,1,20.8660789086901,1,24.3324516592495,1,27.4990380799362,1,20.6611908594635,1,32.6917468096869,1,25.220736597994,1,24.5192642442068
1,67.6525584465423,1,26.4829550373898,1,24.4877892807681,1,51.8004559036162,1,29.601671023187,1,27.3132606862923,1,19.6732262719958,1,26.165099811824,1,28.8301897988566,1,18.349870599321,1,21.2980771514783,1,19.3042243231594,1,33.404610469213,1,30.1728714508688,1,26.2083377082083,1,38.0234760479091,1,25.2636092894669,1,25.1031542575225,1,27.7887542769936,1,33.3418941991499
1,49.9468076429837,1,30.5956380255842,1,39.512080682591,1,16.7602215420642,1,18.302064097758,1,30.1857084786231,1,19.4466780774244,1,26.5612070359015,1,35.1468436859023,0,25.3205357405463,1,20.51458970811,0,42.2323546235142,0,26.2166603324824,1,38.7924681472796,1,21.1513822789897,1,36.5846963487697,1,34.8919895452725,1,35.6585688567591,0,32.1432857316726,1,30.9157958499281
1,38.7372411531747,1,38.4466088196555,1,32.8870018720476,1,33.9239232948316,1,36.389319130327,1,22.3185555706926,1,28.2735831516731,1,18.2012849415089,1,43.9528795820232,1,23.0305360790089,1,20.0351722829655,1,20.5640233164631,1,27.3163403774197,1,37.2607158169959,1,32.2283332085745,1,18.2842547939867,0,31.7688529213767,1,27.6379350306906,1,33.0669227719746,0,22.2980031567748
1,48.7459966085991,1,36.4471457140253,1,33.6756207014363,1,35.2503867756533,1,30.9203925300633,1,39.9767823870516,1,24.9211469299021,1,36.0412552286412,1,46.8625987919265,1,36.1430478858007,0,21.1719617805101,1,24.6763553655928,1,24.6723853421919,1,24.4567638458044,1,29.3911898933599,0,18.6947505070916,1,21.0727026105648,1,31.8015996222803,1,19.9348923858838,0,30.2183817135746
1,43.8313788494634,1,32.8667811220158,1,45.8149175408619,1,29.1964388639396,1,58.6107591333904,1,20.4684156988095,1,18.5891882809103,1,21.9017857289315,0,19.5386905175362,1,29.7877714519565,1,31.7376554736827,1,29.7873203413156,1,38.3336593911595,1,21.6053983732127,1,30.3774507071682,1,21.2216528371558,1,20.1841034923637,0,29.5075080471255,1,22.9039058976663,1,25.5631125227808
1,54.8179414119781,1,44.7517181186994,1,31.8328927770297,1,26.3540717692736,1,36.4563721590744,1,40.970742433637,0,19.0553688570604,1,26.5699970291209,1,30.4240415459806,1,20.6128255891465,1,20.5137138764006,1,23.1996238207386,1,39.0165827913968,1,24.0081529051187,1,25.2626966716757,1,29.8976931973338,1,19.3612868085702,1,26.8967545239374,1,28.1422627037848,1,20.4279322729968
1,52.5855772603331,1,45.3267234718495,0,27.3654486253592,1,30.8073554320718,1,33.2373261319755,1,39.8168477886791,1,40.1465693012364,0,32.7160143724512,0,29.6376093332309,1,29.0263102465884,1,29.6093481372914,1,31.0084514806831,1,33.9060704948113,0,23.364592612382,1,24.146649319596,1,23.6667233677666,1,29.929181066859,1,39.4511685590976,1,29.0563413062161,1,24.7984188817816
1,50.5524220395668,1,42.2652470214095,1,33.0535923262146,0,28.4439555385609,1,25.7876506220156,1,30.1379528204759,1,37.1809816688499,1,31.0406987963473,1,25.9258567174148,0,21.1592630680125,1,17.5270501662847,1,20.4213106982244,1,32.3625218048779,0,19.2481252838047,0,20.8493941388152,1,27.9520814280462,1,19.7122228474029,1,18.871636097478,1,20.799749711412,1,36.0190035452612
1,69.3730667372458,1,36.3777076457153,1,23.6609768039818,1,35.468431825449,0,30.0237652536596,1,27.8264407581811,1,22.9012698811665,1,22.3380695257323,1,36.4242445398541,1,28.0651840208394,1,20.6233693360778,0,34.3469316479745,1,21.3017954484999,1,19.3702661373279,1,27.0203307616579,1,20.3971219518665,1,21.5025028886438,1,19.9677761159692,1,39.6733155671619,1,21.0063062465965
1,36.9871192016557,1,34.2695393616573,1,50.6323246610252,1,34.7406142261897,1,38.7800305219169,1,30.6067702366039,1,43.7431013861214,1,20.5276924982834,1,23.0373371488938,1,24.3041438501478,1,28.9867669375417,0,31.8890510138163,1,20.8113687232995,0,32.0645097371355,1,29.1205288693418,1,32.3026880332349,0,21.4554374060069,1,38.1181243188246,1,37.9873559801216,0,29.6432044598349
1,35.2887840071937,1,23.1503290425316,1,29.4886611889267,1,15.5619038474924,1,22.8043846343304,1,21.4233902871946,1,35.8228785628778,1,26.2911050681492,1,20.8547415398847,1,20.0577762161586,0,18.7515829391515,1,19.294408207228,1,22.4591463635283,1,26.6012653603321,1,26.1663946910317,1,30.4990700040774,1,25.9136374391829,1,25.8439326307252,1,20.9249630080707,1,20.1926919650781
1,48.4920065251644,1,35.1404883800176,1,28.6259343290754,1,25.0824840833071,1,21.6852071017078,1,21.7480807629371,1,42.214834982582,1,26.8501303343031,1,17.6464429208364,1,27.8379311911773,1,27.9726278286456,1,28.3360811279403,1,19.1456156489978,1,27.7872255078153,1,30.5118447076444,0,22.9414588489011,1,19.9379865782011,1,21.2150334268327,1,19.9044981889202,1,17.8220019186892
1,54.2291984057299,1,21.4093322045184,1,38.4632320972515,1,30.322203299465,1,41.6174701760618,1,23.3585553633651,1,24.7856940559557,1,30.5736186793113,1,33.2604272330004,1,35.5937500097382,1,40.8422302252038,1,30.3755376161451,1,29.6963940978564,1,30.495887095137,1,29.1844135420258,1,29.6511979062968,1,31.48080938827,1,40.2587820531067,1,43.3989306062304,0,37.4081532797998
1,52.0563380469639,1,35.9250391045874,1,34.5130229559647,0,30.3108669819142,1,32.7724823189528,1,36.2277801895639,1,36.0988353831006,0,25.8666096938267,1,43.9881144136214,1,40.1424755950291,1,38.0167985531398,1,32.0935030268767,1,29.3399600205722,0,34.9906829794792,1,42.100002571211,1,21.7707692892811,1,30.1703567914942,1,41.3878582578206,1,33.089698377262,1,41.0731687802673
1,52.0075896085418,1,39.5574135297786,1,30.351290680469,0,30.4289771415707,1,31.9093392594493,1,36.0373490196948,1,31.5621359365251,1,30.1885889334745,0,35.9582920704884,1,36.1695418265701,1,26.6569902288115,1,29.2189048372958,1,34.9557399520763,1,35.557865042417,1,19.8344204040092,1,23.3627215649255,1,21.3856785756414,1,20.6858002129152,1,23.1528327971227,0,20.9692596236196
1,36.1465224607624,1,25.75013105235,1,25.2887699418847,1,24.3853384366204,1,17.9206988672225,1,30.4152123276912,0,17.9522213801906,1,24.0077127857241,1,22.558960382692,1,21.9735815412173,1,19.2668801378305,1,28.2983218215178,1,22.5397504454622,1,20.4221828168235,1,19.701810159165,1,22.1872753824843,1,18.9931497993317,0,19.6534230780335,1,32.02791897151,1,28.1297786402858
1,48.4208037201531,1,27.7458612174086,0,24.2042401881222,1,31.4813642447146,1,16.9267491071052,1,32.3889977027565,1,26.2960558498076,1,24.39410094703,1,20.3739251986983,1,20.4913073522472,1,21.3162762028493,1,20.3571542802385,1,29.1693592254218,1,18.9802601144529,1,21.1355141955124,1,27.858566977931,1,20.5593150863292,1,19.8274960351206,1,24.8742573423923,1,26.2448161423975
1,44.1757024900172,1,20.1840279439696,1,43.3441748600302,1,40.2224411828989,1,45.7134628000186,0,17.8425898576217,0,29.5101519385535,0,29.0052180328857,1,33.8253409805129,1,26.3530123901812,1,32.8125401147648,1,18.2660327695493,1,23.2709406854241,1,26.1701030128321,1,26.4690292094623,1,33.6145677455588,1,31.499409304626,1,28.0764439432772,1,43.3997744798161,1,21.5239425373267
1,26.3657078807466,1,35.6973877906375,1,24.6933444660289,1,22.2035596265155,1,34.0181774190609,1,36.4145557691173,1,25.6817958829847,1,25.0555095895914,1,38.0839305958237,1,19.1252006759435,1,48.9859440262539,1,28.9316034177544,1,19.1921059209551,1,28.7789818110257,1,28.4110382761881,1,33.5837556947786,1,24.9669300901907,1,33.7328716800815,1,31.7284820649605,1,22.829540154533
1,34.7429541277849,1,30.4962267491491,1,35.9127393356832,1,19.5789010077165,1,40.9134754999551,1,40.5648186836014,1,21.1381878481963,1,40.3954067921094,1,27.6162402824717,1,41.3456835044289,1,35.7411043809506,1,29.5631158470428,1,20.4363287288417,1,23.17050158803,1,24.9026429644956,1,27.3700192360271,1,38.3769032009159,1,34.4765060555204,1,21.815759317785,1,34.485271586935
1,44.824846183276,1,22.1819791025431,0,23.776907367649,1,17.811802424771,1,20.9730760928668,1,29.2403685084208,1,16.465719987185,0,27.5062790929765,1,37.2083128150432,1,35.130724125982,1,30.7124426260048,1,29.6953508592201,1,28.2367701243682,1,20.7371525897073,1,29.2309598782221,1,31.7035566877256,1,20.2087970032468,1,29.9592571126454,1,21.7549556038695,1,19.9263610891319
1,41.8662449719828,1,35.207355531775,1,27.0048726015498,1,22.029197668933,1,39.2308990199092,1,22.5363267007346,1,30.7254069782462,1,37.5127245419626,1,19.1884192358727,1,18.2487314888302,1,19.8094232581913,1,20.2441176089004,1,18.5706946434948,1,20.6754055451209,1,42.1045134690354,1,18.6220562884368,1,30.4872112945384,0,19.1595653856996,1,19.7319575500368,1,19.5515101387932
0,38.7325082366652,1,22.5218505495298,1,25.9310262855612,1,18.8017652716892,1,24.525464837235,1,47.0768984344021,0,22.3393834661816,1,44.0676711592416,1,26.9650842904147,1,20.4033441802262,1,31.5348979861344,1,32.2994898327459,1,43.1211363832054,0,28.6754330040994,1,22.5339005043013,1,26.6507652772199,1,30.3674589765523,1,28.8126185827275,1,33.1556859236221,1,21.7194635572042
1,49.1629754916149,0,40.3930187909666,1,28.6965144335085,1,21.0521902001366,1,45.7281249981341,1,23.4068310168675,1,43.2163795248471,1,30.0390556555415,1,22.3087574343716,1,22.3814299735603,1,29.4460128342278,0,19.8720097849541,1,39.3848008997876,1,18.7043804982576,1,28.9959076853961,1,30.9131308139172,1,35.453287233583,1,36.1703696232476,0,32.3327829569115,1,21.7843147312128
1,34.9295899972091,0,23.2865515881739,1,32.4135985024058,1,22.5108318510877,1,27.546173503893,0,19.5341571492997,1,36.1581128858705,1,27.1885246291827,1,21.0654919370887,1,18.3763781477067,1,22.0260598898869,1,21.1985332174617,1,21.3562049397384,1,27.7747411724006,1,30.4980135507657,1,38.4329192108665,1,30.0548922330983,1,29.9742654277189,1,32.5608530419008,1,30.7899022397323
1,44.4156220518742,1,28.7216023400589,1,31.9026681540942,1,28.5006576632665,1,30.0713488570735,1,38.0701836670307,1,36.0558190696959,1,25.0412112438465,1,25.9465202389205,1,31.3313581833214,1,26.4558074717753,1,22.0540795946005,1,23.8794207066537,1,27.6687473683846,1,32.5139520563353,1,44.4794073150296,1,31.7711962426616,1,31.6286859184356,1,31.4816681758831,1,23.7878569639535
1,57.1450007039349,1,28.2622702116725,1,28.2864991957284,1,47.322166082391,1,43.9655137958595,1,32.8693484267631,0,25.6473856842715,1,34.1700373126179,1,27.4236266138448,1,30.2867603683876,1,31.5526904378641,1,30.0330441461379,1,28.5050130916544,1,27.348871234746,1,26.959173647914,1,31.1286627741893,1,46.1627914606453,1,28.2146664687092,0,34.9415438396414,1,29.2275744324789
1,28.2271401804525,1,37.5360194292092,1,30.0161570971459,1,27.9319407264692,1,19.6102930925677,1,28.8024844794964,1,30.2763078843481,1,41.0572043154069,1,28.2719732914142,1,31.1760893241251,1,37.423296155007,1,33.7721359494018,1,41.0595118795329,1,29.3320606452006,1,20.4835000908883,1,38.2545575309823,1,40.3501207793125,1,24.6641484524962,1,26.1057541296643,1,27.8521344234475
1,35.9742259031983,1,29.4747459506064,1,36.4025018903689,1,34.5185620223334,1,29.4863647009164,1,28.9402290456582,1,35.2969691447777,1,18.4080381908793,1,19.1114750174909,1,43.6539426443149,1,19.5828754148201,1,27.6212234538038,1,29.0018607669313,0,20.7727746258794,1,19.9355618170579,1,20.5340164137434,1,20.5937686471304,1,25.1332978248594,0,19.3662202576379,1,40.0347336600681
1,65.4371764292158,1,17.1513479067696,1,30.3916370577337,1,28.1763985643496,1,21.4793292840982,1,28.9189709695967,1,36.3799581885055,1,22.2455989386674,1,28.406757408279,1,24.1708069673194,1,19.562801382032,1,33.9943702798201,1,23.7452980679478,1,27.125018382646,1,38.7768480964816,1,26.6717858860943,1,23.8770607830262,0,21.2299094650521,1,44.3843751425277,1,34.6689115187596
1,41.4611342340768,1,28.0946877129682,1,19.9388280217712,1,18.8634647714404,0,21.0681588070225,1,38.9675503399229,1,21.0848798643324,1,20.0568826446232,1,20.8961465935306,1,39.4410093230733,1,18.9920194980608,1,33.9358400909943,0,19.2408868875153,1,17.2692681805137,1,19.0168962795792,1,17.69930801989,0,34.8571547514628,1,19.5623777622256,1,18.2434590636939,1,19.4676866130582
1,58.870648654552,1,39.4229721149993,1,40.1698212655547,1,23.5072274134165,1,39.0642498512859,0,25.6797194969555,1,27.4683740476108,1,18.3844445620448,1,18.9467549148963,1,20.8433173168035,1,19.4908864213619,1,28.662023126631,1,22.1175626075169,1,21.0124647723718,1,22.1793970371537,1,19.2434278217965,1,17.0684118866031,1,19.4444228220131,1,18.3391031390479,1,19.6268836722362
1,45.8493394087337,1,36.8417572798867,1,26.8591324119204,1,21.3386349105999,1,21.03496664162,1,28.9653716430185,1,17.5945243987623,1,17.9614005855479,1,21.5861037328182,1,19.8212797247588,1,31.3833678198744,1,19.6672097427965,1,30.0611189629819,1,26.5911784223389,1,30.5858859632652,0,22.2352411645154,1,33.1292560825149,1,26.0959739826898,1,23.1162928792183,1,19.7891309881698
1,43.7508639539393,1,29.9004063953178,0,17.9961000015208,1,33.2114444475743,1,23.3838487201863,1,24.5815123932535,1,21.8279152689766,1,30.1282444914489,1,19.9448250649953,1,31.6100598733052,1,36.5790255896601,1,20.2649013915859,1,20.749815477029,1,21.7918651950098,1,21.7994863609701,1,32.4558377896104,0,19.3161435379301,0,23.9625909016503,1,35.1996953816806,1,25.0248585455274
1,53.0906393593335,1,55.2977343160332,1,34.2537583195697,1,30.2002095928422,1,32.7647740933597,1,24.9139797466471,1,30.7788606820264,1,33.0765190585083,1,21.9435591312415,1,25.0228736204636,1,26.1723154414242,0,20.4220033749002,1,21.6063251527507,1,20.2293971259433,1,24.2771829551082,1,21.8604432677492,1,21.4508074820103,1,17.5441263917932,1,19.7112749035529,1,18.625312061792
1,49.8497132712094,1,30.3668267449086,1,44.4869387583219,1,29.4022098511275,1,16.3418890199155,1,38.4331861222336,1,20.4746982341869,1,21.1912913131018,1,51.5473948613633,1,47.9416345983746,1,36.863727971153,1,20.4489909899761,1,41.3233677077698,0,33.2343713065239,1,32.120123317136,1,20.1095487989518,1,30.2139070641535,1,31.6145935108696,1,28.3943995582183,1,31.992973878812
1,44.8258479819228,1,50.8398377493184,1,33.368447010051,1,21.3385029113775,1,53.8438512444564,0,26.2254082669803,1,24.0933649825387,1,31.6350777174531,1,30.525342008773,1,48.7880061699548,1,28.3425377487226,1,21.7347415077672,1,28.807401983074,1,56.1473812669794,1,27.5040800493082,1,21.2660656447762,1,20.2981568460758,1,31.3522676238491,1,38.6305707901287,1,29.6074914128017
1,50.0553399352071,1,27.2040724771351,1,29.6054328616092,1,36.6925796183007,1,35.9588109927505,1,31.362864749415,1,38.4579206519066,1,35.518432895064,1,27.9202795689525,1,28.4232056024361,1,31.1433747076995,1,20.3561480395051,1,38.8004059160097,1,33.4495205943444,1,40.8701678223677,1,20.4729212408292,1,30.3692475238336,0,24.4788305790199,1,20.3224912566812,1,23.2676997436832
1,65.3835946104743,1,28.0057216082444,1,29.2664618438119,1,41.641432195973,1,32.8370974995581,1,34.5900565868361,0,20.6540373142006,1,21.9247196960629,1,32.3154659580709,1,22.2268265213157,1,43.1428639608853,1,19.2907206598108,1,21.3498585554531,1,34.6366483860019,1,27.3537503483494,1,23.8037959538426,1,21.052425654756,0,19.7035333208658,0,19.1147264130251,1,31.3115658260989
1,37.0480609426009,1,31.3896947867777,1,17.0081631158133,1,25.6508958422435,1,30.8068497444529,1,26.1912383914805,0,31.5814492531641,1,31.7024468304533,1,30.6970581620743,1,41.4508563780698,1,29.0325560180386,0,39.3470257454949,1,40.7616285369075,1,33.2207045946473,0,38.5481169284944,1,24.7063792550958,1,40.2058999072394,0,28.240081464637,1,37.4463578266079,1,20.8753086865891
1,45.0107672780806,1,34.8844812868949,1,43.797266978329,1,33.1097948925387,0,33.9745110554172,1,20.5524267520287,1,28.553159352605,1,26.3672143815397,0,23.4318509967934,1,42.1002428776058,1,22.7197849277863,1,20.5032296728249,1,27.2525254475938,1,24.528502534772,1,30.4430066031931,1,25.8297250296908,1,34.0428791619831,1,19.1151186985611,1,26.6611749765388,1,21.3939196525092
1,46.5759762254448,1,32.1406703073508,0,27.6501266390844,1,24.5233788511019,1,25.3450500320815,1,33.0254140496071,1,17.0082676656819,1,32.5494630250473,1,18.999928547423,1,21.0489911497901,1,34.2075064529212,1,22.9670448393761,1,22.0312564517565,1,37.5190513763937,1,25.726934391601,1,21.7121586987756,1,25.6358396242301,1,28.7485204836493,1,29.8090548761314,1,40.1056264019469
1,36.2447851568167,1,52.8157366073848,1,24.5820624280555,1,42.9298424448658,1,29.3467437004958,1,27.715704251029,0,31.7036914740436,1,30.2211075578495,1,37.1787036865477,1,27.8413201379604,1,34.5691215289831,1,24.1381559867861,1,29.8864161766351,1,31.5779812361152,0,31.8302875780691,1,25.5769530045035,1,32.3304283263104,1,36.6054318784145,1,27.825590061813,1,22.774394832491
1,56.2261694896133,1,58.5085655752605,1,28.5777445879871,1,35.7920843385358,1,27.0137949133581,1,34.6684802986811,1,22.2006357713041,0,22.2754263873768,1,27.1105008769958,1,30.1552488989605,1,27.3451794491224,1,36.131506169366,1,26.7526975569926,1,39.1192915163145,1,41.631717458697,1,22.1307857710183,1,38.4838894144324,1,28.1729707363491,1,23.6121058189194,1,34.3930363630968
1,32.6234653936699,1,38.2142255246356,1,41.2277131196092,1,33.9604605916663,1,40.7088455837876,1,23.9256273143466,1,30.3909165803577,1,27.1600102033194,1,31.9820734329151,1,27.1808099172139,1,22.9679774192532,1,27.4469604704137,1,25.2809118458558,1,31.2867184934133,1,21.8979198908012,1,31.7150947619136,0,25.633909679298,1,27.9920444986444,1,37.4438684160215,1,40.0110692284638
1,51.8194751120108,1,26.9481950624294,1,29.6207935955579,1,22.7263641015364,1,26.1359223587987,0,26.9354077656691,1,28.9444230776689,1,18.5401663149461,0,18.9367472668009,1,32.9198348301412,0,19.9122866254995,1,18.3037895896784,1,21.3909742134801,1,20.7147303726475,1,20.4670031253262,1,18.2642176869262,0,21.7963777117868,1,19.5962671907497,1,19.5531818041346,1,19.5493658240571
1,72.6561156414037,1,49.8021058826695,1,39.1437661804153,1,31.6224563816395,0,25.1279362112297,1,29.4926943184747,1,23.9814542021049,1,18.8534506752218,1,40.0011360794286,1,18.0109684531417,1,25.7108189244212,1,19.8892506740628,1,20.9161342013563,1,21.9662905868942,1,19.5835252928754,1,20.6933294718386,1,21.7147342022688,1,30.6749830723569,0,35.6569284751395,1,20.5441858792294
1,39.7197224400556,1,32.9881419824772,1,29.1614817757237,1,29.7352356219352,1,20.2344905371286,1,23.4907473041298,0,28.6033681710609,1,30.5895283174964,0,27.881942060129,1,36.4286344703091,1,30.1291781271168,1,27.0948621590208,1,39.7445784811054,1,20.9010966391002,1,32.7574686949036,1,23.1351608404858,1,32.2278225565378,1,22.5425250082527,1,30.1835053217512,1,31.3511549903944
1,45.2709514874698,1,22.5672967284053,1,29.2331253581593,1,36.6914415195587,0,27.7399648744364,1,21.4224692395314,1,28.6001961404688,1,32.9160724502391,1,27.7712748077904,1,34.4142858828449,1,29.3940245406577,1,33.6804003913785,1,26.8929546288294,1,27.4408047783994,1,32.2813173964962,1,33.8515276613567,1,27.8347832003448,1,29.9461690892045,1,29.5894435476904,1,52.0888966148942
1,37.6996280329529,1,33.7076412545144,1,19.4252576229576,1,19.2728471533446,1,26.9799159540031,1,20.6050512110941,1,26.5161152331528,1,29.9363197050694,1,27.1670476061095,0,27.8565341817222,1,27.4744402870189,1,27.2529079246186,1,30.1160545182102,1,36.8314498488309,1,34.0257485367205,0,29.1888252326556,1,33.0100087446556,1,36.7599896608928,1,27.9026637193246,1,34.07658760864
1,40.3925799748295,1,53.9193673546011,1,37.8706241185509,1,25.8691133058561,1,19.6857593852092,1,45.4953095354676,0,29.0036444546669,1,34.3748277405528,1,39.3186223770034,0,29.6667311791516,1,31.3884784866973,1,24.2345704338893,1,31.2754479987077,1,30.7070224164864,0,25.7751764003173,1,29.0909359889993,1,31.2269114383803,1,28.7474931892006,1,36.9827398966616,1,36.9579495197206
1,45.3423012629177,1,17.6820719559935,1,35.3997171596634,1,33.9007079841805,1,24.6235012043253,1,35.7218154105705,1,28.1031250338023,0,22.8008724716737,1,46.7724821533928,1,45.8499799995978,0,23.7061765244621,1,32.208816561402,1,21.8901106582986,1,31.9202430261174,1,19.0013217640295,0,19.9911048425031,1,20.1543750748757,0,19.0021555505574,1,18.82694431282,1,17.0195794185559
1,41.9526093258759,1,54.559699781905,1,54.2879789913893,1,56.887939612932,1,25.4587141161766,1,41.5756737629713,1,27.7490031136506,0,55.4936381317696,1,73.3273097861983,0,28.2486071695359,1,37.1362763889467,1,28.0743500346582,1,40.8633145097926,1,41.2149902498123,1,33.7414147703023,1,27.4558629388902,1,25.2458379783384,1,30.274853087274,1,22.0081249589503,1,24.2686314944691
1,46.4288378780961,1,18.5131909208973,0,30.0550323666675,1,25.3310935922481,1,32.7238748428251,1,34.2782695241027,1,24.0315168967476,1,21.015410716973,1,26.5153856582135,1,40.1355761964928,1,24.5644669064471,1,29.0821004149928,1,27.7118137495483,1,21.2756207484863,1,23.8307464073989,1,34.7864177026805,1,43.6456579868219,1,28.4283816618194,1,36.2686323135013,1,20.4266359102139
1,44.3598324897634,1,26.2162735620693,1,19.761553461092,1,26.7456921040208,1,24.8164638485128,1,24.72266006149,1,44.0703348981321,1,33.2739138163183,1,40.4549264713451,1,23.0669326242762,1,21.17305595638,1,22.8251479963268,1,31.6070769487662,1,26.6327595838436,0,26.6181089882557,1,30.5545819535101,1,30.4274710777053,1,20.8066035406621,1,30.312529706377,1,20.8069197511688
1,44.8459093373698,1,37.031899862213,1,45.8911753174159,1,34.0873160353913,1,19.8965151184637,1,29.9107190571695,1,34.33849152454,1,30.5634813593848,1,21.0782456495686,1,21.0608036947317,1,19.5196962364636,1,23.7748993102773,1,20.8401935106279,1,38.9733650140425,1,21.385812776587,1,18.347535227972,1,18.2354150094492,1,21.4642818860411,1,20.0343437020931,1,18.0878854780182
1,43.5617391761483,1,44.0389235511885,1,40.0221028349454,1,24.8844639696435,1,33.9495119465753,1,28.7346051800205,1,20.2616869461689,1,20.7742794277342,1,24.1205370681063,1,19.347174726001,1,42.730008142162,1,39.5888098744962,1,27.842110886694,0,19.1908570368279,0,23.7414168701702,1,21.2054737782834,1,21.4046460419845,1,21.2991914637769,0,21.7458781391596,1,22.0989428655542
1,45.638513526395,1,21.6320392383527,0,22.0280351177491,1,24.8761049406081,1,30.3105599581119,1,21.8358778391935,1,32.3764290963789,0,29.7015581933004,1,36.136709429247,0,32.8640064530179,0,20.0762635062116,1,21.2693683006915,1,21.3792586074327,1,21.244547418837,1,34.2575419872747,1,21.5079988874159,0,25.0900882017411,0,21.2604719416662,1,32.9162278292836,1,23.8294124232096
1,44.3716616773981,1,28.4104626960858,1,31.2811951217984,1,24.4664236914977,1,17.1141291747428,1,20.3768459995319,1,18.3472896655361,1,20.0361659603057,1,20.0807284632088,1,19.8326062279304,1,18.262728777037,1,17.8168477819823,1,32.7475518076586,1,31.8544770495705,1,21.8278875956293,1,18.4144758993252,1,29.9144245351902,1,20.7673097418864,1,29.2240298366845,0,17.5007117936275
1,52.5641559142363,1,41.4358361302817,1,18.4660519656112,1,22.9812170449366,1,25.0239059422962,1,21.1805020318979,1,23.9544407315057,1,56.2573238573899,1,33.8182801785004,1,30.8141675423464,1,28.7192048560579,1,34.3482221019054,1,31.2506045750689,1,29.6865071701206,1,42.3662476929073,1,28.7483046949169,1,29.4565697470747,1,32.4518635254088,1,29.4798846335009,1,29.2907490994915
1,33.2536406746203,1,35.9513310050921,1,42.6303169932169,1,31.3826543738799,1,29.6361471004167,1,25.0708966961454,1,37.7944731146295,1,31.6329565169318,1,21.6312626981834,1,26.3550566941087,1,38.0938079650417,1,17.4489245071467,1,20.7982448978016,1,32.1337540656208,1,32.9690835266933,1,21.9934451530732,1,21.3389300580692,1,26.4154142847427,1,29.7574205353468,1,20.7553357481416
1,39.1935172631164,1,36.2583820018852,1,27.3912558869269,0,42.0545114280945,1,37.4450269602169,1,42.0394214373326,1,22.7196311320661,1,19.4404549970459,1,27.1781465700875,1,25.4281595010854,1,31.1315191266933,1,23.5365462232325,0,21.5587472300892,1,26.3395492551819,1,32.3486909846319,1,22.3943650404945,1,33.4651198664241,1,31.5578353547201,1,33.3626482321762,1,20.7911737411297
1,48.9236349756515,1,25.5985400637045,1,25.3675615155965,1,20.0135504830552,1,18.5630741719734,1,22.6924157438436,1,22.5719084357547,1,34.102357789332,1,37.3864581583554,1,19.6727559744706,1,19.1987829090392,1,29.4561436361597,1,29.3859398852524,1,24.1134033277291,1,27.5334164658274,1,25.5623196779721,1,36.2846854544174,1,21.386668719343,1,20.5833388217771,1,31.8492302867908
1,43.5381323439423,1,37.2760787227202,1,43.5227539063816,1,35.2964740708395,1,28.8153970510085,1,30.1083180801521,1,31.5842732539384,1,30.6538273579094,1,23.7078876223463,1,21.4252404427218,1,20.2721346792895,1,20.0381330942499,1,20.6447595097279,1,22.6169639352057,1,25.3240717562996,1,32.4398241910683,1,34.1316880123028,1,21.0681207847411,1,22.9880537535688,1,23.8739286354469
1,67.8794485278907,1,25.6827430713532,1,31.7463985072513,1,29.5144897121135,1,36.5478075603523,1,32.6071131940035,1,31.2227494381969,1,29.3028565125993,1,29.1302701694114,1,33.5183249421237,1,33.7224609668423,0,35.4262083582323,1,27.4444349637125,1,34.0435095276406,1,35.0998778047929,1,23.1643261951566,1,29.0579049186742,0,18.4994400097923,1,28.7192218686224,1,21.2360401566672
1,98.697475849053,1,43.0282109350614,1,47.4805008452794,1,48.0982575582014,1,37.5700900353465,1,42.2489271415355,1,24.8749604843248,1,27.2742775775095,1,34.7194249484039,1,23.495216460937,1,19.1116984224437,1,21.2869513673353,1,20.1570945289023,1,32.9791158684133,1,28.5194324299885,1,35.2017866583855,0,32.7402609852252,1,30.5650196179906,1,32.53803754461,1,24.9307400912356
1,41.3501068267947,1,33.9060327331211,1,42.8919761984304,1,31.0983001896363,1,19.9981624172849,0,32.7736297349988,0,20.1980566804523,1,35.7303228358031,1,36.4101581470189,1,33.4820291431046,1,32.1977103079073,1,21.0758099500708,1,18.5963425047981,1,33.1013494629083,1,20.2060921510637,1,34.7373912477632,1,19.6480326222354,1,36.0596419811696,1,33.6307367175927,1,19.8808028341516
1,40.2168209285802,1,44.8616769557031,1,24.457370299983,1,25.2466445162009,1,25.3628248852958,1,23.3508821222699,1,25.4505218859487,1,41.7402196834979,1,33.1357186084333,1,19.3897551617267,1,26.7703784673658,1,31.7969822174057,1,30.6681571063539,1,18.048929105368,1,20.6661045237214,1,29.0690494994319,1,21.2890483972185,1,21.2431179707075,1,21.3319104175315,1,20.5321696973152
1,59.8199718581698,1,26.8683812529894,1,28.5299330412736,0,25.3545882337726,1,20.7679426200153,1,24.8646658878861,1,41.3797710627056,1,20.9679922081485,1,32.3958320643035,1,33.9131996763303,1,19.9010400029115,1,30.5696407454326,1,22.8730951569931,1,21.8073446892182,1,28.7698078814029,1,32.5226117692176,1,30.9333049053189,1,23.4446253550287,0,29.5516813977982,1,19.2653344654129
1,77.341733224913,1,30.1799882987998,1,43.8237914933106,1,27.6150537300624,0,32.9153722145685,1,25.4674875564678,1,19.2725833207039,1,37.0800912649377,1,26.9010097668287,0,26.9471678319718,1,44.0280504151108,1,28.2095282495831,1,32.7992406384099,1,35.5876037663228,1,30.7773842606254,1,28.9953684823582,1,23.5010860721729,1,32.5804051044238,1,29.3166317762581,1,34.7892331730551
1,31.1416969459382,1,32.8531765201036,1,37.328128419532,1,24.6608069061629,1,34.2713851265834,1,28.9932231430824,1,34.8307351727545,0,27.0831413474441,1,28.126366835384,0,29.0656627358897,0,24.7860601845162,1,25.6128198766034,1,33.3690326321153,1,39.8576807162927,1,30.7819894328454,1,27.8524559201155,1,40.8779347337449,1,27.4574217596336,1,35.9722142876673,1,45.4727056150796
1,37.5477513596882,1,48.8276462760766,1,41.7820875567216,1,38.0028018690182,1,42.8023174511762,1,27.5092510665129,0,21.8824190070291,1,21.206959505372,1,28.6060249904137,1,17.7921996585811,1,18.1734643310179,0,29.4772697443943,1,18.9954121417974,1,22.3713565630421,0,29.4656854949241,1,18.6309024376254,1,20.0812241731381,1,23.0624643461896,1,19.0609093008148,1,17.1730405883893
1,37.3864538144751,1,30.9617599633774,1,23.4423073399897,1,30.5931747095536,1,20.4841054622337,1,36.4864278444839,1,28.1765716880847,0,24.9247017729355,1,43.7386755248983,1,24.3893461168751,1,22.7062702651055,1,30.0117807587415,1,22.6628380819619,1,28.1772422382537,1,32.2700423038461,1,29.9121704871686,1,30.2516675054859,1,20.9138350962511,1,32.4499264920956,1,46.8029181982163
1,37.1099250725547,1,39.9418870861676,1,24.4917835451913,1,21.7744516930337,1,16.6149794103867,0,24.3606383875422,1,20.6969048042104,1,29.0223925659859,1,21.4098290448843,1,20.388652032976,1,28.2818089568863,1,29.739831482518,1,17.7466569006165,0,19.8885901004617,1,37.5916624771477,1,20.5660476864805,1,30.3493862567163,1,17.3616414412211,1,18.6817257655106,1,18.7627888184674
1,37.8113369541081,1,47.5398548937293,1,25.1069400880839,1,28.9763548158561,1,27.7744226962294,0,39.4400448383514,1,28.0732078373894,1,20.5567061667082,1,21.3580456376304,1,43.4010483502945,1,26.7153100393337,1,20.3564077304468,1,39.1593335808992,1,40.5968770455609,1,27.3158510151399,1,42.5462141686276,1,39.1249465004982,1,29.1445390127709,1,28.5521500239461,1,30.8975271519328
1,38.8528558051273,0,31.7801720285966,1,32.5106310539295,1,25.7530017239353,1,20.9337948638543,1,47.5485851245158,1,20.4968738742524,1,27.1288834689117,0,23.2978798756211,1,34.1209389447631,1,20.789900810531,1,22.795759945983,1,21.6720537917377,1,28.3783423913395,1,27.3460383354146,1,29.9315214742836,1,39.6770127885304,1,28.7974287285892,1,27.256032717259,1,30.7025976323966
1,31.8973867580218,1,40.6862998848163,1,30.6400759801331,1,25.6259895521501,1,52.9290416436727,1,46.6086470464391,1,30.7568629753253,1,31.872277691972,1,32.2200046694956,1,33.3201761066744,1,31.9488191854984,1,36.9529239134737,1,22.0779717578928,1,22.6306241834299,1,22.659564580518,1,29.0646221477068,1,33.418668237705,0,19.3981043182304,1,34.16190396388,1,19.5253233481281
1,34.3635578096581,0,18.3320361318855,1,15.2432577918391,1,43.7634573375605,1,21.1402994350115,1,21.8337235408326,0,34.256558137433,1,41.9984324182282,1,38.2249250388917,1,17.9441320849374,1,19.1717400139947,1,33.0320754349374,1,19.9530730988938,1,45.0648229928016,1,19.951577588441,1,33.9056355211209,0,23.4706224959444,0,22.3281320811926,1,22.1962971173044,0,31.3419653474786
1,54.7164703891439,0,50.9453156305142,1,35.056242006682,1,35.8409557502997,1,29.3400550949035,1,30.9841242881378,1,31.7916433640014,1,20.1022503036798,0,18.3360492673487,0,30.0375996825846,0,21.8233085069233,1,34.7584409937923,1,38.1553212502635,0,20.3341659604769,1,37.5169124392476,1,35.3996951623091,0,34.5134746302686,1,32.1657277452347,1,18.1446895480196,1,25.414920164604
1,52.5838492677086,1,31.3726573050326,1,19.4976138970053,1,37.3773714450207,1,21.8373108916647,1,24.1146804021381,1,24.7182223900096,1,20.1401311153703,1,19.0557659286759,1,19.7906886122907,1,20.0359346246681,1,21.7482797407553,1,19.1926010044201,1,32.1590196303079,1,33.9330486401226,1,21.4157173315757,0,29.1970563555581,1,20.8957036599064,1,19.7266999451643,1,26.3890005017195
1,59.1682871625296,1,33.9020427075807,1,23.101524489022,1,33.4578320781218,1,18.1559581807303,1,34.5378900940578,1,19.2453124846066,1,27.0993582420269,1,25.5220791665092,1,27.099625503529,1,19.7553229692803,1,28.5764596259647,1,25.3281832478098,1,24.2584996297915,0,18.876740930899,0,27.6217742468036,0,27.196255904219,1,20.0049529765752,1,21.4071581297694,1,25.5294849541151
1,37.2433293509296,1,34.2318807927116,1,32.5033541835097,1,24.6168218891086,0,34.8922940728653,1,32.6558359035973,1,26.2205091306754,1,29.9425128236033,1,23.2994830215233,1,19.3693265453901,1,22.1040967278483,1,26.029820558841,1,34.5023288552563,1,29.4642482423039,1,22.2540221521251,1,20.393248822106,1,19.0464001225177,1,24.0254729300364,1,37.0357999998845,1,27.9597090939627
1,87.0027004958259,1,25.0337695303639,1,30.7279703618693,1,29.2230797417209,1,29.6006231007323,1,24.3441765754457,1,25.6213527168651,1,34.3386328885923,1,22.4438122918571,1,35.5616833267297,1,42.4422358704017,1,36.918629192997,0,24.5435440211777,1,41.5096199751814,1,43.3995515935211,1,28.1864217589652,1,34.1971715727336,1,29.3684386922017,1,29.2143251264575,0,45.0718170910616
1,47.9778699005687,1,31.4784177193421,1,41.6295573485276,1,36.7976019354116,1,36.1739043809605,1,31.6597057909642,1,26.7386456193324,1,26.9619491170681,1,38.135489850228,1,29.797674615525,1,37.7563665934742,1,32.4169662332927,1,21.4704867355325,1,26.7139782540673,1,22.7526408899176,0,27.0393750013,0,29.9133092861278,1,24.3769840386987,1,31.2452901601143,1,20.4509935363506
1,39.4591796390989,1,34.8822959296707,1,33.7224734491446,1,29.6774180328388,0,31.7953659367107,1,27.5778986021372,1,26.728592360403,1,40.3586787729356,1,26.9642337480768,1,28.447979747071,1,29.4342352324852,1,36.1739747052166,1,50.1855150766118,1,42.4358818289265,1,30.5257349442538,0,42.2700093822683,1,30.7435382011001,1,35.1554756294522,1,29.9556895042969,1,31.5632685729168
1,32.7368977943992,1,36.1475032298249,1,42.8643445527856,1,29.4765270808078,1,33.0517972008372,1,27.067315099468,0,39.3133831261888,1,36.4526238757319,1,31.9407345628621,1,43.8935241444755,1,24.849192137171,1,30.9192126333817,1,19.9090321283129,1,20.8048994337489,1,21.9613854453095,1,38.5452351190653,1,45.4748315793651,1,27.1331597758115,1,19.3326166979526,1,24.4195220238627
1,48.2212432110791,1,25.246126658523,1,35.3460043174566,1,28.9948417909041,1,21.2121025487017,1,37.7562575107144,1,29.1238379367244,1,27.9486134404933,1,38.6938987968703,0,20.4587503757205,1,20.5413540018429,1,35.9989556885792,1,33.979024934574,1,24.500216034173,1,20.2620008967736,1,17.5591172520897,1,20.0521617881864,1,22.0401699870214,1,18.2750600590371,1,19.7886574723746
1,32.9173672354169,1,35.3762290132589,0,19.8862897438752,1,29.3949929359811,1,43.6318801401295,1,42.0318432832449,1,24.4645729652501,1,28.206037437427,0,29.7821183549786,0,28.1731823923313,1,26.93669160603,1,49.5516174176294,1,28.566129861349,1,37.7508242380481,1,41.6852747484719,1,41.4508129317706,1,38.6488188653151,1,31.2651273254761,1,33.5667681751223,0,22.0547296921045
1,56.920942493356,1,21.5282799703189,1,17.3939816012398,1,28.7590004572082,1,32.1952539466957,1,21.944820449422,1,22.1640628047413,1,18.9715812422885,1,22.6322402909584,0,19.4808033607175,1,28.9944557513386,1,24.2938010639253,1,32.1699924976076,1,19.6549051781282,1,33.0869086810365,1,24.4627494723325,1,20.0170514677159,1,17.5324011377468,1,21.1029604971886,1,19.995767494343
1,53.8990963336286,1,23.4080585989361,1,31.6339264491456,1,25.5517726955527,1,34.5276467090481,1,46.4760351527958,1,34.5887845731693,1,28.9367040420774,1,33.2305709244858,1,41.4005444944936,1,30.5038527839996,1,42.1626277239663,1,27.2809956342504,1,29.2582024613891,1,28.3266113739039,1,29.1633067004113,1,31.4291804902302,1,29.4233498138432,1,27.2005755995537,1,37.3430971816479
1,43.1064436882075,1,38.2478495420713,1,22.8312783680099,1,19.7702079104634,0,18.4307725499929,1,20.1001159987463,0,20.2609032653439,1,18.1578655569867,0,27.5890941829002,0,17.860066420112,1,23.0907721746057,1,21.109285281801,0,31.6179115367634,1,19.5096152696885,1,23.4344035940579,1,19.7472136731587,1,29.3333032314267,0,26.768166222627,1,27.8328960364966,1,29.3721160124498
1,56.0044326970179,1,32.883626689202,1,18.7060573918934,1,25.2397696364064,1,28.6409780622413,1,19.9210431521186,1,24.1451785047025,1,18.8230528342898,1,28.274001736085,1,19.6940139891957,1,29.2056207349811,1,28.2364902042944,1,35.2203348641187,1,45.2154579681963,1,24.5155343086258,1,29.985969902908,1,28.5799416553082,1,27.2866808851917,1,32.1691243300818,1,34.4158015171447
1,40.5459875997811,1,26.7303006833062,1,37.6219966673821,1,24.8620719241248,1,30.2620671436583,1,24.158609961294,1,29.1884021561389,1,34.6824934473279,1,31.090883813615,1,27.0505922707512,1,36.9072612676438,1,35.8095341426975,1,24.1943181648952,1,21.4528976677222,1,29.7167085588013,1,24.5374362996965,1,26.9930899433626,1,27.3615732507188,1,22.6180201522713,1,21.700133814275
1,39.0202528882729,0,32.685471902318,1,30.5217174046245,1,20.5168819656171,1,27.4104729403177,1,20.7556042174979,1,35.7779960623262,1,25.7191167204238,0,21.7371143509156,1,26.3283395221779,1,31.6471866632424,1,27.3074970894192,1,31.1044492485364,1,41.8449054646593,1,20.8606579741147,1,21.7615550176948,0,23.663567636425,1,20.9866659112495,1,18.973746944968,1,20.945258699841
1,44.1115647236418,1,52.59336498447,1,31.2934050710259,1,24.4668455713745,1,25.2959986015037,1,31.8723564047889,1,19.8249221822589,1,33.2763655133298,1,34.6738350661033,1,26.3667701285094,0,21.643685508963,1,28.6114995389841,1,37.6501193618548,0,23.0290821961167,1,23.9087754943186,1,26.8129199163348,1,30.0112653828524,1,26.7803544181867,1,27.7529010519061,1,23.9068654147798
1,35.8372670874601,1,30.8146549574709,1,17.3155617016027,1,22.181836628662,1,19.488513299824,1,25.7254094085851,1,25.9999562648213,1,26.3305395667029,1,26.2756331760083,1,21.7895624000998,1,28.7663254731119,0,19.9944707612058,1,36.1663032589934,1,30.3430296055599,1,31.5174046545518,1,38.4823762922907,1,20.8315594719051,1,22.5813733629093,1,37.9932178427481,1,32.8793254159705
1,59.5550459073538,1,29.2501086039256,1,27.8829377489073,1,20.2956720673071,1,31.0107403157997,1,31.648241565554,1,20.6716150503239,1,41.072002020716,1,19.5388283651851,1,21.5625948576771,1,35.7482036024701,0,26.432184709035,1,17.8891647905966,0,20.1986672032925,1,19.2409182729288,1,20.4426386937628,1,32.4829114406198,1,19.6890753429149,1,28.306021415251,1,26.8157507354877
1,34.3415327654106,1,35.7681549563557,1,47.4665169017459,1,24.9110951690113,1,31.9025774664817,1,33.6753214202627,1,30.7295964233369,1,24.1795368146431,1,20.4803832095155,1,34.5410651269939,1,39.4291037811664,1,34.5718809510791,1,31.9468953181063,1,33.853261992051,1,22.0698061027484,0,25.3337887304577,1,31.5819328857085,1,31.4373136401043,1,20.4687327666997,1,18.3044113293751
1,46.7807043931047,1,42.3647064694115,1,35.8552692276086,0,29.9326854985091,1,25.9400608062866,1,22.5057126674747,0,19.182404776345,0,21.3554947480938,1,19.8686446626233,1,27.7517385967429,1,29.793910644551,1,20.1025568590949,1,23.6635669936333,1,27.0600654488321,1,29.9571140187377,0,38.3468756024312,1,25.7230418331972,1,30.5981505165183,1,22.1986402484618,1,30.683386972209
1,42.4032763172969,1,44.9448661089869,0,21.4133304691424,1,30.5034199188002,1,31.2961688944105,1,32.3349500846137,0,25.126496754479,1,29.109273826869,1,36.7261388282584,1,26.3223678134034,0,23.3470146657187,1,39.7710026027584,1,34.7733460772865,1,27.7728760842288,1,29.2170644398253,0,30.01457199487,1,23.7088303225404,1,33.939064553874,1,29.6097636961989,1,33.4907772172583
1,48.64918447039,1,26.5920620253985,1,22.1193303478,1,28.5235048526164,0,21.1969181222741,1,47.2605332555366,1,19.9874110418316,1,43.2472461229628,1,19.4518742291618,1,19.0248737190937,0,19.7909590561507,1,19.9555260366386,1,17.8082163363202,1,20.6058855720874,1,32.7292159048015,1,20.5336526758073,1,28.5030802594094,1,31.5423535822648,1,32.0314778710137,1,31.9981281085961
1,41.3997437482153,1,31.2984998440236,1,39.9463987206497,1,30.8919874417902,1,25.5594201734417,1,27.7574595535239,1,42.8344169989209,1,21.6801712556877,1,20.8078037253233,1,32.3865034396261,1,22.4339541606247,1,39.5900406387751,1,32.7341223380021,1,35.8905799720823,1,43.6133216629512,1,31.4972042071569,1,46.7684949988073,1,43.3752993769388,1,28.2972380223256,1,28.8423702162662
1,38.3909177786531,0,24.0996988478632,1,27.134818999091,1,28.1576139709814,1,32.3200612594887,1,19.1721556746179,1,35.0782598657299,1,36.9224033508241,1,26.3660369595814,1,20.0749912859565,1,19.9128081679242,1,25.8292463535849,1,31.1867991774327,1,22.4431598526598,1,22.2950051875554,1,23.1288670821551,1,33.669756973716,1,25.6432006356215,1,27.2292904464932,1,38.6552774117236
1,63.490545209306,1,40.7735221665043,1,35.0724618434758,1,29.5670212263335,1,29.1932534621231,1,23.236454099939,1,18.5109088601208,1,19.0224429662448,1,29.5502169757793,1,33.8639853238078,0,30.9673858262871,1,27.9913432731099,1,21.0440317699891,1,36.0933865089158,1,25.8672392544349,1,20.423023041712,1,20.2866653064992,1,20.8412358049213,1,23.8465406724535,1,19.7212697870116
1,45.6937232355882,1,27.5772166580451,0,33.4903842295188,0,25.4799396459241,1,21.4586906462095,1,21.1291049280392,1,20.0960373189333,1,20.6768137499118,1,41.9428572154158,0,22.5413479135947,1,30.3721932866489,1,27.9243823940859,1,32.2400092639546,1,23.2055235090451,1,27.4514749763451,1,25.9476008011049,1,29.8048193296119,1,29.2088236000086,1,30.3400773216386,0,35.298050612935
1,36.4226811037603,1,48.5083618882077,1,41.459873836741,1,33.691543483427,1,25.3173873574629,1,31.0686450652018,1,34.4625718131492,0,26.0899506155313,0,24.2465362221,0,37.9781595030182,1,33.4670288214273,1,45.7562408122169,1,31.8010275952645,1,21.3910848449385,1,20.7435554783535,1,29.9761605283786,1,21.3358829082126,1,41.2705311832488,1,21.8436135497251,1,20.6468815076723
1,36.4453947618123,1,33.5418488003851,1,38.2949013217804,1,23.8800264583131,1,21.9150402250809,1,20.4776403321105,1,32.2096047410268,1,20.207093710342,0,40.1904678229692,0,23.4001667337082,1,19.7757553655353,1,21.7636085391419,1,37.1129294631133,1,35.3126779657142,0,29.2848473964586,1,20.6355451426788,1,33.8215407839775,0,23.0876252700952,1,28.1159163195048,1,24.5245662400978
1,54.2010078752332,1,42.4911094841308,1,22.7686437090739,1,26.6514958093375,1,32.506940959075,1,36.6750467682934,1,34.4047865822464,1,27.629819879078,1,35.1261457296323,1,36.1099620172553,1,29.9923771593186,1,33.9585719834032,1,30.7709458426579,1,32.3609232426121,0,30.1059781984456,1,42.773654304701,0,21.5715571467351,1,32.3535384419578,1,29.4754921749642,1,35.4653204150288
1,48.0014363932612,1,33.4939603913252,1,36.5649192396016,0,29.9769374942034,1,16.0240306965093,1,49.6463167483048,1,20.8378876688219,1,29.1267036574371,1,15.8919609063586,0,17.3536116710159,1,20.5412495029824,1,50.0672082736101,1,21.9132371647871,1,20.1821541437033,1,19.2621724931297,1,21.6502918960636,0,48.1467084116825,1,21.2378879838878,1,34.9152117899489,1,19.0566894688812
1,46.1340968977785,1,31.625292794559,1,26.2755586128558,1,28.7762807725633,1,34.4512251072692,1,31.9758420824506,1,28.6937356359612,0,22.7682549899845,1,27.0682151664914,1,21.4169023525128,1,25.0547571819845,1,33.8462025260794,1,21.3321047319053,1,20.361711065157,1,27.7090550123713,1,21.9669428740308,1,30.0050453696617,1,20.652053116524,1,41.6387165737125,1,27.1875887553224
1,35.3673285406206,0,22.2792195317725,1,43.9813764792669,1,32.5072639318052,1,32.0709530288483,1,22.9030123447695,1,21.8895675788263,1,24.3900766047009,0,25.5313677655146,0,31.375711555343,1,20.8809140200987,1,20.2417628048782,1,20.9147939168202,1,30.0151675498594,1,25.511956564297,1,28.6502364725627,1,20.7569386729997,1,35.279370517497,1,25.9674738643707,1,39.3441487343823
1,35.6296428193877,1,28.6409957794923,1,24.1007792536088,0,30.9846487769921,1,20.9334177133748,1,28.1460004397839,1,20.9846995232934,1,30.006363693609,1,20.2357278232378,1,23.2715255040291,1,19.6486066332959,1,30.4725191126474,1,31.37851513158,1,28.4466672791708,0,32.5529023459963,1,30.9439766411824,0,27.451729479559,1,39.7367490915797,1,19.6770398733077,1,18.3215997723548
1,45.4260818655248,1,31.2732797798028,1,28.8747966590813,1,30.1229416021985,1,31.0267313363526,1,34.106390647614,1,22.8330813355493,1,20.7668007899794,1,19.9598691251151,0,33.2694904818817,1,34.6337571181607,1,30.7455850694919,1,25.6827118955305,1,26.8130234791155,1,31.5169816104385,1,25.4679129232243,1,22.4887872157285,1,36.5989982037865,1,28.1954919689992,1,29.2293061971481
1,35.577196963919,1,30.6284450210233,1,29.5148742986066,1,30.6210576885876,1,30.1098294591962,1,21.396140154226,1,34.0443153360524,1,36.2057574336217,1,30.4165599296848,1,21.5428946490204,1,21.2478480369779,1,27.1899869575789,1,25.3958827665267,1,27.5882088377892,1,22.6484297104651,0,32.3932622364322,1,24.7076220068462,1,55.4885496794015,0,31.4241851138504,1,28.3328482434771
1,44.7822614031313,1,20.0951882314498,1,44.9551180948195,1,36.2013118938183,1,33.7948817767985,1,26.8349892342017,1,25.8125749443287,1,32.5248376722247,1,30.3617169181747,1,21.0924198268074,1,35.0296726814087,0,24.0221459939777,1,42.0305167360776,1,30.4636251032213,1,41.9388063251169,1,33.2655507262774,1,28.5900101616022,1,37.9779643913388,1,37.7825081699826,1,35.483724513611
1,48.3256299733872,1,33.9351414841657,1,19.8511651859207,0,31.1127817044101,0,27.7162571681661,1,25.7374694672783,1,20.7277962462734,1,29.9964307711207,1,36.0822262160984,0,27.982249583149,1,21.6301528359251,0,26.9398595028317,1,35.3027120047136,1,35.8711196027593,1,29.3471913592965,1,22.4904010656316,1,34.4442077817992,1,26.9246246983247,1,37.5366113723703,1,34.9676119388996
1,42.5786437068263,1,50.4728365965197,1,14.7342960155856,1,39.2859954047735,1,28.6459038170656,1,30.4720555248678,0,32.0180682287704,1,35.461326096971,1,19.3716966834126,1,19.9267280023292,1,28.2492918636631,1,17.7807420369898,1,25.7990524709848,1,32.5346531601227,1,20.0791549676502,1,29.9998197132054,1,23.1681385551284,1,28.9417044729359,1,19.0586997148398,1,19.742966614083
1,30.4648342832036,1,26.783608992637,1,40.656442432342,1,20.104138209205,1,35.5011929829424,1,38.0423959104635,1,33.482043878226,1,37.2402285473281,1,33.4317124893127,1,22.6059369332339,1,23.135585528944,1,30.4023001221663,0,29.9820821146411,1,21.9451741895476,1,45.3952272694513,1,21.8439936400628,1,22.3271992268314,0,26.3380207734521,1,20.115144090897,1,21.8708331495268
1,68.60225453965,1,26.7910132282529,1,46.8506777876994,1,34.9377690837137,1,37.6685950743911,1,19.8947062945597,1,39.5155926842851,1,26.594148926121,1,30.8254247869974,1,19.5778471596742,1,25.6109254278627,1,29.4320899592941,1,27.7084094528454,1,22.6451828598272,1,23.232834352812,1,24.1265802330597,1,21.4308958288319,1,29.533566876122,1,33.1612474587424,0,21.9213335809363
1,47.4693058973489,0,24.7554092513784,1,19.3184677144692,1,28.2668458253582,1,25.9217207803515,1,25.698803557994,1,30.4073891898257,1,29.1254736033973,1,30.9258246487578,1,35.5257097166915,1,31.8117811296729,1,30.0744232846065,1,29.1287276887263,1,34.8232214541264,1,29.0883626067759,1,27.5569948479283,1,21.1850222562814,1,30.7859033998328,1,37.9449137390382,1,36.7472131367306
0,43.6546719316147,1,28.5072986098124,1,27.5139860280364,0,38.3139719528304,1,27.0796487559421,1,28.3672063837237,1,36.9819368757652,1,45.0882442888224,1,40.0433163598597,1,30.42359174858,1,24.4710714731854,1,30.4348181639022,1,29.0813863834082,1,33.775900078272,1,29.6763288521786,1,45.4383716714313,1,42.6028569536152,1,32.5739711753513,1,20.8995175874793,1,42.5897249985347
1,50.3324637400566,1,44.7899160900812,1,34.0812780865207,1,27.8770237900356,1,32.8503306996427,1,30.7640527234456,1,37.4752466426861,1,34.4482122078386,1,28.9247498354435,1,32.3237752263929,1,29.5433870006628,1,35.3437141206243,1,39.2030904942351,1,30.4928885817382,1,20.5718001497202,0,32.9787479425417,1,28.8341277131764,1,28.1387607502367,1,38.6999151479015,1,20.3180435033676
1,47.0088131602354,1,28.7928510243087,1,26.3000605791123,1,19.2186351043869,1,19.7415920634953,1,47.1037168704336,1,27.5860261494963,0,20.6064700395523,1,22.4548880291527,1,28.0535212070355,1,26.9443711934564,1,33.9678820754545,1,22.0919389915215,1,34.8287922142755,1,37.5910292362115,1,20.3958677352617,1,38.1653721176303,1,24.8194619029229,1,20.10295870704,1,29.8625650591777
1,65.9438346178289,1,54.1197628773468,0,17.8056300074913,0,17.5419447759686,1,27.292605350702,1,26.4405255956609,1,28.1721600654317,0,18.3526694267128,0,18.3900469095853,1,16.5031371096581,1,35.3052870673517,1,25.6525059981901,1,18.4549688226115,1,24.6767550103525,1,20.1006124733281,1,19.5259772691144,1,20.8269663997339,0,20.7691996486037,1,18.144796201381,1,19.992236789421
1,49.6601496141816,1,40.6255000493251,1,19.9516808618964,1,26.4611423866467,1,26.054637734798,1,30.2381280286367,1,29.9663485404991,1,30.8855245794886,1,27.5921292020235,1,20.3253823515355,1,28.8639695701659,1,29.9206257341897,1,29.2047861602013,1,28.599594380472,0,24.9429020847697,1,23.6984405294508,1,23.1115946732482,1,23.8656740917281,1,41.0159627237469,1,27.7486504266354
1,47.9653973106449,1,38.0541585948955,1,35.5780425272734,1,33.4387685625774,1,38.6551060572009,1,34.1657757014554,1,33.7577351725666,1,21.8993552394193,1,32.6239044827765,1,20.7734886543215,1,18.6976235430259,0,20.4604047526567,1,22.7196289025922,1,24.4914079886,1,31.251599015222,1,32.9150389035937,1,30.2006438649958,1,19.2067213643714,1,19.5139100477867,1,39.2259148013
1,40.9954729596423,1,35.1198485262493,1,32.7078994426257,1,43.5873563068082,1,21.8901698602216,1,17.8287193064951,1,21.0529952095649,1,28.2528620351648,1,42.3098813417878,0,26.9522752180118,1,24.2836419449935,1,18.4025536831856,1,20.417948632269,1,40.5469062873657,1,31.5004499222817,1,29.1745177218565,1,35.4933994639889,1,37.2905872990573,1,32.4276451981803,0,28.8439232635065
1,52.7319407305986,1,51.8828042052919,1,18.3511487724008,1,25.4494952497574,1,36.5363178872077,1,30.9230819459508,1,27.2905539673685,1,31.3555674849771,1,19.2861195708954,0,33.4860341488378,1,32.9944325491749,0,38.1422271047097,1,31.8532868271634,1,18.7685028756255,1,20.0020717352934,1,41.6331391925385,1,30.9251426638978,1,31.8149812920257,1,31.1250569779591,1,20.4176184607189
1,38.5221339736669,1,31.3430946043726,1,22.4092074783108,1,21.3492409959534,1,18.5094980738028,1,28.3829234324903,1,18.2336801046411,1,28.1198243580443,1,21.2527095299771,1,29.8813071727029,1,29.741410106762,1,21.7895113794143,1,20.4738444740473,0,18.8769448579162,1,19.6896404339097,1,20.0568381781744,1,19.9057343788598,1,29.9753594428536,1,21.3709066221222,1,30.1145511522231
1,49.6776630712062,1,31.790510109393,1,26.7727816842804,1,30.3793491397063,1,18.4120346151519,1,20.2778780287833,1,21.3346634235926,1,33.0068811982295,1,42.5714209142974,1,33.2737030985753,1,18.2832981915586,1,21.608314777902,1,21.7026931471219,1,32.0803235992089,1,22.3283613694371,1,26.9712266496083,1,22.6777591001018,1,28.2984312980513,1,27.1305459614927,1,22.6125949306392
1,49.5349600559142,1,19.7540280037522,0,38.6148026868995,1,20.3347763790292,1,51.3378981429469,0,29.9992203515317,0,23.5452427049326,1,18.6367638717329,1,29.9528464541835,1,20.427921350928,1,23.8096187562974,1,42.9421414146747,1,25.6435746876443,1,27.2862653402468,1,46.4584830332519,1,31.254993193186,1,21.196481979747,1,29.2282575449101,1,20.8371741679223,1,29.4255049015139
1,56.855061204229,1,63.6614496458124,1,45.4066292282345,1,36.4380402883558,1,28.0445978620808,0,25.0158509278667,1,38.4291447096661,1,20.7700730328329,1,33.4097381398019,1,24.7516925785683,1,28.070202607824,1,29.4835699473934,1,38.4579517968391,1,36.4267287849348,0,29.1700176204249,1,30.9306244147501,1,28.436688247829,1,36.1500642935065,1,30.5622687731213,0,24.264636631795
1,38.1365288705667,1,35.8000662794698,1,27.9632761725193,1,22.298822107943,0,30.4258945056364,1,38.8702176651373,1,28.0551395221886,1,28.3480805719335,1,19.7267291558738,1,32.8341556349666,1,32.8308613966273,1,36.7783456278696,1,33.5652347764699,1,28.9612910637169,1,24.594627792878,1,27.085321060488,1,29.8202615677394,1,38.4968744064644,1,37.5503663332739,1,44.6909433356077
1,39.5541086563603,0,15.2324624449645,1,27.5654289537747,1,24.3860917604963,1,18.390596890828,1,24.7376164305422,1,17.957579524163,1,40.0372559907122,0,24.1544139632095,1,20.240063152842,1,25.6358477159894,1,35.964205687816,1,31.9632306486333,1,31.3738166227224,1,21.4779344718017,1,30.0513112761811,1,23.4165948857134,1,30.6679488990777,1,21.7035762194014,1,42.7603967567086
1,39.3650718142599,1,36.829206712925,1,29.9233517369911,1,16.510112017591,1,21.5700050556855,1,20.8796821654419,1,21.6080237198026,1,21.1454396434806,1,26.3485627967674,1,25.2586242600199,0,31.9758899437465,1,34.1399385204599,0,20.1248512713457,1,39.9662043469244,1,28.5909352762438,1,19.4646252300379,1,29.4818955083575,1,31.0183446763712,1,26.9855290381183,1,29.7815710061614
1,43.1497321853195,1,37.7930677082045,0,23.3874977672209,1,18.6187612296433,1,23.541042700568,1,35.5880542306133,1,25.1283952609704,1,31.1629828569336,1,20.2459327965633,1,20.7678395195715,1,32.0061763992467,1,31.0851832863804,1,36.9708307171072,1,30.7038927818862,1,29.4331747656322,1,28.5570074836271,1,23.1440416256472,1,27.319105118732,1,34.2725564741944,1,27.223777774103
1,38.1148521821498,1,40.9382006418687,1,42.9656348528192,1,26.2875999182706,1,30.5108760674311,1,31.9447440742211,1,28.8492667678405,1,34.7896250046278,1,24.3852166561306,1,40.9906365742361,1,25.2835500253749,1,30.9537592201892,1,42.5779283027151,1,31.7230913800002,1,41.3923461677061,1,23.0208678131895,1,21.4400425215134,1,25.4859542447263,1,22.6363345328156,1,32.1485934773297
1,49.046862553616,0,42.8991009301195,1,35.6846168535013,1,35.1116261726705,1,29.089783818404,1,23.2150758318784,1,20.2925992263321,0,17.3889840196714,0,28.476375454356,1,33.4829406496036,1,30.4122379884548,1,27.6214648019986,1,21.7478275506286,1,24.0962726017304,1,18.4751717079728,1,28.1747297539219,1,27.22202198774,1,20.0956562812432,1,20.8151113270322,1,35.1925245209041
1,62.4246547600768,1,45.2806322634367,1,21.5409087647755,1,44.9800055490843,1,29.5421712651987,1,26.7424154935574,1,26.7819707350159,1,37.0460000906076,1,32.6192902000421,0,44.0784683303666,1,27.5320193954971,1,38.0110710914187,0,23.328998467522,1,28.3310731734797,0,32.0909179553439,0,26.9395537021466,1,25.8497529328462,1,20.8688740685151,1,32.5793928674654,1,30.25915531473
1,47.4608032757514,1,49.3980674483194,1,28.526979773845,1,31.3354940936083,1,21.8822646559552,1,26.6436824471161,0,31.0463435974883,1,27.4632491559676,1,20.1450947057411,1,20.6545151815964,1,29.7743420006024,1,28.9628892267402,1,33.5466308459447,1,23.896053129216,1,27.5351158966122,1,25.8534822665067,1,20.1675738206284,1,29.3294292070385,1,29.5524631960343,1,23.6848837027805
1,47.8711673262568,1,30.4667084628977,1,25.4082147537906,1,32.6211317715888,1,43.4797277899223,1,29.7731354732383,1,28.8911644144447,1,43.334366782256,1,29.9808977183716,1,21.0266256079629,1,42.7033379385106,1,34.8928186095859,1,39.4774322544319,1,34.3216364200793,1,32.0765289873347,1,30.0430709327922,1,27.9815551512553,1,39.9262925962246,1,42.3601269558302,1,25.4704847119046
1,48.3946216026532,1,36.0106211217522,0,18.5421877513888,1,30.1557051851075,1,24.3705402714936,1,41.2215648777133,1,25.0474350970674,1,45.7285855661115,1,27.4493032197993,1,33.9284391022553,1,53.6740791903963,1,38.1737880115391,1,30.6669442536438,1,23.4663572704604,1,19.3211882007345,1,21.1545224650469,1,20.764632663128,1,23.3078781403264,0,19.1531465505606,1,23.3919363840133
1,54.0552876268454,1,27.0166449006187,1,17.7941273287988,1,30.7113072856205,1,19.1344089832106,1,57.6912311288288,1,17.7024472169633,1,20.4071837200931,1,34.6360342876403,1,19.1923462916661,0,18.7225168724696,1,24.1666080633651,1,18.59368235533,0,36.2507200810946,1,31.708839565537,1,30.250422603851,1,21.4254074702405,1,21.7873836025111,1,21.8833349463541,1,20.9850748041274
1,47.0243241602856,1,35.6542048948048,1,20.0780662608665,1,27.5940092542298,1,35.0745207478594,1,31.033132821769,1,21.2370683227623,1,34.2838003677861,1,32.6591849917,0,40.8969121415734,1,27.8734922209025,1,24.3998269238282,1,28.3030303257478,1,30.4468188638238,1,36.8766609062525,1,23.0909044472489,1,31.0153492076397,1,28.9496642510045,1,28.2298635287976,1,27.4029030846094
1,32.3582236285072,1,32.4958944106704,1,20.4230972815813,1,36.7985578620469,1,29.9600869086507,1,18.7510373815937,1,19.2544480274602,1,17.1043337222137,1,28.0199275878283,1,37.3155007098092,1,18.828016352673,1,32.6704247356056,1,22.6072983611791,1,30.5603012489715,1,20.1029902495011,1,29.1472963712721,1,33.2925903198568,1,25.5081966627035,1,18.2541759506993,1,33.5750020788476
1,57.3086973968111,1,21.0435198161799,1,38.1733892998364,1,29.0278052066643,1,29.3880517774702,1,35.494057433711,0,28.310595053473,1,25.1661842322458,1,22.7958912529486,1,37.6705514863324,0,20.2586644360819,1,21.2017879902318,1,20.8154522275479,1,18.150470776317,1,25.0140306440313,1,19.8581758645027,1,17.9633015846348,1,23.3613432316136,1,17.6786626650232,1,27.7305933306905
1,50.3603261616623,1,31.0917104562756,1,27.8520963059262,1,31.6651949638148,1,29.5532958623611,1,35.0386007346452,1,20.4259049123741,1,17.7316672661706,1,18.7556678508717,1,21.6504641642647,1,36.6129728425145,1,26.499518624985,1,18.5704302002262,1,24.7916618639257,1,30.7173291308068,1,19.8995171999972,0,33.2160439107003,1,22.4013507460554,1,21.3198384647591,1,19.7220763103443
1,34.1908621496619,1,29.1515927616506,1,37.9120788704341,1,27.1658618173463,0,36.9828477211734,1,28.9266483688574,0,21.9453324334252,1,36.5583747662079,1,25.8430077065604,1,27.5594647204074,1,30.3449108477024,1,37.2174126462679,1,33.9626829481776,1,29.1970072531578,0,28.9741862907819,1,41.9467010347058,1,23.9278516924628,1,32.866602043818,1,31.6807784383446,1,37.8569680377733
1,44.1756363932099,1,27.9380088661287,1,29.7107715467128,1,31.1019882871182,1,20.7178096569751,1,19.2203480143491,1,19.8910620601524,0,19.6699548238988,0,17.2477691304325,1,18.8010447460638,1,20.6361381173905,1,28.0081466870487,1,20.4269550534623,1,22.2104331043047,1,18.9171988780943,1,20.6895409689474,1,19.1497901095795,1,31.1567445548855,1,20.200121010248,1,20.7451139199749
1,30.0085398367862,1,37.9967365492893,1,31.2976659391431,1,25.9333177467044,0,26.4482485785158,1,27.5837954446359,1,34.8342269135534,1,18.841611402831,1,18.9209810489812,1,33.9712612825981,1,20.640707991761,0,17.943353232419,1,28.3866385313806,1,20.1117981848324,1,18.5798321437964,1,19.3975617486317,1,19.8329469275573,1,21.3270491215269,1,18.8731153296491,1,24.4622692949546
1,36.5348870112575,0,24.6905742894247,1,34.7273095382921,1,28.7172924972837,1,21.3395857041254,1,26.0148180598652,1,19.0074048526927,1,20.5112105790534,1,29.7196178264866,1,30.4140249357002,1,21.1192310678064,1,31.3206893736962,1,18.1627307600435,1,20.8488252274344,1,17.3600830523776,0,18.5321169735858,0,18.1684785647373,0,35.7718993005088,1,19.4930069172058,1,34.3475331082987
1,33.9658398104917,1,24.0979511776521,1,18.1589008965909,1,27.8484002345403,1,37.0601470719963,1,26.3984561448563,1,34.5153837889449,1,18.22711695472,1,18.7979099098844,1,17.558168466787,1,26.4567003965172,1,27.5394894142876,1,27.3475211068011,1,31.9291612603566,1,29.2930730993563,1,28.8228070950585,1,30.5245244708464,1,42.2116992102337,1,30.6506964534723,0,23.2172498492733
1,34.7749643036412,1,28.0353863274658,1,29.5498319659398,1,22.8992807741409,1,21.4062432865345,1,35.7169452278664,1,28.5990547634125,1,33.4757960533236,1,44.3372382274186,1,28.0717471934767,1,45.8608160752654,1,37.2527930108803,1,31.1817165572317,1,31.5892610251327,1,43.1335050539681,1,38.9797466125499,1,35.6439295584939,1,25.4419243601226,1,37.8457515919782,1,31.8635429957862
1,41.0322377503159,1,26.5177607026073,1,31.583302795076,1,25.6991977699348,0,18.7226238641122,1,18.3075541837324,0,18.109784627642,0,33.7087887759732,1,17.72923490318,1,20.5762727030458,1,23.3973441317302,1,41.1246071862718,1,19.5862701494869,0,19.2481113271092,1,33.6349921619221,1,24.3625886197988,1,24.3966553946712,1,18.8813173063974,0,18.850841074806,1,21.6312394754934
1,57.2562498352027,1,34.7289651772343,0,31.7329863446686,1,29.6589551861134,1,23.9196777476914,1,35.431434968964,1,26.801914811513,1,31.2017767764606,1,37.5637468207747,1,33.2371358661319,1,24.7247124338883,1,31.4787188916829,1,27.2633342707976,1,31.9441587642943,1,28.5392111257117,0,28.663584286778,1,23.5743065776907,1,26.9481415123676,1,25.69701449874,1,35.9499778411509
1,41.3971062458056,1,36.3673334812652,1,41.4719825037923,1,36.1882889554619,1,24.7738549858142,0,22.3327629359624,1,29.194183075291,1,27.1070548970011,1,21.5894414425507,1,37.6164745477941,1,23.1047288713732,1,19.6600999483306,1,21.2591174795385,1,29.8741891732928,1,41.2010223039689,1,20.2565858980866,1,29.2503946976333,1,41.7598259815834,1,21.0968867021004,1,29.6499233897946
1,43.4638107219525,1,33.3034475177873,1,19.1077346866554,1,18.287105929781,1,21.0780134178737,1,29.6701121112674,1,21.0961663888976,1,32.4763905255337,1,19.0618463299813,1,31.8665729945951,1,18.576950945994,1,17.2899363976774,1,16.9538243921398,1,18.8666145985778,1,17.2069138508527,1,20.1225603584088,1,17.7315430624038,0,17.9511155884912,1,21.153294325329,1,17.9894899979684
1,34.0807896731678,1,30.24976386269,1,35.4152058461233,1,33.7555983568168,1,16.9447678519597,1,22.4071061153442,1,32.0988669586938,1,17.9253631843812,1,25.0752226254176,1,34.2046042968781,1,22.0082701715833,1,35.3275850490833,1,32.0565090103585,1,22.805374382743,1,23.2787933789602,1,28.1044080673158,1,29.5843582694523,1,20.3237371816679,1,31.4078617939954,1,24.3039443755637
1,40.786690435248,1,38.4646083190066,1,46.7448427116161,1,42.0949737995345,1,18.7182051425645,1,21.1524197056529,1,28.0586864267649,1,35.7346769434283,1,22.1527772194333,1,27.9761560394405,0,27.675162086595,1,23.8960715118553,1,24.8351823139326,1,34.5205645959518,1,40.3392888116242,1,21.0640791241898,1,39.9884667556711,1,39.8556368847913,1,39.4317395304635,1,24.1289470536662
1,36.0557847793113,1,18.7586038686429,1,32.779512392364,0,14.7153856869101,1,15.7099085321788,1,20.2894268489421,1,19.0316293175343,1,29.8495358526864,1,19.4380865950833,1,22.946894610338,1,25.2197396898876,1,20.845277955357,1,26.5435946010225,1,19.1732699964632,1,18.8638586087503,1,18.4235394078107,1,19.3316686464056,1,17.2421179377229,1,21.7938590209711,1,18.5806871265393
1,38.9696920955206,1,38.1719368793723,1,33.3866272599625,1,39.2285609913733,1,53.9713513728612,1,26.8372036142522,0,38.1058984486042,1,24.460274389169,1,26.7142519108164,0,30.233969764625,1,25.3773972898716,0,32.6828168318665,1,45.1057738333724,1,25.6388425875606,0,40.7701907960276,1,29.8729777910785,1,39.6495846800728,1,30.6498573152052,1,32.4024749680769,0,28.9770478448264
1,70.0751703530744,1,34.4780261559438,1,28.4154720975349,1,33.2539482670068,1,25.1838754824081,1,28.4125570729119,1,33.0599920263164,1,19.4775411204755,1,17.9988521334572,1,40.318211098574,1,22.6536798744464,1,26.335624748146,1,23.0176972446153,1,36.2957154645519,1,23.6311982255966,1,36.3845778555332,1,29.5653188855052,1,42.2878630820746,1,28.5680642137536,1,24.2471197167705
1,34.0675267207038,1,30.6199823227036,0,29.6607159855953,1,21.3232304301806,0,27.1349311667363,1,20.726530688598,1,21.5704157533099,1,19.9805717842432,1,20.78459924055,1,23.798280898399,1,22.4230509733408,0,19.8486566744271,1,20.5258838318914,1,37.9605847538802,1,21.5681014999516,1,31.5258920420126,1,22.4932415781104,1,28.3982964128006,1,28.3163352190836,1,20.4386199973475
1,38.3559015440951,1,31.7966450626535,1,37.1856050706723,1,18.4106998274634,1,20.7893181397742,1,18.1418480516039,1,18.9808281482599,1,28.6678929304568,1,21.5511888637266,1,25.9282707763132,1,23.80633258913,1,20.5146561873095,0,19.7053755007772,0,19.5389346891322,1,19.0804703852803,1,19.9701663905044,1,30.9507101445543,1,30.0432839815909,1,19.4692178807308,1,20.5896693090238
1,53.8742832862315,1,42.3718663467305,1,30.3352706820082,1,30.3616981654906,1,40.7073090547819,1,25.3110808471222,1,27.7185698462182,1,35.8295436538717,1,25.7377748853011,1,39.9827904451711,1,22.8386939851776,1,43.4937291061808,1,23.3233660385896,1,49.8289615280392,0,21.5082839473717,0,22.4117658945622,1,22.6066320130215,1,23.1525548109751,1,31.8583317995465,1,20.8164060812042
1,34.5385915612026,1,17.6803305493136,1,29.0855406316373,1,24.2996063253276,1,30.4817858635048,1,28.811851938457,1,30.3048120616269,1,20.1955564672034,1,28.7718025679763,1,26.9878340407137,1,38.1679939169093,1,43.0212112253798,1,28.6026872110985,1,35.9186555239428,1,21.5992405712293,1,25.2498750957917,1,25.3310161752981,1,19.0660638702429,1,23.7663845486455,1,32.4301525175152
1,47.8665820525323,1,34.6276734809158,1,29.6483793098397,1,27.0969176290859,1,26.5563675635647,0,35.8664301889767,0,18.7638597233279,1,40.7006413108328,1,42.4485203897117,1,30.8790440285224,1,39.7805157231374,1,31.4410961261562,1,28.0864748935826,1,53.3996830911146,1,29.4574091456866,1,40.0714512783227,1,27.5356187762068,1,30.0195163815429,1,39.501809812178,1,27.8123258881577
1,34.1041980395072,1,38.5771560941886,1,37.794327122993,1,27.3438255886305,1,23.154296107261,1,20.7685326459255,1,37.1843888637614,1,33.2276729959315,1,46.3692326693666,1,25.8807158307975,1,28.5320034754532,1,31.5334264987239,1,36.344135447368,1,20.2994147470139,1,19.1042850827728,0,26.4816060191355,1,27.516717795286,1,27.6147836720723,1,18.8044790551293,1,31.2450002515907
1,41.1439907793135,0,29.8742794573834,1,45.9045723332859,1,26.2827257234275,1,45.8765882517979,1,21.1963288922608,0,28.3736706550151,1,20.5164641571393,0,31.2927084545931,1,37.049803949315,0,27.4483387988059,1,41.8176105511742,1,34.3310136602121,0,27.6474478697404,1,29.254926019276,1,31.9947522358958,0,44.6723271372562,1,42.0860652006114,1,29.6300943418631,1,28.179686894879
1,34.5471432270897,1,32.693127265483,1,18.9974718976958,1,18.2851450547621,1,37.143349859807,1,20.9958362188131,1,30.3347280919104,1,29.6229221579204,1,23.006136856531,1,30.4321845934524,1,32.2460212949437,1,19.7680348635738,1,20.0144678781364,1,27.0468901693107,1,26.2196482620277,1,22.3698799198907,1,19.8768954487492,0,19.9350352485827,1,22.2828928718934,1,28.7563770975983
1,49.2485483968795,1,38.9105518614976,0,35.3461651809311,1,34.851172182719,1,42.6494979573078,1,19.4157380774432,1,40.3477072087526,1,28.5110071771844,1,19.958757567633,1,19.9028009165876,1,27.7131298126874,1,27.8078144174782,1,21.9311805542689,1,41.090428403733,1,34.395781738703,1,24.8795727274418,1,36.4310343538314,1,26.3707229719698,1,23.8554041757071,1,19.840032923828
1,47.5025630004021,1,37.982044382199,0,26.1259824187423,0,28.7538943182103,1,34.5020277997501,1,37.5959539573108,1,24.8104756077737,1,28.5050090601311,1,30.2061296326446,1,27.4296409818992,1,27.5894826049125,1,43.1436819567552,1,30.0662235945324,1,23.0265714416424,0,29.8698281242663,1,34.6499138759374,1,26.8072189253183,1,24.8788406323625,0,29.1104138786959,0,24.656239679853
1,47.0878071904178,1,34.4696427325934,1,19.1855451821708,1,35.5970525808822,1,18.506446574787,1,29.4245645685474,0,21.4505892143237,1,47.5509896333396,1,32.1190922387464,1,30.4780636293933,1,24.7845373371762,1,21.1681201745593,1,19.2915339543112,1,24.9538301892974,1,21.9130441141022,1,24.5018346043172,1,42.2634308841883,1,23.6090655507567,0,21.2537933255773,1,37.9584433119774
1,60.1064841556838,1,27.9875709676042,1,19.3822613837385,1,24.0908523769406,1,30.564296806788,1,37.9760538244953,1,36.9462618722012,1,21.2256189427484,1,22.6677921594813,1,29.7102719033695,1,32.4619765437719,0,30.7534575039142,0,34.3981152625739,1,29.5469032609431,1,32.8698069076728,1,46.7764561400318,1,29.0489253158119,1,23.3311469978429,1,27.0519526064222,1,38.9534180857261
1,51.0298819979814,1,25.7353824042427,1,29.0436917666204,1,31.5057473559588,0,18.2989264060988,1,30.0626649659918,1,28.0682623422394,1,42.4547918061478,1,20.2848421631358,1,27.9304982933258,1,18.2365272804293,1,28.988666843886,1,32.8132022554128,1,31.4544990771094,0,21.3012998369935,1,28.6861824942397,0,21.9462386881365,1,21.147986872188,1,26.9069687647124,1,36.2617335244253
1,32.8127854067037,1,33.2537677001879,1,14.9025378994973,1,23.0844964961934,1,33.3256220570358,1,20.6231316657582,1,26.840981851598,1,33.8847754436341,0,21.5376268901759,1,19.85079704766,1,20.7483022523286,1,27.6334326359523,1,17.879531429212,1,29.877567365478,1,29.0724730300735,0,24.6014628891157,0,21.8528368669004,1,30.4122034561052,1,31.3159633892354,1,32.808363557943
1,32.0712654210349,1,23.6936403861994,1,17.2706322498818,1,22.2181745416496,0,19.8519514707685,1,18.423338651746,1,19.2770167647459,1,22.4289517134954,1,20.9954719183188,1,22.1745702933982,1,43.7507893176093,1,24.81251112216,1,40.6431043252332,1,37.8979886647463,1,37.7979465767487,1,20.0934577093225,1,21.0440758384415,1,20.3810817474101,1,20.4125506476501,1,33.3011322681522
1,44.1924535421117,1,24.6714467680278,1,34.5729476256169,1,34.2412844683152,1,19.3996094726799,1,21.2999082732464,1,26.8861029971827,1,17.1261720130687,1,19.3512595229351,1,21.206879797722,1,19.6095876758445,1,34.9410246831283,1,20.629362373386,1,21.3502080232836,1,19.4496597041279,1,20.1869806521656,1,19.781729460671,1,29.5217082296806,1,31.5211954624584,1,51.9780913300738
1,38.6056233370729,1,27.42391414751,1,27.7366968656816,1,35.2423662717834,0,21.6438878203589,1,30.4793602548847,1,26.8369367621532,1,20.5036440136147,1,28.3683912830092,1,27.4657898597489,1,20.0600827595265,1,20.1809498511172,1,32.4819483861136,1,21.301722859839,1,19.8421305786095,1,17.1587080687318,1,18.6219873070542,1,21.0092182399854,1,20.2847900387944,1,20.0506044266453
1,39.0082618050994,1,42.158050126751,0,31.5995315383102,1,29.8142038200105,1,31.3238852639069,1,24.9920331835887,1,39.5551577667004,1,32.116631370145,1,22.0705589245289,1,28.7173820858723,1,35.6068570253339,1,30.1311395638218,1,50.4742296161,1,30.3447175498429,1,21.6178198717526,1,44.387398719979,1,25.7913373479298,1,23.6496288316246,1,30.4491210439457,1,42.0811183286096
1,50.3105688892277,0,31.7861971613401,1,28.7638606615524,1,18.011523652575,1,20.5577140656977,1,25.7196747778047,1,26.5645924913435,1,19.1505834069264,1,18.1675774271449,1,20.7141814788389,1,20.3009161069984,1,18.7686067836227,1,22.4301097317865,1,19.1968023326298,0,21.1384308143053,1,18.2389149928766,1,37.1381038692959,1,30.0863174363557,1,31.1040947636122,1,32.9991979509747
1,67.0281929184152,1,21.3957738950692,1,39.4091735388954,1,18.0598408374207,1,40.5237427226882,1,56.8258140325816,1,20.4673950098536,1,27.3612381854513,1,32.2565342540624,1,39.5165289352185,1,32.1772024703823,1,21.8220339080103,1,28.9058939725804,1,38.5559760337183,1,29.1546526280913,1,24.7017049171006,1,31.6128931206863,1,30.4477916041458,1,31.7983907585295,1,30.1554102222046
1,52.1767771545803,1,43.7202996300787,1,20.789919410329,1,32.1077381388875,1,20.2196858322318,0,32.5404642387342,1,27.2817898105899,1,22.5701664843416,0,19.6252061326076,0,28.6366190704211,1,28.6441858889533,1,24.4356158743913,1,24.3538384888638,1,18.906675171061,1,24.8286968975265,1,20.8966134423088,1,26.5355742845278,1,28.3651042795562,0,28.265916718627,1,31.2967617366827
1,38.6572275072366,1,32.2204848128903,1,39.7240784357533,1,39.1010344249224,1,21.2311682981027,0,27.5298220944375,1,30.1177983019451,1,25.7618273661275,1,20.8965955145574,1,36.2253980412039,1,17.2738109509814,1,28.565598558587,1,22.0543478279289,1,29.4924127762611,1,17.5900210022177,0,18.9738365392368,1,38.3974654051744,1,20.3998497144087,1,21.445924171248,1,20.4951326632416
1,66.5539199522809,1,36.0237502420507,1,29.172245756436,0,20.4545985650257,1,25.6065563152416,1,19.3282432228332,1,18.5069727841252,1,26.9820847369108,1,23.4705362547019,1,51.8600068268409,1,30.9973067612971,1,21.0422634466342,1,33.1649612953268,1,38.845562573086,1,21.1470975374664,1,23.1464279151851,1,20.1307873860271,1,23.5008754239803,1,21.0126018711064,1,27.2018074030837
1,41.071093170428,1,39.3730511686211,1,42.1693105193777,1,47.4726550966085,1,22.7397075172999,1,22.3759077477579,1,23.8653403158988,1,28.8997857330424,1,28.1315230130266,1,31.7742266222449,0,26.1888069543318,1,21.6952906230944,1,27.6786259906244,1,26.4270555698718,1,31.7442627485935,1,20.0594893048691,1,30.2385029107188,1,31.9447618674597,0,29.2062754269631,0,20.9074971537738
1,34.2631224791046,0,34.4304312805679,1,29.135335052759,1,24.5342575280512,1,22.5956864126463,0,26.0458765535492,1,29.3837661922723,1,41.3005196212698,1,20.7926285704761,1,27.4306955016353,1,27.867689883575,1,34.1688792556446,1,27.9047878758305,1,21.8546636188808,1,41.0604831041876,1,26.6811105585009,1,43.6915933012326,1,29.1384913447201,1,30.0232660604872,1,34.5809335914209
1,55.4265081637567,1,37.5240317494105,1,35.3661419710943,1,27.8228025215285,1,23.7418795029889,1,30.5580573347231,1,30.1634382353261,1,25.2512036211344,1,19.6711541576684,1,26.8705697573483,1,26.0024861891598,1,22.8181861168327,0,34.5432445794376,1,18.7367366196825,1,18.3546848369963,1,19.9225276030118,0,32.8983333451646,1,29.3205982271024,1,30.8852984503686,1,21.3203061140986
1,68.798453128955,1,31.9575268773626,1,30.5540687027739,1,19.0989970295396,1,23.15181967745,1,23.3368589562461,1,39.0705279524636,1,35.1748663655889,1,43.6523287393318,1,21.3187597269594,1,26.5561759883507,1,28.0408903622927,1,29.4928329886708,1,29.8871541936655,0,19.6799704277332,1,24.401245960406,1,33.7279736269963,1,22.5345465286141,1,26.5578405383912,1,29.0360862855572
1,40.7969498836661,1,37.4282101239784,1,33.4929895166526,1,42.1498060569002,0,32.252506333009,1,18.6653455986545,1,29.4492046963326,1,37.7042325672109,1,25.8605128570303,1,26.7831307581177,1,41.644759376744,1,33.2624884692766,1,32.0191201193495,1,30.3448177980953,1,24.8182422249321,1,23.4455264145071,1,36.1018857779531,1,39.4059214203262,1,25.5624282863227,1,32.1288293262727
1,53.6123167365657,1,57.163978235256,1,41.3694776492882,1,29.248411536749,1,29.4225421103135,0,31.900665756952,1,30.7543026714302,1,28.224359127094,1,23.9159890244258,1,38.1390714540637,1,29.5398018105255,1,29.3289343211361,1,23.376461965234,1,25.705113589811,1,30.464789137264,1,32.5147651723061,1,39.5814068911935,1,30.9108352233842,1,38.5504844640624,1,28.2315101567921
1,37.933113287417,1,30.1142981266513,1,39.2581998077886,1,27.6890459235923,1,28.5514484185312,1,20.07489196161,1,21.0543296001156,1,20.5303645460255,1,31.7130754254848,1,23.5907037292982,1,24.7952647561064,1,28.8982714597501,1,21.6345012217649,1,27.6108598285051,1,34.1406548187329,1,44.6167553716663,1,30.8260519621622,0,21.7001584308616,1,23.1248627258351,1,43.4100535657123
0,44.4411342619904,1,39.522938384008,1,28.3557734168749,0,30.1373193817235,1,28.6423854659603,1,42.7802028846864,0,28.5313269519498,0,18.8945446393825,1,19.8803395305027,1,18.6238020999805,1,20.4541577037299,1,22.0961386261423,1,32.4921332051026,1,18.1854651350702,1,22.0445566738203,1,22.0648356707637,1,38.6673739016521,1,28.1176266868519,1,29.681324018907,1,31.3475566961945
1,40.6222509068003,0,43.7211185257977,1,24.044261316426,1,20.4847918198187,1,24.7371741496156,1,19.5113540523936,1,18.5461656354613,1,27.3952811693037,1,22.2118712179197,1,36.7427990910673,1,21.3101516811754,1,20.7483239508601,1,18.8498142918363,1,20.6398626334182,1,19.3342442018539,1,28.0430898120234,1,20.2034115043248,1,20.6620692946307,1,29.3990734513251,1,21.4477141166866
1,41.8496205704432,1,26.5884255228886,1,26.6415660463347,1,16.3913397051443,1,33.9152487258096,1,26.3383703072033,1,28.438289784334,1,31.4929550357303,1,40.8113985284227,1,42.1743051838902,0,33.8877480599979,1,40.0525706658282,1,42.3968530265724,1,43.8183205380444,1,31.4996587625538,0,25.4061771397358,1,23.9987267608569,1,28.7100454019199,1,22.3073274745375,1,27.5709882969439
1,39.8722310001833,1,25.9078642478559,1,33.6486605114053,1,22.8233303586741,1,30.9732936965921,1,20.7746125759082,1,27.8135606047207,1,33.5918973860396,1,28.2764813739965,1,40.9031466568575,1,31.0178347946697,1,22.3451593707855,1,31.2489210742503,1,30.0121913888555,1,28.6862785212764,1,28.3708745629249,1,21.4284287919835,1,38.4731431465316,1,28.8371224745927,1,29.5999113144995
1,41.4186615693444,1,43.9035267170715,1,30.6514227499608,1,37.6746464796113,1,31.2295272713816,0,20.3985431587781,1,29.6660934632173,1,26.2055699220269,1,26.7355281335055,0,35.3897392440554,0,26.8884693042493,1,22.6862670599264,1,24.005533256717,1,22.9664274780455,1,21.2438067234603,1,27.0131112401632,1,28.2321014373774,1,30.6649319433721,1,19.9491267954879,1,21.0576289774407
1,36.5835034326215,1,34.4448025527798,1,45.0727706390465,1,38.4445489555995,1,39.2619478038837,1,34.392627431288,1,26.0900919012106,1,30.2499507686003,1,29.5111996179342,1,31.3082063083187,1,37.5379836677674,1,21.7678590603045,1,36.7757810594736,1,25.4801421296616,1,35.6349949372501,1,30.9363918547325,1,28.0155701921935,1,47.9659626616357,1,34.5637255626428,1,29.7925215674546
1,45.3301541640983,1,32.1584123170924,1,36.8536025272461,1,23.9049786404874,1,36.0035025675009,1,30.5301342198507,1,40.5388490815232,1,34.4512973861879,0,30.7731287924507,0,28.5939903307984,1,35.6759470581165,1,28.5810786414271,1,38.9885207679373,0,31.3563660363158,1,21.1562425007379,1,33.2765995017364,1,30.3533458125078,1,21.591640894403,1,23.5780158317391,1,19.481634771406
1,54.2224618491495,1,47.6526854352541,1,43.7682189664146,0,29.7859481016693,1,35.3605104312997,1,18.3230430901819,1,29.7695102649546,1,29.7859333467998,1,28.1772290236493,1,30.3948108891624,1,20.3683732015174,1,31.6014050352593,1,24.5860863602234,1,25.5352012531992,1,19.1884301618507,1,24.1492771510122,1,22.6224401221931,0,33.5683464370938,1,23.2064586716155,1,27.7051165012971
1,40.5258046242215,1,26.735752131868,1,32.6262885760835,1,20.8583423009247,1,27.8341673135346,1,31.7937332878263,1,45.7086202024954,1,44.7649053023475,1,28.5277047184726,1,32.6058825261352,1,22.4602812457653,1,19.3322096447915,1,21.8857023335769,1,28.9228130307706,0,19.1377519311545,0,21.2742246714703,0,22.767998516569,1,20.6359725241285,1,36.6720257274123,1,35.2102138987164
1,33.31982746174,1,30.9999022673534,1,28.4954775303648,1,29.8750891070557,0,29.9567601756976,1,33.7914401836871,1,20.0836166067033,1,24.2101395525805,1,19.2398124854802,1,20.2458896785784,1,24.7199933666105,1,21.5564264917558,0,31.3760406872693,1,21.2625584269825,1,28.6795267702427,1,29.4232617755289,1,32.2885839794383,1,36.4147623833343,1,23.6040260211641,0,44.5929285895303
1,40.9487735898523,1,29.9409990370299,1,33.5846836561736,1,40.2190463154878,1,30.5199827117724,1,35.4262318700266,1,39.9490330360383,1,30.3383756838064,1,37.4551858824225,1,18.2974458482264,1,19.2864470538346,1,17.535239235864,1,24.1255970800545,1,30.5320656822009,0,20.11345279862,1,20.0237213549067,1,20.7010592628572,1,20.5070778587699,1,17.2242116097759,1,19.2751662162142
1,41.7382001678811,0,30.1756942260488,1,26.3547643631924,1,26.3843718391537,1,30.6143036064017,0,19.1259329204892,1,22.232017017793,1,23.5804639701066,1,30.0002056941686,1,26.7134978185167,1,38.7098867045061,1,30.315199060336,1,27.4109220679981,1,35.0986962624101,1,27.2757105976609,0,22.6422436769346,1,32.7977337055321,1,37.4290983397892,1,24.0691266127706,1,24.1267010810064
1,45.7078699770384,1,47.1977018539308,1,41.7015794472774,1,38.1784168245522,1,28.4081267991528,0,26.0973650448462,1,16.3236496791817,1,31.0866167310472,1,37.5865189569776,0,34.341914801119,1,21.0273482707134,1,32.241278523455,1,33.5076352435918,1,31.0408662495909,1,20.6626555151646,1,20.3455660893593,1,26.7526318579181,1,18.3713781060229,0,21.5907093896584,1,18.6956879104367
1,58.1367122542109,1,17.0305125569128,1,49.8480967887404,1,30.1236167660756,1,19.4136596098414,1,30.7622144137312,1,22.3324040256278,1,21.026148612329,0,21.525385780469,1,28.2930048848977,1,21.0480467332598,1,19.2680627416016,1,20.6759800847379,1,20.2147460561448,0,25.1635240667891,1,31.5310189660205,1,20.1107045500828,1,19.4448600819176,1,28.9888461303549,1,34.6163702681947
1,47.8203117984407,1,53.1198609429243,0,26.3474038790166,0,35.9756685690273,1,36.4837063937101,1,27.3381328131768,1,34.4947638859377,1,22.4025170479668,1,20.0976182883841,1,24.0551807639521,1,26.7389605429501,0,36.6847866774575,1,38.5761934766173,1,28.2471832547545,1,55.5974473488768,1,18.6048662839719,1,31.0320376535128,1,27.6310591520588,1,39.8099599420808,1,41.2713068393444
1,50.0656733690739,1,35.7502504663087,1,31.1814844478049,1,26.756020319619,1,33.2712168117975,1,29.2561466670035,1,44.8604670533933,1,24.2575730812784,1,46.3895266018481,1,34.079908443219,1,36.4117155631383,1,34.5386158410038,1,33.7255747129591,1,25.95615664977,1,27.7466962427519,1,22.9157640123973,1,36.1850923932077,0,26.1594482379457,1,30.8925144306535,1,33.4487551442429
1,44.7943157574216,1,42.4490787775482,1,27.5015108634364,1,22.1359003402067,1,31.7131653469728,1,29.3856653549128,1,32.7261452469557,1,27.6287440231116,1,23.2702768453533,1,20.8065483247854,1,27.0158976599185,1,21.4137509266664,1,32.7061506685403,1,24.67033088126,1,28.5421076675125,1,19.9572888589481,1,37.0147603996031,1,19.7487090992468,1,26.0874202151357,1,22.7821650455369
1,38.6969118808094,1,35.039723162255,1,20.0365334104407,1,27.1760750342751,1,33.9679112883231,1,27.9197875407458,1,25.8578462826664,1,36.6439363013804,1,39.112858377029,1,38.2244809637309,1,24.9861266139212,1,26.4359586351472,1,29.545196360033,1,28.5247981267915,1,20.7438260811581,1,30.6020335189213,1,37.1084699669503,1,39.1220986347484,1,29.9032403251173,1,28.230849205336
1,33.8325156846278,1,37.2853418623139,1,24.1907752089503,1,34.1862037800992,1,36.0035451764563,1,26.883139485529,1,33.7929898042974,0,32.8501495201297,1,32.9280227419809,1,31.3704981735283,1,31.2361425979061,1,34.4965698160646,1,31.2077795702247,1,23.3067667186058,1,44.7338244582314,1,44.5445927909428,1,47.9120102557989,1,36.468784419047,1,29.5661173846877,1,41.0272458172955
1,61.0053793029279,1,47.2505575613543,1,33.0280332238481,1,43.5439989671166,1,37.6561235613697,1,22.2797876368267,1,25.7021545014688,1,17.7958625151672,1,19.0128344490969,1,28.7845406692097,1,46.1358492309814,1,24.5031742282631,1,31.0864887685236,1,22.3944661810524,1,19.9122391368278,1,38.2111294810142,1,20.0551533030646,1,19.594681077334,1,19.5224137933238,1,39.6784224854463
1,38.6927039261599,1,28.272312965209,1,28.9667189690205,1,44.3733389096773,1,20.709790535461,1,26.3359991467191,1,28.444314110295,0,21.7257812964075,1,26.4477793395752,1,36.1521605893367,1,27.5473922565105,1,21.6534604434025,0,29.7229368529147,1,37.2691681341301,1,34.1693600379164,1,20.7422237160299,0,34.545608363128,1,37.2603536312949,1,48.2838515193708,0,29.3287859944122
1,39.7693576873951,1,22.4125329661652,1,31.1900706155831,1,21.6735432218048,1,19.7106553814843,1,40.1868594404166,1,26.4249350998124,1,21.1207284855723,1,32.9428779665328,1,19.7824874861114,1,21.8374526693109,1,42.578443723966,0,22.4808584294627,1,35.6741315940107,0,28.7004316759048,1,37.6892591617468,1,20.0897168206322,1,22.5297846100827,1,32.0593304417287,1,20.7002238487384
1,50.3133583333612,1,43.4295430383747,1,25.0439721577058,0,21.2528076715353,0,19.4714979990181,1,29.7538337464121,1,21.3984218689478,1,30.4473492397207,0,23.0637145189153,1,21.764537014243,1,29.9455358312724,1,52.0845148701572,1,18.9052160581101,1,28.6271500206536,1,31.8191297462466,1,23.0844971503242,1,29.4906510539891,1,37.1889452558977,1,28.9126689075458,1,30.5275112133132
0,34.6128222993467,1,25.0946156689073,1,16.2460503353168,1,23.8391891282238,1,19.709093119398,1,17.3802387700333,1,34.3858102457668,1,39.4640657904666,1,22.212682120794,1,19.6521980103397,1,27.1105293924294,1,18.7197986573985,1,28.8319390427435,1,24.9821642827014,1,28.0647614764211,1,20.9058245415118,1,19.4667157427786,0,15.6596841875718,1,29.1809875886619,1,19.7789650378665
1,47.9381315818581,1,48.9372241055449,1,50.746160496437,1,40.0330048962057,1,28.1338913865845,1,41.8468129459522,1,24.8089530630766,1,34.5902529410367,1,33.6377953479698,1,29.5458098661303,1,30.9409381624551,1,27.0778091412053,1,27.9321054610594,1,26.2578344869625,1,30.4599482335599,1,40.0203092505338,1,28.2422597354335,1,20.7457589898979,1,30.5692351111672,1,35.667236481316
1,50.1702367042446,1,41.771369972435,1,32.3076764306704,1,28.9821780121631,1,25.1190976573484,1,40.2283688240785,1,31.1950244635884,1,32.419507017595,1,35.9507911030841,1,33.6148828791223,1,26.9457605633169,0,40.2072520491266,1,28.5359793185384,1,27.6928594323475,1,32.8357886364708,1,39.0190379614109,1,32.7250558108258,1,30.3181029991879,1,35.6467299276535,1,29.5288743332899
1,46.1938607058438,1,33.8906466520781,1,23.1028777112738,1,31.9453886768813,1,21.6739223400091,1,23.0337674067982,1,27.82283874593,1,25.0099690161535,1,29.4112699675787,1,31.0068738754822,1,22.8634109928205,1,36.2953575784523,1,35.8542983044189,0,36.8285290740671,1,38.0417010659568,0,26.694685678708,1,32.3439769062168,1,26.4916886613327,1,22.2188710199283,1,38.1523907030612
1,79.8895113884377,0,34.9430762551556,1,32.9368959566316,1,32.7859746023109,0,30.6602211371297,1,24.0569614787441,1,30.6395680094019,1,30.5717517287461,1,26.9218116362412,0,30.4091936965997,1,23.7814721464036,1,30.2403611224236,1,43.0246324380748,1,27.6601627289118,1,28.659563310818,1,35.5771061791815,1,30.9536596239026,1,40.5728267833751,1,32.7368972318003,1,28.8017923250066
1,31.4183751401306,1,20.8482860410202,1,25.7220378249379,1,27.2093447565722,1,17.1719741311903,1,19.449270634704,1,26.6186013166202,1,20.6553268889603,1,31.0816947658686,1,21.188669478851,1,23.6978944141189,1,29.6790437762746,1,23.4868673486944,1,30.7151992983755,1,32.051668148622,1,27.4440066520829,1,22.9046152101892,1,30.3869760579674,1,33.7978446667894,0,27.187093539742
1,51.2031085657928,1,29.9983735494544,1,30.5738395071398,1,29.8791523901957,1,39.6819127040186,1,27.1272616089966,1,39.0970294055108,1,24.1602818002289,1,20.4882390879556,1,41.9727980132892,1,29.5724813257545,1,25.4169871471774,1,19.279770557742,1,21.6771196986956,1,31.0821421360097,1,31.2822934561458,1,27.1359152948572,1,18.7497249254848,1,20.1677099647228,1,19.6726714027413
1,65.6813583147715,0,29.2562655907574,1,31.0351870114761,1,31.1098100056667,1,33.3217841989073,1,32.0204673028598,1,32.4031776137781,1,24.4491448171671,1,28.6394772045953,1,24.6759112693241,1,31.2732106509036,1,25.7056121109656,1,34.7766259072405,1,34.7863394652997,1,18.1444207307081,0,20.7607118973674,1,22.1293749510017,1,20.5413269268579,1,20.3164806354403,1,22.1115512081505
1,37.8599624746721,1,35.232173142223,1,31.540015377557,1,22.3515985545945,1,22.0761201508917,1,41.3233167488676,1,28.2752503105956,1,31.2337989701318,1,21.1870620413405,1,45.0869063402855,1,29.5305768408904,1,35.14189313675,1,32.0176889779753,1,31.2016098238639,1,33.3094740374854,1,30.5028634071394,1,19.0241072126524,1,23.0768554201421,1,22.6890753631315,1,31.3441116141571
1,48.7252579453816,1,38.528860699771,1,28.0827570790999,1,19.8606950096037,1,28.998728888933,1,33.1516971520062,1,21.9203176920563,0,34.0207440613996,0,21.3253656034353,1,22.7479389311466,1,26.8527924547145,1,41.861093955167,1,27.2629415467109,1,35.618007575761,1,21.8333950980244,1,39.3845398222933,1,20.8371076134903,1,21.9804287459369,1,19.5507773001,1,21.1332976436928
1,38.7746326490676,1,23.7343499940157,1,27.9718560228898,1,19.2407941502399,1,26.3733993018482,0,29.5278658338202,1,30.9462476501864,0,43.8944138010981,1,34.461107428552,1,27.8058862025188,1,24.9293513065399,1,23.0064841375886,1,35.6714362838196,1,31.7126345291421,0,36.6204410179948,1,47.9665170046475,1,28.05994635173,1,34.6871207044263,1,30.7662025992336,1,46.0682096634613
1,50.9737255404037,1,23.4522861496708,1,26.9601310858654,1,30.8553720687736,1,29.6032056709012,0,31.8435919645296,1,20.8591434046447,1,24.8781551630342,1,23.424458489444,1,25.6278062892349,1,43.9967841085438,1,18.560473720042,1,47.7052269046915,1,19.018062963174,1,19.3031947145838,1,19.5858746347557,1,29.3624956804014,1,20.9863115174789,1,17.96841817682,1,37.2552361986058
1,40.8846513482736,1,44.2291534397739,1,35.097420335486,1,32.9224127472215,1,28.0789944181737,1,39.8638339369248,1,34.3083380260583,1,26.3492355163255,1,29.7654532495932,1,30.630842023811,1,28.5785556876887,1,41.2694103721024,1,30.6282794384866,1,23.7604649210879,0,25.1120361414782,1,29.3162205102723,1,31.8565140828772,1,20.0521075525076,1,36.4524755381911,1,21.0873335206531
1,52.0350125167454,1,46.8481089904568,1,35.3123977023205,1,28.7653144145611,1,31.834931686018,1,26.6563150952393,1,25.004271019063,1,22.6007182126192,1,19.6275548270634,1,18.4030646487169,1,27.2307058998031,1,20.8116072664595,1,20.7222240630766,1,23.1381974547296,1,28.0740684488111,1,21.2295997436954,1,24.0690920647518,1,40.005831250559,0,22.0245152210448,0,29.4834946844039
1,37.2033911519948,1,26.8602563852767,1,19.0043681716616,1,16.068284237166,1,33.7778435554572,1,32.7731928969604,1,37.292715501646,1,20.0609411022943,1,33.3088724353386,1,23.0773780313458,1,23.4955599685735,1,20.9192310951469,1,24.3205845695137,1,38.7048392938673,1,36.0941432343859,1,21.1910859879304,1,24.8872608938815,1,37.0678505383061,1,30.4910015570494,0,38.5889326328586
1,49.8107800454735,1,34.44297450711,1,27.3864035219725,1,42.0038337922508,1,16.6755692366106,1,20.1934629575916,0,27.7850514482693,0,22.1457675385623,1,20.4494012382005,1,22.2941830052328,1,26.8506967411866,1,19.6690019540147,0,47.370229587049,1,20.8563894777943,1,19.0176631323452,1,33.7598192122085,1,20.3325817329451,1,19.1561140406523,1,18.946069999572,0,34.2618530849867
1,56.6938049178608,1,32.158071262029,0,26.780776255604,1,22.3736668613604,1,28.7555021983133,1,30.5944391923096,1,35.2857099741468,1,22.2723017250678,0,39.7318643722486,1,28.6541106892848,1,46.5815601145479,1,28.5872056114424,1,37.6466184742582,0,28.7909650612164,1,33.9319694739928,1,32.3097312095396,1,28.62954016621,0,35.3067708602101,1,30.1555661354859,1,29.2577625044487
1,34.7955446711595,1,38.0906409427341,0,44.384914112933,1,18.2222789860741,1,34.6631497767306,1,20.9655970271201,1,20.4120514785453,1,29.1328431608794,0,28.9400345754238,1,32.1774628862831,1,39.0943737489459,1,45.4072867734829,1,41.2952082357381,1,37.3197337174634,1,24.1164692343092,1,34.9320030517508,1,38.249017040877,1,36.5614121705983,1,32.8031240765168,1,33.8868536360004
1,30.8087727243073,1,31.2869244016055,1,37.796310909226,1,27.3246700047399,1,24.9927274112053,1,36.8614960400379,1,36.996597897996,1,30.856966128486,0,37.2990299028675,1,28.0014423042819,1,27.2609481753619,1,30.4154995733448,1,34.6403424922311,1,33.7900306556312,1,20.2193598111878,0,28.7584303412897,0,30.7736490172213,1,27.2745225568452,1,26.8674558424642,1,28.8503003781455
1,49.9943280028834,1,46.4136231020909,1,38.416126167424,1,45.0688520232914,1,27.1375714975056,1,39.9390579357701,1,28.6492733535493,1,42.9017810934042,1,34.8625796421756,0,33.7609755857974,1,23.5162930164041,1,55.4933051244491,1,30.2283958074297,1,45.6083731548563,1,37.8675943282489,1,31.2240333605878,0,37.0070666306443,1,29.0396828955869,1,31.4100111298244,1,29.1132992672205
1,51.2076041587036,1,33.304233038167,1,38.673780794332,1,32.7761265092986,1,33.5430182222027,1,26.8965156206266,1,19.7426757984041,1,29.2438496113253,1,40.7182888310085,1,19.2797224276449,1,43.6802158502571,1,25.4143080857389,1,28.6315577558803,1,28.3405347972981,0,24.153092382338,1,25.9922077208687,1,36.556096796611,1,35.551192444338,1,33.3563315474674,1,29.8528431072981
1,50.0709681459508,1,29.7101179823875,1,23.3204288778896,1,19.641420819201,0,27.7434867290095,1,26.1392116215779,1,34.846368680603,1,19.6348917432669,1,18.857760529997,1,27.0217612317862,1,20.3380577465948,1,19.7415769773696,1,23.8761710032331,1,21.0498076332647,1,20.7686884296638,1,21.2508494158929,1,19.5257451514516,1,19.5189785044454,1,28.5052117602715,0,21.141560225992
1,51.2974429001837,1,25.7477320487167,1,31.6797105644711,1,23.9814050228303,1,24.9327234508577,1,20.8512035906326,1,32.6599523175487,0,31.9132545370215,1,22.0521811884862,1,29.3715083956794,1,25.5879780201,1,27.3776952523175,1,33.160957407403,1,22.8967663982181,1,40.9024775214491,0,35.2006617112631,1,36.466172224912,1,25.7191683442873,1,29.6089341188592,1,38.4952390952594
1,36.1120638131524,1,39.9369606491755,1,35.8067122255915,1,20.061631356182,1,21.2660392276263,1,48.7186348220919,1,31.2348502883881,1,30.1762746079782,1,29.7843354931035,1,23.1837182809467,1,37.4238682168181,1,44.0041813755638,1,31.3091613646411,1,25.863953045824,1,29.3778368098534,1,52.7802122410239,1,28.9502465985696,1,28.6919579765677,1,35.6142842476823,1,27.3438453638422
1,41.7214657852985,1,27.9524572528257,1,50.1635895085805,1,30.7166563447813,1,18.782722741981,0,17.8626525605804,1,20.7728222194615,0,25.6762717175205,1,29.4200462822462,1,22.4538351796991,0,28.1916655092306,1,24.0697765675488,1,25.4242544334396,1,23.7455703805075,1,23.9725211442132,1,28.966749164895,1,32.5504555537051,1,36.6449252663838,1,30.8751683888673,1,24.7914585875576
1,54.5864727332109,1,26.512446521811,1,28.8519197679325,1,38.795914512081,1,20.3443296661257,1,29.4173647152654,1,24.349141429157,1,39.0140280478084,1,26.0288529344611,1,30.7120151586815,1,19.568822396357,1,32.5864782991519,1,30.0880551501037,1,20.2606361776031,1,37.5000847197004,1,20.5896017251509,1,38.5740168895504,1,30.2333529959872,1,32.565266938962,1,28.6724484035969
1,45.846300182282,1,47.1817267798272,1,49.9237959218336,1,53.5693432110219,1,32.6538974501839,1,28.0393361106984,1,19.7825010058994,1,18.4977002887142,1,19.0723273683178,1,25.043797813908,1,21.5736879207456,1,22.3181458025484,1,23.7668045550189,1,20.1073574269128,1,25.892945050141,1,37.4547798718783,1,19.9000934575872,1,29.5593538885257,1,56.1162316444173,1,34.5077834816055
1,69.7120621678835,1,20.6032414261814,1,20.3178885047904,1,31.4525649986912,1,33.04805153719,1,22.439255884311,1,20.4971461452982,1,20.3147042644097,1,29.6114976628642,1,20.613323536844,1,42.9631064361355,1,20.0027384581402,1,31.3428182268602,1,35.2650264407546,1,50.6460310447353,1,29.3815601927443,1,26.9533474611571,1,20.7789922198514,0,30.6183202127001,1,20.6171279286526
1,51.9561139231369,1,37.6485868640825,1,28.2034264896064,0,18.8933624255785,1,25.0668034602661,1,25.7913768822967,1,17.242798862033,1,37.4286151453945,1,26.1714964210213,1,31.7651737934216,0,26.1984856174964,1,31.4577198910554,1,20.2652541197345,1,31.2850857877615,1,19.1203676145077,0,26.0280812827284,1,30.860967323892,1,32.4147430403382,1,25.1110238410145,1,42.3194007335743
1,59.7190157347066,1,39.1708830895135,1,25.0176961271844,0,26.6614068518797,1,24.2891932261003,1,41.0666593747192,1,30.8244321537684,1,29.4177913521769,1,24.2140205544468,1,20.7350146045285,1,20.4044854317542,1,21.3924768829767,1,28.5068155406557,1,32.8163794520055,1,26.7029522819182,0,21.3727046492347,0,23.1754032480881,1,32.8637287405347,1,28.1875968022519,1,28.7627898665615
1,43.1855434348191,1,43.8422660712291,1,17.6330194964533,0,21.1322647454883,1,33.1680633251375,0,28.1800471238391,0,21.2908075948731,1,38.5812512496947,1,33.3397403742654,0,32.0838671501042,1,31.2420456998365,1,20.9425819811018,1,23.4035623580116,1,29.4181643450884,1,28.8593327926891,0,22.9060599957119,1,25.6573093407,1,33.4283076766034,1,39.9410830738243,1,21.8936623269568
1,34.4460623750491,0,20.1103844063913,1,22.7375964898802,1,30.6025817440278,1,46.2812168048568,1,33.5609178786369,1,37.061087639402,1,22.2128848929084,1,22.4101822096536,1,23.1649173739115,1,24.7356794378325,1,29.849198645408,1,32.5403951133429,1,19.4609368226953,1,20.6425959408157,1,23.9545755512746,1,33.366684023832,1,23.8524620972654,1,22.5960933180442,1,38.128025523561
1,51.0418372874192,1,24.544269259276,1,25.5602626258123,1,28.7003465776396,0,19.542209448998,0,20.112450000288,1,31.5180573334748,1,20.227912227104,1,33.2492714391774,1,18.3887289295225,1,17.3293265252093,0,17.6160502968921,0,18.4934869283162,1,18.5195015905404,1,18.4782407804521,1,43.2172132852897,1,20.3317042073528,1,19.3341772523886,1,32.7800766255267,1,18.8518808449751
1,29.2042002770143,1,29.4772013525154,1,29.2485949368105,1,24.1993086791835,1,36.214554666859,0,29.0374875978837,1,27.2466931253716,1,23.5311009736811,1,35.5267791460895,1,32.3194753562366,1,27.0449503522922,1,25.105495369417,1,27.2309228203186,1,26.7554727502146,1,21.3018404497912,1,21.8968326830825,0,27.8877454875424,1,30.7703109215641,0,40.0841244417002,0,24.114791755634
1,40.5477976524478,1,49.7810595622818,1,27.1311881752691,0,38.9665642206585,0,42.4167615994106,1,18.7975240794603,1,29.8015545718725,1,21.5237390401674,1,31.7456604430199,1,31.788335522688,1,33.5556315466333,1,26.6722602323423,1,25.763180023665,1,29.2713892292036,1,36.6236981375192,1,29.0857053544386,1,46.4501051746037,1,29.4762841626979,1,32.2051156574572,1,25.6449287980197
1,44.3198436335929,1,46.2511594966386,1,34.0508401557647,1,30.1646760580005,1,25.7347668824176,1,28.860962118928,1,36.9098124479679,1,21.0597397453165,1,20.9373954834467,1,28.3974644473547,1,17.4805554325743,0,19.4801382523591,1,17.6737071237943,0,31.4098533089091,1,18.1353805446351,1,30.6767209858676,1,25.6437331809314,1,28.6253870410192,1,19.5083258192786,1,28.0634485118896
1,31.9286749938528,1,22.26513609716,1,25.802809245345,1,35.3297485879827,1,26.8664542684569,1,25.8204367477888,1,16.2267656591493,1,26.8183445977779,1,19.8587827905833,1,19.7360194914129,1,20.8818025288719,1,35.7182119542965,1,20.7115258309432,1,27.9868272307651,1,20.4899146423355,1,29.5245880501731,1,20.0578711205715,1,27.7212273304225,1,21.719033056826,1,28.658516782047
1,38.8082352920274,0,35.1418881088484,1,36.8648652337116,1,21.0512039961694,1,23.9863568417911,1,39.4736284434264,1,31.5875483062637,1,31.8200317791887,1,21.4274058726358,1,34.069152628643,1,41.7170754357922,1,21.4413524937937,1,23.7328281757228,1,21.1317937047765,1,31.6808076243395,1,21.1672060962385,1,28.1848105697216,1,19.9325096638564,1,32.1233191652371,1,32.3266190453229
1,58.9268393738293,1,42.8469622589299,1,24.049206063932,1,40.1229696589971,1,31.7577971259512,1,18.6830373546346,1,37.3610607959203,1,38.7867772323658,1,19.880342927874,1,26.1317709999561,1,35.3774573492525,1,27.3982589906151,0,20.1096044198878,1,18.2133237375905,1,27.7671208054374,1,20.4296835276618,0,28.5353543833176,1,38.8324394960177,1,19.4985984536323,1,23.0643086575267
1,46.8074081770553,1,40.3152419769048,1,29.7808606950125,1,27.6338236270177,1,21.3278696004111,1,21.2207605193677,0,22.4410812105774,1,40.9657610678302,1,22.9228522476347,1,18.9766102275656,1,39.7079661395769,1,26.1531571370721,1,33.3289015618357,1,18.2914256486464,1,21.0446773174386,1,31.7763177535569,0,18.3311696958596,1,20.4528014540961,0,39.7154649292838,1,18.1970967747236
1,46.5472774122447,1,33.4393884537303,1,31.4055806000629,1,27.000604774473,1,20.0602662187515,1,31.0539538694861,0,20.4724922331916,1,25.0716747591625,1,24.8518346580904,1,27.7706359487204,1,32.3126985640764,1,22.546504858442,1,26.8505303890265,1,21.356179767127,1,27.5200518058116,1,26.532029407064,1,32.8419627677568,1,28.0076358784427,0,32.6393961654211,1,29.3993686044035
1,41.8286077930276,1,30.1899041532162,1,30.6599629093245,0,28.1615613824209,1,19.7384543601489,1,23.2545906907213,1,21.6649556797973,1,29.8417882339356,1,20.381004087958,1,31.7550829478831,1,29.5853812792158,1,18.9471076151054,1,21.0772666939251,1,29.1832021761705,1,23.4748512897886,1,19.9091581954924,1,18.17937633417,0,17.7457927986323,1,24.419946113923,1,18.6418386850777
1,33.4051519939556,1,30.2144425738978,0,21.1308484790132,0,28.3695799523448,1,28.54764235489,1,24.8420180614353,1,28.3219783649603,1,21.1428582808899,1,33.6520001663922,1,34.6326827986217,1,21.2918074088394,0,20.9167260927935,1,30.9660485091653,1,19.5439032665737,1,20.7433497757402,1,20.1230405841278,1,22.7304444389705,1,32.3607159907307,0,17.9036813604563,0,19.8934951125618
1,48.6558423216162,0,35.5189074575386,1,44.7369256777786,1,33.7971310758027,0,35.3642320245384,1,22.0654510553973,1,26.3716719318863,1,32.6868127105204,1,30.072507633829,0,30.0968899110631,1,28.6465954285747,1,19.869753458413,1,28.7824471420655,1,23.9555927630688,0,26.6178265325693,1,29.6581424332308,0,34.8228026071299,1,29.3011116540813,1,26.63211916712,1,24.5733978085036
1,46.6219970191653,1,35.6314066444691,1,35.4195895515827,0,24.7484815949041,1,38.8220743894123,1,19.9100384112932,0,20.4280582815606,0,24.6544436472467,1,27.5206986135245,1,33.8657246825778,1,31.647069169661,1,19.164466649904,1,19.9749637827212,0,20.5771399204278,1,18.434249304104,0,26.6954741131201,1,19.42861456667,1,19.3809726679719,1,25.4342781037825,1,17.0905351474808
1,53.965447086971,1,37.3447581870748,1,32.7426326239561,1,34.1783579434288,1,24.3786908258165,1,17.9287035539455,1,26.1536800746163,1,20.844871493988,1,26.7886677197507,1,33.5547806660808,0,27.5195068784579,1,32.5050167981965,1,28.216801619061,1,32.872186406639,1,23.8225616036656,1,30.7040050995097,1,21.1947854154812,1,31.5545079916524,1,20.8453350799431,1,40.8761497386494
1,51.1035011219312,0,25.6857923088101,1,30.6599740548988,0,40.7502983450719,1,32.6008897454592,1,32.0915774830756,1,30.4721325593126,1,18.8551316938432,1,27.0266267612262,1,26.8943600237079,1,21.0021415833315,0,20.4969530444578,1,32.2315614131946,1,24.432134340303,0,24.1975186021045,1,21.7327242215493,1,25.7873421233384,1,32.9221300225086,1,26.4252282660296,1,38.3295283651629
1,45.5261561241517,1,52.9342620200087,1,20.6457836977109,1,41.3016833498339,1,34.4134973179488,1,22.4473590598448,1,39.0093908869325,1,45.9854298085987,1,38.0776032474879,1,18.7943398252653,1,28.96330941864,1,21.9423244544296,1,25.8623832049398,1,26.1585841663058,1,30.2908455010752,1,25.2592528356634,1,41.0664536970386,1,44.2340684136168,1,21.6009954498513,1,25.2259529123765
1,46.8628643524834,1,42.0727318468764,1,42.9324964126305,1,34.0477907222189,1,26.8353601005969,1,36.0911929245293,0,24.8871688611003,1,23.4014410172189,1,63.9642490263736,1,27.9245823747103,1,20.2033817695489,1,22.1672486943862,1,31.9707142166833,0,19.5166326238994,1,22.3366285903928,0,36.4778837889143,1,53.5602304765827,1,39.5981905195568,0,21.349654862308,1,58.844064916981
1,38.6998442345993,1,25.4512910935509,1,46.8657193553512,0,40.8728447753479,1,27.9578524941763,1,29.2067246507556,1,31.1245182454173,0,29.4373004419856,1,29.8696733454715,1,34.1201461878083,1,29.7119383924313,0,23.1172524186005,1,32.0914511503026,1,38.4285155447738,1,30.9310274983273,1,21.2663333854182,1,36.3366415489466,1,29.5963406016956,0,27.2328238611453,1,25.3815454109958
0,43.8127624804397,1,36.4019638632168,1,18.8726486555642,1,34.176705670075,1,32.3490748453259,1,22.6748840248253,1,31.5987219247129,0,20.8009632082768,1,27.5364216394555,1,34.2447245863251,1,18.1446596000245,1,32.9401161575089,1,20.3932767059264,1,19.5116797126995,1,19.1025874110908,1,21.5873804029081,1,18.5816459176774,1,36.3304507437747,1,18.5512006520637,1,20.7559557344485
1,36.1978852915264,1,31.0245430789012,1,29.415013143157,1,20.0994684088143,1,24.7675823079306,1,21.5263686889977,0,20.7409583146855,1,26.2466484354172,1,21.7601943667691,1,20.4220887988577,1,28.2088395798564,1,28.8233983776015,1,19.5171657111562,1,29.6690684068774,1,33.0811197464971,1,25.0947863305945,1,22.9324802882217,1,19.4162113869288,1,32.9098571532227,1,38.9360792750974
1,42.0581845253052,1,28.2916967148726,1,33.9526537791159,1,31.6590965917876,1,18.2901347017048,1,26.009705671451,1,33.493224206695,1,20.5789663306744,1,19.9661701453929,1,28.5401723828798,1,18.9972028392483,1,20.0241317740142,1,26.2528522339728,1,27.2146420024745,1,25.6132415841839,1,32.7496553815526,1,20.1183556017435,1,24.8044186776527,1,34.8046870953068,1,40.7630572905361
1,38.0572958417782,1,50.9502710259401,1,25.0289187231944,0,22.6428812709567,1,18.4312815948233,1,18.8355063118796,1,19.3130479805626,0,18.8071403152006,1,28.6992730064032,1,20.7873262367871,1,19.8358092833768,1,26.8917279411108,1,30.5007157269953,1,30.003526067506,1,20.9413837855236,1,22.0183850527499,1,31.1300888883684,1,28.8788038568111,0,20.370507596035,1,23.6530102204101
1,51.5969255104492,1,28.9649987599174,1,37.4587730495033,1,30.8719771724539,0,21.2391198002816,0,21.1426958985798,1,20.4927544392504,1,24.0083600009262,1,35.7355885292691,1,21.7862147560063,0,28.4186876331064,1,21.1675106692684,1,21.9944468934402,1,23.8800268129651,1,19.8275796213805,1,30.3848448494034,1,18.5699860623008,0,20.9071643955734,1,25.6680664356543,0,28.7627398869077
1,80.0176328132791,1,48.1038517097117,0,42.8116167598936,1,30.4530410630313,1,32.942210076327,1,47.3590708344296,1,18.8089753790025,1,21.7537717918533,1,21.1797096605719,1,32.4551311667525,1,35.2302349142061,1,22.0162343112265,1,23.8845529715434,1,19.5996402996774,1,27.7047046915231,1,27.3651919419477,1,33.0951785450035,1,27.5566015049251,1,20.9225402298347,1,45.9926325238529
1,40.9139919313681,1,35.5322379434354,1,22.0833608566014,1,21.7452210127669,1,30.0887420779041,1,30.7068659117266,1,23.1176467724605,1,20.6663695799155,1,29.67724161178,1,24.7449667619731,1,22.2852376973237,0,20.1088848593425,1,21.6762560306987,1,22.1113214815336,1,27.4477298818435,1,27.3278018368781,1,25.7202905673734,1,27.6292334044353,1,18.7986589839383,0,29.4904642546539
1,38.1856532873305,1,33.4330354902312,0,28.0755302178944,0,25.3734569794951,1,37.8508482423407,1,25.4048678939756,1,24.383428694084,0,27.3048321604686,1,20.5404130368828,1,28.4384002330199,1,36.4979005603206,1,29.3380106609383,1,32.3462397047792,1,38.536651021247,1,20.003374098493,1,28.1093180544096,1,31.9670955011919,1,28.3230679297796,1,28.775290956597,1,29.7633959086204
1,32.1311725294951,1,48.5432080534708,1,22.5927910931965,1,27.9601889127467,0,19.6545275569728,1,26.1278451082557,1,28.100101056493,1,33.1563655224209,1,34.095971103254,1,31.7401393548682,1,39.3334383102712,1,37.4266501609733,1,33.0214063396402,1,29.7734445625028,1,41.0172985578251,1,32.2678270580894,1,22.8834398055794,1,32.4557121399374,1,32.3466835727564,1,26.5528346125237
1,37.1684441294005,1,31.9331337501555,1,26.8762880592124,1,25.3171368118714,1,32.1352047280797,1,34.7361332833239,1,46.1411961530565,1,29.2150445937763,1,20.2137180341452,1,26.9448880299451,1,33.0218743506948,1,29.4482837932338,0,34.2561147432309,1,32.2625847446897,1,21.0513022603608,0,29.9191256326413,1,20.6085858012939,1,40.0250557977205,1,29.0440978932852,1,24.1262737873524
1,41.6168247599391,1,33.4275216127168,1,33.9132171153777,0,29.9823704924809,1,26.3726483611257,1,28.2768363967364,0,32.4076336466083,1,23.4910814323306,1,41.2454110214398,1,21.8119550866403,1,19.5552062045084,0,32.9016599346183,0,31.1311415739491,1,27.0235083086181,1,38.3025452838607,1,31.2471282239768,1,30.8523843893191,1,28.2776119632065,1,23.9582937453865,0,38.5506653053044
1,53.6485522165102,1,27.6223942970926,1,20.6759347406123,1,28.7872760555046,1,27.7185383256055,1,33.0612467114768,1,30.4135294829184,1,34.5487187324177,1,30.0118257417554,1,28.2153162492167,1,31.3317722003899,1,46.5987800165192,1,25.3561010547017,1,36.8196148000475,1,19.7455562818221,1,20.9309535721957,1,27.681297524176,0,22.4819919474538,1,38.4262533407275,1,28.2745099639131
1,53.5182516395845,1,50.8664638429299,1,27.3891902776665,1,39.1514771458678,1,36.3886392047089,1,19.5996494680106,1,21.9985466345503,0,21.8981195746399,1,25.5762186121065,1,25.2978373204257,1,21.3139505287891,1,21.4296077678853,1,23.5432983544802,1,21.443633693605,1,24.9919869471596,1,23.5706563997152,1,20.0995032219477,1,19.0495722347795,1,17.0265869420543,1,41.8238111211539
0,48.0696390551152,1,41.7003950809091,1,29.3022236952311,1,25.2943386543026,1,33.416520783983,1,20.4492507687809,1,28.115690995197,1,27.1601773331523,1,25.1389542586006,1,23.8739169652539,0,35.9458684968128,1,27.397385806492,1,31.6205548054674,1,28.0005011586816,1,24.747805516556,1,30.8962076455163,1,29.7021903542258,1,30.6692381013747,1,29.1389870171732,1,38.4534607726278
1,47.6899892165388,1,33.7599213710109,0,54.4956699313939,1,19.4806552366843,1,35.9261215502054,1,24.8300955895125,0,36.4010680304978,1,42.2208318235144,1,22.0457773706954,1,39.255200972853,1,21.6157633167614,1,42.5944233539482,1,26.2917944653495,1,25.8864444622778,1,30.3799202316304,0,32.3121979854934,1,21.1310087968007,1,26.2574191382628,1,33.2632144027421,1,24.1757257614405
1,47.1865262382103,1,45.4975424018435,1,22.7837951410415,0,22.2149494612501,0,22.2323659903433,0,18.6760779200174,1,35.7650141752851,1,27.9584661059071,1,34.1264895745048,1,21.0506147565539,1,29.8685024785313,1,20.6884822990573,1,32.086803614003,1,33.748759641581,1,28.7715074070643,1,20.9669658152381,1,21.4279606011738,1,31.414665062141,1,29.7752033296595,1,22.5475540116336
1,46.8261786018453,1,27.5687509512591,1,29.8327808943879,1,44.5553701162647,1,19.9577471470458,1,22.9214183512638,1,18.2454226183792,1,31.8863976334795,1,36.3259354581285,1,33.055152414909,1,23.4651487271394,0,21.7426122974607,1,28.7684074561855,1,20.2982600842659,1,20.126942604455,1,20.0164322620154,1,18.5121067900594,1,19.9840426016546,0,22.2299347074791,1,27.2081230949633
1,46.8868892531413,1,20.1176661692304,0,22.7316032112541,1,22.9418316310508,1,23.6939419726076,1,19.4169516978562,1,23.194092330827,1,25.2139918066324,1,21.3565388741475,1,26.6869881941177,1,31.2888419271233,1,29.0046065919034,1,30.3829458109545,1,30.078364049256,1,35.9308558101642,0,23.9618175839775,1,19.8186185266582,1,33.1462224509188,1,20.6594022679958,1,34.6714315823904
1,42.3338840960803,1,32.2586947724807,0,15.9765901544326,1,23.1079016215756,1,35.1514271524118,1,18.1902608495633,1,39.3648265315347,1,19.8513842983338,1,19.5741760454389,1,41.3192672612371,1,40.5869606829965,1,46.0685697221301,0,44.0404684796558,1,34.0314072328254,1,31.5740979505224,1,40.4445960324601,1,28.9045261335556,1,27.509967546956,0,29.5244858558877,1,29.9439602716475
1,44.2679014362517,1,23.9074374128886,0,23.8968282420877,1,25.3725088330105,1,18.4008917086171,0,24.563951201754,1,34.3713881327262,1,19.4254756910051,1,22.4415170058299,1,19.3661916837478,1,18.2623326371907,1,20.2228165425001,1,37.7189244403508,1,22.399703188029,1,30.9110340363253,1,46.956315670375,1,27.9235182360615,1,22.0860252610147,1,29.5771885811499,1,22.2270411428406
1,33.0420275759108,1,30.0477239657672,1,22.2075723886525,0,19.2307114279698,1,31.6962073851218,1,34.083805266932,0,21.6215351059981,1,29.0316936854792,1,32.492870570329,1,17.6815279765106,1,17.0756169956901,1,18.8475128543016,1,31.4268564560234,1,25.5984051399186,1,35.3982717120508,1,39.6218662747008,1,38.0546261684115,1,26.4778949962128,1,30.1494346020323,1,30.8253005971833
1,71.6151632866274,1,34.4112827825536,1,28.4329656615896,1,39.2672357780805,1,22.134959465001,1,25.0306646464917,1,31.6324956380837,1,27.4980982142753,1,32.7457037407417,1,26.2774580923722,1,23.6909747040825,1,21.1936003121668,1,37.8375931783306,1,28.6924504998289,1,25.9391047407996,1,19.0543749102097,1,22.0796145809453,1,22.1437828515788,1,29.3177152468309,1,31.6200480334833
1,47.351693208814,1,29.862685313078,1,23.4302225015246,0,31.2711018905553,1,39.523614951356,1,28.8890611415253,1,26.7600901301687,1,27.7670170540835,1,27.3738523694015,1,30.8499011905109,1,34.8682720565587,1,40.2206256761117,1,29.2590421169692,1,21.5148046059038,1,46.2944447549662,1,31.296632237128,1,42.4137452537522,1,28.3032579659088,1,27.6036293967677,0,19.6822277678897
1,51.8183111485354,1,19.2977299424356,1,33.6177220396708,1,42.6217047271117,0,20.5773646114121,1,30.7324145208477,1,25.2415687437604,1,30.975268748472,1,35.2822891856299,1,29.2089687929601,1,35.8764255362387,1,18.5837478069797,1,20.3024624196354,1,20.6338575293448,1,21.3546860348883,0,20.1426308955013,1,19.4864711733437,1,26.8779546211519,1,37.2302759718258,1,22.4118549848182
1,33.3473592277521,1,33.3653697552387,1,38.7308191691762,1,33.8739322747252,1,29.1194705761975,1,20.3864290935795,1,16.762030069191,1,19.2806432974728,1,28.2345105365755,1,20.3194657497765,0,18.1029161748356,1,18.753775849675,1,19.8461001994085,0,19.3433858148359,1,22.2291238355808,0,30.0768763932745,1,26.5263841714857,1,31.0897687560453,1,19.7586996473338,1,25.5163193001482
1,45.2230976429165,0,35.7655292719775,1,32.3043742990674,1,20.399817056132,1,28.717676238064,1,18.6349334518715,1,28.3158879317447,1,19.8878042049145,1,37.1956311881101,1,19.1613249622474,0,20.3763718129694,1,51.9761857611827,1,49.7165375821199,1,27.1211258201225,1,36.8781048795473,1,49.7265835216361,1,28.5738795664046,1,42.1250386961325,1,23.0986290819601,1,30.4226753762789
1,61.2580427865914,1,42.2957236761569,1,24.8884009857399,1,27.4416916395715,0,20.0234346572287,1,17.3764428047126,1,29.1910354842755,1,21.8892732517584,1,30.4408219341964,1,39.9238772390751,0,29.6746547045236,1,24.5209956788369,1,29.2997446503202,1,27.0400138779422,1,21.3818575478402,1,29.51458923089,1,36.5410344394577,1,32.641146949524,1,22.1921773731616,1,18.6698888753313
0,50.4309551510449,1,28.4654224062682,1,27.2809609371799,0,47.8400938455442,1,38.9855137894014,1,18.9434486607816,1,38.670438776661,1,19.0812613951957,1,25.9051066319313,1,19.142539141317,1,20.0380778011828,1,28.9857002871017,1,29.8443342875653,1,26.1331203515961,1,22.7393127388654,0,25.7216868699264,1,33.5003014961185,1,41.344584064639,0,31.4819196962222,1,48.3696552275766
1,36.3291434744751,1,46.065975251352,1,22.1798874524033,1,33.576422693668,1,19.4175359549355,1,19.3718531759238,1,25.1422053399857,1,26.8193702523397,1,35.3498931265021,1,19.1299153183274,1,30.3821140672803,1,30.0701256576584,1,35.8254164415181,1,24.4316942822907,1,27.8807004084705,1,28.6543163895686,1,26.6003868050263,1,37.9405891555008,1,29.6896100779221,1,30.9750790979574
1,51.9791536774533,1,62.8962216475082,1,25.4694706504583,1,34.872748897575,0,23.4801513107499,1,21.1152959184854,1,27.1079910457877,1,27.2144160330011,1,22.9327455360739,1,38.2159973654797,1,28.411461137579,1,27.8137630017777,0,29.0418459901286,1,33.3349036820686,1,33.2117993636789,1,38.8409235339291,1,34.0958637976491,1,30.7469653923526,0,30.8948179295058,1,30.5024068838887
1,49.6313739792692,1,28.463687590049,1,39.9233539820405,1,27.164276782633,1,36.6985825303695,1,20.060235129741,0,29.6913767410306,0,30.3621937226144,0,29.9324624009314,1,28.2553279653312,1,21.6075888976277,1,32.5159982517939,1,20.47107449486,0,27.8496520628007,0,29.1603796750574,1,24.7564745008612,1,19.7202652217003,1,49.4379776794299,1,28.865211823358,1,31.8805531043508
1,42.0032694944511,1,38.8171669726628,1,35.4434138469436,1,32.8787826389592,1,32.9538896502305,1,27.2618079599853,0,30.7529002227202,1,28.2450677463865,1,39.6878231248679,1,33.389922945214,1,33.0490118636739,1,24.0015293416385,0,29.0194010109006,1,27.9561793652717,1,26.1579636955768,1,38.8910197778662,1,29.4008735415877,1,28.507762925449,1,39.7881535478215,1,39.2134618756918
1,27.1089978601341,1,26.8010241113826,1,18.7079106045086,0,26.4280889588234,1,30.6767652325701,1,21.7852071689776,1,25.6714898354502,0,17.7280815141119,1,29.0046809870065,1,38.2531928659279,1,31.5907100861565,0,30.4118260380514,1,25.6103493801892,1,29.6901406915223,1,22.8177510617364,1,23.5050878910716,1,33.0114505245619,1,20.4974845238013,1,32.5951258401349,1,32.2513344548857
1,30.7101867893202,1,35.549024305356,1,26.8739944967081,1,28.0591256091491,1,24.8077800161238,1,30.3883232669945,1,42.6488627890889,1,34.3865372787607,1,27.2055456805976,0,31.1683440156841,1,32.1777533128434,1,26.5180870652446,1,31.4247243807173,1,51.6537803541112,1,23.4627607452771,1,39.3499568972945,1,28.9312863439881,1,23.3571162736418,1,42.1470382685866,1,38.781176883426
1,38.875834735082,1,29.7441167019697,1,41.5469440422666,1,25.377242094992,1,26.5049161825594,1,28.664733076747,1,25.8460341173698,1,22.3662503174279,1,28.3209675370304,1,39.8082029815476,1,29.6593336548975,0,37.8978503879589,1,32.484186890594,1,40.1191600910579,1,28.7587609031653,1,29.8330759001913,1,29.5320934290357,1,29.1915095127448,1,27.3661689786759,1,31.7625919884597
1,53.37534192518,1,53.1509374943607,0,30.3578404304916,1,24.6100802447251,1,18.4855963976809,1,28.8505016833225,1,32.1189092071423,1,20.9075989325405,1,19.654852131837,1,18.9532702191846,1,25.6939129101267,1,40.3270518313186,1,29.2235130895011,1,30.1965319604276,1,25.5644596516095,1,22.1481802420016,1,28.5227719984354,1,37.1575537764762,1,20.2579822835911,1,20.3560285868919
1,33.6877510535198,1,26.5361875565475,1,30.1124857108987,1,27.830522400401,0,22.4073157175982,1,27.8727049464039,1,29.075630817956,1,17.718905391352,1,26.0595566251173,1,21.7451307467298,1,21.0051696747839,1,19.0717713242157,1,28.5117351909299,1,30.2104412881958,1,28.9175566533406,1,27.5818015596391,1,19.9350356828058,0,31.3961075979137,1,22.1509358031694,1,30.7514962430132
1,39.7384289242899,1,63.2549868706436,1,37.868152241845,1,22.6444916012432,1,34.7399567668419,1,19.2020518505798,0,41.114809361012,0,36.6228441127253,1,41.6257279993067,1,41.1774709770064,1,27.5312431455782,1,29.5722360190436,0,36.8578474226708,1,22.8006645098366,0,22.4653890612556,1,36.3478476598799,1,29.1276249232292,1,33.9579799089903,1,25.1426016405446,1,30.2868603696268
1,42.1925114982048,1,39.6704183979262,1,24.9329866849228,1,29.272527545857,1,22.5400845546762,1,24.4654601775362,1,26.8148225549154,0,26.0915950357519,1,31.7278690883885,1,19.7490367661967,1,18.305274277339,0,17.7739995502981,1,19.9267222474749,1,17.1160401260662,1,29.4039993841754,1,19.9210707588757,1,29.3768639482673,1,31.9367875600049,1,22.654039732401,1,21.1803812657025
1,41.0601225984595,1,25.9999609458119,1,26.2473448380229,0,20.725198535694,1,48.6499916333275,1,22.1786883201582,1,20.8353450208878,1,38.7410309017151,1,21.0441513289801,1,33.6393609343072,1,26.5533850388356,1,29.9812549368529,1,24.2311566440897,1,40.6616071657961,1,21.8573378265036,1,29.6509209073866,1,31.7065287508679,1,31.3014579885288,1,28.9621018401753,1,21.701403103035
1,52.006252216824,1,31.7457047276821,1,22.8469796887171,1,42.5840542725137,1,26.5637876215101,1,41.5193973602513,1,23.5238196454841,0,34.1787485317285,1,28.1823338143863,1,24.6091769306884,1,29.4460126160437,1,44.0220793062776,1,26.4956558528963,1,41.7803508638628,1,31.4875711657149,1,32.2409719545584,1,22.4413988796477,1,21.0729792521027,1,36.1280648145475,1,32.5547542089214
1,43.9250467827815,1,26.9492504708746,1,28.3927719210911,1,24.3067878901927,1,19.7000050105277,1,24.1815269592846,1,24.2916169175363,1,28.5529686837217,1,30.61053578254,1,19.9587729127845,1,42.7120475626187,0,33.9976509780144,1,23.7507101809893,1,29.1319911222969,1,19.4728653727242,1,21.9584521006521,0,41.1174508001,1,30.8980929754637,1,31.9429262094172,1,28.1021750304736
1,47.3570734028921,1,38.0388664081184,0,28.3478718169544,1,30.6289199244668,0,28.1975532956261,1,36.4530411338246,0,29.0530825612831,1,32.3854070261957,1,28.9658064281763,1,22.4496797717822,1,28.5451205463419,0,29.7959548461877,1,27.5104284117353,1,22.3337111576283,0,31.6660212408245,1,35.6541136668497,1,23.7673212688,1,35.204890836346,1,23.821424052446,1,19.8189308880957
1,48.7266416315048,1,17.9201853624639,0,28.4553303217961,1,21.4760637739846,1,17.6454047966165,1,37.6967694002684,1,31.4538721372975,1,20.0744758390568,1,23.5967133359894,1,22.57377508265,1,17.979937193629,1,22.3803659815668,1,19.113101203271,1,38.5309581963111,1,20.9734359675691,1,19.582923842769,1,36.5575148186341,1,19.6731804670881,1,30.6871051785608,0,41.5003035777373
1,48.778709174011,1,24.6864645486269,1,29.730215296903,1,27.3650997601685,1,35.3320873446362,1,33.7557166741874,1,17.7945075546759,1,19.3218437905524,1,27.2532093478039,1,23.7270444248366,1,19.4730598279196,1,20.5654683654578,1,36.3165167668494,0,21.4167007073013,0,30.3071692626532,1,20.6188832664754,1,38.333630192343,1,29.4703538643953,0,36.7535384446592,1,30.5462637073548
1,50.9491012252266,1,45.6510078436972,1,19.3705884426428,1,31.2268716584746,1,32.9099831040896,0,35.091022446794,1,28.9974558369748,1,32.6868486002395,1,29.5672789812135,1,34.8064462960793,1,30.3572087860415,1,32.7841963149798,1,42.2078026107351,1,30.9970122747686,1,33.1669720419828,1,25.4043793312047,0,26.7152621543769,0,24.119598487838,1,27.4226571497815,0,26.8018964264097
1,54.9846060949528,1,46.3871753656804,1,33.4228877121427,1,24.9102887227645,1,37.0681069140955,1,28.334943696883,1,30.5774094497945,0,28.0309158883269,0,37.8320913832247,1,29.9468588892649,1,28.815053542386,1,27.5699972620846,1,23.6473599144268,1,21.925202369005,1,19.2054659789655,1,33.5676997679135,1,20.3320577327879,1,28.6566281327407,1,22.1339758838274,1,19.7571026373092
1,42.7539636168715,1,42.2974838440644,1,42.1201821628778,1,29.0624907488073,1,33.5167299263481,1,32.3823523100542,1,28.9959708472823,1,33.8920590758992,1,27.7059273215434,1,28.4894123916762,1,20.0465151853995,1,20.5117029698773,1,20.4875787444801,1,35.9251513863332,1,32.0639819757225,0,37.6712421638968,1,34.6614237009513,1,18.4098260366402,1,43.9064049617312,1,34.4944516446131
1,36.3636851872198,1,40.7012781769808,1,28.5315765733453,1,15.3673357320948,0,36.9624256949588,1,21.3333779189473,1,27.7231537074904,1,17.8234841359509,1,27.7195052535473,1,34.8668417350372,1,20.0915868594793,1,29.7586787940111,1,25.2596284329092,1,41.7617518848549,1,37.6535030192541,1,36.4028543395181,1,33.9936250006444,1,30.7216394601102,1,30.6662760439787,1,29.7785792979206
1,54.4816201726511,1,34.4122400670816,1,30.6180197232427,1,26.4041507603596,1,29.2730380506169,1,26.8927289110657,1,26.9026158251947,1,21.393795785825,1,29.040197306247,1,31.3546191040085,1,27.731269217864,1,28.8651030003204,1,27.1923048876102,1,36.7797697624471,1,27.0759554036465,1,29.5239889475492,1,37.0875643589031,1,28.8919038035879,1,25.6424179219006,0,26.9957589013487
1,70.478750059611,1,32.1105095549606,1,20.2363842761375,1,22.0610462600261,0,31.7580982110717,1,28.3882335300577,0,25.4867029167638,0,39.9053414575747,1,36.1458989928777,1,31.7828107123384,1,32.3082221691834,1,30.5491648564345,1,29.171484911669,0,31.1130469312726,1,31.7056909561653,1,29.5456647940299,1,27.3733142835066,1,34.9741334586056,0,40.4754365386868,1,30.3199664062693
1,39.8399603564276,1,38.6601538704951,1,30.1746692421227,1,18.0042657205421,1,20.6327546358776,1,32.0999040428116,0,19.5585715133601,1,42.5815182411069,1,21.0566539962953,0,30.7261599353171,1,19.9337235114148,0,26.7297483541686,1,19.3901011466407,1,30.6229583407741,0,42.8088928204994,1,31.5488595000957,1,26.3524582578643,1,46.6299088954931,1,31.4865476988799,1,31.7323790352376
1,37.2476673135257,1,30.5032858406277,1,20.2763300810146,1,27.0100818903111,1,36.2533770538297,1,27.148034642037,1,36.5834886347138,1,50.5845442934751,1,26.2032740709062,1,26.9572064912861,1,38.2478925643447,1,30.8982878453411,1,35.3750051477531,1,31.2501478212857,1,39.3635146158062,1,23.9505501201512,1,30.524730587161,1,26.6154498971235,1,33.6771144397492,1,33.1402272788098
1,36.1871685786468,0,39.153172247106,1,28.7938885078364,1,25.8778409252141,1,27.0109732273247,0,30.597253003731,1,28.6038576834514,1,29.3241145238303,0,31.3399264417886,1,21.6279702595746,1,19.7867069196201,1,20.6079900628439,1,21.8356649317343,1,25.7008221335451,1,20.9695904067963,1,43.2185438151868,1,20.0460231970051,1,28.3422935191439,1,34.0692323977606,1,26.4720494371656
1,37.4163951947844,1,32.4780683784966,0,27.2871619921339,0,32.4198526671834,1,26.0019214284643,1,20.2435114422004,1,27.8541551075341,1,28.8758846065612,1,23.1474269489743,1,33.9085482981544,1,33.4289939787294,1,43.4846876192157,1,19.8654779400098,1,27.4277299911327,1,21.5139042305359,1,28.1201089908717,1,19.0736260531617,1,21.3691751635321,1,36.8874688652446,1,21.0547350785169
1,47.77160865258,1,41.4336569800613,1,29.0384603612632,1,29.3148306932439,1,25.7971296018099,1,35.985269071656,1,28.4268655366388,1,25.3470223982515,1,20.3076897890102,1,20.590106464077,0,19.0504277330727,1,30.2792420534153,1,22.6743406782817,1,21.3832189011547,1,28.7129020903581,1,18.9216546275637,1,29.856899068616,0,26.6530013077724,1,23.3075841778284,0,20.4100364545771
1,58.7583742512907,1,30.5260152809655,1,21.1168571039054,1,18.4592054225489,1,28.6258439060273,1,22.1559385216977,1,29.4813550504616,1,28.5201728562668,1,18.2444292559582,1,19.5896410312872,1,19.4906956001732,1,49.7858563954444,1,33.0146098123329,1,39.1654495307575,1,40.4414764654017,1,25.9005823907569,1,32.3119360891074,1,27.7526818881717,1,26.6564373599151,1,39.6341594806178
1,66.1712256892712,1,52.5693022000618,1,47.0776308404239,1,29.5063990772205,1,37.9423419854488,1,36.595809776718,1,24.671682081899,1,28.0645133266836,1,23.9913713286466,1,34.2283274275537,1,19.2432036294282,1,28.7317895342488,1,28.3275060330412,1,25.352876649627,1,27.6044535030667,1,37.8946410455741,1,29.7895559757159,1,32.8274278894023,1,26.7692128591713,1,32.1518590855212
